g,i,hr,xland,p,y,xwater,omegaland,omegawater,omegasupply,omegalabor,theta,sigma,omegaland_init,omegasupply_init,omegalabor_init,omegawater_unit,mprof_init,f_adjustment,mprof,lambdaland,lambdacrop,rho,betaland,betawater,betasupply,betalabor,tau,gamma,delta,xlandcalib,xwatercalib,diffland,diffwater,percdiffland,percdiffwater,status,xratio_labor,xratio_supply,,pc,pimarginal
BANTA-CARBONA I.D.,Alfalfa,San Joaquin River,692.4817265,281,6.7,4.134965358,0.306290873,206.74826789999997,0.13122437452970753,0.081460253,1.86,0.17,739.7198673,484.1807412,381.4811931,50,1675.287002,8.644818018,1675.287002,385.7163598,1289.570643,-4.882352941,0.007860775,0.9921375438417912,0.012009505230521716,0.015242615484271678,2.5432669831321935,0.000776388,970460.5401415463,692.4807279835907,2863.380803723597,0.000998516,0.007146402,1.441939001646373e-06,2.4957854324474646e-06,GOOD,1.939072961544676,1.5277763122781245,,281,1027.284099
BANTA-CARBONA I.D.,Almonds & Pistachios,San Joaquin River,6944.405664,4883.344789,1.202182209,4.124104363,0.287448101,206.20521814999998,0.311217018,0.03090217,0.4,0.17,2039.310074,2110.873995,639.9084906,50,5663.784214507658,27.02509689840731,5663.784214507658,385.7163598,5278.067855,-4.882352941,0.026479920117827314,0.9735182409676014,0.025448648543552225,0.08076104,0.5756254687203674,0.000360002,1203531.5783279827,6944.405139345559,28639.42357700356,0.000524654,0.030120340750727337,7.55506613497789e-08,1.0517079365071949e-06,GOOD,3.0498974152879694,0.9610545813701002,,4883.344789,5019.628819
BANTA-CARBONA I.D.,Citrus & Subtropical,San Joaquin River,160.6387081,933,3.6,3.247465856,0.183365181,162.3732928,0.094855843,0.7506750003126099,0.13,0.17,2549.235389,1743.692937,5418.931559,50,3195.74045,19.617723303371225,3195.74045,385.7163598,2810.02409,-4.882352941,0.058907246,0.9410834844771222,0.081902114,0.029113953,2.0362492143992172,0.047885767,26.779665791311114,160.63870249721433,521.6681975208036,5.6027856771834195e-06,0.000522186,3.48781793843586e-08,1.0009913902932222e-06,GOOD,0.49423381869050864,1.3903572019867076,,933,2830.46938
BANTA-CARBONA I.D.,Corn,San Joaquin River,282.9171526,59,27.1,2.415829265,0.234536008,120.7914633,1.320694044672553,0.033525185,0.3,0.17,423.9938724,1022.014707,159.5840787,50,1477.228776,12.515382455355429,1477.228776,385.7163598,1091.512416,-4.882352941,0.14154713132592708,0.858391053,0.059649214,0.374386554,18.453710581229604,0.011782012,3305.630053638397,282.91711190201005,683.4787547478875,4.0697989959426195e-05,0.000782074,1.4385126382551538e-07,1.1442532238718589e-06,GOOD,2.644960375498291,0.4214088525991567,,59,1305.499693
BANTA-CARBONA I.D.,Cucurbits,San Joaquin River,324.6611668,203,12,2.299627126,0.087908733,114.98135629999999,0.5954029958862788,4.8590594140887005,0.05,0.17,920.9338517,2396.72349,6846.813993,50,2320.0483831340002,20.00834540048819,2320.0483831340002,385.7163598,1934.332023,-4.882352941,0.25706394645507785,0.7428382916827645,0.098776054,0.034576504,9.176584256961513,0.061602686,6.4723421852924e-05,324.6611626771965,746.5988906148423,4.122803488826321e-06,0.000735317,1.269878849220695e-08,9.848883160041025e-07,GOOD,0.13450545739469513,0.38424701518246485,,203,2166.043383
BANTA-CARBONA I.D.,Dry Beans,San Joaquin River,1248.750059,1752,1.3,2.212101358,0.272510229,110.6050679,0.8579188204514863,0.0413722,1.68,0.17,521.9411016,903.6303871,214.6292221,50,2166.1327210739996,19.459906781997343,2166.1327210739996,385.7163598,1780.416361,-4.882352941,0.2887297369606794,0.71119167,0.16272707643588155,0.741017753,1.0183426341729913,0.000476667,2059985.8055920417,1248.749508744477,2762.357760846687,0.000550256,0.00394047,4.406450426176404e-07,1.4264858185826818e-06,GOOD,2.5664753522934403,0.5635965250716192,,1752,2031.758578
BANTA-CARBONA I.D.,Grain,San Joaquin River,72.81367026,164,2.5,0.466656841,0.351483763,23.33284205,0.6729928083090427,0.036299510576689786,0.74,0.17,345.3012994,477.8051109,110.9675411,50,385.7163598,16.079804662496404,385.7163598,385.7163598,0,-4.882352941,0.9969937457477995,0.001458566,0.7205097397924388,3.1023777916232085,2.529426824507273,0.018559033578804677,4.9030404342852485,72.81624174627031,33.98017605163869,-0.002571486,-0.001178706,3.5315982028242866e-05,3.468926641591451e-05,GOOD,3.1117324505343373,0.7226823065494933,,164,398.0507936
BANTA-CARBONA I.D.,Other Deciduous,San Joaquin River,5966.793346,1941.520674,2.07538957,3.445837194,0.215021845,172.2918597,0.54254216,0.5586272122329681,0.13,0.17,2284.866179,4950.948854,6009.195442,50,3856.2167431929706,22.157306538012612,3856.2167431929706,385.7163598,3470.500383,-4.882352941,0.050594784623061544,0.9493961873703468,0.03185153,0.031389616,1.1365238198931231,0.001289186,1228.5039823769516,5966.793165197887,20560.577590623416,0.000180802,0.020849935095611727,3.0301386843289166e-08,1.014072384901135e-06,GOOD,0.6204120841421951,0.6295417628777134,,1941.520674,3434.405867
BANTA-CARBONA I.D.,Pasture,San Joaquin River,8.53927993,276,5,4.600187047,0.350906068,230.00935235000003,0.10289172336777223,0.068524209,0.51,0.17,328.209843,177.7241242,145.0367898,50,1149.294661,5.696815346269181,1149.294661,385.7163598,763.5783014,-4.882352941,0.002895044,0.9971040874488487,0.005346386,0.006551316,1.5678817415054642,0.2296193976305787,468.25964750871026,8.539273498998254,39.282225244642035,6.431001745355047e-06,5.968005103085261e-05,7.531082009341095e-07,1.5192611922973298e-06,GOOD,2.262942000342034,1.8467377139832826,,276,321.3916346
BANTA-CARBONA I.D.,Safflower,San Joaquin River,52.20934812,574,1.3,2.40565496,0.396694215,120.28274800000001,0.4537037030434028,0.032158708,0.74,0.17,212.2655769,227.006242,60.43672676,50,624.9833677,5.862781808072513,624.9833677,385.7163598,239.2670079,-4.882352941,0.066770805,0.9331718404896493,0.062435038127782345,0.23451209513226742,0.7742976954909151,0.025883322,2397.164397750822,52.20926420197673,125.59734852176987,8.391802327167852e-05,0.000328741,1.6073371205248161e-06,2.617416834295317e-06,GOOD,3.5121951355556216,0.9350649358914657,,574,455.958654
BANTA-CARBONA I.D.,Tomato Processing,San Joaquin River,750.894725,101,43.3,2.379660861,0.124471553,118.9830431,2.283636824869254,0.28639447182202826,0.74,0.17,657.2463564,2815.18314,996.9547547,50,4253.470529742999,34.758124275395524,4253.470529742999,385.7163598,3867.75417,-4.882352941,0.3415613353766267,0.6583806919820692,0.079742572,0.22517565855206295,34.94636489727694,0.001799655,556415.4459,750.8946512,1786.872893700233,7.376816199666791e-05,0.001894114,9.824035186379544e-08,1.0600147466164254e-06,GOOD,0.6592539471827814,0.23346486717761028,,101,4087.466206
BANTA-CARBONA I.D.,Truck Crops,San Joaquin River,43.2080525,555,22.8,2.667732673,0.139554281,133.38663365000002,1.1244727167916924,1.262909809962677,0.41,0.17,7441.94487,27484.23099,27982.75263,50,12519.65786,89.70698652835864,12519.65786,385.7163598,12133.9415,-4.882352941,0.4380838744866893,0.5618875742860057,0.15433143272096428,0.14562726086252287,19.295999853304092,0.056448375918907764,18754.289099535115,43.20805163398963,115.26743337043959,8.660103674174024e-07,0.000100021,2.0042800295556075e-08,8.677249074906168e-07,GOOD,0.332418674,0.35228740820875265,,555,12295.63318
BANTA-CARBONA I.D.,Vineyard,San Joaquin River,351.735675,1689.181611,10.69211111,3.098484515,0.302297005,154.9242258,0.1329510358537938,0.3058799853780738,0.13,0.17,2773.231975,2743.166444,4105.247296,50,17905.186387624795,110.45241285559833,17905.186387624795,385.7163598,17519.47003,-4.882352941,0.31613231566573996,0.6838587760305194,0.47669429245601597,0.31427532514953777,8.460495270274855,0.021869569,365.5623374809342,351.7356731399043,1089.8465128008668,1.8600957218950498e-06,0.00102956,5.288333979472084e-09,9.446823209370973e-07,GOOD,0.9941259073363267,1.5078948555200695,,1689.181611,17580.14603
BROADVIEW W.D.,Grain,San Joaquin River,2599.513597,303,2.9,0.466656841,0.351483763,23.33284205,0.6729928083090427,0.036299510576689786,0.74,0.17,345.3012994,477.8051109,110.9675411,50,854.4163598,34.461766724233144,854.4163598,854.4163598,0,-4.882352941,0.998639941,0.000659869,0.721699416,3.1075003116712776,2.9156354424600037,0.000519848,175.0429586924285,2599.5136430205625,1213.0684370677154,-4.60E-05,0.012366244851591546,1.7703528258252027e-08,1.0194081727963189e-05,GOOD,3.1117324505343373,0.7226823065494933,,303,866.7507936
BROADVIEW W.D.,Onions & Garlic,San Joaquin River,248.9715926,2366,7.7,1.480822037,0.178481578,74.04110185,0.8220938475297447,0.4158621200492846,0.41,0.17,887.6914461,1905.136225,1355.002253,50,18143.324924549997,231.72820277494176,18143.324924549997,854.4163598,17288.90856,-4.882352941,0.9729684600067496,0.026996388399375865,0.45335119182653666,0.6374127982364995,7.663348646144287,0.009796396,153975.23693709786,248.97157505519849,368.6789335206449,1.7544801522717535e-05,0.003687388,7.046908982465791e-08,1.000152492183532e-05,GOOD,0.6551217479671209,0.46594644170006466,,2366,18107.14187
Byron Bethany (CVP),Alfalfa,San Joaquin River,68.96354348,281,6.7,4.134965358,0.306290873,206.74826789999997,0.13122437452970753,0.081460253,1.86,0.17,739.7198673,484.1807412,381.4811931,50,1675.287002,8.644818018,1675.287002,385.7163598,1289.570643,-4.882352941,0.007860775,0.9921375438417912,0.012009505230521725,0.015242615484271688,2.5432669831321943,0.007795922,96647.16785227082,68.96317493933844,285.1592658166121,0.000368541,0.002597438,5.343992535149264e-06,9.108644770936464e-06,GOOD,1.939072961544676,1.5277763122781245,,281,1027.284099
Byron Bethany (CVP),Almonds & Pistachios,San Joaquin River,1444.741029,4883,1.2,4.125499535,0.287448101,206.2749768,0.311217018,0.03090217,0.4,0.17,2039.310074,2110.873995,639.9084906,50,5652.64423,26.965043945664668,5652.64423,385.7163598,5266.92787,-4.882352941,0.02637807,0.9736200948713704,0.025350765,0.080450407,0.5741367948986097,0.001730414,249858.92391702157,1444.7406234256844,5960.255565547878,0.000405574,0.022877787044308207,2.8072457798533635e-07,3.838375549365698e-06,GOOD,3.0498974152879694,0.9610545813701002,,4883,5007.983112
Byron Bethany (CVP),Citrus & Subtropical,San Joaquin River,3.822909039,933,3.6,3.247465856,0.183365181,162.3732928,0.094855843,0.7506750003126099,0.13,0.17,2549.235389,1743.692937,5418.931559,50,3195.74045,19.617723303371225,3195.74045,385.7163598,2810.02409,-4.882352941,0.058907246,0.9410834844771221,0.081902114,0.029113953,2.0362492143992172,2.012160795308866,0.6373073316256478,3.8229085428682907,12.414745593330766,4.961317090490525e-07,2.0981415504550682e-05,1.2977858065355148e-07,1.6900370521045817e-06,GOOD,0.49423381869050864,1.3903572019867076,,933,2830.46938
Byron Bethany (CVP),Grain,San Joaquin River,241.5843527,164,2.5,0.466656841,0.351483763,23.33284205,0.6729928083090427,0.036299510576689786,0.74,0.17,345.3012994,477.8051109,110.9675411,50,385.7163598,16.079804662496404,385.7163598,385.7163598,0,-4.882352941,0.9969937457477995,0.001458566,0.7205097397924388,3.1023777916232085,2.5294268245072735,0.005593704,16.267520169621626,241.58515475398576,112.73698011930429,-0.000802054,1.0746707530984168e-05,3.3199748940162717e-06,9.532547789710526e-08,GOOD,3.1117324505343373,0.7226823065494933,,164,398.0507936
Byron Bethany (CVP),Other Deciduous,San Joaquin River,74.72139195,1769,2.2,3.445837194,0.215021845,172.2918597,0.54254216,0.5586272122329681,0.13,0.17,2284.866179,4950.948854,6009.195442,50,3718.6049864340002,21.40059412890517,3718.6049864340002,385.7163598,3332.888627,-4.882352941,0.048877619574703726,0.9511133360899791,0.030770502792325214,0.030324266,1.1966616619684116,0.10294652564094386,14.774416605445515,74.72138317944543,257.4768209700129,8.770554572379297e-06,0.000930599,1.1737675575219658e-07,3.6142880058881783e-06,GOOD,0.6204120841421951,0.6295417628777134,,1769,3296.79411
Byron Bethany (CVP),Vineyard,San Joaquin River,11.85939473,1689.181611,10.69211111,3.098484515,0.302297005,154.9242258,0.1329510358537938,0.3058799853780738,0.13,0.17,2773.231975,2743.166444,4105.247296,50,17905.186387624795,110.45241285559833,17905.186387624795,385.7163598,17519.47003,-4.882352941,0.31613231566573985,0.6838587760305194,0.4766942924560158,0.31427532514953765,8.460495270274855,0.6486256564889372,12.325585281071852,11.859394496154978,36.74604733044129,2.338450215688681e-07,0.000103598,1.971812448213098e-08,2.819281304198756e-06,GOOD,0.9941259073363267,1.5078948555200695,,1689.181611,17580.14603
CENTRAL CALIFORNIA I.D.,Alfalfa,San Joaquin River,19802.72127,275.42882,7.145726841,4.134965358,0.306290873,206.74826789999997,0.13122437452970753,0.081460253,1.86,0.17,739.7198673,484.1807412,381.4811931,50,1760.7261142209575,9.037129895985963,1760.7261142209575,802.7383352,957.987779,-4.882352941,0.008258288,0.9917400308758338,0.012616817153056289,0.016013423,2.737005927569887,2.7149521587047547e-05,20617925.336869054,19802.722911756846,81883.54075068161,-0.001641757,0.025694898,8.290561813656353e-08,3.1379798482003426e-07,GOOD,1.939072961544676,1.5277763122781245,,275.42882,1112.723211
CENTRAL CALIFORNIA I.D.,Almonds & Pistachios,San Joaquin River,28538.44605,4767.847432,1.096167772,4.078346482,0.287448101,203.91732409999997,0.311217018,0.03090217,0.4,0.17,2039.310074,2110.873995,639.9084906,50,5021.7625795803615,24.32811428675474,5021.7625795803615,802.7383352,4219.024244,-4.882352941,0.025106393015592504,0.9748916405615613,0.024128614029313464,0.076571923,0.5195999995559949,8.760112571020663e-05,3953627.2126590456,28538.44618157146,116389.62857582414,-0.000131571,0.04247394,4.61032326178159e-09,3.64928775483314e-07,GOOD,3.0498974152879694,0.9610545813701002,,4767.847432,4394.085628
CENTRAL CALIFORNIA I.D.,Citrus & Subtropical,San Joaquin River,96.91437253,883,6,3.247465856,0.183365181,162.3732928,0.094855843,0.7506750003126099,0.13,0.17,2549.235389,1743.692937,5418.931559,50,5134.94045,30.94399728,5134.94045,802.7383352,4332.202114,-4.882352941,0.091384193,0.9086068576035217,0.12705667084084196,0.045165159,3.699092381970991,0.079372208,24.90759803098656,96.91437292438178,314.72602728157136,-3.94E-07,8.846526793604426e-05,4.069383885999639e-09,2.8108651780014444e-07,GOOD,0.49423381869050864,1.3903572019867076,,883,4769.66938
CENTRAL CALIFORNIA I.D.,Corn,San Joaquin River,26028.98387,63.79287272,25.8602491,2.415829265,0.234536008,120.7914633,1.320694044672553,0.033525185,0.3,0.17,423.9938724,1022.014707,159.5840787,50,1528.0283551367945,12.913015930906596,1528.0283551367945,802.7383352,725.2900199,-4.882352941,0.14570482450104844,0.85423366,0.061401303,0.38538348732420563,17.70506116112821,0.000128062,202107.44507885122,26028.98626344615,62881.56267105463,-0.002393446,0.018300304,9.19531150969112e-08,2.910280570582167e-07,GOOD,2.644960375498291,0.4214088525991567,,63.79287272,1356.299272
CENTRAL CALIFORNIA I.D.,Cotton,San Joaquin River,24444.64851,3677.344642,0.8,3.634047537,0.148539114,181.70237684999998,1.334590964860844,0.041198802,0.68,0.17,378.6944542,1135.122209,199.4393382,50,2759.5013292100007,15.362828520442099,2759.5013292100007,802.7383352,1956.762994,-4.882352941,0.027134338542809635,0.9728605144384868,0.009052438,0.051522551,0.3871973980907241,6.015992558422422e-05,7474730.633891238,24444.649317497446,88832.98402819513,-0.000807497,0.030682401076774113,3.3033710684273194e-08,3.4539412150687983e-07,GOOD,1.8987951731454202,0.3336155801462545,,3677.344642,2280.03631
CENTRAL CALIFORNIA I.D.,Cucurbits,San Joaquin River,2718.97765,437.2073532,16.16521809,2.299627126,0.087908733,114.98135629999999,0.5954029958862788,4.8590594140887005,0.05,0.17,920.9338517,2396.72349,6846.813993,50,6951.600598163659,58.05009271522939,6951.600598163659,802.7383352,6148.862263,-4.882352941,0.5090174089808067,0.49091798334245434,0.19558842007678695,0.068465619,14.124890811280666,0.007355706,0.001723007,2718.9776551852883,6252.632537581717,-5.19E-06,0.002221346,1.9070728664494425e-09,3.55265596301443e-07,GOOD,0.13450545739469513,0.38424701518246485,,437.2073532,6797.595598
CENTRAL CALIFORNIA I.D.,Dry Beans,San Joaquin River,945.675192,1536.60837,1.3,2.212101358,0.272510229,110.6050679,0.8579188204514863,0.0413722,1.68,0.17,521.9411016,903.6303871,214.6292221,50,1886.123602,17.067497511779045,1886.123602,802.7383352,1083.385267,-4.882352941,0.26115724533526796,0.7387611150585475,0.14718731596823334,0.6702536332258162,0.9990983954688932,0.000629432,949368.4829764224,945.6755492662811,2091.929406148235,-0.000357266,-2.97E-05,3.777896301959178e-07,1.4196523382922888e-08,GOOD,2.5664753522934403,0.5635965250716192,,1536.60837,1751.749459
CENTRAL CALIFORNIA I.D.,Grain,San Joaquin River,5671.416352,232.9810303,3.79451607,0.466656841,0.351483763,23.33284205,0.6729928083090427,0.036299510576689786,0.74,0.17,345.3012994,477.8051109,110.9675411,50,859.7666233055069,34.67159889893383,859.7666233055069,802.7383352,57.02828806,-4.882352941,0.9986483899274956,0.00065577,0.7217055218647402,3.1075266016112564,3.8148485463021102,0.000238274,62344.426269785436,5671.447516947872,2646.6188417423655,-0.031164948,-0.013602922,5.495090809324867e-06,5.139762478273086e-06,GOOD,3.1117324505343373,0.7226823065494933,,232.9810303,872.101057
CENTRAL CALIFORNIA I.D.,Lettuce,San Joaquin River,384.1177091,825.6667179,12.01770726,3.326092372,0.164570286,166.3046186,0.680529189,1.2720462492145637,0.25,0.17,2859.243032,5814.317411,7949.261967,50,9755.359526802204,56.49908526,9755.359526802204,802.7383352,8952.621192,-4.882352941,0.14235718736195993,0.8576312525660575,0.070005431,0.051203972996212654,8.089619708568097,0.010413474581456104,15746.520508545998,384.11771046530214,1277.6105502722057,-1.37E-06,0.000431915,3.554384745177914e-09,3.380648924707002e-07,GOOD,0.35968660202607483,0.49175901826412594,,825.6667179,9367.359241
CENTRAL CALIFORNIA I.D.,Onions & Garlic,San Joaquin River,388.6026678,1496.923068,5.92805482,1.480822037,0.178481578,74.04110185,0.8220938475297447,0.4158621200492846,0.41,0.17,887.6914461,1905.136225,1355.002253,50,8798.966932976587,112.87171401793113,8798.966932976587,802.7383352,7996.228598,-4.882352941,0.9458173835007496,0.054112158,0.44070024434023974,0.6196255375366998,5.870958495,0.006276396,111155.17724859965,388.60267417864674,575.4512224092413,-6.38E-06,0.000171706,1.641431533890546e-08,2.9838486931896464e-07,GOOD,0.6551217479671209,0.46594644170006466,,1496.923068,8762.783876
CENTRAL CALIFORNIA I.D.,Other Deciduous,San Joaquin River,6308.455812,2039.881954,2.411512797,3.445837194,0.215021845,172.2918597,0.54254216,0.5586272122329681,0.13,0.17,2284.866179,4950.948854,6009.195442,50,4746.006422874366,27.05016532,4746.006422874366,802.7383352,3943.268088,-4.882352941,0.061549942223278545,0.9384411339440206,0.038748259,0.038186328,1.3724113424961617,0.001219365,1475.7731983359167,6308.455835860939,21737.903777077045,-2.39E-05,0.007896618,3.782373978686029e-09,3.6326479492670244e-07,GOOD,0.6204120841421951,0.6295417628777134,,2039.881954,4324.195547
CENTRAL CALIFORNIA I.D.,Pasture,San Joaquin River,4288.844844,206.6887348,5,4.600187047,0.350906068,230.00935235000003,0.10289172336777223,0.068524209,0.51,0.17,328.209843,177.7241242,145.0367898,50,802.7383352449999,4.266186798223191,802.7383352449999,802.7383352,0,-4.882352941,0.00202411,0.9979750202281222,0.003738,0.004580444,1.4779755370226706,0.000457182,108.02980245064956,4288.808044123909,19729.31022604999,0.036799876091208716,0.17827191154719912,8.580370106577983e-06,9.035810105549279e-06,GOOD,2.262942000342034,1.8467377139832826,,206.6887348,-25.16469137
CENTRAL CALIFORNIA I.D.,Rice,San Joaquin River,2000.559108,579,4.7,4.833919598,0.381523094,241.69597989999997,0.7787889472798347,0.016559817107172286,0.2,0.17,851.2633133,1216.2235,177.3500304,50,2478.5979188320002,10.678582866869956,2478.5979188320002,802.7383352,1675.859584,-4.882352941,0.0046557,0.9953431266351189,0.003258634,0.022346919748700452,1.5949685822659392,0.002499301,4519.032454335049,2000.5591007610142,9670.538100164349,7.238985745061655e-06,0.003778954,3.618481311606243e-09,3.907696481514052e-07,GOOD,4.7999050645054355,0.699923421,,579,1551.784194
CENTRAL CALIFORNIA I.D.,Tomato Processing,San Joaquin River,8520.581878,96.28659996,49.55284439,2.379660861,0.124471553,118.9830431,2.283636824869254,0.28639447182202826,0.74,0.17,657.2463564,2815.18314,996.9547547,50,4651.445434,37.92115018138484,4651.445434,802.7383352,3848.707099,-4.882352941,0.3619515551927053,0.6379922674355627,0.084502972,0.2386179914497373,40.451241003063885,0.000158598,6282687.306665444,8520.582248502868,20276.088726113343,-0.000370503,0.006481909,4.348328223934575e-08,3.1968231892727747e-07,GOOD,0.6592539471827814,0.23346486717761028,,96.28659996,4485.441111
CENTRAL CALIFORNIA I.D.,Truck Crops,San Joaquin River,531.3190118,883.1369862,18.44217052,2.667732673,0.139554281,133.38663365000002,1.1244727167916924,1.262909809962677,0.41,0.17,7441.94487,27484.23099,27982.75263,50,16152.620751704288,115.46185875946352,16152.620751704288,802.7383352,15349.88242,-4.882352941,0.5014593852817139,0.49851528363101993,0.1766578271628493,0.16669446415471592,16.038011782795845,0.004590508,291738.25467985467,531.3190145826995,1417.416612215267,-2.78E-06,0.00047535,5.23734230742394e-09,3.353632956162631e-07,GOOD,0.332418674,0.35228740820875265,,883.1369862,15928.59607
CENTRAL CALIFORNIA I.D.,Vineyard,San Joaquin River,107.2820422,1492.427601,10.07028874,3.098484515,0.302297005,154.9242258,0.1329510358537938,0.3058799853780738,0.13,0.17,2773.231975,2743.166444,4105.247296,50,14873.445783459516,91.91165680360751,14873.445783459516,802.7383352,14070.70745,-4.882352941,0.27745656857429857,0.7225340193179204,0.4183753323834362,0.2758267629803483,7.761081434567011,0.071701727,89.55067511830144,107.28204234983608,332.4116527071706,-1.50E-07,9.378710592500283e-05,1.3966556360504639e-09,2.821413710980808e-07,GOOD,0.9941259073363267,1.5078948555200695,,1492.427601,14548.40542
CITY OF TRACY,Alfalfa,San Joaquin River,239.8092865,281,6.7,4.134965358,0.306290873,206.74826789999997,0.13122437452970753,0.081460253,1.86,0.17,739.7198673,484.1807412,381.4811931,50,1675.287002,8.644818018,1675.287002,385.7163598,1289.570643,-4.882352941,0.007860775,0.9921375438417913,0.012009505230521715,0.015242615484271674,2.543266983132194,0.002241925,336074.49958861666,239.80815316111034,991.5950324787556,0.001133339,0.008059725,4.726000840976778e-06,8.12797530067882e-06,GOOD,1.939072961544676,1.5277763122781245,,281,1027.284099
CITY OF TRACY,Almonds & Pistachios,San Joaquin River,138.3210303,4883,1.2,4.125499535,0.287448101,206.2749768,0.311217018,0.03090217,0.4,0.17,2039.310074,2110.873995,639.9084906,50,5652.64423,26.965043945664668,5652.64423,385.7163598,5266.92787,-4.882352941,0.026378069677196102,0.9736200948713702,0.025350764710969035,0.080450407,0.5741367948986097,0.018073896605439038,23921.756973824897,138.32099596238157,570.6414185904001,3.433761841620253e-05,0.001927593,2.4824582597258553e-07,3.3779294609841274e-06,GOOD,3.0498974152879694,0.9610545813701002,,4883,5007.983112
CITY OF TRACY,Dry Beans,San Joaquin River,216.6351777,1752,1.3,2.212101358,0.272510229,110.6050679,0.8579188204514863,0.0413722,1.68,0.17,521.9411016,903.6303871,214.6292221,50,2166.1327210739996,19.459906781997343,2166.1327210739996,385.7163598,1780.416361,-4.882352941,0.2887297369606793,0.71119167,0.1627270764358815,0.7410177533837516,1.0183426341729913,0.002747652,357369.6656409204,216.63485929212337,479.21674757858204,0.000318408,0.002223202,1.4697884250774312e-06,4.6392198449322885e-06,GOOD,2.5664753522934403,0.5635965250716192,,1752,2031.758578
CITY OF TRACY,Grain,San Joaquin River,244.8236702,164,2.5,0.466656841,0.351483763,23.33284205,0.6729928083090427,0.036299510576689786,0.74,0.17,345.3012994,477.8051109,110.9675411,50,385.7163598,16.079804662496404,385.7163598,385.7163598,0,-4.882352941,0.9969937457477995,0.001458566,0.7205097397924388,3.1023777916232085,2.5294268245072735,0.005519692,16.485645483525946,244.8252042460973,114.24900074279078,-0.001534046,-0.000360205,6.26592231063035e-06,3.1528185478303627e-06,GOOD,3.1117324505343373,0.7226823065494933,,164,398.0507936
CITY OF TRACY,Other Deciduous,San Joaquin River,84.02201911,1769,2.2,3.445837194,0.215021845,172.2918597,0.54254216,0.5586272122329681,0.13,0.17,2284.866179,4950.948854,6009.195442,50,3718.6049864340002,21.40059412890517,3718.6049864340002,385.7163598,3332.888627,-4.882352941,0.04887762,0.9511133360899791,0.030770503,0.030324265828251297,1.1966616619684118,0.091551093,16.61339921494656,84.02201038937689,289.5252599458596,8.720623114299997e-06,0.000938618,1.0378973519885455e-07,3.241911653668925e-06,GOOD,0.6204120841421951,0.6295417628777134,,1769,3296.79411
CITY OF TRACY,Pasture,San Joaquin River,12.1251035,276,5,4.600187047,0.350906068,230.00935235000003,0.10289172336777223,0.068524209,0.51,0.17,328.209843,177.7241242,145.0367898,50,1149.294661,5.696815346269181,1149.294661,385.7163598,763.5783014,-4.882352941,0.002895044,0.9971040874488487,0.005346386,0.006551316,1.5678817415054642,0.16171278981045317,664.8917399896773,12.12507360718243,55.777417371760365,2.989281757059814e-05,0.000326692,2.465365971564543e-06,5.857039926684869e-06,GOOD,2.262942000342034,1.8467377139832826,,276,321.3916346
COLUMBIA CANAL CO.,Almonds & Pistachios,San Joaquin River,3213.413409,5009.424971,1.245620333,3.892747464,0.287448101,194.6373732,0.311217018,0.03090217,0.4,0.17,2039.310074,2110.873995,639.9084906,50,6044.523434224536,30.425773490784117,6044.523434224536,514.2946612,5530.228773,-4.882352941,0.039170786,0.9608266649610526,0.037645263,0.1194668793928979,0.6456867480132016,0.000777989,583520.4200663026,3213.413532002594,12508.971891488576,-0.000123003,0.035007179767490015,3.827786172556502e-08,2.798557875223231e-06,GOOD,3.0498974152879694,0.9610545813701002,,5009.424971,5481.537892
COLUMBIA CANAL CO.,Almonds & Pistachios,Tulare Lake,873.7217547,4738,1.1,4.141037405,0.287448101,207.05187024999998,0.311217018,0.03090217,0.4,0.17,2039.310074,2110.873995,639.9084906,50,5004.067337,23.89426375124794,5004.067337,514.2946612,4489.772675,-4.882352941,0.022922008736649995,0.9770761895810783,0.022029302,0.069909775,0.5118630304033684,0.002861323,128809.85527201492,873.7217802586642,3618.104242361256,-2.56E-05,0.010225413678199402,2.9252635730114852e-08,2.826171965888028e-06,GOOD,3.0498974152879694,0.9610545813701002,,4738,4353.760893
COLUMBIA CANAL CO.,Corn,San Joaquin River,29.13194869,71,27.3,2.415829265,0.234536008,120.7914633,1.320694044672553,0.033525185,0.3,0.17,423.9938724,1022.014707,159.5840787,50,1816.628776,15.172034406914396,1816.628776,514.2946612,1302.334115,-4.882352941,0.1685814792923149,0.8313586521552893,0.071041728,0.4458913327710586,19.211158950401416,0.11442191419476008,406.1094913617714,29.13196026295401,70.3776702,-1.16E-05,0.000143991,3.9725986516019255e-07,2.045966138263292e-06,GOOD,2.644960375498291,0.4214088525991567,,71,1644.899693
COLUMBIA CANAL CO.,Cotton,San Joaquin River,195.569537,2718,0.7,3.634047537,0.148539114,181.70237684999998,1.334590964860844,0.041198802,0.68,0.17,378.6944542,1135.122209,199.4393382,50,1720.2256156099997,9.935605847612424,1720.2256156099997,514.2946612,1205.930954,-4.882352941,0.017090270000979853,0.98290453,0.00570158,0.032450922,0.3105178636825753,0.007519516,36856.80610654583,195.56961844616225,710.7071644860874,-8.14E-05,0.001829761,4.164562820198364e-07,2.574557248770193e-06,GOOD,1.8987951731454202,0.3336155801462545,,2718,1240.760596
COLUMBIA CANAL CO.,Grain,San Joaquin River,8.72700116,207,2.9,0.466656841,0.351483763,23.33284205,0.6729928083090427,0.036299510576689786,0.74,0.17,345.3012994,477.8051109,110.9675411,50,576.0163598,23.543187168040465,576.0163598,514.2946612,61.72169858,-4.882352941,0.9979843232785839,0.00097796,0.7212256126472022,3.1054602038705204,2.9230577030062164,0.15484716073434684,103.78063642219392,8.727344851754127,4.072701453004027,-0.000343692,-0.00018666,3.9382572297819123e-05,4.5834155206534116e-05,GOOD,3.1117324505343373,0.7226823065494933,,207,588.3507936
COLUMBIA CANAL CO.,Grain,Tulare Lake,165.5737132,303,2.9,0.715524558,0.351483763,35.7762279,0.6729928083090427,0.036299510576689786,0.74,0.17,345.3012994,477.8051109,110.9675411,50,841.9729739769999,22.785867342840877,841.9729739769999,514.2946612,327.6783127,-4.882352941,0.9910828089107777,0.008212035,0.7162380103251915,3.0839845376543886,2.919859607,0.00816163,10405.236788279368,165.57487111541278,118.47258047805524,-0.001157915,-0.000522524,6.993352932729236e-06,4.4105269672741656e-06,GOOD,3.1117324505343373,0.7226823065494933,,303,852.0404543
COLUMBIA CANAL CO.,Pasture,San Joaquin River,27.51344268,149,5,4.600187047,0.350906068,230.00935235000003,0.10289172336777223,0.068524209,0.51,0.17,328.209843,177.7241242,145.0367898,50,514.2946612,3.075454661572855,514.2946612,514.2946612,0,-4.882352941,0.001298059,0.9987010707520901,0.002397174,0.002937432,1.382359058,0.071266411,0.6930238527084543,27.511744617333527,126.55871443580133,0.001698063,0.008268199,6.171756425481202e-05,6.532666687243503e-05,GOOD,2.262942000342034,1.8467377139832826,,149,-313.6083654
COLUMBIA CANAL CO.,Truck Crops,San Joaquin River,1.6301472,941,19.4,2.667732673,0.139554281,133.38663365000002,1.1244727167916924,1.262909809962677,0.41,0.17,7441.94487,27484.23099,27982.75263,50,18121.05786,129.41654195272628,18121.05786,514.2946612,17606.7632,-4.882352941,0.5301705490074565,0.4698055787332491,0.18677240861844835,0.17623859114285134,17.06133724797534,1.4961988648901785,1026.6887676056056,1.6301472581682241,4.348820857320384,-5.82E-08,-2.39E-05,3.568280474138807e-08,5.498090899348544e-06,GOOD,0.332418674,0.35228740820875265,,941,17897.03318
COLUMBIA CANAL CO.,Vineyard,San Joaquin River,31.56846022,1652.208451,11.31279551,3.098484515,0.302297005,154.9242258,0.1329510358537938,0.3058799853780738,0.13,0.17,2773.231975,2743.166444,4105.247296,50,18535.365263900854,114.30630220157323,18535.365263900854,514.2946612,18021.0706,-4.882352941,0.3236574330175039,0.6763337567036108,0.4880413781979256,0.3217562392646724,8.994329775186122,0.2436706649199912,33.74876158399597,31.56846048700057,97.81414729281488,-2.67E-07,0.000237861,8.457826922871036e-09,2.431761424787091e-06,GOOD,0.9941259073363267,1.5078948555200695,,1652.208451,18210.3249
DEL PUERTO WATER DISTRICT,Alfalfa,San Joaquin River,221.5665338,282,6.8,4.134965358,0.306290873,206.74826789999997,0.13122437452970753,0.081460253,1.86,0.17,739.7198673,484.1807412,381.4811931,50,1710.187002,8.805068800332123,1710.187002,778.4098066,931.7771958,-4.882352941,0.008023189,0.9919751300367649,0.012257637615183064,0.015557548235953738,2.590868215370924,0.002426515,224377.99593297023,221.5660402,916.1668643,0.000493644,0.003077476,2.227970490560509e-06,3.359066852968147e-06,GOOD,1.939072961544676,1.5277763122781245,,282,1062.184099
DEL PUERTO WATER DISTRICT,Almonds & Pistachios,San Joaquin River,12950.42778,4814.53711,1.102171091,4.122029375,0.287448101,206.1014688,0.311217018,0.03090217,0.4,0.17,2039.310074,2110.873995,639.9084906,50,5099.661357347687,24.439987176872584,5099.661357347687,778.4098066,4321.251551,-4.882352941,0.023974829,0.9760233216440055,0.023041119482048077,0.07312077,0.5175142753225789,0.000193044,1837580.347146376,12950.426446336385,53381.98074829937,0.001333664,0.062979677,1.029822054871865e-07,1.1797914106539862e-06,GOOD,3.0498974152879694,0.9610545813701002,,4814.53711,4456.257743
DEL PUERTO WATER DISTRICT,Citrus & Subtropical,San Joaquin River,726.9274325,913.5,3.9,3.247465856,0.183365181,162.3732928,0.094855843,0.7506750003126099,0.13,0.17,2549.235389,1743.692937,5418.931559,50,3399.59045,20.808348793246246,3399.59045,778.4098066,2621.180643,-4.882352941,0.062430035804831405,0.93756073,0.08680005,0.030855035,2.2310050911263875,0.010581947177110683,113.04073144822777,726.927402,2360.6693819472043,3.0507279006997123e-05,0.002634886,4.196743394602476e-08,1.1161594120078782e-06,GOOD,0.49423381869050864,1.3903572019867076,,913.5,3034.31938
DEL PUERTO WATER DISTRICT,Corn,San Joaquin River,354.5718744,68.49940443,26.84994044,2.415829265,0.234536008,120.7914633,1.320694044672553,0.033525185,0.3,0.17,423.9938724,1022.014707,159.5840787,50,1717.533704913972,14.396368191709199,1717.533704913972,778.4098066,939.1238984,-4.882352941,0.160865855,0.8390737204914449,0.067790296,0.4254838132287034,18.72784937926109,0.009401009,3564.581954039051,354.5718072543143,856.584025,6.714568570487245e-05,0.001085718,1.8937115590032385e-07,1.267495734785041e-06,GOOD,2.644960375498291,0.4214088525991567,,68.49940443,1545.804622
DEL PUERTO WATER DISTRICT,Cucurbits,San Joaquin River,397.8931947,507,13.6,2.299627126,0.087908733,114.98135629999999,0.5954029958862788,4.8590594140887005,0.05,0.17,920.9338517,2396.72349,6846.813993,50,6779.248383,56.63445944394341,6779.248383,778.4098066,6000.838577,-4.882352941,0.5027420154352299,0.4971925511182279,0.19317711883780375,0.067621545,11.854303737421164,0.050264745,0.000246074,397.8931928514945,915.0050405289192,1.8485054624761688e-06,0.000943254,4.645732792363761e-09,1.0308719471569916e-06,GOOD,0.13450545739469513,0.38424701518246485,,507,6625.243383
DEL PUERTO WATER DISTRICT,Dry Beans,San Joaquin River,857.710369,1674.192022,1.3,2.212101358,0.272510229,110.6050679,0.8579188204514863,0.0413722,1.68,0.17,521.9411016,903.6303871,214.6292221,50,2064.9823496739996,18.595673905983816,2064.9823496739996,778.4098066,1286.572543,-4.882352941,0.2790101354283868,0.7209101976489357,0.15724914278720067,0.7160726356170095,1.0117201267080262,0.000693985,1022510.0360751669,857.7097744786597,1897.338912508427,0.000594521,0.003359527,6.931492981680389e-07,1.7706489775746351e-06,GOOD,2.5664753522934403,0.5635965250716192,,1674.192022,1930.608206
DEL PUERTO WATER DISTRICT,Grain,San Joaquin River,2251.452928,196.1962307,4.091278634,0.466656841,0.351483763,23.33284205,0.6729928083090427,0.036299510576689786,0.74,0.17,345.3012994,477.8051109,110.9675411,50,778.4098065612449,31.480862993542974,778.4098065612449,778.4098066,0,-4.882352941,0.9985073986328887,0.000724176,0.7216036299507503,3.107087874424585,4.115462155291344,0.000600213,151.60566281656236,2251.455822483209,1050.6561661201138,-0.002894483,-0.000255079,1.285606806530587e-06,2.427811338540198e-07,GOOD,3.1117324505343373,0.7226823065494933,,196.1962307,790.7442403
DEL PUERTO WATER DISTRICT,Lettuce,San Joaquin River,151.2744347,898,10.5,3.326092372,0.164570286,166.3046186,0.680529189,1.2720462492145637,0.25,0.17,2859.243032,5814.317411,7949.261967,50,9261.738616755001,53.68842362642869,9261.738616755001,778.4098066,8483.32881,-4.882352941,0.13613463725880603,0.8638537187961512,0.066945436,0.048965805093672224,7.004866857262621,0.026442009239251846,5876.2781551857015,151.2744308211036,503.1522246148586,3.878896393416653e-06,0.000518719,2.564145356820595e-08,1.0309382795287059e-06,GOOD,0.35968660202607483,0.49175901826412594,,898,8873.738331
DEL PUERTO WATER DISTRICT,Onions & Garlic,San Joaquin River,183.5599741,1186,5.6,1.480822037,0.178481578,74.04110185,0.8220938475297447,0.4158621200492846,0.41,0.17,887.6914461,1905.136225,1355.002253,50,6566.724924549999,84.47849027621022,6566.724924549999,778.4098066,5788.315118,-4.882352941,0.9287124306804794,0.071194868,0.4327302524381873,0.6084197109461892,5.528605225238875,0.013287343,38007.785634106025,183.55997009326202,271.8193885581905,4.0067379813990556e-06,0.0002662,2.182795024375118e-08,9.793266751721757e-07,GOOD,0.6551217479671209,0.46594644170006466,,1186,6530.541867
DEL PUERTO WATER DISTRICT,Other Deciduous,San Joaquin River,1666.210439,3913.054303,3.386026932,3.445837194,0.215021845,172.2918597,0.54254216,0.5586272122329681,0.13,0.17,2284.866179,4950.948854,6009.195442,50,13076.512242770486,72.85873048966208,13076.512242770486,778.4098066,12298.10244,-4.882352941,0.15304760963229322,0.8469443365971572,0.096349862,0.094952586,2.3115118256103506,0.004616648,1215.6039954091061,1666.2104230310608,5741.483849838545,1.596893912392261e-05,0.006053899,9.583986962359086e-09,1.054412499928158e-06,GOOD,0.6204120841421951,0.6295417628777134,,3913.054303,12654.70137
DEL PUERTO WATER DISTRICT,Pasture,San Joaquin River,15.9755367,233.7674522,5,4.600187047,0.350906068,230.00935235000003,0.10289172336777223,0.068524209,0.51,0.17,328.209843,177.7241242,145.0367898,50,938.1319222450002,4.825108728808722,938.1319222450002,778.4098066,159.7221157,-4.882352941,0.00236455,0.9976345807643482,0.004366703,0.005350839,1.5156119373633716,0.122736679,183.5633475219871,15.97547270296804,73.49009784962827,6.399703196002804e-05,0.000359147,4.005939403589993e-06,4.8869826033918074e-06,GOOD,2.262942000342034,1.8467377139832826,,233.7674522,110.2288956
DEL PUERTO WATER DISTRICT,Tomato Processing,San Joaquin River,1717.722813,99.84747344,50.20848406,2.379660861,0.124471553,118.9830431,2.283636824869254,0.28639447182202826,0.74,0.17,657.2463564,2815.18314,996.9547547,50,4893.360808386514,39.84384577351108,4893.360808386514,778.4098066,4114.951002,-4.882352941,0.3737403336516538,0.6262045269269375,0.087255237,0.2463897901812625,41.24591687340003,0.000786711,1354185.543315377,1717.7226332324785,4087.593009683092,0.000179768,0.00473846,1.046545578820699e-07,1.1592285058634523e-06,GOOD,0.6592539471827814,0.23346486717761028,,99.84747344,4727.356485
DEL PUERTO WATER DISTRICT,Truck Crops,San Joaquin River,48.43551713,837.0086212,18.74292924,2.667732673,0.139554281,133.38663365000002,1.1244727167916924,1.262909809962677,0.41,0.17,7441.94487,27484.23099,27982.75263,50,15553.651220106562,111.21563213531823,15553.651220106562,778.4098066,14775.24141,-4.882352941,0.4920134279588477,0.5079607610002732,0.1733301353395263,0.16355445154237067,16.23725527716792,0.050356113,25599.50992278799,48.43551623027852,129.21289853527233,8.997214777650697e-07,0.000113046,1.8575655450322426e-08,8.748815500631692e-07,GOOD,0.332418674,0.35228740820875265,,837.0086212,15329.62654
DEL PUERTO WATER DISTRICT,Vineyard,San Joaquin River,772.4922471,1659.744887,10.99858551,3.098484515,0.302297005,154.9242258,0.1329510358537938,0.3058799853780738,0.13,0.17,2773.231975,2743.166444,4105.247296,50,18099.114982298786,111.63839254014519,18099.114982298786,778.4098066,17320.70518,-4.882352941,0.3184658392437739,0.6815252828497936,0.4802130006545682,0.3165951413938415,8.715958261403525,0.00995778,793.7501985651672,772.4922424566707,2393.552775912534,4.643329248210648e-06,0.002489684,6.010842523846798e-09,1.0401616396769342e-06,GOOD,0.9941259073363267,1.5078948555200695,,1659.744887,17774.07462
EAGLE FIELD W.D.,Cotton,San Joaquin River,714.320309,3810.565698,0.8,3.634047537,0.148539114,181.70237684999998,1.334590964860844,0.041198802,0.68,0.17,378.6944542,1135.122209,199.4393382,50,2866.0781740100006,15.919385612008881,2866.0781740100006,2866.078174,0,-4.882352941,0.028152757,0.9718421016993306,0.009392198,0.053456318,0.3899462705043309,0.002058724,16.579612803371344,714.3203161400312,2595.8554168934675,-7.14E-06,0.018542657061061618,9.99555963007048e-09,7.143126881349913e-06,GOOD,1.8987951731454202,0.3336155801462545,,3810.565698,2386.613154
FIREBAUGH CANAL W.D.,Alfalfa,San Joaquin River,758.348669,264,7.7,4.134965358,0.306290873,206.74826789999997,0.13122437452970753,0.081460253,1.86,0.17,739.7198673,484.1807412,381.4811931,50,1825.387002,9.334034135020412,1825.387002,619.2946612,1206.092341,-4.882352941,0.008558918,0.9914394021129049,0.013076111434297653,0.016596365528526336,2.968715045966813,0.000708954,993987.7958884002,758.3487983241807,3135.742993111294,-0.000129324,0.002482489,1.7053393254075076e-07,7.916743031653411e-07,GOOD,1.939072961544676,1.5277763122781245,,264,1177.384099
FIREBAUGH CANAL W.D.,Almonds & Pistachios,San Joaquin River,8134.667215,4653.159559,1.382801469,3.899491854,0.287448101,194.9745927,0.311217018,0.03090217,0.4,0.17,2039.310074,2110.873995,639.9084906,50,6238.740487885591,31.320354639836683,6238.740487885591,619.2946612,5619.445827,-4.882352941,0.039985791,0.9600116876050273,0.038428528,0.12195256200888835,0.719690668,0.000307327,1500995.1221661095,8134.667314,31721.040470818774,-9.89E-05,0.028069074593076948,1.2162873709129982e-08,8.8487166054247e-07,GOOD,3.0498974152879694,0.9610545813701002,,4653.159559,5673.46447
FIREBAUGH CANAL W.D.,Corn,San Joaquin River,96.84837588,71,20.6,2.415829265,0.234536008,120.7914633,1.320694044672553,0.033525185,0.3,0.17,423.9938724,1022.014707,159.5840787,50,1340.928776,11.448494827195479,1340.928776,619.2946612,721.6341145,-4.882352941,0.13018904683821547,0.8697483200578461,0.054862817,0.34434487,13.811002251265574,0.034418061,748.2099949762938,96.84839805068401,233.96899317336766,-2.22E-05,0.000147545,2.2892158803560046e-07,6.306184483504312e-07,GOOD,2.644960375498291,0.4214088525991567,,71,1169.199693
FIREBAUGH CANAL W.D.,Cotton,San Joaquin River,4267.500545,3438,0.8,3.634047537,0.148539114,181.70237684999998,1.334590964860844,0.041198802,0.68,0.17,378.6944542,1135.122209,199.4393382,50,2568.0256156100004,14.362919333161575,2568.0256156100004,619.2946612,1948.730954,-4.882352941,0.025299278667835677,0.9746955646049391,0.008440234,0.048038148,0.3820441065307654,0.000344602,1299568.357,4267.500900634676,15508.286703407588,-0.000355635,0.013141295818059007,8.333559016630652e-08,8.473717912119936e-07,GOOD,1.8987951731454202,0.3336155801462545,,3438,2088.560596
FIREBAUGH CANAL W.D.,Cucurbits,San Joaquin River,1230.088879,485,17.3,2.299627126,0.087908733,114.98135629999999,0.5954029958862788,4.8590594140887005,0.05,0.17,920.9338517,2396.72349,6846.813993,50,8274.548383133999,68.91626522282273,8274.548383133999,619.2946612,7655.253722,-4.882352941,0.5523781152145842,0.4475629828802108,0.21224964202331967,0.074297871,15.363425220099376,0.016258988,0.000970468,1230.0888836636875,2828.743287,-4.66E-06,0.002466359,3.791341979109795e-09,8.71891296133168e-07,GOOD,0.13450545739469513,0.38424701518246485,,485,8120.543383
FIREBAUGH CANAL W.D.,Grain,San Joaquin River,1721.821751,303,2.9,0.466656841,0.351483763,23.33284205,0.6729928083090427,0.036299510576689786,0.74,0.17,345.3012994,477.8051109,110.9675411,50,854.4163598,34.461766724233144,854.4163598,619.2946612,235.1216986,-4.882352941,0.998639941,0.000659869,0.721699416,3.1075003116712776,2.9156354424600037,0.000784838,77674.22481023376,1721.8274312009175,803.5018509853546,-0.005680201,-0.001951899,3.2989482879377085e-06,2.429245614465865e-06,GOOD,3.1117324505343373,0.7226823065494933,,303,866.7507936
FIREBAUGH CANAL W.D.,Onions & Garlic,San Joaquin River,248.9715926,2366,7.7,1.480822037,0.178481578,74.04110185,0.8220938475297447,0.4158621200492846,0.41,0.17,887.6914461,1905.136225,1355.002253,50,18143.324924549997,231.72820277494176,18143.324924549997,619.2946612,17524.03026,-4.882352941,0.9729684600067496,0.026996388,0.45335119182653666,0.6374127982364995,7.663348646144287,0.009796396,156069.2121222111,248.9715972025834,368.6823247336819,-4.60E-06,0.000296175,1.848637972845646e-08,8.033342702489151e-07,GOOD,0.6551217479671209,0.46594644170006466,,2366,18107.14187
FIREBAUGH CANAL W.D.,Other Deciduous,San Joaquin River,463.8898093,1850,7.8,3.445837194,0.215021845,172.2918597,0.54254216,0.5586272122329681,0.13,0.17,2284.866179,4950.948854,6009.195442,50,14256.804986433997,79.34903470890117,14256.804986433997,619.2946612,13637.51033,-4.882352941,0.16458793268607544,0.8354041232816735,0.10361497729159035,0.10211234234242338,5.403442834564045,0.016582187,375.29548560660237,463.88981056931186,1598.487374342195,-1.27E-06,0.001384461,2.736235658581597e-09,8.661063799182728e-07,GOOD,0.6204120841421951,0.6295417628777134,,1850,13834.99411
FIREBAUGH CANAL W.D.,Pasture,San Joaquin River,532.7035162,170,5,4.600187047,0.350906068,230.00935235000003,0.10289172336777223,0.068524209,0.51,0.17,328.209843,177.7241242,145.0367898,50,619.2946612,3.5089080031368143,619.2946612,619.2946612,0,-4.882352941,0.00156248,0.9984366497376368,0.002885491,0.003535802,1.4201224842247786,0.003680817,13.418031594302269,532.6969432648738,2450.5026802291627,0.006572935,0.033134885,1.233882436723574e-05,1.3521485883870581e-05,GOOD,2.262942000342034,1.8467377139832826,,170,-208.6083654
FIREBAUGH CANAL W.D.,Tomato Processing,San Joaquin River,3626.49182,93,51.2,2.379660861,0.124471553,118.9830431,2.283636824869254,0.28639447182202826,0.74,0.17,657.2463564,2815.18314,996.9547547,50,4641.77053,37.84425595082051,4641.77053,619.2946612,4022.475868,-4.882352941,0.3614708505496949,0.63847293,0.084390744,0.23830108501640365,41.78492806768107,0.000372633,2794736.538193863,3626.4921935832604,8629.813851042081,-0.000373583,0.006795749,1.0301505662035725e-07,7.874727477285779e-07,GOOD,0.6592539471827814,0.23346486717761028,,93,4475.766206
FIREBAUGH CANAL W.D.,Truck Crops,San Joaquin River,222.6026133,941,19.4,2.667732673,0.139554281,133.38663365000002,1.1244727167916924,1.262909809962677,0.41,0.17,7441.94487,27484.23099,27982.75263,50,18121.05786,129.41654195272628,18121.05786,619.2946612,17501.7632,-4.882352941,0.5301705490074566,0.46980557873324924,0.18677240861844838,0.17623859114285137,17.06133724797534,0.010956854252905136,139362.05693793678,222.60261583580453,593.8437699436545,-2.54E-06,0.000494652,1.1391620649765987e-08,8.329657612161664e-07,GOOD,0.332418674,0.35228740820875265,,941,17897.03318
FRESNO SLOUGH W.D.,Almonds & Pistachios,Tulare Lake,180.5327118,4738,1.1,4.141037405,0.287448101,207.05187024999998,0.311217018,0.03090217,0.4,0.17,2039.310074,2110.873995,639.9084906,50,5004.067337,23.89426375124794,5004.067337,841.972974,4162.094363,-4.882352941,0.022922009,0.9770761895810784,0.022029301510562937,0.069909775,0.5118630304033684,0.013847906,24672.98004075538,180.53259071406333,747.5868438242735,0.000121086,0.005868566,6.707146613368664e-07,7.849950265764313e-06,GOOD,3.0498974152879694,0.9610545813701002,,4738,4353.760893
FRESNO SLOUGH W.D.,Cotton,Tulare Lake,171.3936328,3438,0.8,3.749301711,0.148539114,187.4650856,1.334590964860844,0.041198802,0.68,0.17,378.6944542,1135.122209,199.4393382,50,2562.2629069100003,13.922977805208799,2562.2629069100003,841.972974,1720.289933,-4.882352941,0.021097815104296484,0.9788978748774658,0.00703856,0.040060429483952706,0.36826385619982926,0.00858018,46075.959363658876,171.39321407387166,642.6001205261704,0.000418726,0.006320185,2.443067000239318e-06,9.835235028838683e-06,GOOD,1.8987951731454202,0.3336155801462545,,3438,2046.012505
FRESNO SLOUGH W.D.,Grain,Tulare Lake,199.5809002,303,2.9,0.715524558,0.351483763,35.7762279,0.6729928083090427,0.036299510576689786,0.74,0.17,345.3012994,477.8051109,110.9675411,50,841.9729739769999,22.785867342840877,841.9729739769999,841.972974,0,-4.882352941,0.9910828089107777,0.008212035,0.7162380103251915,3.0839845376543886,2.9198596066001494,0.006770945,13.439141580110872,199.5815219235354,142.8044759522238,-0.000621724,0.000559449,3.115145461213363e-06,3.917569305144833e-06,GOOD,3.1117324505343373,0.7226823065494933,,303,852.0404543
FRESNO SLOUGH W.D.,Onions & Garlic,Tulare Lake,160.0698856,2366,7.7,1.253629891,0.178481578,62.681494550000004,0.8220938475297447,0.4158621200492846,0.41,0.17,887.6914461,1905.136225,1355.002253,50,18154.684531849998,273.1723023073816,18154.684531849998,841.972974,17312.71156,-4.882352941,0.9896620518382303,0.010302216,0.46112951153960835,0.6483491332969888,7.689111273,0.015237247038076865,99130.71258338736,160.06988144870138,200.6670189780742,4.151298611532184e-06,0.001374259,2.593428861382396e-08,6.8484080333397646e-06,GOOD,0.6551217479671209,0.46594644170006466,,2366,18138.20417
FRESNO SLOUGH W.D.,Tomato Processing,Tulare Lake,116.6653386,93,51.2,2.220206136,0.124471553,111.0103068,2.283636824869254,0.28639447182202826,0.74,0.17,657.2463564,2815.18314,996.9547547,50,4649.743266,40.54165520846828,4649.743266,841.972974,3807.770292,-4.882352941,0.4602524641506044,0.5396760753504061,0.10745278041108869,0.30342325369188755,43.889156087037684,0.011583143438897553,85108.72179593249,116.66526911316195,259.01913546143913,6.948683804353095e-05,0.001965157,5.956082490085102e-07,7.586859888359642e-06,GOOD,0.6592539471827814,0.23346486717761028,,93,4512.439733
GRASSLANDS W.D.,Alfalfa,San Joaquin River,689.7245575,282,6.8,4.134965358,0.306290873,206.74826789999997,0.13122437452970753,0.081460253,1.86,0.17,739.7198673,484.1807412,381.4811931,50,1710.187002,8.805068800332123,1710.187002,769.2946612,940.8923411,-4.882352941,0.008023189,0.9919751300367645,0.012257637615183066,0.015557548235953742,2.590868215370924,0.000779491,705307.1131052274,689.7248117,2851.9835691661415,-0.000254225,0.003582658,3.6858940327888274e-07,1.256197186853674e-06,GOOD,1.939072961544676,1.5277763122781245,,282,1062.184099
GRASSLANDS W.D.,Corn,San Joaquin River,235.961025,62,26.2,2.415829265,0.234536008,120.7914633,1.320694044672553,0.033525185,0.3,0.17,423.9938724,1022.014707,159.5840787,50,1502.7287757929998,12.714983589017047,1502.7287757929998,769.2946612,733.4341145,-4.882352941,0.14363922590088718,0.8562991095119079,0.060530841,0.3799200608750944,17.889825842252467,0.014126626773778989,1852.7346250559233,235.9611141270873,570.0408927668476,-8.91E-05,0.000656828,3.7771952934560316e-07,1.1522450416433429e-06,GOOD,2.644960375498291,0.4214088525991567,,62,1330.999693
GRASSLANDS W.D.,Cotton,San Joaquin River,274.9930646,3927,0.8,3.634047537,0.148539114,181.70237684999998,1.334590964860844,0.041198802,0.68,0.17,378.6944542,1135.122209,199.4393382,50,2959.2256156100007,16.405812746167978,2959.2256156100007,769.2946612,2189.930954,-4.882352941,0.029041103,0.9709537603727915,0.009688564,0.055143106,0.3922841031184156,0.005347728,94107.05367821711,274.99309886784874,999.3364724673193,-3.43E-05,0.001396634,1.2461350168402627e-07,1.3975597601762044e-06,GOOD,1.8987951731454202,0.3336155801462545,,3927,2479.760596
GRASSLANDS W.D.,Cucurbits,San Joaquin River,40.80997137,372,15.4,2.299627126,0.087908733,114.98135629999999,0.5954029958862788,4.8590594140887005,0.05,0.17,920.9338517,2396.72349,6846.813993,50,5612.848383,47.05410883838947,5612.848383,769.2946612,4843.553722,-4.882352941,0.4556575411501956,0.5442708296265693,0.1750850501323438,0.061288425987749175,13.164997821439195,0.490076306,2.0371296018592673e-05,40.80997178025686,93.84760278151712,-4.10E-07,0.000114392,1.0052858304550989e-08,1.2189131680096774e-06,GOOD,0.13450545739469513,0.38424701518246485,,372,5458.843383
GRASSLANDS W.D.,Grain,San Joaquin River,926.2253268,206.2919153,4.233904617,0.466656841,0.351483763,23.33284205,0.6729928083090427,0.036299510576689786,0.74,0.17,345.3012994,477.8051109,110.9675411,50,849.1366525,34.254701692406364,849.1366525,769.2946612,79.84199122,-4.882352941,0.9986314998580331,0.000663965,0.7216933157103833,3.107474044234018,4.256872053292485,0.001458988,14229.936755723362,926.2403652,432.2357798273926,-0.015038418,-0.006394769,1.6236241729687176e-05,1.4794849524539911e-05,GOOD,3.1117324505343373,0.7226823065494933,,206.2919153,861.4710862
GRASSLANDS W.D.,Pasture,San Joaquin River,815.9913879,200,5,4.600187047,0.350906068,230.00935235000003,0.10289172336777223,0.068524209,0.51,0.17,328.209843,177.7241242,145.0367898,50,769.2946612,4.128127062513899,769.2946612,769.2946612,0,-4.882352941,0.001939982,0.9980591482292301,0.003582638,0.004390067,1.4680759688472647,0.002402947,20.553643613289054,815.9759928514742,3753.635116374652,0.015395048525761013,0.077896706,1.8866680156246552e-05,2.0751907833337705e-05,GOOD,2.262942000342034,1.8467377139832826,,200,-58.60836537
GRASSLANDS W.D.,Rice,San Joaquin River,158.8750946,579,4.7,4.833919598,0.381523094,241.69597989999997,0.7787889472798347,0.016559817107172286,0.2,0.17,851.2633133,1216.2235,177.3500304,50,2478.5979188320002,10.678582866869956,2478.5979188320002,769.2946612,1709.303258,-4.882352941,0.0046557,0.9953431266351187,0.003258634,0.02234692,1.5949685822659387,0.031471264,366.04076472644596,158.87509249730738,767.9882205472807,2.102692633343395e-06,0.001212874,1.3234878875366502e-08,1.5792844412929938e-06,GOOD,4.7999050645054355,0.699923421,,579,1551.784194
GRASSLANDS W.D.,Tomato Processing,San Joaquin River,70.38321942,97,48.5,2.379660861,0.124471553,118.9830431,2.283636824869254,0.28639447182202826,0.74,0.17,657.2463564,2815.18314,996.9547547,50,4584.67053,37.39043643,4584.67053,769.2946612,3815.375868,-4.882352941,0.358618978,0.6413245516646582,0.083724932,0.2364209764810231,39.519796674169655,0.019199908195267252,51447.930449735766,70.38323224310554,167.4879969356604,-1.28E-05,0.000195589,1.821898123061295e-07,1.1677795658444249e-06,GOOD,0.6592539471827814,0.23346486717761028,,97,4418.666206
HENRY MILLER RECLAMATION DIST. 2131,Alfalfa,San Joaquin River,3708.141917,281.5865269,6.820673657,4.134965358,0.306290873,206.74826789999997,0.13122437452970753,0.081460253,1.86,0.17,739.7198673,484.1807412,381.4811931,50,1713.1968085549522,8.818888966,1713.1968085549522,769.2946612,943.9021473,-4.882352941,0.008037193,0.9919611258203285,0.012279032961588911,0.015584703,2.5995724879200384,0.000144988,3804043.8244397067,3708.142189818288,15333.02930518703,-0.000272818,0.009064156,7.357277422868273e-08,5.911519596796402e-07,GOOD,1.939072961544676,1.5277763122781245,,281.5865269,1065.193905
HENRY MILLER RECLAMATION DIST. 2131,Almonds & Pistachios,San Joaquin River,482.3624499,5084.931574,1.008661116,3.861203726,0.287448101,193.0601863,0.311217018,0.03090217,0.4,0.17,2039.310074,2110.873995,639.9084906,50,4935.231776823477,25.212714283029047,4935.231776823477,769.2946612,4165.937116,-4.882352941,0.033740035,0.9662572764510001,0.032426015,0.1029036442477712,0.5078098119265956,0.005182825,65984.19974932449,482.36245384851253,1862.4985778232794,-3.95E-06,0.001111013,8.185779239893285e-09,5.96517194317986e-07,GOOD,3.0498974152879694,0.9610545813701002,,5084.931574,4382.898478
HENRY MILLER RECLAMATION DIST. 2131,Citrus & Subtropical,San Joaquin River,5.731683796,872,7.8,3.247465856,0.183365181,162.3732928,0.094855843,0.7506750003126099,0.13,0.17,2549.235389,1743.692937,5418.931559,50,6638.54045,39.726064910149375,6638.54045,769.2946612,5869.245788,-4.882352941,0.11506326624368592,0.8849280175553411,0.15997904090602275,0.056868157466619586,5.033990171686302,1.3420677005378354,1.995697239733691,5.731683820758221,18.613460551977024,-2.48E-08,-1.31E-05,4.319537023312384e-09,7.052470320729004e-07,GOOD,0.49423381869050864,1.3903572019867076,,872,6273.26938
HENRY MILLER RECLAMATION DIST. 2131,Corn,San Joaquin River,3153.419258,62,26.2,2.415829265,0.234536008,120.7914633,1.320694044672553,0.033525185,0.3,0.17,423.9938724,1022.014707,159.5840787,50,1502.7287757929998,12.714983589017047,1502.7287757929998,769.2946612,733.4341145,-4.882352941,0.14363922590088715,0.85629911,0.060530841,0.37992006087509433,17.889825842252467,0.001057054,24760.229137904258,3153.4196939061926,7618.118712,-0.000435906,0.003815838,1.3823286947979003e-07,5.008895645326777e-07,GOOD,2.644960375498291,0.4214088525991567,,62,1330.999693
HENRY MILLER RECLAMATION DIST. 2131,Cotton,San Joaquin River,11606.96075,3922.445125,0.8,3.634047537,0.148539114,181.70237684999998,1.334590964860844,0.041198802,0.68,0.17,378.6944542,1135.122209,199.4393382,50,2955.5817156100006,16.386783862457207,2955.5817156100006,769.2946612,2186.287054,-4.882352941,0.029006381390426036,0.9709884814950532,0.009676981,0.055077177,0.39219373877640934,0.000126699,3965479.978810105,11606.961201108117,42180.22216286545,-0.000451108,0.024962727722595446,3.8865309075563465e-08,5.918108456849018e-07,GOOD,1.8987951731454202,0.3336155801462545,,3922.445125,2476.116696
HENRY MILLER RECLAMATION DIST. 2131,Cucurbits,San Joaquin River,1109.713777,372,15.4,2.299627126,0.087908733,114.98135629999999,0.5954029958862788,4.8590594140887005,0.05,0.17,920.9338517,2396.72349,6846.813993,50,5612.848383,47.05410883838947,5612.848383,769.2946612,4843.553722,-4.882352941,0.4556575411501957,0.5442708296265691,0.17508505013234385,0.061288426,13.164997821439195,0.018022665316517916,0.000553941,1109.7137811055015,2551.9263886455906,-4.11E-06,0.00151504,3.699604067076754e-09,5.936842971347736e-07,GOOD,0.13450545739469513,0.38424701518246485,,372,5458.843383
HENRY MILLER RECLAMATION DIST. 2131,Grain,San Joaquin River,3404.89204,189.1543272,4.470285142,0.466656841,0.351483763,23.33284205,0.6729928083090427,0.036299510576689786,0.74,0.17,345.3012994,477.8051109,110.9675411,50,821.2901382541665,33.16258825570208,821.2901382541665,769.2946612,51.99547701,-4.882352941,0.9985851852094951,0.000686436,0.7216598449333509,3.1073299254392275,4.495346715414415,0.000396885,34146.17822562968,3404.924722425917,1588.9304675085787,-0.032682426,-0.014304176,9.598667309535639e-06,9.002473801392612e-06,GOOD,3.1117324505343373,0.7226823065494933,,189.1543272,833.624572
HENRY MILLER RECLAMATION DIST. 2131,Lettuce,San Joaquin River,369.5729814,674,15.2,3.326092372,0.164570286,166.3046186,0.680529189,1.2720462492145637,0.25,0.17,2859.243032,5814.317411,7949.261967,50,10077.53862,58.333562664973655,10077.53862,769.2946612,9308.243956,-4.882352941,0.14637043162170602,0.853618062,0.07197898,0.052647483,10.289046980676883,0.010823302030487664,15752.073508348018,369.5729831754149,1229.2331613179915,-1.78E-06,0.000713014,4.803962888143933e-09,5.800473460713921e-07,GOOD,0.35968660202607483,0.49175901826412594,,674,9689.538331
HENRY MILLER RECLAMATION DIST. 2131,Onions & Garlic,San Joaquin River,772.3914929,2039,6.5,1.480822037,0.178481578,74.04110185,0.8220938475297447,0.4158621200492846,0.41,0.17,887.6914461,1905.136225,1355.002253,50,13178.62492,168.57920845515423,13178.62492,769.2946612,12409.33026,-4.882352941,0.9631603256956055,0.036791768,0.4487811265445427,0.6309872761422866,6.457691035204278,0.003157757,342863.37360208266,772.3915057009435,1143.7737027216574,-1.28E-05,0.000641156,1.6573128576156876e-08,5.605616134405491e-07,GOOD,0.6551217479671209,0.46594644170006466,,2039,13142.44187
HENRY MILLER RECLAMATION DIST. 2131,Other Deciduous,San Joaquin River,96.43715622,3553,6.1,3.445837194,0.215021845,172.2918597,0.54254216,0.5586272122329681,0.13,0.17,2284.866179,4950.948854,6009.195442,50,21500.10499,119.1791707523512,21500.10499,769.2946612,20730.81033,-4.882352941,0.2290537926537623,0.7709388763274811,0.14419892842107573,0.14210774088099487,4.517992328904127,0.079764978,118.59919638323856,96.43715631556708,332.30656489588006,-9.56E-08,0.000174891,9.909777309915888e-10,5.262926191593706e-07,GOOD,0.6204120841421951,0.6295417628777134,,3553,21078.29411
HENRY MILLER RECLAMATION DIST. 2131,Pasture,San Joaquin River,539.0958288,200,5,4.600187047,0.350906068,230.00935235000003,0.10289172336777223,0.068524209,0.51,0.17,328.209843,177.7241242,145.0367898,50,769.2946612,4.128127062513899,769.2946612,769.2946612,0,-4.882352941,0.001939982,0.9980591482292303,0.003582638,0.004390067,1.4680759688472644,0.003637172,13.579044709138275,539.0613499,2479.781154758894,0.034478918,0.16049397859615055,6.395693693609056e-05,6.471683665535284e-05,GOOD,2.262942000342034,1.8467377139832826,,200,-58.60836537
HENRY MILLER RECLAMATION DIST. 2131,Tomato Processing,San Joaquin River,10615.20198,97,48.5,2.379660861,0.124471553,118.9830431,2.283636824869254,0.28639447182202826,0.74,0.17,657.2463564,2815.18314,996.9547547,50,4584.67053,37.39043643,4584.67053,769.2946612,3815.375868,-4.882352941,0.3586189775447401,0.6413245516646582,0.083724932,0.23642097648102314,39.519796674169655,0.000127303,7759380.398870326,10615.20268900126,25260.56698220125,-0.000709001,0.013701214455068111,6.679112293960387e-08,5.423950710706881e-07,GOOD,0.6592539471827814,0.23346486717761028,,97,4418.666206
HENRY MILLER RECLAMATION DIST. 2131,Truck Crops,San Joaquin River,621.5500005,910,18.1,2.667732673,0.139554281,133.38663365000002,1.1244727167916924,1.262909809962677,0.41,0.17,7441.94487,27484.23099,27982.75263,50,16336.657859685001,116.76653825735698,16336.657859685001,769.2946612,15567.3632,-4.882352941,0.504291564,0.4956832483620862,0.1776555682233986,0.1676359334013636,15.758315384949094,0.0039241,346117.8881086248,621.5500053129024,1658.1282868977596,-4.81E-06,0.000957339,7.743387292148017e-09,5.773610593285923e-07,GOOD,0.332418674,0.35228740820875265,,910,16112.63318
HENRY MILLER RECLAMATION DIST. 2131,Vineyard,San Joaquin River,45.41249677,1501.721891,10.6898472,3.098484515,0.302297005,154.9242258,0.1329510358537938,0.3058799853780738,0.13,0.17,2773.231975,2743.166444,4105.247296,50,15897.446469529055,98.17398244301157,15897.446469529055,769.2946612,15128.15181,-4.882352941,0.290999766,0.7089909981246478,0.4387970503895346,0.28929040659439664,8.318247051640643,0.16938746467226432,40.75552580259512,45.41249685544227,140.70985783044813,-8.54E-08,6.019888436981091e-05,1.8814705153385994e-09,4.2782260989777426e-07,GOOD,0.9941259073363267,1.5078948555200695,,1501.721891,15572.40611
JAMES I.D.,Alfalfa,Tulare Lake,1366.866941,264,7.7,4.524530937,0.306290873,226.22654684999998,0.13122437452970753,0.081460253,1.86,0.17,739.7198673,484.1807412,381.4811931,50,1805.908723,8.532721174271856,1805.908723,610.894299,1195.014424,-4.882352941,0.005003862,0.9949951448780375,0.007644782,0.009702854,2.6654865660780156,0.000393333,1775137.395689069,1366.8665409409043,6184.423159471724,0.000400059,0.008601845,2.926832771223498e-07,1.3908869337354758e-06,GOOD,1.939072961544676,1.5277763122781245,,264,1008.712015
JAMES I.D.,Almonds & Pistachios,Tulare Lake,11747.80143,4706.761177,1.204129409,4.05750643,0.287448101,202.8753215,0.311217018,0.03090217,0.4,0.17,2039.310074,2110.873995,639.9084906,50,5463.993439774155,26.516846487750655,5463.993439774155,610.894299,4853.099141,-4.882352941,0.028067442802870067,0.9719305367687817,0.026974344493041525,0.085602821,0.5835580967203529,0.000212806,1872083.7323627702,11747.801378087037,47666.73124918563,5.1912962589995004e-05,0.048591402563033625,4.4189513160672314e-09,1.0193976334364866e-06,GOOD,3.0498974152879694,0.9610545813701002,,4706.761177,4843.752066
JAMES I.D.,Corn,Tulare Lake,1119.139446,71,20.6,2.280437339,0.234536008,114.021867,1.320694044672553,0.033525185,0.3,0.17,423.9938724,1022.014707,159.5840787,50,1347.6983720930002,12.122999528603893,1347.6983720930002,610.894299,736.804073,-4.882352941,0.17436303404742842,0.825553502,0.073478126,0.46118331600710755,14.647543606447165,0.002978479,8827.697114132836,1119.1396546801557,2552.1251666866165,-0.00020868,0.00221352,1.8646483823897911e-07,8.673233063784256e-07,GOOD,2.644960375498291,0.4214088525991567,,71,1200.991522
JAMES I.D.,Cotton,Tulare Lake,3617.99277,3438,0.8,3.749301711,0.148539114,187.4650856,1.334590964860844,0.041198802,0.68,0.17,378.6944542,1135.122209,199.4393382,50,2562.2629069100003,13.922977805208799,2562.2629069100003,610.894299,1951.368608,-4.882352941,0.021097815104296497,0.9788978748774658,0.00703856,0.040060429,0.3682638561998293,0.000406465,1103266.9874441258,3617.992814292308,13564.932417219019,-4.43E-05,0.014065727609704481,1.2242232397503947e-08,1.0369172946894717e-06,GOOD,1.8987951731454202,0.3336155801462545,,3438,2046.012505
JAMES I.D.,Dry Beans,Tulare Lake,30.06125249,1030,1.5,1.919782133,0.272510229,95.98910665,0.8579188204514863,0.0413722,1.68,0.17,521.9411016,903.6303871,214.6292221,50,1448.148682,15.192654129404737,1448.148682,610.894299,837.2543833,-4.882352941,0.38447722513695953,0.6153662413027355,0.21669002805636897,0.9867513218321826,1.2497023420698916,0.019800841479778782,23324.185903769314,30.061286397774268,57.71108043211528,-3.39E-05,-2.50E-05,1.1279561381507483e-06,4.3330019406409664e-07,GOOD,2.5664753522934403,0.5635965250716192,,1030,1359.550027
JAMES I.D.,Grain,Tulare Lake,614.0946858,303,2.9,0.715524558,0.351483763,35.7762279,0.6729928083090427,0.036299510576689786,0.74,0.17,345.3012994,477.8051109,110.9675411,50,841.9729739769999,22.785867342840877,841.9729739769999,610.894299,231.0786749,-4.882352941,0.9910828089107777,0.008212035,0.7162380103251915,3.0839845376543886,2.9198596066001494,0.002200559,27227.174640930767,614.0964701710204,439.4006766429718,-0.001784371,-0.000848016,2.90569363602986e-06,1.9299410757227126e-06,GOOD,3.1117324505343373,0.7226823065494933,,303,852.0404543
JAMES I.D.,Onions & Garlic,Tulare Lake,619.2037239,2366,7.7,1.253629891,0.178481578,62.681494550000004,0.8220938475297447,0.4158621200492846,0.41,0.17,887.6914461,1905.136225,1355.002253,50,18154.684531849998,273.1723023073816,18154.684531849998,610.894299,17543.79023,-4.882352941,0.9896620518382303,0.010302215830494212,0.46112951153960835,0.6483491332969888,7.689111273344549,0.003938969,388588.9319299708,619.2037348078311,776.2515669333983,-1.09E-05,0.000729966,1.7615900350739113e-08,9.403722936715197e-07,GOOD,0.6551217479671209,0.46594644170006466,,2366,18138.20417
JAMES I.D.,Other Deciduous,Tulare Lake,290.231365,1787.850878,4.718225356,3.502172688,0.215021845,175.1086344,0.54254216,0.5586272122329681,0.13,0.17,2284.866179,4950.948854,6009.195442,50,8259.471557,45.64349775297157,8259.471557,610.894299,7648.577258,-4.882352941,0.094000887,0.9059912811881092,0.059177484,0.058319286,2.9196424481741112,0.026504054,131.69029776871753,290.23136552450967,1016.4393646095886,-5.25E-07,0.000995094,1.8072122812729276e-09,9.789992703687e-07,GOOD,0.6204120841421951,0.6295417628777134,,1787.850878,7820.906477
JAMES I.D.,Pasture,Tulare Lake,4.2751005,170,5,4.768194291,0.350906068,238.40971455000002,0.10289172336777223,0.068524209,0.51,0.17,328.209843,177.7241242,145.0367898,50,610.894299,3.3856315691785315,610.894299,610.894299,0,-4.882352941,0.001248491,0.9987508045260521,0.002305635,0.002825262,1.360142989645217,0.45865221501236997,0.10768360229159946,4.2735118639991185,20.376933413433306,0.001588636,0.007576384,0.000371602,0.000371674,GOOD,2.262942000342034,1.8467377139832826,,170,-287.3061618
JAMES I.D.,Tomato Processing,Tulare Lake,671.8933679,93,51.2,2.220206136,0.124471553,111.0103068,2.283636824869254,0.28639447182202826,0.74,0.17,657.2463564,2815.18314,996.9547547,50,4649.743266,40.54165520846828,4649.743266,610.894299,4038.848967,-4.882352941,0.4602524641506044,0.539676075,0.10745278041108869,0.30342325369188755,43.889156087037684,0.002011259,519898.5858690201,671.8934264290904,1491.7404321082315,-5.85E-05,0.001346041,8.711068321374779e-08,9.023284549896774e-07,GOOD,0.6592539471827814,0.23346486717761028,,93,4512.439733
JAMES I.D.,Vineyard,Tulare Lake,1694.099139,1492.427601,10.07028874,4.00891598,0.302297005,200.44579900000002,0.1329510358537938,0.3058799853780738,0.13,0.17,2773.231975,2743.166444,4105.247296,50,14827.924210209516,71.12205177070149,14827.924210209516,610.894299,14217.02991,-4.882352941,0.077593104,0.9224042555012943,0.11700224270976159,0.077137315,5.982099999324599,0.004540648,1428.8067775081581,1694.0991383862718,6791.4943876871475,6.137281616247492e-07,0.006722354,3.6227405320979225e-10,9.898186107573713e-07,GOOD,0.9941259073363267,1.5078948555200695,,1492.427601,14224.86537
LAGUNA W.D.,Cotton,San Joaquin River,85.7174307,3927,0.8,3.634047537,0.148539114,181.70237684999998,1.334590964860844,0.041198802,0.68,0.17,378.6944542,1135.122209,199.4393382,50,2959.2256156100007,16.405812746167978,2959.2256156100007,817.2163598,2142.009256,-4.882352941,0.029041102696383558,0.9709537603727914,0.009688564,0.055143105622713545,0.3922841031184156,0.017156233257165483,28692.022351510845,85.71686382252267,311.4918190858457,0.000566877,0.009398827,6.613327915876668e-06,3.0172682856334058e-05,GOOD,1.8987951731454202,0.3336155801462545,,3927,2479.760596
LAGUNA W.D.,Grain,San Joaquin River,140.1836207,187,4.5,0.466656841,0.351483763,23.33284205,0.6729928083090427,0.036299510576689786,0.74,0.17,345.3012994,477.8051109,110.9675411,50,817.2163598,33.002818593879816,817.2163598,817.2163598,0,-4.882352941,0.9985781454916824,0.000689851,0.7216547574538446,3.107308019720867,4.525352332948265,0.009639866,9.43951813,140.18418981803862,65.41646024785459,-0.000569118,0.001185348,4.0598041038631814e-06,1.8119697504148197e-05,GOOD,3.1117324505343373,0.7226823065494933,,187,829.5507936
MERCY SPRINGS W.D.,Almonds & Pistachios,San Joaquin River,672.1308137,4618,1.5,3.805829794,0.287448101,190.2914897,0.311217018,0.03090217,0.4,0.17,2039.310074,2110.873995,639.9084906,50,6736.027717,34.545028004732856,6736.027717,619.2946612,6116.733056,-4.882352941,0.049325869,0.9506712508737214,0.047404852,0.1504388400778696,0.8144993723772759,0.003719514,134994.9520050287,672.1308383666392,2558.009271689887,-2.47E-05,0.006204555,3.669916436366683e-08,2.4255345965803303e-06,GOOD,3.0498974152879694,0.9610545813701002,,4618,6202.153412
MERCY SPRINGS W.D.,Pasture,San Joaquin River,2298.616176,170,5,4.600187047,0.350906068,230.00935235000003,0.10289172336777223,0.068524209,0.51,0.17,328.209843,177.7241242,145.0367898,50,619.2946612,3.5089080031368143,619.2946612,619.2946612,0,-4.882352941,0.00156248,0.9984366497376367,0.002885491,0.003535802,1.4201224842247784,0.000853028,57.89881901,2298.616181,10574.029585429462,-5.03E-06,0.034773430410496076,2.1890300464583516e-09,3.288558611936182e-06,GOOD,2.262942000342034,1.8467377139832826,,170,-208.6083654
ORO LOMA W.D.,Pasture,San Joaquin River,1049.217692,170,5,4.600187047,0.350906068,230.00935235000003,0.10289172336777223,0.068524209,0.51,0.17,328.209843,177.7241242,145.0367898,50,619.2946612,3.5089080031368143,619.2946612,619.2946612,0,-4.882352941,0.00156248,0.9984366497376369,0.002885491,0.003535802,1.4201224842247784,0.001868806,26.428277104278116,1049.217702483086,4826.570196040133,-1.05E-05,0.027440181503152417,9.991335567069107e-09,5.685201786290431e-06,GOOD,2.262942000342034,1.8467377139832826,,170,-208.6083654
PACHECO W.D.,Almonds & Pistachios,San Joaquin River,1767.952722,4804.970221,1.007195762,4.089806483,0.287448101,204.49032415000002,0.311217018,0.03090217,0.4,0.17,2039.310074,2110.873995,639.9084906,50,4634.374525886404,22.464619536475944,4634.374525886404,817.2163598,3817.158166,-4.882352941,0.022843353751340185,0.9771547075271731,0.02195371,0.069669886,0.4686019746371894,0.001414065,221598.74279969253,1767.9522436957566,7230.564274627354,0.000478304,0.020229446,2.705413088617369e-07,2.7977607801558072e-06,GOOD,3.0498974152879694,0.9610545813701002,,4804.970221,4002.590222
PACHECO W.D.,Corn,San Joaquin River,84.18710627,62,26.2,2.415829265,0.234536008,120.7914633,1.320694044672553,0.033525185,0.3,0.17,423.9938724,1022.014707,159.5840787,50,1502.7287757929998,12.714983589017047,1502.7287757929998,817.2163598,685.512416,-4.882352941,0.14363922590088715,0.8562991095119079,0.060530841,0.37992006087509433,17.889825842252467,0.039594345,617.8491443580615,84.18705513664392,203.38104627069367,5.1133356080868e-05,0.000628792,6.073775230719544e-07,3.091684819384613e-06,GOOD,2.644960375498291,0.4214088525991567,,62,1330.999693
PACHECO W.D.,Cotton,San Joaquin River,548.3779211,3707.279528,0.8,3.634047537,0.148539114,181.70237684999998,1.334590964860844,0.041198802,0.68,0.17,378.6944542,1135.122209,199.4393382,50,2783.4492380100005,15.487887378169086,2783.4492380100005,817.2163598,1966.232878,-4.882352941,0.027363363850103982,0.9726314903428679,0.009128845,0.051957423199599326,0.3878221912101573,0.002681706,168495.48932793137,548.3774930907766,1992.8247593118003,0.000428009,0.006674207,7.80500466716784e-07,3.3491075675051457e-06,GOOD,1.8987951731454202,0.3336155801462545,,3707.279528,2303.984218
PACHECO W.D.,Cucurbits,San Joaquin River,380.3157961,372,15.4,2.299627126,0.087908733,114.98135629999999,0.5954029958862788,4.8590594140887005,0.05,0.17,920.9338517,2396.72349,6846.813993,50,5612.848383,47.05410883838947,5612.848383,817.2163598,4795.632023,-4.882352941,0.4556575411501956,0.5442708296265695,0.1750850501323438,0.061288425987749175,13.164997821439194,0.052587876,0.000187966,380.31579092288445,874.5823717084609,5.177115554033662e-06,0.002149449,1.3612675589925786e-08,2.4576805695649425e-06,GOOD,0.13450545739469513,0.38424701518246485,,372,5458.843383
PACHECO W.D.,Grain,San Joaquin River,519.8582881,187,4.5,0.466656841,0.351483763,23.33284205,0.6729928083090427,0.036299510576689786,0.74,0.17,345.3012994,477.8051109,110.9675411,50,817.2163598,33.002818593879816,817.2163598,817.2163598,0,-4.882352941,0.9985781454916824,0.000689851,0.7216547574538446,3.107308019720867,4.525352332948265,0.002599461,35.00559987638521,519.8594964047281,242.5954115639568,-0.001208305,1.4928457090945813e-05,2.3242963627035863e-06,6.153643251560901e-08,GOOD,3.1117324505343373,0.7226823065494933,,187,829.5507936
PACHECO W.D.,Tomato Processing,San Joaquin River,710.6489481,95.55716397,49.47391432,2.379660861,0.124471553,118.9830431,2.283636824869254,0.28639447182202826,0.74,0.17,657.2463564,2815.18314,996.9547547,50,4607.757472656971,37.573926893773816,4607.757472656971,817.2163598,3790.541113,-4.882352941,0.3597751225859237,0.6401685084169829,0.083994851,0.23718316966293926,40.338914156919095,0.001901574,516081.00493173156,710.6487590483688,1691.0988588209773,0.000189052,0.004628883,2.660267516070077e-07,2.7371970117081522e-06,GOOD,0.6592539471827814,0.23346486717761028,,95.55716397,4441.753149
PACHECO W.D.,Truck Crops,San Joaquin River,239.6583274,910,18.1,2.667732673,0.139554281,133.38663365000002,1.1244727167916924,1.262909809962677,0.41,0.17,7441.94487,27484.23099,27982.75263,50,16336.657859685001,116.76653825735698,16336.657859685001,817.2163598,15519.4415,-4.882352941,0.5042915644550272,0.4956832483620862,0.17765556822339867,0.16763593340136368,15.758315384949096,0.010177090096156211,133045.91365570785,239.6583174720655,639.3427869947419,9.927934485176593e-06,0.001563367,4.1425368326995144e-08,2.4452656355667375e-06,GOOD,0.332418674,0.35228740820875265,,910,16112.63318
PACHECO W.D.,Vineyard,San Joaquin River,153.6229118,1492.427601,10.07028874,3.098484515,0.302297005,154.9242258,0.1329510358537938,0.3058799853780738,0.13,0.17,2773.231975,2743.166444,4105.247296,50,14873.445783459516,91.91165680360751,14873.445783459516,817.2163598,14056.22942,-4.882352941,0.2774565685742986,0.7225340193179203,0.41837533238343627,0.27582676298034836,7.761081434567013,0.050072659,128.1004743678899,153.6229091359054,475.9970648572856,2.6640946089173667e-06,0.001148504,1.7341779150662908e-08,2.4128330588887936e-06,GOOD,0.9941259073363267,1.5078948555200695,,1492.427601,14548.40542
PANOCHE W.D.,Alfalfa,San Joaquin River,1157.379182,272.8591274,7.257043628,4.134965358,0.306290873,206.74826789999997,0.13122437452970753,0.081460253,1.86,0.17,739.7198673,484.1807412,381.4811931,50,1772.737594,9.092283164459689,1772.737594,619.2946612,1153.442933,-4.882352941,0.008314147,0.9916841719483407,0.012702157243950643,0.016121738154393956,2.783077315213701,0.000464527,1450802.7680171472,1157.3793795512665,4785.718551077741,-0.000197551,0.004272563,1.7068845691201868e-07,8.927726892734114e-07,GOOD,1.939072961544676,1.5277763122781245,,272.8591274,1124.734691
PANOCHE W.D.,Alfalfa,Tulare Lake,128.2301119,264,7.7,4.524530937,0.306290873,226.22654684999998,0.13122437452970753,0.081460253,1.86,0.17,739.7198673,484.1807412,381.4811931,50,1805.908723,8.532721174271856,1805.908723,619.2946612,1186.614062,-4.882352941,0.005003862,0.9949951448780379,0.007644782,0.009702854,2.665486566078016,0.004192731,165360.9221938746,128.23011109151756,580.1805214015245,8.084824401066726e-07,0.000586945,6.304934372490964e-09,1.0116582371207846e-06,GOOD,1.939072961544676,1.5277763122781245,,264,1008.712015
PANOCHE W.D.,Almonds & Pistachios,San Joaquin River,16013.1856,4668.818509,1.33120053,3.939568441,0.287448101,196.9784221,0.311217018,0.03090217,0.4,0.17,2039.310074,2110.873995,639.9084906,50,6017.474459,29.946364620883813,6017.474459,619.2946612,5398.179797,-4.882352941,0.036450123692689136,0.9635474937814212,0.035030558,0.11116913803725938,0.6800210416341085,0.000156121,2838389.5197312287,16013.185791099797,63084.978842435594,-0.0001911,0.0617872,1.1933902534130809e-08,9.794271263326286e-07,GOOD,3.0498974152879694,0.9610545813701002,,4668.818509,5438.494131
PANOCHE W.D.,Almonds & Pistachios,Tulare Lake,464.1133358,4658.050883,1.366497057,3.927257655,0.287448101,196.3628828,0.311217018,0.03090217,0.4,0.17,2039.310074,2110.873995,639.9084906,50,6168.169147134751,30.765298224261603,6168.169147134751,619.2946612,5548.874486,-4.882352941,0.037996076962027295,0.9620015001358606,0.036516304,0.11588413691756981,0.7038900412626621,0.005386615,84561.99738366577,464.11334130622834,1822.6909060605808,-5.51E-06,0.001744748,1.1863973505581852e-08,9.572362921381007e-07,GOOD,3.0498974152879694,0.9610545813701002,,4658.050883,5593.415621
PANOCHE W.D.,Citrus & Subtropical,San Joaquin River,165.7962113,583,16.5,3.247465856,0.183365181,162.3732928,0.094855843,0.7506750003126099,0.13,0.17,2549.235389,1743.692937,5418.931559,50,9456.440449541999,56.18455678122529,9456.440449541999,619.2946612,8837.145788,-4.882352941,0.15627117363053192,0.8437205160465525,0.21727275172012533,0.077234499,11.321235295660742,0.046396160877215965,86.91849570712863,165.7962121700332,538.4170516031941,-8.70E-07,0.000483648,5.2476058973139015e-09,8.982763108465533e-07,GOOD,0.49423381869050864,1.3903572019867076,,583,9091.16938
PANOCHE W.D.,Corn,San Joaquin River,123.685401,62,26.2,2.415829265,0.234536008,120.7914633,1.320694044672553,0.033525185,0.3,0.17,423.9938724,1022.014707,159.5840787,50,1502.7287757929998,12.714983589017047,1502.7287757929998,619.2946612,883.4341145,-4.882352941,0.14363922590088707,0.8562991095119081,0.060530841,0.3799200608750941,17.889825842252463,0.026950095,1169.717187,123.68542584691286,298.80260338619524,-2.48E-05,0.000208003,2.008880002335368e-07,6.961208433693387e-07,GOOD,2.644960375498291,0.4214088525991567,,62,1330.999693
PANOCHE W.D.,Cotton,San Joaquin River,487.8407532,3438,0.8,3.634047537,0.148539114,181.70237684999998,1.334590964860844,0.041198802,0.68,0.17,378.6944542,1135.122209,199.4393382,50,2568.0256156100004,14.362919333161575,2568.0256156100004,619.2946612,1948.730954,-4.882352941,0.025299278667835667,0.9746955646049389,0.008440234,0.048038148,0.3820441065307653,0.003014484,148560.59167515498,487.84079531540004,1772.8348589688017,-4.21E-05,0.001628646,8.633022102584294e-08,9.186667210878333e-07,GOOD,1.8987951731454202,0.3336155801462545,,3438,2088.560596
PANOCHE W.D.,Cucurbits,San Joaquin River,1371.918493,485,17.3,2.299627126,0.087908733,114.98135629999999,0.5954029958862788,4.8590594140887005,0.05,0.17,920.9338517,2396.72349,6846.813993,50,8274.548383133999,68.91626522282273,8274.548383133999,619.2946612,7655.253722,-4.882352941,0.5523781152145844,0.44756298288021085,0.21224964202331972,0.074297871,15.363425220099375,0.014578126,0.001082364,1371.9184985948582,3154.897960920226,-5.59E-06,0.003020244,4.0781273250094545e-09,9.573180371303143e-07,GOOD,0.13450545739469513,0.38424701518246485,,485,8120.543383
PANOCHE W.D.,Grain,San Joaquin River,2464.280152,277.5031915,3.251680117,0.466656841,0.351483763,23.33284205,0.6729928083090427,0.036299510576689786,0.74,0.17,345.3012994,477.8051109,110.9675411,50,878.0679700315934,35.38936007068039,878.0679700315934,619.2946612,258.7733088,-4.882352941,0.9986765126498568,0.000642126,0.7217258456586028,3.107614111999025,3.2687449916287914,0.000548376,122333.76197950682,2464.2881903200027,1149.975848223986,-0.00803832,-0.002657153,3.26193432041431e-06,2.310621401478261e-06,GOOD,3.1117324505343373,0.7226823065494933,,277.5031915,890.4024038
PANOCHE W.D.,Onions & Garlic,San Joaquin River,305.4238675,2366,7.7,1.480822037,0.178481578,74.04110185,0.8220938475297447,0.4158621200492846,0.41,0.17,887.6914461,1905.136225,1355.002253,50,18143.324924549997,231.72820277494176,18143.324924549997,619.2946612,17524.03026,-4.882352941,0.9729684600067496,0.026996388399375862,0.45335119182653666,0.6374127982364995,7.663348646144286,0.007985703,191456.63112107027,305.4238736151558,452.2780055402622,-6.12E-06,0.00038808,2.0021866257870935e-08,8.580544888460249e-07,GOOD,0.6551217479671209,0.46594644170006466,,2366,18107.14187
PANOCHE W.D.,Other Deciduous,San Joaquin River,402.1734858,1850,7.8,3.445837194,0.215021845,172.2918597,0.54254216,0.5586272122329681,0.13,0.17,2284.866179,4950.948854,6009.195442,50,14256.804986433997,79.34903470890117,14256.804986433997,619.2946612,13637.51033,-4.882352941,0.1645879326860754,0.8354041232816736,0.10361497729159033,0.10211234234242335,5.403442834564044,0.019126839445932693,325.3658317676064,402.1734869524208,1385.8230519218175,-1.15E-06,0.001303888,2.865481773786034e-09,9.408756945675624e-07,GOOD,0.6204120841421951,0.6295417628777134,,1850,13834.99411
PANOCHE W.D.,Pasture,San Joaquin River,240.7535507,170,5,4.600187047,0.350906068,230.00935235000003,0.10289172336777223,0.068524209,0.51,0.17,328.209843,177.7241242,145.0367898,50,619.2946612,3.5089080031368143,619.2946612,619.2946612,0,-4.882352941,0.00156248,0.9984366497376369,0.002885491,0.003535802,1.4201224842247784,0.008144363,6.0642339528320415,240.74463471946942,1107.4689451675042,0.008915981,0.042420281893782885,3.703364085250139e-05,3.830234453311447e-05,GOOD,2.262942000342034,1.8467377139832826,,170,-208.6083654
PANOCHE W.D.,Tomato Processing,San Joaquin River,4402.542612,93,51.2,2.379660861,0.124471553,118.9830431,2.283636824869254,0.28639447182202826,0.74,0.17,657.2463564,2815.18314,996.9547547,50,4641.77053,37.84425595082051,4641.77053,619.2946612,4022.475868,-4.882352941,0.3614708505496951,0.6384729297546339,0.084390744,0.23830108501640376,41.784928067681065,0.000306948,3392795.9332090397,4402.5430993675545,10476.549221095978,-0.000487368,0.009121565,1.1070138265414694e-07,8.706642805318955e-07,GOOD,0.6592539471827814,0.23346486717761028,,93,4475.766206
PANOCHE W.D.,Truck Crops,San Joaquin River,480.3086554,941,19.4,2.667732673,0.139554281,133.38663365000002,1.1244727167916924,1.262909809962677,0.41,0.17,7441.94487,27484.23099,27982.75263,50,18121.05786,129.41654195272628,18121.05786,619.2946612,17501.7632,-4.882352941,0.5301705490074566,0.4698055787332491,0.18677240861844838,0.17623859114285137,17.061337247975345,0.005078035,300700.8821205004,480.3086613,1281.3339081077586,-5.86E-06,0.001185028,1.219146257065243e-08,9.248381049498889e-07,GOOD,0.332418674,0.35228740820875265,,941,17897.03318
PANOCHE W.D.,Vineyard,San Joaquin River,2864.138053,1492.914288,10.10273139,3.098484515,0.302297005,154.9242258,0.1329510358537938,0.3058799853780738,0.13,0.17,2773.231975,2743.166444,4105.247296,50,14926.78096,92.23783063757574,14926.78096,619.2946612,14307.4863,-4.882352941,0.27817472721816633,0.7218158700290425,0.41945824010797167,0.27654070309379475,7.790149261300633,0.002685732,2430.9892051690204,2864.1380633752715,8874.478864582534,-1.04E-05,0.00854146,3.6224760002859188e-09,9.624736421933253e-07,GOOD,0.9941259073363267,1.5078948555200695,,1492.914288,14601.7406
PATTERSON W.D.,Alfalfa,San Joaquin River,1953.205988,280,7.1,4.134965358,0.306290873,206.74826789999997,0.13122437452970753,0.081460253,1.86,0.17,739.7198673,484.1807412,381.4811931,50,1780.587002,9.128325393752744,1780.587002,734.2163598,1046.370643,-4.882352941,0.008350647,0.9916476719758923,0.012757921131769224,0.016192514384023006,2.725037759339355,0.000275257,2221170.964372554,1953.199903569638,8076.399286831056,0.00608443,0.039810587106330786,3.1150991750145894e-06,4.929225197656384e-06,GOOD,1.939072961544676,1.5277763122781245,,280,1132.584099
PATTERSON W.D.,Almonds & Pistachios,San Joaquin River,4452.544538,4807.659494,1.100220392,4.125147272,0.287448101,206.25736360000002,0.311217018,0.03090217,0.4,0.17,2039.310074,2110.873995,639.9084906,50,5082.546856400202,24.343527819737577,5082.546856400202,734.2163598,4348.330497,-4.882352941,0.023792771972773772,0.9762053867774247,0.022866152507928353,0.072565514,0.515809379,0.000561477,635745.5259937539,4452.543821985347,18367.367872556682,0.000716015,0.034081833,1.6081021699488068e-07,1.8555608792657832e-06,GOOD,3.0498974152879694,0.9610545813701002,,4807.659494,4438.013445
PATTERSON W.D.,Corn,San Joaquin River,1260.277075,69,26.9,2.415829265,0.234536008,120.7914633,1.320694044672553,0.033525185,0.3,0.17,423.9938724,1022.014707,159.5840787,50,1734.4287757929999,14.528614281934587,1734.4287757929999,734.2163598,1000.212416,-4.882352941,0.16219142980834717,0.8377482415063601,0.068348904,0.4289899050884906,18.79185366,0.002644921,13493.763166465624,1260.276724228129,3044.6081297739597,0.000350772,0.00611002,2.7832916892408365e-07,2.0068288325288996e-06,GOOD,2.644960375498291,0.4214088525991567,,69,1562.699693
PATTERSON W.D.,Cucurbits,San Joaquin River,128.884954,507,13.6,2.299627126,0.087908733,114.98135629999999,0.5954029958862788,4.8590594140887005,0.05,0.17,920.9338517,2396.72349,6846.813993,50,6779.248383,56.63445944394341,6779.248383,734.2163598,6045.032023,-4.882352941,0.5027420154352301,0.4971925511182276,0.19317711883780384,0.067621545,11.854303737421164,0.15517715124451223,8.029481625401611e-05,128.8849530701698,296.3868895060332,9.298302074967069e-07,0.000446846,7.214420137021633e-09,1.5076407597971032e-06,GOOD,0.13450545739469513,0.38424701518246485,,507,6625.243383
PATTERSON W.D.,Dry Beans,San Joaquin River,175.5792852,1752,1.3,2.212101358,0.272510229,110.6050679,0.8579188204514863,0.0413722,1.68,0.17,521.9411016,903.6303871,214.6292221,50,2166.1327210739996,19.459906781997343,2166.1327210739996,734.2163598,1431.916361,-4.882352941,0.2887297369606794,0.7111916700994849,0.16272707643588155,0.741017753,1.0183426341729913,0.003390139,232956.17830156165,175.5791142,388.3981795820768,0.000171009,0.000995646,9.739727541683965e-07,2.5634593890397916e-06,GOOD,2.5664753522934403,0.5635965250716192,,1752,2031.758578
PATTERSON W.D.,Grain,San Joaquin River,556.3787811,205,3.7,0.466656841,0.351483763,23.33284205,0.6729928083090427,0.036299510576689786,0.74,0.17,345.3012994,477.8051109,110.9675411,50,734.2163598,29.74763862561835,734.2163598,734.2163598,0,-4.882352941,0.9984177420697912,0.000767675,0.7215388367389337,3.1068088871877912,3.7231686088212115,0.002428833,37.46477345216633,556.3869604584758,259.6413920155621,-0.008179358,-0.003427628,1.4701061136111151e-05,1.320156708843814e-05,GOOD,3.1117324505343373,0.7226823065494933,,205,746.5507936
PATTERSON W.D.,Other Deciduous,San Joaquin River,1746.30949,3142.659184,1.879958393,3.445837194,0.215021845,172.2918597,0.54254216,0.5586272122329681,0.13,0.17,2284.866179,4950.948854,6009.195442,50,5734.873495733332,32.48784013908237,5734.873495733332,734.2163598,5000.657136,-4.882352941,0.073432087,0.9265591025545332,0.046228565,0.045558153891336446,1.107906410613384,0.004404894,518.0641437356751,1746.3094254312457,6017.487907482764,6.456875439653231e-05,0.010285394407219428,3.6974405033172164e-08,1.7092476104760789e-06,GOOD,0.6204120841421951,0.6295417628777134,,3142.659184,5313.06262
PATTERSON W.D.,Pasture,San Joaquin River,416.0416043,344,5,4.600187047,0.350906068,230.00935235000003,0.10289172336777223,0.068524209,0.51,0.17,328.209843,177.7241242,145.0367898,50,1489.294661,7.100378547523906,1489.294661,734.2163598,755.0783014,-4.882352941,0.003748024,0.9962511074083076,0.006921618,0.008481562,1.6399401868129548,0.004712952,22560.197794627707,416.04104926228104,1913.8630953666868,0.000555038,0.006103747,1.334091863038278e-06,3.189218613096219e-06,GOOD,2.262942000342034,1.8467377139832826,,344,661.3916346
PATTERSON W.D.,Tomato Processing,San Joaquin River,843.5879936,100,50.3,2.379660861,0.124471553,118.9830431,2.283636824869254,0.28639447182202826,0.74,0.17,657.2463564,2815.18314,996.9547547,50,4910.17053,39.97744611740322,4910.17053,734.2163598,4175.95417,-4.882352941,0.37454332234621307,0.6254016089320167,0.087442707,0.2469191636476938,41.33857260896666,0.001601909,674910.7461494347,843.5878574480199,2007.4497006269796,0.000136152,0.003630552,1.6139629904596564e-07,1.8085364189817513e-06,GOOD,0.6592539471827814,0.23346486717761028,,100,4744.166206
PATTERSON W.D.,Truck Crops,San Joaquin River,9.02919326,717,19.8,2.667732673,0.139554281,133.38663365000002,1.1244727167916924,1.262909809962677,0.41,0.17,7441.94487,27484.23099,27982.75263,50,14062.25786,100.64281689177307,14062.25786,734.2163598,13328.0415,-4.882352941,0.46686139827441914,0.533111513,0.16446939199080934,0.15519344717450162,16.97279570574914,0.27012650189347065,4304.759124248369,9.029192969453232,24.087479956047414,2.9054676708994975e-07,-6.09E-06,3.2178596550490686e-08,2.5264226805943205e-07,GOOD,0.332418674,0.35228740820875265,,717,13838.23318
PATTERSON W.D.,Vineyard,San Joaquin River,18.47881382,1630.308163,11.30505992,3.098484515,0.302297005,154.9242258,0.1329510358537938,0.3058799853780738,0.13,0.17,2773.231975,2743.166444,4105.247296,50,18275.000388624125,112.71402823513277,18275.000388624125,734.2163598,17540.78403,-4.882352941,0.320568522,0.6794226275890476,0.4833836250068598,0.3186854726921451,8.970760522,0.41627713592644944,19.228576930616914,18.47881364823164,57.25627028744389,1.7176835953591763e-07,4.8189394107112093e-05,9.295421297551534e-09,8.416432524666468e-07,GOOD,0.9941259073363267,1.5078948555200695,,1630.308163,17949.96003
PLEASANT VALLEY W.D.,Alfalfa,Tulare Lake,50.1504379,264,7.7,4.524530937,0.306290873,226.22654684999998,0.13122437452970753,0.081460253,1.86,0.17,739.7198673,484.1807412,381.4811931,50,1805.908723,8.532721174271856,1805.908723,841.972974,963.9357494,-4.882352941,0.005003862,0.9949951448780378,0.007644782,0.009702854,2.665486566078016,0.010720432983540319,52539.033499387726,50.150198850910435,226.90562246596178,0.000239049,0.001585317,4.76664012469087e-06,6.986629913666861e-06,GOOD,1.939072961544676,1.5277763122781245,,264,1008.712015
PLEASANT VALLEY W.D.,Almonds & Pistachios,Tulare Lake,10238.68066,4618,1.5,3.820163692,0.287448101,191.0081846,0.311217018,0.03090217,0.4,0.17,2039.310074,2110.873995,639.9084906,50,6735.311022,34.415869585247414,6735.311022,841.972974,5893.338048,-4.882352941,0.048294309,0.95170287,0.046413467,0.14729268966989517,0.8109988278799035,0.000244172,1981300.3669776323,10238.679260067418,39113.342068960716,0.001399933,0.094042354,1.3672978272081007e-07,2.40434907355366e-06,GOOD,3.0498974152879694,0.9610545813701002,,4618,6196.687901
PLEASANT VALLEY W.D.,Grain,Tulare Lake,4683.284412,303,2.9,0.715524558,0.351483763,35.7762279,0.6729928083090427,0.036299510576689786,0.74,0.17,345.3012994,477.8051109,110.9675411,50,841.9729739769999,22.785867342840877,841.9729739769999,841.972974,0,-4.882352941,0.9910828089107777,0.008212035,0.7162380103251915,3.0839845376543886,2.919859607,0.000288548,315.3574425695186,4683.286295449994,3350.9987041473514,-0.00188345,0.006304737,4.0216434206144845e-07,1.8814466770306814e-06,GOOD,3.1117324505343373,0.7226823065494933,,303,852.0404543
PLEASANT VALLEY W.D.,Lettuce,Tulare Lake,165.6443867,703,19.4,2.300762612,0.164570286,115.03813060000002,0.680529189,1.2720462492145637,0.25,0.17,2859.243032,5814.317411,7949.261967,50,13522.2051,111.9770131032709,13522.2051,841.972974,12680.23213,-4.882352941,0.6678649394503132,0.332095934,0.32842860695711595,0.24022207068323337,17.891769184457345,0.024148117,9617.709269386249,165.6443833415702,381.1076094592888,3.35842980803136e-06,0.000802348,2.027493883094174e-08,2.105300529790215e-06,GOOD,0.35968660202607483,0.49175901826412594,,703,13371.40742
PLEASANT VALLEY W.D.,Onions & Garlic,Tulare Lake,414.712446,2366,7.7,1.253629891,0.178481578,62.681494550000004,0.8220938475297447,0.4158621200492846,0.41,0.17,887.6914461,1905.136225,1355.002253,50,18154.684531849998,273.1723023073816,18154.684531849998,841.972974,17312.71156,-4.882352941,0.9896620518382303,0.010302215830494215,0.46112951153960835,0.6483491332969888,7.689111273344549,0.005881242,256829.94733882367,414.71244257294563,519.8948163,3.427054366511584e-06,0.001102218,8.263688248487204e-09,2.120074534707323e-06,GOOD,0.6551217479671209,0.46594644170006466,,2366,18138.20417
PLEASANT VALLEY W.D.,Other Deciduous,Tulare Lake,192.7330286,1850,7.8,3.502172688,0.215021845,175.1086344,0.54254216,0.5586272122329681,0.13,0.17,2284.866179,4950.948854,6009.195442,50,14253.988211733998,78.07918593547883,14253.988211733998,841.972974,13412.01524,-4.882352941,0.1518622866249745,0.8481303821127658,0.095603652,0.094217198,5.315328398569651,0.039911725,153.3464460048388,192.73302522236617,674.9828830287898,3.3776338455027144e-06,0.00146581,1.7524935243521174e-08,2.1716202095108824e-06,GOOD,0.6204120841421951,0.6295417628777134,,1850,13815.42313
PLEASANT VALLEY W.D.,Tomato Processing,Tulare Lake,667.8228797,93,51.2,2.220206136,0.124471553,111.0103068,2.283636824869254,0.28639447182202826,0.74,0.17,657.2463564,2815.18314,996.9547547,50,4649.743266,40.54165520846828,4649.743266,841.972974,3807.770292,-4.882352941,0.46025246415060456,0.5396760753504058,0.10745278041108873,0.30342325369188766,43.889156087037684,0.002023518,487184.56020789174,667.8227530034158,1482.7008786284891,0.000126697,0.003576643,1.8971584852810147e-07,2.4122424586333566e-06,GOOD,0.6592539471827814,0.23346486717761028,,93,4512.439733
PLEASANT VALLEY W.D.,Truck Crops,Tulare Lake,439.5955571,941,19.4,1.84535452,0.139554281,92.26772600000001,1.1244727167916924,1.262909809962677,0.41,0.17,7441.94487,27484.23099,27982.75263,50,18162.17677,186.4995960885909,18162.17677,841.972974,17320.20379,-4.882352941,0.9081028539167787,0.091856349,0.3199132007933135,0.3018703469793165,19.04064702578442,0.005548337,272357.1708350293,439.59554947293293,811.2078884579813,7.627067077464744e-06,0.001759808,1.7350191452753296e-08,2.169363278194464e-06,GOOD,0.332418674,0.35228740820875265,,941,18082.6064
RECLAMATION DISTRICT 1606,Almonds & Pistachios,Tulare Lake,523.4634039,4712.278285,1.185739051,4.072258886,0.287448101,203.6129443,0.311217018,0.03090217,0.4,0.17,2039.310074,2110.873995,639.9084906,50,5383.238644312809,26.04807900186233,5383.238644312809,1347.698372,4035.540272,-4.882352941,0.027095623690292774,0.9729023965797597,0.026040373282636094,0.082638873,0.5705913102412707,0.004775883,69365.37371896605,523.4632362557766,2131.6642799003885,0.000167644,0.014218127193544206,3.2025968231855077e-07,6.669921006709069e-06,GOOD,3.0498974152879694,0.9610545813701002,,4712.278285,4757.738193
RECLAMATION DISTRICT 1606,Corn,Tulare Lake,165.0853057,71,20.6,2.280437339,0.234536008,114.021867,1.320694044672553,0.033525185,0.3,0.17,423.9938724,1022.014707,159.5840787,50,1347.6983720930002,12.122999528603893,1347.6983720930002,1347.698372,0,-4.882352941,0.17436303404742842,0.8255535023179393,0.073478126,0.46118331600710755,14.647543606447165,0.020191581068946307,0.41437250309986506,165.0854755041815,376.46461193318163,-0.000169804,0.002083305,1.0285844689576578e-06,5.533837001424292e-06,GOOD,2.644960375498291,0.4214088525991567,,71,1200.991522
RECLAMATION DISTRICT 1606,Onions & Garlic,Tulare Lake,103.6588801,2366,7.7,1.253629891,0.178481578,62.681494550000004,0.8220938475297447,0.4158621200492846,0.41,0.17,887.6914461,1905.136225,1355.002253,50,18154.684531849998,273.1723023073816,18154.684531849998,1347.698372,16806.98616,-4.882352941,0.9896620518382303,0.010302215830494203,0.46112951153960835,0.6483491332969888,7.689111273344549,0.023529333790708228,62320.36521301017,103.65888478561592,129.94910769931437,-4.69E-06,0.000762862,4.520226261013296e-08,5.870430092861989e-06,GOOD,0.6551217479671209,0.46594644170006466,,2366,18138.20417
RECLAMATION DISTRICT 1606,Tomato Processing,Tulare Lake,73.48659579,93,51.2,2.220206136,0.124471553,111.0103068,2.283636824869254,0.28639447182202826,0.74,0.17,657.2463564,2815.18314,996.9547547,50,4649.743266,40.54165520846828,4649.743266,1347.698372,3302.044894,-4.882352941,0.46025246415060456,0.5396760753504058,0.10745278041108873,0.30342325369188766,43.889156087037684,0.018389086292867063,46489.48747412943,73.48659759462245,163.15440200882767,-1.80E-06,0.000988878,2.4557164982297824e-08,6.060957450997747e-06,GOOD,0.6592539471827814,0.23346486717761028,,93,4512.439733
SAN BENITO CO. W.D.,Alfalfa,Central Coast,8.12339201,240,6,3.906073496,0.306290873,195.30367479999998,0.13122437452970753,0.081460253,1.86,0.17,739.7198673,484.1807412,381.4811931,50,1244.031595,6.998212669342007,1244.031595,653.2510828,590.7805127,-4.882352941,0.008158003,0.991839647,0.012463603135047364,0.015818962271090743,2.308840087598763,0.066183487,5216.869371202143,8.12334185,31.730337437862598,5.0160398810561446e-05,0.00022879,6.174809580630031e-06,7.210398167007653e-06,GOOD,1.939072961544676,1.5277763122781245,,240,676.6105167
SAN BENITO CO. W.D.,Citrus & Subtropical,Central Coast,93.56230545,1871,10.6,2.611553899,0.183365181,130.577695,0.094855843,0.7506750003126099,0.13,0.17,2549.235389,1743.692937,5418.931559,50,19701.336047391997,143.89472586275997,19701.336047391997,653.2510828,19048.08496,-4.882352941,0.5816753935349627,0.41830975887012123,0.8087365726197877,0.287483651,9.499435544806657,0.082215884,105.7238532839209,93.56230472733498,244.34250479685915,7.22665021157809e-07,0.000498801,7.723890702372693e-09,2.0413947195640677e-06,GOOD,0.49423381869050864,1.3903572019867076,,1871,19490.56042
SAN BENITO CO. W.D.,Cucurbits,Central Coast,113.9966187,557,13.9,1.662176564,0.087908733,83.10882819999999,0.5954029958862788,4.8590594140887005,0.05,0.17,920.9338517,2396.72349,6846.813993,50,7658.220911,87.69860801108968,7658.220911,653.2510828,7004.969828,-4.882352941,0.8851009429080251,0.11479708021199742,0.3400973954475939,0.11905090716631986,13.587143371601396,0.1754438002466822,8.229700969825812e-05,113.99661827631908,189.48212963886823,4.2368091612843273e-07,0.00037834,3.716609500878404e-09,1.996698903531952e-06,GOOD,0.13450545739469513,0.38424701518246485,,557,7598.616082
SAN BENITO CO. W.D.,Grain,Central Coast,3243.914414,268,2.6,0.851962382,0.351483763,42.5981191,0.6729928083090427,0.036299510576689786,0.74,0.17,345.3012994,477.8051109,110.9675411,50,653.2510827770001,15.238474109950149,653.2510827770001,653.2510828,0,-4.882352941,0.9701888892244472,0.028921505741865996,0.7011383442534144,3.018968249747576,2.6180268221724496,0.00041658,218.43485543867897,3243.918567499395,2763.690191426204,-0.004153499,0.002859729,1.2803973425716517e-06,1.034749270982343e-06,GOOD,3.1117324505343373,0.7226823065494933,,268,659.4472289
SAN BENITO CO. W.D.,Lettuce,Central Coast,9015.458991,421,15.9,1.36519475,0.164570286,68.2597375,0.680529189,1.2720462492145637,0.25,0.17,2859.243032,5814.317411,7949.261967,50,6624.683497855001,92.10437770732364,6624.683497855001,653.2510828,5971.432415,-4.882352941,0.9549060527770887,0.04497976,0.46958366304813276,0.3434669133775227,15.783926157397211,0.000443682,246513.33286771798,9015.458866541921,12307.829941884205,0.000124458,0.027341469291059184,1.3804963029215316e-08,2.2214646027817372e-06,GOOD,0.35968660202607483,0.49175901826412594,,421,6598.595019
SAN BENITO CO. W.D.,Onions & Garlic,Central Coast,311.1388125,1570,15.4,1.590455311,0.178481578,79.52276555,0.8220938475297447,0.4158621200492846,0.41,0.17,887.6914461,1905.136225,1355.002253,50,24097.64326,286.55551370350327,24097.64326,653.2510828,23444.39218,-4.882352941,0.9691555202189442,0.030818117493278552,0.45157456609999214,0.6349148584578191,15.311908011453962,0.007839023,260930.8905841437,311.1388099172183,494.85132737783874,2.582781689852709e-06,0.001049421,8.30105916102225e-09,2.120674909509176e-06,GOOD,0.6551217479671209,0.46594644170006466,,1570,24050.10616
SAN BENITO CO. W.D.,Other Deciduous,Central Coast,3793.594103,1830.659695,4.969677609,2.717713319,0.215021845,135.885666,0.54254216,0.5586272122329681,0.13,0.17,2284.866179,4950.948854,6009.195442,50,8960.999676124267,63.342607122271446,8960.999676124267,653.2510828,8307.748593,-4.882352941,0.3334720724837444,0.6665023201829955,0.20993459638190104,0.206890103,3.980952995461293,0.00202771,1869.6573270901508,3793.5940317476216,10309.87816348662,7.125237834770815e-05,0.023057116337440675,1.8782288355879002e-08,2.2364051647133254e-06,GOOD,0.6204120841421951,0.6295417628777134,,1830.659695,8727.174021
SAN BENITO CO. W.D.,Pasture,Central Coast,1110.634207,238.050834,5,4.185193859,0.350906068,209.259693,0.10289172336777223,0.068524209,0.51,0.17,328.209843,177.7241242,145.0367898,50,980.2984906450001,5.399117582731893,980.2984906450001,653.2510828,327.0474079,-4.882352941,0.004300519,0.9956979672576431,0.007941931,0.009731826,1.7041196499266482,0.001765464,26101.162612956254,1110.6304961777607,4648.191639604902,0.003710822,0.027823126833027345,3.341174093089293e-06,5.985760150979583e-06,GOOD,2.262942000342034,1.8467377139832826,,238.050834,313.9394661
SAN BENITO CO. W.D.,Sunflowers,Central Coast,5.29369938,3640,0.6,2.911908699,0.386904762,145.595435,0.3895547862245365,0.081201103,0.74,0.17,734.0697039,736.5793439,336.2917618,50,2037.4521840979999,14.193319683392248,2037.4521840979999,653.2510828,1384.201101,-4.882352941,0.070468871,0.9295115751520192,0.070228772,0.1538219751957539,0.3534763962174846,0.2552754235453679,1404.1940381603565,5.293695643198005,15.414766244345675,3.736801994946859e-06,3.0301672317989414e-06,7.05896146854274e-07,1.965755813685179e-07,GOOD,2.182835824495322,0.9965928458037955,,3640,1759.181726
SAN BENITO CO. W.D.,Tomato Processing,Central Coast,509.4001453,98,52.9,2.094853308,0.124471553,104.74266539999999,2.283636824869254,0.28639447182202826,0.74,0.17,657.2463564,2815.18314,996.9547547,50,5078.610907392999,46.75988031936183,5078.610907392999,653.2510828,4425.359825,-4.882352941,0.5672659920459472,0.4326533695943584,0.13243667948738239,0.37397234435884696,47.29929874279879,0.002652829,431884.0379680617,509.4000772,1067.1160952620633,6.808896301890854e-05,0.002484215,1.336649854679744e-07,2.327965579514245e-06,GOOD,0.6592539471827814,0.23346486717761028,,98,4962.084978
SAN BENITO CO. W.D.,Truck Crops,Central Coast,3182.35908,1206.641638,14.91469593,1.094970985,0.139554281,54.74854925,1.1244727167916924,1.262909809962677,0.40393476,0.17,7441.94487,27484.23099,27982.75263,50,17940.989071332133,307.69227588004014,17940.989071332133,653.2510828,17287.73799,-4.882352941,0.9952251676898409,0.00472957,0.3506052949095753,0.33083143104031354,14.90952194234263,0.000777928,1869141.253001109,3182.359068414527,3484.5832357436643,1.1585473203012953e-05,0.007620708,3.640529843355374e-09,2.1869734334451807e-06,GOOD,0.332418674,0.35228740820875265,,1206.641638,17934.21812
SAN BENITO CO. W.D.,Vineyard,Central Coast,1126.718986,1773.723808,9.242885531,2.457170381,0.277321429,122.8585191,0.12968494119191362,0.08113329,0.13,0.17,3571.632089,2442.416792,1931.85509,50,16270.850637617421,126.45136915342039,16270.850637617421,653.2510828,15617.59955,-4.882352941,0.6217055035464876,0.3782815189983559,0.9091418542628078,1.1494150577378435,8.398480416,0.006827175,1043.888650260398,1126.718976315608,2768.534433,9.684392125564045e-06,0.006087044,8.595215174233378e-09,2.1986471716695216e-06,GOOD,1.8488095266666669,1.4623352199339625,,1773.723808,16091.95367
SAN LUIS W.D.,Alfalfa,San Joaquin River,576.0958634,282,6.8,4.134965358,0.306290873,206.74826789999997,0.13122437452970753,0.081460253,1.86,0.17,739.7198673,484.1807412,381.4811931,50,1710.187002,8.805068800332123,1710.187002,769.2946612,940.8923411,-4.882352941,0.008023189,0.9919751300367647,0.012257638,0.015557548235953735,2.590868215370924,0.000933238,589111.2703878423,576.0953986264678,2382.132881013371,0.000464774,0.003557033,8.067642239281804e-07,1.493211166357298e-06,GOOD,1.939072961544676,1.5277763122781245,,282,1062.184099
SAN LUIS W.D.,Almonds & Pistachios,San Joaquin River,36451.15891,4757.745428,1.060655041,4.108469064,0.287448101,205.4234532,0.311217018,0.03090217,0.4,0.17,2039.310074,2110.873995,639.9084906,50,4840.222425711902,23.318420112130372,4840.222425711902,769.2946612,4070.927764,-4.882352941,0.023218555,0.9767795580918205,0.022314298793597975,0.070814211,0.4949595505148606,6.858492499985099e-05,4872582.351325135,36451.15746523613,149758.35564816394,0.001444764,0.10308051903848536,3.963560860530666e-08,6.883118316891607e-07,GOOD,3.0498974152879694,0.9610545813701002,,4757.745428,4201.721202
SAN LUIS W.D.,Almonds & Pistachios,Tulare Lake,17254.60799,4738,1.1,4.141037405,0.287448101,207.05187024999998,0.311217018,0.03090217,0.4,0.17,2039.310074,2110.873995,639.9084906,50,5004.067337,23.89426375124794,5004.067337,769.2946612,4234.772675,-4.882352941,0.022922008736650002,0.9770761895810781,0.022029301510562947,0.069909775,0.5118630304033684,0.000144889,2399321.5997001887,17254.60732284568,71451.92804355489,0.000667154,0.049051647,3.866528408285682e-08,6.86498106375717e-07,GOOD,3.0498974152879694,0.9610545813701002,,4738,4353.760893
SAN LUIS W.D.,Citrus & Subtropical,San Joaquin River,577.2552697,727.5,12.15,3.247465856,0.183365181,162.3732928,0.094855843,0.7506750003126099,0.13,0.17,2549.235389,1743.692937,5418.931559,50,8676.065449541999,51.626625132163625,8676.065449541999,769.2946612,7906.770788,-4.882352941,0.1452485248987026,0.8547430562105961,0.2019473326708568,0.071786733,8.215140406113996,0.013325660407232645,270.76572948475524,577.2552673674767,1874.615606568716,2.3325233087234665e-06,0.001171978,4.040713755520466e-09,6.25182767319858e-07,GOOD,0.49423381869050864,1.3903572019867076,,727.5,8310.79438
SAN LUIS W.D.,Corn,San Joaquin River,928.50348,62,26.2,2.415829265,0.234536008,120.7914633,1.320694044672553,0.033525185,0.3,0.17,423.9938724,1022.014707,159.5840787,50,1502.7287757929998,12.714983589017047,1502.7287757929998,769.2946612,733.4341145,-4.882352941,0.14363922590088712,0.85629911,0.060530841,0.3799200608750942,17.889825842252463,0.003590006,7290.485989713432,928.5034444892879,2243.1043112301554,3.5510712109498854e-05,0.001568408,3.824510394888219e-08,6.992127304601004e-07,GOOD,2.644960375498291,0.4214088525991567,,62,1330.999693
SAN LUIS W.D.,Cotton,San Joaquin River,1515.844815,3886.969042,0.8,3.634047537,0.148539114,181.70237684999998,1.334590964860844,0.041198802,0.68,0.17,378.6944542,1135.122209,199.4393382,50,2927.200849210001,16.238575567406148,2927.200849210001,769.2946612,2157.906188,-4.882352941,0.028735866,0.9712589953163456,0.009586733,0.054563524,0.3914869227226071,0.000970144,511161.0499,1515.8446638015685,5508.647951,0.000151198,0.004165714,9.974532351287681e-08,7.562129994994601e-07,GOOD,1.8987951731454202,0.3336155801462545,,3886.969042,2447.73583
SAN LUIS W.D.,Cucurbits,San Joaquin River,750.7869123,485,17.3,2.299627126,0.087908733,114.98135629999999,0.5954029958862788,4.8590594140887005,0.05,0.17,920.9338517,2396.72349,6846.813993,50,8274.548383133999,68.91626522282273,8274.548383133999,769.2946612,7505.253722,-4.882352941,0.5523781152145844,0.4475629828802108,0.21224964202331972,0.074297871,15.363425220099375,0.026638716888032786,0.000580721,750.7869119386064,1726.5288830994016,3.6139363146503456e-07,0.001066271,4.813531316867557e-10,6.175806344145651e-07,GOOD,0.13450545739469513,0.38424701518246485,,485,8120.543383
SAN LUIS W.D.,Grain,San Joaquin River,4658.439118,198.9576545,4.335066834,0.466656841,0.351483763,23.33284205,0.6729928083090427,0.036299510576689786,0.74,0.17,345.3012994,477.8051109,110.9675411,50,838.2110892203808,33.82621163677624,838.2110892203808,769.2946612,68.91642798,-4.882352941,0.9986136944994356,0.000672604,0.7216804480927631,3.1074186387218767,4.358885776789055,0.000290087,61818.69084271772,4658.452220967012,2173.897231132704,-0.013102967,-0.004748336,2.812737631649353e-06,2.184255217414465e-06,GOOD,3.1117324505343373,0.7226823065494933,,198.9576545,850.5455229
SAN LUIS W.D.,Other Deciduous,San Joaquin River,1163.107803,2605.3185,6.440658383,3.445837194,0.215021845,172.2918597,0.54254216,0.5586272122329681,0.13,0.17,2284.866179,4950.948854,6009.195442,50,16606.771423843984,92.27125012170767,16606.771423843984,769.2946612,15837.47676,-4.882352941,0.18665307436035034,0.8133391914274429,0.11750590547935987,0.11580182287545307,4.576631544877053,0.006613581,1092.7691469085626,1163.1078003068133,4007.8776224771427,2.693186843316653e-06,0.002505732,2.3155092213895607e-09,6.25201304040167e-07,GOOD,0.6204120841421951,0.6295417628777134,,2605.3185,16184.96055
SAN LUIS W.D.,Other Deciduous,Tulare Lake,115.0328563,1729,1.8,3.502172688,0.215021845,175.1086344,0.54254216,0.5586272122329681,0.13,0.17,2284.866179,4950.948854,6009.195442,50,2936.188212,16.83978118284111,2936.188212,769.2946612,2166.89355,-4.882352941,0.035573408797628804,0.9644182547445542,0.022394946486028796,0.022070172692179185,0.9197867103617996,0.066870527,14.788330300853502,115.03285428297632,402.8646800096755,2.0170236894045956e-06,0.000247547,1.7534326750474644e-08,6.144660314039433e-07,GOOD,0.6204120841421951,0.6295417628777134,,1729,2497.623132
SAN LUIS W.D.,Pasture,San Joaquin River,14.23068243,200,5,4.600187047,0.350906068,230.00935235000003,0.10289172336777223,0.068524209,0.51,0.17,328.209843,177.7241242,145.0367898,50,769.2946612,4.128127062513899,769.2946612,769.2946612,0,-4.882352941,0.001939982,0.9980591482292308,0.003582638,0.004390067,1.4680759688472649,0.1377856840928387,0.3584503211398592,14.220496070086272,65.41691983068186,0.010186359913728182,0.046881154,0.000715803,0.000716139,GOOD,2.262942000342034,1.8467377139832826,,200,-58.60836537
SAN LUIS W.D.,Tomato Processing,San Joaquin River,2718.426708,94.87341916,49.93544206,2.379660861,0.124471553,118.9830431,2.283636824869254,0.28639447182202826,0.74,0.17,657.2463564,2815.18314,996.9547547,50,4617.716655241274,37.65308050910927,4617.716655241274,769.2946612,3848.421994,-4.882352941,0.3602725714599755,0.6396711033411265,0.084110988,0.23751111479667952,40.72629269268975,0.000497108,2004295.0205809954,2718.4266625671967,6468.929426643844,4.543280329016852e-05,0.004213881,1.6712903517488735e-08,6.51402698853148e-07,GOOD,0.6592539471827814,0.23346486717761028,,94.87341916,4451.712332
SAN LUIS W.D.,Truck Crops,San Joaquin River,59.83517133,941,19.4,2.667732673,0.139554281,133.38663365000002,1.1244727167916924,1.262909809962677,0.41,0.17,7441.94487,27484.23099,27982.75263,50,18121.05786,129.41654195272628,18121.05786,769.2946612,17351.7632,-4.882352941,0.5301705490074565,0.4698055787332492,0.18677240861844835,0.17623859114285134,17.06133724797534,0.040762387,37139.21045165174,59.83517113287513,159.62416491778953,1.9712486931666717e-07,7.66338043547421e-05,3.2944648596306973e-09,4.800887610167435e-07,GOOD,0.332418674,0.35228740820875265,,941,17897.03318
SAN LUIS W.D.,Vineyard,San Joaquin River,90.05945215,1492.427601,10.07028874,3.098484515,0.302297005,154.9242258,0.1329510358537938,0.3058799853780738,0.13,0.17,2773.231975,2743.166444,4105.247296,50,14873.445783459516,91.91165680360751,14873.445783459516,769.2946612,14104.15112,-4.882352941,0.27745656857429846,0.7225340193179202,0.41837533238343605,0.2758267629803482,7.761081434567011,0.085413663,75.35327460234741,90.05945196874315,279.0476659087496,1.8125685130598868e-07,0.000152007,2.0126355088646705e-09,5.447360599585115e-07,GOOD,0.9941259073363267,1.5078948555200695,,1492.427601,14548.40542
SANTA CLARA VALLEY W.D.,Alfalfa,Central Coast,73.17201929,277,6,3.906073496,0.306290873,195.30367479999998,0.13122437452970753,0.081460253,1.86,0.17,739.7198673,484.1807412,381.4811931,50,1466.031595,8.077103789198901,1466.031595,390.1092734,1075.922322,-4.882352941,0.009599485,0.9903981684393551,0.014665865816264986,0.018614101837694116,2.376940321046884,0.007347541,85560.01689106785,73.17187149325174,285.81430115518947,0.000147797,0.000984042,2.0198533494850903e-06,3.4429309110795462e-06,GOOD,1.939072961544676,1.5277763122781245,,277,898.6105167
SANTA CLARA VALLEY W.D.,Alfalfa,San Francisco Bay,11.41145783,277,6,3.848948655,0.306290873,192.4474328,0.13122437452970753,0.081460253,1.86,0.17,739.7198673,484.1807412,381.4811931,50,1468.887838,8.196568888,1468.887838,390.1092734,1078.778564,-4.882352941,0.010479580328119378,0.9895178629717101,0.016010455,0.020320670862591768,2.419067381027522,0.04711356,13378.82626882335,11.411435280848767,43.92197765,2.2549151232453823e-05,0.000137619,1.976009688540717e-06,3.1332563466450147e-06,GOOD,1.939072961544676,1.5277763122781245,,277,920.7607371
SANTA CLARA VALLEY W.D.,Citrus & Subtropical,Central Coast,56.29060577,894,4.2,2.611553899,0.183365181,130.577695,0.094855843,0.7506750003126099,0.13,0.17,2549.235389,1743.692937,5418.931559,50,3623.536047,27.24281822199264,3623.536047,390.1092734,3233.426774,-4.882352941,0.20366556958494111,0.796306166,0.28316789146914784,0.10065841219174296,3.053958405386428,0.13665348928270543,10.797921073407181,56.290604243674906,147.00576179421668,1.526325092982006e-06,0.000189181,2.7115094465646326e-08,1.2868968736040087e-06,GOOD,0.49423381869050864,1.3903572019867076,,894,3412.760416
SANTA CLARA VALLEY W.D.,Citrus & Subtropical,San Francisco Bay,56.29060577,894,4.2,2.432378703,0.183365181,121.6189352,0.094855843,0.7506750003126099,0.13,0.17,2549.235389,1743.692937,5418.931559,50,3632.494807,29.238333368344875,3632.494807,390.1092734,3242.385534,-4.882352941,0.2802954433661404,0.7196657537278169,0.3897107883681706,0.13853148733639675,3.2587540789453255,0.13665348928270543,10.827836857027219,56.29060440227243,136.91989611891574,1.367727570311672e-06,0.000174535,2.4297616833262088e-08,1.2747218164966489e-06,GOOD,0.49423381869050864,1.3903572019867076,,894,3457.947796
SANTA CLARA VALLEY W.D.,Corn,Central Coast,773.3514596,721,9.4,2.274255141,0.234536008,113.7127571,1.320694044672553,0.033525185,0.3,0.17,423.9938724,1022.014707,159.5840787,50,6662.807481993001,56.327121342009235,6662.807481993001,390.1092734,6272.698209,-4.882352941,0.5147345254718185,0.485215629,0.21691368577225045,1.3614524237738757,8.233192768072033,0.004310244,51918.30704378966,773.3514394135589,1758.7961771337873,2.018644113377377e-05,0.002355661,2.610254481735224e-08,1.3393582735670822e-06,GOOD,2.644960375498291,0.4214088525991567,,721,6517.199422
SANTA CLARA VALLEY W.D.,Corn,San Francisco Bay,14.93957594,721,9.4,2.304449244,0.234536008,115.22246220000001,1.320694044672553,0.033525185,0.3,0.17,423.9938724,1022.014707,159.5840787,50,6661.297777,55.594686226966566,6661.297777,390.1092734,6271.188503,-4.882352941,0.4952884335906745,0.5046635935947695,0.20871893050507978,1.3100182812899508,8.168885621,0.22312101405827006,1002.7146243154393,14.939575542039579,34.427460380977635,3.9796042017314903e-07,3.4099635954021323e-05,2.6637999751226476e-08,9.904768403411732e-07,GOOD,2.644960375498291,0.4214088525991567,,721,6510.286929
SANTA CLARA VALLEY W.D.,Cucurbits,Central Coast,187.3301612,642,11.8,1.662176564,0.087908733,83.10882819999999,0.5954029958862788,4.8590594140887005,0.05,0.17,920.9338517,2396.72349,6846.813993,50,7491.520911,85.81036318003837,7491.520911,390.1092734,7101.411638,-4.882352941,0.8828437907364618,0.11705222908308183,0.33923009146285804,0.11874730788107431,11.52894860971564,0.10676337367076372,0.0001371,187.3301607883772,311.3754065221603,4.116227785289084e-07,0.000397155,2.1973118257739928e-09,1.2754838914239063e-06,GOOD,0.13450545739469513,0.38424701518246485,,642,7431.916082
SANTA CLARA VALLEY W.D.,Dry Beans,Central Coast,201.5180848,1823,3.5,1.506154421,0.272510229,75.30772105,0.8579188204514863,0.0413722,1.68,0.17,521.9411016,903.6303871,214.6292221,50,6304.330067924001,79.77776139544875,6304.330067924001,390.1092734,5914.220795,-4.882352941,0.9188466101849548,0.081067446,0.5178587565740772,2.3581971775780652,3.448291336925284,0.00295377,1104160.5670254638,201.51807034559732,303.51694608067413,1.4454402673891309e-05,0.000408252,7.172757069538857e-08,1.3450706951038381e-06,GOOD,2.5664753522934403,0.5635965250716192,,1823,6265.903142
SANTA CLARA VALLEY W.D.,Grain,Central Coast,2548.282738,225.4685967,1.923364038,0.851962382,0.351483763,42.5981191,0.6729928083090427,0.036299510576689786,0.74,0.17,345.3012994,477.8051109,110.9675411,50,390.1092733681055,9.483767379291601,390.1092733681055,390.1092734,0,-4.882352941,0.9510811978058891,0.047458997056306206,0.6873295537462147,2.959510226305652,1.9450630461650362,0.000530299,171.59323596504444,2548.2677822114324,2171.025177915081,0.014955788567476702,0.015853560880714213,5.868967498957607e-06,7.302285240521834e-06,GOOD,3.1117324505343373,0.7226823065494933,,225.4685967,396.3054195
SANTA CLARA VALLEY W.D.,Grain,San Francisco Bay,1978.409063,224,1.9,0.399249024,0.351483763,19.9624512,0.6729928083090427,0.036299510576689786,0.74,0.17,345.3012994,477.8051109,110.9675411,50,404.6867507,19.381652610412633,404.6867507,390.1092734,14.57747731,-4.882352941,0.9979674977371994,0.000555861,0.7212134531261455,3.1054078472873963,1.9185688241308214,0.00068305,5658.391115372919,1978.425739544826,789.8834824453088,-0.016676545,-0.00559497,8.42927033535388e-06,7.083335149657313e-06,GOOD,3.1117324505343373,0.7226823065494933,,224,416.5692348
SANTA CLARA VALLEY W.D.,Lettuce,Central Coast,2444.064098,893.3912256,10.5521748,1.36519475,0.164570286,68.2597375,0.680529189,1.2720462492145637,0.25,0.17,2859.243032,5814.317411,7949.261967,50,9358.003875172435,129.7133608752182,9358.003875172435,390.1092734,8967.894602,-4.882352941,0.9676509596019197,0.032267126,0.4758510859161794,0.3480510856064851,10.497136510300434,0.001636618,100362.88517989975,2444.0640844597287,3336.6191061167706,1.3540271083911648e-05,0.004369136,5.540063820335881e-09,1.3094484129796328e-06,GOOD,0.35968660202607483,0.49175901826412594,,893.3912256,9331.915396
SANTA CLARA VALLEY W.D.,Lettuce,San Francisco Bay,49.02699621,898,10.5,1.682308346,0.164570286,84.11541729999999,0.680529189,1.2720462492145637,0.25,0.17,2859.243032,5814.317411,7949.261967,50,9343.927818,105.55741953116541,9343.927818,390.1092734,8953.818545,-4.882352941,0.8975164123690371,0.10240749597760171,0.4413617898225381,0.3228246286276523,10.289069769499221,0.081587703,2010.0813671144988,49.02699577242542,82.47842831928187,4.3757457746096406e-07,9.658411148905088e-05,8.925176153698609e-09,1.1710213246682007e-06,GOOD,0.35968660202607483,0.49175901826412594,,898,9285.374786
SANTA CLARA VALLEY W.D.,Onions & Garlic,Central Coast,215.1344263,1712,5.3,1.590455311,0.178481578,79.52276555,0.8220938475297447,0.4158621200492846,0.41,0.17,887.6914461,1905.136225,1355.002253,50,8993.243261,107.53950323186811,8993.243261,390.1092734,8603.133987,-4.882352941,0.9214229319053331,0.07850991,0.4293337364221309,0.6036442017668112,5.221387219325707,0.011337211027503052,66207.11018253693,215.13442338105662,342.16125034116357,2.9189433803367137e-06,0.000440547,1.3567997602886273e-08,1.287539257775847e-06,GOOD,0.6551217479671209,0.46594644170006466,,1712,8945.706158
SANTA CLARA VALLEY W.D.,Other Deciduous,Central Coast,192.8148602,2398.313786,7.145133767,2.717713319,0.215021845,135.885666,0.54254216,0.5586272122329681,0.13,0.17,2284.866179,4950.948854,6009.195442,50,16999.48399639421,119.30989569845791,16999.48399639421,390.1092734,16609.37472,-4.882352941,0.48694470133921125,0.513035588,0.3065520257050487,0.30210637701985876,6.1760662394112105,0.039894787,189.9835400544028,192.81485912085765,524.0148372477905,1.0791423505907005e-06,0.000676419,5.5967799861034805e-09,1.2908374939351747e-06,GOOD,0.6204120841421951,0.6295417628777134,,2398.313786,16765.65834
SANTA CLARA VALLEY W.D.,Other Deciduous,San Francisco Bay,96.40743008,4047.471437,1.454200834,3.121144607,0.215021845,156.0572304,0.54254216,0.5586272122329681,0.13,0.17,2284.866179,4950.948854,6009.195442,50,5728.875955,35.71320525467494,5728.875955,390.1092734,5338.766682,-4.882352941,0.12411559365809978,0.8758694985817258,0.07813595,0.077002814,0.9537258272762499,0.079789573,30.53412696,96.40742804,300.9011352673493,2.0400890008431816e-06,0.000395202,2.116111796725929e-08,1.3133916988960367e-06,GOOD,0.6204120841421951,0.6295417628777134,,4047.471437,5397.442965
SANTA CLARA VALLEY W.D.,Pasture,Central Coast,1056.048825,249.6163555,5,4.185193859,0.350906068,209.259693,0.10289172336777223,0.068524209,0.51,0.17,328.209843,177.7241242,145.0367898,50,1038.126098,5.661429667234457,1038.126098,390.1092734,648.0168248,-4.882352941,0.004552961,0.9954455262687024,0.008408124,0.010303086235728481,1.7206696107530897,0.001856717,49149.347670442985,1056.047765571164,4419.757744842119,0.001059429,0.011312352046843444,1.0032006200236868e-06,2.559489398757171e-06,GOOD,2.262942000342034,1.8467377139832826,,249.6163555,371.7670736
SANTA CLARA VALLEY W.D.,Pasture,San Francisco Bay,378.2468903,275,5,3.305404007,0.350906068,165.27020034999998,0.10289172336777223,0.068524209,0.51,0.17,328.209843,177.7241242,145.0367898,50,1209.0338132450001,7.890304857440234,1209.0338132450001,390.1092734,818.9245399,-4.882352941,0.020900497,0.97909354,0.038597735152002426,0.047296611,2.324459353667246,0.005183874,22244.24520143465,378.24666909290517,1250.256224710324,0.000221207,0.002562123,5.84821978781172e-07,2.0492738083045412e-06,GOOD,2.262942000342034,1.8467377139832826,,275,828.1928955
SANTA CLARA VALLEY W.D.,Sunflowers,Central Coast,85.06879426,3640,0.6,2.911908699,0.386904762,145.595435,0.3895547862245365,0.081201103,0.74,0.17,734.0697039,736.5793439,336.2917618,50,2037.4521840979999,14.193319683392248,2037.4521840979999,390.1092734,1647.342911,-4.882352941,0.070468871,0.9295115751520192,0.070228772,0.1538219751957537,0.3534763962174845,0.015885394,26853.66472,85.06876410990319,247.7121426390544,3.0150096819170358e-05,0.00041938,3.544201734777281e-07,1.693010953713068e-06,GOOD,2.182835824495322,0.9965928458037955,,3640,1759.181726
SANTA CLARA VALLEY W.D.,Tomato Processing,Central Coast,1070.133204,103,59,2.094853308,0.124471553,104.74266539999999,2.283636824869254,0.28639447182202826,0.74,0.17,657.2463564,2815.18314,996.9547547,50,5971.410907392999,54.812660140573634,5971.410907392999,390.1092734,5581.301634,-4.882352941,0.6065055376482772,0.3934211361342091,0.14159773478954016,0.3998411696828418,53.44778031955778,0.001262788,1144274.7206146268,1070.133136279173,2241.768991770846,6.772082701900217e-05,0.003090629,6.328261450618644e-08,1.378654510397492e-06,GOOD,0.6592539471827814,0.23346486717761028,,103,5854.884978
SANTA CLARA VALLEY W.D.,Truck Crops,Central Coast,3928.777726,882.8289505,16.82408356,1.094970985,0.139554281,54.74854925,1.1244727167916924,1.262909809962677,0.409751252,0.17,7441.94487,27484.23099,27982.75263,50,14797.083976484102,253.94043897617806,14797.083976484102,390.1092734,14406.9747,-4.882352941,0.9942165459991343,0.005728631,0.3502499701882931,0.33049614635484953,16.817013332448926,0.000621187,2020490.7755439272,3928.7777153215534,4301.892012019102,1.0678446415113285e-05,0.005604465,2.7180072683789405e-09,1.3027890659017581e-06,GOOD,0.332418674,0.35228740820875265,,882.8289505,14790.31302
SANTA CLARA VALLEY W.D.,Truck Crops,San Francisco Bay,335.3741544,879.8326874,16.80674045,1.349315785,0.139554281,67.46578925,1.1244727167916924,1.262909809962677,0.409940416,0.17,7441.94487,27484.23099,27982.75263,50,14718.698320642785,205.82730676255662,14718.698320642785,390.1092734,14328.58905,-4.882352941,0.9805396544514513,0.019405988,0.3454317735126077,0.3259496921957308,16.75510268,0.007273604,171810.2977894739,335.3741525514964,452.52505993610384,1.8485035866433464e-06,0.000580477,5.511765180445719e-09,1.2827490677390077e-06,GOOD,0.332418674,0.35228740820875265,,879.8326874,14693.56003
SANTA CLARA VALLEY W.D.,Vineyard,Central Coast,164.1614474,1913.447178,9.180217963,2.457170381,0.277321429,122.8585191,0.12968494119191362,0.08113329,0.13,0.17,3571.632089,2442.416792,1931.85509,50,17442.386671391258,135.48756462680007,17442.386671391258,390.1092734,17052.2774,-4.882352941,0.6379137036993331,0.3620738748704924,0.9328436761980529,1.1793809325905444,8.384758039813173,0.046858186341184105,166.0646493612296,164.16144662958737,403.3721292164975,7.704126119278953e-07,0.000517037,4.693017904811038e-09,1.2817846642375582e-06,GOOD,1.8488095266666669,1.4623352199339625,,1913.447178,17263.4897
SANTA CLARA VALLEY W.D.,Vineyard,San Francisco Bay,54.72048247,1879.432953,9.731994062,2.512108519,0.1875,125.605426,0.13322355658393814,0.065286739,0.13,0.17,7370.795962,6213.04167,4349.368869,50,18164.568723549128,138.18360128928518,18164.568723549128,390.1092734,17774.45945,-4.882352941,0.6169977112150213,0.3829931622924017,0.7319706666056929,1.0456147480370388,8.827996197461975,0.1405745590149891,57.698891496380014,54.72048221526862,137.4636220178595,2.547313826539721e-07,0.000168159,4.655137731901875e-09,1.223295366930757e-06,GOOD,1.6946817290099252,1.1863425962541438,,1879.432953,17974.70987
THE WEST SIDE I.D.,Alfalfa,San Joaquin River,261.6624251,281,6.7,4.134965358,0.306290873,206.74826789999997,0.13122437452970753,0.081460253,1.86,0.17,739.7198673,484.1807412,381.4811931,50,1675.287002,8.644818018,1675.287002,385.7163598,1289.570643,-4.882352941,0.007860775,0.9921375438417913,0.012009505230521725,0.015242615484271688,2.543266983132194,0.002054687,366700.01341514516,261.66129762113985,1081.957059910562,0.001127479,0.008003368,4.308906254784254e-06,7.397067131936248e-06,GOOD,1.939072961544676,1.5277763122781245,,281,1027.284099
THE WEST SIDE I.D.,Almonds & Pistachios,San Joaquin River,2124.542192,4883,1.2,4.125499535,0.287448101,206.2749768,0.311217018,0.03090217,0.4,0.17,2039.310074,2110.873995,639.9084906,50,5652.64423,26.965043945664668,5652.64423,385.7163598,5266.92787,-4.882352941,0.02637807,0.9736200948713702,0.025350765,0.080450407,0.5741367948986097,0.001176724,367426.28281059925,2124.5417111267097,8764.770688633824,0.000480873,0.027136550057548448,2.2634207593265377e-07,3.096083971221451e-06,GOOD,3.0498974152879694,0.9610545813701002,,4883,5007.983112
THE WEST SIDE I.D.,Corn,San Joaquin River,11.4631428,59,27.1,2.415829265,0.234536008,120.7914633,1.320694044672553,0.033525185,0.3,0.17,423.9938724,1022.014707,159.5840787,50,1477.228776,12.515382455355429,1477.228776,385.7163598,1091.512416,-4.882352941,0.14154713132592708,0.8583910534399068,0.059649214,0.374386554,18.453710581229604,0.29078703733267053,133.93641566300926,11.463137805394114,27.692927004664828,4.994605886210479e-06,6.88404492166228e-05,4.3570999448863876e-07,2.4858433374866708e-06,GOOD,2.644960375498291,0.4214088525991567,,59,1305.499693
THE WEST SIDE I.D.,Dry Beans,San Joaquin River,522.3295708,1752,1.3,2.212101358,0.272510229,110.6050679,0.8579188204514863,0.0413722,1.68,0.17,521.9411016,903.6303871,214.6292221,50,2166.1327210739996,19.459906781997343,2166.1327210739996,385.7163598,1780.416361,-4.882352941,0.2887297369606793,0.71119167,0.1627270764358815,0.7410177533837516,1.0183426341729913,0.001139583,861654.8154965759,522.3288706558387,1155.4410638741579,0.000700144,0.004889016,1.3404260460613253e-06,4.2312806299857655e-06,GOOD,2.5664753522934403,0.5635965250716192,,1752,2031.758578
THE WEST SIDE I.D.,Grain,San Joaquin River,678.9431805,164,2.5,0.466656841,0.351483763,23.33284205,0.6729928083090427,0.036299510576689786,0.74,0.17,345.3012994,477.8051109,110.9675411,50,385.7163598,16.079804662496404,385.7163598,385.7163598,0,-4.882352941,0.9969937457477995,0.001458566,0.7205097397924388,3.1023777916232085,2.5294268245072735,0.001990375,45.71786938753508,678.9460705133175,316.83392313854114,-0.002890013,-0.000443308,4.256635018197894e-06,1.3991826828220588e-06,GOOD,3.1117324505343373,0.7226823065494933,,164,398.0507936
THE WEST SIDE I.D.,Other Deciduous,San Joaquin River,43.85765373,2263.540627,2.348383386,3.445837194,0.215021845,172.2918597,0.54254216,0.5586272122329681,0.13,0.17,2284.866179,4950.948854,6009.195442,50,5142.466188416824,29.230255385786162,5142.466188416824,385.7163598,4756.749829,-4.882352941,0.06635018,0.933640941,0.04177021,0.041164453726827956,1.3564454442278402,0.17539259486300138,12.376330694992111,43.857650822132534,151.1259166660686,2.9078674685933947e-06,0.000417798,6.630239470845936e-08,2.7645634344821675e-06,GOOD,0.6204120841421951,0.6295417628777134,,2263.540627,4720.655312
THE WEST SIDE I.D.,Pasture,San Joaquin River,72.72551955,276,5,4.600187047,0.350906068,230.00935235000003,0.10289172336777223,0.068524209,0.51,0.17,328.209843,177.7241242,145.0367898,50,1149.294661,5.696815346269181,1149.294661,385.7163598,763.5783014,-4.882352941,0.002895044,0.9971040874488487,0.005346386,0.006551316,1.567881741505464,0.026961434251114816,3987.9739777275136,72.72535606534105,334.5491574620409,0.000163485,0.001835558,2.2479682505798785e-06,5.486632091043508e-06,GOOD,2.262942000342034,1.8467377139832826,,276,321.3916346
THE WEST SIDE I.D.,Safflower,San Joaquin River,65.88967035,574,1.3,2.40565496,0.396694215,120.28274800000001,0.4537037030434028,0.032158708,0.74,0.17,212.2655769,227.006242,60.43672676,50,624.9833677,5.862781808072513,624.9833677,385.7163598,239.2670079,-4.882352941,0.066770805,0.9331718404896492,0.062435038,0.23451209513226756,0.7742976954909151,0.020509305,3025.2891030074384,65.88934924288782,158.50654505661905,0.000321107,0.001267234,4.873405959988374e-06,7.99477076293462e-06,GOOD,3.5121951355556216,0.9350649358914657,,574,455.958654
THE WEST SIDE I.D.,Tomato Processing,San Joaquin River,141.5475083,101,43.3,2.379660861,0.124471553,118.9830431,2.283636824869254,0.28639447182202826,0.74,0.17,657.2463564,2815.18314,996.9547547,50,4253.470529742999,34.758124275395524,4253.470529742999,385.7163598,3867.75417,-4.882352941,0.3415613353766267,0.6583806919820694,0.079742572,0.22517565855206295,34.946364897276936,0.009546981,104887.16637386632,141.54746612778538,336.8340304389992,4.217221461999543e-05,0.001035035,2.979368208348421e-07,3.072823139792851e-06,GOOD,0.6592539471827814,0.23346486717761028,,101,4087.466206
THE WEST SIDE I.D.,Truck Crops,San Joaquin River,108.2797869,555,22.8,2.667732673,0.139554281,133.38663365000002,1.1244727167916924,1.262909809962677,0.41,0.17,7441.94487,27484.23099,27982.75263,50,12519.65786,89.70698652835864,12519.65786,385.7163598,12133.9415,-4.882352941,0.4380838744866893,0.5618875742860058,0.15433143272096428,0.14562726086252287,19.295999853304096,0.022525204935030237,46998.425285625985,108.27978034341078,288.8607232845126,6.5565892271024495e-06,0.000802054,6.055229156627061e-08,2.776604097390659e-06,GOOD,0.332418674,0.35228740820875265,,555,12295.63318
TRANQUILLITY I.D.,Alfalfa,Tulare Lake,106.4868569,264,7.7,4.524530937,0.306290873,226.22654684999998,0.13122437452970753,0.081460253,1.86,0.17,739.7198673,484.1807412,381.4811931,50,1805.908723,8.532721174271856,1805.908723,841.972974,963.9357494,-4.882352941,0.005003862,0.9949951448780378,0.007644782,0.009702854,2.6654865660780165,0.005048833,111558.67777405007,106.48622170513121,481.79876224751854,0.000635195,0.00431618,5.965007206369661e-06,8.958391128263937e-06,GOOD,1.939072961544676,1.5277763122781245,,264,1008.712015
TRANQUILLITY I.D.,Almonds & Pistachios,Tulare Lake,4127.322699,4710.43212,1.191892935,4.067322337,0.287448101,203.36611685000003,0.311217018,0.03090217,0.4,0.17,2039.310074,2110.873995,639.9084906,50,5410.283854684073,26.20466873103534,5410.283854684073,841.972974,4568.310881,-4.882352941,0.027417662225848956,0.9725803445280645,0.02634987,0.083621057,0.5749156257424951,0.00060572,619120.5067,4127.321716064079,16787.099609228353,0.000982936,0.052196421474945964,2.3815339704223445e-07,3.1093077657985383e-06,GOOD,3.0498974152879694,0.9610545813701002,,4710.43212,4786.545648
TRANQUILLITY I.D.,Corn,Tulare Lake,107.0194188,71,20.6,2.280437339,0.234536008,114.021867,1.320694044672553,0.033525185,0.3,0.17,423.9938724,1022.014707,159.5840787,50,1347.6983720930002,12.122999528603893,1347.6983720930002,841.972974,505.7253981,-4.882352941,0.17436303404742845,0.8255535023179391,0.073478126,0.46118331600710766,14.647543606447165,0.031146995,579.4976740354114,107.01933860309667,244.05021997916302,8.019690332616847e-05,0.00085865,7.493677710588395e-07,3.5183226412358543e-06,GOOD,2.644960375498291,0.4214088525991567,,71,1200.991522
TRANQUILLITY I.D.,Cotton,Tulare Lake,1973.649523,3438,0.8,3.749301711,0.148539114,187.4650856,1.334590964860844,0.041198802,0.68,0.17,378.6944542,1135.122209,199.4393382,50,2562.2629069100003,13.922977805208799,2562.2629069100003,841.972974,1720.289933,-4.882352941,0.021097815104296504,0.9788978748774662,0.00703856,0.040060429,0.3682638561998293,0.000745111,530578.6086345952,1973.6476032692512,7399.778393528359,0.001919731,0.029139969875359384,9.726806742656408e-07,3.9379361886705126e-06,GOOD,1.8987951731454202,0.3336155801462545,,3438,2046.012505
TRANQUILLITY I.D.,Cucurbits,Tulare Lake,346.2873917,485,17.3,2.442132231,0.087908733,122.1066116,0.5954029958862788,4.8590594140887005,0.05,0.17,920.9338517,2396.72349,6846.813993,50,8267.423128,64.92651497854857,8267.423128,841.972974,7425.450154,-4.882352941,0.4640093407959981,0.5359411377107051,0.17829420421764539,0.062411789,14.827156298297293,0.057755496,0.000264999,346.28738844540794,845.6772689106325,3.2545920589654997e-06,0.002331549,9.398528901061053e-09,2.7570120623947855e-06,GOOD,0.13450545739469513,0.38424701518246485,,485,8086.757137
TRANQUILLITY I.D.,Grain,Tulare Lake,172.1450522,303,2.9,0.715524558,0.351483763,35.7762279,0.6729928083090427,0.036299510576689786,0.74,0.17,345.3012994,477.8051109,110.9675411,50,841.9729739769999,22.785867342840877,841.9729739769999,841.972974,0,-4.882352941,0.9910828089107777,0.008212035,0.7162380103251915,3.0839845376543886,2.919859607,0.007850074,11.591699037899103,172.14909181345644,123.17660236038442,-0.004039613,-0.002589973,2.3466334958813062e-05,2.1026944257850975e-05,GOOD,3.1117324505343373,0.7226823065494933,,303,852.0404543
TRANQUILLITY I.D.,Onions & Garlic,Tulare Lake,370.5070886,2366,7.7,1.253629891,0.178481578,62.681494550000004,0.8220938475297447,0.4158621200492846,0.41,0.17,887.6914461,1905.136225,1355.002253,50,18154.684531849998,273.1723023073816,18154.684531849998,841.972974,17312.71156,-4.882352941,0.9896620518382303,0.010302216,0.46112951153960835,0.6483491332969888,7.689111273344551,0.006582936,229453.72624239718,370.50708484989457,464.4775183912312,3.7501054066524375e-06,0.001242705,1.0121548337503083e-08,2.6754831830128136e-06,GOOD,0.6551217479671209,0.46594644170006466,,2366,18138.20417
TRANQUILLITY I.D.,Other Deciduous,Tulare Lake,54.71666716,1850,7.8,3.502172688,0.215021845,175.1086344,0.54254216,0.5586272122329681,0.13,0.17,2284.866179,4950.948854,6009.195442,50,14253.988211733998,78.07918593547883,14253.988211733998,841.972974,13412.01524,-4.882352941,0.15186228662497445,0.8481303821127659,0.095603652,0.094217198,5.315328399,0.14058436106523436,43.53486533763563,54.716665961928015,191.62672937298143,1.1980719847315413e-06,0.000487933,2.1895923982873327e-08,2.546262289681751e-06,GOOD,0.6204120841421951,0.6295417628777134,,1850,13815.42313
TRANQUILLITY I.D.,Tomato Processing,Tulare Lake,1366.825793,93,51.2,2.220206136,0.124471553,111.0103068,2.283636824869254,0.28639447182202826,0.74,0.17,657.2463564,2815.18314,996.9547547,50,4649.743266,40.54165520846828,4649.743266,841.972974,3807.770292,-4.882352941,0.4602524641506044,0.5396760753504058,0.10745278041108869,0.30342325369188755,43.88915608703768,0.000988679,997115.3176762118,1366.8254702657905,3034.6257426465804,0.000322734,0.009269815,2.3611949022975367e-07,3.054672158966037e-06,GOOD,0.6592539471827814,0.23346486717761028,,93,4512.439733
TRANQUILLITY I.D.,Truck Crops,Tulare Lake,26.53025848,941,19.4,1.84535452,0.139554281,92.26772600000001,1.1244727167916924,1.262909809962677,0.41,0.17,7441.94487,27484.23099,27982.75263,50,18162.17677,186.4995960885909,18162.17677,841.972974,17320.20379,-4.882352941,0.9081028539167787,0.091856349,0.3199132007933135,0.3018703469793165,19.04064702578442,0.091933684,16437.168266218687,26.53025790948264,48.95764824700255,5.705173613534953e-07,8.415583378251767e-05,2.1504402672276386e-08,1.7189487676852077e-06,GOOD,0.332418674,0.35228740820875265,,941,18082.6064
TRANQUILLITY I.D.,Vineyard,Tulare Lake,101.9321298,1492.427601,10.07028874,4.00891598,0.302297005,200.44579900000002,0.1329510358537938,0.3058799853780738,0.13,0.17,2773.231975,2743.166444,4105.247296,50,14827.924210209516,71.12205177070149,14827.924210209516,841.972974,13985.95124,-4.882352941,0.077593104,0.9224042555012943,0.11700224270976159,0.077137315,5.982099999,0.075464995,84.57247952806327,101.93212726826079,408.6362402496169,2.53173921294092e-06,0.001103781,2.483749940189045e-08,2.701126202618313e-06,GOOD,0.9941259073363267,1.5078948555200695,,1492.427601,14224.86537
Turner Island Water District,Alfalfa,San Joaquin River,805.3181971,282,6.8,4.134965358,0.306290873,206.74826789999997,0.13122437452970753,0.081460253,1.86,0.17,739.7198673,484.1807412,381.4811931,50,1710.187002,8.805068800332123,1710.187002,817.2163598,892.9706425,-4.882352941,0.008023189,0.9919751300367647,0.012257637615183066,0.015557548235953742,2.5908682153709246,0.000667605,781582.6668283448,805.3146872743935,3329.941109899441,0.003509826,0.021737276,4.358309074842412e-06,6.5277833635022985e-06,GOOD,1.939072961544676,1.5277763122781245,,282,1062.184099
Turner Island Water District,Corn,San Joaquin River,75.43745254,62,26.2,2.415829265,0.234536008,120.7914633,1.320694044672553,0.033525185,0.3,0.17,423.9938724,1022.014707,159.5840787,50,1502.7287757929998,12.714983589017047,1502.7287757929998,817.2163598,685.512416,-4.882352941,0.1436392259008871,0.85629911,0.060530841375123906,0.37992006087509417,17.889825842252467,0.044186717,553.6354386015995,75.43741589403879,182.2435617351086,3.664596120245278e-05,0.000443788,4.85779410207703e-07,2.4351312445218757e-06,GOOD,2.644960375498291,0.4214088525991567,,62,1330.999693
Turner Island Water District,Cotton,San Joaquin River,1878.995841,3927,0.8,3.634047537,0.148539114,181.70237684999998,1.334590964860844,0.041198802,0.68,0.17,378.6944542,1135.122209,199.4393382,50,2959.2256156100007,16.405812746167978,2959.2256156100007,817.2163598,2142.009256,-4.882352941,0.029041102696383558,0.9709537603727917,0.009688564,0.055143105622713545,0.3922841031184156,0.000782646,628952.4805876842,1878.9947632925362,6828.3422352462685,0.001077707,0.017972773,5.735550022244326e-07,2.632077464741743e-06,GOOD,1.8987951731454202,0.3336155801462545,,3927,2479.760596
Turner Island Water District,Grain,San Joaquin River,735.3085043,187,4.5,0.466656841,0.351483763,23.33284205,0.6729928083090427,0.036299510576689786,0.74,0.17,345.3012994,477.8051109,110.9675411,50,817.2163598,33.002818593879816,817.2163598,817.2163598,0,-4.882352941,0.9985781454916824,0.000689851,0.7216547574538446,3.107308019720867,4.525352332948264,0.001837802,49.513330606508944,735.3137821241278,343.13854693193065,-0.005277824,-0.001803155,7.177700376016143e-06,5.254916270048287e-06,GOOD,3.1117324505343373,0.7226823065494933,,187,829.5507936
Turner Island Water District,Tomato Processing,San Joaquin River,2761.141671,97,48.5,2.379660861,0.124471553,118.9830431,2.283636824869254,0.28639447182202826,0.74,0.17,657.2463564,2815.18314,996.9547547,50,4584.67053,37.39043643,4584.67053,817.2163598,3767.45417,-4.882352941,0.3586189775447401,0.6413245516646583,0.083724932,0.23642097648102314,39.519796674169655,0.000489418,1992958.711,2761.141079907829,6570.566286478582,0.000591092,0.014479676256996754,2.1407527803283049e-07,2.2037133051589267e-06,GOOD,0.6592539471827814,0.23346486717761028,,97,4418.666206
WEST STANISLAUS I.D.,Alfalfa,San Joaquin River,94.44847871,280,7.1,4.134965358,0.306290873,206.74826789999997,0.13122437452970753,0.081460253,1.86,0.17,739.7198673,484.1807412,381.4811931,50,1780.587002,9.128325393752744,1780.587002,715.1434839,1065.443518,-4.882352941,0.008350647,0.9916476719758923,0.012757921131769226,0.016192514,2.7250377593393553,0.005692356,109363.27772868314,94.44821552764036,390.5394778368186,0.000263182,0.001709745,2.786517720989903e-06,4.377886087949588e-06,GOOD,1.939072961544676,1.5277763122781245,,280,1132.584099
WEST STANISLAUS I.D.,Almonds & Pistachios,San Joaquin River,3073.046507,4845.5,1.15,4.125499535,0.287448101,206.2749768,0.311217018,0.03090217,0.4,0.17,2039.310074,2110.873995,639.9084906,50,5365.36923,25.64304535,5365.36923,715.1434839,4650.225746,-4.882352941,0.025071176718330413,0.974926985,0.024094769245490838,0.076464517,0.5447280964914075,0.000813525,469238.6755557492,3073.0460860364105,12677.830704050299,0.000420964,0.021231612,1.3698575290606287e-07,1.6747010206092417e-06,GOOD,3.0498974152879694,0.9610545813701002,,4845.5,4720.708112
WEST STANISLAUS I.D.,Citrus & Subtropical,San Joaquin River,43.45070261,913.5,3.9,3.247465856,0.183365181,162.3732928,0.094855843,0.7506750003126099,0.13,0.17,2549.235389,1743.692937,5418.931559,50,3399.59045,20.808348793246246,3399.59045,715.1434839,2684.446966,-4.882352941,0.062430035804831335,0.9375607295822043,0.08680005,0.030855034996806974,2.231005091126387,0.17703528896532364,6.919868865375174,43.45070006519325,141.10446888625594,2.544806747550865e-06,0.000204259,5.856767772876447e-08,1.4475702652350033e-06,GOOD,0.49423381869050864,1.3903572019867076,,913.5,3034.31938
WEST STANISLAUS I.D.,Corn,San Joaquin River,388.2248773,66.77889546,26.94442209,2.415829265,0.234536008,120.7914633,1.320694044672553,0.033525185,0.3,0.17,423.9938724,1022.014707,159.5840787,50,1677.6475217712248,14.084159275131656,1677.6475217712248,715.1434839,962.5040379,-4.882352941,0.1577197126559981,0.8422196366605508,0.066464483,0.4171623904100913,18.72388835234837,0.008586089,4000.0435164900928,388.22477481960533,937.8833056198594,0.00010248,0.001714363,2.639717356243233e-07,1.8279026515954263e-06,GOOD,2.644960375498291,0.4214088525991567,,66.77889546,1505.918439
WEST STANISLAUS I.D.,Cucurbits,San Joaquin River,472.5153384,507,13.6,2.299627126,0.087908733,114.98135629999999,0.5954029958862788,4.8590594140887005,0.05,0.17,920.9338517,2396.72349,6846.813993,50,6779.248383,56.63445944394341,6779.248383,715.1434839,6064.104899,-4.882352941,0.5027420154352302,0.4971925511182275,0.1931771188378039,0.067621545,11.854303737421166,0.042326668310329704,0.000295304,472.51533529704966,1086.6074667477753,3.1029503588797525e-06,0.001622888,6.566877531186091e-09,1.4935342888900824e-06,GOOD,0.13450545739469513,0.38424701518246485,,507,6625.243383
WEST STANISLAUS I.D.,Dry Beans,San Joaquin River,2580.55119,1752,1.3,2.212101358,0.272510229,110.6050679,0.8579188204514863,0.0413722,1.68,0.17,521.9411016,903.6303871,214.6292221,50,2166.1327210739996,19.459906781997343,2166.1327210739996,715.1434839,1450.989237,-4.882352941,0.2887297369606794,0.71119167,0.16272707643588155,0.741017753,1.0183426341729915,0.000230663,3469436.0617061392,2580.5489247036576,5708.426909046578,0.002265296,0.013882740938242932,8.778342980892858e-07,2.431967229688258e-06,GOOD,2.5664753522934403,0.5635965250716192,,1752,2031.758578
WEST STANISLAUS I.D.,Grain,San Joaquin River,578.0144497,203.0219178,3.642104912,0.466656841,0.351483763,23.33284205,0.6729928083090427,0.036299510576689786,0.74,0.17,345.3012994,477.8051109,110.9675411,50,715.1434838900403,28.999618822158983,715.1434838900403,715.1434839,0,-4.882352941,0.998375632,0.000788106,0.7215084048944498,3.1066778534580983,3.665510467635629,0.00233792,38.921650403840474,578.0178440961863,269.7355910971132,-0.003394396,-0.001193948,5.87251095205409e-06,4.426383028593553e-06,GOOD,3.1117324505343373,0.7226823065494933,,203.0219178,727.4779176
WEST STANISLAUS I.D.,Other Deciduous,San Joaquin River,355.5540354,4009.639737,2.345957883,3.445837194,0.215021845,172.2918597,0.54254216,0.5586272122329681,0.13,0.17,2284.866179,4950.948854,6009.195442,50,9233.250935439195,51.72504546743009,9233.250935439195,715.1434839,8518.107452,-4.882352941,0.11315666649930332,0.8868349004024465,0.071236847,0.070203763,1.5071159707285575,0.021634707882456767,179.67028529274828,355.5540283663465,1225.1794676966917,7.033653503185633e-06,0.001851961,1.9782235055419182e-08,1.511581503252232e-06,GOOD,0.6204120841421951,0.6295417628777134,,4009.639737,8811.440059
WEST STANISLAUS I.D.,Pasture,San Joaquin River,3.62836231,344,5,4.600187047,0.350906068,230.00935235000003,0.10289172336777223,0.068524209,0.51,0.17,328.209843,177.7241242,145.0367898,50,1489.294661,7.100378547523906,1489.294661,715.1434839,774.1511774,-4.882352941,0.003748024,0.9962511074083076,0.006921618,0.008481562,1.6399401868129548,0.5404047738897084,201.71844230093498,3.628358018845942,16.69112254535339,4.291154057867175e-06,2.2754931610080575e-05,1.182669670567484e-06,1.3632936027279107e-06,GOOD,2.262942000342034,1.8467377139832826,,344,661.3916346
WEST STANISLAUS I.D.,Tomato Processing,San Joaquin River,1514.092256,100,50.3,2.379660861,0.124471553,118.9830431,2.283636824869254,0.28639447182202826,0.74,0.17,657.2463564,2815.18314,996.9547547,50,4910.17053,39.97744611740322,4910.17053,715.1434839,4195.027046,-4.882352941,0.37454332234621307,0.6254016089320166,0.087442707,0.2469191636476938,41.33857260896666,0.000892516,1216878.6567003164,1514.0920339593943,3603.0201047928267,0.000222041,0.005976754,1.4664932388997962e-07,1.658814960014574e-06,GOOD,0.6592539471827814,0.23346486717761028,,100,4744.166206
WEST STANISLAUS I.D.,Truck Crops,San Joaquin River,4.85550086,717,19.8,2.667732673,0.139554281,133.38663365000002,1.1244727167916924,1.262909809962677,0.41,0.17,7441.94487,27484.23099,27982.75263,50,14062.25786,100.64281689177307,14062.25786,715.1434839,13347.11438,-4.882352941,0.46686139827441975,0.5331115126980336,0.16446939199080957,0.15519344717450184,16.972795705749146,0.5023218943975025,2318.221776662569,4.8555007176630385,12.953180866072525,1.4233696177257116e-07,-2.58E-06,2.931457863495696e-08,1.9902998842603932e-07,GOOD,0.332418674,0.35228740820875265,,717,13838.23318
WEST STANISLAUS I.D.,Vineyard,San Joaquin River,662.6906968,1630.308163,11.30505992,3.098484515,0.302297005,154.9242258,0.1329510358537938,0.3058799853780738,0.13,0.17,2773.231975,2743.166444,4105.247296,50,18275.000388624125,112.71402823513277,18275.000388624125,715.1434839,17559.8569,-4.882352941,0.32056852189481266,0.6794226275890471,0.4833836250068608,0.31868547269214575,8.970760521688884,0.011607689272615865,690.3286393671411,662.6906911836397,2053.3337972299046,5.616360226667894e-06,0.003065039,8.475085366051112e-09,1.4927114549219862e-06,GOOD,0.9941259073363267,1.5078948555200695,,1630.308163,17949.96003
WESTLANDS W.D.,Alfalfa,Tulare Lake,3395.293146,267.0724982,7.802416606,4.524530937,0.306290873,226.22654684999998,0.13122437452970753,0.081460253,1.86,0.17,739.7198673,484.1807412,381.4811931,50,1856.9196183735853,8.746840489284292,1856.9196183735853,610.894299,1246.025319,-4.882352941,0.005144454,0.9948545535862712,0.007859574,0.009975471,2.7146068598631325,0.000158347,4597610.479557693,3395.292835560225,15362.099649553651,0.00031044,0.009229707,9.143239237362515e-08,6.008099199570761e-07,GOOD,1.939072961544676,1.5277763122781245,,267.0724982,1059.722909
WESTLANDS W.D.,Almonds & Pistachios,San Joaquin River,1319.385605,4723.699634,1.147667888,4.087404581,0.287448101,204.3702291,0.311217018,0.03090217,0.4,0.17,2039.310074,2110.873995,639.9084906,50,5216.187360358153,25.179509567420762,5216.187360358153,610.894299,4605.293061,-4.882352941,0.025723942286083126,0.9742741180162875,0.024722112584940236,0.078455385,0.5465722451580455,0.001894821,199517.0002592379,1319.3856047071843,5392.860245955841,2.928156845882768e-07,0.002520027,2.2193336313402995e-10,4.6728921645522913e-07,GOOD,3.0498974152879694,0.9610545813701002,,4723.699634,4585.265005
WESTLANDS W.D.,Almonds & Pistachios,Tulare Lake,2638.771209,4798.743468,1.153626374,4.102798974,0.287448101,205.1399487,0.311217018,0.03090217,0.4,0.17,2039.310074,2110.873995,639.9084906,50,5330.136284954025,25.61617444186083,5330.136284954025,610.894299,4719.241986,-4.882352941,0.025711309866393056,0.9742867928332366,0.024709972140123306,0.078416858,0.5492794426243531,0.000947411,408906.69613841776,2638.7712079642606,10826.342711243611,1.035739387589274e-06,0.005097662,3.925082189985627e-10,4.708570625917827e-07,GOOD,3.0498974152879694,0.9610545813701002,,4798.743468,4693.679488
WESTLANDS W.D.,Citrus & Subtropical,Tulare Lake,7992.489055,1164,14.15,3.608433712,0.183365181,180.4216856,0.094855843,0.7506750003126099,0.13,0.17,2549.235389,1743.692937,5418.931559,50,16289.49206,86.61290847933482,16289.49206,610.894299,15678.59776,-4.882352941,0.14648864123725608,0.853506836,0.203671537,0.072399641,9.569285764013394,0.000962442,7433.800743261203,7992.489059092134,28840.353688768802,-4.09E-06,0.013260084218927659,5.119974577090394e-10,4.597751562053205e-07,GOOD,0.49423381869050864,1.3903572019867076,,1164,15818.53141
WESTLANDS W.D.,Corn,Tulare Lake,3788.208598,72.5777026,22.61157082,2.280437339,0.234536008,114.021867,1.320694044672553,0.033525185,0.3,0.17,423.9938724,1022.014707,159.5840787,50,1526.1942343857982,13.60249170311048,1526.1942343857982,610.894299,915.2999353,-4.882352941,0.1929963351289252,0.8069220848767077,0.081330364,0.510467659,16.384775400760063,0.000879923,37117.743646813986,3788.2088960209585,8638.768816900909,-0.000298021,0.003517899,7.867068315165969e-08,4.0722211404495263e-07,GOOD,2.644960375498291,0.4214088525991567,,72.5777026,1379.487384
WESTLANDS W.D.,Cotton,Tulare Lake,14217.02475,3609.42348,0.8,3.749301711,0.148539114,187.4650856,1.334590964860844,0.041198802,0.68,0.17,378.6944542,1135.122209,199.4393382,50,2699.4016909100005,14.617196917288977,2699.4016909100005,610.894299,2088.507392,-4.882352941,0.022201888905674892,0.977793806,0.007406896,0.042156839488806344,0.3718664072593046,0.000103439,4639980.7628704365,14217.024948252656,53303.88997785398,-0.000198253,0.025242650372092612,1.3944735908027088e-08,4.735609057546781e-07,GOOD,1.8987951731454202,0.3336155801462545,,3609.42348,2183.151289
WESTLANDS W.D.,Cucurbits,Tulare Lake,15728.91697,497.5744895,17.10175354,2.442132231,0.087908733,122.1066116,0.5954029958862788,4.8590594140887005,0.05,0.17,920.9338517,2396.72349,6846.813993,50,8386.319415104319,65.84654615346113,8386.319415104319,610.894299,7775.425116,-4.882352941,0.4675622903364954,0.5323885164359414,0.17965941447367537,0.06288968,14.679539590514612,0.001271543,0.012603995497122591,15728.916992086566,38412.07739067506,-2.21E-05,0.017700484801025596,1.4042013140300633e-09,4.608049823634633e-07,GOOD,0.13450545739469513,0.38424701518246485,,497.5744895,8205.653424
WESTLANDS W.D.,Dry Beans,Tulare Lake,1079.877442,1151.19302,1.475467,1.919782133,0.272510229,95.98910665,0.8579188204514863,0.0413722,1.68,0.17,521.9411016,903.6303871,214.6292221,50,1601.695994,16.702551345101572,1601.695994,610.894299,990.8016949,-4.882352941,0.4085825025999588,0.5912670940514153,0.2302756786704026,1.0486169223011648,1.2431380559624774,0.000551209,991473.9396,1079.8779701673122,2073.129470385382,-0.000528167,-5.14E-05,4.89099310464274e-07,2.47953830249652e-08,GOOD,2.5664753522934403,0.5635965250716192,,1151.19302,1513.097338
WESTLANDS W.D.,Grain,San Joaquin River,488.3041778,303,2.9,0.466656841,0.351483763,23.33284205,0.6729928083090427,0.036299510576689786,0.74,0.17,345.3012994,477.8051109,110.9675411,50,854.4163598,34.461766724233144,854.4163598,610.894299,243.5220608,-4.882352941,0.998639941,0.000659869,0.721699416,3.1075003116712776,2.915635442460004,0.002767438,22814.051377238717,488.3048944832965,227.87075204122917,-0.000716683,-0.000266982,1.4676984737906362e-06,1.1716391387162066e-06,GOOD,3.1117324505343373,0.7226823065494933,,303,866.7507936
WESTLANDS W.D.,Grain,Tulare Lake,25768.40118,299.9127532,2.870597649,0.715524558,0.351483763,35.7762279,0.6729928083090427,0.036299510576689786,0.74,0.17,345.3012994,477.8051109,110.9675411,50,824.2018182180373,22.32503748321565,824.2018182180373,610.894299,213.3075192,-4.882352941,0.9908923718382792,0.008387413,0.7161003848223857,3.0833919484361103,2.890670107168911,5.244218847385049e-05,1054765.5952331382,25768.441361905097,18437.943872561307,-0.040181905,-0.020007875,1.5593480098359692e-06,1.0851479414233307e-06,GOOD,3.1117324505343373,0.7226823065494933,,299.9127532,834.2692985
WESTLANDS W.D.,Lettuce,Tulare Lake,8136.398694,701.9533021,19.41207728,2.300762612,0.164570286,115.03813060000002,0.680529189,1.2720462492145637,0.25,0.17,2859.243032,5814.317411,7949.261967,50,13510.376852071386,111.87989673852029,13510.376852071386,610.894299,12899.48255,-4.882352941,0.6676707950168561,0.33229005592013117,0.32833313468111763,0.2401522395316609,17.90186873540076,0.000491618,480587.1258617055,8136.398731427376,18719.913416461368,-3.74E-05,0.008495019,4.5999928602729e-09,4.5379566780322166e-07,GOOD,0.35968660202607483,0.49175901826412594,,701.9533021,13359.57917
WESTLANDS W.D.,Onions & Garlic,Tulare Lake,27861.59127,2291.043642,9.269283354,1.253629891,0.178481578,62.681494550000004,0.8220938475297447,0.4158621200492846,0.41,0.17,887.6914461,1905.136225,1355.002253,50,21172.817225928135,318.42761055465655,21172.817225928135,610.894299,20561.92293,-4.882352941,0.9911226062890705,0.00884671,0.4618100516888865,0.6493059742818243,9.258031739917493,8.754074261616654e-05,20492853.54476837,27861.591479979434,34928.107934079635,-0.000209979,0.015692817,7.536519748778014e-09,4.4928886492059234e-07,GOOD,0.6551217479671209,0.46594644170006466,,2291.043642,21156.33686
WESTLANDS W.D.,Other Deciduous,Tulare Lake,7040.991599,1953.728763,8.220821812,3.502172688,0.215021845,175.1086344,0.54254216,0.5586272122329681,0.13,0.17,2284.866179,4950.948854,6009.195442,50,15885.244241336179,86.90573776109765,15885.244241336179,610.894299,15274.34994,-4.882352941,0.16635042716753062,0.833642367,0.10472454117450788,0.1032058152169521,5.706172523559874,0.001092503,6379.978930545648,7040.991604,24658.757146512675,-4.56E-06,0.011327942571369931,6.46995487938526e-10,4.593880097096043e-07,GOOD,0.6204120841421951,0.6295417628777134,,1953.728763,15446.67916
WESTLANDS W.D.,Pasture,Tulare Lake,338.6020497,170,5,4.768194291,0.350906068,238.40971455000002,0.10289172336777223,0.068524209,0.51,0.17,328.209843,177.7241242,145.0367898,50,610.894299,3.3856315691785315,610.894299,610.894299,0,-4.882352941,0.001248491,0.9987508045260517,0.002305635,0.002825262,1.3601429896452168,0.005790822,8.528896211,338.5558253663101,1614.2989825589043,0.046224333689906416,0.22137774153407008,0.000136515,0.000137117,GOOD,2.262942000342034,1.8467377139832826,,170,-287.3061618
WESTLANDS W.D.,Potatoes,Tulare Lake,217.893609,1165,14.9,1.233512156,0.150675135,61.6756078,1.4974640784942694,0.060261523,0.41,0.17,793.9256634,2502.863999,502.0871398,50,17296.103422590004,264.94890341942494,17296.103422590004,610.894299,16685.20912,-4.882352941,0.9901306785623302,0.009836675,0.3140762558996624,1.5656448736177038,14.880706775368763,0.011193648136067647,130049.62107402737,217.8936110387193,268.77433328390714,-2.04E-06,8.213230387354997e-05,9.356489735470701e-09,3.05580811128782e-07,GOOD,1.5812507454985842,0.31720687248646934,,1165,17280.71399
WESTLANDS W.D.,Safflower,Tulare Lake,145.8300506,574,1.3,2.392307778,0.396694215,119.61538890000001,0.4537037030434028,0.032158708,0.74,0.17,212.2655769,227.006242,60.43672676,50,625.6507268,5.895238086631221,625.6507268,610.894299,14.75642776,-4.882352941,0.068907556,0.9310333166851125,0.06443304,0.24201678325157602,0.779139228,0.009266618,423.34694513096855,145.83165446120773,348.8740572510427,-0.001603861,-0.003692935,1.0998152994818476e-05,1.0585406233480942e-05,GOOD,3.5121951355556216,0.9350649358914657,,574,459.1606181
WESTLANDS W.D.,Tomato Processing,Tulare Lake,63014.98907,93.81401088,51.86477556,2.220206136,0.124471553,111.0103068,2.283636824869254,0.28639447182202826,0.74,0.17,657.2463564,2815.18314,996.9547547,50,4753.785884667597,41.42750449721401,4753.785884667597,610.894299,4142.891586,-4.882352941,0.4657543025525494,0.5341749653707165,0.10873726638283146,0.3070503623751316,44.562659383100865,2.1444919237392978e-05,50015862.97077312,63014.99186322217,139906.20626477868,-0.002793222,0.059128408262040466,4.432631354808021e-08,4.2262873714674866e-07,GOOD,0.6592539471827814,0.23346486717761028,,93.81401088,4616.482352
WESTLANDS W.D.,Truck Crops,Tulare Lake,5558.529541,1130.942023,18.46950135,1.84535452,0.139554281,92.26772600000001,1.1244727167916924,1.262909809962677,0.406877683,0.17,7441.94487,27484.23099,27982.75263,50,20794.711987905237,213.3939262772112,20794.711987905237,610.894299,20183.81769,-4.882352941,0.9187918651079687,0.081172083,0.3236788048421722,0.3054235739108619,18.16848092183257,0.000442157,3908829.3634127188,5558.529574448462,10257.453009222214,-3.34E-05,0.004603816,6.0175019029814374e-09,4.48826194093926e-07,GOOD,0.332418674,0.35228740820875265,,1130.942023,20715.14162
WESTLANDS W.D.,Vineyard,Tulare Lake,33975.3929,1380.403848,11.47105969,4.00891598,0.302297005,200.44579900000002,0.1329510358537938,0.3058799853780738,0.13,0.17,2773.231975,2743.166444,4105.247296,50,15633.442281307689,74.93397696574999,15633.442281307689,610.894299,15022.54798,-4.882352941,0.081464834,0.9185325372273709,0.12284040348792931,0.080986302,6.881534742707126,0.000226408,30278.432985882147,33975.392902342704,136204.4325868808,-2.34E-06,0.062936708,6.895300853627995e-11,4.6207511365241095e-07,GOOD,0.9941259073363267,1.5078948555200695,,1380.403848,15030.38344