g,i,hr,xland,p,y,xwater,omegaland,omegawater_unit,omegasupply,omegalabor,theta,sigma,omegaland_init,omegasupply_init,omegalabor_init,omegawater,mprof_init,f_adjustment,mprof,lambdaland,lambdacrop,rho,betaland,betawater,betasupply,betalabor,tau,gamma,delta,xlandcalib,xwatercalib,diffland,diffwater,percdiffland,percdiffwater,status,pc,pimarginal
BANTA-CARBONA I.D.,Alfalfa,San Joaquin River,692.4817265,281.0,6.7,4.134965358,0.306290873,206.74826789999997,0.200481491,0.157957374,1.86,0.17,739.7198673,484.1807412,381.4811931,50,1675.287002362,8.64481801751423,1675.287002362,385.716359827,1289.570642535,-4.88235294117647,0.00786077460031691,0.9921375438417912,9.405264503320253e-07,7.410314415109181e-07,2.5432669831321935,0.0007763878641527597,970460.5401415463,692.4803233954103,2863.3779038100743,0.0014031045897127115,0.010046315456293087,2.0261972785973745e-06,3.508541500935162e-06,GOOD,281,1711.055885
BANTA-CARBONA I.D.,Almonds & Pistachios,San Joaquin River,6944.405664,4883.344789,1.202182209,4.124104363,0.287448101,206.20521814999998,0.299096541,0.094248449,0.4,0.17,2039.310074,2110.873995,639.9084906,50,5663.784214507658,27.02509689840731,5663.784214507658,385.716359827,5278.06785468066,-4.88235294117647,0.026479920117827314,0.9735182409676014,1.3982966644794852e-06,4.406179069421765e-07,0.5756254687203674,0.00036000201038946674,1203531.5783279827,6944.4049267577175,28639.41137645411,0.0007372422824118985,0.042320890199334826,1.06163481524961e-07,1.4777129007617618e-06,GOOD,4883.344789,5699.907065
BANTA-CARBONA I.D.,Citrus & Subtropical,San Joaquin River,160.6387081,933.0,3.6,3.247465856,0.183365181,162.3732928,0.131883505,0.371008972,0.13,0.17,2549.235389,1743.692937,5418.931559,50,3195.740449542,19.617723303371225,3195.740449542,385.716359827,2810.024089715,-4.88235294117647,0.05890724621213134,0.9410834844771222,2.430875875252116e-06,6.838434871266788e-06,2.0362492143992172,0.04788576665792852,26.779665791311114,160.63870022661226,521.6679812195999,7.873387744439242e-06,0.0007384871006479443,4.901301708388952e-08,1.4156246536367873e-06,GOOD,933,3252.653397
BANTA-CARBONA I.D.,Corn,San Joaquin River,282.9171526,59.0,27.1,2.415829265,0.234536008,120.79146325,0.556552162,0.088672787,0.3,0.17,423.9938724,1022.014707,159.5840787,50,1477.228775793,12.515382455355429,1477.228775793,385.716359827,1091.512415966,-4.88235294117647,0.14154713132592708,0.858391053439907,5.332001230427394e-05,8.495221861871523e-06,18.453710581229604,0.01178201216398547,3305.630053638397,282.91709540080427,683.4784330310518,5.7199195737211994e-05,0.0011037904990871539,2.0217648598380525e-07,1.614957638995623e-06,GOOD,59,1539.657929
BANTA-CARBONA I.D.,Cucurbits,San Joaquin River,324.6611668,203.0,12.0,2.299627126,0.087908733,114.98135629999999,0.228781824,0.653570009,0.05,0.17,920.9338517,2396.72349,6846.813993,50,2320.0483831340002,20.00834540048819,2320.0483831340002,385.716359827,1934.332023307,-4.88235294117647,0.25706394645507785,0.7428382916827645,2.5348320596849817e-05,7.241354156096781e-05,9.176584256961513,0.06160268626250745,6.4723421852924e-05,324.6611610054124,746.5985880285245,5.794587593754841e-06,0.0010379035660434965,1.7848108077934873e-08,1.3901742379628548e-06,GOOD,203,2382.14689
BANTA-CARBONA I.D.,Dry Beans,San Joaquin River,1248.750059,1752.0,1.3,2.212101358,0.272510229,110.6050679,0.483520066,0.106180731,1.68,0.17,521.9411016,903.6303871,214.6292221,50,2166.1327210739996,19.459906781997343,2166.1327210739996,385.716359827,1780.416361247,-4.88235294117647,0.2887297369606794,0.711191670099485,6.444160097758946e-05,1.415133885800463e-05,1.0183426341729913,0.00047666712081260065,2059985.8055920417,1248.7492855881308,2762.356159745842,0.0007734118692042102,0.005541570637888071,6.193488149450491e-07,2.00609885202473e-06,GOOD,1752,2227.803865
BANTA-CARBONA I.D.,Grain,San Joaquin River,72.81367026,164.0,2.5,0.466656841,0.351483763,23.33284205,0.486359995,0.112954365,0.74,0.17,345.3012994,477.8051109,110.9675411,50,385.716359827,16.079804662496404,385.716359827,385.716359827,0.0,-4.88235294117647,0.9969937457477995,0.0014585659933165308,0.0012559913529392194,0.0002916969059446191,2.529426824507273,0.018559033578804677,4.9030404342852485,72.8172434201245,33.98062994803508,-0.0035731601245032607,-0.0016326028878381749,4.907265506249542e-05,4.8047412089731285e-05,GOOD,164,406.8715158
BANTA-CARBONA I.D.,Other Deciduous,San Joaquin River,5966.793346,1941.520674,2.07538957,3.445837194,0.215021845,172.2918597,0.341552948,0.346579073,0.13,0.17,2284.866179,4950.948854,6009.195442,50,3856.2167431929706,22.157306538012612,3856.2167431929706,385.716359827,3470.50038336597,-4.88235294117647,0.050594784623061544,0.9493961873703468,4.481032958523407e-06,4.546973633052905e-06,1.1365238198931231,0.0012891862087807075,1228.5039823769516,5966.793091924275,20560.569143860615,0.00025407572502444964,0.029296697895915713,4.258161968937237e-08,1.4248951936206335e-06,GOOD,1941.520674,3909.770663
BANTA-CARBONA I.D.,Pasture,San Joaquin River,8.53927993,276.0,5.0,4.600187047,0.350906068,230.00935235000003,0.190014026,0.155066311,0.51,0.17,328.209843,177.7241242,145.0367898,50,1149.294661245,5.696815346269181,1149.294661245,385.716359827,763.578301418,-4.88235294117647,0.0028950435680155998,0.9971040874488487,4.784943285518538e-07,3.904888071944644e-07,1.5678817415054642,0.2296193976305787,468.25964750871026,8.539270896339598,39.28219552024897,9.033660401058796e-06,8.940444409688553e-05,1.0578948664420698e-06,2.275948160049249e-06,GOOD,276,1167.686805
BANTA-CARBONA I.D.,Safflower,San Joaquin River,52.20934812,574.0,1.3,2.40565496,0.396694215,120.28274800000001,0.424242424,0.112947658,0.74,0.17,212.2655769,227.006242,60.43672676,50,624.983367703,5.862781808072513,624.983367703,385.716359827,239.267007876,-4.88235294117647,0.06677080460541328,0.9331718404896493,4.5295668543307566e-05,1.2059236394309453e-05,0.7742976954909151,0.0258833216657935,2397.164397750822,52.20923018773665,125.59720980308252,0.00011793226335043983,0.0004674601621701413,2.258834243235133e-06,3.7218854070873837e-06,GOOD,574,687.3943578
BANTA-CARBONA I.D.,Tomato Processing,San Joaquin River,750.894725,101.0,43.3,2.379660861,0.124471553,118.98304305,0.533148968,0.188806686,0.74,0.17,657.2463564,2815.18314,996.9547547,50,4253.470529742999,34.758124275395524,4253.470529742999,385.716359827,3867.754169916,-4.88235294117647,0.3415613353766267,0.6583806919820692,4.281156842841563e-05,1.5161072875660868e-05,34.94636489727694,0.001799654873526181,556415.445925116,750.8946213199488,1786.8721219422923,0.00010368005121108581,0.00266587156602327,1.380753489926112e-07,1.4919185072194205e-06,GOOD,101,4315.825715
BANTA-CARBONA I.D.,Truck Crops,San Joaquin River,43.2080525,555.0,22.8,2.667732673,0.139554281,133.38663365000002,0.396137579,0.419814805,0.41,0.17,7441.94487,27484.23099,27982.75263,50,12519.657859685,89.70698652835864,12519.657859685,385.716359827,12133.941499858,-4.88235294117647,0.4380838744866893,0.5618875742860057,1.386136530008937e-05,1.468986200496466e-05,19.295999853304092,0.056448375918907764,18754.289099535115,43.20805128304547,115.26738818605615,1.2169545300366735e-06,0.00014520489318670116,2.816499378296843e-08,1.25972065953918e-06,GOOD,555,12581.87652
BANTA-CARBONA I.D.,Vineyard,San Joaquin River,351.735675,1689.181611,10.69211111,3.098484515,0.302297005,154.92422575,0.200476183,0.304083218,0.13,0.17,2773.231975,2743.166444,4105.247296,50,17905.186387624795,110.45241285559833,17905.186387624795,385.716359827,17519.4700277978,-4.88235294117647,0.31613231566573996,0.6838587760305194,3.539529195984576e-06,5.368774544754488e-06,8.460495270274855,0.02186956922213731,365.5623374809342,351.7356723859961,1089.8460912750916,2.6140039040001284e-06,0.001451085480994152,7.431728112310837e-09,1.331457313608425e-06,GOOD,1689.181611,17964.10455
BROADVIEW W.D.,Grain,San Joaquin River,2599.513597,303.0,2.9,0.466656841,0.351483763,23.33284205,0.486359995,0.112954365,0.74,0.17,345.3012994,477.8051109,110.9675411,50,854.416359827,34.461766724233144,854.416359827,854.416359827,0.0,-4.88235294117647,0.998639941276978,0.0006598694707413799,0.000568222729117127,0.0001319665231635511,2.9156354424600037,0.0005198477718719743,175.0429586924285,2599.5136467665934,1213.0657819255898,-4.976659329258837e-05,0.015021386977196016,1.9144578951239994e-08,1.2382841222264029e-05,GOOD,303,875.5715158
BROADVIEW W.D.,Onions & Garlic,San Joaquin River,248.9715926,2366.0,7.7,1.480822037,0.178481578,74.04110185,0.383051703,0.272440319,0.41,0.17,887.6914461,1905.136225,1355.002253,50,18143.324924549997,231.72820277494176,18143.324924549997,854.416359827,17288.908564723,-4.88235294117647,0.9729684600067496,0.026996388399375865,2.0541635054065343e-05,1.4609958820392303e-05,7.663348646144287,0.009796396306796578,153975.23693709786,248.97157129980945,368.6781390990266,2.1300190553574794e-05,0.004481810039521861,8.555269430997242e-08,1.2156282356003101e-05,GOOD,2366,18195.43769
Byron Bethany (CVP),Alfalfa,San Joaquin River,68.96354348,281.0,6.7,4.134965358,0.306290873,206.74826789999997,0.200481491,0.157957374,1.86,0.17,739.7198673,484.1807412,381.4811931,50,1675.287002362,8.64481801751423,1675.287002362,385.716359827,1289.570642535,-4.88235294117647,0.007860774600316915,0.9921375438417912,9.405264503320262e-07,7.410314415109187e-07,2.5432669831321943,0.007795922040433856,96647.16785227082,68.96330118532619,285.16014434598725,0.0002422946738107612,0.0017189087394626767,3.5133733213843435e-06,6.027835278686007e-06,GOOD,281,1711.055885
Byron Bethany (CVP),Almonds & Pistachios,San Joaquin River,1444.741029,4883.0,1.2,4.125499535,0.287448101,206.27497675,0.299096541,0.094248449,0.4,0.17,2039.310074,2110.873995,639.9084906,50,5652.644230159,26.965043945664668,5652.644230159,385.716359827,5266.927870332,-4.88235294117647,0.0263780696771961,0.9736200948713704,1.3956633208655361e-06,4.3978811282129175e-07,0.5741367948986097,0.001730413928737397,249858.92391702157,1444.7407623613194,5960.263392183382,0.0002666386806140508,0.015051151540319552,1.845581147498863e-07,2.525243020676407e-06,GOOD,4883,5688.721743
Byron Bethany (CVP),Citrus & Subtropical,San Joaquin River,3.822909039,933.0,3.6,3.247465856,0.183365181,162.3732928,0.131883505,0.371008972,0.13,0.17,2549.235389,1743.692937,5418.931559,50,3195.740449542,19.617723303371225,3195.740449542,385.716359827,2810.024089715,-4.88235294117647,0.05890724621213134,0.9410834844771221,2.430875875252116e-06,6.838434871266787e-06,2.0362492143992172,2.012160795308866,0.6373073316256478,3.8229087127186188,12.41474231927299,3.262813810245291e-07,2.4255473279666262e-05,8.534897840778291e-08,1.953759914343133e-06,GOOD,933,3252.653397
Byron Bethany (CVP),Grain,San Joaquin River,241.5843527,164.0,2.5,0.466656841,0.351483763,23.33284205,0.486359995,0.112954365,0.74,0.17,345.3012994,477.8051109,110.9675411,50,385.716359827,16.079804662496404,385.716359827,385.716359827,0.0,-4.88235294117647,0.9969937457477995,0.0014585659933165317,0.0012559913529392194,0.0002916969059446191,2.5294268245072735,0.005593703964053759,16.267520169621626,241.58488632736942,112.73697614586001,-0.000533627369406986,1.4720151810365678e-05,2.208865613368783e-06,1.3057073545506117e-07,GOOD,164,406.8715158
Byron Bethany (CVP),Other Deciduous,San Joaquin River,74.72139195,1769.0,2.2,3.445837194,0.215021845,172.2918597,0.341552948,0.346579073,0.13,0.17,2284.866179,4950.948854,6009.195442,50,3718.6049864340002,21.40059412890517,3718.6049864340002,385.716359827,3332.888626607,-4.88235294117647,0.048877619574703726,0.9511133360899791,4.489137688782192e-06,4.555197628531359e-06,1.1966616619684116,0.10294652564094386,14.774416605445515,74.72138618385642,257.4771292879268,5.766143573282534e-06,0.0006222808353868459,7.716857813811824e-08,2.416833421899209e-06,GOOD,1769,3772.158906
Byron Bethany (CVP),Vineyard,San Joaquin River,11.85939473,1689.181611,10.69211111,3.098484515,0.302297005,154.92422575,0.200476183,0.304083218,0.13,0.17,2773.231975,2743.166444,4105.247296,50,17905.186387624795,110.45241285559833,17905.186387624795,385.716359827,17519.4700277978,-4.88235294117647,0.31613231566573985,0.6838587760305194,3.5395291959845745e-06,5.368774544754487e-06,8.460495270274855,0.6486256564889372,12.325585281071852,11.859394576245407,36.74607273890657,1.5375459305744243e-07,7.818927103642181e-05,1.2964792601809488e-08,2.127822072827358e-06,GOOD,1689.181611,17964.10455
CENTRAL CALIFORNIA I.D.,Alfalfa,San Joaquin River,19802.72127,275.42882,7.145726841,4.134965358,0.306290873,206.74826789999997,0.200481491,0.157957374,1.86,0.17,739.7198673,484.1807412,381.4811931,50,1760.7261142209575,9.037129895985963,1760.7261142209575,802.738335245,957.987778975958,-4.88235294117647,0.008258288240012623,0.9917400308758338,9.401496160300141e-07,7.407345375100453e-07,2.737005927569887,2.7149521587047547e-05,20617925.336869054,19802.7237739151,81883.5272357614,-0.0025039151005330496,0.039209818351082504,1.2644298055774483e-07,4.788484436268608e-07,GOOD,275.42882,1796.494997
CENTRAL CALIFORNIA I.D.,Almonds & Pistachios,San Joaquin River,28538.44605,4767.847432,1.096167772,4.078346482,0.287448101,203.91732409999997,0.299096541,0.094248449,0.4,0.17,2039.310074,2110.873995,639.9084906,50,5021.7625795803615,24.32811428675474,5021.7625795803615,802.738335245,4219.02424433536,-4.88235294117647,0.025106393015592504,0.9748916405615613,1.4952529876364514e-06,4.711698586556095e-07,0.5195999995559949,8.760112571020663e-05,3953627.2126590456,28538.446250668636,116389.6062481247,-0.00020066863726242445,0.06480163957166951,7.0315194075686e-09,5.567645220335964e-07,GOOD,4767.847432,5059.350803
CENTRAL CALIFORNIA I.D.,Citrus & Subtropical,San Joaquin River,96.91437253,883.0,6.0,3.247465856,0.183365181,162.3732928,0.131883505,0.371008972,0.13,0.17,2549.235389,1743.692937,5418.931559,50,5134.940449542,30.9439972791654,5134.940449542,802.738335245,4332.202114297,-4.88235294117647,0.09138419296802885,0.9086068576035217,2.346986772872996e-06,6.602441676851153e-06,3.699092381970991,0.0793722075631922,24.90759803098656,96.91437313176901,314.72596775194734,-6.017690168391709e-07,0.00014799489196093418,6.209285590255382e-09,4.7023390991797745e-07,GOOD,883,5191.853397
CENTRAL CALIFORNIA I.D.,Corn,San Joaquin River,26028.98387,63.79287272,25.8602491,2.415829265,0.234536008,120.79146325,0.556552162,0.088672787,0.3,0.17,423.9938724,1022.014707,159.5840787,50,1528.0283551367945,12.913015930906596,1528.0283551367945,802.738335245,725.290019891795,-4.88235294117647,0.14570482450104844,0.854233659650793,5.306177069387861e-05,8.454077464496742e-06,17.70506116112821,0.00012806236885701884,202107.44507885122,26028.987520781237,62881.55304276764,-0.0036507812365016434,0.027928591320232954,1.40258307997547e-07,4.4414581963124865e-07,GOOD,63.79287272,1590.457508
CENTRAL CALIFORNIA I.D.,Cotton,San Joaquin River,24444.64851,3677.344642,0.8,3.634047537,0.148539114,181.70237684999998,0.445240339,0.078228087,0.68,0.17,378.6944542,1135.122209,199.4393382,50,2759.5013292100007,15.362828520442099,2759.5013292100007,802.738335245,1956.762993965,-4.88235294117647,0.027134338542809635,0.9728605144384868,4.377838735998268e-06,7.691799675672302e-07,0.3871973980907241,6.015992558422422e-05,7474730.633891238,24444.649741648533,88832.96789487713,-0.0012316485335759353,0.04681571907713078,5.038520120557607e-08,5.270081087493082e-07,GOOD,3677.344642,2809.140691
CENTRAL CALIFORNIA I.D.,Cucurbits,San Joaquin River,2718.97765,437.2073532,16.16521809,2.299627126,0.087908733,114.98135629999999,0.228781824,0.653570009,0.05,0.17,920.9338517,2396.72349,6846.813993,50,6951.600598163659,58.05009271522939,6951.600598163659,802.738335245,6148.86226291866,-4.88235294117647,0.5090174089808067,0.49091798334245434,1.6751891451817904e-05,4.785578528708492e-05,14.124890811280666,0.0073557059213046495,0.0017230067455233573,2718.977657909311,6252.6313576968305,-7.909311079856707e-06,0.0034012309024546994,2.9089283171771227e-09,5.439676286222063e-07,GOOD,437.2073532,7013.699105
CENTRAL CALIFORNIA I.D.,Dry Beans,San Joaquin River,945.675192,1536.60837,1.3,2.212101358,0.272510229,110.6050679,0.483520066,0.106180731,1.68,0.17,521.9411016,903.6303871,214.6292221,50,1886.123602074,17.067497511779045,1886.123602074,802.738335245,1083.385266829,-4.88235294117647,0.26115724533526796,0.7387611150585475,6.693968868856755e-05,1.4699917496008395e-05,0.9990983954688932,0.0006294318601921148,949368.4829764224,945.6757369592337,2091.929408349873,-0.0005449592337072318,-3.189976223438862e-05,5.762647030580365e-07,1.5248967098746306e-08,GOOD,1536.60837,1947.794746
CENTRAL CALIFORNIA I.D.,Grain,San Joaquin River,5671.416352,232.9810303,3.79451607,0.466656841,0.351483763,23.33284205,0.486359995,0.112954365,0.74,0.17,345.3012994,477.8051109,110.9675411,50,859.7666233055069,34.67159889893383,859.7666233055069,802.738335245,57.028288060507,-4.88235294117647,0.9986483899274956,0.0006557703782160306,0.0005646929438415013,0.0001311467504468525,3.8148485463021102,0.00023827405139719695,62344.426269785436,5671.463889355794,2646.625974980023,-0.04753735579379281,-0.020736159958687495,8.3819195846958e-06,7.835002989691162e-06,GOOD,232.9810303,880.9217793
CENTRAL CALIFORNIA I.D.,Lettuce,San Joaquin River,384.1177091,825.6667179,12.01770726,3.326092372,0.164570286,166.3046186,0.334656366,0.457537993,0.25,0.17,2859.243032,5814.317411,7949.261967,50,9755.359526802204,56.4990852585718,9755.359526802204,802.738335245,8952.6211915572,-4.88235294117647,0.14235718736195993,0.8576312525660575,4.883462797324677e-06,6.676609185369862e-06,8.089619708568097,0.010413474581456104,15746.520508545998,384.11771118268655,1277.610310489987,-2.0826865352319146e-06,0.0006716976381540007,5.422000823944606e-09,5.257450409543817e-07,GOOD,825.6667179,9811.035241
CENTRAL CALIFORNIA I.D.,Onions & Garlic,San Joaquin River,388.6026678,1496.923068,5.92805482,1.480822037,0.178481578,74.04110185,0.383051703,0.272440319,0.41,0.17,887.6914461,1905.136225,1355.002253,50,8798.966932976587,112.87171401793113,8798.966932976587,802.738335245,7996.22859773159,-4.88235294117647,0.9458173835007496,0.0541121578671965,4.117410753068065e-05,2.9284524523309426e-05,5.87095849493619,0.006276396412953042,111155.17724859965,388.60267752996026,575.4511194413367,-9.72996025438988e-06,0.00027467389361390815,2.5038325931919605e-08,4.77319016728121e-07,GOOD,1496.923068,8851.079696
CENTRAL CALIFORNIA I.D.,Other Deciduous,San Joaquin River,6308.455812,2039.881954,2.411512797,3.445837194,0.215021845,172.2918597,0.341552948,0.346579073,0.13,0.17,2284.866179,4950.948854,6009.195442,50,4746.006422874366,27.050165316714,4746.006422874366,802.738335245,3943.26808762937,-4.88235294117647,0.061549942223278545,0.9384411339440206,4.4293264569397826e-06,4.494506244052575e-06,1.3724113424961617,0.00121936459912667,1475.7731983359167,6308.455848394879,21737.899615333077,-3.6394878407008946e-05,0.012058361993695144,5.769221421473427e-09,5.547157507446726e-07,GOOD,2039.881954,4799.560343
CENTRAL CALIFORNIA I.D.,Pasture,San Joaquin River,4288.844844,206.6887348,5.0,4.600187047,0.350906068,230.00935235000003,0.190014026,0.155066311,0.51,0.17,328.209843,177.7241242,145.0367898,50,802.7383352449999,4.266186798223191,802.7383352449999,802.738335245,0.0,-4.88235294117647,0.002024110029717972,0.9979750202281222,4.789122752844748e-07,3.9082988442642647e-07,1.4779755370226706,0.000457182384778639,108.02980245064956,4288.788659366535,19729.216315535603,0.056184633464908984,0.2721824259351706,1.3100178604854417e-05,1.3795716293572064e-05,GOOD,206.6887348,821.1304789
CENTRAL CALIFORNIA I.D.,Rice,San Joaquin River,2000.559108,579.0,4.7,4.833919598,0.381523094,241.69597989999997,0.545092624,0.07948555,0.2,0.17,851.2633133,1216.2235,177.3500304,50,2478.5979188320002,10.678582866869956,2478.5979188320002,802.738335245,1675.859583587,-4.88235294117647,0.004655700362482689,0.9953431266351189,1.0237228611995873e-06,1.4927953725167785e-07,1.5949685822659392,0.0024993013103214944,4519.032454335049,2000.5590969563907,9670.536100932368,1.1043609219996142e-05,0.005778186228781124,5.520261398842979e-09,5.975038732067169e-07,GOOD,579,2486.626112
CENTRAL CALIFORNIA I.D.,Tomato Processing,San Joaquin River,8520.581878,96.28659996,49.55284439,2.379660861,0.124471553,118.98304305,0.533148968,0.188806686,0.74,0.17,657.2463564,2815.18314,996.9547547,50,4651.44543440306,37.92115018138484,4651.44543440306,802.738335245,3848.70709915806,-4.88235294117647,0.3619515551927053,0.6379922674355627,4.148579985219484e-05,1.4691571880060728e-05,40.451241003063885,0.00015859848196993656,6282687.306665444,8520.582443138193,20276.08530771796,-0.0005651381925417809,0.00990030451794155,6.632624398586653e-08,4.882747105085784e-07,GOOD,96.28659996,4713.800619
CENTRAL CALIFORNIA I.D.,Truck Crops,San Joaquin River,531.3190118,883.1369862,18.44217052,2.667732673,0.139554281,133.38663365000002,0.396137579,0.419814805,0.41,0.17,7441.94487,27484.23099,27982.75263,50,16152.620751704288,115.46185875946352,16152.620751704288,802.738335245,15349.8824164593,-4.88235294117647,0.5014593852817139,0.49851528363101993,1.229801613404237e-05,1.3033071132087295e-05,16.038011782795845,0.004590508406580422,291738.25467985467,531.3190160446954,1417.4163497251072,-4.244695446686819e-06,0.0007378398254331842,7.988977153869688e-09,5.205523708626684e-07,GOOD,883.1369862,16214.83941
CENTRAL CALIFORNIA I.D.,Vineyard,San Joaquin River,107.2820422,1492.427601,10.07028874,3.098484515,0.302297005,154.92422575,0.200476183,0.304083218,0.13,0.17,2773.231975,2743.166444,4105.247296,50,14873.445783459516,91.91165680360751,14873.445783459516,802.738335245,14070.7074482145,-4.88235294117647,0.27745656857429857,0.7225340193179204,3.739705252175821e-06,5.672402528998296e-06,7.761081434567011,0.07170172691126951,89.55067511830144,107.2820424286132,332.4115906494244,-2.2861318882405612e-07,0.0001558448521450373,2.1309548563390054e-09,4.688307612129484e-07,GOOD,1492.427601,14932.36395
CITY OF TRACY,Alfalfa,San Joaquin River,239.8092865,281.0,6.7,4.134965358,0.306290873,206.74826789999997,0.200481491,0.157957374,1.86,0.17,739.7198673,484.1807412,381.4811931,50,1675.287002362,8.64481801751423,1675.287002362,385.716359827,1289.570642535,-4.88235294117647,0.007860774600316908,0.9921375438417913,9.405264503320251e-07,7.410314415109179e-07,2.543266983132194,0.0022419248914372233,336074.49958861666,239.80805427028994,991.594321347226,0.0012322297100695323,0.008770856971068497,5.138373613690445e-06,8.845128701214605e-06,GOOD,281,1711.055885
CITY OF TRACY,Almonds & Pistachios,San Joaquin River,138.3210303,4883.0,1.2,4.125499535,0.287448101,206.27497675,0.299096541,0.094248449,0.4,0.17,2039.310074,2110.873995,639.9084906,50,5652.644230159,26.965043945664668,5652.644230159,385.716359827,5266.927870332,-4.88235294117647,0.026378069677196102,0.9736200948713702,1.3956633208655363e-06,4.3978811282129186e-07,0.5741367948986097,0.018073896605439038,23921.756973824897,138.32099296619182,570.6412431342484,3.733380816584031e-05,0.0021030491225246806,2.6990695547067734e-07,3.6854002356997348e-06,GOOD,4883,5688.721743
CITY OF TRACY,Dry Beans,San Joaquin River,216.6351777,1752.0,1.3,2.212101358,0.272510229,110.6050679,0.483520066,0.106180731,1.68,0.17,521.9411016,903.6303871,214.6292221,50,2166.1327210739996,19.459906781997343,2166.1327210739996,385.716359827,1780.416361247,-4.88235294117647,0.2887297369606793,0.711191670099485,6.444160097758943e-05,1.4151338858004624e-05,1.0183426341729913,0.002747652073673791,357369.6656409204,216.6348315088321,479.21654622612493,0.0003461911679210061,0.002424554616425212,1.5980376391151828e-06,5.0593878044417535e-06,GOOD,1752,2227.803865
CITY OF TRACY,Grain,San Joaquin River,244.8236702,164.0,2.5,0.466656841,0.351483763,23.33284205,0.486359995,0.112954365,0.74,0.17,345.3012994,477.8051109,110.9675411,50,385.716359827,16.079804662496404,385.716359827,385.716359827,0.0,-4.88235294117647,0.9969937457477995,0.0014585659933165312,0.0012559913529392194,0.00029169690594461905,2.5294268245072735,0.005519692398400093,16.485645483525946,244.82533728606208,114.24902436342349,-0.0016670860620706662,-0.0003838258656543303,6.809333675574749e-06,3.3595661519329176e-06,GOOD,164,406.8715158
CITY OF TRACY,Other Deciduous,San Joaquin River,84.02201911,1769.0,2.2,3.445837194,0.215021845,172.2918597,0.341552948,0.346579073,0.13,0.17,2284.866179,4950.948854,6009.195442,50,3718.6049864340002,21.40059412890517,3718.6049864340002,385.716359827,3332.888626607,-4.88235294117647,0.04887761957470374,0.9511133360899791,4.4891376887821945e-06,4.555197628531361e-06,1.1966616619684118,0.09155109307998266,16.61339921494656,84.02200962843197,289.52517071471897,9.481568028490983e-06,0.0010278494978024355,1.1284622922567355e-07,3.5501087739196733e-06,GOOD,1769,3772.158906
CITY OF TRACY,Pasture,San Joaquin River,12.1251035,276.0,5.0,4.600187047,0.350906068,230.00935235000003,0.190014026,0.155066311,0.51,0.17,328.209843,177.7241242,145.0367898,50,1149.294661245,5.696815346269181,1149.294661245,385.716359827,763.578301418,-4.88235294117647,0.0028950435680155993,0.9971040874488487,4.784943285518537e-07,3.904888071944644e-07,1.5678817415054642,0.16171278981045317,664.8917399896773,12.125070998464011,55.77738045527067,3.250153598877148e-05,0.00036360896370268847,2.6805161695132318e-06,6.518889743621608e-06,GOOD,276,1167.686805
COLUMBIA CANAL CO.,Almonds & Pistachios,San Joaquin River,3213.413409,5009.424971,1.245620333,3.892747464,0.287448101,194.6373732,0.299096541,0.094248449,0.4,0.17,2039.310074,2110.873995,639.9084906,50,6044.523434224536,30.425773490784117,6044.523434224536,514.294661245,5530.22877297954,-4.88235294117647,0.03917078613662746,0.9608266649610526,1.93816595254817e-06,6.107363673332237e-07,0.6456867480132016,0.000777988911416782,583520.4200663026,3213.4135003465913,12508.98091490838,-9.13465914891276e-05,0.025983759964219644,2.8426654109703945e-08,2.07720406381627e-06,GOOD,5009.424971,6087.625979
COLUMBIA CANAL CO.,Almonds & Pistachios,Tulare Lake,873.7217547,4738.0,1.1,4.141037405,0.287448101,207.05187024999998,0.299096541,0.094248449,0.4,0.17,2039.310074,2110.873995,639.9084906,50,5004.067336659,23.89426375124794,5004.067336659,514.294661245,4489.772675414,-4.88235294117647,0.022922008736649995,0.9770761895810783,1.3699855067794896e-06,4.3169676498012686e-07,0.5118630304033684,0.0028613228256613534,128809.85527201492,873.7217736940263,3618.106866200095,-1.899402627714153e-05,0.007601574839554814,2.173921637519864e-08,2.100976878221773e-06,GOOD,4738,5039.637299
COLUMBIA CANAL CO.,Corn,San Joaquin River,29.13194869,71.0,27.3,2.415829265,0.234536008,120.79146325,0.556552162,0.088672787,0.3,0.17,423.9938724,1022.014707,159.5840787,50,1816.628775793,15.172034406914396,1816.628775793,514.294661245,1302.334114548,-4.88235294117647,0.1685814792923149,0.8313586521552893,5.164086156833168e-05,8.227690827558337e-06,19.211158950401416,0.11442191419476008,406.1094913617714,29.131957276550736,70.37769027291846,-8.58655073443515e-06,0.00012391886195928237,2.9474687140934783e-07,1.7607659939764815e-06,GOOD,71,1879.057929
COLUMBIA CANAL CO.,Cotton,San Joaquin River,195.569537,2718.0,0.7,3.634047537,0.148539114,181.70237684999998,0.445240339,0.078228087,0.68,0.17,378.6944542,1135.122209,199.4393382,50,1720.2256156099997,9.935605847612424,1720.2256156099997,514.294661245,1205.930954365,-4.88235294117647,0.017090270000979853,0.982904529841419,4.423036458635104e-06,7.771211424090636e-07,0.3105178636825753,0.0075195158604589715,36856.80610654583,195.56959746276425,710.7076193861758,-6.046276425308861e-05,0.0013748609045478588,3.091624860424382e-07,1.9344920574761767e-06,GOOD,2718,1769.864977
COLUMBIA CANAL CO.,Grain,San Joaquin River,8.72700116,207.0,2.9,0.466656841,0.351483763,23.33284205,0.486359995,0.112954365,0.74,0.17,345.3012994,477.8051109,110.9675411,50,576.016359827,23.543187168040465,576.016359827,514.294661245,61.7216985819999,-4.88235294117647,0.9979843232785839,0.0009779603695280424,0.0008421352021594147,0.00019558114972853248,2.9230577030062164,0.15484716073434684,103.78063642219392,8.727256089204522,4.072633398159817,-0.00025492920452130363,-0.00011860543088104691,2.9211546996208218e-05,2.912338859831889e-05,GOOD,207,597.1715158
COLUMBIA CANAL CO.,Grain,Tulare Lake,165.5737132,303.0,2.9,0.715524558,0.351483763,35.7762279,0.486359995,0.112954365,0.74,0.17,345.3012994,477.8051109,110.9675411,50,841.9729739769999,22.785867342840877,841.9729739769999,514.294661245,327.678312732,-4.88235294117647,0.9910828089107777,0.008212035072593066,0.0005722533942321043,0.00013290262239718545,2.91985960660015,0.008161629797593689,10405.236788279368,165.57457227744828,118.47242893402644,-0.00085907744829683,-0.00037098017767789315,5.188489354340518e-06,3.131372781777876e-06,GOOD,303,872.6294479
COLUMBIA CANAL CO.,Pasture,San Joaquin River,27.51344268,149.0,5.0,4.600187047,0.350906068,230.00935235000003,0.190014026,0.155066311,0.51,0.17,328.209843,177.7241242,145.0367898,50,514.294661245,3.075454661572855,514.294661245,514.294661245,0.0,-4.88235294117647,0.0012980588729920577,0.9987010707520901,4.792606953364371e-07,3.9111422244753767e-07,1.38235905845907,0.07126641098792112,0.6930238527084543,27.512194501644395,126.5608786838262,0.0012481783556061998,0.006103951086771531,4.5366127755198096e-05,4.822704120535604e-05,GOOD,149,532.6868049
COLUMBIA CANAL CO.,Truck Crops,San Joaquin River,1.6301472,941.0,19.4,2.667732673,0.139554281,133.38663365000002,0.396137579,0.419814805,0.41,0.17,7441.94487,27484.23099,27982.75263,50,18121.057859685,129.41654195272628,18121.057859685,514.294661245,17606.76319844,-4.88235294117647,0.5301705490074565,0.4698055787332491,1.1589768211401527e-05,1.2282491082888986e-05,17.06133724797534,1.4961988648901785,1026.6887676056056,1.6301472430464026,4.3487961464637035,-4.30464026646149e-08,8.007757621442124e-07,2.640645130980497e-08,1.841373078254504e-07,GOOD,941,18183.27652
COLUMBIA CANAL CO.,Vineyard,San Joaquin River,31.56846022,1652.208451,11.31279551,3.098484515,0.302297005,154.92422575,0.200476183,0.304083218,0.13,0.17,2773.231975,2743.166444,4105.247296,50,18535.365263900854,114.30630220157323,18535.365263900854,514.294661245,18021.0706026559,-4.88235294117647,0.3236574330175039,0.6763337567036108,3.500581058530604e-06,5.30969782653849e-06,8.994329775186122,0.2436706649199912,33.74876158399597,31.56846041812536,97.81419253215422,-1.9812535967389522e-07,0.00019262190926383482,6.2760539568025606e-09,1.969259521086227e-06,GOOD,1652.208451,18594.28343
DEL PUERTO WATER DISTRICT,Alfalfa,San Joaquin River,221.5665338,282.0,6.8,4.134965358,0.306290873,206.74826789999997,0.200481491,0.157957374,1.86,0.17,739.7198673,484.1807412,381.4811931,50,1710.187002362,8.805068800332123,1710.187002362,778.409806561245,931.777195800755,-4.88235294117647,0.008023188680615974,0.9919751300367649,9.403724853092575e-07,7.409101339998708e-07,2.590868215370924,0.002426514507319293,224377.99593297023,221.56596347703294,916.1663685761193,0.000570322967064385,0.003573179016711947,2.5740483333967516e-06,3.900126880245267e-06,GOOD,282,1745.955885
DEL PUERTO WATER DISTRICT,Almonds & Pistachios,San Joaquin River,12950.42778,4814.53711,1.102171091,4.122029375,0.287448101,206.10146875,0.299096541,0.094248449,0.4,0.17,2039.310074,2110.873995,639.9084906,50,5099.661357347687,24.439987176872584,5099.661357347687,778.409806561245,4321.25155078644,-4.88235294117647,0.02397482924351722,0.9760233216440055,1.4060510745010847e-06,4.430614026609912e-07,0.5175142753225789,0.00019304381619430954,1837580.347146376,12950.426239185737,53381.97094972079,0.001540814262625645,0.07277825525670778,1.1897786612155023e-07,1.3633471140140467e-06,GOOD,4814.53711,5135.851564
DEL PUERTO WATER DISTRICT,Citrus & Subtropical,San Joaquin River,726.9274325,913.5,3.9,3.247465856,0.183365181,162.3732928,0.131883505,0.371008972,0.13,0.17,2549.235389,1743.692937,5418.931559,50,3399.590449542,20.808348793246246,3399.590449542,778.409806561245,2621.18064298076,-4.88235294117647,0.062430035804831405,0.937560729582204,2.421776385111514e-06,6.812836579177199e-06,2.2310050911263875,0.010581947177110683,113.04073144822777,726.9273972540686,2360.6689561630756,3.524593137171905e-05,0.003060670419017697,4.848617591786791e-08,1.296525056082611e-06,GOOD,913.5,3456.503397
DEL PUERTO WATER DISTRICT,Corn,San Joaquin River,354.5718744,68.49940443,26.84994044,2.415829265,0.234536008,120.79146325,0.556552162,0.088672787,0.3,0.17,423.9938724,1022.014707,159.5840787,50,1717.533704913972,14.396368191709199,1717.533704913972,778.409806561245,939.123898352727,-4.88235294117647,0.160865855371669,0.8390737204914449,5.212009249340204e-05,8.304044392675881e-06,18.72784937926109,0.009401008861669976,3564.581954039051,354.57179682413033,856.5838394825839,7.757586968182295e-05,0.0012712388404452213,2.187874314991718e-07,1.4840776760345175e-06,GOOD,68.49940443,1779.962858
DEL PUERTO WATER DISTRICT,Cucurbits,San Joaquin River,397.8931947,507.0,13.6,2.299627126,0.087908733,114.98135629999999,0.228781824,0.653570009,0.05,0.17,920.9338517,2396.72349,6846.813993,50,6779.248383134,56.63445944394341,6779.248383134,778.409806561245,6000.83857657275,-4.88235294117647,0.5027420154352299,0.4971925511182279,1.6966002325433042e-05,4.8467444216754264e-05,11.854303737421164,0.05026474507833546,0.0002460736912899723,397.8931925643545,915.0048779795609,2.1356455022214504e-06,0.0011058033584276927,5.367383837342746e-09,1.208520357272373e-06,GOOD,507,6841.34689
DEL PUERTO WATER DISTRICT,Dry Beans,San Joaquin River,857.710369,1674.192022,1.3,2.212101358,0.272510229,110.6050679,0.483520066,0.106180731,1.68,0.17,521.9411016,903.6303871,214.6292221,50,2064.9823496739996,18.595673905983816,2064.9823496739996,778.409806561245,1286.57254311275,-4.88235294117647,0.2790101354283868,0.7209101976489357,6.532220391595598e-05,1.4344718761531745e-05,1.0117201267080262,0.0006939849589694015,1022510.0360751669,857.7096821307986,1897.3383740687104,0.0006868692014450062,0.0038979668706815573,8.008171828980258e-07,2.0544352635434554e-06,GOOD,1674.192022,2126.653493
DEL PUERTO WATER DISTRICT,Grain,San Joaquin River,2251.452928,196.1962307,4.091278634,0.466656841,0.351483763,23.33284205,0.486359995,0.112954365,0.74,0.17,345.3012994,477.8051109,110.9675411,50,778.4098065612449,31.480862993542974,778.4098065612449,778.409806561245,0.0,-4.88235294117647,0.9985073986328887,0.0007241761384795876,0.000623598090249653,0.00014482713838205843,4.115462155291344,0.0006002130155800225,151.60566281656236,2251.4562565537785,1050.6561822576966,-0.0033285537783740438,-0.0002712170162340044,1.4784025626202404e-06,2.581406656393933e-07,GOOD,196.1962307,799.5649625
DEL PUERTO WATER DISTRICT,Lettuce,San Joaquin River,151.2744347,898.0,10.5,3.326092372,0.164570286,166.3046186,0.334656366,0.457537993,0.25,0.17,2859.243032,5814.317411,7949.261967,50,9261.738616755001,53.68842362642869,9261.738616755001,778.409806561245,8483.32881019376,-4.88235294117647,0.13613463725880603,0.8638537187961512,4.918894321364119e-06,6.725050721360058e-06,7.004866857262621,0.026442009239251846,5876.2781551857015,151.27443021854944,503.1521279893022,4.481450559978839e-06,0.0006153449799626287,2.9624639278052706e-08,1.2229784853896917e-06,GOOD,898,9317.414331
DEL PUERTO WATER DISTRICT,Onions & Garlic,San Joaquin River,183.5599741,1186.0,5.6,1.480822037,0.178481578,74.04110185,0.383051703,0.272440319,0.41,0.17,887.6914461,1905.136225,1355.002253,50,6566.724924549999,84.47849027621022,6566.724924549999,778.409806561245,5788.31511798875,-4.88235294117647,0.9287124306804794,0.07119486754649396,5.417239392275193e-05,3.852937910396966e-05,5.528605225238875,0.01328734329040147,38007.785634106025,183.55996947074064,271.8193312598207,4.629259365174221e-06,0.000323498608565842,2.5219328929804098e-08,1.1901222111894032e-06,GOOD,1186,6618.837687
DEL PUERTO WATER DISTRICT,Other Deciduous,San Joaquin River,1666.210439,3913.054303,3.386026932,3.445837194,0.215021845,172.2918597,0.341552948,0.346579073,0.13,0.17,2284.866179,4950.948854,6009.195442,50,13076.512242770486,72.85873048966208,13076.512242770486,778.409806561245,12298.1024362092,-4.88235294117647,0.15304760963229322,0.8469443365971572,3.997472853602426e-06,4.05629769573587e-06,2.3115118256103506,0.004616648361010354,1215.6039954091061,1666.2104205506644,5741.4828935510095,1.844933558459161e-05,0.007010186258412432,1.1072632335483532e-08,1.2209698834181246e-06,GOOD,3913.054303,13130.06616
DEL PUERTO WATER DISTRICT,Pasture,San Joaquin River,15.9755367,233.7674522,5.0,4.600187047,0.350906068,230.00935235000003,0.190014026,0.155066311,0.51,0.17,328.209843,177.7241242,145.0367898,50,938.1319222450002,4.825108728808722,938.1319222450002,778.409806561245,159.722115683755,-4.88235294117647,0.0023645497901874464,0.9976345807643482,4.787489038223761e-07,3.906965605319561e-07,1.5156119373633716,0.122736678619723,183.5633475219871,15.975462755690604,73.49002239413076,7.394430939555718e-05,0.0004346020823646768,4.628596258400332e-06,5.9137213201310115e-06,GOOD,233.7674522,956.5240659
DEL PUERTO WATER DISTRICT,Tomato Processing,San Joaquin River,1717.722813,99.84747344,50.20848406,2.379660861,0.124471553,118.98304305,0.533148968,0.188806686,0.74,0.17,657.2463564,2815.18314,996.9547547,50,4893.360808386514,39.84384577351108,4893.360808386514,778.409806561245,4114.95100182527,-4.88235294117647,0.3737403336516538,0.6262045269269375,4.071929550972672e-05,1.4420125898932964e-05,41.24591687340003,0.0007867109530851595,1354185.543315377,1717.7226053094691,4087.5922575346613,0.00020769053094227274,0.005490608260970475,1.2091038750282508e-07,1.3432359540429262e-06,GOOD,99.84747344,4955.715993
DEL PUERTO WATER DISTRICT,Truck Crops,San Joaquin River,48.43551713,837.0086212,18.74292924,2.667732673,0.139554281,133.38663365000002,0.396137579,0.419814805,0.41,0.17,7441.94487,27484.23099,27982.75263,50,15553.651220106562,111.21563213531823,15553.651220106562,778.409806561245,14775.2414135453,-4.88235294117647,0.4920134279588477,0.5079607610002732,1.2531029317178375e-05,1.3280011561944046e-05,16.23725527716792,0.05035611333925904,25599.50992278799,48.43551609046763,129.21286506768257,1.0395323712941718e-06,0.0001465136696197078,2.1462192062574386e-08,1.1338925378073333e-06,GOOD,837.0086212,15615.86988
DEL PUERTO WATER DISTRICT,Vineyard,San Joaquin River,772.4922471,1659.744887,10.99858551,3.098484515,0.302297005,154.92422575,0.200476183,0.304083218,0.13,0.17,2773.231975,2743.166444,4105.247296,50,18099.114982298786,111.63839254014519,18099.114982298786,778.409806561245,17320.7051757375,-4.88235294117647,0.3184658392437739,0.6815252828497936,3.5274514578150775e-06,5.350454974650031e-06,8.715958261403525,0.009957779798030664,793.7501985651672,772.4922417354284,2393.552373300353,5.364571620702918e-06,0.0028922965507263143,6.944498978264138e-09,1.2083684017235487e-06,GOOD,1659.744887,18158.03315
EAGLE FIELD W.D.,Cotton,San Joaquin River,714.320309,3810.565698,0.8,3.634047537,0.148539114,181.70237684999998,0.445240339,0.078228087,0.68,0.17,378.6944542,1135.122209,199.4393382,50,2866.0781740100006,15.919385612008881,2866.0781740100006,2866.07817401,0.0,-4.88235294117647,0.0281527566699833,0.9718421016993306,4.373255913823308e-06,7.683747723043448e-07,0.3899462705043309,0.002058723820064477,16.579612803371344,714.3203161400312,2595.851092647043,-7.14003124357987e-06,0.022866903485464718,9.99555963007048e-09,8.808942129618683e-06,GOOD,3810.565698,2915.717536
FIREBAUGH CANAL W.D.,Alfalfa,San Joaquin River,758.348669,264.0,7.7,4.134965358,0.306290873,206.74826789999997,0.200481491,0.157957374,1.86,0.17,739.7198673,484.1807412,381.4811931,50,1825.387002362,9.334034135020412,1825.387002362,619.294661245,1206.092341117,-4.88235294117647,0.008558917512472342,0.9914394021129049,9.398646260051731e-07,7.405099967022355e-07,2.968715045966813,0.00070895411382617,993987.7958884002,758.3488086889122,3135.742781517602,-0.00013968891221338708,0.0026940828061015054,1.8420143388342533e-07,8.59152258072114e-07,GOOD,264,1861.155885
FIREBAUGH CANAL W.D.,Almonds & Pistachios,San Joaquin River,8134.667215,4653.159559,1.382801469,3.899491854,0.287448101,194.9745927,0.299096541,0.094248449,0.4,0.17,2039.310074,2110.873995,639.9084906,50,6238.740487885591,31.320354639836683,6238.740487885591,619.294661245,5619.44582664059,-4.88235294117647,0.0399857914556689,0.9600116876050273,1.9169030875074486e-06,6.04036216122233e-07,0.719690667857127,0.0003073266470434218,1500995.1221661095,8134.667321874287,31721.03820726178,-0.00010687428675737465,0.030332631587953074,1.313812648172045e-08,9.562298177252714e-07,GOOD,4653.159559,6281.654713
FIREBAUGH CANAL W.D.,Corn,San Joaquin River,96.84837588,71.0,20.6,2.415829265,0.234536008,120.79146325,0.556552162,0.088672787,0.3,0.17,423.9938724,1022.014707,159.5840787,50,1340.928775793,11.448494827195479,1340.928775793,619.294661245,721.634114548,-4.88235294117647,0.13018904683821547,0.8697483200578461,5.402548283939276e-05,8.607621099115646e-06,13.811002251265574,0.0344180612534329,748.2099949762938,96.84839982879524,233.96896922349262,-2.3948795231376607e-05,0.0001714951315250346,2.472813303658325e-07,7.329818411021904e-07,GOOD,71,1403.357929
FIREBAUGH CANAL W.D.,Cotton,San Joaquin River,4267.500545,3438.0,0.8,3.634047537,0.148539114,181.70237684999998,0.445240339,0.078228087,0.68,0.17,378.6944542,1135.122209,199.4393382,50,2568.0256156100004,14.362919333161575,2568.0256156100004,619.294661245,1948.730954365,-4.88235294117647,0.025299278667835677,0.9746955646049391,4.386096398409238e-06,7.70630826972631e-07,0.3820441065307654,0.0003446017685966382,1299568.35664226,4267.500929155424,15508.285637092104,-0.0003841554243990686,0.014207611302481382,9.001883429145962e-08,9.161295206278687e-07,GOOD,3438,2617.664977
FIREBAUGH CANAL W.D.,Cucurbits,San Joaquin River,1230.088879,485.0,17.3,2.299627126,0.087908733,114.98135629999999,0.228781824,0.653570009,0.05,0.17,920.9338517,2396.72349,6846.813993,50,8274.548383133999,68.91626522282273,8274.548383133999,619.294661245,7655.253721889,-4.88235294117647,0.5523781152145842,0.4475629828802108,1.5272462532363588e-05,4.3629442672548295e-05,15.363425220099376,0.01625898773774704,0.0009704684810315048,1230.0888840377968,2828.7430780316527,-5.037796881879331e-06,0.002675507678759459,4.095473886386815e-09,9.458282616639757e-07,GOOD,485,8336.64689
FIREBAUGH CANAL W.D.,Grain,San Joaquin River,1721.821751,303.0,2.9,0.466656841,0.351483763,23.33284205,0.486359995,0.112954365,0.74,0.17,345.3012994,477.8051109,110.9675411,50,854.416359827,34.461766724233144,854.416359827,619.294661245,235.121698582,-4.88235294117647,0.998639941276978,0.00065986947074138,0.000568222729117127,0.00013196652316355107,2.9156354424600037,0.0007848381230905658,77674.22481023376,1721.8278868942484,803.5019961575325,-0.0061358942484730505,-0.0020970707839751412,3.5636059568358018e-06,2.6099204074059683e-06,GOOD,303,875.5715158
FIREBAUGH CANAL W.D.,Onions & Garlic,San Joaquin River,248.9715926,2366.0,7.7,1.480822037,0.178481578,74.04110185,0.383051703,0.272440319,0.41,0.17,887.6914461,1905.136225,1355.002253,50,18143.324924549997,231.72820277494176,18143.324924549997,619.294661245,17524.030263305,-4.88235294117647,0.9729684600067496,0.02699638839937586,2.054163505406534e-05,1.4609958820392302e-05,7.663348646144287,0.009796396306796578,156069.2121222111,248.9715975717938,368.6822898152985,-4.97179379976842e-06,0.0003310937676701542,1.9969321591464245e-08,8.98045497381383e-07,GOOD,2366,18195.43769
FIREBAUGH CANAL W.D.,Other Deciduous,San Joaquin River,463.8898093,1850.0,7.8,3.445837194,0.215021845,172.2918597,0.341552948,0.346579073,0.13,0.17,2284.866179,4950.948854,6009.195442,50,14256.804986433997,79.34903470890117,14256.804986433997,619.294661245,13637.510325189,-4.88235294117647,0.16458793268607544,0.8354041232816735,3.9430044694831385e-06,4.001027781696449e-06,5.403442834564045,0.0165821872739891,375.29548560660237,463.88981067110666,1598.4872520178728,-1.3711066344512801e-06,0.0015067856343193853,2.9556731080604062e-09,9.426313610408102e-07,GOOD,1850,14310.35891
FIREBAUGH CANAL W.D.,Pasture,San Joaquin River,532.7035162,170.0,5.0,4.600187047,0.350906068,230.00935235000003,0.190014026,0.155066311,0.51,0.17,328.209843,177.7241242,145.0367898,50,619.294661245,3.5089080031368143,619.294661245,619.294661245,0.0,-4.88235294117647,0.001562480117890117,0.9984366497376368,4.791338039142091e-07,3.910106691196246e-07,1.4201224842247786,0.0036808172916007686,13.418031594302269,532.6964079580817,2450.4999699559266,0.007108241918217573,0.035845158668053045,1.3343711280382897e-05,1.4627477977250789e-05,GOOD,170,637.6868049
FIREBAUGH CANAL W.D.,Tomato Processing,San Joaquin River,3626.49182,93.0,51.2,2.379660861,0.124471553,118.98304305,0.533148968,0.188806686,0.74,0.17,657.2463564,2815.18314,996.9547547,50,4641.770529743,37.84425595082051,4641.770529743,619.294661245,4022.475868498,-4.88235294117647,0.3614708505496949,0.638472929754634,4.1517055185187504e-05,1.4702640486015852e-05,41.78492806768107,0.00037263322748963253,2794736.538193863,3626.492223551268,8629.813294386839,-0.0004035512679365638,0.007352403819822939,1.1127869245726406e-07,8.519764338969458e-07,GOOD,93,4704.125715
FIREBAUGH CANAL W.D.,Truck Crops,San Joaquin River,222.6026133,941.0,19.4,2.667732673,0.139554281,133.38663365000002,0.396137579,0.419814805,0.41,0.17,7441.94487,27484.23099,27982.75263,50,18121.057859685,129.41654195272628,18121.057859685,619.294661245,17501.76319844,-4.88235294117647,0.5301705490074566,0.46980557873324924,1.158976821140153e-05,1.2282491082888988e-05,17.06133724797534,0.010956854252905136,139362.05693793678,222.60261603919506,593.8437190643107,-2.739195053891308e-06,0.0005455312837057136,1.2305314000063934e-08,9.186436852719597e-07,GOOD,941,18183.27652
FRESNO SLOUGH W.D.,Almonds & Pistachios,Tulare Lake,180.5327118,4738.0,1.1,4.141037405,0.287448101,207.05187024999998,0.299096541,0.094248449,0.4,0.17,2039.310074,2110.873995,639.9084906,50,5004.067336659,23.89426375124794,5004.067336659,841.972973977,4162.094362682,-4.88235294117647,0.02292200873664999,0.9770761895810784,1.3699855067794896e-06,4.316967649801269e-07,0.5118630304033684,0.01384790587297875,24672.98004075538,180.53260546543126,747.5875485135144,0.00010633456872710667,0.005163876370374965,5.890044395107052e-07,6.90733909626703e-06,GOOD,4738,5039.637299
FRESNO SLOUGH W.D.,Cotton,Tulare Lake,171.3936328,3438.0,0.8,3.749301711,0.148539114,187.46508555,0.445240339,0.078228087,0.68,0.17,378.6944542,1135.122209,199.4393382,50,2562.2629069100003,13.922977805208799,2562.2629069100003,841.972973977,1720.289932933,-4.88235294117647,0.021097815104296484,0.9788978748774658,3.665921163352587e-06,6.440970742812398e-07,0.36826385619982926,0.008580180087612434,46075.959363658876,171.3932650854909,642.6008799215996,0.00036771450911032844,0.005560789946230216,2.1454385621163427e-06,8.65349239275109e-06,GOOD,3438,2609.155359
FRESNO SLOUGH W.D.,Grain,Tulare Lake,199.5809002,303.0,2.9,0.715524558,0.351483763,35.7762279,0.486359995,0.112954365,0.74,0.17,345.3012994,477.8051109,110.9675411,50,841.9729739769999,22.785867342840877,841.9729739769999,841.972973977,0.0,-4.88235294117647,0.9910828089107777,0.008212035072593065,0.0005722533942321044,0.00013290262239718548,2.9198596066001494,0.006770945265790276,13.439141580110872,199.58144718934966,142.8045345653106,-0.0005469893496581335,0.0005008355365134776,2.740689861154026e-06,3.507127988222932e-06,GOOD,303,872.6294479
FRESNO SLOUGH W.D.,Onions & Garlic,Tulare Lake,160.0698856,2366.0,7.7,1.253629891,0.178481578,62.681494550000004,0.383051703,0.272440319,0.41,0.17,887.6914461,1905.136225,1355.002253,50,18154.684531849998,273.1723023073816,18154.684531849998,841.972973977,17312.711557873,-4.88235294117647,0.9896620518382303,0.01030221583049421,2.0881002190471958e-05,1.4851329084971795e-05,7.68911127334455,0.015237247038076865,99130.71258338736,160.06988195445174,200.66717651869658,3.6455482472774747e-06,0.001216718413900253,2.2774728885527954e-08,6.063328630247087e-06,GOOD,2366,18201.65015
FRESNO SLOUGH W.D.,Tomato Processing,Tulare Lake,116.6653386,93.0,51.2,2.220206136,0.124471553,111.0103068,0.533148968,0.188806686,0.74,0.17,657.2463564,2815.18314,996.9547547,50,4649.743265993,40.54165520846828,4649.743265993,841.972973977,3807.770292016,-4.88235294117647,0.4602524641506044,0.5396760753504061,5.277206581597402e-05,1.8688433173686534e-05,43.889156087037684,0.011583143438897553,85108.72179593249,116.6652775786102,259.01936478780254,6.102138979713345e-05,0.0017358304351091647,5.230464380371965e-07,6.701502043524809e-06,GOOD,93,4711.46042
GRASSLANDS W.D.,Alfalfa,San Joaquin River,689.7245575,282.0,6.8,4.134965358,0.306290873,206.74826789999997,0.200481491,0.157957374,1.86,0.17,739.7198673,484.1807412,381.4811931,50,1710.187002362,8.805068800332123,1710.187002362,769.294661245,940.892341117,-4.88235294117647,0.008023188680615976,0.9919751300367645,9.403724853092576e-07,7.409101339998709e-07,2.590868215370924,0.0007794914691030855,705307.1131052274,689.7248116060471,2851.983557529447,-0.0002541060471230594,0.0035942949316449813,3.684167025226725e-07,1.2602773926754048e-06,GOOD,282,1745.955885
GRASSLANDS W.D.,Corn,San Joaquin River,235.961025,62.0,26.2,2.415829265,0.234536008,120.79146325,0.556552162,0.088672787,0.3,0.17,423.9938724,1022.014707,159.5840787,50,1502.7287757929998,12.714983589017047,1502.7287757929998,769.294661245,733.434114548,-4.88235294117647,0.14363922590088718,0.8562991095119079,5.3190068643358864e-05,8.474518561528721e-06,17.889825842252467,0.014126626773778989,1852.7346250559233,235.9611140853239,570.0408802402773,-8.908532390705659e-05,0.0006693541193953934,3.775425365568597e-07,1.174219879009979e-06,GOOD,62,1565.157929
GRASSLANDS W.D.,Cotton,San Joaquin River,274.9930646,3927.0,0.8,3.634047537,0.148539114,181.70237684999998,0.445240339,0.078228087,0.68,0.17,378.6944542,1135.122209,199.4393382,50,2959.2256156100007,16.405812746167978,2959.2256156100007,769.294661245,2189.930954365,-4.88235294117647,0.02904110269638356,0.9709537603727915,4.369258408515617e-06,7.676724163729493e-07,0.3922841031184156,0.005347728450654597,94107.05367821711,274.9930988517926,999.3364605125907,-3.425179255600597e-05,0.0014085891211834678,1.2455511416561726e-07,1.4095224095226423e-06,GOOD,3927,3008.864977
GRASSLANDS W.D.,Cucurbits,San Joaquin River,40.80997137,372.0,15.4,2.299627126,0.087908733,114.98135629999999,0.228781824,0.653570009,0.05,0.17,920.9338517,2396.72349,6846.813993,50,5612.848383134,47.05410883838947,5612.848383134,769.294661245,4843.553721889,-4.88235294117647,0.4556575411501956,0.5442708296265693,1.8572482915002398e-05,5.30567403200285e-05,13.164997821439195,0.490076305584039,2.0371296018592673e-05,40.80997178006467,93.84759071157151,-4.100646719962242e-07,0.00012646216386258402,1.0048148975122013e-08,1.3475252000906024e-06,GOOD,372,5674.94689
GRASSLANDS W.D.,Grain,San Joaquin River,926.2253268,206.2919153,4.233904617,0.466656841,0.351483763,23.33284205,0.486359995,0.112954365,0.74,0.17,345.3012994,477.8051109,110.9675411,50,849.136652465443,34.254701692406364,849.136652465443,769.294661245,79.841991220443,-4.88235294117647,0.9986314998580331,0.0006639650546725651,0.0005717494930937839,0.00013278559420060903,4.256872053292485,0.001458987691494155,14229.936755723362,926.2403581711285,432.2357646249455,-0.01503137112854347,-0.006379566264911318,1.6228633242490892e-05,1.4759677350592931e-05,GOOD,206.2919153,870.2918084
GRASSLANDS W.D.,Pasture,San Joaquin River,815.9913879,200.0,5.0,4.600187047,0.350906068,230.00935235000003,0.190014026,0.155066311,0.51,0.17,328.209843,177.7241242,145.0367898,50,769.294661245,4.128127062513899,769.294661245,769.294661245,0.0,-4.88235294117647,0.0019399819552916714,0.9980591482292301,4.789526469687446e-07,3.908628308792772e-07,1.4680759688472647,0.0024029473139069273,20.553643613289054,815.9760000807977,3753.635137517904,0.015387819202260289,0.07787556322864475,1.8857820597667964e-05,2.0746275209974758e-05,GOOD,200,787.6868049
GRASSLANDS W.D.,Rice,San Joaquin River,158.8750946,579.0,4.7,4.833919598,0.381523094,241.69597989999997,0.545092624,0.07948555,0.2,0.17,851.2633133,1216.2235,177.3500304,50,2478.5979188320002,10.678582866869956,2478.5979188320002,769.294661245,1709.303257587,-4.88235294117647,0.004655700362482685,0.9953431266351187,1.0237228611995862e-06,1.4927953725167775e-07,1.5949685822659387,0.03147126371561575,366.04076472644596,158.87509249829355,767.9882080776498,2.1017064568695787e-06,0.0012253433941395997,1.3228671631390982e-08,1.5955211632030556e-06,GOOD,579,2486.626112
GRASSLANDS W.D.,Tomato Processing,San Joaquin River,70.38321942,97.0,48.5,2.379660861,0.124471553,118.98304305,0.533148968,0.188806686,0.74,0.17,657.2463564,2815.18314,996.9547547,50,4584.670529743,37.3904364332651,4584.670529743,769.294661245,3815.375868498,-4.88235294117647,0.35861897754474,0.6413245516646582,4.1702483476174373e-05,1.4768307125572909e-05,39.519796674169655,0.019199908195267252,51447.930449735766,70.38323223709772,167.4879848390006,-1.2817097712058967e-05,0.000207685948538483,1.8210445355696358e-07,1.240003521487319e-06,GOOD,97,4647.025715
HENRY MILLER RECLAMATION DIST. 2131,Alfalfa,San Joaquin River,3708.141917,281.5865269,6.820673657,4.134965358,0.306290873,206.74826789999997,0.200481491,0.157957374,1.86,0.17,739.7198673,484.1807412,381.4811931,50,1713.1968085549522,8.81888896647971,1713.1968085549522,769.294661245,943.902147309952,-4.88235294117647,0.00803719292078772,0.9919611258203285,9.403592095935502e-07,7.408996741954238e-07,2.5995724879200384,0.00014498754919205282,3804043.8244397067,3708.1421865737107,15333.029400298756,-0.00026957371073876857,0.008969043954493827,7.269778686271585e-08,5.849489017406214e-07,GOOD,281.5865269,1748.965691
HENRY MILLER RECLAMATION DIST. 2131,Almonds & Pistachios,San Joaquin River,482.3624499,5084.931574,1.008661116,3.861203726,0.287448101,193.0601863,0.299096541,0.094248449,0.4,0.17,2039.310074,2110.873995,639.9084906,50,4935.231776823477,25.212714283029047,4935.231776823477,769.294661245,4165.93711557848,-4.88235294117647,0.03374003457688596,0.9662572764510001,2.044673959368763e-06,6.442981544918467e-07,0.5078098119265956,0.005182824659171298,65984.19974932449,482.36245380149836,1862.4985790115563,-3.90149835993725e-06,0.0011098248119196796,8.088312763039663e-09,5.958791932003294e-07,GOOD,5084.931574,4979.203021
HENRY MILLER RECLAMATION DIST. 2131,Citrus & Subtropical,San Joaquin River,5.731683796,872.0,7.8,3.247465856,0.183365181,162.3732928,0.131883505,0.371008972,0.13,0.17,2549.235389,1743.692937,5418.931559,50,6638.540449542,39.726064910149375,6638.540449542,769.294661245,5869.245788297,-4.88235294117647,0.11506326624368592,0.8849280175553411,2.285822888928037e-06,6.430378084016352e-06,5.033990171686302,1.3420677005378354,1.995697239733691,5.731683820466832,18.613448503727657,-2.446683122769855e-08,-1.0788291859853416e-06,4.268698710276611e-09,5.7959665469720275e-08,GOOD,872,6695.453397
HENRY MILLER RECLAMATION DIST. 2131,Corn,San Joaquin River,3153.419258,62.0,26.2,2.415829265,0.234536008,120.79146325,0.556552162,0.088672787,0.3,0.17,423.9938724,1022.014707,159.5840787,50,1502.7287757929998,12.714983589017047,1502.7287757929998,769.294661245,733.434114548,-4.88235294117647,0.14363922590088715,0.856299109511908,5.319006864335885e-05,8.474518561528718e-06,17.889825842252467,0.0010570536489484881,24760.229137904258,3153.4196887099015,7618.118745418931,-0.0004307099015932181,0.0037828720542165684,1.365850419352066e-07,4.965622487913962e-07,GOOD,62,1565.157929
HENRY MILLER RECLAMATION DIST. 2131,Cotton,San Joaquin River,11606.96075,3922.445125,0.8,3.634047537,0.148539114,181.70237684999998,0.445240339,0.078228087,0.68,0.17,378.6944542,1135.122209,199.4393382,50,2955.5817156100006,16.386783862457207,2955.5817156100006,769.294661245,2186.287054365,-4.88235294117647,0.029006381390426036,0.9709884814950532,4.369414652367368e-06,7.67699868192916e-07,0.39219373877640934,0.00012669882038621674,3965479.978810105,11606.961195733127,42180.22244822052,-0.0004457331269804854,0.024677372653968632,3.8402225748931336e-08,5.850457106258975e-07,GOOD,3922.445125,3005.221077
HENRY MILLER RECLAMATION DIST. 2131,Cucurbits,San Joaquin River,1109.713777,372.0,15.4,2.299627126,0.087908733,114.98135629999999,0.228781824,0.653570009,0.05,0.17,920.9338517,2396.72349,6846.813993,50,5612.848383134,47.05410883838947,5612.848383134,769.294661245,4843.553721889,-4.88235294117647,0.4556575411501957,0.5442708296265691,1.8572482915002404e-05,5.3056740320028515e-05,13.164997821439195,0.018022665316517916,0.000553940791632014,1109.7137810565614,2551.926394867567,-4.056561465404229e-06,0.0015088175473465526,3.6555024813431957e-09,5.912461496924513e-07,GOOD,372,5674.94689
HENRY MILLER RECLAMATION DIST. 2131,Grain,San Joaquin River,3404.89204,189.1543272,4.470285142,0.466656841,0.351483763,23.33284205,0.486359995,0.112954365,0.74,0.17,345.3012994,477.8051109,110.9675411,50,821.2901382541665,33.16258825570208,821.2901382541665,769.294661245,51.9954770091664,-4.88235294117647,0.9985851852094951,0.0006864358657493147,0.0005910994193468658,0.0001372795054087332,4.495346715414415,0.00039688522733641546,34146.17822562968,3404.9243327717836,1588.9302850344964,-0.03229277178343182,-0.014121702050715612,9.484227812236836e-06,8.887631944720143e-06,GOOD,189.1543272,842.4452942
HENRY MILLER RECLAMATION DIST. 2131,Lettuce,San Joaquin River,369.5729814,674.0,15.2,3.326092372,0.164570286,166.3046186,0.334656366,0.457537993,0.25,0.17,2859.243032,5814.317411,7949.261967,50,10077.538616755,58.333562664973655,10077.538616755,769.294661245,9308.24395551,-4.88235294117647,0.14637043162170602,0.853618062400384,4.860611175705222e-06,6.645366734441674e-06,10.289046980676883,0.010823302030487664,15752.073508348018,369.5729831542604,1229.2331580226978,-1.7542603814035829e-06,0.0007163091402162536,4.7467224870123655e-09,5.827281164095891e-07,GOOD,674,10133.21433
HENRY MILLER RECLAMATION DIST. 2131,Onions & Garlic,San Joaquin River,772.3914929,2039.0,6.5,1.480822037,0.178481578,74.04110185,0.383051703,0.272440319,0.41,0.17,887.6914461,1905.136225,1355.002253,50,13178.62492455,168.57920845515423,13178.62492455,769.294661245,12409.330263305,-4.88235294117647,0.9631603256956055,0.03679176829275248,2.7994969774583875e-05,1.99110418673246e-05,6.457691035204278,0.003157756672184993,342863.37360208266,772.3915055483374,1143.7736986958319,-1.2648337360587902e-05,0.0006451818171626655,1.63755523939017e-08,5.640813859973078e-07,GOOD,2039,13230.73769
HENRY MILLER RECLAMATION DIST. 2131,Other Deciduous,San Joaquin River,96.43715622,3553.0,6.1,3.445837194,0.215021845,172.2918597,0.341552948,0.346579073,0.13,0.17,2284.866179,4950.948854,6009.195442,50,21500.104986434,119.1791707523512,21500.104986434,769.294661245,20730.810325189,-4.88235294117647,0.2290537926537623,0.7709388763274811,3.6387364514271496e-06,3.6922823053101884e-06,4.517992328904127,0.07976497849811535,118.59919638323856,96.43715631442926,332.30655528231625,-9.442925374969491e-08,0.00018450414825110784,9.791791613418742e-10,5.552224079766409e-07,GOOD,3553,21553.65891
HENRY MILLER RECLAMATION DIST. 2131,Pasture,San Joaquin River,539.0958288,200.0,5.0,4.600187047,0.350906068,230.00935235000003,0.190014026,0.155066311,0.51,0.17,328.209843,177.7241242,145.0367898,50,769.294661245,4.128127062513899,769.294661245,769.294661245,0.0,-4.88235294117647,0.0019399819552916701,0.9980591482292303,4.789526469687444e-07,3.908628308792769e-07,1.4680759688472644,0.0036371721111070304,13.579044709138275,539.0617621335014,2479.7830585909223,0.03406666649868839,0.15859014656780346,6.319222794678093e-05,6.394914438754633e-05,GOOD,200,787.6868049
HENRY MILLER RECLAMATION DIST. 2131,Tomato Processing,San Joaquin River,10615.20198,97.0,48.5,2.379660861,0.124471553,118.98304305,0.533148968,0.188806686,0.74,0.17,657.2463564,2815.18314,996.9547547,50,4584.670529743,37.3904364332651,4584.670529743,769.294661245,3815.375868498,-4.88235294117647,0.3586189775447401,0.6413245516646582,4.170248347617439e-05,1.4768307125572915e-05,39.519796674169655,0.00012730340448513551,7759380.398870326,10615.202680549372,25260.56713367523,-0.0007005493716860656,0.013549740473536076,6.599491681891347e-08,5.363986142421448e-07,GOOD,97,4647.025715
HENRY MILLER RECLAMATION DIST. 2131,Truck Crops,San Joaquin River,621.5500005,910.0,18.1,2.667732673,0.139554281,133.38663365000002,0.396137579,0.419814805,0.41,0.17,7441.94487,27484.23099,27982.75263,50,16336.657859685001,116.76653825735698,16336.657859685001,769.294661245,15567.36319844,-4.88235294117647,0.504291564455027,0.4956832483620862,1.2228151845878831e-05,1.2959031040799114e-05,15.758315384949094,0.003924100053546541,346117.8881086248,621.5500052555356,1658.1282866126164,-4.7555355422446155e-06,0.0009576244001436862,7.651090883145475e-09,5.775330261329142e-07,GOOD,910,16398.87652
HENRY MILLER RECLAMATION DIST. 2131,Vineyard,San Joaquin River,45.41249677,1501.721891,10.6898472,3.098484515,0.302297005,154.92422575,0.200476183,0.304083218,0.13,0.17,2773.231975,2743.166444,4105.247296,50,15897.446469529055,98.17398244301157,15897.446469529055,769.294661245,15128.1518082841,-4.88235294117647,0.290999766186081,0.7089909981246478,3.669609026762628e-06,5.5660802443541545e-06,8.318247051640643,0.16938746467226432,40.75552580259512,45.412496854425314,140.70984682905302,-8.442531651553509e-08,7.120027947848939e-05,1.8590767414335914e-09,5.060075400203625e-07,GOOD,1501.721891,15956.36463
JAMES I.D.,Alfalfa,Tulare Lake,1366.866941,264.0,7.7,4.524530937,0.306290873,226.22654684999998,0.200481491,0.157957374,1.86,0.17,739.7198673,484.1807412,381.4811931,50,1805.908723412,8.532721174271856,1805.908723412,610.894299045,1195.014424367,-4.88235294117647,0.005003862118004243,0.9949951448780375,5.5540549172825e-07,4.3759846627723404e-07,2.6654865660780156,0.0003933333907460057,1775137.395689069,1366.8665552453467,6184.4234492039595,0.00038575465327994607,0.008312113093779772,2.8221814553341084e-07,1.3440382907563364e-06,GOOD,264,1827.421468
JAMES I.D.,Almonds & Pistachios,Tulare Lake,11747.80143,4706.761177,1.204129409,4.05750643,0.287448101,202.8753215,0.299096541,0.094248449,0.4,0.17,2039.310074,2110.873995,639.9084906,50,5463.993439774155,26.516846487750655,5463.993439774155,610.894299045,4853.09914072915,-4.88235294117647,0.028067442802870067,0.9719305367687817,1.5363183608810099e-06,4.841099873610957e-07,0.5835580967203529,0.00021280577603361825,1872083.7323627702,11747.80138009529,47666.732921519004,4.9904709157999605e-05,0.04691906918742461,4.248004144040049e-09,9.843137997644451e-07,GOOD,4706.761177,5502.235177
JAMES I.D.,Corn,Tulare Lake,1119.139446,71.0,20.6,2.280437339,0.234536008,114.02186695,0.556552162,0.088672787,0.3,0.17,423.9938724,1022.014707,159.5840787,50,1347.6983720930002,12.122999528603893,1347.6983720930002,610.894299045,736.804073048,-4.88235294117647,0.17436303404742842,0.825553502317939,7.19932891234855e-05,1.1470345508919693e-05,14.647543606447165,0.0029784789958456474,8827.697114132836,1119.1396475629942,2552.1252339406497,-0.00020156299433438107,0.0021462655245159112,1.8010534348941274e-07,8.409711604373465e-07,GOOD,71,1409.716294
JAMES I.D.,Cotton,Tulare Lake,3617.99277,3438.0,0.8,3.749301711,0.148539114,187.46508555,0.445240339,0.078228087,0.68,0.17,378.6944542,1135.122209,199.4393382,50,2562.2629069100003,13.922977805208799,2562.2629069100003,610.894299045,1951.368607865,-4.88235294117647,0.021097815104296497,0.9788978748774658,3.6659211633525895e-06,6.440970742812402e-07,0.3682638561998293,0.00040646522223263524,1103266.9874441258,3617.99281303758,13564.932895304903,-4.303758032619953e-05,0.013587641726189759,1.1895430163117638e-08,1.0016730801903023e-06,GOOD,3438,2609.155359
JAMES I.D.,Dry Beans,Tulare Lake,30.06125249,1030.0,1.5,1.919782133,0.272510229,95.98910665,0.483520066,0.106180731,1.68,0.17,521.9411016,903.6303871,214.6292221,50,1448.148682324,15.192654129404737,1448.148682324,610.894299045,837.254383279,-4.88235294117647,0.38447722513695953,0.6153662413027355,0.00012834833833523678,2.8185221969817403e-05,1.2497023420698916,0.019800841479778782,23324.185903769314,30.061285239060215,57.71107022316797,-3.2749060213888015e-05,-1.4797264206833916e-05,1.089411035843637e-06,2.564025921486115e-07,GOOD,1030,1507.282155
JAMES I.D.,Grain,Tulare Lake,614.0946858,303.0,2.9,0.715524558,0.351483763,35.7762279,0.486359995,0.112954365,0.74,0.17,345.3012994,477.8051109,110.9675411,50,841.9729739769999,22.785867342840877,841.9729739769999,610.894299045,231.078674932,-4.88235294117647,0.9910828089107777,0.008212035072593066,0.0005722533942321044,0.0001329026223971855,2.9198596066001494,0.002200558615144022,27227.174640930767,614.0964088894092,439.40063846169375,-0.0017230894092108429,-0.0008098344998757057,2.8059018406357342e-06,1.8430469178967407e-06,GOOD,303,872.6294479
JAMES I.D.,Onions & Garlic,Tulare Lake,619.2037239,2366.0,7.7,1.253629891,0.178481578,62.681494550000004,0.383051703,0.272440319,0.41,0.17,887.6914461,1905.136225,1355.002253,50,18154.684531849998,273.1723023073816,18154.684531849998,610.894299045,17543.790232805,-4.88235294117647,0.9896620518382303,0.010302215830494212,2.0881002190471954e-05,1.4851329084971795e-05,7.689111273344549,0.003938969189141698,388588.9319299708,619.2037344337616,776.2515833653316,-1.0533761610531656e-05,0.000713534219585199,1.7011786596155604e-08,9.192040042073228e-07,GOOD,2366,18201.65015
JAMES I.D.,Other Deciduous,Tulare Lake,290.231365,1787.850878,4.718225356,3.502172688,0.215021845,175.1086344,0.341552948,0.346579073,0.13,0.17,2284.866179,4950.948854,6009.195442,50,8259.47155706046,45.64349775297157,8259.47155706046,610.894299045,7648.57725801546,-4.88235294117647,0.09400088739843446,0.9059912811881092,3.887106356740953e-06,3.944307099851724e-06,2.9196424481741112,0.02650405373074579,131.69029776871753,290.2313655074595,1016.4393900551081,-5.074595037513063e-07,0.0009696488509689516,1.7484654139682882e-09,9.539653179959957e-07,GOOD,1787.850878,8311.928056
JAMES I.D.,Pasture,Tulare Lake,4.2751005,170.0,5.0,4.768194291,0.350906068,238.40971455000002,0.190014026,0.155066311,0.51,0.17,328.209843,177.7241242,145.0367898,50,610.894299045,3.3856315691785315,610.894299045,610.894299045,0.0,-4.88235294117647,0.0012484906347683695,0.9987508045260521,3.881105814020692e-07,3.1672859833033634e-07,1.360142989645217,0.45865221501236997,0.10768360229159946,4.273568727177069,20.37719238005266,0.0015317728229309324,0.007317417498587275,0.0003583010090478417,0.00035896951024381774,GOOD,170,621.9472456
JAMES I.D.,Tomato Processing,Tulare Lake,671.8933679,93.0,51.2,2.220206136,0.124471553,111.0103068,0.533148968,0.188806686,0.74,0.17,657.2463564,2815.18314,996.9547547,50,4649.743265993,40.54165520846828,4649.743265993,610.894299045,4038.848966948,-4.88235294117647,0.4602524641506044,0.539676075350406,5.277206581597401e-05,1.8688433173686534e-05,43.889156087037684,0.002011258654888936,519898.5858690201,671.8934244319225,1491.7404697245324,-5.6531922496105835e-05,0.0013084247530059656,8.413823561437453e-08,8.771120928377093e-07,GOOD,93,4711.46042
JAMES I.D.,Vineyard,Tulare Lake,1694.099139,1492.427601,10.07028874,4.00891598,0.302297005,200.44579900000002,0.200476183,0.304083218,0.13,0.17,2773.231975,2743.166444,4105.247296,50,14827.924210209516,71.12205177070149,14827.924210209516,610.894299045,14217.0299111645,-4.88235294117647,0.07759310424161357,0.9224042555012943,1.049051237375651e-06,1.591205854652918e-06,5.982099999324599,0.004540647896703578,1428.8067775081581,1694.0991384109059,6791.494611293334,5.890940428798785e-07,0.006498748007288668,3.4773292147920664e-10,9.56894197908643e-07,GOOD,1492.427601,14867.65594
LAGUNA W.D.,Cotton,San Joaquin River,85.7174307,3927.0,0.8,3.634047537,0.148539114,181.70237684999998,0.445240339,0.078228087,0.68,0.17,378.6944542,1135.122209,199.4393382,50,2959.2256156100007,16.405812746167978,2959.2256156100007,817.216359827,2142.009255783,-4.88235294117647,0.029041102696383558,0.9709537603727914,4.369258408515616e-06,7.676724163729494e-07,0.3922841031184156,0.017156233257165483,28692.022351510845,85.7168245049605,311.4911351707161,0.0006061950394951054,0.01008274258703068,7.0720159779019775e-06,3.23682284601433e-05,GOOD,3927,3008.864977
LAGUNA W.D.,Grain,San Joaquin River,140.1836207,187.0,4.5,0.466656841,0.351483763,23.33284205,0.486359995,0.112954365,0.74,0.17,345.3012994,477.8051109,110.9675411,50,817.216359827,33.002818593879816,817.216359827,817.216359827,0.0,-4.88235294117647,0.9985781454916824,0.000689851376262687,0.000594040562696104,0.0001379625693588987,4.525352332948265,0.009639866231186246,9.43951812980079,140.1842291356008,65.41634706862182,-0.0006084356007818315,0.0012985271823993116,4.340275973352937e-06,1.9849800013019683e-05,GOOD,187,838.3715158
MERCY SPRINGS W.D.,Almonds & Pistachios,San Joaquin River,672.1308137,4618.0,1.5,3.805829794,0.287448101,190.2914897,0.299096541,0.094248449,0.4,0.17,2039.310074,2110.873995,639.9084906,50,6736.027717209,34.545028004732856,6736.027717209,619.294661245,6116.733055964,-4.88235294117647,0.04932586890423829,0.9506712508737214,2.1900989500983657e-06,6.901230904014345e-07,0.8144993723772759,0.0037195140425682885,134994.9520050287,672.1308496103904,2558.0064348720407,-3.591039046568767e-05,0.009041372882620635,5.3427680644494265e-08,3.5345262632628994e-06,GOOD,4618,6781.475803
MERCY SPRINGS W.D.,Pasture,San Joaquin River,2298.616176,170.0,5.0,4.600187047,0.350906068,230.00935235000003,0.190014026,0.155066311,0.51,0.17,328.209843,177.7241242,145.0367898,50,619.294661245,3.5089080031368143,619.294661245,619.294661245,0.0,-4.88235294117647,0.0015624801178901171,0.9984366497376367,4.79133803914209e-07,3.9101066911962466e-07,1.4201224842247784,0.0008530281541556028,57.8988190142948,2298.6161697786306,10574.013661075624,6.221369403647259e-06,0.050697784248768585,2.7065716619438158e-09,4.794540919007133e-06,GOOD,170,637.6868049
ORO LOMA W.D.,Pasture,San Joaquin River,1049.217692,170.0,5.0,4.600187047,0.350906068,230.00935235000003,0.190014026,0.155066311,0.51,0.17,328.209843,177.7241242,145.0367898,50,619.294661245,3.5089080031368143,619.294661245,619.294661245,0.0,-4.88235294117647,0.0015624801178901158,0.9984366497376369,4.791338039142087e-07,3.910106691196244e-07,1.4201224842247784,0.0018688059958156809,26.428277104278116,1049.2177024737275,4826.568250672625,-1.047372757057019e-05,0.029385549010839895,9.982416090035005e-09,6.088253305043163e-06,GOOD,170,637.6868049
PACHECO W.D.,Almonds & Pistachios,San Joaquin River,1767.952722,4804.970221,1.007195762,4.089806483,0.287448101,204.49032415000002,0.299096541,0.094248449,0.4,0.17,2039.310074,2110.873995,639.9084906,50,4634.374525886404,22.464619536475944,4634.374525886404,817.216359827,3817.1581660594,-4.88235294117647,0.022843353751340185,0.9771547075271731,1.4741890843847325e-06,4.6453240238572723e-07,0.4686019746371894,0.0014140649627620528,221598.74279969253,1767.952172028728,7230.561226400773,0.0005499712719938543,0.023277672324184095,3.110780425008754e-07,3.2193348008133272e-06,GOOD,4804.970221,4671.599679
PACHECO W.D.,Corn,San Joaquin River,84.18710627,62.0,26.2,2.415829265,0.234536008,120.79146325,0.556552162,0.088672787,0.3,0.17,423.9938724,1022.014707,159.5840787,50,1502.7287757929998,12.714983589017047,1502.7287757929998,817.216359827,685.512415966,-4.88235294117647,0.14363922590088715,0.8562991095119079,5.319006864335885e-05,8.474518561528718e-06,17.889825842252467,0.03959434503714691,617.8491443580615,84.18704747406676,203.38093430805097,5.879593324209509e-05,0.0007407546800379805,6.983959402705704e-07,3.6421898866232773e-06,GOOD,62,1565.157929
PACHECO W.D.,Cotton,San Joaquin River,548.3779211,3707.279528,0.8,3.634047537,0.148539114,181.70237684999998,0.445240339,0.078228087,0.68,0.17,378.6944542,1135.122209,199.4393382,50,2783.4492380100005,15.487887378169086,2783.4492380100005,817.216359827,1966.232878183,-4.88235294117647,0.027363363850103982,0.9726314903428679,4.3768081354729135e-06,7.689988925376389e-07,0.3878221912101573,0.002681705770254647,168495.48932793137,548.3774289591358,1992.8237417824123,0.000492140864139401,0.007691736222795953,8.974483566957032e-07,3.859702377945268e-06,GOOD,3707.279528,2833.0886
PACHECO W.D.,Cucurbits,San Joaquin River,380.3157961,372.0,15.4,2.299627126,0.087908733,114.98135629999999,0.228781824,0.653570009,0.05,0.17,920.9338517,2396.72349,6846.813993,50,5612.848383134,47.05410883838947,5612.848383134,817.216359827,4795.632023307,-4.88235294117647,0.4556575411501956,0.5442708296265695,1.85724829150024e-05,5.305674032002851e-05,13.164997821439194,0.05258787619418577,0.00018796567242276114,380.31579014714384,874.5820328845844,5.9528561564548e-06,0.0024882732606101854,1.565240312787208e-08,2.845091812642659e-06,GOOD,372,5674.94689
PACHECO W.D.,Grain,San Joaquin River,519.8582881,187.0,4.5,0.466656841,0.351483763,23.33284205,0.486359995,0.112954365,0.74,0.17,345.3012994,477.8051109,110.9675411,50,817.216359827,33.002818593879816,817.216359827,817.216359827,0.0,-4.88235294117647,0.9985781454916824,0.0006898513762626867,0.0005940405626961039,0.00013796256935889867,4.525352332948265,0.0025994610113658613,35.00559987638521,519.85967085566,242.59538935608202,-0.0013827556600745083,3.713633185498111e-05,2.659870375690772e-06,1.5307927437841613e-07,GOOD,187,838.3715158
PACHECO W.D.,Tomato Processing,San Joaquin River,710.6489481,95.55716397,49.47391432,2.379660861,0.124471553,118.98304305,0.533148968,0.188806686,0.74,0.17,657.2463564,2815.18314,996.9547547,50,4607.757472656971,37.573926893773816,4607.757472656971,817.216359827,3790.54111282997,-4.88235294117647,0.3597751225859237,0.6401685084169829,4.162731112496971e-05,1.474168596833233e-05,40.338914156919095,0.0019015737024086809,516081.00493173156,710.6487307212374,1691.098148402507,0.00021737876261340716,0.0053393018833958195,3.0588768645136784e-07,3.1572886711053513e-06,GOOD,95.55716397,4670.112658
PACHECO W.D.,Truck Crops,San Joaquin River,239.6583274,910.0,18.1,2.667732673,0.139554281,133.38663365000002,0.396137579,0.419814805,0.41,0.17,7441.94487,27484.23099,27982.75263,50,16336.657859685001,116.76653825735698,16336.657859685001,817.216359827,15519.441499858,-4.88235294117647,0.5042915644550272,0.4956832483620862,1.2228151845878836e-05,1.2959031040799121e-05,15.758315384949096,0.010177090096156211,133045.91365570785,239.65831598444854,639.3425361886921,1.1415551455229433e-05,0.00181417281908125,4.7632609219442604e-08,2.8375519671917696e-06,GOOD,910,16398.87652
PACHECO W.D.,Vineyard,San Joaquin River,153.6229118,1492.427601,10.07028874,3.098484515,0.302297005,154.92422575,0.200476183,0.304083218,0.13,0.17,2773.231975,2743.166444,4105.247296,50,14873.445783459516,91.91165680360751,14873.445783459516,817.216359827,14056.2294236325,-4.88235294117647,0.27745656857429857,0.7225340193179203,3.739705252175821e-06,5.672402528998296e-06,7.7610814345670125,0.05007265909867809,128.1004743678899,153.62290873670904,475.9968761751737,3.0632909613359516e-06,0.0013371863370252868,1.994032612351481e-08,2.8092255380162984e-06,GOOD,1492.427601,14932.36395
PANOCHE W.D.,Alfalfa,San Joaquin River,1157.379182,272.8591274,7.257043628,4.134965358,0.306290873,206.74826789999997,0.200481491,0.157957374,1.86,0.17,739.7198673,484.1807412,381.4811931,50,1772.73759420181,9.092283164459689,1772.73759420181,619.294661245,1153.44293295681,-4.88235294117647,0.008314147262180011,0.9916841719483407,9.400966628894738e-07,7.406928162569606e-07,2.783077315213701,0.0004645274573481576,1450802.7680171472,1157.3793202716677,4785.719818203051,-0.00013827166776536615,0.003005437325555249,1.1946963442562264e-07,6.280007088394414e-07,GOOD,272.8591274,1808.506477
PANOCHE W.D.,Alfalfa,Tulare Lake,128.2301119,264.0,7.7,4.524530937,0.306290873,226.22654684999998,0.200481491,0.157957374,1.86,0.17,739.7198673,484.1807412,381.4811931,50,1805.908723412,8.532721174271856,1805.908723412,619.294661245,1186.614062167,-4.88235294117647,0.005003862118004244,0.9949951448780379,5.554054917282502e-07,4.3759846627723414e-07,2.665486566078016,0.004192731337717491,165360.9221938746,128.2301113480464,580.1806783080779,5.519536045994755e-07,0.00043003844393751933,4.304399305444851e-09,7.412141446023652e-07,GOOD,264,1827.421468
PANOCHE W.D.,Almonds & Pistachios,San Joaquin River,16013.1856,4668.818509,1.33120053,3.939568441,0.287448101,196.97842205,0.299096541,0.094248449,0.4,0.17,2039.310074,2110.873995,639.9084906,50,6017.47445851361,29.946364620883813,6017.47445851361,619.294661245,5398.17979726861,-4.88235294117647,0.036450123692689136,0.9635474937814212,1.8116545793415451e-06,5.708713101656635e-07,0.6800210416341085,0.00015612134040337357,2838389.5197312287,16013.185733699827,63084.99742264992,-0.00013369982661970425,0.04320698573428672,8.34935845742675e-09,6.8490065636875e-07,GOOD,4668.818509,6059.250886
PANOCHE W.D.,Almonds & Pistachios,Tulare Lake,464.1133358,4658.050883,1.366497057,3.927257655,0.287448101,196.36288275,0.299096541,0.094248449,0.4,0.17,2039.310074,2110.873995,639.9084906,50,6168.169147134751,30.765298224261603,6168.169147134751,619.294661245,5548.87448588975,-4.88235294117647,0.037996076962027295,0.9620015001358606,1.8423563521042846e-06,5.805457599428631e-07,0.7038900412626621,0.005386615309578871,84561.99738366577,464.11333965193745,1822.6914130641894,-3.851937435683794e-06,0.0012377439461488393,8.299562065037723e-09,6.790744153162933e-07,GOOD,4658.050883,6210.298503
PANOCHE W.D.,Citrus & Subtropical,San Joaquin River,165.7962113,583.0,16.5,3.247465856,0.183365181,162.3732928,0.131883505,0.371008972,0.13,0.17,2549.235389,1743.692937,5418.931559,50,9456.440449541999,56.18455678122529,9456.440449541999,619.294661245,8837.145788297,-4.88235294117647,0.15627117363053192,0.8437205160465525,2.179381406371595e-06,6.130941509128374e-06,11.321235295660742,0.046396160877215965,86.91849570712863,165.7962119083335,538.4171792646565,-6.083334938011831e-07,0.0003559862548172532,3.6691640239018117e-09,6.611713614627313e-07,GOOD,583,9513.353397
PANOCHE W.D.,Corn,San Joaquin River,123.685401,62.0,26.2,2.415829265,0.234536008,120.79146325,0.556552162,0.088672787,0.3,0.17,423.9938724,1022.014707,159.5840787,50,1502.7287757929998,12.714983589017047,1502.7287757929998,619.294661245,883.434114548,-4.88235294117647,0.14363922590088707,0.8562991095119081,5.319006864335882e-05,8.474518561528713e-06,17.889825842252463,0.02695009521239563,1169.71718699572,123.68541837069138,298.8026469721536,-1.7370691381302095e-05,0.00016441690672763798,1.4044253598936947e-07,5.502522080140561e-07,GOOD,62,1565.157929
PANOCHE W.D.,Cotton,San Joaquin River,487.8407532,3438.0,0.8,3.634047537,0.148539114,181.70237684999998,0.445240339,0.078228087,0.68,0.17,378.6944542,1135.122209,199.4393382,50,2568.0256156100004,14.362919333161575,2568.0256156100004,619.294661245,1948.730954365,-4.88235294117647,0.025299278667835667,0.9746955646049389,4.3860963984092364e-06,7.706308269726307e-07,0.3820441065307653,0.003014484184947174,148560.59167515498,487.84078265444015,1772.8353303846325,-2.9454440152676398e-05,0.0011572300522857404,6.037716193136691e-08,6.527562244856376e-07,GOOD,3438,2617.664977
PANOCHE W.D.,Cucurbits,San Joaquin River,1371.918493,485.0,17.3,2.299627126,0.087908733,114.98135629999999,0.228781824,0.653570009,0.05,0.17,920.9338517,2396.72349,6846.813993,50,8274.548383133999,68.91626522282273,8274.548383133999,619.294661245,7655.253721889,-4.88235294117647,0.5523781152145844,0.44756298288021085,1.527246253236359e-05,4.3629442672548295e-05,15.363425220099375,0.01457812552425445,0.0010823637858453853,1371.9184969116923,3154.89885215393,-3.911692374458653e-06,0.0021290099107318383,2.8512571223563596e-09,6.748262222627501e-07,GOOD,485,8336.64689
PANOCHE W.D.,Grain,San Joaquin River,2464.280152,277.5031915,3.251680117,0.466656841,0.351483763,23.33284205,0.486359995,0.112954365,0.74,0.17,345.3012994,477.8051109,110.9675411,50,878.0679700315934,35.38936007068039,878.0679700315934,619.294661245,258.773308786593,-4.88235294117647,0.9986765126498568,0.0006421258747794533,0.0005529434731901786,0.00012841800217365973,3.2687449916287914,0.000548375699189315,122333.76197950682,2464.285771494122,1149.9750306684273,-0.005619494122129254,-0.0018395971076188289,2.280379573551528e-06,1.599686950880179e-06,GOOD,277.5031915,899.223126
PANOCHE W.D.,Onions & Garlic,San Joaquin River,305.4238675,2366.0,7.7,1.480822037,0.178481578,74.04110185,0.383051703,0.272440319,0.41,0.17,887.6914461,1905.136225,1355.002253,50,18143.324924549997,231.72820277494176,18143.324924549997,619.294661245,17524.030263305,-4.88235294117647,0.9729684600067496,0.026996388399375862,2.054163505406534e-05,1.4609958820392303e-05,7.663348646144286,0.007985703311951881,191456.63112107027,305.42387177511523,452.27810466729136,-4.2751152591335995e-06,0.0002889524766942486,1.3997318854374078e-08,6.38881893918576e-07,GOOD,2366,18195.43769
PANOCHE W.D.,Other Deciduous,San Joaquin River,402.1734858,1850.0,7.8,3.445837194,0.215021845,172.2918597,0.341552948,0.346579073,0.13,0.17,2284.866179,4950.948854,6009.195442,50,14256.804986433997,79.34903470890117,14256.804986433997,619.294661245,13637.510325189,-4.88235294117647,0.1645879326860754,0.8354041232816736,3.9430044694831385e-06,4.001027781696449e-06,5.403442834564044,0.019126839445932693,325.3658317676064,402.17348660588954,1385.8234265646024,-8.058895559770463e-07,0.0009292456684306671,2.003835619282504e-09,6.705363955646104e-07,GOOD,1850,14310.35891
PANOCHE W.D.,Pasture,San Joaquin River,240.7535507,170.0,5.0,4.600187047,0.350906068,230.00935235000003,0.190014026,0.155066311,0.51,0.17,328.209843,177.7241242,145.0367898,50,619.294661245,3.5089080031368143,619.294661245,619.294661245,0.0,-4.88235294117647,0.001562480117890116,0.9984366497376369,4.791338039142087e-07,3.9101066911962445e-07,1.4201224842247784,0.008144363013647923,6.0642339528320415,240.7473473980995,1107.4818227662424,0.00620330190051277,0.02954268315556874,2.5766190706124317e-05,2.6674835200071398e-05,GOOD,170,637.6868049
PANOCHE W.D.,Tomato Processing,San Joaquin River,4402.542612,93.0,51.2,2.379660861,0.124471553,118.98304305,0.533148968,0.188806686,0.74,0.17,657.2463564,2815.18314,996.9547547,50,4641.770529743,37.84425595082051,4641.770529743,619.294661245,4022.475868498,-4.88235294117647,0.3614708505496951,0.6384729297546339,4.1517055185187524e-05,1.4702640486015857e-05,41.784928067681065,0.00030694793223987797,3392795.9332090397,4402.54295275197,10476.551948811579,-0.00034075196981575573,0.006393849531377782,7.739890328079253e-08,6.103005703067277e-07,GOOD,93,4704.125715
PANOCHE W.D.,Truck Crops,San Joaquin River,480.3086554,941.0,19.4,2.667732673,0.139554281,133.38663365000002,0.396137579,0.419814805,0.41,0.17,7441.94487,27484.23099,27982.75263,50,18121.057859685,129.41654195272628,18121.057859685,619.294661245,17501.76319844,-4.88235294117647,0.5301705490074566,0.4698055787332491,1.1589768211401529e-05,1.2282491082888988e-05,17.061337247975345,0.005078035473278507,300700.8821205004,480.3086594941513,1281.334247058404,-4.094151279332436e-06,0.0008460768740405911,8.524000626061665e-09,6.603088283255705e-07,GOOD,941,18183.27652
PANOCHE W.D.,Vineyard,San Joaquin River,2864.138053,1492.914288,10.10273139,3.098484515,0.302297005,154.92422575,0.200476183,0.304083218,0.13,0.17,2773.231975,2743.166444,4105.247296,50,14926.7809578011,92.23783063757574,14926.7809578011,619.294661245,14307.4862965561,-4.88235294117647,0.27817472721816633,0.7218158700290425,3.735988241494443e-06,5.666764549701105e-06,7.790149261300633,0.0026857321644291887,2430.9892051690204,2864.1380602549343,8874.481417768848,-7.254934189404594e-06,0.005988273902403307,2.5330253134291197e-09,6.747740605644238e-07,GOOD,1492.914288,14985.69912
PATTERSON W.D.,Alfalfa,San Joaquin River,1953.205988,280.0,7.1,4.134965358,0.306290873,206.74826789999997,0.200481491,0.157957374,1.86,0.17,739.7198673,484.1807412,381.4811931,50,1780.587002362,9.128325393752744,1780.587002362,734.216359827,1046.370642535,-4.88235294117647,0.008350647296491598,0.9916476719758923,9.400620616492155e-07,7.406655542836928e-07,2.725037759339355,0.00027525740342044787,2221170.964372554,1953.200891692582,8076.405721433078,0.005096307417943535,0.0333759850846036,2.6092012052256394e-06,4.132512445400978e-06,GOOD,280,1816.355885
PATTERSON W.D.,Almonds & Pistachios,San Joaquin River,4452.544538,4807.659494,1.100220392,4.125147272,0.287448101,206.25736360000002,0.299096541,0.094248449,0.4,0.17,2039.310074,2110.873995,639.9084906,50,5082.546856400202,24.343527819737577,5082.546856400202,734.216359827,4348.3304965732,-4.88235294117647,0.023792771972773772,0.9762053867774247,1.400072355606079e-06,4.411774457921578e-07,0.515809378673201,0.0005614766969008137,635745.5259937539,4452.543938268563,18367.373378621898,0.0005997314374326379,0.028575767304573674,1.3469409060690184e-07,1.5557871154306071e-06,GOOD,4807.659494,5118.63582
PATTERSON W.D.,Corn,San Joaquin River,1260.277075,69.0,26.9,2.415829265,0.234536008,120.79146325,0.556552162,0.088672787,0.3,0.17,423.9938724,1022.014707,159.5840787,50,1734.4287757929999,14.528614281934587,1734.4287757929999,734.216359827,1000.212415966,-4.88235294117647,0.16219142980834717,0.8377482415063601,5.2037758741773854e-05,8.290926550864249e-06,18.7918536562072,0.002644921025270045,13493.763166465624,1260.276781197718,3044.6090927691075,0.0002938022819307662,0.005147024492544006,2.3312514982530028e-07,1.6905341981494942e-06,GOOD,69,1796.857929
PATTERSON W.D.,Cucurbits,San Joaquin River,128.884954,507.0,13.6,2.299627126,0.087908733,114.98135629999999,0.228781824,0.653570009,0.05,0.17,920.9338517,2396.72349,6846.813993,50,6779.248383134,56.63445944394341,6779.248383134,734.216359827,6045.032023307,-4.88235294117647,0.5027420154352301,0.4971925511182276,1.6966002325433035e-05,4.846744421675426e-05,11.854303737421164,0.15517715124451223,8.029481625401611e-05,128.88495322111754,296.3869343027455,7.788824518684123e-07,0.0004020489166691732,6.043238001764057e-09,1.356498295838605e-06,GOOD,507,6841.34689
PATTERSON W.D.,Dry Beans,San Joaquin River,175.5792852,1752.0,1.3,2.212101358,0.272510229,110.6050679,0.483520066,0.106180731,1.68,0.17,521.9411016,903.6303871,214.6292221,50,2166.1327210739996,19.459906781997343,2166.1327210739996,734.216359827,1431.916361247,-4.88235294117647,0.2887297369606794,0.7111916700994849,6.444160097758946e-05,1.4151338858004633e-05,1.0183426341729913,0.0033901385038677405,232956.17830156165,175.57914195562685,388.3983125523435,0.00014324437313462113,0.0008626752457416842,8.158386849078091e-07,2.2211047313274664e-06,GOOD,1752,2227.803865
PATTERSON W.D.,Grain,San Joaquin River,556.3787811,205.0,3.7,0.466656841,0.351483763,23.33284205,0.486359995,0.112954365,0.74,0.17,345.3012994,477.8051109,110.9675411,50,734.216359827,29.74763862561835,734.216359827,734.216359827,0.0,-4.88235294117647,0.9984177420697912,0.0007676754579120029,0.0006610559559315639,0.00015352651636514177,3.7231686088212115,0.002428833372616466,37.46477345216633,556.3856483695126,259.6408147741739,-0.006867269512667917,-0.0028503866174105497,1.2342795494628394e-05,1.097831214373501e-05,GOOD,205,755.3715158
PATTERSON W.D.,Other Deciduous,San Joaquin River,1746.30949,3142.659184,1.879958393,3.445837194,0.215021845,172.2918597,0.341552948,0.346579073,0.13,0.17,2284.866179,4950.948854,6009.195442,50,5734.873495733332,32.48784013908237,5734.873495733332,734.216359827,5000.65713590633,-4.88235294117647,0.07343208660148336,0.9265591025545332,4.373244733652079e-06,4.437599249739955e-06,1.107906410613384,0.00440489371234402,518.0641437356751,1746.3094359175236,6017.48954956834,5.408247648119868e-05,0.0086433088308695,3.09695828780033e-08,1.4363625137603639e-06,GOOD,3142.659184,5788.427416
PATTERSON W.D.,Pasture,San Joaquin River,416.0416043,344.0,5.0,4.600187047,0.350906068,230.00935235000003,0.190014026,0.155066311,0.51,0.17,328.209843,177.7241242,145.0367898,50,1489.294661245,7.100378547523906,1489.294661245,734.216359827,755.078301418,-4.88235294117647,0.0037480243519346815,0.9962511074083076,4.780849970518586e-07,3.901547606663394e-07,1.6399401868129548,0.004712952487106565,22560.197794627707,416.041139395592,1913.864055012949,0.00046490440803381716,0.005144101010728264,1.1174469169159897e-06,2.687801764671151e-06,GOOD,344,1507.686805
PATTERSON W.D.,Tomato Processing,San Joaquin River,843.5879936,100.0,50.3,2.379660861,0.124471553,118.98304305,0.533148968,0.188806686,0.74,0.17,657.2463564,2815.18314,996.9547547,50,4910.170529743,39.97744611740322,4910.170529743,734.216359827,4175.954169916,-4.88235294117647,0.37454332234621307,0.6254016089320167,4.0667085323279e-05,1.4401636446884293e-05,41.33857260896666,0.001601909180315,674910.7461494347,843.5878795602601,2007.4502622179425,0.00011403973985579796,0.003068961495955591,1.351841665848455e-07,1.528783483176909e-06,GOOD,100,4972.525715
PATTERSON W.D.,Truck Crops,San Joaquin River,9.02919326,717.0,19.8,2.667732673,0.139554281,133.38663365000002,0.396137579,0.419814805,0.41,0.17,7441.94487,27484.23099,27982.75263,50,14062.257859685,100.64281689177307,14062.257859685,734.216359827,13328.041499858,-4.88235294117647,0.46686139827441914,0.533111512698034,1.3151480405276386e-05,1.3937547141424892e-05,16.97279570574914,0.27012650189347065,4304.759124248369,9.029193016355709,24.087451475967576,2.436442905207059e-07,2.2394565807104527e-05,2.698405976091666e-08,9.297183227876868e-07,GOOD,717,14124.47652
PATTERSON W.D.,Vineyard,San Joaquin River,18.47881382,1630.308163,11.30505992,3.098484515,0.302297005,154.92422575,0.200476183,0.304083218,0.13,0.17,2773.231975,2743.166444,4105.247296,50,18275.000388624125,112.71402823513277,18275.000388624125,734.216359827,17540.7840287971,-4.88235294117647,0.320568521894812,0.6794226275890476,3.5165684949207483e-06,5.333947645306663e-06,8.97076052168888,0.41627713592644944,19.228576930616914,18.47881367605959,57.256250605160126,1.439404080372242e-07,6.787167787081216e-05,7.789483104236622e-09,1.1854006627804479e-06,GOOD,1630.308163,18333.91855
PLEASANT VALLEY W.D.,Alfalfa,Tulare Lake,50.1504379,264.0,7.7,4.524530937,0.306290873,226.22654684999998,0.200481491,0.157957374,1.86,0.17,739.7198673,484.1807412,381.4811931,50,1805.908723412,8.532721174271856,1805.908723412,841.972973977,963.935749435,-4.88235294117647,0.005003862118004243,0.9949951448780378,5.554054917282502e-07,4.375984662772341e-07,2.665486566078016,0.010720432983540319,52539.033499387726,50.15021331610788,226.9056921798939,0.00022458389211976737,0.0015156027534146688,4.478204010253864e-06,6.679394490043936e-06,GOOD,264,1827.421468
PLEASANT VALLEY W.D.,Almonds & Pistachios,Tulare Lake,10238.68066,4618.0,1.5,3.820163692,0.287448101,191.0081846,0.299096541,0.094248449,0.4,0.17,2039.310074,2110.873995,639.9084906,50,6735.311022309,34.415869585247414,6735.311022309,841.972973977,5893.338048332,-4.88235294117647,0.04829430948450045,0.951702870227924,2.1445252385892773e-06,6.757623371458326e-07,0.8109988278799035,0.00024417208457012273,1981300.3669776323,10238.679344758242,39113.34773421668,0.0013152417577657616,0.0883770979125984,1.2845812868293536e-07,2.2595073892532033e-06,GOOD,4618,6780.382701
PLEASANT VALLEY W.D.,Grain,Tulare Lake,4683.284412,303.0,2.9,0.715524558,0.351483763,35.7762279,0.486359995,0.112954365,0.74,0.17,345.3012994,477.8051109,110.9675411,50,841.9729739769999,22.785867342840877,841.9729739769999,841.972973977,0.0,-4.88235294117647,0.9910828089107777,0.008212035072593066,0.0005722533942321042,0.00013290262239718545,2.91985960660015,0.00028854778665348145,315.3574425695186,4683.286187552536,3350.999065603522,-0.0017755525359461899,0.005943281068084616,3.791254982073444e-07,1.7735816724615659e-06,GOOD,303,872.6294479
PLEASANT VALLEY W.D.,Lettuce,Tulare Lake,165.6443867,703.0,19.4,2.300762612,0.164570286,115.03813060000002,0.334656366,0.457537993,0.25,0.17,2859.243032,5814.317411,7949.261967,50,13522.205104755,111.9770131032709,13522.205104755,841.972973977,12680.232130778,-4.88235294117647,0.6678649394503132,0.332095934357287,1.6528556679513655e-05,2.2597635720252282e-05,17.891769184457345,0.02414811681632433,9617.709269386249,165.64438354478006,381.1076345146391,3.155219957307054e-06,0.0007772923910351892,1.9048155027562147e-08,2.0395571626185002e-06,GOOD,703,13584.30815
PLEASANT VALLEY W.D.,Onions & Garlic,Tulare Lake,414.712446,2366.0,7.7,1.253629891,0.178481578,62.681494550000004,0.383051703,0.272440319,0.41,0.17,887.6914461,1905.136225,1355.002253,50,18154.684531849998,273.1723023073816,18154.684531849998,841.972973977,17312.711557873,-4.88235294117647,0.9896620518382303,0.010302215830494215,2.0881002190471954e-05,1.4851329084971795e-05,7.689111273344549,0.005881242325300029,256829.94733882367,414.7124427803159,519.8948595705087,3.2196841175391455e-06,0.0010589048147267022,7.763654427528673e-09,2.03676308487304e-06,GOOD,2366,18201.65015
PLEASANT VALLEY W.D.,Other Deciduous,Tulare Lake,192.7330286,1850.0,7.8,3.502172688,0.215021845,175.1086344,0.341552948,0.346579073,0.13,0.17,2284.866179,4950.948854,6009.195442,50,14253.988211733998,78.07918593547883,14253.988211733998,841.972973977,13412.015237757,-4.88235294117647,0.1518622866249745,0.8481303821127658,3.6388573136513044e-06,3.6924049460833213e-06,5.315328398569651,0.03991172529267094,153.3464460048388,192.73302542671868,674.9829481307909,3.173281328372468e-06,0.0014007076520101691,1.6464647245067303e-08,2.0751705642073007e-06,GOOD,1850,14306.44471
PLEASANT VALLEY W.D.,Tomato Processing,Tulare Lake,667.8228797,93.0,51.2,2.220206136,0.124471553,111.0103068,0.533148968,0.188806686,0.74,0.17,657.2463564,2815.18314,996.9547547,50,4649.743265993,40.54165520846828,4649.743265993,841.972973977,3807.770292016,-4.88235294117647,0.46025246415060456,0.5396760753504058,5.277206581597404e-05,1.868843317368654e-05,43.889156087037684,0.002023517600892031,487184.56020789174,667.8227606684652,1482.701071156207,0.00011903153483672213,0.0033841149227100686,1.782381802944421e-07,2.2823934403645154e-06,GOOD,93,4711.46042
PLEASANT VALLEY W.D.,Truck Crops,Tulare Lake,439.5955571,941.0,19.4,1.84535452,0.139554281,92.26772600000001,0.396137579,0.419814805,0.41,0.17,7441.94487,27484.23099,27982.75263,50,18162.176767335,186.4995960885909,18162.176767335,841.972973977,17320.203793358,-4.88235294117647,0.9081028539167787,0.09185634904635395,1.9806596232741747e-05,2.099044063467205e-05,19.04064702578442,0.005548337217814667,272357.1708350293,439.59554993438775,811.2079715136548,7.165612259996124e-06,0.0016767527483807498,1.630046560813188e-08,2.066978310679683e-06,GOOD,941,18220.39116
RECLAMATION DISTRICT 1606,Almonds & Pistachios,Tulare Lake,523.4634039,4712.278285,1.185739051,4.072258886,0.287448101,203.6129443,0.299096541,0.094248449,0.4,0.17,2039.310074,2110.873995,639.9084906,50,5383.238644312809,26.04807900186233,5383.238644312809,1347.698372093,4035.54027221981,-4.88235294117647,0.027095623690292774,0.9729023965797597,1.5053716064317508e-06,4.7435834129165323e-07,0.5705913102412707,0.004775883053856404,69365.37371896605,523.4631332866691,2131.655540007469,0.0002706133309402503,0.02295802011303749,5.169670485540705e-07,1.0769926203355847e-05,GOOD,4712.278285,5421.018664
RECLAMATION DISTRICT 1606,Corn,Tulare Lake,165.0853057,71.0,20.6,2.280437339,0.234536008,114.02186695,0.556552162,0.088672787,0.3,0.17,423.9938724,1022.014707,159.5840787,50,1347.6983720930002,12.122999528603893,1347.6983720930002,1347.698372093,0.0,-4.88235294117647,0.17436303404742842,0.8255535023179393,7.19932891234855e-05,1.1470345508919694e-05,14.647543606447165,0.020191581068946307,0.41437250309986506,165.08557447318964,376.46331247402935,-0.000268773189645799,0.0033827644801931456,1.628086694367729e-06,8.985561068157711e-06,GOOD,71,1409.716294
RECLAMATION DISTRICT 1606,Onions & Garlic,Tulare Lake,103.6588801,2366.0,7.7,1.253629891,0.178481578,62.681494550000004,0.383051703,0.272440319,0.41,0.17,887.6914461,1905.136225,1355.002253,50,18154.684531849998,273.1723023073816,18154.684531849998,1347.698372093,16806.986159757,-4.88235294117647,0.9896620518382303,0.010302215830494203,2.0881002190471958e-05,1.4851329084971795e-05,7.689111273344549,0.023529333790708228,62320.36521301017,103.65888766353827,129.94863188884128,-7.5635382614791524e-06,0.0012386721037955795,7.296565672118574e-08,9.531922567130652e-06,GOOD,2366,18201.65015
RECLAMATION DISTRICT 1606,Tomato Processing,Tulare Lake,73.48659579,93.0,51.2,2.220206136,0.124471553,111.0103068,0.533148968,0.188806686,0.74,0.17,657.2463564,2815.18314,996.9547547,50,4649.743265993,40.54165520846828,4649.743265993,1347.698372093,3302.0448939,-4.88235294117647,0.46025246415060456,0.5396760753504058,5.277206581597404e-05,1.868843317368654e-05,43.889156087037684,0.018389086292867063,46489.48747412943,73.48659870509577,163.1537872553638,-2.915095777211718e-06,0.0016036313459437679,3.9668401371347814e-08,9.82885908475609e-06,GOOD,93,4711.46042
SAN BENITO CO. W.D.,Alfalfa,Central Coast,8.12339201,240.0,6.0,3.906073496,0.306290873,195.30367479999998,0.200481491,0.157957374,1.86,0.17,739.7198673,484.1807412,381.4811931,50,1244.031595462,6.998212669342007,1244.031595462,653.251082777,590.780512685,-4.88235294117647,0.008158002604754631,0.991839647434494,1.3143765401214957e-06,1.0355842112367227e-06,2.308840087598763,0.06618348689073673,5216.869371202143,8.123349682654402,31.730356849406185,4.2327345598280885e-05,0.000209378472980859,5.210550659893722e-06,6.598636515880845e-06,GOOD,240,1286.761169
SAN BENITO CO. W.D.,Citrus & Subtropical,Central Coast,93.56230545,1871.0,10.6,2.611553899,0.183365181,130.57769495,0.131883505,0.371008972,0.13,0.17,2549.235389,1743.692937,5418.931559,50,19701.336047391997,143.89472586275997,19701.336047391997,653.251082777,19048.084964615,-4.88235294117647,0.5816753935349627,0.41830975887012123,3.893780376283503e-06,1.095381453957199e-05,9.499435544806657,0.08221588443455453,105.7238532839209,93.56230484004179,244.34256833352597,6.099582066099174e-07,0.0004352638504769857,6.5192729451913845e-09,1.7813640827392168e-06,GOOD,1871,19763.7116
SAN BENITO CO. W.D.,Cucurbits,Central Coast,113.9966187,557.0,13.9,1.662176564,0.087908733,83.10882819999999,0.228781824,0.653570009,0.05,0.17,920.9338517,2396.72349,6846.813993,50,7658.220911234,87.69860801108968,7658.220911234,653.251082777,7004.969828457,-4.88235294117647,0.8851009429080251,0.11479708021199742,2.644121736311626e-05,7.553566261445162e-05,13.587143371601396,0.1754438002466822,8.229700969825812e-05,113.99661834240862,189.48217433418833,3.575913751774351e-07,0.0003336441958197156,3.1368594898283165e-09,1.7608179212921184e-06,GOOD,557,7713.70143
SAN BENITO CO. W.D.,Grain,Central Coast,3243.914414,268.0,2.6,0.851962382,0.351483763,42.5981191,0.486359995,0.112954365,0.74,0.17,345.3012994,477.8051109,110.9675411,50,653.2510827770001,15.238474109950149,653.2510827770001,653.251082777,0.0,-4.88235294117647,0.9701888892244472,0.028921505741865996,0.0007219388164434022,0.0001676662172434969,2.6180268221724496,0.0004165804577085095,218.43485543867897,3243.9179354375915,2763.690635514556,-0.0035214375916439167,0.0024156410177056387,1.085551941952041e-06,8.74062702692542e-07,GOOD,268,688.5908029
SAN BENITO CO. W.D.,Lettuce,Central Coast,9015.458991,421.0,15.9,1.36519475,0.164570286,68.2597375,0.334656366,0.457537993,0.25,0.17,2859.243032,5814.317411,7949.261967,50,6624.683497855001,92.10437770732364,6624.683497855001,653.251082777,5971.432415078,-4.88235294117647,0.9549060527770887,0.04497976027392694,4.823739144005126e-05,6.594955754415988e-05,15.783926157397211,0.0004436823465109365,246513.33286771798,9015.458885948443,12307.834190772259,0.0001050515566021204,0.023092581237506238,1.165238028446381e-08,1.8762470758203534e-06,GOOD,421,6674.305668
SAN BENITO CO. W.D.,Onions & Garlic,Central Coast,311.1388125,1570.0,15.4,1.590455311,0.178481578,79.52276555,0.383051703,0.272440319,0.41,0.17,887.6914461,1905.136225,1355.002253,50,24097.64326085,286.55551370350327,24097.64326085,653.251082777,23444.392178073,-4.88235294117647,0.9691555202189442,0.030818117493278552,1.5405403710746896e-05,1.0956884066586872e-05,15.311908011453962,0.007839023266323943,260930.8905841437,311.13881032000637,494.85147681420494,2.1799936007482756e-06,0.0008999846531878575,7.006498428248246e-09,1.818693201010274e-06,GOOD,1570,24151.87055
SAN BENITO CO. W.D.,Other Deciduous,Central Coast,3793.594103,1830.659695,4.969677609,2.717713319,0.215021845,135.88566595,0.341552948,0.346579073,0.13,0.17,2284.866179,4950.948854,6009.195442,50,8960.999676124267,63.342607122271446,8960.999676124267,653.251082777,8307.74859334727,-4.88235294117647,0.3334720724837444,0.6665023201829955,1.2710148486711676e-05,1.2897184773286996e-05,3.980952995461293,0.0020277097347406155,1869.6573270901508,3793.594042857667,10309.881744273127,6.014233304085792e-05,0.01947632983137737,1.585365524300477e-08,1.889089857859795e-06,GOOD,1830.659695,9023.025685
SAN BENITO CO. W.D.,Pasture,Central Coast,1110.634207,238.050834,5.0,4.185193859,0.350906068,209.25969295,0.190014026,0.155066311,0.51,0.17,328.209843,177.7241242,145.0367898,50,980.2984906450001,5.399117582731893,980.2984906450001,653.251082777,327.047407868,-4.88235294117647,0.00430051943423601,0.9956979672576431,8.332835510116353e-07,6.800245697249456e-07,1.7041196499266482,0.0017654636435355986,26101.162612956254,1110.6310747896275,4648.195960737375,0.003132210372541522,0.023501994360231038,2.8201998036798464e-06,5.056128383925107e-06,GOOD,238.050834,1014.399707
SAN BENITO CO. W.D.,Sunflowers,Central Coast,5.29369938,3640.0,0.6,2.911908699,0.386904762,145.59543495,0.388227513,0.177248677,0.74,0.17,734.0697039,736.5793439,336.2917618,50,2037.4521840979999,14.193319683392248,2037.4521840979999,653.251082777,1384.201101321,-4.88235294117647,0.07046887057175635,0.9295115751520192,1.3424982627699195e-05,6.1292935967360614e-06,0.3534763962174846,0.2552754235453679,1404.1940381603565,5.293696227859149,15.414751588314832,3.1521408505597037e-06,1.76861980740739e-05,5.954514271189506e-07,1.1473540575995919e-06,GOOD,3640,2098.255496
SAN BENITO CO. W.D.,Tomato Processing,Central Coast,509.4001453,98.0,52.9,2.094853308,0.124471553,104.74266539999999,0.533148968,0.188806686,0.74,0.17,657.2463564,2815.18314,996.9547547,50,5078.610907392999,46.75988031936183,5078.610907392999,653.251082777,4425.359824616,-4.88235294117647,0.5672659920459472,0.4326533695943584,5.9549721667829515e-05,2.1088638026446077e-05,47.29929874279879,0.0026528287512668507,431884.0379680617,509.40008782842995,1067.1164681709338,5.7471570073630573e-05,0.0021113064517521707,1.1282205276911328e-07,1.978511565965021e-06,GOOD,98,5139.469469
SAN BENITO CO. W.D.,Truck Crops,Central Coast,3182.35908,1206.641638,14.91469593,1.094970985,0.139554281,54.74854925,0.396137579,0.419814805,0.40393476,0.17,7441.94487,27484.23099,27982.75263,50,17940.989071332133,307.69227588004014,17940.989071332133,653.251082777,17287.7379885551,-4.88235294117647,0.9952251676898409,0.0047295700323427056,2.197443074599495e-05,2.3287847070464057e-05,14.90952194234263,0.0007779283364293377,1869141.253001109,3182.359070221147,3484.5844098007965,9.778853382158559e-06,0.006446650497309747,3.0728315492790204e-09,1.8500451739906744e-06,GOOD,1206.641638,17983.74801
SAN BENITO CO. W.D.,Vineyard,Central Coast,1126.718986,1773.723808,9.242885531,2.457170381,0.277321429,122.85851905,0.189642857,0.15,0.13,0.17,3571.632089,2442.416792,1931.85509,50,16270.850637617421,126.45136915342039,16270.850637617421,653.251082777,15617.5995548404,-4.88235294117647,0.6217055035464876,0.3782815189983559,7.246086946272741e-06,5.731368210408848e-06,8.39848041615777,0.006827174999168507,1043.888650260398,1126.7189778256743,2768.5353679244877,8.17432578514854e-06,0.005152185066435777,7.254981842605197e-09,1.8609751343758188e-06,GOOD,1773.723808,16333.33229
SAN LUIS W.D.,Alfalfa,San Joaquin River,576.0958634,282.0,6.8,4.134965358,0.306290873,206.74826789999997,0.200481491,0.157957374,1.86,0.17,739.7198673,484.1807412,381.4811931,50,1710.187002362,8.805068800332123,1710.187002362,769.294661245,940.892341117,-4.88235294117647,0.008023188680615972,0.9919751300367647,9.403724853092571e-07,7.409101339998704e-07,2.590868215370924,0.0009332377521844059,589111.2703878423,576.0954017075813,2382.132891415779,0.00046169241863935895,0.0035466303211251216,8.014159586471333e-07,1.4888443266642503e-06,GOOD,282,1745.955885
SAN LUIS W.D.,Almonds & Pistachios,San Joaquin River,36451.15891,4757.745428,1.060655041,4.108469064,0.287448101,205.4234532,0.299096541,0.094248449,0.4,0.17,2039.310074,2110.873995,639.9084906,50,4840.222425711902,23.318420112130372,4840.222425711902,769.294661245,4070.9277644669,-4.88235294117647,0.02321855514364879,0.9767795580918205,1.4346814099178388e-06,4.52083120860597e-07,0.4949595505148606,6.858492499985099e-05,4872582.351325135,36451.15747481359,149758.3563176181,0.001435186408343725,0.10241106487228535,3.937286087082396e-08,6.838416056205761e-07,GOOD,4757.745428,4876.850698
SAN LUIS W.D.,Almonds & Pistachios,Tulare Lake,17254.60799,4738.0,1.1,4.141037405,0.287448101,207.05187024999998,0.299096541,0.094248449,0.4,0.17,2039.310074,2110.873995,639.9084906,50,5004.067336659,23.89426375124794,5004.067336659,769.294661245,4234.772675414,-4.88235294117647,0.022922008736650002,0.9770761895810781,1.36998550677949e-06,4.3169676498012707e-07,0.5118630304033684,0.00014488883209916377,2399321.5997001887,17254.607327268146,71451.92835572019,0.0006627318543905858,0.04873948167369235,3.840897775102602e-08,6.821292237827426e-07,GOOD,4738,5039.637299
SAN LUIS W.D.,Citrus & Subtropical,San Joaquin River,577.2552697,727.5,12.15,3.247465856,0.183365181,162.3732928,0.131883505,0.371008972,0.13,0.17,2549.235389,1743.692937,5418.931559,50,8676.065449541999,51.626625132163625,8676.065449541999,769.294661245,7906.770788297,-4.88235294117647,0.1452485248987026,0.8547430562105961,2.2078532979845445e-06,6.2110374031388945e-06,8.215140406113996,0.013325660407232645,270.76572948475524,577.255267382966,1874.6156023663927,2.317033931831247e-06,0.0011761804285015387,4.01388095259037e-09,6.274244645421869e-07,GOOD,727.5,8732.978397
SAN LUIS W.D.,Corn,San Joaquin River,928.50348,62.0,26.2,2.415829265,0.234536008,120.79146325,0.556552162,0.088672787,0.3,0.17,423.9938724,1022.014707,159.5840787,50,1502.7287757929998,12.714983589017047,1502.7287757929998,769.294661245,733.434114548,-4.88235294117647,0.14363922590088712,0.856299109511908,5.319006864335884e-05,8.474518561528716e-06,17.889825842252463,0.00359000628983462,7290.485989713432,928.5034447267233,2243.1043089322384,3.527327669416991e-05,0.0015707061038483516,3.7989385558544064e-08,7.002371658450638e-07,GOOD,62,1565.157929
SAN LUIS W.D.,Cotton,San Joaquin River,1515.844815,3886.969042,0.8,3.634047537,0.148539114,181.70237684999998,0.445240339,0.078228087,0.68,0.17,378.6944542,1135.122209,199.4393382,50,2927.200849210001,16.238575567406148,2927.200849210001,769.294661245,2157.906187965,-4.88235294117647,0.0287358661379529,0.9712589953163456,4.37063195522621e-06,7.679137465538943e-07,0.3914869227226071,0.0009701443186940727,511161.049896602,1515.84466480461,5508.647965806532,0.0001501953900060471,0.004150618437961384,9.908361892971683e-08,7.534726009626963e-07,GOOD,3886.969042,2976.840211
SAN LUIS W.D.,Cucurbits,San Joaquin River,750.7869123,485.0,17.3,2.299627126,0.087908733,114.98135629999999,0.228781824,0.653570009,0.05,0.17,920.9338517,2396.72349,6846.813993,50,8274.548383133999,68.91626522282273,8274.548383133999,769.294661245,7505.253721889,-4.88235294117647,0.5523781152145844,0.4475629828802108,1.527246253236359e-05,4.3629442672548295e-05,15.363425220099375,0.026638716888032786,0.0005807209917285867,750.7869119410308,1726.5288782545401,3.589692596506211e-07,0.001071116322918897,4.781240239669813e-10,6.203867609184567e-07,GOOD,485,8336.64689
SAN LUIS W.D.,Grain,San Joaquin River,4658.439118,198.9576545,4.335066834,0.466656841,0.351483763,23.33284205,0.486359995,0.112954365,0.74,0.17,345.3012994,477.8051109,110.9675411,50,838.2110892203808,33.82621163677624,838.2110892203808,769.294661245,68.9164279753808,-4.88235294117647,0.9986136944994356,0.000672603808540411,0.0005791884435477931,0.00013451324847611968,4.358885776789055,0.0002900867258584083,61818.69084271772,4658.452134669309,2173.8971878368643,-0.013016669308854034,-0.004705040158114571,2.7942126062264518e-06,2.1643389428632415e-06,GOOD,198.9576545,859.3662452
SAN LUIS W.D.,Other Deciduous,San Joaquin River,1163.107803,2605.3185,6.440658383,3.445837194,0.215021845,172.2918597,0.341552948,0.346579073,0.13,0.17,2284.866179,4950.948854,6009.195442,50,16606.771423843984,92.27125012170767,16606.771423843984,769.294661245,15837.476762599,-4.88235294117647,0.18665307436035034,0.8133391914274429,3.838860711395967e-06,3.895351495346294e-06,4.576631544877053,0.006613581021868264,1092.7691469085626,1163.1078003246869,4007.877627191666,2.6753132260637358e-06,0.002501017359463731,2.300142101328277e-09,6.240249906329768e-07,GOOD,2605.3185,16660.32534
SAN LUIS W.D.,Other Deciduous,Tulare Lake,115.0328563,1729.0,1.8,3.502172688,0.215021845,175.1086344,0.341552948,0.346579073,0.13,0.17,2284.866179,4950.948854,6009.195442,50,2936.188211734,16.83978118284111,2936.188211734,769.294661245,2166.893550489,-4.88235294117647,0.035573408797628804,0.9644182547445542,4.137784111629016e-06,4.198673705145455e-06,0.9197867103617996,0.0668705267323497,14.788330300853502,115.03285429636588,402.86466921481775,2.0036341226159493e-06,0.00025834167098537364,1.7417928990570923e-08,6.412612598279595e-07,GOOD,1729,2988.644711
SAN LUIS W.D.,Pasture,San Joaquin River,14.23068243,200.0,5.0,4.600187047,0.350906068,230.00935235000003,0.190014026,0.155066311,0.51,0.17,328.209843,177.7241242,145.0367898,50,769.294661245,4.128127062513899,769.294661245,769.294661245,0.0,-4.88235294117647,0.0019399819552916727,0.9980591482292308,4.789526469687451e-07,3.9086283087927747e-07,1.4680759688472649,0.1377856840928387,0.3584503211398592,14.220563690563994,65.41721580054426,0.010118739436006052,0.04658518391222799,0.0007110508920271122,0.0007116174620427101,GOOD,200,787.6868049
SAN LUIS W.D.,Tomato Processing,San Joaquin River,2718.426708,94.87341916,49.93544206,2.379660861,0.124471553,118.98304305,0.533148968,0.188806686,0.74,0.17,657.2463564,2815.18314,996.9547547,50,4617.716655241274,37.65308050910927,4617.716655241274,769.294661245,3848.42199399627,-4.88235294117647,0.3602725714599755,0.6396711033411265,4.159496708496215e-05,1.4730231813167055e-05,40.72629269268975,0.0004971078850036634,2004295.0205809954,2718.426662871196,6468.929442480684,4.512880377660622e-05,0.004198043991891609,1.66010743066192e-08,6.489545611649091e-07,GOOD,94.87341916,4680.07184
SAN LUIS W.D.,Truck Crops,San Joaquin River,59.83517133,941.0,19.4,2.667732673,0.139554281,133.38663365000002,0.396137579,0.419814805,0.41,0.17,7441.94487,27484.23099,27982.75263,50,18121.057859685,129.41654195272628,18121.057859685,769.294661245,17351.76319844,-4.88235294117647,0.5301705490074565,0.4698055787332492,1.1589768211401527e-05,1.2282491082888986e-05,17.06133724797534,0.04076238667041354,37139.21045165174,59.835171134190404,159.6241536057081,1.9580959786935637e-07,8.794588578098228e-05,3.2724832822728437e-09,5.509557002503052e-07,GOOD,941,18183.27652
SAN LUIS W.D.,Vineyard,San Joaquin River,90.05945215,1492.427601,10.07028874,3.098484515,0.302297005,154.92422575,0.200476183,0.304083218,0.13,0.17,2773.231975,2743.166444,4105.247296,50,14873.445783459516,91.91165680360751,14873.445783459516,769.294661245,14104.1511222145,-4.88235294117647,0.27745656857429846,0.7225340193179202,3.7397052521758194e-06,5.6724025289982935e-06,7.761081434567011,0.08541366296005935,75.35327460234741,90.05945196994817,279.0476550592852,1.800518276695584e-07,0.00016285687325989784,1.9992551961083457e-09,5.836163653816104e-07,GOOD,1492.427601,14932.36395
SANTA CLARA VALLEY W.D.,Alfalfa,Central Coast,73.17201929,277.0,6.0,3.906073496,0.306290873,195.30367479999998,0.200481491,0.157957374,1.86,0.17,739.7198673,484.1807412,381.4811931,50,1466.031595462,8.077103789198901,1466.031595462,390.109273368106,1075.92232209389,-4.88235294117647,0.00959948501518273,0.9903981684393551,1.3124663057613452e-06,1.034079156571831e-06,2.376940321046884,0.007347540956487256,85560.01689106785,73.171896856458,285.81446553322735,0.00012243354198915313,0.0008196642423854428,1.673228963436375e-06,2.867811082318907e-06,GOOD,277,1508.761169
SANTA CLARA VALLEY W.D.,Alfalfa,San Francisco Bay,11.41145783,277.0,6.0,3.848948655,0.306290873,192.44743275,0.200481491,0.157957374,1.86,0.17,739.7198673,484.1807412,381.4811931,50,1468.887837512,8.1965688875526,1468.887837512,390.109273368106,1078.77856414389,-4.88235294117647,0.010479580328119378,0.9895178629717101,1.4300097234564323e-06,1.1266904470081191e-06,2.419067381027522,0.04711356047679935,13378.82626882335,11.411439152256973,43.921996792787795,1.867774302688474e-05,0.00011847357992422758,1.6367534547410883e-06,2.697355972173449e-06,GOOD,277,1513.191213
SANTA CLARA VALLEY W.D.,Citrus & Subtropical,Central Coast,56.29060577,894.0,4.2,2.611553899,0.183365181,130.57769495,0.131883505,0.371008972,0.13,0.17,2549.235389,1743.692937,5418.931559,50,3623.536047392,27.24281822199264,3623.536047392,390.109273368106,3233.42677402389,-4.88235294117647,0.20366556958494111,0.79630616611777,7.4123093171862295e-06,2.0851987971621503e-05,3.053958405386428,0.13665348928270543,10.797921073407181,56.29060450563532,147.00579015542357,1.26436467695612e-06,0.00016082029182484803,2.2461379828141085e-08,1.093971303593109e-06,GOOD,894,3685.911605
SANTA CLARA VALLEY W.D.,Citrus & Subtropical,San Francisco Bay,56.29060577,894.0,4.2,2.432378703,0.183365181,121.61893515,0.131883505,0.371008972,0.13,0.17,2549.235389,1743.692937,5418.931559,50,3632.494807192,29.238333368344875,3632.494807192,390.109273368106,3242.38553382389,-4.88235294117647,0.2802954433661404,0.7196657537278169,1.0176058476027301e-05,2.86268475667429e-05,3.2587540789453255,0.13665348928270543,10.827836857027219,56.29060463701861,136.91992197699582,1.1329813887073215e-06,0.0001486769210998773,2.012736180769869e-08,1.0858665233651342e-06,GOOD,894,3694.949081
SANTA CLARA VALLEY W.D.,Corn,Central Coast,773.3514596,721.0,9.4,2.274255141,0.234536008,113.71275705,0.556552162,0.088672787,0.3,0.17,423.9938724,1022.014707,159.5840787,50,6662.807481993001,56.327121342009235,6662.807481993001,390.109273368106,6272.6982086249,-4.88235294117647,0.5147345254718185,0.485215629493879,4.299486814482542e-05,6.850166157649728e-06,8.233192768072033,0.0043102437991872815,51918.30704378966,773.3514428775513,1758.7965773216615,1.6722448663131217e-05,0.001955473492216697,2.1623349197246693e-08,1.1118234725321153e-06,GOOD,721,6724.797875
SANTA CLARA VALLEY W.D.,Corn,San Francisco Bay,14.93957594,721.0,9.4,2.304449244,0.234536008,115.22246220000001,0.556552162,0.088672787,0.3,0.17,423.9938724,1022.014707,159.5840787,50,6661.297776843,55.594686226966566,6661.297776843,390.109273368106,6271.18850347489,-4.88235294117647,0.4952884335906745,0.5046635935947695,4.137994617195052e-05,6.592868384144081e-06,8.16888562126283,0.22312101405827006,1002.7146243154393,14.9395756103866,34.42746220532107,3.296133996855133e-07,3.227529251859096e-05,2.206310279550768e-08,9.374859543370327e-07,GOOD,721,6723.415376
SANTA CLARA VALLEY W.D.,Cucurbits,Central Coast,187.3301612,642.0,11.8,1.662176564,0.087908733,83.10882819999999,0.228781824,0.653570009,0.05,0.17,920.9338517,2396.72349,6846.813993,50,7491.520911234,85.81036318003837,7491.520911234,390.109273368106,7101.41163786589,-4.88235294117647,0.8828437907364618,0.11705222908308183,2.6960645918062203e-05,7.70195345383457e-05,11.52894860971564,0.10676337367076372,0.00013710021528877864,187.33016085902054,311.37547066862453,3.409794544495526e-07,0.00033300835752925195,1.8202058454725367e-09,1.0694741004176139e-06,GOOD,642,7547.00143
SANTA CLARA VALLEY W.D.,Dry Beans,Central Coast,201.5180848,1823.0,3.5,1.506154421,0.272510229,75.30772105,0.483520066,0.106180731,1.68,0.17,521.9411016,903.6303871,214.6292221,50,6304.330067924001,79.77776139544875,6304.330067924001,390.109273368106,5914.2207945559,-4.88235294117647,0.9188466101849548,0.08106744552726024,7.046927511974307e-05,1.547501266525396e-05,3.448291336925284,0.0029537701086671665,1104160.5670254638,201.5180728263583,303.51701212873724,1.1973641704798865e-05,0.00034220423566466707,5.941720673200277e-08,1.1274618428877474e-06,GOOD,1823,6356.952778
SANTA CLARA VALLEY W.D.,Grain,Central Coast,2548.282738,225.4685967,1.923364038,0.851962382,0.351483763,42.5981191,0.486359995,0.112954365,0.74,0.17,345.3012994,477.8051109,110.9675411,50,390.1092733681055,9.483767379291601,390.1092733681055,390.109273368106,0.0,-4.88235294117647,0.9510811978058891,0.047458997056306206,0.0011846717964902902,0.0002751333413143282,1.9450630461650362,0.0005302988287759423,171.59323596504444,2548.270365336101,2171.0279082107486,0.012372663898986502,0.013123265212925617,4.855294789108485e-06,6.044687789250989e-06,GOOD,225.4685967,425.4489935
SANTA CLARA VALLEY W.D.,Grain,San Francisco Bay,1978.409063,224.0,1.9,0.399249024,0.351483763,19.9624512,0.486359995,0.112954365,0.74,0.17,345.3012994,477.8051109,110.9675411,50,404.686750677,19.381652610412633,404.686750677,390.109273368106,14.5774773088945,-4.88235294117647,0.9979674977371994,0.0005558607970039948,0.0011983349371465972,0.00027830652865005643,1.9185688241308214,0.000683049515200968,5658.391115372919,1978.4228782975438,789.8825183657374,-0.013815297543715133,-0.004630890232874663,6.9830338942978916e-06,5.8627925990880134e-06,GOOD,224,423.055204
SANTA CLARA VALLEY W.D.,Lettuce,Central Coast,2444.064098,893.3912256,10.5521748,1.36519475,0.164570286,68.2597375,0.334656366,0.457537993,0.25,0.17,2859.243032,5814.317411,7949.261967,50,9358.003875172435,129.7133608752182,9358.003875172435,390.109273368106,8967.89460180433,-4.88235294117647,0.9676509596019197,0.03226712611793617,3.460405266096143e-05,4.731022748320467e-05,10.497136510300434,0.0016366182880691374,100362.88517989975,2444.064086783348,3336.6198518401284,1.1216651728318539e-05,0.0036234129565855255,4.5893443373671045e-09,1.0859520061102151e-06,GOOD,893.3912256,9407.626046
SANTA CLARA VALLEY W.D.,Lettuce,San Francisco Bay,49.02699621,898.0,10.5,1.682308346,0.164570286,84.11541729999999,0.334656366,0.457537993,0.25,0.17,2859.243032,5814.317411,7949.261967,50,9343.927818055,105.55741953116541,9343.927818055,390.109273368106,8953.8185446869,-4.88235294117647,0.8975164123690371,0.10240749597760171,3.2144329112536387e-05,4.394732424866338e-05,10.289069769499221,0.08158770288244016,2010.0813671144988,49.02699584754742,82.47844089837065,3.6245258172584727e-07,8.400502271399546e-05,7.392918386705447e-09,1.0185078214285484e-06,GOOD,898,9399.741622
SANTA CLARA VALLEY W.D.,Onions & Garlic,Central Coast,215.1344263,1712.0,5.3,1.590455311,0.178481578,79.52276555,0.383051703,0.272440319,0.41,0.17,887.6914461,1905.136225,1355.002253,50,8993.24326085,107.53950323186811,8993.24326085,390.109273368106,8603.1339874819,-4.88235294117647,0.9214229319053331,0.07850990952053902,3.9245643466765996e-05,2.791293066107578e-05,5.221387219325707,0.011337211027503052,66207.11018253693,215.13442388200977,342.1613219423532,2.4179902311516344e-06,0.00036894541989340723,1.1239438860332855e-08,1.0782779887957096e-06,GOOD,1712,9047.470545
SANTA CLARA VALLEY W.D.,Other Deciduous,Central Coast,192.8148602,2398.313786,7.145133767,2.717713319,0.215021845,135.88566595,0.341552948,0.346579073,0.13,0.17,2284.866179,4950.948854,6009.195442,50,16999.48399639421,119.30989569845791,16999.48399639421,390.109273368106,16609.3747230261,-4.88235294117647,0.48694470133921125,0.513035587591723,9.78354958384516e-06,9.92751948204116e-06,6.1760662394112105,0.03989478655498199,189.9835400544028,192.81485930604362,524.0149493261202,8.939563826970698e-07,0.0005643405427235848,4.636345880031242e-09,1.0769538840076659e-06,GOOD,2398.313786,17061.51001
SANTA CLARA VALLEY W.D.,Other Deciduous,San Francisco Bay,96.40743008,4047.471437,1.454200834,3.121144607,0.215021845,156.05723035,0.341552948,0.346579073,0.13,0.17,2284.866179,4950.948854,6009.195442,50,5728.87595506058,35.71320525467494,5728.87595506058,390.109273368106,5338.76668169247,-4.88235294117647,0.12411559365809978,0.8758694985817258,7.399436852649019e-06,7.508323321844478e-06,0.9537258272762499,0.07978957312651656,30.5341269620017,96.40742839001022,300.9011990148283,1.6899897730127122e-06,0.00033145409327062225,1.752966313499218e-08,1.1015367477662473e-06,GOOD,4047.471437,5787.517749
SANTA CLARA VALLEY W.D.,Pasture,Central Coast,1056.048825,249.6163555,5.0,4.185193859,0.350906068,209.25969295,0.190014026,0.155066311,0.51,0.17,328.209843,177.7241242,145.0367898,50,1038.126098145,5.661429667234457,1038.126098145,390.109273368106,648.016824776895,-4.88235294117647,0.004552960806848436,0.9954455262687024,8.330722872242191e-07,6.798521619461508e-07,1.7206696107530897,0.0018567174805819134,49149.347670442985,1056.0479473640212,4419.7596812117945,0.0008776359788953414,0.009375982371238933,8.310562524373259e-07,2.121373820647352e-06,GOOD,249.6163555,1072.227315
SANTA CLARA VALLEY W.D.,Pasture,San Francisco Bay,378.2468903,275.0,5.0,3.305404007,0.350906068,165.27020034999998,0.190014026,0.155066311,0.51,0.17,328.209843,177.7241242,145.0367898,50,1209.0338132450001,7.890304857440234,1209.0338132450001,390.109273368106,818.924539876895,-4.88235294117647,0.02090049651325409,0.979093539834101,3.2838082245146487e-06,2.6798444205742286e-06,2.324459353667246,0.005183874247241868,22244.24520143465,378.24670705169666,1250.2566598561855,0.00018324830335814113,0.002126976723957341,4.84467441920807e-07,1.701229174597755e-06,GOOD,275,1265.047057
SANTA CLARA VALLEY W.D.,Sunflowers,Central Coast,85.06879426,3640.0,0.6,2.911908699,0.386904762,145.59543495,0.388227513,0.177248677,0.74,0.17,734.0697039,736.5793439,336.2917618,50,2037.4521840979999,14.193319683392248,2037.4521840979999,390.109273368106,1647.34291072989,-4.88235294117647,0.07046887057175624,0.9295115751520192,1.34249826276992e-05,6.129293596736064e-06,0.3534763962174845,0.01588539443995349,26853.6647227502,85.06876928407257,247.7122103621942,2.4975927431114542e-05,0.0003516569410635384,2.935968194727125e-07,1.419616906777516e-06,GOOD,3640,2098.255496
SANTA CLARA VALLEY W.D.,Tomato Processing,Central Coast,1070.133204,103.0,59.0,2.094853308,0.124471553,104.74266539999999,0.533148968,0.188806686,0.74,0.17,657.2463564,2815.18314,996.9547547,50,5971.410907392999,54.812660140573634,5971.410907392999,390.109273368106,5581.30163402489,-4.88235294117647,0.6065055376482772,0.3934211361342091,5.4149859452149524e-05,1.9176358061573004e-05,53.44778031955778,0.0012627879840567504,1144274.7206146268,1070.1331479000776,2241.769518072452,5.6099922403518576e-05,0.0025643275866968906,5.2423307859082726e-08,1.1438841650447911e-06,GOOD,103,6032.269469
SANTA CLARA VALLEY W.D.,Truck Crops,Central Coast,3928.777726,882.8289505,16.82408356,1.094970985,0.139554281,54.74854925,0.396137579,0.419814805,0.409751252,0.17,7441.94487,27484.23099,27982.75263,50,14797.083976484102,253.94043897617806,14797.083976484102,390.109273368106,14406.974703116,-4.88235294117647,0.9942165459991343,0.005728630651118149,2.6616245589247713e-05,2.820710415833116e-05,16.817013332448926,0.000621186847619223,2020490.7755439272,3928.777717154221,4301.892969729716,8.845778666000115e-06,0.004646754563509603,2.251534518601095e-09,1.0801639131772636e-06,GOOD,882.8289505,14839.84291
SANTA CLARA VALLEY W.D.,Truck Crops,San Francisco Bay,335.3741544,879.8326874,16.80674045,1.349315785,0.139554281,67.46578925,0.396137579,0.419814805,0.409940416,0.17,7441.94487,27484.23099,27982.75263,50,14718.698320642785,205.82730676255662,14718.698320642785,390.109273368106,14328.5890472747,-4.88235294117647,0.9805396544514513,0.01940598842637253,2.6389896276366537e-05,2.796722589964898e-05,16.7551026843186,0.007273604317567686,171810.2977894739,335.3741528687454,452.52515556505807,1.5312546111090342e-06,0.0004848478891403829,4.565809830660684e-09,1.0714263366335229e-06,GOOD,879.8326874,14767.95758
SANTA CLARA VALLEY W.D.,Vineyard,Central Coast,164.1614474,1913.447178,9.180217963,2.457170381,0.277321429,122.85851905,0.189642857,0.15,0.13,0.17,3571.632089,2442.416792,1931.85509,50,17442.386671391258,135.48756462680007,17442.386671391258,390.109273368106,17052.2773980232,-4.88235294117647,0.6379137036993331,0.3620738748704924,6.93562504780168e-06,5.485805126687434e-06,8.384758039813173,0.046858186341184105,166.0646493612296,164.16144676179678,403.3722139498477,6.382032040619379e-07,0.0004323035217339566,3.887655805731754e-09,1.0717224525492858e-06,GOOD,1913.447178,17504.86833
SANTA CLARA VALLEY W.D.,Vineyard,San Francisco Bay,54.72048247,1879.432953,9.731994062,2.512108519,0.1875,125.60542595,0.15804878,0.110640244,0.13,0.17,7370.795962,6213.04167,4349.368869,50,18164.568723549128,138.18360128928518,18164.568723549128,390.109273368106,17774.459450181,-4.88235294117647,0.6169977112150213,0.3829931622924017,5.36840320454757e-06,3.7580893724173323e-06,8.827996197461975,0.1405745590149891,57.698891496380014,54.7204822589885,137.46364688687828,2.1101150338154184e-07,0.00014328979887068272,3.856170374543517e-09,1.0423821334077696e-06,GOOD,1879.432953,18227.06726
THE WEST SIDE I.D.,Alfalfa,San Joaquin River,261.6624251,281.0,6.7,4.134965358,0.306290873,206.74826789999997,0.200481491,0.157957374,1.86,0.17,739.7198673,484.1807412,381.4811931,50,1675.287002362,8.64481801751423,1675.287002362,385.716359827,1289.570642535,-4.88235294117647,0.007860774600316915,0.9921375438417913,9.405264503320261e-07,7.410314415109186e-07,2.543266983132194,0.0020546870969214695,366700.01341514516,261.661791098863,1081.9605541976198,0.0006340011370298271,0.004509081149763006,2.422973557581031e-06,4.1674923736435245e-06,GOOD,281,1711.055885
THE WEST SIDE I.D.,Almonds & Pistachios,San Joaquin River,2124.542192,4883.0,1.2,4.125499535,0.287448101,206.27497675,0.299096541,0.094248449,0.4,0.17,2039.310074,2110.873995,639.9084906,50,5652.644230159,26.965043945664668,5652.644230159,385.716359827,5266.927870332,-4.88235294117647,0.0263780696771961,0.9736200948713702,1.3956633208655361e-06,4.397881128212918e-07,0.5741367948986097,0.0011767241005680154,367426.28281059925,2124.541921597048,8764.782557775841,0.0002704029520828044,0.015267408040017472,1.2727586823222968e-07,1.7419007653718662e-06,GOOD,4883,5688.721743
THE WEST SIDE I.D.,Corn,San Joaquin River,11.4631428,59.0,27.1,2.415829265,0.234536008,120.79146325,0.556552162,0.088672787,0.3,0.17,423.9938724,1022.014707,159.5840787,50,1477.228775793,12.515382455355429,1477.228775793,385.716359827,1091.512415966,-4.88235294117647,0.14154713132592708,0.8583910534399068,5.332001230427393e-05,8.495221861871523e-06,18.453710581229604,0.29078703733267053,133.93641566300926,11.463139991200661,27.69294883583012,2.808799338893664e-06,4.7009283925092404e-05,2.4502873146565564e-07,1.697515291881517e-06,GOOD,59,1539.657929
THE WEST SIDE I.D.,Dry Beans,San Joaquin River,522.3295708,1752.0,1.3,2.212101358,0.272510229,110.6050679,0.483520066,0.106180731,1.68,0.17,521.9411016,903.6303871,214.6292221,50,2166.1327210739996,19.459906781997343,2166.1327210739996,385.716359827,1780.416361247,-4.88235294117647,0.2887297369606793,0.711191670099485,6.444160097758945e-05,1.4151338858004623e-05,1.0183426341729913,0.0011395833751599177,861654.8154965759,522.3291771001691,1155.4431956304838,0.0003936998309654882,0.002757259753479957,7.537383540481874e-07,2.386316509727639e-06,GOOD,1752,2227.803865
THE WEST SIDE I.D.,Grain,San Joaquin River,678.9431805,164.0,2.5,0.466656841,0.351483763,23.33284205,0.486359995,0.112954365,0.74,0.17,345.3012994,477.8051109,110.9675411,50,385.716359827,16.079804662496404,385.716359827,385.716359827,0.0,-4.88235294117647,0.9969937457477995,0.001458565993316532,0.0012559913529392194,0.0002916969059446191,2.5294268245072735,0.001990374732619251,45.71786938753508,678.9448232485264,316.83372919350944,-0.0016427485263648123,-0.00024936288662047446,2.4195670176037835e-06,7.870471477754885e-07,GOOD,164,406.8715158
THE WEST SIDE I.D.,Other Deciduous,San Joaquin River,43.85765373,2263.540627,2.348383386,3.445837194,0.215021845,172.2918597,0.341552948,0.346579073,0.13,0.17,2284.866179,4950.948854,6009.195442,50,5142.466188416824,29.230255385786162,5142.466188416824,385.716359827,4756.74982858982,-4.88235294117647,0.06635018043490154,0.933640941378431,4.406670139819691e-06,4.471516527725852e-06,1.3564454442278402,0.17539259486300138,12.376330694992111,43.857652094834826,151.12609158860815,1.6351651765944553e-06,0.00024287579870474474,3.7283462235827524e-08,1.6071044107931211e-06,GOOD,2263.540627,5196.020108
THE WEST SIDE I.D.,Pasture,San Joaquin River,72.72551955,276.0,5.0,4.600187047,0.350906068,230.00935235000003,0.190014026,0.155066311,0.51,0.17,328.209843,177.7241242,145.0367898,50,1149.294661245,5.696815346269181,1149.294661245,385.716359827,763.578301418,-4.88235294117647,0.002895043568015599,0.9971040874488487,4.784943285518536e-07,3.9048880719446427e-07,1.567881741505464,0.026961434251114816,3987.9739777275136,72.72542761917273,334.5499516207984,9.1930827267106e-05,0.0010413994568807539,1.2640793470564624e-06,3.112827277776762e-06,GOOD,276,1167.686805
THE WEST SIDE I.D.,Safflower,San Joaquin River,65.88967035,574.0,1.3,2.40565496,0.396694215,120.28274800000001,0.424242424,0.112947658,0.74,0.17,212.2655769,227.006242,60.43672676,50,624.983367703,5.862781808072513,624.983367703,385.716359827,239.267007876,-4.88235294117647,0.06677080460541332,0.9331718404896492,4.529566854330759e-05,1.2059236394309458e-05,0.7742976954909151,0.020509305087931,3025.2891030074384,65.88948978452424,158.507090533002,0.00018056547575895365,0.0007217572404272232,2.7404215987089643e-06,4.5534490067001816e-06,GOOD,574,687.3943578
THE WEST SIDE I.D.,Tomato Processing,San Joaquin River,141.5475083,101.0,43.3,2.379660861,0.124471553,118.98304305,0.533148968,0.188806686,0.74,0.17,657.2463564,2815.18314,996.9547547,50,4253.470529742999,34.758124275395524,4253.470529742999,385.716359827,3867.754169916,-4.88235294117647,0.3415613353766267,0.6583806919820694,4.281156842841564e-05,1.5161072875660868e-05,34.946364897276936,0.009546980851738182,104887.16637386632,141.54748458586644,336.83447555486237,2.3714133561725248e-05,0.0005899187203226575,1.67534800481721e-07,1.7513578032419063e-06,GOOD,101,4315.825715
THE WEST SIDE I.D.,Truck Crops,San Joaquin River,108.2797869,555.0,22.8,2.667732673,0.139554281,133.38663365000002,0.396137579,0.419814805,0.41,0.17,7441.94487,27484.23099,27982.75263,50,12519.657859685,89.70698652835864,12519.657859685,385.716359827,12133.941499858,-4.88235294117647,0.4380838744866893,0.5618875742860058,1.3861365300089372e-05,1.4689862004964659e-05,19.295999853304096,0.022525204935030237,46998.425285625985,108.27978321310982,288.861066563117,3.686890181597846e-06,0.00045877549041506427,3.404966233451135e-08,1.5882194413994089e-06,GOOD,555,12581.87652
TRANQUILLITY I.D.,Alfalfa,Tulare Lake,106.4868569,264.0,7.7,4.524530937,0.306290873,226.22654684999998,0.200481491,0.157957374,1.86,0.17,739.7198673,484.1807412,381.4811931,50,1805.908723412,8.532721174271856,1805.908723412,841.972973977,963.935749435,-4.88235294117647,0.005003862118004245,0.9949951448780378,5.554054917282504e-07,4.3759846627723425e-07,2.6654865660780165,0.005048833482868537,111558.67777405007,106.48646278086038,481.80037798387156,0.0003941191396279464,0.0027004440703422006,3.7011059496108237e-06,5.6048709343107215e-06,GOOD,264,1827.421468
TRANQUILLITY I.D.,Almonds & Pistachios,Tulare Lake,4127.322699,4710.43212,1.191892935,4.067322337,0.287448101,203.36611685000003,0.299096541,0.094248449,0.4,0.17,2039.310074,2110.873995,639.9084906,50,5410.283854684073,26.20466873103534,5410.283854684073,841.972973977,4568.31088070707,-4.88235294117647,0.027417662225848956,0.9725803445280645,1.5156491755014102e-06,4.775969108219701e-07,0.5749156257424951,0.0006057195383839793,619120.506718123,4127.3220891345245,16787.11939760536,0.0006098654757806798,0.03240804446977563,1.4776297378647973e-07,1.930526681653554e-06,GOOD,4710.43212,5448.218862
TRANQUILLITY I.D.,Corn,Tulare Lake,107.0194188,71.0,20.6,2.280437339,0.234536008,114.02186695,0.556552162,0.088672787,0.3,0.17,423.9938724,1022.014707,159.5840787,50,1347.6983720930002,12.122999528603893,1347.6983720930002,841.972973977,505.725398116,-4.88235294117647,0.17436303404742845,0.8255535023179391,7.19932891234855e-05,1.1470345508919696e-05,14.647543606447165,0.0311469952902915,579.4976740354114,107.01936904315357,244.05052431938694,4.975684642261058e-05,0.0005543102116405407,4.6493287835544274e-07,2.271287694170895e-06,GOOD,71,1409.716294
TRANQUILLITY I.D.,Cotton,Tulare Lake,1973.649523,3438.0,0.8,3.749301711,0.148539114,187.46508555,0.445240339,0.078228087,0.68,0.17,378.6944542,1135.122209,199.4393382,50,2562.2629069100003,13.922977805208799,2562.2629069100003,841.972973977,1720.289932933,-4.88235294117647,0.021097815104296504,0.9788978748774662,3.665921163352591e-06,6.440970742812404e-07,0.3682638561998293,0.0007451111345538108,530578.6086345952,1973.6483319050412,7399.789431314996,0.001191094958812755,0.018102183237715508,6.034987189631616e-07,2.4463046039736335e-06,GOOD,3438,2609.155359
TRANQUILLITY I.D.,Cucurbits,Tulare Lake,346.2873917,485.0,17.3,2.442132231,0.087908733,122.10661155,0.228781824,0.653570009,0.05,0.17,920.9338517,2396.72349,6846.813993,50,8267.423127884,64.92651497854857,8267.423127884,841.972973977,7425.450153907,-4.88235294117647,0.4640093407959981,0.5359411377107051,1.2840249365277487e-05,3.668124393145257e-05,14.827156298297293,0.05775549580888768,0.0002649994509095817,346.28738968078284,845.6781335995455,2.0192171632515965e-06,0.0014668599463902865,5.831044420470584e-09,1.734533912835644e-06,GOOD,485,8329.889641
TRANQUILLITY I.D.,Grain,Tulare Lake,172.1450522,303.0,2.9,0.715524558,0.351483763,35.7762279,0.486359995,0.112954365,0.74,0.17,345.3012994,477.8051109,110.9675411,50,841.9729739769999,22.785867342840877,841.9729739769999,841.972973977,0.0,-4.88235294117647,0.9910828089107777,0.008212035072593066,0.0005722533942321044,0.00013290262239718548,2.91985960660015,0.007850073726088489,11.591699037899103,172.147591800305,123.1756224074776,-0.0025396003049991123,-0.0016100201856659169,1.4752676725489484e-05,1.30711028605903e-05,GOOD,303,872.6294479
TRANQUILLITY I.D.,Onions & Garlic,Tulare Lake,370.5070886,2366.0,7.7,1.253629891,0.178481578,62.681494550000004,0.383051703,0.272440319,0.41,0.17,887.6914461,1905.136225,1355.002253,50,18154.684531849998,273.1723023073816,18154.684531849998,841.972973977,17312.711557873,-4.88235294117647,0.9896620518382303,0.01030221583049421,2.0881002190471954e-05,1.4851329084971796e-05,7.689111273344551,0.006582935833859516,229453.72624239718,370.5070862739879,464.4779700860333,2.3260120656232175e-06,0.000791010312070739,6.277915152480075e-09,1.7030064199354472e-06,GOOD,2366,18201.65015
TRANQUILLITY I.D.,Other Deciduous,Tulare Lake,54.71666716,1850.0,7.8,3.502172688,0.215021845,175.1086344,0.341552948,0.346579073,0.13,0.17,2284.866179,4950.948854,6009.195442,50,14253.988211733998,78.07918593547883,14253.988211733998,841.972973977,13412.015237757,-4.88235294117647,0.15186228662497445,0.8481303821127659,3.638857313651303e-06,3.6924049460833196e-06,5.31532839856965,0.14058436106523436,43.53486533763563,54.716666416624946,191.62689445566545,7.433750539576067e-07,0.0003228504730827808,1.3585897909020356e-08,1.684784017747351e-06,GOOD,1850,14306.44471
TRANQUILLITY I.D.,Tomato Processing,Tulare Lake,1366.825793,93.0,51.2,2.220206136,0.124471553,111.0103068,0.533148968,0.188806686,0.74,0.17,657.2463564,2815.18314,996.9547547,50,4649.743265993,40.54165520846828,4649.743265993,841.972973977,3807.770292016,-4.88235294117647,0.4602524641506044,0.5396760753504058,5.277206581597402e-05,1.8688433173686534e-05,43.88915608703768,0.000988678556017966,997115.3176762118,1366.8255927747389,3034.6292403258285,0.00020022526109642058,0.005772135837105452,1.464892322941557e-07,1.9020856918220135e-06,GOOD,93,4711.46042
TRANQUILLITY I.D.,Truck Crops,Tulare Lake,26.53025848,941.0,19.4,1.84535452,0.139554281,92.26772600000001,0.396137579,0.419814805,0.41,0.17,7441.94487,27484.23099,27982.75263,50,18162.176767335,186.4995960885909,18162.176767335,841.972973977,17320.203793358,-4.88235294117647,0.9081028539167787,0.09185634904635398,1.9806596232741747e-05,2.0990440634672054e-05,19.04064702578442,0.0919336836496552,16437.168266218687,26.530258125974985,48.95766027121729,3.5402501552539434e-07,7.213161904218168e-05,1.334419775036411e-08,1.4733447711316544e-06,GOOD,941,18220.39116
TRANQUILLITY I.D.,Vineyard,Tulare Lake,101.9321298,1492.427601,10.07028874,4.00891598,0.302297005,200.44579900000002,0.200476183,0.304083218,0.13,0.17,2773.231975,2743.166444,4105.247296,50,14827.924210209516,71.12205177070149,14827.924210209516,841.972973977,13985.9512362325,-4.88235294117647,0.07759310424161357,0.9224042555012943,1.049051237375651e-06,1.5912058546529184e-06,5.9820999993246,0.07546499526106921,84.57247952806327,101.9321282291409,408.6366390209646,1.5708590979102155e-06,0.0007050096896250579,1.5410833669348243e-08,1.7252698509418931e-06,GOOD,1492.427601,14867.65594
Turner Island Water District,Alfalfa,San Joaquin River,805.3181971,282.0,6.8,4.134965358,0.306290873,206.74826789999997,0.200481491,0.157957374,1.86,0.17,739.7198673,484.1807412,381.4811931,50,1710.187002362,8.805068800332123,1710.187002362,817.216359827,892.970642535,-4.88235294117647,0.008023188680615976,0.9919751300367647,9.403724853092576e-07,7.409101339998708e-07,2.5908682153709246,0.0006676049424168047,781582.6668283448,805.3146302616688,3329.9407421857154,0.0035668383312668084,0.022104989800482144,4.429104351685099e-06,6.638209137748087e-06,GOOD,282,1745.955885
Turner Island Water District,Corn,San Joaquin River,75.43745254,62.0,26.2,2.415829265,0.234536008,120.79146325,0.556552162,0.088672787,0.3,0.17,423.9938724,1022.014707,159.5840787,50,1502.7287757929998,12.714983589017047,1502.7287757929998,817.216359827,685.512415966,-4.88235294117647,0.1436392259008871,0.856299109511908,5.319006864335883e-05,8.474518561528716e-06,17.889825842252467,0.04418671655920333,553.6354386015995,75.43741529866557,182.2435404337598,3.724133442517541e-05,0.0004650894207998135,4.936716865595182e-07,2.552014917937349e-06,GOOD,62,1565.157929
Turner Island Water District,Cotton,San Joaquin River,1878.995841,3927.0,0.8,3.634047537,0.148539114,181.70237684999998,0.445240339,0.078228087,0.68,0.17,378.6944542,1135.122209,199.4393382,50,2959.2256156100007,16.405812746167978,2959.2256156100007,817.216359827,2142.009255783,-4.88235294117647,0.029041102696383558,0.9709537603727917,4.369258408515616e-06,7.676724163729494e-07,0.3922841031184156,0.0007826458170931724,628952.4805876842,1878.9947457865767,6828.34192946012,0.0010952134232411481,0.01827855917326815,5.828716590763057e-07,2.676859248257236e-06,GOOD,3927,3008.864977
Turner Island Water District,Grain,San Joaquin River,735.3085043,187.0,4.5,0.466656841,0.351483763,23.33284205,0.486359995,0.112954365,0.74,0.17,345.3012994,477.8051109,110.9675411,50,817.216359827,33.002818593879816,817.216359827,817.216359827,0.0,-4.88235294117647,0.9985781454916824,0.0006898513762626868,0.0005940405626961039,0.00013796256935889867,4.525352332948264,0.0018378018796856058,49.513330606508944,735.3138668397846,343.13856233205996,-0.00536253978464174,-0.0018185549870395334,7.292911415116541e-06,5.299796713758529e-06,GOOD,187,838.3715158
Turner Island Water District,Tomato Processing,San Joaquin River,2761.141671,97.0,48.5,2.379660861,0.124471553,118.98304305,0.533148968,0.188806686,0.74,0.17,657.2463564,2815.18314,996.9547547,50,4584.670529743,37.3904364332651,4584.670529743,817.216359827,3767.454169916,-4.88235294117647,0.3586189775447401,0.6413245516646583,4.170248347617438e-05,1.4768307125572914e-05,39.519796674169655,0.0004894176077759653,1992958.71084033,2761.14107030623,6570.5660378952925,0.0006006937696838577,0.014728259546245681,2.1755267974580421e-07,2.241546077952678e-06,GOOD,97,4647.025715
WEST STANISLAUS I.D.,Alfalfa,San Joaquin River,94.44847871,280.0,7.1,4.134965358,0.306290873,206.74826789999997,0.200481491,0.157957374,1.86,0.17,739.7198673,484.1807412,381.4811931,50,1780.587002362,9.128325393752744,1780.587002362,715.14348389004,1065.44351847196,-4.88235294117647,0.0083506472964916,0.9916476719758923,9.400620616492155e-07,7.406655542836929e-07,2.7250377593393553,0.005692356467200852,109363.27772868314,94.44819986558002,390.5393622850408,0.0002788444199808282,0.001825296609695215,2.9523442176025728e-06,4.673762122243765e-06,GOOD,280,1816.355885
WEST STANISLAUS I.D.,Almonds & Pistachios,San Joaquin River,3073.046507,4845.5,1.15,4.125499535,0.287448101,206.27497675,0.299096541,0.094248449,0.4,0.17,2039.310074,2110.873995,639.9084906,50,5365.369230159,25.6430453451645,5365.369230159,715.14348389004,4650.22574626896,-4.88235294117647,0.025071176718330413,0.974926985366509,1.3975367200877399e-06,4.403784405143509e-07,0.5447280964914075,0.0008135249480622324,469238.6755557492,3073.046060986829,12677.829427851528,0.00044601317085835035,0.022507810346724,1.4513713666304445e-07,1.7753646643727687e-06,GOOD,4845.5,5401.446743
WEST STANISLAUS I.D.,Citrus & Subtropical,San Joaquin River,43.45070261,913.5,3.9,3.247465856,0.183365181,162.3732928,0.131883505,0.371008972,0.13,0.17,2549.235389,1743.692937,5418.931559,50,3399.590449542,20.808348793246246,3399.590449542,715.14348389004,2684.44696565196,-4.88235294117647,0.062430035804831335,0.9375607295822043,2.4217763851115153e-06,6.8128365791772e-06,2.231005091126387,0.17703528896532364,6.919868865375174,43.45069991372486,141.10444376861807,2.696275139157933e-06,0.00022937656700605658,6.205366029080958e-08,1.6255773950877374e-06,GOOD,913.5,3456.503397
WEST STANISLAUS I.D.,Corn,San Joaquin River,388.2248773,66.77889546,26.94442209,2.415829265,0.234536008,120.79146325,0.556552162,0.088672787,0.3,0.17,423.9938724,1022.014707,159.5840787,50,1677.6475217712248,14.084159275131656,1677.6475217712248,715.14348389004,962.504037881184,-4.88235294117647,0.1577197126559981,0.8422196366605508,5.231550493179213e-05,8.335178519375247e-06,18.72388835234837,0.008586088960902696,4000.0435164900928,388.2247687210563,937.8831903455416,0.00010857894369564747,0.0018296368326673473,2.796805409555022e-07,1.9508114466970927e-06,GOOD,66.77889546,1740.076675
WEST STANISLAUS I.D.,Cucurbits,San Joaquin River,472.5153384,507.0,13.6,2.299627126,0.087908733,114.98135629999999,0.228781824,0.653570009,0.05,0.17,920.9338517,2396.72349,6846.813993,50,6779.248383134,56.63445944394341,6779.248383134,715.14348389004,6064.10489924396,-4.88235294117647,0.5027420154352302,0.4971925511182275,1.696600232543304e-05,4.846744421675426e-05,11.854303737421166,0.042326668310329704,0.0002953039649066167,472.51533511239506,1086.6073575987427,3.2876049544938724e-06,0.0017320369665867474,6.957668222212936e-09,1.593983506218801e-06,GOOD,507,6841.34689
WEST STANISLAUS I.D.,Dry Beans,San Joaquin River,2580.55119,1752.0,1.3,2.212101358,0.272510229,110.6050679,0.483520066,0.106180731,1.68,0.17,521.9411016,903.6303871,214.6292221,50,2166.1327210739996,19.459906781997343,2166.1327210739996,715.14348389004,1450.98923718396,-4.88235294117647,0.2887297369606794,0.711191670099485,6.444160097758947e-05,1.415133885800463e-05,1.0183426341729915,0.00023066316124428253,3469436.0617061392,2580.548789900532,5708.426069952086,0.0024000994681045995,0.01472183542955463,9.300724114310631e-07,2.5789591180019405e-06,GOOD,1752,2227.803865
WEST STANISLAUS I.D.,Grain,San Joaquin River,578.0144497,203.0219178,3.642104912,0.466656841,0.351483763,23.33284205,0.486359995,0.112954365,0.74,0.17,345.3012994,477.8051109,110.9675411,50,715.1434838900403,28.999618822158983,715.1434838900403,715.14348389004,0.0,-4.88235294117647,0.998375632495213,0.0007881060630173193,0.0006786490326008242,0.00015761240916883058,3.665510467635629,0.002337919669746539,38.921650403840474,578.018040275884,269.7356466599757,-0.0035905758840044655,-0.0012495106203118667,6.2119137088493885e-06,4.632374044679205e-06,GOOD,203.0219178,736.2986399
WEST STANISLAUS I.D.,Other Deciduous,San Joaquin River,355.5540354,4009.639737,2.345957883,3.445837194,0.215021845,172.2918597,0.341552948,0.346579073,0.13,0.17,2284.866179,4950.948854,6009.195442,50,9233.250935439195,51.72504546743009,9233.250935439195,715.14348389004,8518.10745154915,-4.88235294117647,0.11315666649930332,0.8868349004024465,4.185751396873898e-06,4.247346853340616e-06,1.5071159707285575,0.021634707882456767,179.67028529274828,355.5540279477924,1225.1793448959838,7.452207569258462e-06,0.0019747621288388473,2.0959423399244207e-08,1.6118121433567934e-06,GOOD,4009.639737,9286.804855
WEST STANISLAUS I.D.,Pasture,San Joaquin River,3.62836231,344.0,5.0,4.600187047,0.350906068,230.00935235000003,0.190014026,0.155066311,0.51,0.17,328.209843,177.7241242,145.0367898,50,1489.294661245,7.100378547523906,1489.294661245,715.14348389004,774.15117735496,-4.88235294117647,0.0037480243519346797,0.9962511074083076,4.780849970518583e-07,3.901547606663392e-07,1.6399401868129548,0.5404047738897084,201.71844230093498,3.6283577629915076,16.691106903723387,4.547008492394866e-06,3.83965616137516e-05,1.2531847990656882e-06,2.3004150358151862e-06,GOOD,344,1507.686805
WEST STANISLAUS I.D.,Tomato Processing,San Joaquin River,1514.092256,100.0,50.3,2.379660861,0.124471553,118.98304305,0.533148968,0.188806686,0.74,0.17,657.2463564,2815.18314,996.9547547,50,4910.170529743,39.97744611740322,4910.170529743,715.14348389004,4195.02704585296,-4.88235294117647,0.37454332234621307,0.6254016089320166,4.0667085323279e-05,1.4401636446884293e-05,41.33857260896666,0.0008925158595827013,1216878.6567003164,1514.092020746252,3603.019736482872,0.0002352537478600425,0.006345063520257099,1.5537609873360485e-07,1.7610373548930418e-06,GOOD,100,4972.525715
WEST STANISLAUS I.D.,Truck Crops,San Joaquin River,4.85550086,717.0,19.8,2.667732673,0.139554281,133.38663365000002,0.396137579,0.419814805,0.41,0.17,7441.94487,27484.23099,27982.75263,50,14062.257859685,100.64281689177307,14062.257859685,715.14348389004,13347.114375795,-4.88235294117647,0.46686139827441975,0.5331115126980336,1.3151480405276368e-05,1.3937547141424871e-05,16.972795705749146,0.5023218943975025,2318.221776662569,4.855500709169268,12.953168526994427,1.5083073190425011e-07,9.761007174091674e-06,3.106388738323694e-08,7.535607830807977e-07,GOOD,717,14124.47652
WEST STANISLAUS I.D.,Vineyard,San Joaquin River,662.6906968,1630.308163,11.30505992,3.098484515,0.302297005,154.92422575,0.200476183,0.304083218,0.13,0.17,2773.231975,2743.166444,4105.247296,50,18275.000388624125,112.71402823513277,18275.000388624125,715.14348389004,17559.8569047341,-4.88235294117647,0.32056852189481266,0.6794226275890471,3.5165684949207483e-06,5.333947645306664e-06,8.970760521688884,0.011607689272615865,690.3286393671411,662.6906908494267,2053.333602373324,5.950573267909931e-06,0.003259896035615384,8.979412713418269e-09,1.5876089771322412e-06,GOOD,1630.308163,18333.91855
WESTLANDS W.D.,Alfalfa,Tulare Lake,3395.293146,267.0724982,7.802416606,4.524530937,0.306290873,226.22654684999998,0.200481491,0.157957374,1.86,0.17,739.7198673,484.1807412,381.4811931,50,1856.9196183735853,8.746840489284292,1856.9196183735853,610.894299045,1246.02531932859,-4.88235294117647,0.005144453550080585,0.9948545535862712,5.553270137819624e-07,4.3753663428341416e-07,2.7146068598631325,0.0001583469778553697,4597610.479557693,3395.292944015809,15362.102848435447,0.00020198419088046649,0.006030825610650936,5.948947033290023e-08,3.9257797598301027e-07,GOOD,267.0724982,1878.432363
WESTLANDS W.D.,Almonds & Pistachios,San Joaquin River,1319.385605,4723.699634,1.147667888,4.087404581,0.287448101,204.37022905,0.299096541,0.094248449,0.4,0.17,2039.310074,2110.873995,639.9084906,50,5216.187360358153,25.179509567420762,5216.187360358153,610.894299045,4605.29306131315,-4.88235294117647,0.025723942286083126,0.9742741180162875,1.4749313360383587e-06,4.6476629364668287e-07,0.5465722451580455,0.0018948213399675527,199517.0002592379,1319.385604816321,5392.86110759376,1.836790488596307e-07,0.0016583886972512119,1.392155925936684e-10,3.0751546427476934e-07,GOOD,4723.699634,5253.488827
WESTLANDS W.D.,Almonds & Pistachios,Tulare Lake,2638.771209,4798.743468,1.153626374,4.102798974,0.287448101,205.1399487,0.299096541,0.094248449,0.4,0.17,2039.310074,2110.873995,639.9084906,50,5330.136284954025,25.61617444186083,5330.136284954025,610.894299045,4719.24198590902,-4.88235294117647,0.025711309866393056,0.9742867928332366,1.4426927821758513e-06,4.5460758806825794e-07,0.5492794426243531,0.000947410670342811,408906.69613841776,2638.7712083392744,10826.344470754015,6.607256182178389e-07,0.003338151924253907,2.503914003473724e-10,3.083359211411891e-07,GOOD,4798.743468,5366.946639
WESTLANDS W.D.,Citrus & Subtropical,Tulare Lake,7992.489055,1164.0,14.15,3.608433712,0.183365181,180.4216856,0.131883505,0.371008972,0.13,0.17,2549.235389,1743.692937,5418.931559,50,16289.492056742,86.61290847933482,16289.492056742,610.894299045,15678.597757697,-4.88235294117647,0.14648864123725608,0.853506836386838,1.185992657843652e-06,3.3363832481258447e-06,9.569285764013394,0.0009624420677180011,7433.800743261203,7992.489057671058,28840.358291767167,-2.6710577003541403e-06,0.008657085854792967,3.341959784959806e-10,3.001725279760096e-07,GOOD,1164,16339.7058
WESTLANDS W.D.,Corn,Tulare Lake,3788.208598,72.5777026,22.61157082,2.280437339,0.234536008,114.02186695,0.556552162,0.088672787,0.3,0.17,423.9938724,1022.014707,159.5840787,50,1526.1942343857982,13.60249170311048,1526.1942343857982,610.894299045,915.299935340798,-4.88235294117647,0.1929963351289252,0.8069220848767077,7.036851614528262e-05,1.1211478221976088e-05,16.384775400760063,0.0008799233851834822,37117.743646813986,3788.208792294984,8638.770025714044,-0.00019429498388490174,0.0023090859976946376,5.128940998325186e-08,2.672933037478971e-07,GOOD,72.5777026,1588.212157
WESTLANDS W.D.,Cotton,Tulare Lake,14217.02475,3609.42348,0.8,3.749301711,0.148539114,187.46508555,0.445240339,0.078228087,0.68,0.17,378.6944542,1135.122209,199.4393382,50,2699.4016909100005,14.617196917288977,2699.4016909100005,610.894299045,2088.507391865,-4.88235294117647,0.022201888905674892,0.977793805937225,3.6617864831191322e-06,6.433706169127402e-07,0.3718664072593046,0.0001034385366244873,4639980.7628704365,14217.024879497998,53303.89875477672,-0.0001294979974773014,0.016465727632748894,9.108656681300453e-09,3.089027806800774e-07,GOOD,3609.42348,2746.294143
WESTLANDS W.D.,Cucurbits,Tulare Lake,15728.91697,497.5744895,17.10175354,2.442132231,0.087908733,122.10661155,0.228781824,0.653570009,0.05,0.17,920.9338517,2396.72349,6846.813993,50,8386.319415104319,65.84654615346113,8386.319415104319,610.894299045,7775.42511605932,-4.88235294117647,0.4675622903364954,0.5323885164359414,1.2755134527362241e-05,3.643809303594131e-05,14.679539590514612,0.0012715433642472842,0.012603995497122591,15728.916984400012,38412.0835402837,-1.4400011423276737e-05,0.011550876166438684,9.155119485176313e-10,3.007093505060336e-07,GOOD,497.5744895,8448.785928
WESTLANDS W.D.,Dry Beans,Tulare Lake,1079.877442,1151.19302,1.475467,1.919782133,0.272510229,95.98910665,0.483520066,0.106180731,1.68,0.17,521.9411016,903.6303871,214.6292221,50,1601.69599396434,16.702551345101572,1601.69599396434,610.894299045,990.80169491934,-4.88235294117647,0.4085825025999588,0.5912670940514153,0.00012332192431152456,2.70814243140932e-05,1.2431380559624774,0.0005512089354655631,991473.939628575,1079.8777863110417,2073.129436217734,-0.0003443110417720163,-1.7236390249308897e-05,3.1884270231104275e-07,8.314189211485985e-09,GOOD,1151.19302,1660.829466
WESTLANDS W.D.,Grain,San Joaquin River,488.3041778,303.0,2.9,0.466656841,0.351483763,23.33284205,0.486359995,0.112954365,0.74,0.17,345.3012994,477.8051109,110.9675411,50,854.416359827,34.461766724233144,854.416359827,610.894299045,243.522060782,-4.88235294117647,0.998639941276978,0.00065986947074138,0.0005682227291171269,0.00013196652316355107,2.915635442460004,0.0027674376193947674,22814.051377238717,488.30464493635264,227.87064311893343,-0.00046713635265405173,-0.0001580596831161074,9.566503296340459e-07,6.936382440007934e-07,GOOD,303,875.5715158
WESTLANDS W.D.,Grain,Tulare Lake,25768.40118,299.9127532,2.870597649,0.715524558,0.351483763,35.7762279,0.486359995,0.112954365,0.74,0.17,345.3012994,477.8051109,110.9675411,50,824.2018182180373,22.32503748321565,824.2018182180373,610.894299045,213.307519173037,-4.88235294117647,0.9908923718382792,0.008387412711451775,0.0005844745365216995,0.0001357409137473938,2.890670107168911,5.244218847385049e-05,1054765.5952331382,25768.427371686863,18437.936891415906,-0.026191686862148345,-0.013026729724515462,1.0164265403659143e-06,7.065182511934177e-07,GOOD,299.9127532,854.8582922
WESTLANDS W.D.,Lettuce,Tulare Lake,8136.398694,701.9533021,19.41207728,2.300762612,0.164570286,115.03813060000002,0.334656366,0.457537993,0.25,0.17,2859.243032,5814.317411,7949.261967,50,13510.376852071386,111.87989673852029,13510.376852071386,610.894299045,12899.4825530264,-4.88235294117647,0.6676707950168561,0.33229005592013117,1.653821819271583e-05,2.2610844820120014e-05,17.90186873540076,0.0004916179934680079,480587.1258617055,8136.398718400997,18719.916359757866,-2.440099615341751e-05,0.005551722966629313,2.9989921918909235e-09,2.965676348908523e-07,GOOD,701.9533021,13572.4799
WESTLANDS W.D.,Onions & Garlic,Tulare Lake,27861.59127,2291.043642,9.269283354,1.253629891,0.178481578,62.681494550000004,0.383051703,0.272440319,0.41,0.17,887.6914461,1905.136225,1355.002253,50,21172.817225928135,318.42761055465655,21172.817225928135,610.894299045,20561.9229268831,-4.88235294117647,0.9911226062890705,0.008846709674989534,1.7930915750681214e-05,1.2753120189306962e-05,9.258031739917493,8.754074261616654e-05,20492853.54476837,27861.59140687626,34928.11338459456,-0.00013687626051250845,0.01024230209441157,4.912722291633433e-09,2.932394022599145e-07,GOOD,2291.043642,21219.78284
WESTLANDS W.D.,Other Deciduous,Tulare Lake,7040.991599,1953.728763,8.220821812,3.502172688,0.215021845,175.1086344,0.341552948,0.346579073,0.13,0.17,2284.866179,4950.948854,6009.195442,50,15885.244241336179,86.90573776109765,15885.244241336179,610.894299045,15274.3499422912,-4.88235294117647,0.16635042716753062,0.833642366805011,3.57669727131019e-06,3.629330187167101e-06,5.706172523559874,0.001092503461217053,6379.978930545648,7040.991601972606,24658.761076513532,-2.9726061256951652e-06,0.0073979417138616554,4.2218572255040765e-10,3.0001261910242616e-07,GOOD,1953.728763,15937.70074
WESTLANDS W.D.,Pasture,Tulare Lake,338.6020497,170.0,5.0,4.768194291,0.350906068,238.40971455000002,0.190014026,0.155066311,0.51,0.17,328.209843,177.7241242,145.0367898,50,610.894299045,3.3856315691785315,610.894299045,610.894299045,0.0,-4.88235294117647,0.0012484906347683693,0.9987508045260517,3.8811058140206917e-07,3.1672859833033623e-07,1.3601429896452168,0.005790822339861016,8.52889621074761,338.5719530637588,1614.3761991981887,0.03009663624118275,0.1441611022496545,8.8884979485057e-05,8.929035879289144e-05,GOOD,170,621.9472456
WESTLANDS W.D.,Potatoes,Tulare Lake,217.893609,1165.0,14.9,1.233512156,0.150675135,61.6756078,0.475005897,0.095288578,0.41,0.17,793.9256634,2502.863999,502.0871398,50,17296.103422590004,264.94890341942494,17296.103422590004,610.894299045,16685.209123545,-4.88235294117647,0.9901306785623302,0.00983667471241232,2.7191894178958658e-05,5.454831078527533e-06,14.880706775368763,0.011193648136067647,130049.62107402737,217.89361032886038,268.77434629208915,-1.3288603781802522e-06,6.912412186466099e-05,6.098666153077726e-09,2.5718267029850566e-07,GOOD,1165,17342.56351
WESTLANDS W.D.,Safflower,Tulare Lake,145.8300506,574.0,1.3,2.392307778,0.396694215,119.61538890000001,0.424242424,0.112947658,0.74,0.17,212.2655769,227.006242,60.43672676,50,625.650726803,5.895238086631221,625.650726803,610.894299045,14.756427758,-4.88235294117647,0.06890755607555088,0.9310333166851125,4.669535827473222e-05,1.2431881061951326e-05,0.779139228247879,0.009266617859565849,423.34694513096855,145.83109609897647,348.87275311752876,-0.0010454989764809852,-0.0023888010151722483,7.1692972208362195e-06,6.847245451336193e-06,GOOD,574,688.0347507
WESTLANDS W.D.,Tomato Processing,Tulare Lake,63014.98907,93.81401088,51.86477556,2.220206136,0.124471553,111.0103068,0.533148968,0.188806686,0.74,0.17,657.2463564,2815.18314,996.9547547,50,4753.785884667597,41.42750449721401,4753.785884667597,610.894299045,4142.8915856226,-4.88235294117647,0.4657543025525494,0.5341749653707165,5.2234141399516257e-05,1.8497935334459965e-05,44.562659383100865,2.1444919237392978e-05,50015862.97077312,63014.990891028916,139906.22684587992,-0.001821028912672773,0.03854730702005327,2.8898345291306624e-08,2.755223785848437e-07,GOOD,93.81401088,4815.503039
WESTLANDS W.D.,Truck Crops,Tulare Lake,5558.529541,1130.942023,18.46950135,1.84535452,0.139554281,92.26772600000001,0.396137579,0.419814805,0.406877683,0.17,7441.94487,27484.23099,27982.75263,50,20794.711987905237,213.3939262772112,20794.711987905237,610.894299045,20183.8176888602,-4.88235294117647,0.9187918651079687,0.08117208316012964,1.750279314619722e-05,1.8548938755507776e-05,18.16848092183257,0.0004421567019827129,3908829.3634127188,5558.529562805036,10257.454597202372,-2.180503634008346e-05,0.0030158355039020535,3.92280659466652e-09,2.940139377294366e-07,GOOD,1130.942023,20852.92638
WESTLANDS W.D.,Vineyard,Tulare Lake,33975.3929,1380.403848,11.47105969,4.00891598,0.302297005,200.44579900000002,0.200476183,0.304083218,0.13,0.17,2773.231975,2743.166444,4105.247296,50,15633.442281307689,74.93397696574999,15633.442281307689,610.894299045,15022.5479822627,-4.88235294117647,0.08146483359780542,0.9185325372273709,1.0446479284990866e-06,1.5845268950229172e-06,6.881534742707126,0.0002264082041655416,30278.432985882147,33975.39290154579,136204.45449309077,-1.5457917470484972e-06,0.04103049778495915,4.54973913502115e-11,3.0124187624815433e-07,GOOD,1380.403848,15673.17401