g,i,hr,xland,p,y,xwater,omegaland,omegawater,omegasupply,omegalabor,theta,omegawater_unit,CS_land,CS_labor,CS_supply,mprof_init,f_adjustment,mprof,sigma,lambdaland,lambdacrop,rho,betaland,betawater,betasupply,betalabor,tau,gamma,delta,xlandcalib,xwatercalib,diffland,diffwater,percdiffland,percdiffwater,status,pc,pimarginal
BANTA-CARBONA I.D.,Alfalfa,San Joaquin River,745.16149,290.4258221,6.981811447,4.134965358,571.5529894,206.7482679,305.9903334,377.9325916,1.86,50,0.281872792,0.186385019,0.150905255,565.4741469,1.320687545,565.4741469,0.17,68.61215883,496.8619881,-4.882352941,0.005330553,0.991463115,0.001434528,0.001771804,2.690447431,0.000721501,864991.1364,745.161285,3081.213947,0.000205015,0.003000041,2.75E-07,9.74E-07,GOOD,290.4258221,565.4741469
BANTA-CARBONA I.D.,Almonds,San Joaquin River,6585.68131,4775.762292,1.018616781,4.125499535,1058.3111,206.2749768,455.3980167,1465.658483,0.4,50,0.217550368,0.301286212,0.093613311,1679.029036,1.454344131,1679.029036,0.17,68.61215883,1610.416877,-4.882352941,0.012832728,0.978161305,0.002134919,0.006871048,0.469576695,0.000379611,577070.41,6585.681156,27169.2067,0.000154273,0.018485772,2.34E-08,6.80E-07,GOOD,4775.762292,1679.029036
BANTA-CARBONA I.D.,Beans Dry,San Joaquin River,652.9829683,1593.773361,1.285477627,2.212101358,174.4872303,110.6050679,145.5634062,1032.584352,1.68,50,0.085167238,0.504004546,0.071049516,585.5199417,1.333479076,585.5199417,0.17,68.61215883,516.9077828,-4.882352941,0.10447712,0.733564561,0.020010397,0.141947922,0.991633901,0.000911568,418243.0742,652.9832823,1444.464251,-0.000313979,0.000259746,4.81E-07,1.80E-07,GOOD,1593.773361,585.5199417
BANTA-CARBONA I.D.,Corn,San Joaquin River,777.0290867,77.55530093,25.22861255,2.415829265,172.4592835,120.7914633,171.1787432,1093.099489,0.3,50,0.088141761,0.558669339,0.087487293,399.0836594,1.196408306,399.0836594,0.17,68.61215883,330.4715006,-4.882352941,0.052941855,0.829948423,0.015856237,0.101253485,17.78155435,0.004289844,4182.331734,777.0291609,1877.168534,-7.42E-05,0.001073063,9.55E-08,5.72E-07,GOOD,77.55530093,399.0836594
BANTA-CARBONA I.D.,Cucurbits,San Joaquin River,439.3856386,384.0603914,14.86947686,2.299627126,267.5771763,114.9813563,3732.550158,1306.069594,0.05,50,0.046854775,0.228702604,0.653597591,289.5988182,1.00325705,289.5988182,0.17,68.61215883,220.9866593,-4.882352941,0.04529776,0.545068317,0.303451984,0.106181938,12.70707858,0.045518101,2.21E-05,439.3856468,1010.42251,-8.17E-06,0.000623769,1.86E-08,6.17E-07,GOOD,384.0603914,289.5988182
BANTA-CARBONA I.D.,Field and Grain,San Joaquin River,48.80363215,194.8087562,3.454627792,2.917058441,127.4152527,72.92646103,76.29216244,327.7457083,0.74,25,0.189326621,0.486998112,0.113362702,68.61215883,1.060499947,68.61215883,0.17,68.61215883,0,-4.882352941,0.013823801,0.957683556,0.005380103,0.02311254,1.850487538,0.027689565,1191.299199,48.80365127,142.362916,-1.91E-05,0.000131081,3.92E-07,9.21E-07,GOOD,194.8087562,68.61215883
BANTA-CARBONA I.D.,Grapes,San Joaquin River,243.6250164,1686.199914,10.80135885,3.098484515,5693.452831,154.9242258,6051.355458,4549.18964,0.13,50,0.312599493,0.249773629,0.332250166,1764.328209,1.054534307,1764.328209,0.17,68.61215883,1695.71605,-4.882352941,0.131318485,0.682024451,0.106553789,0.080103276,8.556948336,0.031574375,106.7908498,243.6250165,754.8678684,-1.45E-07,0.00047236,5.95E-10,6.26E-07,GOOD,1686.199914,1764.328209
BANTA-CARBONA I.D.,Orchards,San Joaquin River,671.7862292,4762.917744,3.247388671,3.445837194,2203.997553,172.2918597,5347.052266,5630.387791,0.13,50,0.142496355,0.364024786,0.345706127,2113.315653,1.103101512,2113.315653,0.17,68.61215883,2044.703494,-4.882352941,0.049250913,0.825520982,0.060997939,0.064230165,2.276276862,0.011450529,169.3182766,671.7862286,2314.864506,6.27E-07,0.001469059,9.33E-10,6.35E-07,GOOD,4762.917744,2113.315653
BANTA-CARBONA I.D.,Pasture,San Joaquin River,8.53930899,226.9343417,5,4.600187047,214.8235605,46.00187047,128.6294508,552.5829798,0.51,10,0.189326621,0.486998112,0.113362702,192.6338469,1.14712982,192.6338469,0.17,68.61215883,124.0216881,-4.882352941,0.005075434,0.986439143,0.001602254,0.006883169,2.089814959,0.229618616,207.7000003,8.539305858,39.28230816,3.13E-06,0.000110443,3.67E-07,2.81E-06,GOOD,226.9343417,192.6338469
BANTA-CARBONA I.D.,Pistachios,San Joaquin River,31.20439441,4897.401316,1.414819371,3.805829794,1806.455069,190.2914897,360.6739904,1788.10266,0.4,50,0.260711671,0.25806301,0.052053284,2783.41504,1.591834969,2783.41504,0.17,68.61215883,2714.802882,-4.882352941,0.033608303,0.950657759,0.002640955,0.013092984,0.768288117,0.080116921,4632.322963,31.20439414,118.7585425,2.68E-07,7.14E-05,8.58E-09,6.01E-07,GOOD,4897.401316,2783.41504
BANTA-CARBONA I.D.,Safflower,San Joaquin River,85.51835858,575.1459791,1.245291589,2.40565496,140.0879783,120.282748,80.89587427,303.852797,0.74,50,0.195592287,0.424242424,0.112947658,71.10505265,1.05735237,71.10505265,0.17,68.61215883,2.492893822,-4.882352941,0.022621131,0.93616799,0.008664851,0.032546027,0.73599316,0.015801886,2335.973481,85.51843053,205.7276885,-7.19E-05,-2.50E-05,8.41E-07,1.22E-07,GOOD,575.1459791,71.10505265
BANTA-CARBONA I.D.,Subtropical,San Joaquin River,165.3894453,950.3385633,4.405405823,3.247465856,846.2602941,162.3732928,1809.449159,670.5198376,0.13,50,0.202134149,0.160157528,0.432197361,698.0244571,1.142940118,698.0244571,0.17,68.61215883,629.4122983,-4.882352941,0.028036452,0.926939772,0.032850505,0.012173271,2.598749769,0.04651027,14.47819329,165.3894454,537.0962317,-9.11E-08,0.000344824,5.51E-10,6.42E-07,GOOD,950.3385633,698.0244571
BANTA-CARBONA I.D.,Truck,San Joaquin River,35.97695527,690.3355797,21.20927139,2.667732673,775.1695468,133.3866337,4298.997918,3487.484178,0.41,50,0.052943262,0.238191489,0.293617021,5946.476384,1.603707682,5946.476384,0.17,68.61215883,5877.864225,-4.882352941,0.21990558,0.525351626,0.140646152,0.114096642,18.24124919,0.067794075,8561.95926,35.97695552,95.9768451,-2.52E-07,5.39E-05,7.00E-09,5.62E-07,GOOD,690.3355797,5946.476384
BANTA-CARBONA I.D.,Walnuts,San Joaquin River,2689.410695,1802.497789,1.658526763,4.952669773,765.1413128,247.6334887,268.1025116,816.5691826,0.13,50,0.25594369,0.273146576,0.089681664,892.0443277,1.357428723,892.0443277,0.17,68.61215883,823.4321688,-4.882352941,0.002698778,0.9955348,0.000436613,0.001329808,0.557257651,0.002860221,253.4434108,2689.410627,13319.75359,6.81E-05,0.009470182,2.53E-08,7.11E-07,GOOD,1802.497789,892.0443277
BANTA-CARBONA I.D.,Tomatoes,San Joaquin River,574.7349256,99.69467136,46.73447582,2.379660861,122.4440466,118.9830431,1913.505271,924.141116,0.74,50,0.026280181,0.198348523,0.410695875,1580.104731,1.441119419,1580.104731,0.17,68.61215883,1511.492573,-4.882352941,0.133645775,0.643606157,0.150205326,0.072542741,38.03339952,0.00235126,179907.8361,574.734969,1367.673434,-4.34E-05,0.000773483,7.56E-08,5.66E-07,GOOD,99.69467136,1580.104731
BROADVIEW W.D.,Field and Grain,San Joaquin River,1529.722595,194.8087562,3.454627792,2.917058441,127.4152527,72.92646103,76.29216244,327.7457083,0.74,25,0.189326621,0.486998112,0.113362702,68.61215883,1.060499947,68.61215883,0.17,68.61215883,0,-4.882352941,0.013823801,0.957683556,0.005380103,0.02311254,1.850487538,0.000883396,37340.60809,1529.72261,4462.279422,-1.53E-05,0.01078655,9.99E-09,2.42E-06,GOOD,194.8087562,68.61215883
Byron Bethany (CVP),Alfalfa,San Joaquin River,68.9637412,290.4258221,6.981811447,4.134965358,571.5529894,206.7482679,305.9903334,377.9325916,1.86,50,0.281872792,0.186385019,0.150905255,565.4741469,1.320687545,565.4741469,0.17,68.61215883,496.8619881,-4.882352941,0.005330553,0.991463115,0.001434528,0.001771804,2.690447431,0.0077959,80053.82145,68.96369622,285.1620869,4.50E-05,0.000593935,6.52E-07,2.08E-06,GOOD,290.4258221,565.4741469
Byron Bethany (CVP),Almonds,San Joaquin River,1271.587622,4775.762292,1.018616781,4.125499535,1058.3111,206.2749768,455.3980167,1465.658483,0.4,50,0.217550368,0.301286212,0.093613311,1679.029036,1.454344131,1679.029036,0.17,68.61215883,1610.416877,-4.882352941,0.012832728,0.978161305,0.002134919,0.006871048,0.469576695,0.001966046,111422.8818,1271.587551,5245.926757,7.07E-05,0.007386039,5.56E-08,1.41E-06,GOOD,4775.762292,1679.029036
Byron Bethany (CVP),Field and Grain,San Joaquin River,262.9578898,194.8087562,3.454627792,2.917058441,127.4152527,72.92646103,76.29216244,327.7457083,0.74,25,0.189326621,0.486998112,0.113362702,68.61215883,1.060499947,68.61215883,0.17,68.61215883,0,-4.882352941,0.013823801,0.957683556,0.005380103,0.02311254,1.850487538,0.005139041,6418.815764,262.9580264,767.0617083,-0.000136596,0.001823748,5.19E-07,2.38E-06,GOOD,194.8087562,68.61215883
Byron Bethany (CVP),Grapes,San Joaquin River,11.32742192,1686.199914,10.80135885,3.098484515,5693.452831,154.9242258,6051.355458,4549.18964,0.13,50,0.312599493,0.249773629,0.332250166,1764.328209,1.054534307,1764.328209,0.17,68.61215883,1695.71605,-4.882352941,0.131318485,0.682024451,0.106553789,0.080103276,8.556948336,0.67908724,4.965274217,11.32742192,35.09779869,-4.08E-09,4.27E-05,3.60E-10,1.22E-06,GOOD,1686.199914,1764.328209
Byron Bethany (CVP),Subtropical,San Joaquin River,3.65142448,950.3385633,4.405405823,3.247465856,846.2602941,162.3732928,1809.449159,670.5198376,0.13,50,0.202134149,0.160157528,0.432197361,698.0244571,1.142940118,698.0244571,0.17,68.61215883,629.4122983,-4.882352941,0.028036452,0.926939772,0.032850505,0.012173271,2.598749769,2.106659397,0.319645726,3.651424468,11.85786352,1.16E-08,1.28E-05,3.17E-09,1.08E-06,GOOD,950.3385633,698.0244571
Byron Bethany (CVP),Walnuts,San Joaquin River,71.37030245,1802.497789,1.658526763,4.952669773,765.1413128,247.6334887,268.1025116,816.5691826,0.13,50,0.25594369,0.273146576,0.089681664,892.0443277,1.357428723,892.0443277,0.17,68.61215883,823.4321688,-4.882352941,0.002698778,0.9955348,0.000436613,0.001329808,0.557257651,0.107780231,6.725760745,71.37029844,353.4730238,4.01E-06,0.000515793,5.62E-08,1.46E-06,GOOD,1802.497789,892.0443277
CENTRAL CALIFORNIA I.D.,Alfalfa,San Joaquin River,18061.91572,290.4258221,6.981811447,4.134965358,571.5529894,206.7482679,305.9903334,377.9325916,1.86,50,0.281872792,0.186385019,0.150905255,565.4741469,1.320687545,565.4741469,0.17,68.61215883,496.8619881,-4.882352941,0.005330553,0.991463115,0.001434528,0.001771804,2.690447431,2.98E-05,20966457.89,18061.91414,74685.36877,0.001578266,0.027033318,8.74E-08,3.62E-07,GOOD,290.4258221,565.4741469
CENTRAL CALIFORNIA I.D.,Almonds,San Joaquin River,31257.93981,4775.762292,1.018616781,4.125499535,1058.3111,206.2749768,455.3980167,1465.658483,0.4,50,0.217550368,0.301286212,0.093613311,1679.029036,1.454344131,1679.029036,0.17,68.61215883,1610.416877,-4.882352941,0.012832728,0.978161305,0.002134919,0.006871048,0.469576695,8.00E-05,2738977.38,31257.93958,128954.582,0.000231941,0.034167921,7.42E-09,2.65E-07,GOOD,4775.762292,1679.029036
CENTRAL CALIFORNIA I.D.,Beans Dry,San Joaquin River,604.3461002,1593.773361,1.285477627,2.212101358,174.4872303,110.6050679,145.5634062,1032.584352,1.68,50,0.085167238,0.504004546,0.071049516,585.5199417,1.333479076,585.5199417,0.17,68.61215883,516.9077828,-4.882352941,0.10447712,0.733564561,0.020010397,0.141947922,0.991633901,0.000984929,387090.6028,604.3462314,1336.874777,-0.000131159,5.18E-05,2.17E-07,3.88E-08,GOOD,1593.773361,585.5199417
CENTRAL CALIFORNIA I.D.,Corn,San Joaquin River,24481.00027,77.55530093,25.22861255,2.415829265,172.4592835,120.7914633,171.1787432,1093.099489,0.3,50,0.088141761,0.558669339,0.087487293,399.0836594,1.196408306,399.0836594,0.17,68.61215883,330.4715006,-4.882352941,0.052941855,0.829948423,0.015856237,0.101253485,17.78155435,0.00013616,131768.123,24481.00136,59141.90398,-0.001088358,0.012912369,4.45E-08,2.18E-07,GOOD,77.55530093,399.0836594
CENTRAL CALIFORNIA I.D.,Cotton,San Joaquin River,17363.82935,3399.208415,0.729719844,3.634047537,368.4467916,181.7023768,194.0424101,1104.40523,0.68,50,0.148539114,0.445240339,0.078228087,631.8730258,1.277916424,631.8730258,0.17,68.61215883,563.2608669,-4.882352941,0.0098805,0.97729429,0.001916623,0.010908587,0.341372032,8.47E-05,2527934.001,17363.82917,63100.96386,0.000175539,0.017426505,1.01E-08,2.76E-07,GOOD,3399.208415,631.8730258
CENTRAL CALIFORNIA I.D.,Cucurbits,San Joaquin River,3469.42306,384.0603914,14.86947686,2.299627126,267.5771763,114.9813563,3732.550158,1306.069594,0.05,50,0.046854775,0.228702604,0.653597591,289.5988182,1.00325705,289.5988182,0.17,68.61215883,220.9866593,-4.882352941,0.04529776,0.545068317,0.303451984,0.106181938,12.70707858,0.005764647,0.000174686,3469.423089,7978.377446,-2.95E-05,0.001934308,8.49E-09,2.42E-07,GOOD,384.0603914,289.5988182
CENTRAL CALIFORNIA I.D.,Field and Grain,San Joaquin River,4649.326061,194.8087562,3.454627792,2.917058441,127.4152527,72.92646103,76.29216244,327.7457083,0.74,25,0.189326621,0.486998112,0.113362702,68.61215883,1.060499947,68.61215883,0.17,68.61215883,0,-4.882352941,0.013823801,0.957683556,0.005380103,0.02311254,1.850487538,0.000290655,113490.2909,4649.327092,13562.35135,-0.001030578,0.004483616,2.22E-07,3.31E-07,GOOD,194.8087562,68.61215883
CENTRAL CALIFORNIA I.D.,Grapes,San Joaquin River,317.6252245,1686.199914,10.80135885,3.098484515,5693.452831,154.9242258,6051.355458,4549.18964,0.13,50,0.312599493,0.249773629,0.332250166,1764.328209,1.054534307,1764.328209,0.17,68.61215883,1695.71605,-4.882352941,0.131318485,0.682024451,0.106553789,0.080103276,8.556948336,0.024218189,139.22818,317.6252246,984.1566016,-1.40E-07,0.000238076,4.40E-10,2.42E-07,GOOD,1686.199914,1764.328209
CENTRAL CALIFORNIA I.D.,Lettuce,San Joaquin River,163.5166498,1008,18.9,3.326092372,1600,216.1960042,12500,929,0.25,65,0.083984211,0.048763332,0.656126648,3806.003996,1.190145407,3806.003996,0.17,68.61215883,3737.391837,-4.882352941,0.056762599,0.802234003,0.131248975,0.009754424,13.59299947,0.024462341,3996.254595,163.5166499,543.8713823,-6.52E-08,9.93E-05,3.99E-10,1.83E-07,GOOD,1008,3806.003996
CENTRAL CALIFORNIA I.D.,Onions and Garlic,San Joaquin River,163.1776124,1579.216395,6.547714821,1.480822037,1660.207972,74.04110185,2894.594241,4313.35249,0.41,50,0.160557684,0.417141646,0.279934415,1398.06279,1.10128044,1398.06279,0.17,68.61215883,1329.450631,-4.882352941,0.283971634,0.04674413,0.26877367,0.400510566,6.493378023,0.014947053,17450.6334,163.1776156,241.6369554,-3.19E-06,4.90E-05,1.95E-08,2.03E-07,GOOD,1579.216395,1398.06279
CENTRAL CALIFORNIA I.D.,Orchards,San Joaquin River,960.3408841,4762.917744,3.247388671,3.445837194,2203.997553,172.2918597,5347.052266,5630.387791,0.13,50,0.142496355,0.364024786,0.345706127,2113.315653,1.103101512,2113.315653,0.17,68.61215883,2044.703494,-4.882352941,0.049250913,0.825520982,0.060997939,0.064230165,2.276276862,0.008009976,242.0461396,960.3408841,3309.177518,5.68E-09,0.000819135,5.92E-12,2.48E-07,GOOD,4762.917744,2113.315653
CENTRAL CALIFORNIA I.D.,Pasture,San Joaquin River,2800.474888,226.9343417,5,4.600187047,214.8235605,46.00187047,128.6294508,552.5829798,0.51,10,0.189326621,0.486998112,0.113362702,192.6338469,1.14712982,192.6338469,0.17,68.61215883,124.0216881,-4.882352941,0.005075434,0.986439143,0.001602254,0.006883169,2.089814959,0.000700161,68115.42196,2800.474534,12882.69015,0.000353824,0.018155086,1.26E-07,1.41E-06,GOOD,226.9343417,192.6338469
CENTRAL CALIFORNIA I.D.,Pistachios,San Joaquin River,3141.203196,4897.401316,1.414819371,3.805829794,1806.455069,190.2914897,360.6739904,1788.10266,0.4,50,0.260711671,0.25806301,0.052053284,2783.41504,1.591834969,2783.41504,0.17,68.61215883,2714.802882,-4.882352941,0.033608303,0.950657759,0.002640955,0.013092984,0.768288117,0.000795873,466314.6961,3141.203189,11954.88166,7.31E-06,0.003053544,2.33E-09,2.55E-07,GOOD,4897.401316,2783.41504
CENTRAL CALIFORNIA I.D.,Rice,San Joaquin River,2296.076347,573.2274458,4.688550562,4.833919598,335.3762222,241.6959799,192.0996257,1541.750863,0.2,50,0.124786237,0.573652143,0.071476115,376.6831724,1.107620191,376.6831724,0.17,68.61215883,308.0710135,-4.882352941,0.001337383,0.995406116,0.0003608,0.002895701,1.587048734,0.002177628,1990.933941,2296.076275,11099.0451,7.20E-05,0.003349521,3.14E-08,3.02E-07,GOOD,573.2274458,376.6831724
CENTRAL CALIFORNIA I.D.,Safflower,San Joaquin River,20.02050493,575.1459791,1.245291589,2.40565496,140.0879783,120.282748,80.89587427,303.852797,0.74,50,0.195592287,0.424242424,0.112947658,71.10505265,1.05735237,71.10505265,0.17,68.61215883,2.492893822,-4.882352941,0.022621131,0.93616799,0.008664851,0.032546027,0.73599316,0.067498365,546.8693431,20.02051277,48.16243912,-7.84E-06,-1.21E-05,3.92E-07,2.52E-07,GOOD,575.1459791,71.10505265
CENTRAL CALIFORNIA I.D.,Subtropical,San Joaquin River,162.9618373,950.3385633,4.405405823,3.247465856,846.2602941,162.3732928,1809.449159,670.5198376,0.13,50,0.202134149,0.160157528,0.432197361,698.0244571,1.142940118,698.0244571,0.17,68.61215883,629.4122983,-4.882352941,0.028036452,0.926939772,0.032850505,0.012173271,2.598749769,0.047203123,14.26568046,162.9618375,529.2128739,-2.04E-07,0.000128611,1.25E-09,2.43E-07,GOOD,950.3385633,698.0244571
CENTRAL CALIFORNIA I.D.,Truck,San Joaquin River,184.4205052,690.3355797,21.20927139,2.667732673,775.1695468,133.3866337,4298.997918,3487.484178,0.41,50,0.052943262,0.238191489,0.293617021,5946.476384,1.603707682,5946.476384,0.17,68.61215883,5877.864225,-4.882352941,0.21990558,0.525351626,0.140646152,0.114096642,18.24124919,0.013225343,43889.22966,184.4205058,491.9844929,-6.40E-07,0.000114429,3.47E-09,2.33E-07,GOOD,690.3355797,5946.476384
CENTRAL CALIFORNIA I.D.,Walnuts,San Joaquin River,5116.985095,1802.497789,1.658526763,4.952669773,765.1413128,247.6334887,268.1025116,816.5691826,0.13,50,0.25594369,0.273146576,0.089681664,892.0443277,1.357428723,892.0443277,0.17,68.61215883,823.4321688,-4.882352941,0.002698778,0.9955348,0.000436613,0.001329808,0.557257651,0.001503289,482.2120168,5116.985049,25342.73037,4.59E-05,0.007036134,8.96E-09,2.78E-07,GOOD,1802.497789,892.0443277
CENTRAL CALIFORNIA I.D.,Tomatoes,San Joaquin River,7815.842631,99.69467136,46.73447582,2.379660861,122.4440466,118.9830431,1913.505271,924.141116,0.74,50,0.026280181,0.198348523,0.410695875,1580.104731,1.441119419,1580.104731,0.17,68.61215883,1511.492573,-4.882352941,0.133645775,0.643606157,0.150205326,0.072542741,38.03339952,0.000172899,2446573.669,7815.842904,18599.05075,-0.000273106,0.004051695,3.49E-08,2.18E-07,GOOD,99.69467136,1580.104731
CITY OF TRACY,Alfalfa,San Joaquin River,160.5747748,290.4258221,6.981811447,4.134965358,571.5529894,206.7482679,305.9903334,377.9325916,1.86,50,0.281872792,0.186385019,0.150905255,565.4741469,1.320687545,565.4741469,0.17,68.61215883,496.8619881,-4.882352941,0.005330553,0.991463115,0.001434528,0.001771804,2.690447431,0.003348187,186396.8533,160.5747023,663.9668107,7.25E-05,0.004320467,4.51E-07,6.51E-06,GOOD,290.4258221,565.4741469
CITY OF TRACY,Field and Grain,San Joaquin River,7.543736,194.8087562,3.454627792,2.917058441,127.4152527,72.92646103,76.29216244,327.7457083,0.74,25,0.189326621,0.486998112,0.113362702,68.61215883,1.060499947,68.61215883,0.17,68.61215883,0,-4.882352941,0.013823801,0.957683556,0.005380103,0.02311254,1.850487538,0.179135557,184.142988,7.543810153,22.00548047,-7.42E-05,3.83E-05,9.83E-06,1.74E-06,GOOD,194.8087562,68.61215883
COLUMBIA CANAL CO.,Corn,San Joaquin River,10.43628722,77.55530093,25.22861255,2.415829265,172.4592835,120.7914633,171.1787432,1093.099489,0.3,50,0.088141761,0.558669339,0.087487293,399.0836594,1.196408306,399.0836594,0.17,68.61215883,330.4715006,-4.882352941,0.052941855,0.829948423,0.015856237,0.101253485,17.78155435,0.31939839,56.17294896,10.43628932,25.21228371,-2.10E-06,4.37E-06,2.01E-07,1.73E-07,GOOD,77.55530093,399.0836594
COLUMBIA CANAL CO.,Cotton,San Joaquin River,156.0299542,3399.208415,0.729719844,3.634047537,368.4467916,181.7023768,194.0424101,1104.40523,0.68,50,0.148539114,0.445240339,0.078228087,631.8730258,1.277916424,631.8730258,0.17,68.61215883,563.2608669,-4.882352941,0.0098805,0.97729429,0.001916623,0.010908587,0.341372032,0.009425038,22715.80874,156.029968,567.0199605,-1.38E-05,0.000310234,8.87E-08,5.47E-07,GOOD,3399.208415,631.8730258
COLUMBIA CANAL CO.,Field and Grain,San Joaquin River,6.79304418,194.8087562,3.454627792,2.917058441,127.4152527,72.92646103,76.29216244,327.7457083,0.74,25,0.189326621,0.486998112,0.113362702,68.61215883,1.060499947,68.61215883,0.17,68.61215883,0,-4.882352941,0.013823801,0.957683556,0.005380103,0.02311254,1.850487538,0.19893163,165.8185617,6.793053988,19.81572289,-9.81E-06,-1.60E-05,1.44E-06,8.08E-07,GOOD,194.8087562,68.61215883
COLUMBIA CANAL CO.,Grapes,San Joaquin River,31.74987425,1686.199914,10.80135885,3.098484515,5693.452831,154.9242258,6051.355458,4549.18964,0.13,50,0.312599493,0.249773629,0.332250166,1764.328209,1.054534307,1764.328209,0.17,68.61215883,1695.71605,-4.882352941,0.131318485,0.682024451,0.106553789,0.080103276,8.556948336,0.242278367,13.91727377,31.74987437,98.37644086,-1.21E-07,5.29E-05,3.80E-09,5.37E-07,GOOD,1686.199914,1764.328209
COLUMBIA CANAL CO.,Pasture,San Joaquin River,26.45201577,226.9343417,5,4.600187047,214.8235605,46.00187047,128.6294508,552.5829798,0.51,10,0.189326621,0.486998112,0.113362702,192.6338469,1.14712982,192.6338469,0.17,68.61215883,124.0216881,-4.882352941,0.005075434,0.986439143,0.001602254,0.006883169,2.089814959,0.074126083,643.3873853,26.45201382,121.6838635,1.95E-06,0.000356825,7.37E-08,2.93E-06,GOOD,226.9343417,192.6338469
COLUMBIA CANAL CO.,Pistachios,San Joaquin River,1900.204502,4897.401316,1.414819371,3.805829794,1806.455069,190.2914897,360.6739904,1788.10266,0.4,50,0.260711671,0.25806301,0.052053284,2783.41504,1.591834969,2783.41504,0.17,68.61215883,2714.802882,-4.882352941,0.033608303,0.950657759,0.002640955,0.013092984,0.768288117,0.001315648,282087.2225,1900.204517,7231.850509,-1.53E-05,0.004399123,8.06E-09,6.08E-07,GOOD,4897.401316,2783.41504
COLUMBIA CANAL CO.,Truck,San Joaquin River,2.69167442,690.3355797,21.20927139,2.667732673,775.1695468,133.3866337,4298.997918,3487.484178,0.41,50,0.052943262,0.238191489,0.293617021,5946.476384,1.603707682,5946.476384,0.17,68.61215883,5877.864225,-4.882352941,0.21990558,0.525351626,0.140646152,0.114096642,18.24124919,0.906136482,640.5769068,2.691674469,7.18066991,-4.87E-08,-2.11E-06,1.81E-08,2.94E-07,GOOD,690.3355797,5946.476384
COLUMBIA CANAL CO.,Almonds,San Joaquin River,11672.7304,4775.762292,1.018616781,4.125499535,1058.3111,206.2749768,455.3980167,1465.658483,0.4,50,0.217550368,0.301286212,0.093613311,1679.029036,1.454344131,1679.029036,0.17,68.61215883,1610.416877,-4.882352941,0.012832728,0.978161305,0.002134919,0.006871048,0.469576695,0.000214174,1022823.152,11672.73046,48155.81391,-6.07E-05,0.029931156,5.20E-09,6.22E-07,GOOD,4775.762292,1679.029036
DEL PUERTO WATER DISTRICT,Almonds,San Joaquin River,21149.35391,4775.762292,1.018616781,4.125499535,1058.3111,206.2749768,455.3980167,1465.658483,0.4,50,0.217550368,0.301286212,0.093613311,1679.029036,1.454344131,1679.029036,0.17,68.61215883,1610.416877,-4.882352941,0.012832728,0.978161305,0.002134919,0.006871048,0.469576695,0.000118207,1853212.41,21149.35347,87251.60381,0.000437462,0.045909338,2.07E-08,5.26E-07,GOOD,4775.762292,1679.029036
DEL PUERTO WATER DISTRICT,Beans Dry,San Joaquin River,217.5975611,1593.773361,1.285477627,2.212101358,174.4872303,110.6050679,145.5634062,1032.584352,1.68,50,0.085167238,0.504004546,0.071049516,585.5199417,1.333479076,585.5199417,0.17,68.61215883,516.9077828,-4.882352941,0.10447712,0.733564561,0.020010397,0.141947922,0.991633901,0.0027355,139373.7315,217.5976322,481.347778,-7.11E-05,8.24E-05,3.27E-07,1.71E-07,GOOD,1593.773361,585.5199417
DEL PUERTO WATER DISTRICT,Corn,San Joaquin River,293.6277344,77.55530093,25.22861255,2.415829265,172.4592835,120.7914633,171.1787432,1093.099489,0.3,50,0.088141761,0.558669339,0.087487293,399.0836594,1.196408306,399.0836594,0.17,68.61215883,330.4715006,-4.882352941,0.052941855,0.829948423,0.015856237,0.101253485,17.78155435,0.011352243,1580.440955,293.6277529,709.3541591,-1.85E-05,0.000314698,6.29E-08,4.44E-07,GOOD,77.55530093,399.0836594
DEL PUERTO WATER DISTRICT,Cucurbits,San Joaquin River,693.9157414,384.0603914,14.86947686,2.299627126,267.5771763,114.9813563,3732.550158,1306.069594,0.05,50,0.046854775,0.228702604,0.653597591,289.5988182,1.00325705,289.5988182,0.17,68.61215883,220.9866593,-4.882352941,0.04529776,0.545068317,0.303451984,0.106181938,12.70707858,0.028821943,3.49E-05,693.9157501,1595.7467,-8.66E-06,0.000762083,1.25E-08,4.78E-07,GOOD,384.0603914,289.5988182
DEL PUERTO WATER DISTRICT,Field and Grain,San Joaquin River,1993.934252,194.8087562,3.454627792,2.917058441,127.4152527,72.92646103,76.29216244,327.7457083,0.74,25,0.189326621,0.486998112,0.113362702,68.61215883,1.060499947,68.61215883,0.17,68.61215883,0,-4.882352941,0.013823801,0.957683556,0.005380103,0.02311254,1.850487538,0.000677731,48672.03878,1993.934647,5816.417589,-0.000394526,0.005151228,1.98E-07,8.86E-07,GOOD,194.8087562,68.61215883
DEL PUERTO WATER DISTRICT,Grapes,San Joaquin River,544.3414772,1686.199914,10.80135885,3.098484515,5693.452831,154.9242258,6051.355458,4549.18964,0.13,50,0.312599493,0.249773629,0.332250166,1764.328209,1.054534307,1764.328209,0.17,68.61215883,1695.71605,-4.882352941,0.131318485,0.682024451,0.106553789,0.080103276,8.556948336,0.014131401,238.6072242,544.3414773,1686.632821,-7.89E-08,0.000816967,1.45E-10,4.84E-07,GOOD,1686.199914,1764.328209
DEL PUERTO WATER DISTRICT,Lettuce,San Joaquin River,154.3514431,1008,18.9,3.326092372,1600,216.1960042,12500,929,0.25,65,0.083984211,0.048763332,0.656126648,3806.003996,1.190145407,3806.003996,0.17,68.61215883,3737.391837,-4.882352941,0.056762599,0.802234003,0.131248975,0.009754424,13.59299947,0.025914886,3772.262118,154.3514429,513.3869684,1.75E-07,0.000189076,1.13E-09,3.68E-07,GOOD,1008,3806.003996
DEL PUERTO WATER DISTRICT,Onions and Garlic,San Joaquin River,378.7093269,1579.216395,6.547714821,1.480822037,1660.207972,74.04110185,2894.594241,4313.35249,0.41,50,0.160557684,0.417141646,0.279934415,1398.06279,1.10128044,1398.06279,0.17,68.61215883,1329.450631,-4.882352941,0.283971634,0.04674413,0.26877367,0.400510566,6.493378023,0.00644036,40500.14909,378.7093393,560.8008681,-1.24E-05,0.00024878,3.27E-08,4.44E-07,GOOD,1579.216395,1398.06279
DEL PUERTO WATER DISTRICT,Orchards,San Joaquin River,3297.322072,4762.917744,3.247388671,3.445837194,2203.997553,172.2918597,5347.052266,5630.387791,0.13,50,0.142496355,0.364024786,0.345706127,2113.315653,1.103101512,2113.315653,0.17,68.61215883,2044.703494,-4.882352941,0.049250913,0.825520982,0.060997939,0.064230165,2.276276862,0.002332895,831.0633148,3297.322068,11362.02947,4.16E-06,0.00557059,1.26E-09,4.90E-07,GOOD,4762.917744,2113.315653
DEL PUERTO WATER DISTRICT,Pasture,San Joaquin River,58.08651962,226.9343417,5,4.600187047,214.8235605,46.00187047,128.6294508,552.5829798,0.51,10,0.189326621,0.486998112,0.113362702,192.6338469,1.14712982,192.6338469,0.17,68.61215883,124.0216881,-4.882352941,0.005075434,0.986439143,0.001602254,0.006883169,2.089814959,0.033756271,1412.82745,58.08650165,267.2081312,1.80E-05,0.000724004,3.09E-07,2.71E-06,GOOD,226.9343417,192.6338469
DEL PUERTO WATER DISTRICT,Pistachios,San Joaquin River,301.3545748,4897.401316,1.414819371,3.805829794,1806.455069,190.2914897,360.6739904,1788.10266,0.4,50,0.260711671,0.25806301,0.052053284,2783.41504,1.591834969,2783.41504,0.17,68.61215883,2714.802882,-4.882352941,0.033608303,0.950657759,0.002640955,0.013092984,0.768288117,0.008295875,44736.38228,301.3545723,1146.903645,2.47E-06,0.000573848,8.18E-09,5.00E-07,GOOD,4897.401316,2783.41504
DEL PUERTO WATER DISTRICT,Subtropical,San Joaquin River,1087.186462,950.3385633,4.405405823,3.247465856,846.2602941,162.3732928,1809.449159,670.5198376,0.13,50,0.202134149,0.160157528,0.432197361,698.0244571,1.142940118,698.0244571,0.17,68.61215883,629.4122983,-4.882352941,0.028036452,0.926939772,0.032850505,0.012173271,2.598749769,0.007075426,95.17231107,1087.186461,3530.599139,1.24E-06,0.001775719,1.14E-09,5.03E-07,GOOD,950.3385633,698.0244571
DEL PUERTO WATER DISTRICT,Truck,San Joaquin River,30.11762529,690.3355797,21.20927139,2.667732673,775.1695468,133.3866337,4298.997918,3487.484178,0.41,50,0.052943262,0.238191489,0.293617021,5946.476384,1.603707682,5946.476384,0.17,68.61215883,5877.864225,-4.882352941,0.21990558,0.525351626,0.140646152,0.114096642,18.24124919,0.08098329,7167.529292,30.11762542,80.34574045,-1.29E-07,3.26E-05,4.29E-09,4.05E-07,GOOD,690.3355797,5946.476384
DEL PUERTO WATER DISTRICT,Walnuts,San Joaquin River,1083.250021,1802.497789,1.658526763,4.952669773,765.1413128,247.6334887,268.1025116,816.5691826,0.13,50,0.25594369,0.273146576,0.089681664,892.0443277,1.357428723,892.0443277,0.17,68.61215883,823.4321688,-4.882352941,0.002698778,0.9955348,0.000436613,0.001329808,0.557257651,0.007101138,102.0828022,1083.249998,5364.976698,2.27E-05,0.002937349,2.09E-08,5.48E-07,GOOD,1802.497789,892.0443277
DEL PUERTO WATER DISTRICT,Tomatoes,San Joaquin River,1612.604136,99.69467136,46.73447582,2.379660861,122.4440466,118.9830431,1913.505271,924.141116,0.74,50,0.026280181,0.198348523,0.410695875,1580.104731,1.441119419,1580.104731,0.17,68.61215883,1511.492573,-4.882352941,0.133645775,0.643606157,0.150205326,0.072542741,38.03339952,0.000837993,504789.439,1612.604217,3837.449239,-8.08E-05,0.001707848,5.01E-08,4.45E-07,GOOD,99.69467136,1580.104731
EAGLE FIELD W.D.,Cucurbits,San Joaquin River,140.441844,384.0603914,14.86947686,2.299627126,267.5771763,114.9813563,3732.550158,1306.069594,0.05,50,0.046854775,0.228702604,0.653597591,289.5988182,1.00325705,289.5988182,0.17,289.5988182,0,-4.882352941,0.04529776,0.545068317,0.303451984,0.106181938,12.70707858,0.1424077,3.87E-06,140.4418512,322.9625821,-7.21E-06,0.001292008,5.14E-08,4.00E-06,GOOD,384.0603914,289.5988182
EAGLE FIELD W.D.,Subtropical,San Joaquin River,327.4874408,950.3385633,4.405405823,3.247465856,846.2602941,162.3732928,1809.449159,670.5198376,0.13,50,0.202134149,0.160157528,0.432197361,698.0244571,1.142940118,698.0244571,0.17,289.5988182,408.4256389,-4.882352941,0.028036452,0.926939772,0.032850505,0.012173271,2.598749769,0.023488863,24.37509106,327.4874123,1063.499776,2.85E-05,0.004506663,8.70E-08,4.24E-06,GOOD,950.3385633,698.0244571
EAGLE FIELD W.D.,Tomatoes,San Joaquin River,306.4847275,99.69467136,46.73447582,2.379660861,122.4440466,118.9830431,1913.505271,924.141116,0.74,50,0.026280181,0.198348523,0.410695875,1580.104731,1.441119419,1580.104731,0.17,289.5988182,1290.505913,-4.882352941,0.133645775,0.643606157,0.150205326,0.072542741,38.03339952,0.004409196,82962.70506,306.4847565,729.3267965,-2.90E-05,0.002914044,9.47E-08,4.00E-06,GOOD,99.69467136,1580.104731
FIREBAUGH CANAL W.D.,Alfalfa,San Joaquin River,807.7211738,290.4258221,6.981811447,4.134965358,571.5529894,206.7482679,305.9903334,377.9325916,1.86,50,0.281872792,0.186385019,0.150905255,565.4741469,1.320687545,565.4741469,0.17,68.61215883,496.8619881,-4.882352941,0.005330553,0.991463115,0.001434528,0.001771804,2.690447431,0.000665619,937611.062,807.7209134,3339.895459,0.000260374,0.003613804,3.22E-07,1.08E-06,GOOD,290.4258221,565.4741469
FIREBAUGH CANAL W.D.,Almonds,San Joaquin River,2108.441129,4775.762292,1.018616781,4.125499535,1058.3111,206.2749768,455.3980167,1465.658483,0.4,50,0.217550368,0.301286212,0.093613311,1679.029036,1.454344131,1679.029036,0.17,68.61215883,1610.416877,-4.882352941,0.012832728,0.978161305,0.002134919,0.006871048,0.469576695,0.00118571,184752.1812,2108.441071,8698.366451,5.79E-05,0.006446233,2.75E-08,7.41E-07,GOOD,4775.762292,1679.029036
FIREBAUGH CANAL W.D.,Corn,San Joaquin River,76.20076989,77.55530093,25.22861255,2.415829265,172.4592835,120.7914633,171.1787432,1093.099489,0.3,50,0.088141761,0.558669339,0.087487293,399.0836594,1.196408306,399.0836594,0.17,68.61215883,330.4715006,-4.882352941,0.052941855,0.829948423,0.015856237,0.101253485,17.78155435,0.04374409,410.1479642,76.2007772,184.08794,-7.31E-06,0.000109866,9.59E-08,5.97E-07,GOOD,77.55530093,399.0836594
FIREBAUGH CANAL W.D.,Cotton,San Joaquin River,3457.258406,3399.208415,0.729719844,3.634047537,368.4467916,181.7023768,194.0424101,1104.40523,0.68,50,0.148539114,0.445240339,0.078228087,631.8730258,1.277916424,631.8730258,0.17,68.61215883,563.2608669,-4.882352941,0.0098805,0.97729429,0.001916623,0.010908587,0.341372032,0.000425363,503329.1275,3457.258193,12563.83135,0.000212926,0.010041021,6.16E-08,7.99E-07,GOOD,3399.208415,631.8730258
FIREBAUGH CANAL W.D.,Cucurbits,San Joaquin River,1220.304831,384.0603914,14.86947686,2.299627126,267.5771763,114.9813563,3732.550158,1306.069594,0.05,50,0.046854775,0.228702604,0.653597591,289.5988182,1.00325705,289.5988182,0.17,68.61215883,220.9866593,-4.882352941,0.04529776,0.545068317,0.303451984,0.106181938,12.70707858,0.016389348,6.14E-05,1220.304854,2806.244192,-2.30E-05,0.001899856,1.88E-08,6.77E-07,GOOD,384.0603914,289.5988182
FIREBAUGH CANAL W.D.,Field and Grain,San Joaquin River,1230.759612,194.8087562,3.454627792,2.917058441,127.4152527,72.92646103,76.29216244,327.7457083,0.74,25,0.189326621,0.486998112,0.113362702,68.61215883,1.060499947,68.61215883,0.17,68.61215883,0,-4.882352941,0.013823801,0.957683556,0.005380103,0.02311254,1.850487538,0.001097982,30042.90613,1230.76004,3590.193469,-0.000427983,0.004246359,3.48E-07,1.18E-06,GOOD,194.8087562,68.61215883
FIREBAUGH CANAL W.D.,Onions and Garlic,San Joaquin River,234.0578469,1579.216395,6.547714821,1.480822037,1660.207972,74.04110185,2894.594241,4313.35249,0.41,50,0.160557684,0.417141646,0.279934415,1398.06279,1.10128044,1398.06279,0.17,68.61215883,1329.450631,-4.882352941,0.283971634,0.04674413,0.26877367,0.400510566,6.493378023,0.010420605,25030.74791,234.0578581,346.5978017,-1.12E-05,0.0002159,4.78E-08,6.23E-07,GOOD,1579.216395,1398.06279
FIREBAUGH CANAL W.D.,Orchards,San Joaquin River,463.9411689,4762.917744,3.247388671,3.445837194,2203.997553,172.2918597,5347.052266,5630.387791,0.13,50,0.142496355,0.364024786,0.345706127,2113.315653,1.103101512,2113.315653,0.17,68.61215883,2044.703494,-4.882352941,0.049250913,0.825520982,0.060997939,0.064230165,2.276276862,0.016580352,116.932613,463.9411682,1598.664634,6.60E-07,0.001101855,1.42E-09,6.89E-07,GOOD,4762.917744,2113.315653
FIREBAUGH CANAL W.D.,Pasture,San Joaquin River,11.22475043,226.9343417,5,4.600187047,214.8235605,46.00187047,128.6294508,552.5829798,0.51,10,0.189326621,0.486998112,0.113362702,192.6338469,1.14712982,192.6338469,0.17,68.61215883,124.0216881,-4.882352941,0.005075434,0.986439143,0.001602254,0.006883169,2.089814959,0.174684001,273.0174854,11.22474573,51.63577863,4.70E-06,0.0001729,4.19E-07,3.35E-06,GOOD,226.9343417,192.6338469
FIREBAUGH CANAL W.D.,Pistachios,San Joaquin River,5858.201797,4897.401316,1.414819371,3.805829794,1806.455069,190.2914897,360.6739904,1788.10266,0.4,50,0.260711671,0.25806301,0.052053284,2783.41504,1.591834969,2783.41504,0.17,68.61215883,2714.802882,-4.882352941,0.033608303,0.950657759,0.002640955,0.013092984,0.768288117,0.000426752,869655.804,5858.201735,22295.30303,6.16E-05,0.015910627,1.05E-08,7.14E-07,GOOD,4897.401316,2783.41504
FIREBAUGH CANAL W.D.,Truck,San Joaquin River,506.3964264,690.3355797,21.20927139,2.667732673,775.1695468,133.3866337,4298.997918,3487.484178,0.41,50,0.052943262,0.238191489,0.293617021,5946.476384,1.603707682,5946.476384,0.17,68.61215883,5877.864225,-4.882352941,0.21990558,0.525351626,0.140646152,0.114096642,18.24124919,0.004816433,120514.5221,506.3964298,1350.929375,-3.43E-06,0.000917138,6.78E-09,6.79E-07,GOOD,690.3355797,5946.476384
FIREBAUGH CANAL W.D.,Tomatoes,San Joaquin River,2961.004048,99.69467136,46.73447582,2.379660861,122.4440466,118.9830431,1913.505271,924.141116,0.74,50,0.026280181,0.198348523,0.410695875,1580.104731,1.441119419,1580.104731,0.17,68.61215883,1511.492573,-4.882352941,0.133645775,0.643606157,0.150205326,0.072542741,38.03339952,0.000456383,926875.6906,2961.004273,7046.181038,-0.000225288,0.004403915,7.61E-08,6.25E-07,GOOD,99.69467136,1580.104731
FRESNO SLOUGH W.D.,Alfalfa,Tulare Lake,67.74020822,279.620574,8.447932227,4.524530937,665.8443229,226.2265468,356.4707563,440.2816103,1.86,50,0.281872792,0.186385019,0.150905255,673.3924221,1.332128283,673.3924221,0.17,79.8460651,593.546357,-4.882352941,0.003706782,0.994087941,0.000986651,0.001218626,3.015187811,0.00793671,92689.01981,67.74011338,306.4912877,9.48E-05,0.001380095,1.40E-06,4.50E-06,GOOD,279.620574,673.3924221
FRESNO SLOUGH W.D.,Cotton,Tulare Lake,21.40708643,3710.758752,0.813814056,3.749301711,448.5684623,187.4650856,236.2384677,1344.566888,0.68,50,0.148539114,0.445240339,0.078228087,803.0287273,1.297371859,803.0287273,0.17,79.8460651,723.1826622,-4.882352941,0.01028231,0.976730819,0.001940782,0.011046089,0.381690361,0.068696328,3919.525538,21.40708263,80.26137388,3.80E-06,0.000251902,1.78E-07,3.14E-06,GOOD,3710.758752,803.0287273
FRESNO SLOUGH W.D.,Field and Grain,Tulare Lake,82.12825256,289.315121,2.652255461,3.261387025,145.2774368,81.53467562,86.9874648,373.6919673,0.74,25,0.189326621,0.486998112,0.113362702,79.8460651,1.06299158,79.8460651,0.17,79.8460651,0,-4.882352941,0.008379855,0.974472106,0.003237966,0.013910073,1.280365197,0.016454159,2285.798987,82.1282936,267.8504703,-4.10E-05,0.00154696,5.00E-07,5.78E-06,GOOD,289.315121,79.8460651
FRESNO SLOUGH W.D.,Tomatoes,Tulare Lake,183.4221271,97.3922824,54.70338716,2.220206136,168.9385059,111.0103068,1803.712469,1201.075867,0.74,50,0.031709536,0.225440365,0.338554465,2042.950582,1.544716696,2042.950582,0.17,79.8460651,1963.104517,-4.882352941,0.207320202,0.511041207,0.169061838,0.112576753,47.45087378,0.007367439,74919.51795,183.4221882,407.2338999,-6.11E-05,0.001032166,3.33E-07,2.53E-06,GOOD,97.3922824,2042.950582
GRASSLANDS W.D.,Alfalfa,San Joaquin River,385.5298954,290.4258221,6.981811447,4.134965358,571.5529894,206.7482679,305.9903334,377.9325916,1.86,50,0.281872792,0.186385019,0.150905255,565.4741469,1.320687545,565.4741469,0.17,68.61215883,496.8619881,-4.882352941,0.005330553,0.991463115,0.001434528,0.001771804,2.690447431,0.001394534,447527.0754,385.5298221,1594.150682,7.33E-05,0.002079699,1.90E-07,1.30E-06,GOOD,290.4258221,565.4741469
GRASSLANDS W.D.,Corn,San Joaquin River,85.85484838,77.55530093,25.22861255,2.415829265,172.4592835,120.7914633,171.1787432,1093.099489,0.3,50,0.088141761,0.558669339,0.087487293,399.0836594,1.196408306,399.0836594,0.17,68.61215883,330.4715006,-4.882352941,0.052941855,0.829948423,0.015856237,0.101253485,17.78155435,0.038825219,462.1107022,85.8548688,207.4104892,-2.04E-05,0.000166058,2.38E-07,8.01E-07,GOOD,77.55530093,399.0836594
GRASSLANDS W.D.,Cotton,San Joaquin River,32.37287257,3399.208415,0.729719844,3.634047537,368.4467916,181.7023768,194.0424101,1104.40523,0.68,50,0.148539114,0.445240339,0.078228087,631.8730258,1.277916424,631.8730258,0.17,68.61215883,563.2608669,-4.882352941,0.0098805,0.97729429,0.001916623,0.010908587,0.341372032,0.04542656,4713.043629,32.37287349,117.6444404,-9.18E-07,0.000117419,2.84E-08,9.98E-07,GOOD,3399.208415,631.8730258
GRASSLANDS W.D.,Field and Grain,San Joaquin River,236.7180937,194.8087562,3.454627792,2.917058441,127.4152527,72.92646103,76.29216244,327.7457083,0.74,25,0.189326621,0.486998112,0.113362702,68.61215883,1.060499947,68.61215883,0.17,68.61215883,0,-4.882352941,0.013823801,0.957683556,0.005380103,0.02311254,1.850487538,0.005708695,5778.300977,236.7184383,690.5199765,-0.000344561,0.000536908,1.46E-06,7.78E-07,GOOD,194.8087562,68.61215883
GRASSLANDS W.D.,Pasture,San Joaquin River,747.7951359,226.9343417,5,4.600187047,214.8235605,46.00187047,128.6294508,552.5829798,0.51,10,0.189326621,0.486998112,0.113362702,192.6338469,1.14712982,192.6338469,0.17,68.61215883,124.0216881,-4.882352941,0.005075434,0.986439143,0.001602254,0.006883169,2.089814959,0.002622088,18188.4799,747.7948582,3439.978243,0.00027771,0.019255232,3.71E-07,5.60E-06,GOOD,226.9343417,192.6338469
HENRY MILLER RECLAMATION DIST. 2131,Alfalfa,San Joaquin River,4207.882424,290.4258221,6.981811447,4.134965358,571.5529894,206.7482679,305.9903334,377.9325916,1.86,50,0.281872792,0.186385019,0.150905255,565.4741469,1.320687545,565.4741469,0.17,68.61215883,496.8619881,-4.882352941,0.005330553,0.991463115,0.001434528,0.001771804,2.690447431,0.000127768,4884553.279,4207.881707,17399.43856,0.000716507,0.009489873,1.70E-07,5.45E-07,GOOD,290.4258221,565.4741469
HENRY MILLER RECLAMATION DIST. 2131,Almonds,San Joaquin River,2004.487651,4775.762292,1.018616781,4.125499535,1058.3111,206.2749768,455.3980167,1465.658483,0.4,50,0.217550368,0.301286212,0.093613311,1679.029036,1.454344131,1679.029036,0.17,68.61215883,1610.416877,-4.882352941,0.012832728,0.978161305,0.002134919,0.006871048,0.469576695,0.001247201,175643.2564,2004.487622,8269.509845,2.91E-05,0.003027612,1.45E-08,3.66E-07,GOOD,4775.762292,1679.029036
HENRY MILLER RECLAMATION DIST. 2131,Beans Dry,San Joaquin River,219.4840165,1593.773361,1.285477627,2.212101358,174.4872303,110.6050679,145.5634062,1032.584352,1.68,50,0.085167238,0.504004546,0.071049516,585.5199417,1.333479076,585.5199417,0.17,68.61215883,516.9077828,-4.882352941,0.10447712,0.733564561,0.020010397,0.141947922,0.991633901,0.002711988,140582.0278,219.484066,485.5208307,-4.95E-05,6.02E-05,2.26E-07,1.24E-07,GOOD,1593.773361,585.5199417
HENRY MILLER RECLAMATION DIST. 2131,Corn,San Joaquin River,2636.311067,77.55530093,25.22861255,2.415829265,172.4592835,120.7914633,171.1787432,1093.099489,0.3,50,0.088141761,0.558669339,0.087487293,399.0836594,1.196408306,399.0836594,0.17,68.61215883,330.4715006,-4.882352941,0.052941855,0.829948423,0.015856237,0.101253485,17.78155435,0.001264393,14189.85161,2636.311181,6368.875419,-0.000114198,0.002008781,4.33E-08,3.15E-07,GOOD,77.55530093,399.0836594
HENRY MILLER RECLAMATION DIST. 2131,Cotton,San Joaquin River,7667.599863,3399.208415,0.729719844,3.634047537,368.4467916,181.7023768,194.0424101,1104.40523,0.68,50,0.148539114,0.445240339,0.078228087,631.8730258,1.277916424,631.8730258,0.17,68.61215883,563.2608669,-4.882352941,0.0098805,0.97729429,0.001916623,0.010908587,0.341372032,0.000191793,1116296.758,7667.599594,27864.41129,0.000269461,0.011110351,3.51E-08,3.99E-07,GOOD,3399.208415,631.8730258
HENRY MILLER RECLAMATION DIST. 2131,Cucurbits,San Joaquin River,1869.237954,384.0603914,14.86947686,2.299627126,267.5771763,114.9813563,3732.550158,1306.069594,0.05,50,0.046854775,0.228702604,0.653597591,289.5988182,1.00325705,289.5988182,0.17,68.61215883,220.9866593,-4.882352941,0.04529776,0.545068317,0.303451984,0.106181938,12.70707858,0.010699547,9.41E-05,1869.23797,4298.548865,-1.61E-05,0.001438483,8.61E-09,3.35E-07,GOOD,384.0603914,289.5988182
HENRY MILLER RECLAMATION DIST. 2131,Field and Grain,San Joaquin River,4629.788452,194.8087562,3.454627792,2.917058441,127.4152527,72.92646103,76.29216244,327.7457083,0.74,25,0.189326621,0.486998112,0.113362702,68.61215883,1.060499947,68.61215883,0.17,68.61215883,0,-4.882352941,0.013823801,0.957683556,0.005380103,0.02311254,1.850487538,0.000291882,113013.3769,4629.789069,13505.35508,-0.000616525,0.008405403,1.33E-07,6.22E-07,GOOD,194.8087562,68.61215883
HENRY MILLER RECLAMATION DIST. 2131,Grapes,San Joaquin River,43.62468913,1686.199914,10.80135885,3.098484515,5693.452831,154.9242258,6051.355458,4549.18964,0.13,50,0.312599493,0.249773629,0.332250166,1764.328209,1.054534307,1764.328209,0.17,68.61215883,1695.71605,-4.882352941,0.131318485,0.682024451,0.106553789,0.080103276,8.556948336,0.176329227,19.12249281,43.62468913,135.1703809,-3.83E-09,4.28E-05,8.77E-11,3.17E-07,GOOD,1686.199914,1764.328209
HENRY MILLER RECLAMATION DIST. 2131,Lettuce,San Joaquin River,145.0929408,1008,18.9,3.326092372,1600,216.1960042,12500,929,0.25,65,0.083984211,0.048763332,0.656126648,3806.003996,1.190145407,3806.003996,0.17,68.61215883,3737.391837,-4.882352941,0.056762599,0.802234003,0.131248975,0.009754424,13.59299947,0.027568536,3545.98955,145.0929407,482.5923991,1.20E-07,0.000124553,8.25E-10,2.58E-07,GOOD,1008,3806.003996
HENRY MILLER RECLAMATION DIST. 2131,Onions and Garlic,San Joaquin River,827.9170784,1579.216395,6.547714821,1.480822037,1660.207972,74.04110185,2894.594241,4313.35249,0.41,50,0.160557684,0.417141646,0.279934415,1398.06279,1.10128044,1398.06279,0.17,68.61215883,1329.450631,-4.882352941,0.283971634,0.04674413,0.26877367,0.400510566,6.493378023,0.002945977,88539.58095,827.9170972,1225.997469,-1.88E-05,0.000385308,2.27E-08,3.14E-07,GOOD,1579.216395,1398.06279
HENRY MILLER RECLAMATION DIST. 2131,Orchards,San Joaquin River,92.64075917,4762.917744,3.247388671,3.445837194,2203.997553,172.2918597,5347.052266,5630.387791,0.13,50,0.142496355,0.364024786,0.345706127,2113.315653,1.103101512,2113.315653,0.17,68.61215883,2044.703494,-4.882352941,0.049250913,0.825520982,0.060997939,0.064230165,2.276276862,0.083033729,23.34935282,92.64075909,319.2248677,8.35E-08,0.00010597,9.02E-10,3.32E-07,GOOD,4762.917744,2113.315653
HENRY MILLER RECLAMATION DIST. 2131,Pasture,San Joaquin River,457.2631735,226.9343417,5,4.600187047,214.8235605,46.00187047,128.6294508,552.5829798,0.51,10,0.189326621,0.486998112,0.113362702,192.6338469,1.14712982,192.6338469,0.17,68.61215883,124.0216881,-4.882352941,0.005075434,0.986439143,0.001602254,0.006883169,2.089814959,0.004288087,11121.92584,457.2630744,2103.491993,9.91E-05,0.004134397,2.17E-07,1.97E-06,GOOD,226.9343417,192.6338469
HENRY MILLER RECLAMATION DIST. 2131,Pistachios,San Joaquin River,558.2754473,4897.401316,1.414819371,3.805829794,1806.455069,190.2914897,360.6739904,1788.10266,0.4,50,0.260711671,0.25806301,0.052053284,2783.41504,1.591834969,2783.41504,0.17,68.61215883,2714.802882,-4.882352941,0.033608303,0.950657759,0.002640955,0.013092984,0.768288117,0.004478076,82876.53785,558.2754441,2124.700585,3.22E-06,0.000745453,5.77E-09,3.51E-07,GOOD,4897.401316,2783.41504
HENRY MILLER RECLAMATION DIST. 2131,Safflower,San Joaquin River,73.30562682,575.1459791,1.245291589,2.40565496,140.0879783,120.282748,80.89587427,303.852797,0.74,50,0.195592287,0.424242424,0.112947658,71.10505265,1.05735237,71.10505265,0.17,68.61215883,2.492893822,-4.882352941,0.022621131,0.93616799,0.008664851,0.032546027,0.73599316,0.018434483,2002.377069,73.30565484,176.3480444,-2.80E-05,3.09E-07,3.82E-07,1.75E-09,GOOD,575.1459791,71.10505265
HENRY MILLER RECLAMATION DIST. 2131,Subtropical,San Joaquin River,5.506035898,950.3385633,4.405405823,3.247465856,846.2602941,162.3732928,1809.449159,670.5198376,0.13,50,0.202134149,0.160157528,0.432197361,698.0244571,1.142940118,698.0244571,0.17,68.61215883,629.4122983,-4.882352941,0.028036452,0.926939772,0.032850505,0.012173271,2.598749769,1.397068206,0.481998424,5.506035893,17.88066051,4.61E-09,3.07E-06,8.37E-10,1.71E-07,GOOD,950.3385633,698.0244571
HENRY MILLER RECLAMATION DIST. 2131,Truck,San Joaquin River,570.7999312,690.3355797,21.20927139,2.667732673,775.1695468,133.3866337,4298.997918,3487.484178,0.41,50,0.052943262,0.238191489,0.293617021,5946.476384,1.603707682,5946.476384,0.17,68.61215883,5877.864225,-4.882352941,0.21990558,0.525351626,0.140646152,0.114096642,18.24124919,0.004272993,135841.5608,570.7999329,1522.741116,-1.68E-06,0.000510385,2.94E-09,3.35E-07,GOOD,690.3355797,5946.476384
HENRY MILLER RECLAMATION DIST. 2131,Tomatoes,San Joaquin River,10800.36938,99.69467136,46.73447582,2.379660861,122.4440466,118.9830431,1913.505271,924.141116,0.74,50,0.026280181,0.198348523,0.410695875,1580.104731,1.441119419,1580.104731,0.17,68.61215883,1511.492573,-4.882352941,0.133645775,0.643606157,0.150205326,0.072542741,38.03339952,0.000125121,3380812.611,10800.36975,25701.2083,-0.000372746,0.00799978,3.45E-08,3.11E-07,GOOD,99.69467136,1580.104731
JAMES I.D.,Alfalfa,Tulare Lake,1101.246112,279.620574,8.447932227,4.524530937,665.8443229,226.2265468,356.4707563,440.2816103,1.86,50,0.281872792,0.186385019,0.150905255,673.3924221,1.332128283,673.3924221,0.17,79.8460651,593.546357,-4.882352941,0.003706782,0.994087941,0.000986651,0.001218626,3.015187811,0.000488205,1506836.565,1101.245987,4982.619435,0.000125245,0.002667879,1.14E-07,5.35E-07,GOOD,279.620574,673.3924221
JAMES I.D.,Almonds,Tulare Lake,9270.913675,4875.001978,1.131453803,4.141037405,1199.972919,207.0518702,516.3560009,1661.846397,0.4,50,0.217550368,0.301286212,0.093613311,1930.61234,1.465229462,1930.61234,0.17,79.8460651,1850.766275,-4.882352941,0.01431943,0.97571738,0.002361834,0.007601356,0.532497484,0.000269661,928648.5939,9270.913634,38391.1849,4.12E-05,0.015402631,4.45E-09,4.01E-07,GOOD,4875.001978,1930.61234
JAMES I.D.,Corn,Tulare Lake,2671.457386,161.4386617,22.01452234,2.280437339,313.2553801,114.021867,310.929404,1985.508048,0.3,50,0.088141761,0.558669338,0.087487293,830.2803255,1.242698865,830.2803255,0.17,79.8460651,750.4342604,-4.882352941,0.116425873,0.649768804,0.031656403,0.20214892,17.87660128,0.001247758,30411.3824,2671.457518,6092.089073,-0.000131918,0.002099918,4.94E-08,3.45E-07,GOOD,161.4386617,830.2803255
JAMES I.D.,Cotton,Tulare Lake,1882.16213,3710.758752,0.813814056,3.749301711,448.5684623,187.4650856,236.2384677,1344.566888,0.68,50,0.148539114,0.445240339,0.078228087,803.0287273,1.297371859,803.0287273,0.17,79.8460651,723.1826622,-4.882352941,0.01028231,0.976730819,0.001940782,0.011046089,0.381690361,0.000781329,344614.0398,1882.162141,7056.790865,-1.10E-05,0.002829093,5.85E-09,4.01E-07,GOOD,3710.758752,803.0287273
JAMES I.D.,Field and Grain,Tulare Lake,266.3910917,289.315121,2.652255461,3.261387025,145.2774368,81.53467562,86.9874648,373.6919673,0.74,25,0.189326621,0.486998112,0.113362702,79.8460651,1.06299158,79.8460651,0.17,79.8460651,0,-4.882352941,0.008379855,0.974472106,0.003237966,0.013910073,1.280365197,0.00507281,7414.214581,266.3911798,868.8040016,-8.81E-05,0.000448453,3.31E-07,5.16E-07,GOOD,289.315121,79.8460651
JAMES I.D.,Grapes,Tulare Lake,1691.202841,1422.002244,11.72196241,4.00891598,2204.421502,200.445799,7245.758441,5033.018762,0.13,50,0.132249498,0.30194507,0.434693599,1985.012347,1.081128822,1985.012347,0.17,79.8460651,1905.166282,-4.882352941,0.021735984,0.9145582,0.037593072,0.026112744,7.100059424,0.004548424,412.297337,1691.20284,6779.887473,1.02E-06,0.002621999,6.04E-10,3.87E-07,GOOD,1422.002244,1985.012347
JAMES I.D.,Lettuce,Tulare Lake,52.21402793,1008,18.9,2.300762612,1600,149.5495698,12500,929,0.25,65,0.083984211,0.048763332,0.656126648,3872.65043,1.195371133,3872.65043,0.17,79.8460651,3792.804365,-4.882352941,0.197977064,0.316219205,0.452196488,0.033607243,17.51259963,0.076607765,1289.329572,52.21402835,120.1320511,-4.18E-07,3.22E-05,8.01E-09,2.68E-07,GOOD,1008,3872.65043
JAMES I.D.,Onions and Garlic,Tulare Lake,518.9552248,2408.610949,10.63434095,1.253629891,4112.522919,62.68149455,7170.237318,10684.66197,0.41,50,0.160557684,0.417141646,0.279934415,3583.886346,1.107315543,3583.886346,0.17,79.8460651,3504.040281,-4.882352941,0.299002342,0.007342148,0.278560777,0.415094733,10.62363202,0.004699874,141389.7614,518.9552329,650.5775461,-8.11E-06,0.000235819,1.56E-08,3.62E-07,GOOD,2408.610949,3583.886346
JAMES I.D.,Orchards,Tulare Lake,123.3970768,2277.681025,7.763328774,3.502172688,2519.675644,175.1086344,6112.909401,6436.827012,0.13,50,0.142496355,0.364024786,0.345706127,2437.865948,1.104683353,2437.865948,0.17,79.8460651,2358.019883,-4.882352941,0.051048113,0.819726473,0.062945007,0.066280407,5.476887004,0.062337844,35.70558292,123.3970769,432.157709,-1.24E-07,0.000163149,1.01E-09,3.78E-07,GOOD,2277.681025,2437.865948
JAMES I.D.,Pasture,Tulare Lake,4.27512173,242.4206904,4.903405501,4.768194291,225.050083,47.68194291,134.7527641,578.8882988,0.51,10,0.189326621,0.486998112,0.113362702,202.3138581,1.147722722,202.3138581,0.17,79.8460651,122.467793,-4.882352941,0.004319593,0.988467259,0.001362017,0.00585113,1.982375428,0.458649937,106.6443872,4.275121078,20.38458348,6.52E-07,2.75E-05,1.53E-07,1.35E-06,GOOD,242.4206904,202.3138581
JAMES I.D.,Pistachios,Tulare Lake,3406.776525,5088.640658,1.460333567,3.820163692,1937.377826,191.0081846,386.8138231,1917.69532,0.4,50,0.260711671,0.258063009,0.052053284,2998.21761,1.596530034,2998.21761,0.17,79.8460651,2918.371544,-4.882352941,0.035260819,0.948275335,0.00276347,0.013700375,0.800403283,0.000733832,543154.8916,3406.776526,13014.43889,-5.95E-07,0.005096442,1.75E-10,3.92E-07,GOOD,5088.640658,2998.21761
JAMES I.D.,Walnuts,Tulare Lake,148.8157167,1793.152974,1.862011475,3.425917313,854.5630698,171.2958657,299.4355442,912.0012941,0.13,50,0.25594369,0.273146576,0.089681664,1101.57564,1.421304047,1101.57564,0.17,79.8460651,1021.729575,-4.882352941,0.026757538,0.956671517,0.004095905,0.01247504,0.989582614,0.051690157,16.56402758,148.8157172,509.8301399,-4.79E-07,0.000200354,3.22E-09,3.93E-07,GOOD,1793.152974,1101.57564
JAMES I.D.,Tomatoes,Tulare Lake,434.6367462,97.3922824,54.70338716,2.220206136,168.9385059,111.0103068,1803.712469,1201.075867,0.74,50,0.031709536,0.225440365,0.338554465,2042.950582,1.544716696,2042.950582,0.17,79.8460651,1963.104517,-4.882352941,0.207320202,0.511041207,0.169061838,0.112576753,47.45087378,0.003109151,177529.1565,434.6367736,964.9828585,-2.74E-05,0.000312341,6.31E-08,3.24E-07,GOOD,97.3922824,2042.950582
LAGUNA W.D.,Alfalfa,San Joaquin River,179.8940834,290.4258221,6.981811447,4.134965358,571.5529894,206.7482679,305.9903334,377.9325916,1.86,50,0.281872792,0.186385019,0.150905255,565.4741469,1.320687545,565.4741469,0.17,68.61215883,496.8619881,-4.882352941,0.005330553,0.991463115,0.001434528,0.001771804,2.690447431,0.002988616,208822.9058,179.8938823,743.8530848,0.00020105,0.00271813,1.12E-06,3.65E-06,GOOD,290.4258221,565.4741469
LAGUNA W.D.,Field and Grain,San Joaquin River,201.0005732,194.8087562,3.454627792,2.917058441,127.4152527,72.92646103,76.29216244,327.7457083,0.74,25,0.189326621,0.486998112,0.113362702,68.61215883,1.060499947,68.61215883,0.17,68.61215883,0,-4.882352941,0.013823801,0.957683556,0.005380103,0.02311254,1.850487538,0.006723122,4906.434444,201.000778,586.3280219,-0.000204846,0.002396788,1.02E-06,4.09E-06,GOOD,194.8087562,68.61215883
MERCY SPRINGS W.D.,Pasture,San Joaquin River,2298.626979,226.9343417,5,4.600187047,214.8235605,46.00187047,128.6294508,552.5829798,0.51,10,0.189326621,0.486998112,0.113362702,192.6338469,1.14712982,192.6338469,0.17,192.6338469,0,-4.882352941,0.005075434,0.986439143,0.001602254,0.006883169,2.089814959,0.000853024,35445.63642,2298.626999,10574.07893,-2.03E-05,0.035121088,8.85E-09,3.32E-06,GOOD,226.9343417,192.6338469
MERCY SPRINGS W.D.,Pistachios,San Joaquin River,672.1334634,4897.401316,1.414819371,3.805829794,1806.455069,190.2914897,360.6739904,1788.10266,0.4,50,0.260711671,0.25806301,0.052053284,2783.41504,1.591834969,2783.41504,0.17,192.6338469,2590.781193,-4.882352941,0.033608303,0.950657759,0.002640955,0.013092984,0.768288117,0.003719499,97041.85852,672.1334728,2558.02392,-9.36E-06,0.001640586,1.39E-08,6.41E-07,GOOD,4897.401316,2783.41504
ORO LOMA W.D.,Pasture,San Joaquin River,671.0783499,226.9343417,5,4.600187047,214.8235605,46.00187047,128.6294508,552.5829798,0.51,10,0.189326621,0.486998112,0.113362702,192.6338469,1.14712982,192.6338469,0.17,192.6338469,0,-4.882352941,0.005075434,0.986439143,0.001602254,0.006883169,2.089814959,0.002921841,10348.26417,671.0783566,3087.065499,-6.70E-06,0.020433308,9.99E-09,6.62E-06,GOOD,226.9343417,192.6338469
PACHECO W.D.,Almonds,San Joaquin River,1496.198719,4775.762292,1.018616781,4.125499535,1058.3111,206.2749768,455.3980167,1465.658483,0.4,50,0.217550368,0.301286212,0.093613311,1679.029036,1.454344131,1679.029036,0.17,68.61215883,1610.416877,-4.882352941,0.012832728,0.978161305,0.002134919,0.006871048,0.469576695,0.001670901,131104.4321,1496.198647,6172.560184,7.24E-05,0.006935607,4.84E-08,1.12E-06,GOOD,4775.762292,1679.029036
PACHECO W.D.,Cotton,San Joaquin River,371.0944471,3399.208415,0.729719844,3.634047537,368.4467916,181.7023768,194.0424101,1104.40523,0.68,50,0.148539114,0.445240339,0.078228087,631.8730258,1.277916424,631.8730258,0.17,68.61215883,563.2608669,-4.882352941,0.0098805,0.97729429,0.001916623,0.010908587,0.341372032,0.003962841,54026.23187,371.0944,1348.573195,4.71E-05,0.001666975,1.27E-07,1.24E-06,GOOD,3399.208415,631.8730258
PACHECO W.D.,Cucurbits,San Joaquin River,533.3639071,384.0603914,14.86947686,2.299627126,267.5771763,114.9813563,3732.550158,1306.069594,0.05,50,0.046854775,0.228702604,0.653597591,289.5988182,1.00325705,289.5988182,0.17,68.61215883,220.9866593,-4.882352941,0.04529776,0.545068317,0.303451984,0.106181938,12.70707858,0.03749785,2.69E-05,533.3639197,1226.536851,-1.26E-05,0.001257386,2.36E-08,1.03E-06,GOOD,384.0603914,289.5988182
PACHECO W.D.,Field and Grain,San Joaquin River,492.9316346,194.8087562,3.454627792,2.917058441,127.4152527,72.92646103,76.29216244,327.7457083,0.74,25,0.189326621,0.486998112,0.113362702,68.61215883,1.060499947,68.61215883,0.17,68.61215883,0,-4.882352941,0.013823801,0.957683556,0.005380103,0.02311254,1.850487538,0.002741458,12032.48683,492.9317582,1437.907431,-0.000123608,0.002954959,2.51E-07,2.06E-06,GOOD,194.8087562,68.61215883
PACHECO W.D.,Pistachios,San Joaquin River,197.4019422,4897.401316,1.414819371,3.805829794,1806.455069,190.2914897,360.6739904,1788.10266,0.4,50,0.260711671,0.25806301,0.052053284,2783.41504,1.591834969,2783.41504,0.17,68.61215883,2714.802882,-4.882352941,0.033608303,0.950657759,0.002640955,0.013092984,0.768288117,0.012664516,29304.51198,197.4019383,751.2773854,3.95E-06,0.000807608,2.00E-08,1.07E-06,GOOD,4897.401316,2783.41504
PACHECO W.D.,Subtropical,San Joaquin River,131.0755714,950.3385633,4.405405823,3.247465856,846.2602941,162.3732928,1809.449159,670.5198376,0.13,50,0.202134149,0.160157528,0.432197361,698.0244571,1.142940118,698.0244571,0.17,68.61215883,629.4122983,-4.882352941,0.028036452,0.926939772,0.032850505,0.012173271,2.598749769,0.058686051,11.47435651,131.0755707,425.6629876,6.57E-07,0.000455093,5.01E-09,1.07E-06,GOOD,950.3385633,698.0244571
PACHECO W.D.,Truck,San Joaquin River,187.5131543,690.3355797,21.20927139,2.667732673,775.1695468,133.3866337,4298.997918,3487.484178,0.41,50,0.052943262,0.238191489,0.293617021,5946.476384,1.603707682,5946.476384,0.17,68.61215883,5877.864225,-4.882352941,0.21990558,0.525351626,0.140646152,0.114096642,18.24124919,0.013007218,44625.23234,187.5131557,500.2344551,-1.37E-06,0.000513258,7.32E-09,1.03E-06,GOOD,690.3355797,5946.476384
PACHECO W.D.,Tomatoes,San Joaquin River,248.5898624,99.69467136,46.73447582,2.379660861,122.4440466,118.9830431,1913.505271,924.141116,0.74,50,0.026280181,0.198348523,0.410695875,1580.104731,1.441119419,1580.104731,0.17,68.61215883,1511.492573,-4.882352941,0.133645775,0.643606157,0.150205326,0.072542741,38.03339952,0.005436068,77815.46282,248.5898856,591.558999,-2.32E-05,0.000566983,9.33E-08,9.58E-07,GOOD,99.69467136,1580.104731
PANOCHE W.D.,Alfalfa,San Joaquin River,1258.770522,290.4258221,6.981811447,4.134965358,571.5529894,206.7482679,305.9903334,377.9325916,1.86,50,0.281872792,0.186385019,0.150905255,565.4741469,1.320687545,565.4741469,0.17,68.61215883,496.8619881,-4.882352941,0.005330553,0.991463115,0.001434528,0.001771804,2.690447431,0.000427111,1461193.793,1258.770261,5204.968597,0.000261443,0.003905506,2.08E-07,7.50E-07,GOOD,290.4258221,565.4741469
PANOCHE W.D.,Almonds,San Joaquin River,5903.480682,4775.762292,1.018616781,4.125499535,1058.3111,206.2749768,455.3980167,1465.658483,0.4,50,0.217550368,0.301286212,0.093613311,1679.029036,1.454344131,1679.029036,0.17,68.61215883,1610.416877,-4.882352941,0.012832728,0.978161305,0.002134919,0.006871048,0.469576695,0.000423479,517292.5712,5903.480578,24354.79396,0.000104364,0.0128487,1.77E-08,5.28E-07,GOOD,4775.762292,1679.029036
PANOCHE W.D.,Corn,San Joaquin River,454.8975261,77.55530093,25.22861255,2.415829265,172.4592835,120.7914633,171.1787432,1093.099489,0.3,50,0.088141761,0.558669339,0.087487293,399.0836594,1.196408306,399.0836594,0.17,68.61215883,330.4715006,-4.882352941,0.052941855,0.829948423,0.015856237,0.101253485,17.78155435,0.007327658,2448.469937,454.8975608,1098.954274,-3.47E-05,0.000481774,7.62E-08,4.38E-07,GOOD,77.55530093,399.0836594
PANOCHE W.D.,Cotton,San Joaquin River,364.1594471,3399.208415,0.729719844,3.634047537,368.4467916,181.7023768,194.0424101,1104.40523,0.68,50,0.148539114,0.445240339,0.078228087,631.8730258,1.277916424,631.8730258,0.17,68.61215883,563.2608669,-4.882352941,0.0098805,0.97729429,0.001916623,0.010908587,0.341372032,0.004038309,53016.59154,364.1594345,1323.372005,1.26E-05,0.000736528,3.45E-08,5.57E-07,GOOD,3399.208415,631.8730258
PANOCHE W.D.,Cucurbits,San Joaquin River,1150.112014,384.0603914,14.86947686,2.299627126,267.5771763,114.9813563,3732.550158,1306.069594,0.05,50,0.046854775,0.228702604,0.653597591,289.5988182,1.00325705,289.5988182,0.17,68.61215883,220.9866593,-4.882352941,0.04529776,0.545068317,0.303451984,0.106181938,12.70707858,0.017389611,5.79E-05,1150.112031,2644.827512,-1.70E-05,0.00127311,1.48E-08,4.81E-07,GOOD,384.0603914,289.5988182
PANOCHE W.D.,Field and Grain,San Joaquin River,1027.637408,194.8087562,3.454627792,2.917058441,127.4152527,72.92646103,76.29216244,327.7457083,0.74,25,0.189326621,0.486998112,0.113362702,68.61215883,1.060499947,68.61215883,0.17,68.61215883,0,-4.882352941,0.013823801,0.957683556,0.005380103,0.02311254,1.850487538,0.001315008,25084.68257,1027.63774,2997.676074,-0.000332367,0.002301178,3.23E-07,7.68E-07,GOOD,194.8087562,68.61215883
PANOCHE W.D.,Grapes,San Joaquin River,3013.321152,1686.199914,10.80135885,3.098484515,5693.452831,154.9242258,6051.355458,4549.18964,0.13,50,0.312599493,0.249773629,0.332250166,1764.328209,1.054534307,1764.328209,0.17,68.61215883,1695.71605,-4.882352941,0.131318485,0.682024451,0.106553789,0.080103276,8.556948336,0.002552767,1320.862411,3013.321154,9336.724339,-1.57E-06,0.004589131,5.21E-10,4.92E-07,GOOD,1686.199914,1764.328209
PANOCHE W.D.,Onions and Garlic,San Joaquin River,435.0210656,1579.216395,6.547714821,1.480822037,1660.207972,74.04110185,2894.594241,4313.35249,0.41,50,0.160557684,0.417141646,0.279934415,1398.06279,1.10128044,1398.06279,0.17,68.61215883,1329.450631,-4.882352941,0.283971634,0.04674413,0.26877367,0.400510566,6.493378023,0.005606681,46522.2712,435.0210812,644.188493,-1.56E-05,0.000287492,3.59E-08,4.46E-07,GOOD,1579.216395,1398.06279
PANOCHE W.D.,Orchards,San Joaquin River,464.4729959,4762.917744,3.247388671,3.445837194,2203.997553,172.2918597,5347.052266,5630.387791,0.13,50,0.142496355,0.364024786,0.345706127,2113.315653,1.103101512,2113.315653,0.17,68.61215883,2044.703494,-4.882352941,0.049250913,0.825520982,0.060997939,0.064230165,2.276276862,0.016561367,117.0666557,464.4729956,1600.49754,2.88E-07,0.000785327,6.21E-10,4.91E-07,GOOD,4762.917744,2113.315653
PANOCHE W.D.,Pasture,San Joaquin River,255.0436647,226.9343417,5,4.600187047,214.8235605,46.00187047,128.6294508,552.5829798,0.51,10,0.189326621,0.486998112,0.113362702,192.6338469,1.14712982,192.6338469,0.17,68.61215883,124.0216881,-4.882352941,0.005075434,0.986439143,0.001602254,0.006883169,2.089814959,0.007688034,6203.378903,255.0435932,1173.24528,7.15E-05,0.003282771,2.80E-07,2.80E-06,GOOD,226.9343417,192.6338469
PANOCHE W.D.,Pistachios,San Joaquin River,9059.459928,4897.401316,1.414819371,3.805829794,1806.455069,190.2914897,360.6739904,1788.10266,0.4,50,0.260711671,0.25806301,0.052053284,2783.41504,1.591834969,2783.41504,0.17,68.61215883,2714.802882,-4.882352941,0.033608303,0.950657759,0.002640955,0.013092984,0.768288117,0.000275955,1344885.714,9059.45987,34478.74498,5.77E-05,0.017532506,6.37E-09,5.09E-07,GOOD,4897.401316,2783.41504
PANOCHE W.D.,Subtropical,San Joaquin River,166.1800928,950.3385633,4.405405823,3.247465856,846.2602941,162.3732928,1809.449159,670.5198376,0.13,50,0.202134149,0.160157528,0.432197361,698.0244571,1.142940118,698.0244571,0.17,68.61215883,629.4122983,-4.882352941,0.028036452,0.926939772,0.032850505,0.012173271,2.598749769,0.046288984,14.54740658,166.1800929,539.66391,-1.21E-07,0.000267349,7.25E-10,4.95E-07,GOOD,950.3385633,698.0244571
PANOCHE W.D.,Truck,San Joaquin River,49.9447384,690.3355797,21.20927139,2.667732673,775.1695468,133.3866337,4298.997918,3487.484178,0.41,50,0.052943262,0.238191489,0.293617021,5946.476384,1.603707682,5946.476384,0.17,68.61215883,5877.864225,-4.882352941,0.21990558,0.525351626,0.140646152,0.114096642,18.24124919,0.048834461,11886.07575,49.94473868,133.2391519,-2.82E-07,5.86E-05,5.64E-09,4.40E-07,GOOD,690.3355797,5946.476384
PANOCHE W.D.,Tomatoes,San Joaquin River,3425.69933,99.69467136,46.73447582,2.379660861,122.4440466,118.9830431,1913.505271,924.141116,0.74,50,0.026280181,0.198348523,0.410695875,1580.104731,1.441119419,1580.104731,0.17,68.61215883,1511.492573,-4.882352941,0.133645775,0.643606157,0.150205326,0.072542741,38.03339952,0.000394475,1072338.092,3425.699536,8151.999027,-0.000206193,0.003589684,6.02E-08,4.40E-07,GOOD,99.69467136,1580.104731
PATTERSON W.D.,Alfalfa,San Joaquin River,1869.318703,290.4258221,6.981811447,4.134965358,571.5529894,206.7482679,305.9903334,377.9325916,1.86,50,0.281872792,0.186385019,0.150905255,565.4741469,1.320687545,565.4741469,0.17,68.61215883,496.8619881,-4.882352941,0.005330553,0.991463115,0.001434528,0.001771804,2.690447431,0.00028761,2169924.413,1869.318269,7729.559352,0.000433575,0.008728032,2.32E-07,1.13E-06,GOOD,290.4258221,565.4741469
PATTERSON W.D.,Almonds,San Joaquin River,4085.275002,4775.762292,1.018616781,4.125499535,1058.3111,206.2749768,455.3980167,1465.658483,0.4,50,0.217550368,0.301286212,0.093613311,1679.029036,1.454344131,1679.029036,0.17,68.61215883,1610.416877,-4.882352941,0.012832728,0.978161305,0.002134919,0.006871048,0.469576695,0.000611954,357972.2749,4085.274922,16853.7856,8.02E-05,0.014519882,1.96E-08,8.62E-07,GOOD,4775.762292,1679.029036
PATTERSON W.D.,Beans Dry,San Joaquin River,161.7476723,1593.773361,1.285477627,2.212101358,174.4872303,110.6050679,145.5634062,1032.584352,1.68,50,0.085167238,0.504004546,0.071049516,585.5199417,1.333479076,585.5199417,0.17,68.61215883,516.9077828,-4.882352941,0.10447712,0.733564561,0.020010397,0.141947922,0.991633901,0.003680041,103601.2377,161.7477992,357.8022279,-0.000126923,1.76E-05,7.85E-07,4.93E-08,GOOD,1593.773361,585.5199417
PATTERSON W.D.,Corn,San Joaquin River,1285.257821,77.55530093,25.22861255,2.415829265,172.4592835,120.7914633,171.1787432,1093.099489,0.3,50,0.088141761,0.558669339,0.087487293,399.0836594,1.196408306,399.0836594,0.17,68.61215883,330.4715006,-4.882352941,0.052941855,0.829948423,0.015856237,0.101253485,17.78155435,0.002593513,6917.855024,1285.258032,3104.961303,-0.000210517,0.002153851,1.64E-07,6.94E-07,GOOD,77.55530093,399.0836594
PATTERSON W.D.,Cucurbits,San Joaquin River,175.7744833,384.0603914,14.86947686,2.299627126,267.5771763,114.9813563,3732.550158,1306.069594,0.05,50,0.046854775,0.228702604,0.653597591,289.5988182,1.00325705,289.5988182,0.17,68.61215883,220.9866593,-4.882352941,0.04529776,0.545068317,0.303451984,0.106181938,12.70707858,0.113782158,8.85E-06,175.7744887,404.215456,-5.44E-06,0.000313811,3.09E-08,7.76E-07,GOOD,384.0603914,289.5988182
PATTERSON W.D.,Field and Grain,San Joaquin River,355.6087357,194.8087562,3.454627792,2.917058441,127.4152527,72.92646103,76.29216244,327.7457083,0.74,25,0.189326621,0.486998112,0.113362702,68.61215883,1.060499947,68.61215883,0.17,68.61215883,0,-4.882352941,0.013823801,0.957683556,0.005380103,0.02311254,1.850487538,0.003800107,8680.427731,355.6090573,1037.33054,-0.000321554,0.000924605,9.04E-07,8.91E-07,GOOD,194.8087562,68.61215883
PATTERSON W.D.,Grapes,San Joaquin River,18.70262421,1686.199914,10.80135885,3.098484515,5693.452831,154.9242258,6051.355458,4549.18964,0.13,50,0.312599493,0.249773629,0.332250166,1764.328209,1.054534307,1764.328209,0.17,68.61215883,1695.71605,-4.882352941,0.131318485,0.682024451,0.106553789,0.080103276,8.556948336,0.411295635,8.198128263,18.70262425,57.94975082,-3.71E-08,4.07E-05,1.99E-09,7.02E-07,GOOD,1686.199914,1764.328209
PATTERSON W.D.,Orchards,San Joaquin River,710.2715306,4762.917744,3.247388671,3.445837194,2203.997553,172.2918597,5347.052266,5630.387791,0.13,50,0.142496355,0.364024786,0.345706127,2113.315653,1.103101512,2113.315653,0.17,68.61215883,2044.703494,-4.882352941,0.049250913,0.825520982,0.060997939,0.064230165,2.276276862,0.010830094,179.018185,710.2715313,2447.47807,-6.57E-07,0.00198766,9.26E-10,8.12E-07,GOOD,4762.917744,2113.315653
PATTERSON W.D.,Pasture,San Joaquin River,266.0996916,226.9343417,5,4.600187047,214.8235605,46.00187047,128.6294508,552.5829798,0.51,10,0.189326621,0.486998112,0.113362702,192.6338469,1.14712982,192.6338469,0.17,68.61215883,124.0216881,-4.882352941,0.005075434,0.986439143,0.001602254,0.006883169,2.089814959,0.007368608,6472.292558,266.099594,1224.102793,9.76E-05,0.005561101,3.67E-07,4.54E-06,GOOD,226.9343417,192.6338469
PATTERSON W.D.,Pistachios,San Joaquin River,4.96594584,4897.401316,1.414819371,3.805829794,1806.455069,190.2914897,360.6739904,1788.10266,0.4,50,0.260711671,0.25806301,0.052053284,2783.41504,1.591834969,2783.41504,0.17,68.61215883,2714.802882,-4.882352941,0.033608303,0.950657759,0.002640955,0.013092984,0.768288117,0.503428769,737.1995318,4.965945816,18.89953533,2.39E-08,9.31E-06,4.81E-09,4.92E-07,GOOD,4897.401316,2783.41504
PATTERSON W.D.,Truck,San Joaquin River,26.71763732,690.3355797,21.20927139,2.667732673,775.1695468,133.3866337,4298.997918,3487.484178,0.41,50,0.052943262,0.238191489,0.293617021,5946.476384,1.603707682,5946.476384,0.17,68.61215883,5877.864225,-4.882352941,0.21990558,0.525351626,0.140646152,0.114096642,18.24124919,0.091288925,6358.384709,26.71763767,71.27546329,-3.54E-07,5.07E-05,1.32E-08,7.12E-07,GOOD,690.3355797,5946.476384
PATTERSON W.D.,Walnuts,San Joaquin River,995.6608997,1802.497789,1.658526763,4.952669773,765.1413128,247.6334887,268.1025116,816.5691826,0.13,50,0.25594369,0.273146576,0.089681664,892.0443277,1.357428723,892.0443277,0.17,68.61215883,823.4321688,-4.882352941,0.002698778,0.9955348,0.000436613,0.001329808,0.557257651,0.007725831,93.8286201,995.660873,4931.17518,2.67E-05,0.004461703,2.68E-08,9.05E-07,GOOD,1802.497789,892.0443277
PATTERSON W.D.,Tomatoes,San Joaquin River,565.4406414,99.69467136,46.73447582,2.379660861,122.4440466,118.9830431,1913.505271,924.141116,0.74,50,0.026280181,0.198348523,0.410695875,1580.104731,1.441119419,1580.104731,0.17,68.61215883,1511.492573,-4.882352941,0.133645775,0.643606157,0.150205326,0.072542741,38.03339952,0.002389908,176998.4696,565.4407139,1345.556029,-7.25E-05,0.000934703,1.28E-07,6.95E-07,GOOD,99.69467136,1580.104731
PLEASANT VALLEY W.D.,Alfalfa,Tulare Lake,89.74165173,279.620574,8.447932227,4.524530937,665.8443229,226.2265468,356.4707563,440.2816103,1.86,50,0.281872792,0.186385019,0.150905255,673.3924221,1.332128283,673.3924221,0.17,79.8460651,593.546357,-4.882352941,0.003706782,0.994087941,0.000986651,0.001218626,3.015187811,0.005990913,122793.6251,89.74163296,406.0385664,1.88E-05,0.00031322,2.09E-07,7.71E-07,GOOD,279.620574,673.3924221
PLEASANT VALLEY W.D.,Cucurbits,Tulare Lake,78.4708215,654.3961754,16.06524008,2.442132231,492.5857332,122.1066116,6871.292169,2404.357717,0.05,50,0.046854775,0.228702604,0.653597591,622.6894345,1.01234223,622.6894345,0.17,79.8460651,542.8433694,-4.882352941,0.055931315,0.478892632,0.34459694,0.120579113,14.09118967,0.254871806,8.37E-06,78.47082216,191.6360271,-6.61E-07,9.53E-05,8.42E-09,4.97E-07,GOOD,654.3961754,622.6894345
PLEASANT VALLEY W.D.,Field and Grain,Tulare Lake,350.7835981,289.315121,2.652255461,3.261387025,145.2774368,81.53467562,86.9874648,373.6919673,0.74,25,0.189326621,0.486998112,0.113362702,79.8460651,1.06299158,79.8460651,0.17,79.8460651,0,-4.882352941,0.008379855,0.974472106,0.003237966,0.013910073,1.280365197,0.003852379,9763.032431,350.7836875,1144.040053,-8.94E-05,0.001022522,2.55E-07,8.94E-07,GOOD,289.315121,79.8460651
PLEASANT VALLEY W.D.,Lettuce,Tulare Lake,216.0712441,1008,18.9,2.300762612,1600,149.5495698,12500,929,0.25,65,0.083984211,0.048763332,0.656126648,3872.65043,1.195371133,3872.65043,0.17,79.8460651,3792.804365,-4.882352941,0.197977064,0.316219205,0.452196488,0.033607243,17.51259963,0.018512412,5335.482739,216.0712461,497.128448,-1.96E-06,0.000191962,9.08E-09,3.86E-07,GOOD,1008,3872.65043
PLEASANT VALLEY W.D.,Onions and Garlic,Tulare Lake,392.6504782,2408.610949,10.63434095,1.253629891,4112.522919,62.68149455,7170.237318,10684.66197,0.41,50,0.160557684,0.417141646,0.279934415,3583.886346,1.107315543,3583.886346,0.17,79.8460651,3504.040281,-4.882352941,0.299002342,0.007342148,0.278560777,0.415094733,10.62363202,0.006211693,106977.9333,392.6504857,492.2381341,-7.50E-06,0.000242105,1.91E-08,4.92E-07,GOOD,2408.610949,3583.886346
PLEASANT VALLEY W.D.,Pasture,Tulare Lake,11.32857272,242.4206904,4.903405501,4.768194291,225.050083,47.68194291,134.7527641,578.8882988,0.51,10,0.189326621,0.486998112,0.113362702,202.3138581,1.147722722,202.3138581,0.17,79.8460651,122.467793,-4.882352941,0.004319593,0.988467259,0.001362017,0.00585113,1.982375428,0.173083085,282.5951567,11.32856975,54.01669256,2.97E-06,0.000143208,2.62E-07,2.65E-06,GOOD,242.4206904,202.3138581
PLEASANT VALLEY W.D.,Pistachios,Tulare Lake,10446.11449,5088.640658,1.460333567,3.820163692,1937.377826,191.0081846,386.8138231,1917.69532,0.4,50,0.260711671,0.258063009,0.052053284,2998.21761,1.596530034,2998.21761,0.17,79.8460651,2918.371544,-4.882352941,0.035260819,0.948275335,0.00276347,0.013700375,0.800403283,0.000239323,1665462.393,10446.11446,39905.84605,2.99E-05,0.02124481,2.87E-09,5.32E-07,GOOD,5088.640658,2998.21761
PLEASANT VALLEY W.D.,Truck,Tulare Lake,311.1936317,1282.087936,19.71342086,1.84535452,1338.105955,92.267726,7420.976145,6020.132457,0.41,50,0.052943262,0.238191489,0.293617021,10402.85678,1.618587754,10402.85678,0.17,79.8460651,10323.01071,-4.882352941,0.43454107,0.067994298,0.274655408,0.222809224,19.44570323,0.007837642,129807.5234,311.1936346,574.2622859,-2.90E-06,0.000288937,9.31E-09,5.03E-07,GOOD,1282.087936,10402.85678
PLEASANT VALLEY W.D.,Tomatoes,Tulare Lake,682.2430184,97.3922824,54.70338716,2.220206136,168.9385059,111.0103068,1803.712469,1201.075867,0.74,50,0.031709536,0.225440365,0.338554465,2042.950582,1.544716696,2042.950582,0.17,79.8460651,1963.104517,-4.882352941,0.207320202,0.511041207,0.169061838,0.112576753,47.45087378,0.001980748,278664.951,682.2430677,1514.71945,-4.93E-05,0.000685662,7.22E-08,4.53E-07,GOOD,97.3922824,2042.950582
RECLAMATION DISTRICT 1606,Lettuce,Tulare Lake,165.0859385,1008,18.9,2.300762612,1600,149.5495698,12500,929,0.25,65,0.083984211,0.048763332,0.656126648,3872.65043,1.195371133,3872.65043,0.17,3872.65043,0,-4.882352941,0.197977064,0.316219205,0.452196488,0.033607243,17.51259963,0.024229804,1209.461774,165.0859401,379.8178159,-1.65E-06,0.005739196,9.99E-09,1.51E-05,GOOD,1008,3872.65043
SAN BENITO CO. W.D.,Beans Dry,Central Coast,50.7028561,1980.932448,1.975119728,1.506154421,333.2235263,75.30772105,277.9868271,1971.957481,1.68,50,0.085167238,0.504004546,0.071049516,1254.103202,1.401654973,1254.103202,0.17,48.56613578,1205.537067,-4.882352941,0.361288999,0.126604632,0.063272155,0.448834214,1.928772848,0.011739735,72277.66954,50.70287085,76.36630967,-1.47E-05,2.12E-05,2.91E-07,2.78E-07,GOOD,1980.932448,1254.103202
SAN BENITO CO. W.D.,Berries,Central Coast,129.6156001,3173.779594,32.91702622,1.420392307,4726.112712,71.01961535,43531.43094,40464.20108,0.25,50,0.045238346,0.387323291,0.416682812,15678.62176,1.120548042,15678.62176,0.17,48.56613578,15630.05563,-4.882352941,0.194712143,0.003759686,0.415398603,0.386129568,32.89622186,0.030860483,12081.34787,129.6156005,184.1048903,-4.50E-07,0.000110949,3.47E-09,6.03E-07,GOOD,3173.779594,15678.62176
SAN BENITO CO. W.D.,Corn,Central Coast,10.05058857,526.0114442,13.71643442,2.274255141,635.942936,113.7127571,631.2209485,4030.8001,0.3,50,0.088141761,0.558669338,0.087487293,1803.324737,1.269741396,1803.324737,0.17,48.56613578,1754.758601,-4.882352941,0.182276759,0.469348974,0.047168628,0.301205639,12.08620376,0.331655535,257.1519593,10.05058872,22.8575946,-1.54E-07,8.13E-06,1.53E-08,3.56E-07,GOOD,526.0114442,1803.324737
SAN BENITO CO. W.D.,Cucurbits,Central Coast,44.05352667,711.6013188,16.77063156,1.662176564,559.1650505,83.1088282,7800.035962,2729.337685,0.05,50,0.046854775,0.228702604,0.653597591,762.3560095,1.017371666,762.3560095,0.17,48.56613578,713.7898737,-4.882352941,0.102888763,0.077332984,0.607282073,0.21249618,16.52005886,0.453993165,5.78E-06,44.05352708,73.22469942,-4.10E-07,4.02E-05,9.31E-09,5.49E-07,GOOD,711.6013188,762.3560095
SAN BENITO CO. W.D.,Field and Grain,Central Coast,2864.6161,255.5234925,2.245253001,2.883732558,108.6195012,72.09331395,65.03786993,279.3980675,0.74,25,0.189326621,0.486998112,0.113362702,48.56613578,1.04045783,48.56613578,0.17,48.56613578,0,-4.882352941,0.011913035,0.961982308,0.004929193,0.021175464,1.181310423,0.000471739,59610.32879,2864.616239,8260.775039,-0.000139188,0.011674414,4.86E-08,1.41E-06,GOOD,255.5234925,48.56613578
SAN BENITO CO. W.D.,Grapes,Central Coast,449.3270757,1828.539429,9.7576058,2.457170381,2359.617621,122.8585191,7755.875761,5387.354345,0.13,50,0.132249498,0.30194507,0.434693599,2216.460692,1.087473403,2216.460692,0.17,48.56613578,2167.894556,-4.882352941,0.165682269,0.35845171,0.280810555,0.195055466,8.922257482,0.017119618,120.6809679,449.3270768,1104.07248,-1.13E-06,0.000702215,2.51E-09,6.36E-07,GOOD,1828.539429,2216.460692
SAN BENITO CO. W.D.,Lettuce,Central Coast,8815.516842,1008,18.9,1.36519475,1600,88.73765875,12500,929,0.25,65,0.083984211,0.048763332,0.656126648,3933.462341,1.200179578,3933.462341,0.17,48.56613578,3884.896205,-4.882352941,0.285699286,0.020945366,0.645389966,0.047965382,18.83623839,0.000453745,221400.3352,8815.51696,12034.89153,-0.000117688,0.005785455,1.34E-08,4.81E-07,GOOD,1008,3933.462341
SAN BENITO CO. W.D.,Onions and Garlic,Central Coast,125.466506,1427.738608,20.08290673,1.590455311,4603.693159,79.52276555,8026.599034,11960.76136,0.41,50,0.160557684,0.417141646,0.279934415,4002.564981,1.10689565,4002.564981,0.17,48.56613578,3953.998845,-4.882352941,0.293129645,0.026099717,0.273386422,0.407384216,19.98578273,0.019439645,38407.27355,125.4665075,199.5487515,-1.51E-06,0.000119336,1.20E-08,5.98E-07,GOOD,1427.738608,4002.564981
SAN BENITO CO. W.D.,Orchards,Central Coast,1070.874771,1190.158285,14.43863271,2.717713319,2448.694178,135.885666,5940.703399,6255.495968,0.13,50,0.142496355,0.364024786,0.345706127,2403.479133,1.107246113,2403.479133,0.17,48.56613578,2354.912997,-4.882352941,0.138796394,0.512331382,0.169933792,0.178938432,12.48401284,0.0071832,305.156581,1070.874772,2910.328761,-1.11E-06,0.00186759,1.04E-09,6.42E-07,GOOD,1190.158285,2403.479133
SAN BENITO CO. W.D.,Pasture,Central Coast,660.4061632,207.2507842,4.78638378,4.185193859,187.8085607,41.85193859,112.4537362,483.0932597,0.51,10,0.189326621,0.486998112,0.113362702,166.7742967,1.144856983,166.7742967,0.17,48.56613578,118.2081609,-4.882352941,0.007648462,0.979505405,0.002425662,0.010420471,2.177875627,0.002969058,14506.70048,660.4059015,2763.917525,0.000261702,0.010294009,3.96E-07,3.72E-06,GOOD,207.2507842,166.7742967
SAN BENITO CO. W.D.,Subtropical,Central Coast,81.96620315,2833.550317,6.019821828,2.611553899,3447.896788,130.577695,7372.192676,2731.881917,0.13,50,0.202134149,0.160157528,0.432197361,3374.918973,1.187293945,3374.918973,0.17,48.56613578,3326.352837,-4.882352941,0.219417242,0.455642402,0.23708484,0.087855515,5.323180704,0.09384731,32.93916476,81.96620324,214.059026,-9.19E-08,0.000131446,1.12E-09,6.14E-07,GOOD,2833.550317,3374.918973
SAN BENITO CO. W.D.,Truck,Central Coast,3962.904969,1187.253943,17.43634578,1.094970985,1095.99807,54.74854925,6078.274671,4930.89021,0.41,50,0.052943262,0.238191489,0.293617021,8541.458779,1.621359723,8541.458779,0.17,48.56613578,8492.892643,-4.882352941,0.464861634,0.004112551,0.293184887,0.237840928,17.4310866,0.000615464,1359286.644,3962.905027,4339.263244,-5.82E-05,0.002713658,1.47E-08,6.25E-07,GOOD,1187.253943,8541.458779
SAN BENITO CO. W.D.,Walnuts,Central Coast,1178.903979,2279.333378,0.866689676,2.032823511,505.6102861,101.6411756,177.1638589,539.5941523,0.13,50,0.25594369,0.273146576,0.089681664,651.465234,1.420990198,651.465234,0.17,48.56613578,602.8990982,-4.882352941,0.226007728,0.633990305,0.03460483,0.105397138,0.713111009,0.006524965,77.52367925,1178.904002,2396.502163,-2.31E-05,0.001562884,1.96E-08,6.52E-07,GOOD,2279.333378,651.465234
SAN BENITO CO. W.D.,Tomatoes,Central Coast,343.8002741,1384.386105,17.43992832,2.094853308,765.582177,104.7426654,8173.921698,5442.940742,0.74,50,0.031709536,0.225440365,0.338554465,9656.407156,1.587188667,9656.407156,0.17,48.56613578,9607.84102,-4.882352941,0.373382062,0.138775165,0.292841956,0.195000817,16.92941903,0.003930629,683243.6423,343.8002779,720.210693,-3.82E-06,0.000448513,1.11E-08,6.23E-07,GOOD,1384.386105,9656.407156
SAN LUIS W.D.,Alfalfa,San Joaquin River,421.1537476,290.4258221,6.981811447,4.134965358,571.5529894,206.7482679,305.9903334,377.9325916,1.86,50,0.281872792,0.186385019,0.150905255,565.4741469,1.320687545,565.4741469,0.17,68.61215883,496.8619881,-4.882352941,0.005330553,0.991463115,0.001434528,0.001771804,2.690447431,0.001276575,488879.6101,421.1536473,1741.454807,0.000100284,0.001350048,2.38E-07,7.75E-07,GOOD,290.4258221,565.4741469
SAN LUIS W.D.,Corn,San Joaquin River,611.6890375,77.55530093,25.22861255,2.415829265,172.4592835,120.7914633,171.1787432,1093.099489,0.3,50,0.088141761,0.558669339,0.087487293,399.0836594,1.196408306,399.0836594,0.17,68.61215883,330.4715006,-4.882352941,0.052941855,0.829948423,0.015856237,0.101253485,17.78155435,0.005449392,3292.394733,611.6890772,1477.735615,-3.97E-05,0.000662658,6.50E-08,4.48E-07,GOOD,77.55530093,399.0836594
SAN LUIS W.D.,Cotton,San Joaquin River,738.3932058,3399.208415,0.729719844,3.634047537,368.4467916,181.7023768,194.0424101,1104.40523,0.68,50,0.148539114,0.445240339,0.078228087,631.8730258,1.277916424,631.8730258,0.17,68.61215883,563.2608669,-4.882352941,0.0098805,0.97729429,0.001916623,0.010908587,0.341372032,0.001991606,107499.8639,738.3931707,2683.354483,3.51E-05,0.001527973,4.76E-08,5.69E-07,GOOD,3399.208415,631.8730258
SAN LUIS W.D.,Cucurbits,San Joaquin River,755.2275922,384.0603914,14.86947686,2.299627126,267.5771763,114.9813563,3732.550158,1306.069594,0.05,50,0.046854775,0.228702604,0.653597591,289.5988182,1.00325705,289.5988182,0.17,68.61215883,220.9866593,-4.882352941,0.04529776,0.545068317,0.303451984,0.106181938,12.70707858,0.026482083,3.80E-05,755.2276019,1736.741025,-9.70E-06,0.000832613,1.28E-08,4.79E-07,GOOD,384.0603914,289.5988182
SAN LUIS W.D.,Field and Grain,San Joaquin River,2792.861672,194.8087562,3.454627792,2.917058441,127.4152527,72.92646103,76.29216244,327.7457083,0.74,25,0.189326621,0.486998112,0.113362702,68.61215883,1.060499947,68.61215883,0.17,68.61215883,0,-4.882352941,0.013823801,0.957683556,0.005380103,0.02311254,1.850487538,0.000483859,68173.89865,2792.862277,8146.933613,-0.000604869,0.007102029,2.17E-07,8.72E-07,GOOD,194.8087562,68.61215883
SAN LUIS W.D.,Grapes,San Joaquin River,92.25836241,1686.199914,10.80135885,3.098484515,5693.452831,154.9242258,6051.355458,4549.18964,0.13,50,0.312599493,0.249773629,0.332250166,1764.328209,1.054534307,1764.328209,0.17,68.61215883,1695.71605,-4.882352941,0.131318485,0.682024451,0.106553789,0.080103276,8.556948336,0.083377891,40.44062907,92.25836243,285.8609736,-1.85E-08,0.000133717,2.01E-10,4.68E-07,GOOD,1686.199914,1764.328209
SAN LUIS W.D.,Onions and Garlic,San Joaquin River,181.0015743,1579.216395,6.547714821,1.480822037,1660.207972,74.04110185,2894.594241,4313.35249,0.41,50,0.160557684,0.417141646,0.279934415,1398.06279,1.10128044,1398.06279,0.17,68.61215883,1329.450631,-4.882352941,0.283971634,0.04674413,0.26877367,0.400510566,6.493378023,0.013475156,19356.77371,181.0015803,268.031004,-6.02E-06,0.000115949,3.33E-08,4.33E-07,GOOD,1579.216395,1398.06279
SAN LUIS W.D.,Orchards,San Joaquin River,711.5217638,4762.917744,3.247388671,3.445837194,2203.997553,172.2918597,5347.052266,5630.387791,0.13,50,0.142496355,0.364024786,0.345706127,2113.315653,1.103101512,2113.315653,0.17,68.61215883,2044.703494,-4.882352941,0.049250913,0.825520982,0.060997939,0.064230165,2.276276862,0.010811065,179.3332961,711.521763,2451.786957,8.33E-07,0.001201424,1.17E-09,4.90E-07,GOOD,4762.917744,2113.315653
SAN LUIS W.D.,Pasture,San Joaquin River,66.27093614,226.9343417,5,4.600187047,214.8235605,46.00187047,128.6294508,552.5829798,0.51,10,0.189326621,0.486998112,0.113362702,192.6338469,1.14712982,192.6338469,0.17,68.61215883,124.0216881,-4.882352941,0.005075434,0.986439143,0.001602254,0.006883169,2.089814959,0.029587394,1611.895468,66.27091587,304.8578695,2.03E-05,0.000832503,3.06E-07,2.73E-06,GOOD,226.9343417,192.6338469
SAN LUIS W.D.,Pistachios,San Joaquin River,2172.993486,4897.401316,1.414819371,3.805829794,1806.455069,190.2914897,360.6739904,1788.10266,0.4,50,0.260711671,0.25806301,0.052053284,2783.41504,1.591834969,2783.41504,0.17,68.61215883,2714.802882,-4.882352941,0.033608303,0.950657759,0.002640955,0.013092984,0.768288117,0.001150487,322583.0148,2172.993469,8270.03916,1.73E-05,0.004191644,7.94E-09,5.07E-07,GOOD,4897.401316,2783.41504
SAN LUIS W.D.,Subtropical,San Joaquin River,462.1637706,950.3385633,4.405405823,3.247465856,846.2602941,162.3732928,1809.449159,670.5198376,0.13,50,0.202134149,0.160157528,0.432197361,698.0244571,1.142940118,698.0244571,0.17,68.61215883,629.4122983,-4.882352941,0.028036452,0.926939772,0.032850505,0.012173271,2.598749769,0.016644117,40.45781996,462.1637702,1500.860311,4.04E-07,0.000753572,8.75E-10,5.02E-07,GOOD,950.3385633,698.0244571
SAN LUIS W.D.,Walnuts,San Joaquin River,117.8408687,1802.497789,1.658526763,4.952669773,765.1413128,247.6334887,268.1025116,816.5691826,0.13,50,0.25594369,0.273146576,0.089681664,892.0443277,1.357428723,892.0443277,0.17,68.61215883,823.4321688,-4.882352941,0.002698778,0.9955348,0.000436613,0.001329808,0.557257651,0.065277079,11.10503195,117.8408663,583.6265939,2.45E-06,0.000314502,2.08E-08,5.39E-07,GOOD,1802.497789,892.0443277
SAN LUIS W.D.,Almonds,San Joaquin River,20973.70375,4775.762292,1.018616781,4.125499535,1058.3111,206.2749768,455.3980167,1465.658483,0.4,50,0.217550368,0.301286212,0.093613311,1679.029036,1.454344131,1679.029036,0.17,68.61215883,1610.416877,-4.882352941,0.012832728,0.978161305,0.002134919,0.006871048,0.469576695,0.000119197,1837821.063,20973.70332,86526.95941,0.000425754,0.045660932,2.03E-08,5.28E-07,GOOD,4775.762292,1679.029036
SAN LUIS W.D.,Tomatoes,San Joaquin River,812.455065,99.69467136,46.73447582,2.379660861,122.4440466,118.9830431,1913.505271,924.141116,0.74,50,0.026280181,0.198348523,0.410695875,1580.104731,1.441119419,1580.104731,0.17,68.61215883,1511.492573,-4.882352941,0.133645775,0.643606157,0.150205326,0.072542741,38.03339952,0.001663294,254320.7768,812.455107,1933.366662,-4.20E-05,0.000857813,5.17E-08,4.44E-07,GOOD,99.69467136,1580.104731
SANTA CLARA VALLEY W.D.,Beans Dry,San Francisco Bay,380.5013323,2081.677186,2.666642109,2.084209184,472.7708366,104.2104592,394.4021188,2797.773609,1.68,50,0.085167238,0.504004546,0.071049516,1781.931018,1.402634722,1781.931018,0.17,31.90672871,1750.024289,-4.882352941,0.24491452,0.408338887,0.042841498,0.303905095,2.404178228,0.001564352,783531.172,380.5013436,793.0440575,-1.13E-05,0.000313798,2.97E-08,3.96E-07,GOOD,2081.677186,1781.931018
SANTA CLARA VALLEY W.D.,Berries,San Francisco Bay,5.65880857,4365.17382,23.99255765,1.75032744,4737.888181,87.516372,43639.89281,40565.02072,0.25,50,0.045238346,0.387323291,0.416682812,15701.36645,1.120342638,15701.36645,0.17,31.90672871,15669.45972,-4.882352941,0.192840826,0.012700402,0.411734828,0.382723943,23.93392625,0.706862575,528.7783336,5.658808576,9.904766848,-5.61E-09,1.07E-06,9.91E-10,1.08E-07,GOOD,4365.17382,15701.36645
SANTA CLARA VALLEY W.D.,Onions and Garlic,San Francisco Bay,141.1156517,1577.95801,5.4088809,1.996666667,1370.357736,99.83333335,2389.236577,3560.298502,0.41,50,0.160557684,0.417141646,0.279934415,1115.260793,1.095533559,1115.260793,0.17,31.90672871,1083.354064,-4.882352941,0.218886104,0.257191765,0.210398611,0.31352352,5.101607925,0.017283869,12385.90544,141.1156529,281.7608033,-1.18E-06,0.000114612,8.37E-09,4.07E-07,GOOD,1577.95801,1115.260793
SANTA CLARA VALLEY W.D.,Sunflowers,San Francisco Bay,21.2348623,3544.154505,0.641760597,2.398414857,470.8453017,119.9207429,403.1518871,883.0229774,0.74,50,0.207010582,0.388227513,0.177248677,397.5578019,1.154106258,397.5578019,0.17,31.90672871,365.6510732,-4.882352941,0.080848385,0.799408652,0.037533467,0.082209496,0.466972386,0.063638338,3402.990973,21.23486231,50.92998986,-7.44E-09,1.94E-05,3.50E-10,3.80E-07,GOOD,3544.154505,397.5578019
SANTA CLARA VALLEY W.D.,Alfalfa,San Francisco Bay,58.1903855,261.3108833,4.962762579,3.848948655,365.5393658,192.4474328,195.6975372,241.7085422,1.86,50,0.281872792,0.186385019,0.150905255,301.4309952,1.240786812,301.4309952,0.17,31.90672871,269.5242665,-4.882352941,0.004769842,0.992102047,0.001399532,0.00172858,1.902755265,0.009239231,40150.38967,58.19035493,223.9715812,3.06E-05,0.000224831,5.25E-07,1.00E-06,GOOD,261.3108833,301.4309952
SANTA CLARA VALLEY W.D.,Corn,San Francisco Bay,1054.054969,592.8076036,11.59681099,2.304449244,605.9462015,115.2224622,601.446945,3840.671664,0.3,50,0.088141761,0.558669339,0.087487293,1711.39046,1.268051104,1711.39046,0.17,31.90672871,1679.483731,-4.882352941,0.171057998,0.501039748,0.04439679,0.283505464,10.09253283,0.00316239,25781.26083,1054.054971,2429.015143,-1.65E-06,0.001033749,1.57E-09,4.26E-07,GOOD,592.8076036,1711.39046
SANTA CLARA VALLEY W.D.,Cucurbits,San Francisco Bay,611.9407317,620.0615846,11.79928567,1.351684028,342.80283,67.5842014,4781.905449,1673.25315,0.05,50,0.046854775,0.228702604,0.653597591,450.7381393,1.014906852,450.7381393,0.17,31.90672871,418.8314106,-4.882352941,0.10520199,0.039019223,0.633950845,0.221827943,11.72575634,0.032682904,4.80E-05,611.9407369,827.1501716,-5.22E-06,0.000341518,8.53E-09,4.13E-07,GOOD,620.0615846,450.7381393
SANTA CLARA VALLEY W.D.,Field and Grain,San Francisco Bay,4781.431267,188.7820128,2.299231437,2.375207373,82.17788979,59.38018432,49.20548194,211.3832538,0.74,25,0.189326621,0.486998112,0.113362702,31.90672871,1.027943806,31.90672871,0.17,31.90672871,0,-4.882352941,0.025756906,0.915409927,0.011109131,0.047724037,1.428772322,0.000282625,75276.63323,4781.431404,11356.88005,-0.00013719,0.01075202,2.87E-08,9.47E-07,GOOD,188.7820128,31.90672871
SANTA CLARA VALLEY W.D.,Grapes,San Francisco Bay,1588.17341,2182.634114,9.45983331,2.512108519,6454.352671,125.605426,6860.08709,5157.16476,0.13,50,0.312599493,0.249773629,0.332250166,2050.144948,1.057370841,2050.144948,0.17,31.90672871,2018.238219,-4.882352941,0.267459897,0.354606792,0.215744453,0.162188858,8.659137431,0.004843494,798.234925,1588.17341,3989.662264,3.36E-07,0.001688732,2.11E-10,4.23E-07,GOOD,2182.634114,2050.144948
SANTA CLARA VALLEY W.D.,Lettuce,San Francisco Bay,2440.998348,1008,18.9,1.682308346,1600,109.3500425,12500,929,0.25,65,0.083984211,0.048763332,0.656126648,3912.849958,1.198545413,3912.849958,0.17,31.90672871,3880.943229,-4.882352941,0.271196622,0.068183286,0.61491929,0.045700802,18.65057112,0.001638674,61261.11122,2440.998358,4106.510574,-9.91E-06,0.001319333,4.06E-09,3.21E-07,GOOD,1008,3912.849958
SANTA CLARA VALLEY W.D.,Orchards,San Francisco Bay,1763.12762,3477.145422,5.627572715,3.121144607,2788.352815,156.0572304,6764.739016,7123.196497,0.13,50,0.142496355,0.364024786,0.345706127,2735.543145,1.107159095,2735.543145,0.17,31.90672871,2703.636416,-4.882352941,0.092308984,0.675611841,0.113044523,0.119034652,4.475999721,0.004362876,574.4205841,1763.127616,5502.973917,3.72E-06,0.002345365,2.11E-09,4.26E-07,GOOD,3477.145422,2735.543145
SANTA CLARA VALLEY W.D.,Pasture,San Francisco Bay,558.8359285,274.2759113,5,3.305404007,259.6386575,33.05404007,155.463292,667.8592548,0.51,10,0.189326621,0.486998112,0.113362702,255.3643121,1.170302802,255.3643121,0.17,31.90672871,223.4575834,-4.882352941,0.040650114,0.894363551,0.012270998,0.052715337,3.171016478,0.003508694,19378.95465,558.8358624,1847.174328,6.61E-05,0.004189541,1.18E-07,2.27E-06,GOOD,274.2759113,255.3643121
SANTA CLARA VALLEY W.D.,Subtropical,San Francisco Bay,79.79178473,1623.939354,3.019839614,2.432378703,991.2732225,121.6189352,2119.511586,785.4183456,0.13,50,0.202134149,0.160157528,0.432197361,886.2143027,1.162448398,886.2143027,0.17,31.90672871,854.307574,-4.882352941,0.133066319,0.661047714,0.150219696,0.05566627,2.4320976,0.096404758,8.735903143,79.79178471,194.0837571,2.18E-08,8.07E-05,2.73E-10,4.16E-07,GOOD,1623.939354,886.2143027
SANTA CLARA VALLEY W.D.,Truck,San Francisco Bay,4065.011871,815.0818496,17.985083,1.349315785,776.1119396,67.46578925,4304.224316,3491.723999,0.41,50,0.052943262,0.238191489,0.293617021,6019.788673,1.615974307,6019.788673,0.17,31.90672871,5987.881944,-4.882352941,0.456617046,0.019572632,0.289201138,0.234609184,17.92934746,0.000600004,983544.5749,4065.011903,5484.982409,-3.21E-05,0.002274899,7.90E-09,4.15E-07,GOOD,815.0818496,6019.788673
SANTA CLARA VALLEY W.D.,Walnuts,San Francisco Bay,663.1610213,2099.727093,1.587369044,2.505016927,853.071014,125.2508463,298.9127337,910.4089519,0.13,50,0.25594369,0.273146576,0.089681664,1145.398242,1.451025017,1145.398242,0.17,31.90672871,1113.491514,-4.882352941,0.139778795,0.775637703,0.020906832,0.063676669,1.178004738,0.011599457,77.36478442,663.1610207,1661.228858,5.65E-07,0.000725348,8.52E-10,4.37E-07,GOOD,2099.727093,1145.398242
SANTA CLARA VALLEY W.D.,Tomatoes,San Francisco Bay,1044.060318,688.3142088,22.53639409,2.231636364,407.6613283,111.5818182,6370.763807,3076.806144,0.74,50,0.026280181,0.198348523,0.410695875,5545.30717,1.482263962,5545.30717,0.17,31.90672871,5513.400441,-4.882352941,0.283204735,0.267339411,0.303080803,0.146375051,21.17659278,0.001294323,1184329.279,1044.060321,2329.961992,-2.74E-06,0.000979424,2.62E-09,4.20E-07,GOOD,688.3142088,5545.30717
THE WEST SIDE I.D.,Alfalfa,San Joaquin River,264.0698118,290.4258221,6.981811447,4.134965358,571.5529894,206.7482679,305.9903334,377.9325916,1.86,50,0.281872792,0.186385019,0.150905255,565.4741469,1.320687545,565.4741469,0.17,68.61215883,496.8619881,-4.882352941,0.005330553,0.991463115,0.001434528,0.001771804,2.690447431,0.002035956,306534.9587,264.0696999,1091.918112,0.000111936,0.00141194,4.24E-07,1.29E-06,GOOD,290.4258221,565.4741469
THE WEST SIDE I.D.,Almonds,San Joaquin River,2389.591748,4775.762292,1.018616781,4.125499535,1058.3111,206.2749768,455.3980167,1465.658483,0.4,50,0.217550368,0.301286212,0.093613311,1679.029036,1.454344131,1679.029036,0.17,68.61215883,1610.416877,-4.882352941,0.012832728,0.978161305,0.002134919,0.006871048,0.469576695,0.001046204,209388.0078,2389.591662,9858.251227,8.64E-05,0.008418294,3.62E-08,8.54E-07,GOOD,4775.762292,1679.029036
THE WEST SIDE I.D.,Beans Dry,San Joaquin River,141.5479626,1593.773361,1.285477627,2.212101358,174.4872303,110.6050679,145.5634062,1032.584352,1.68,50,0.085167238,0.504004546,0.071049516,585.5199417,1.333479076,585.5199417,0.17,68.61215883,516.9077828,-4.882352941,0.10447712,0.733564561,0.020010397,0.141947922,0.991633901,0.004205204,90663.09214,141.5480312,313.1183361,-6.86E-05,0.000104185,4.85E-07,3.33E-07,GOOD,1593.773361,585.5199417
THE WEST SIDE I.D.,Field and Grain,San Joaquin River,1312.516371,194.8087562,3.454627792,2.917058441,127.4152527,72.92646103,76.29216244,327.7457083,0.74,25,0.189326621,0.486998112,0.113362702,68.61215883,1.060499947,68.61215883,0.17,68.61215883,0,-4.882352941,0.013823801,0.957683556,0.005380103,0.02311254,1.850487538,0.001029588,32038.59287,1312.516654,3828.681064,-0.000283021,0.005895316,2.16E-07,1.54E-06,GOOD,194.8087562,68.61215883
THE WEST SIDE I.D.,Orchards,San Joaquin River,10.9171026,4762.917744,3.247388671,3.445837194,2203.997553,172.2918597,5347.052266,5630.387791,0.13,50,0.142496355,0.364024786,0.345706127,2113.315653,1.103101512,2113.315653,0.17,68.61215883,2044.703494,-4.882352941,0.049250913,0.825520982,0.060997939,0.064230165,2.276276862,0.704610735,2.751567265,10.91710257,37.61853142,2.82E-08,2.68E-05,2.59E-09,7.12E-07,GOOD,4762.917744,2113.315653
THE WEST SIDE I.D.,Pasture,San Joaquin River,204.5386343,226.9343417,5,4.600187047,214.8235605,46.00187047,128.6294508,552.5829798,0.51,10,0.189326621,0.486998112,0.113362702,192.6338469,1.14712982,192.6338469,0.17,68.61215883,124.0216881,-4.882352941,0.005075434,0.986439143,0.001602254,0.006883169,2.089814959,0.009586376,4974.954584,204.5385263,940.9116543,0.000107958,0.004321804,5.28E-07,4.59E-06,GOOD,226.9343417,192.6338469
THE WEST SIDE I.D.,Truck,San Joaquin River,60.51112682,690.3355797,21.20927139,2.667732673,775.1695468,133.3866337,4298.997918,3487.484178,0.41,50,0.052943262,0.238191489,0.293617021,5946.476384,1.603707682,5946.476384,0.17,68.61215883,5877.864225,-4.882352941,0.21990558,0.525351626,0.140646152,0.114096642,18.24124919,0.04030704,14400.71286,60.51112717,161.4273865,-3.53E-07,0.000123562,5.83E-09,7.65E-07,GOOD,690.3355797,5946.476384
THE WEST SIDE I.D.,Walnuts,San Joaquin River,40.58453091,1802.497789,1.658526763,4.952669773,765.1413128,247.6334887,268.1025116,816.5691826,0.13,50,0.25594369,0.273146576,0.089681664,892.0443277,1.357428723,892.0443277,0.17,68.61215883,823.4321688,-4.882352941,0.002698778,0.9955348,0.000436613,0.001329808,0.557257651,0.189537923,3.824585794,40.58452948,201.0016041,1.43E-06,0.000175417,3.53E-08,8.73E-07,GOOD,1802.497789,892.0443277
TRANQUILLITY I.D.,Alfalfa,Tulare Lake,126.1995726,279.620574,8.447932227,4.524530937,665.8443229,226.2265468,356.4707563,440.2816103,1.86,50,0.281872792,0.186385019,0.150905255,673.3924221,1.332128283,673.3924221,0.17,79.8460651,593.546357,-4.882352941,0.003706782,0.994087941,0.000986651,0.001218626,3.015187811,0.004260192,172679.0483,126.1995369,570.9932716,3.57E-05,0.000598817,2.83E-07,1.05E-06,GOOD,279.620574,673.3924221
TRANQUILLITY I.D.,Almonds,Tulare Lake,4348.027973,4875.001978,1.131453803,4.141037405,1199.972919,207.0518702,516.3560009,1661.846397,0.4,50,0.217550368,0.301286212,0.093613311,1930.61234,1.465229462,1930.61234,0.17,79.8460651,1850.766275,-4.882352941,0.01431943,0.97571738,0.002361834,0.007601356,0.532497484,0.000574973,435533.1313,4348.027909,18005.33315,6.43E-05,0.013319186,1.48E-08,7.40E-07,GOOD,4875.001978,1930.61234
TRANQUILLITY I.D.,Corn,Tulare Lake,134.5297174,161.4386617,22.01452234,2.280437339,313.2553801,114.021867,310.929404,1985.508048,0.3,50,0.088141761,0.558669338,0.087487293,830.2803255,1.242698865,830.2803255,0.17,79.8460651,750.4342604,-4.882352941,0.116425873,0.649768804,0.031656403,0.20214892,17.87660128,0.024777673,1531.461704,134.5297276,306.786396,-1.02E-05,0.000194724,7.59E-08,6.35E-07,GOOD,161.4386617,830.2803255
TRANQUILLITY I.D.,Cotton,Tulare Lake,444.2174973,3710.758752,0.813814056,3.749301711,448.5684623,187.4650856,236.2384677,1344.566888,0.68,50,0.148539114,0.445240339,0.078228087,803.0287273,1.297371859,803.0287273,0.17,79.8460651,723.1826622,-4.882352941,0.01028231,0.976730819,0.001940782,0.011046089,0.381690361,0.003310514,81333.8999,444.2174889,1665.504155,8.36E-06,0.001267337,1.88E-08,7.61E-07,GOOD,3710.758752,803.0287273
TRANQUILLITY I.D.,Cucurbits,Tulare Lake,290.3645488,654.3961754,16.06524008,2.442132231,492.5857332,122.1066116,6871.292169,2404.357717,0.05,50,0.046854775,0.228702604,0.653597591,622.6894345,1.01234223,622.6894345,0.17,79.8460651,542.8433694,-4.882352941,0.055931315,0.478892632,0.34459694,0.120579113,14.09118967,0.068878932,3.10E-05,290.3645521,709.1081339,-3.31E-06,0.000489493,1.14E-08,6.90E-07,GOOD,654.3961754,622.6894345
TRANQUILLITY I.D.,Field and Grain,Tulare Lake,139.8921341,289.315121,2.652255461,3.261387025,145.2774368,81.53467562,86.9874648,373.6919673,0.74,25,0.189326621,0.486998112,0.113362702,79.8460651,1.06299158,79.8460651,0.17,79.8460651,0,-4.882352941,0.008379855,0.974472106,0.003237966,0.013910073,1.280365197,0.009659952,3893.48718,139.8921824,456.2418428,-4.83E-05,0.000548221,3.45E-07,1.20E-06,GOOD,289.315121,79.8460651
TRANQUILLITY I.D.,Grapes,Tulare Lake,101.7355157,1422.002244,11.72196241,4.00891598,2204.421502,200.445799,7245.758441,5033.018762,0.13,50,0.132249498,0.30194507,0.434693599,1985.012347,1.081128822,1985.012347,0.17,79.8460651,1905.166282,-4.882352941,0.021735984,0.9145582,0.037593072,0.026112744,7.100059424,0.075610839,24.802041,101.7355154,407.8488485,2.76E-07,0.000286076,2.71E-09,7.01E-07,GOOD,1422.002244,1985.012347
TRANQUILLITY I.D.,Lettuce,Tulare Lake,80.86509392,1008,18.9,2.300762612,1600,149.5495698,12500,929,0.25,65,0.083984211,0.048763332,0.656126648,3872.65043,1.195371133,3872.65043,0.17,79.8460651,3792.804365,-4.882352941,0.197977064,0.316219205,0.452196488,0.033607243,17.51259963,0.049465101,1996.815053,80.86509491,186.0512887,-9.93E-07,9.60E-05,1.23E-08,5.16E-07,GOOD,1008,3872.65043
TRANQUILLITY I.D.,Onions and Garlic,Tulare Lake,713.6631994,2408.610949,10.63434095,1.253629891,4112.522919,62.68149455,7170.237318,10684.66197,0.41,50,0.160557684,0.417141646,0.279934415,3583.886346,1.107315543,3583.886346,0.17,79.8460651,3504.040281,-4.882352941,0.299002342,0.007342148,0.278560777,0.415094733,10.62363202,0.003417613,194438.1031,713.6632178,894.6689192,-1.84E-05,0.000599709,2.58E-08,6.70E-07,GOOD,2408.610949,3583.886346
TRANQUILLITY I.D.,Orchards,Tulare Lake,54.61119472,2277.681025,7.763328774,3.502172688,2519.675644,175.1086344,6112.909401,6436.827012,0.13,50,0.142496355,0.364024786,0.345706127,2437.865948,1.104683353,2437.865948,0.17,79.8460651,2358.019883,-4.882352941,0.051048113,0.819726473,0.062945007,0.066280407,5.476887004,0.140855876,15.80203188,54.61119475,191.257703,-2.67E-08,0.000131595,4.88E-10,6.88E-07,GOOD,2277.681025,2437.865948
TRANQUILLITY I.D.,Pistachios,Tulare Lake,1126.107044,5088.640658,1.460333567,3.820163692,1937.377826,191.0081846,386.8138231,1917.69532,0.4,50,0.260711671,0.258063009,0.052053284,2998.21761,1.596530034,2998.21761,0.17,79.8460651,2918.371544,-4.882352941,0.035260819,0.948275335,0.00276347,0.013700375,0.800403283,0.002220038,179539.3813,1126.10704,4301.910148,4.36E-06,0.003094978,3.87E-09,7.19E-07,GOOD,5088.640658,2998.21761
TRANQUILLITY I.D.,Truck,Tulare Lake,26.53017565,1282.087936,19.71342086,1.84535452,1338.105955,92.267726,7420.976145,6020.132457,0.41,50,0.052943262,0.238191489,0.293617021,10402.85678,1.618587754,10402.85678,0.17,79.8460651,10323.01071,-4.882352941,0.43454107,0.067994298,0.274655408,0.222809224,19.44570323,0.091933971,11066.47453,26.53017598,48.95754898,-3.34E-07,3.06E-05,1.26E-08,6.24E-07,GOOD,1282.087936,10402.85678
TRANQUILLITY I.D.,Tomatoes,Tulare Lake,1224.094447,97.3922824,54.70338716,2.220206136,168.9385059,111.0103068,1803.712469,1201.075867,0.74,50,0.031709536,0.225440365,0.338554465,2042.950582,1.544716696,2042.950582,0.17,79.8460651,1963.104517,-4.882352941,0.207320202,0.511041207,0.169061838,0.112576753,47.45087378,0.00110396,499986.383,1224.094567,2717.740334,-0.000119569,0.00166844,9.77E-08,6.14E-07,GOOD,97.3922824,2042.950582
Turner Island Water District,Alfalfa,San Joaquin River,506.0371576,290.4258221,6.981811447,4.134965358,571.5529894,206.7482679,305.9903334,377.9325916,1.86,50,0.281872792,0.186385019,0.150905255,565.4741469,1.320687545,565.4741469,0.17,71.10505265,494.3690943,-4.882352941,0.005330553,0.991463115,0.001434528,0.001771804,2.690447431,0.001062441,586042.5574,506.0368315,2092.442514,0.000326122,0.003602065,6.44E-07,1.72E-06,GOOD,290.4258221,565.4741469
Turner Island Water District,Corn,San Joaquin River,604.5573423,77.55530093,25.22861255,2.415829265,172.4592835,120.7914633,171.1787432,1093.099489,0.3,50,0.088141761,0.558669339,0.087487293,399.0836594,1.196408306,399.0836594,0.17,71.10505265,327.9786068,-4.882352941,0.052941855,0.829948423,0.015856237,0.101253485,17.78155435,0.005513676,3237.879382,604.557386,1460.505921,-4.37E-05,0.001399065,7.22E-08,9.58E-07,GOOD,77.55530093,399.0836594
Turner Island Water District,Cotton,San Joaquin River,1300.966186,3399.208415,0.729719844,3.634047537,368.4467916,181.7023768,194.0424101,1104.40523,0.68,50,0.148539114,0.445240339,0.078228087,631.8730258,1.277916424,631.8730258,0.17,71.10505265,560.7679731,-4.882352941,0.0098805,0.97729429,0.001916623,0.010908587,0.341372032,0.001130382,188895.9591,1300.96597,4727.767242,0.000215749,0.005722322,1.66E-07,1.21E-06,GOOD,3399.208415,631.8730258
Turner Island Water District,Cucurbits,San Joaquin River,234.4455684,384.0603914,14.86947686,2.299627126,267.5771763,114.9813563,3732.550158,1306.069594,0.05,50,0.046854775,0.228702604,0.653597591,289.5988182,1.00325705,289.5988182,0.17,71.10505265,218.4937655,-4.882352941,0.04529776,0.545068317,0.303451984,0.106181938,12.70707858,0.085307648,1.17E-05,234.4455721,539.1368674,-3.70E-06,0.0005213,1.58E-08,9.67E-07,GOOD,384.0603914,289.5988182
Turner Island Water District,Onions and Garlic,San Joaquin River,427.9276296,1579.216395,6.547714821,1.480822037,1660.207972,74.04110185,2894.594241,4313.35249,0.41,50,0.160557684,0.417141646,0.279934415,1398.06279,1.10128044,1398.06279,0.17,71.10505265,1326.957738,-4.882352941,0.283971634,0.04674413,0.26877367,0.400510566,6.493378023,0.005699619,45725.52138,427.9276523,633.6840827,-2.27E-05,0.000581493,5.31E-08,9.18E-07,GOOD,1579.216395,1398.06279
Turner Island Water District,Safflower,San Joaquin River,649.6158749,575.1459791,1.245291589,2.40565496,140.0879783,120.282748,80.89587427,303.852797,0.74,50,0.195592287,0.424242424,0.112947658,71.10505265,1.05735237,71.10505265,0.17,71.10505265,0,-4.882352941,0.022621131,0.93616799,0.008664851,0.032546027,0.73599316,0.002080231,17434.31072,649.6162982,1562.750854,-0.000423303,0.000797282,6.52E-07,5.10E-07,GOOD,575.1459791,71.10505265
Turner Island Water District,Sunflowers,San Joaquin River,357.365194,3639.713227,0.60825,2.945560199,458.2915301,147.27801,392.4029709,859.4796422,0.74,50,0.207010582,0.388227513,0.177248677,356.4034172,1.135121501,356.4034172,0.17,71.10505265,285.2983645,-4.882352941,0.026428766,0.932960068,0.012729582,0.027881585,0.354663264,0.00378143,50908.8182,357.3651832,1052.639571,1.08E-05,0.001120919,3.03E-08,1.06E-06,GOOD,3639.713227,356.4034172
Turner Island Water District,Tomatoes,San Joaquin River,2030.29553,99.69467136,46.73447582,2.379660861,122.4440466,118.9830431,1913.505271,924.141116,0.74,50,0.026280181,0.198348523,0.410695875,1580.104731,1.441119419,1580.104731,0.17,71.10505265,1508.999679,-4.882352941,0.133645775,0.643606157,0.150205326,0.072542741,38.03339952,0.000665593,634568.6917,2030.29565,4831.410296,-0.000120419,0.004512939,5.93E-08,9.34E-07,GOOD,99.69467136,1580.104731
WEST STANISLAUS I.D.,Alfalfa,San Joaquin River,94.44891676,290.4258221,6.981811447,4.134965358,571.5529894,206.7482679,305.9903334,377.9325916,1.86,50,0.281872792,0.186385019,0.150905255,565.4741469,1.320687545,565.4741469,0.17,68.61215883,496.8619881,-4.882352941,0.005330553,0.991463115,0.001434528,0.001771804,2.690447431,0.00569233,109637.2759,94.44888103,390.5426059,3.57E-05,0.00039298,3.78E-07,1.01E-06,GOOD,290.4258221,565.4741469
WEST STANISLAUS I.D.,Almonds,San Joaquin River,10574.96677,4775.762292,1.018616781,4.125499535,1058.3111,206.2749768,455.3980167,1465.658483,0.4,50,0.217550368,0.301286212,0.093613311,1679.029036,1.454344131,1679.029036,0.17,68.61215883,1610.416877,-4.882352941,0.012832728,0.978161305,0.002134919,0.006871048,0.469576695,0.000236407,926631.6001,10574.96643,43626.99266,0.000341932,0.027828145,3.23E-08,6.38E-07,GOOD,4775.762292,1679.029036
WEST STANISLAUS I.D.,Beans Dry,San Joaquin River,1609.966299,1593.773361,1.285477627,2.212101358,174.4872303,110.6050679,145.5634062,1032.584352,1.68,50,0.085167238,0.504004546,0.071049516,585.5199417,1.333479076,585.5199417,0.17,68.61215883,516.9077828,-4.882352941,0.10447712,0.733564561,0.020010397,0.141947922,0.991633901,0.000369721,1031201.864,1609.966732,3561.407417,-0.000432972,0.001219073,2.69E-07,3.42E-07,GOOD,1593.773361,585.5199417
WEST STANISLAUS I.D.,Corn,San Joaquin River,139.2448715,77.55530093,25.22861255,2.415829265,172.4592835,120.7914633,171.1787432,1093.099489,0.3,50,0.088141761,0.558669339,0.087487293,399.0836594,1.196408306,399.0836594,0.17,68.61215883,330.4715006,-4.882352941,0.052941855,0.829948423,0.015856237,0.101253485,17.78155435,0.023938643,749.4806241,139.2448778,336.3916496,-6.31E-06,0.000186009,4.53E-08,5.53E-07,GOOD,77.55530093,399.0836594
WEST STANISLAUS I.D.,Cucurbits,San Joaquin River,459.1491915,384.0603914,14.86947686,2.299627126,267.5771763,114.9813563,3732.550158,1306.069594,0.05,50,0.046854775,0.228702604,0.653597591,289.5988182,1.00325705,289.5988182,0.17,68.61215883,220.9866593,-4.882352941,0.04529776,0.545068317,0.303451984,0.106181938,12.70707858,0.043558827,2.31E-05,459.149196,1055.871327,-4.50E-06,0.000608229,9.80E-09,5.76E-07,GOOD,384.0603914,289.5988182
WEST STANISLAUS I.D.,Field and Grain,San Joaquin River,135.7932651,194.8087562,3.454627792,2.917058441,127.4152527,72.92646103,76.29216244,327.7457083,0.74,25,0.189326621,0.486998112,0.113362702,68.61215883,1.060499947,68.61215883,0.17,68.61215883,0,-4.882352941,0.013823801,0.957683556,0.005380103,0.02311254,1.850487538,0.009951534,3314.720663,135.7932576,396.116367,7.54E-06,0.000523217,5.55E-08,1.32E-06,GOOD,194.8087562,68.61215883
WEST STANISLAUS I.D.,Grapes,San Joaquin River,684.3859498,1686.199914,10.80135885,3.098484515,5693.452831,154.9242258,6051.355458,4549.18964,0.13,50,0.312599493,0.249773629,0.332250166,1764.328209,1.054534307,1764.328209,0.17,68.61215883,1695.71605,-4.882352941,0.131318485,0.682024451,0.106553789,0.080103276,8.556948336,0.011239722,299.9944679,684.3859493,2120.558032,4.88E-07,0.001235649,7.13E-10,5.83E-07,GOOD,1686.199914,1764.328209
WEST STANISLAUS I.D.,Onions and Garlic,San Joaquin River,156.6667203,1579.216395,6.547714821,1.480822037,1660.207972,74.04110185,2894.594241,4313.35249,0.41,50,0.160557684,0.417141646,0.279934415,1398.06279,1.10128044,1398.06279,0.17,68.61215883,1329.450631,-4.882352941,0.283971634,0.04674413,0.26877367,0.400510566,6.493378023,0.015568235,16754.34186,156.6667254,231.9954102,-5.06E-06,0.000121709,3.23E-08,5.25E-07,GOOD,1579.216395,1398.06279
WEST STANISLAUS I.D.,Orchards,San Joaquin River,746.1324947,4762.917744,3.247388671,3.445837194,2203.997553,172.2918597,5347.052266,5630.387791,0.13,50,0.142496355,0.364024786,0.345706127,2113.315653,1.103101512,2113.315653,0.17,68.61215883,2044.703494,-4.882352941,0.049250913,0.825520982,0.060997939,0.064230165,2.276276862,0.010309573,188.0566505,746.1324924,2571.049592,2.28E-06,0.001509501,3.05E-09,5.87E-07,GOOD,4762.917744,2113.315653
WEST STANISLAUS I.D.,Pasture,San Joaquin River,3.62833186,226.9343417,5,4.600187047,214.8235605,46.00187047,128.6294508,552.5829798,0.51,10,0.189326621,0.486998112,0.113362702,192.6338469,1.14712982,192.6338469,0.17,68.61215883,124.0216881,-4.882352941,0.005075434,0.986439143,0.001602254,0.006883169,2.089814959,0.540409309,88.25123079,3.628330245,16.6909801,1.61E-06,2.51E-05,4.45E-07,1.51E-06,GOOD,226.9343417,192.6338469
WEST STANISLAUS I.D.,Subtropical,San Joaquin River,591.4351614,950.3385633,4.405405823,3.247465856,846.2602941,162.3732928,1809.449159,670.5198376,0.13,50,0.202134149,0.160157528,0.432197361,698.0244571,1.142940118,698.0244571,0.17,68.61215883,629.4122983,-4.882352941,0.028036452,0.926939772,0.032850505,0.012173271,2.598749769,0.013006172,51.77423848,591.435158,1920.664329,3.44E-06,0.001163552,5.81E-09,6.06E-07,GOOD,950.3385633,698.0244571
WEST STANISLAUS I.D.,Walnuts,San Joaquin River,1086.650852,1802.497789,1.658526763,4.952669773,765.1413128,247.6334887,268.1025116,816.5691826,0.13,50,0.25594369,0.273146576,0.089681664,892.0443277,1.357428723,892.0443277,0.17,68.61215883,823.4321688,-4.882352941,0.002698778,0.9955348,0.000436613,0.001329808,0.557257651,0.007078914,102.4032881,1086.65082,5381.819275,3.17E-05,0.003553671,2.92E-08,6.60E-07,GOOD,1802.497789,892.0443277
WEST STANISLAUS I.D.,Tomatoes,San Joaquin River,2040.901358,99.69467136,46.73447582,2.379660861,122.4440466,118.9830431,1913.505271,924.141116,0.74,50,0.026280181,0.198348523,0.410695875,1580.104731,1.441119419,1580.104731,0.17,68.61215883,1511.492573,-4.882352941,0.133645775,0.643606157,0.150205326,0.072542741,38.03339952,0.000662135,638858.2471,2040.901434,4856.650379,-7.59E-05,0.002703657,3.72E-08,5.57E-07,GOOD,99.69467136,1580.104731
WESTLANDS W.D.,Alfalfa,Tulare Lake,2418.673947,279.620574,8.447932227,4.524530937,665.8443229,226.2265468,356.4707563,440.2816103,1.86,50,0.281872792,0.186385019,0.150905255,673.3924221,1.332128283,673.3924221,0.17,79.8460651,593.546357,-4.882352941,0.003706782,0.994087941,0.000986651,0.001218626,3.015187811,0.000222285,3309474.879,2418.673798,10943.3631,0.000149078,0.001997463,6.16E-08,1.83E-07,GOOD,279.620574,673.3924221
WESTLANDS W.D.,Almonds,Tulare Lake,104910.3582,4875.001978,1.131453803,4.141037405,1199.972919,207.0518702,516.3560009,1661.846397,0.4,50,0.217550368,0.301286212,0.093613311,1930.61234,1.465229462,1930.61234,0.17,79.8460651,1850.766275,-4.882352941,0.01431943,0.97571738,0.002361834,0.007601356,0.532497484,2.38E-05,10508657.51,104910.3578,434437.6663,0.000404033,0.051139516,3.85E-09,1.18E-07,GOOD,4875.001978,1930.61234
WESTLANDS W.D.,Beans Dry,Tulare Lake,2928.677098,1326.519215,1.43231235,1.919782133,161.8168882,95.98910665,134.9933596,957.6035242,1.68,50,0.085167238,0.504004546,0.071049516,549.5869755,1.339980961,549.5869755,0.17,79.8460651,469.7409104,-4.882352941,0.172577088,0.562373483,0.032747588,0.232301841,1.222194314,0.000203245,1713504.522,2928.677427,5622.421952,-0.00032898,1.42E-05,1.12E-07,2.52E-09,GOOD,1326.519215,549.5869755
WESTLANDS W.D.,Berries,Tulare Lake,65.53953551,7027.33636,10.36058171,2.39378705,3293.681493,119.6893525,30337.54741,28199.96017,0.25,50,0.045238346,0.387323291,0.416682812,10856.41414,1.119278377,10856.41414,0.17,79.8460651,10776.56807,-4.882352941,0.174311302,0.104580559,0.373720257,0.347387883,10.13221967,0.061031864,4222.476496,65.53953554,156.8876773,-3.14E-08,1.40E-05,4.79E-10,8.95E-08,GOOD,7027.33636,10856.41414
WESTLANDS W.D.,Corn,Tulare Lake,3752.671116,161.4386617,22.01452234,2.280437339,313.2553801,114.021867,310.929404,1985.508048,0.3,50,0.088141761,0.558669338,0.087487293,830.2803255,1.242698865,830.2803255,0.17,79.8460651,750.4342604,-4.882352941,0.116425873,0.649768804,0.031656403,0.20214892,17.87660128,0.000888256,42719.7218,3752.671148,8557.730442,-3.24E-05,0.000891922,8.63E-09,1.04E-07,GOOD,161.4386617,830.2803255
WESTLANDS W.D.,Cotton,Tulare Lake,7598.193873,3710.758752,0.813814056,3.749301711,448.5684623,187.4650856,236.2384677,1344.566888,0.68,50,0.148539114,0.445240339,0.078228087,803.0287273,1.297371859,803.0287273,0.17,79.8460651,723.1826622,-4.882352941,0.01028231,0.976730819,0.001940782,0.011046089,0.381690361,0.000193544,1391189.549,7598.193799,28487.91769,7.38E-05,0.003602344,9.72E-09,1.26E-07,GOOD,3710.758752,803.0287273
WESTLANDS W.D.,Cucurbits,Tulare Lake,13518.9166,654.3961754,16.06524008,2.442132231,492.5857332,122.1066116,6871.292169,2404.357717,0.05,50,0.046854775,0.228702604,0.653597591,622.6894345,1.01234223,622.6894345,0.17,79.8460651,542.8433694,-4.882352941,0.055931315,0.478892632,0.34459694,0.120579113,14.09118967,0.001479408,0.001442589,13518.91662,33014.97834,-1.66E-05,0.003617221,1.23E-09,1.10E-07,GOOD,654.3961754,622.6894345
WESTLANDS W.D.,Field and Grain,Tulare Lake,15765.92702,289.315121,2.652255461,3.261387025,145.2774368,81.53467562,86.9874648,373.6919673,0.74,25,0.189326621,0.486998112,0.113362702,79.8460651,1.06299158,79.8460651,0.17,79.8460651,0,-4.882352941,0.008379855,0.974472106,0.003237966,0.013910073,1.280365197,8.57E-05,438798.3293,15765.92694,51418.77695,8.17E-05,0.012870197,5.18E-09,2.50E-07,GOOD,289.315121,79.8460651
WESTLANDS W.D.,Grapes,Tulare Lake,17974.37828,1422.002244,11.72196241,4.00891598,2204.421502,200.445799,7245.758441,5033.018762,0.13,50,0.132249498,0.30194507,0.434693599,1985.012347,1.081128822,1985.012347,0.17,79.8460651,1905.166282,-4.882352941,0.021735984,0.9145582,0.037593072,0.026112744,7.100059424,0.00042796,4381.963014,17974.37827,72057.76427,1.43E-05,0.00804748,7.94E-10,1.12E-07,GOOD,1422.002244,1985.012347
WESTLANDS W.D.,Lettuce,Tulare Lake,6274.430813,1008,18.9,2.300762612,1600,149.5495698,12500,929,0.25,65,0.083984211,0.048763332,0.656126648,3872.65043,1.195371133,3872.65043,0.17,79.8460651,3792.804365,-4.882352941,0.197977064,0.316219205,0.452196488,0.033607243,17.51259963,0.000637508,154935.5512,6274.430822,14435.97462,-8.71E-06,0.001204208,1.39E-09,8.34E-08,GOOD,1008,3872.65043
WESTLANDS W.D.,Onions and Garlic,Tulare Lake,23380.40183,2408.610949,10.63434095,1.253629891,4112.522919,62.68149455,7170.237318,10684.66197,0.41,50,0.160557684,0.417141646,0.279934415,3583.886346,1.107315543,3583.886346,0.17,79.8460651,3504.040281,-4.882352941,0.299002342,0.007342148,0.278560777,0.415094733,10.62363202,0.000104319,6370008.969,23380.40191,29310.36748,-8.02E-05,0.003116573,3.43E-09,1.06E-07,GOOD,2408.610949,3583.886346
WESTLANDS W.D.,Orchards,Tulare Lake,5223.097245,2277.681025,7.763328774,3.502172688,2519.675644,175.1086344,6112.909401,6436.827012,0.13,50,0.142496355,0.364024786,0.345706127,2437.865948,1.104683353,2437.865948,0.17,79.8460651,2358.019883,-4.882352941,0.051048113,0.819726473,0.062945007,0.066280407,5.476887004,0.001472748,1511.330224,5223.097244,18292.18649,1.22E-06,0.002025958,2.34E-10,1.11E-07,GOOD,2277.681025,2437.865948
WESTLANDS W.D.,Pasture,Tulare Lake,1112.547108,242.4206904,4.903405501,4.768194291,225.050083,47.68194291,134.7527641,578.8882988,0.51,10,0.189326621,0.486998112,0.113362702,202.3138581,1.147722722,202.3138581,0.17,79.8460651,122.467793,-4.882352941,0.004319593,0.988467259,0.001362017,0.00585113,1.982375428,0.001762428,27752.87162,1112.547027,5304.83737,8.10E-05,0.003398349,7.28E-08,6.41E-07,GOOD,242.4206904,202.3138581
WESTLANDS W.D.,Pistachios,Tulare Lake,90627.30193,5088.640658,1.460333567,3.820163692,1937.377826,191.0081846,386.8138231,1917.69532,0.4,50,0.260711671,0.258063009,0.052053284,2998.21761,1.596530034,2998.21761,0.17,79.8460651,2918.371544,-4.882352941,0.035260819,0.948275335,0.00276347,0.013700375,0.800403283,2.76E-05,14449043.54,90627.30179,346211.0889,0.000142067,0.03948392,1.57E-09,1.14E-07,GOOD,5088.640658,2998.21761
WESTLANDS W.D.,Subtropical,Tulare Lake,4276.455068,1157.720607,15.10914155,3.608433712,3535.76379,180.4216856,7560.067345,2801.501829,0.13,50,0.202134149,0.160157528,0.432197361,3414.409877,1.183370838,3414.409877,0.17,79.8460651,3334.563812,-4.882352941,0.061932082,0.845737341,0.067366764,0.024963814,10.32528883,0.001798758,1742.921905,4276.455067,15431.30293,9.88E-07,0.001709272,2.31E-10,1.11E-07,GOOD,1157.720607,3414.409877
WESTLANDS W.D.,Truck,Tulare Lake,2827.812318,1282.087936,19.71342086,1.84535452,1338.105955,92.267726,7420.976145,6020.132457,0.41,50,0.052943262,0.238191489,0.293617021,10402.85678,1.618587754,10402.85678,0.17,79.8460651,10323.01071,-4.882352941,0.43454107,0.067994298,0.274655408,0.222809224,19.44570323,0.000862513,1179559.208,2827.812322,5218.31568,-4.44E-06,0.000562709,1.57E-09,1.08E-07,GOOD,1282.087936,10402.85678
WESTLANDS W.D.,Walnuts,Tulare Lake,489.0253761,1793.152974,1.862011475,3.425917313,854.5630698,171.2958657,299.4355442,912.0012941,0.13,50,0.25594369,0.273146576,0.089681664,1101.57564,1.421304047,1101.57564,0.17,79.8460651,1021.729575,-4.882352941,0.026757538,0.956671517,0.004095905,0.01247504,0.989582614,0.015729874,54.43127913,489.0253759,1675.360311,2.14E-07,0.000191014,4.38E-10,1.14E-07,GOOD,1793.152974,1101.57564
WESTLANDS W.D.,Tomatoes,Tulare Lake,51092.54684,97.3922824,54.70338716,2.220206136,168.9385059,111.0103068,1803.712469,1201.075867,0.74,50,0.031709536,0.225440365,0.338554465,2042.950582,1.544716696,2042.950582,0.17,79.8460651,1963.104517,-4.882352941,0.207320202,0.511041207,0.169061838,0.112576753,47.45087378,2.64E-05,20868959.71,51092.54742,113435.9746,-0.000577111,0.01141222,1.13E-08,1.01E-07,GOOD,97.3922824,2042.950582