g,i,hr,xland,p,y,xwater,omegaland,omegawater,omegasupply,omegalabor,theta,omegawater_unit,CS_land,CS_labor,CS_supply,sigma,xland_lp,lambdacrop,lambdaland,lambdawater,rho,betaland,betawater,betasupply,betalabor,tau,gamma,delta,omega_suppl_unit,omega_labor_unit,xsupplies_base,xlabor_base,xlandcalib,xwatercalib,xsuppcalib,xlaborcalib,diffland,diffwater,percdiffland,percdiffwater,status,pc,pimarginal
BANTA-CARBONA I.D.,Alfalfa,San Joaquin River,692.4817265,290.4258221,6.981811447,4.134965358,571.5529894,50,305.9903334,377.9325916,1.86,50,0.281872792,0.186385019,0.150905255,0.4,693.1742082,468.2155881,0,23.52100934,-1.5,0.242943972,0.597256092,0.071495243,0.088304693,4.243100361,0.000776388,782287.3247,305.9903334,377.9325916,692.4817265,692.4817265,692.6447581,2864.06208,692.5506853,692.5664501,-0.163031624,-0.674130117,0.000235431,0.000235431,GOOD,290.4258221,-1015.050092
BANTA-CARBONA I.D.,Almonds,San Joaquin River,6315.972311,4775.762292,1.018616781,4.125499535,1058.3111,50,455.3980167,1465.658483,0.4,50,0.217550368,0.301286212,0.093613311,0.4,6322.288283,1581.993123,0,23.52100934,-1.5,0.371720169,0.357820298,0.064114062,0.206345471,0.79144599,0.000395822,547542.6762,455.3980167,1465.658483,6315.972311,6315.972311,6316.262282,26057.73711,6315.664677,6316.567624,-0.289970605,-1.196273595,4.59E-05,4.59E-05,GOOD,4775.762292,1746.394692
BANTA-CARBONA I.D.,Beans Dry,San Joaquin River,1091.581927,1593.773361,1.285477627,2.212101358,174.4872303,50,145.5634062,1032.584352,1.68,50,0.085167238,0.504004546,0.071049516,0.4,1092.673509,533.489085,0,23.52100934,-1.5,0.292405921,0.220999581,0.060120093,0.426474406,1.15001508,0.000545299,715938.5159,145.5634062,1032.584352,1091.581927,1091.581927,1090.490345,2412.275173,1090.504011,1090.504904,1.091581927,2.414689863,0.001,0.001,GOOD,1593.773361,191.1383725
BANTA-CARBONA I.D.,Corn,San Joaquin River,282.9171527,77.55530093,25.22861255,2.415829265,172.4592835,50,171.1787432,1093.099489,0.3,50,0.088141761,0.558669339,0.087487293,0.4,283.2000699,342.2609167,0,23.52100934,-1.5,0.210440022,0.272668006,0.069985321,0.446906651,21.74042456,0.011782012,1558.488037,171.1787432,1093.099489,282.9171527,282.9171527,282.6342355,682.7960575,282.6376313,282.6220745,0.282917153,0.683479537,0.001,0.001,GOOD,77.55530093,-1409.182215
BANTA-CARBONA I.D.,Cucurbits,San Joaquin River,324.6611668,384.0603914,14.86947686,2.299627126,267.5771763,50,3732.550158,1306.069594,0.05,50,0.046854775,0.228702604,0.653597591,0.4,324.985828,235.5092671,0,23.52100934,-1.5,0.082052127,0.096161726,0.608769497,0.21301665,14.18155923,0.061602686,1.68E-05,3732.550158,1306.069594,324.6611668,324.6611668,324.3365056,745.8530263,324.3249092,324.3216395,0.324661167,0.746599626,0.001,0.001,GOOD,384.0603914,-4972.136537
BANTA-CARBONA I.D.,Field and Grain,San Joaquin River,72.81367026,194.8087562,3.454627792,2.917058441,127.4152527,25,76.29216244,327.7457083,0.74,25,0.189326621,0.486998112,0.113362702,0.4,55.08689438,0,0,23.52100934,-1.5,0.103034989,0.570237743,0.061694043,0.265033225,2.302766795,0.018559034,1777.385477,76.29216244,327.7457083,72.81367026,72.81367026,72.74085659,212.1893297,72.75384911,72.74034486,0.07281367,0.212401731,0.001,0.001,GOOD,194.8087562,-361.6443672
BANTA-CARBONA I.D.,Grapes,San Joaquin River,335.2514675,1686.199914,10.80135885,3.098484515,5693.452831,50,6051.355458,4549.18964,0.13,50,0.312599493,0.249773629,0.332250166,0.4,335.586719,1691.448726,0,23.52100934,-1.5,0.384071916,0.064617868,0.31471722,0.236592996,10.41794182,0.022944889,146.8696184,6051.355458,4549.18964,335.2514675,335.2514675,335.1093223,1038.331046,335.1068419,335.1087372,0.142145222,0.44043477,0.000423996,0.000423996,GOOD,1686.199914,-14657.79802
BANTA-CARBONA I.D.,Orchards,San Joaquin River,497.9977299,4762.917744,3.247388671,3.445837194,2203.997553,50,5347.052266,5630.387791,0.13,50,0.142496355,0.364024786,0.345706127,0.4,498.4957276,2032.266084,0,23.52100934,-1.5,0.251646253,0.096262212,0.317630295,0.334461241,3.069098535,0.015446471,125.1488639,5347.052266,5630.387791,497.9977299,497.9977299,497.7534522,1715.177359,497.7535285,497.7530222,0.244277695,0.841741166,0.00049052,0.00049052,GOOD,4762.917744,-8468.519866
BANTA-CARBONA I.D.,Pasture,San Joaquin River,8.53927993,226.9343417,5,4.600187047,214.8235605,10,128.6294508,552.5829798,0.51,10,0.189326621,0.486998112,0.113362702,0.4,8.54781921,84.43280444,0,23.52100934,-1.5,0.119611056,0.608112236,0.051412455,0.220864254,2.951450069,0.229619398,183.4328084,128.6294508,552.5829798,8.53927993,8.53927993,8.54781921,39.32156721,8.546898713,8.547305186,-0.00853928,-0.039282285,0.001,0.001,GOOD,226.9343417,-679.1016494
BANTA-CARBONA I.D.,Pistachios,San Joaquin River,30.19805286,4897.401316,1.414819371,3.805829794,1806.455069,50,360.6739904,1788.10266,0.4,50,0.260711671,0.25806301,0.052053284,0.4,30.22825091,2693.898082,0,23.52100934,-1.5,0.5157052,0.238061837,0.041330413,0.204902551,1.213152511,0.082786795,4462.202987,360.6739904,1788.10266,30.19805286,30.19805286,30.17772747,114.8512943,30.174484,30.17733988,0.02032539,0.077354974,0.00067307,0.00067307,GOOD,4897.401316,892.1695966
BANTA-CARBONA I.D.,Safflower,San Joaquin River,52.20934812,575.1459791,1.245291589,2.40565496,140.0879783,50,80.89587427,303.852797,0.74,50,0.195592287,0.424242424,0.112947658,0.4,52.26155747,14.52161987,0,23.52100934,-1.5,0.128918295,0.550266287,0.067453498,0.25336192,0.883125757,0.025883322,1546.436198,80.89587427,303.852797,52.20934812,52.20934812,52.15713877,125.4720796,52.13475956,52.14313737,0.052209348,0.125597677,0.001,0.001,GOOD,575.1459791,0.30932953
BANTA-CARBONA I.D.,Subtropical,San Joaquin River,160.0544714,950.3385633,4.405405823,3.247465856,846.2602941,50,1809.449159,670.5198376,0.13,50,0.202134149,0.160157528,0.432197361,0.4,160.2145259,621.6407824,0,23.52100934,-1.5,0.274624722,0.261406141,0.338523815,0.125445322,3.74332325,0.048060561,13.93738089,1809.449159,670.5198376,160.0544714,160.0544714,159.8944169,519.2516595,159.8933877,159.8871857,0.160054471,0.519771431,0.001,0.001,GOOD,950.3385633,-2425.890727
BANTA-CARBONA I.D.,Tomatoes,San Joaquin River,750.894725,99.69467136,46.73447582,2.379660861,122.4440466,50,1913.505271,924.141116,0.74,50,0.026280181,0.198348523,0.410695875,0.4,751.6456197,1524.132706,0,23.52100934,-1.5,0.321191407,0.125279805,0.373260128,0.18026866,43.84952393,0.001799655,236869.0497,1913.505271,924.141116,750.894725,750.894725,750.1438303,1785.087913,750.1034318,750.1291234,0.750894725,1.786874788,0.001,0.001,GOOD,99.69467136,-2910.395762
BANTA-CARBONA I.D.,Truck,San Joaquin River,43.2080525,690.3355797,21.20927139,2.667732673,775.1695468,50,4298.997918,3487.484178,0.41,50,0.052943262,0.238191489,0.293617021,0.4,43.25126055,5883.728618,0,23.52100934,-1.5,0.435222421,0.055856808,0.280980462,0.227940309,20.59629064,0.056448376,10291.91257,4298.997918,3487.484178,43.2080525,43.2080525,43.16484445,115.1522659,43.16463072,43.1639492,0.043208052,0.115267533,0.001,0.001,GOOD,690.3355797,-7921.316063
BANTA-CARBONA I.D.,Walnuts,San Joaquin River,2723.547312,1802.497789,1.658526763,4.952669773,765.1413128,50,268.1025116,816.5691826,0.13,50,0.25594369,0.273146576,0.089681664,0.4,2726.270859,775.5525357,0,23.52100934,-1.5,0.232076178,0.604538695,0.040384536,0.123000591,0.974383924,0.002824371,248.9246132,268.1025116,816.5691826,2723.547312,2723.547312,2726.270859,13502.31928,2725.969609,2726.037606,-2.723547312,-13.48883045,0.001,0.001,GOOD,1802.497789,-97.315218
BROADVIEW W.D.,Field and Grain,San Joaquin River,2599.513597,194.8087562,3.454627792,2.917058441,127.4152527,25,76.29216244,327.7457083,0.74,25,0.189326621,0.486998112,0.113362702,0.4,2599.264625,17.15303971,68.61215883,0,-1.5,0.217409137,0.370538423,0.077805508,0.334246932,2.733474411,0.000519848,71996.67325,76.29216244,327.7457083,2599.513597,2599.513597,2599.517077,7582.943232,2536.501533,2536.480726,-0.003479985,-0.01015132,1.34E-06,1.34E-06,GOOD,194.8087562,-361.6443672
BROADVIEW W.D.,Onions and Garlic,San Joaquin River,248.9715927,1579.216395,6.547714821,1.480822037,1660.207972,50,2894.594241,4313.35249,0.41,50,0.160557684,0.417141646,0.279934415,0.4,249.2205643,1346.603671,68.61215883,0,-1.5,0.29523712,0.012808349,0.277877692,0.414076839,6.522807667,0.009796396,26778.42584,2894.594241,4313.35249,248.9715927,248.9715927,248.9681127,368.6774678,248.4255041,248.4256199,0.003479985,0.005153239,1.40E-05,1.40E-05,GOOD,1579.216395,-7338.938308
Byron Bethany (CVP),Alfalfa,San Joaquin River,68.96354348,290.4258221,6.981811447,4.134965358,571.5529894,50,305.9903334,377.9325916,1.86,50,0.281872792,0.186385019,0.150905255,0.4,69.03250702,468.2155881,0,23.52100934,-1.5,0.242943972,0.597256092,0.071495243,0.088304693,4.243100361,0.007795922,77907.19071,305.9903334,377.9325916,68.96354348,68.96354348,69.03250702,285.4470251,69.03396133,69.03398999,-0.068963543,-0.285161863,0.001,0.001,GOOD,290.4258221,-1015.050092
Byron Bethany (CVP),Almonds,San Joaquin River,1272.888127,4775.762292,1.018616781,4.125499535,1058.3111,50,455.3980167,1465.658483,0.4,50,0.217550368,0.301286212,0.093613311,0.4,1274.161015,1581.993123,0,23.52100934,-1.5,0.371720169,0.357820298,0.064114062,0.206345471,0.79144599,0.001964037,110348.896,455.3980167,1465.658483,1272.888127,1272.888127,1272.997704,5251.751437,1273.008598,1272.99858,-0.109577281,-0.45206102,8.61E-05,8.61E-05,GOOD,4775.762292,1746.394692
Byron Bethany (CVP),Field and Grain,San Joaquin River,241.5843527,194.8087562,3.454627792,2.917058441,127.4152527,25,76.29216244,327.7457083,0.74,25,0.189326621,0.486998112,0.113362702,0.4,239.5491224,0,0,23.52100934,-1.5,0.103034989,0.570237743,0.061694043,0.265033225,2.302766795,0.005593704,5897.086612,76.29216244,327.7457083,241.5843527,241.5843527,241.3427683,704.0109596,241.3453907,241.3514216,0.241584353,0.704715675,0.001,0.001,GOOD,194.8087562,-361.6443672
Byron Bethany (CVP),Grapes,San Joaquin River,11.32738188,1686.199914,10.80135885,3.098484515,5693.452831,50,6051.355458,4549.18964,0.13,50,0.312599493,0.249773629,0.332250166,0.4,11.33870926,1691.448726,0,23.52100934,-1.5,0.384071916,0.064617868,0.31471722,0.236592996,10.41794182,0.679089641,4.962389177,6051.355458,4549.18964,11.32738188,11.32738188,11.32270743,35.08323365,11.32268266,11.32275453,0.004674446,0.014483698,0.000412668,0.000412668,GOOD,1686.199914,-14657.79802
Byron Bethany (CVP),Subtropical,San Joaquin River,3.65141321,950.3385633,4.405405823,3.247465856,846.2602941,50,1809.449159,670.5198376,0.13,50,0.202134149,0.160157528,0.432197361,0.4,3.655064623,621.6407824,0,23.52100934,-1.5,0.274624722,0.261406141,0.338523815,0.125445322,3.74332325,2.106665899,0.317961356,1809.449159,670.5198376,3.65141321,3.65141321,3.647761797,11.84598189,3.647710709,3.647727691,0.003651413,0.01185784,0.001,0.001,GOOD,950.3385633,-2425.890727
Byron Bethany (CVP),Walnuts,San Joaquin River,71.36938777,1802.497789,1.658526763,4.952669773,765.1413128,50,268.1025116,816.5691826,0.13,50,0.25594369,0.273146576,0.089681664,0.4,71.44075716,775.5525357,0,23.52100934,-1.5,0.232076178,0.604538695,0.040384536,0.123000591,0.974383924,0.107781612,6.522962597,268.1025116,816.5691826,71.36938777,71.36938777,71.44075716,353.8224785,71.44136522,71.4409333,-0.071369388,-0.35346901,0.001,0.001,GOOD,1802.497789,-97.315218
CENTRAL CALIFORNIA I.D.,Alfalfa,San Joaquin River,18210.31372,290.4258221,6.981811447,4.134965358,571.5529894,50,305.9903334,377.9325916,1.86,50,0.281872792,0.186385019,0.150905255,0.4,18228.52403,468.2155881,0,23.52100934,-1.5,0.242943972,0.597256092,0.071495243,0.088304693,4.243100361,2.95E-05,20571947.33,305.9903334,377.9325916,18210.31372,18210.31372,18228.52403,75374.31541,18216.63139,18219.69418,-18.21031367,-75.29901617,0.001,0.001,GOOD,290.4258221,-1015.050092
CENTRAL CALIFORNIA I.D.,Almonds,San Joaquin River,28641.94076,4775.762292,1.018616781,4.125499535,1058.3111,50,455.3980167,1465.658483,0.4,50,0.217550368,0.301286212,0.093613311,0.4,28670.5827,1581.993123,0,23.52100934,-1.5,0.371720169,0.357820298,0.064114062,0.206345471,0.79144599,8.73E-05,2483019.894,455.3980167,1465.658483,28641.94076,28641.94076,28664.18619,118254.0868,28647.09282,28650.43633,-22.24542867,-91.77350564,0.000776673,0.000776673,GOOD,4775.762292,1746.394692
CENTRAL CALIFORNIA I.D.,Beans Dry,San Joaquin River,933.0703639,1593.773361,1.285477627,2.212101358,174.4872303,50,145.5634062,1032.584352,1.68,50,0.085167238,0.504004546,0.071049516,0.4,934.0034343,533.489085,0,23.52100934,-1.5,0.292405921,0.220999581,0.060120093,0.426474406,1.15001508,0.000637935,611975.1482,145.5634062,1032.584352,933.0703639,933.0703639,932.1372935,2061.982173,932.0428221,931.8747019,0.933070364,2.064046219,0.001,0.001,GOOD,1593.773361,191.1383725
CENTRAL CALIFORNIA I.D.,Corn,San Joaquin River,23561.0521,77.55530093,25.22861255,2.415829265,172.4592835,50,171.1787432,1093.099489,0.3,50,0.088141761,0.558669339,0.087487293,0.4,23584.61315,342.2609167,0,23.52100934,-1.5,0.210440022,0.272668006,0.069985321,0.446906651,21.74042456,0.000141476,129789.2951,171.1787432,1093.099489,23561.0521,23561.0521,23537.49105,56862.5597,23547.57269,23537.18843,23.5610521,56.91947918,0.001,0.001,GOOD,77.55530093,-1409.182215
CENTRAL CALIFORNIA I.D.,Cotton,San Joaquin River,23112.34707,3399.208415,0.729719844,3.634047537,368.4467916,50,194.0424101,1104.40523,0.68,50,0.148539114,0.445240339,0.078228087,0.4,23135.45942,546.3965597,0,23.52100934,-1.5,0.22509733,0.455419453,0.047744161,0.271739056,0.525042583,6.36E-05,3303933.851,194.0424101,1104.40523,23112.34707,23112.34707,23102.13408,83954.25345,23119.25599,23111.20064,10.2129911,37.11449514,0.000441885,0.000441885,GOOD,3399.208415,1682.313983
CENTRAL CALIFORNIA I.D.,Cucurbits,San Joaquin River,2512.831711,384.0603914,14.86947686,2.299627126,267.5771763,50,3732.550158,1306.069594,0.05,50,0.046854775,0.228702604,0.653597591,0.4,2515.344543,235.5092671,0,23.52100934,-1.5,0.082052127,0.096161726,0.608769497,0.21301665,14.18155923,0.007959148,0.000130283,3732.550158,1306.069594,2512.831711,2512.831711,2510.318879,5772.79739,2511.003701,2511.042025,2.512831711,5.778575966,0.001,0.001,GOOD,384.0603914,-4972.136537
CENTRAL CALIFORNIA I.D.,Field and Grain,San Joaquin River,4831.875016,194.8087562,3.454627792,2.917058441,127.4152527,25,76.29216244,327.7457083,0.74,25,0.189326621,0.486998112,0.113362702,0.4,4686.619425,0,0,23.52100934,-1.5,0.103034989,0.570237743,0.061694043,0.265033225,2.302766795,0.000279674,117946.3204,76.29216244,327.7457083,4831.875016,4831.875016,4827.043141,14080.76694,4828.122676,4827.645365,4.831875016,14.0948618,0.001,0.001,GOOD,194.8087562,-361.6443672
CENTRAL CALIFORNIA I.D.,Grapes,San Joaquin River,109.2901182,1686.199914,10.80135885,3.098484515,5693.452831,50,6051.355458,4549.18964,0.13,50,0.312599493,0.249773629,0.332250166,0.4,109.3994083,1691.448726,0,23.52100934,-1.5,0.384071916,0.064617868,0.31471722,0.236592996,10.41794182,0.070384293,47.87868066,6051.355458,4549.18964,109.2901182,109.2901182,109.2647806,338.5552307,109.2695774,109.2666914,0.025337592,0.078508137,0.000231838,0.000231838,GOOD,1686.199914,-14657.79802
CENTRAL CALIFORNIA I.D.,Lettuce,San Joaquin River,384.117709,1008,18.9,3.326092372,1600,65,12500,929,0.25,65,0.083984211,0.048763332,0.656126648,0.4,384.5018267,3727.770946,0,23.52100934,-1.5,0.259350126,0.086940682,0.608486477,0.045222715,17.97369249,0.010413475,9370.698314,12500,929,384.117709,384.117709,383.9780997,1277.146628,383.98186,383.9975068,0.139609309,0.464353459,0.000363454,0.000363454,GOOD,1008,-14086
CENTRAL CALIFORNIA I.D.,Onions and Garlic,San Joaquin River,242.0243169,1579.216395,6.547714821,1.480822037,1660.207972,50,2894.594241,4313.35249,0.41,50,0.160557684,0.417141646,0.279934415,0.4,242.2663412,1363.232361,0,23.52100934,-1.5,0.289946686,0.018814184,0.277590399,0.413648732,6.511112318,0.010077601,26175.16501,2894.594241,4313.35249,242.0243169,242.0243169,241.7822926,358.036547,241.8130644,241.810712,0.242024317,0.358394942,0.001,0.001,GOOD,1579.216395,-7338.938308
CENTRAL CALIFORNIA I.D.,Orchards,San Joaquin River,952.0058482,4762.917744,3.247388671,3.445837194,2203.997553,50,5347.052266,5630.387791,0.13,50,0.142496355,0.364024786,0.345706127,0.4,952.957854,2032.266084,0,23.52100934,-1.5,0.251646253,0.096262212,0.317630295,0.334461241,3.069098535,0.008080106,239.2429587,5347.052266,5630.387791,952.0058482,952.0058482,951.8438029,3279.898779,951.8021128,951.812846,0.16204535,0.558381893,0.000170215,0.000170215,GOOD,4762.917744,-8468.519866
CENTRAL CALIFORNIA I.D.,Pasture,San Joaquin River,2751.172496,226.9343417,5,4.600187047,214.8235605,10,128.6294508,552.5829798,0.51,10,0.189326621,0.486998112,0.113362702,0.4,2753.923668,84.43280444,0,23.52100934,-1.5,0.119611056,0.608112236,0.051412455,0.220864254,2.951450069,0.000712709,59098.10915,128.6294508,552.5829798,2751.172496,2751.172496,2753.923668,12668.56399,2752.356681,2753.691666,-2.751172471,-12.65590796,0.001,0.001,GOOD,226.9343417,-679.1016494
CENTRAL CALIFORNIA I.D.,Pistachios,San Joaquin River,2317.500868,4897.401316,1.414819371,3.805829794,1806.455069,50,360.6739904,1788.10266,0.4,50,0.260711671,0.25806301,0.052053284,0.4,2319.818369,2693.898082,0,23.52100934,-1.5,0.5157052,0.238061837,0.041330413,0.204902551,1.213152511,0.001078748,342444.5723,360.6739904,1788.10266,2317.500868,2317.500868,2318.155993,8822.507146,2318.19814,2318.372677,-0.655125142,-2.493294786,0.000282686,0.000282686,GOOD,4897.401316,892.1695966
CENTRAL CALIFORNIA I.D.,Rice,San Joaquin River,2000.559108,573.2274458,4.688550562,4.833919598,335.3762222,50,192.0996257,1541.750863,0.2,50,0.124786237,0.573652143,0.071476115,0.4,2002.559667,262.9845044,0,23.52100934,-1.5,0.097942206,0.618253836,0.031443677,0.252360281,2.71198235,0.002499301,1613.139978,192.0996257,1541.750863,2000.559108,2000.559108,2002.559667,9680.212421,2002.749903,2002.581757,-2.000559108,-9.670541879,0.001,0.001,GOOD,573.2274458,-1545.999265
CENTRAL CALIFORNIA I.D.,Subtropical,San Joaquin River,103.0848701,950.3385633,4.405405823,3.247465856,846.2602941,50,1809.449159,670.5198376,0.13,50,0.202134149,0.160157528,0.432197361,0.4,103.187955,621.6407824,0,23.52100934,-1.5,0.274624722,0.261406141,0.338523815,0.125445322,3.74332325,0.074621113,8.97652584,1809.449159,670.5198376,103.0848701,103.0848701,102.9885452,334.451784,102.9924407,103.0086208,0.096324918,0.312811883,0.000934423,0.000934423,GOOD,950.3385633,-2425.890727
CENTRAL CALIFORNIA I.D.,Tomatoes,San Joaquin River,7760.773398,99.69467136,46.73447582,2.379660861,122.4440466,50,1913.505271,924.141116,0.74,50,0.026280181,0.198348523,0.410695875,0.4,7768.534171,1524.132706,0,23.52100934,-1.5,0.321191407,0.125279805,0.373260128,0.18026866,43.84952393,0.000174126,2448128.823,1913.505271,924.141116,7760.773398,7760.773398,7753.012625,18449.5407,7752.154321,7751.846912,7.760773398,18.46800871,0.001,0.001,GOOD,99.69467136,-2910.395762
CENTRAL CALIFORNIA I.D.,Truck,San Joaquin River,451.6400536,690.3355797,21.20927139,2.667732673,775.1695468,50,4298.997918,3487.484178,0.41,50,0.052943262,0.238191489,0.293617021,0.4,452.0916937,5883.728618,0,23.52100934,-1.5,0.435222421,0.055856808,0.280980462,0.227940309,20.59629064,0.005400372,107578.0942,4298.997918,3487.484178,451.6400536,451.6400536,451.1884135,1203.650073,451.1921539,451.1914814,0.451640051,1.204854922,0.001,0.001,GOOD,690.3355797,-7921.316063
CENTRAL CALIFORNIA I.D.,Walnuts,San Joaquin River,5066.976166,1802.497789,1.658526763,4.952669773,765.1413128,50,268.1025116,816.5691826,0.13,50,0.25594369,0.273146576,0.089681664,0.4,5072.043142,775.5525357,0,23.52100934,-1.5,0.232076178,0.604538695,0.040384536,0.123000591,0.974383924,0.001518126,463.1074617,268.1025116,816.5691826,5066.976166,5066.976166,5072.043142,25120.15476,5071.902955,5071.325902,-5.066976166,-25.0950597,0.001,0.001,GOOD,1802.497789,-97.315218
CITY OF TRACY,Alfalfa,San Joaquin River,55.10480116,290.4258221,6.981811447,4.134965358,571.5529894,50,305.9903334,377.9325916,1.86,50,0.281872792,0.186385019,0.150905255,0.4,54.99933196,141.3685367,565.4741469,0,-1.5,0.345445261,0.469746594,0.082684033,0.102124112,4.88981814,0.00975658,42682.75612,305.9903334,377.9325916,55.10480116,55.10480116,55.04969636,227.6285874,52.90445289,52.90445731,0.055104801,0.227856444,0.001,0.001,GOOD,290.4258221,-1015.050092
CITY OF TRACY,Beans Dry,San Joaquin River,105.4692014,1593.773361,1.285477627,2.212101358,174.4872303,50,145.5634062,1032.584352,1.68,50,0.085167238,0.504004546,0.071049516,0.4,105.5746706,161.4143315,565.4741469,0,-1.5,0.368898623,0.148930533,0.059573538,0.422597305,1.195028825,0.005643715,32819.98228,145.5634062,1032.584352,105.4692014,105.4692014,105.5243062,233.4304611,99.46135229,99.46138242,-0.055104801,-0.121897406,0.000522473,0.000522473,GOOD,1593.773361,191.1383725
COLUMBIA CANAL CO.,Almonds,San Joaquin River,11538.26395,4775.762292,1.018616781,4.125499535,1058.3111,50,455.3980167,1465.658483,0.4,50,0.217550368,0.301286212,0.093613311,0.4,11549.80221,1506.272834,0,41.8752205,-1.5,0.334727438,0.414537808,0.059438184,0.19129657,0.75248199,0.00021667,971585.8327,455.3980167,1465.658483,11538.26395,11538.26395,11540.02281,47608.35872,11539.26715,11539.40769,-1.758857121,-7.256164235,0.000152437,0.000152437,GOOD,4775.762292,1746.394692
COLUMBIA CANAL CO.,Corn,San Joaquin River,29.13194869,77.55530093,25.22861255,2.415829265,172.4592835,50,171.1787432,1093.099489,0.3,50,0.088141761,0.558669339,0.087487293,0.4,29.16108064,297.9202763,0,41.8752205,-1.5,0.183164052,0.324530703,0.066656366,0.425648878,21.04543004,0.114421914,146.6530026,171.1787432,1093.099489,29.13194869,29.13194869,29.10281674,70.30743638,29.1073154,29.1027795,0.029131949,0.070377814,0.001,0.001,GOOD,77.55530093,-1409.182215
COLUMBIA CANAL CO.,Cotton,San Joaquin River,135.3993331,3399.208415,0.729719844,3.634047537,368.4467916,50,194.0424101,1104.40523,0.68,50,0.148539114,0.445240339,0.078228087,0.4,135.5347324,479.6964839,0,41.8752205,-1.5,0.190184263,0.51865702,0.043511296,0.247647421,0.493532428,0.010861119,17944.29108,194.0424101,1104.40523,135.3993331,135.3993331,135.2639338,491.5555654,135.2685873,135.2660629,0.135399333,0.492047613,0.001,0.001,GOOD,3399.208415,1682.313983
COLUMBIA CANAL CO.,Field and Grain,San Joaquin River,8.72700116,194.8087562,3.454627792,2.917058441,127.4152527,25,76.29216244,327.7457083,0.74,25,0.189326621,0.486998112,0.113362702,0.4,0,0,0,41.8752205,-1.5,0.084753225,0.646491568,0.05074751,0.218007697,2.127457973,0.154847161,213.0265521,76.29216244,327.7457083,8.72700116,8.72700116,8.718274159,25.43171523,8.125589458,8.119425194,0.008727001,0.025457172,0.001,0.001,GOOD,194.8087562,-361.6443672
COLUMBIA CANAL CO.,Grapes,San Joaquin River,31.5693198,1686.199914,10.80135885,3.098484515,5693.452831,50,6051.355458,4549.18964,0.13,50,0.312599493,0.249773629,0.332250166,0.4,31.60088912,1634.578487,0,41.8752205,-1.5,0.376158751,0.079699496,0.31062508,0.233516673,10.32743813,0.24366403,13.72363345,6051.355458,4549.18964,31.5693198,31.5693198,31.5477183,97.75011663,31.5479182,31.54772918,0.021601503,0.066931924,0.000684256,0.000684256,GOOD,1686.199914,-14657.79802
COLUMBIA CANAL CO.,Pasture,San Joaquin River,27.51344268,226.9343417,5,4.600187047,214.8235605,10,128.6294508,552.5829798,0.51,10,0.189326621,0.486998112,0.113362702,0.4,20.99213622,0,0,41.8752205,-1.5,0.066088659,0.724342074,0.039571767,0.1699975,2.478830561,0.071266411,424.2669624,128.6294508,552.5829798,27.51344268,27.51344268,27.54095612,126.6935496,27.54455341,27.53932097,-0.027513443,-0.126566983,0.001,0.001,GOOD,226.9343417,-679.1016494
COLUMBIA CANAL CO.,Pistachios,San Joaquin River,1889.392969,4897.401316,1.414819371,3.805829794,1806.455069,50,360.6739904,1788.10266,0.4,50,0.260711671,0.25806301,0.052053284,0.4,1891.282362,2624.045079,0,41.8752205,-1.5,0.482868349,0.282942237,0.039308893,0.194880522,1.173264996,0.001323176,274851.959,360.6739904,1788.10266,1889.392969,1889.392969,1887.803088,7184.657239,1888.030901,1887.929426,1.58988063,6.050815071,0.000841477,0.000841477,GOOD,4897.401316,892.1695966
COLUMBIA CANAL CO.,Truck,San Joaquin River,1.6301472,690.3355797,21.20927139,2.667732673,775.1695468,50,4298.997918,3487.484178,0.41,50,0.052943262,0.238191489,0.293617021,0.4,1.631777347,5834.76449,0,41.8752205,-1.5,0.427429781,0.069059243,0.277993657,0.225517318,20.45007266,1.496198865,385.4366168,4298.997918,3487.484178,1.6301472,1.6301472,1.628517053,4.34444815,1.628487399,1.628500571,0.001630147,0.004348797,0.001,0.001,GOOD,690.3355797,-7921.316063
DEL PUERTO WATER DISTRICT,Almonds,San Joaquin River,20949.55081,4775.762292,1.018616781,4.125499535,1058.3111,50,455.3980167,1465.658483,0.4,50,0.217550368,0.301286212,0.093613311,0.4,20970.50036,1581.993123,0,23.52100934,-1.5,0.371720169,0.357820298,0.064114062,0.206345471,0.79144599,0.000119334,1816153.167,455.3980167,1465.658483,20949.55081,20949.55081,20956.2643,86455.05863,20947.55917,20948.95263,-6.713490208,-27.69650073,0.00032046,0.00032046,GOOD,4775.762292,1746.394692
DEL PUERTO WATER DISTRICT,Beans Dry,San Joaquin River,783.2296024,1593.773361,1.285477627,2.212101358,174.4872303,50,145.5634062,1032.584352,1.68,50,0.085167238,0.504004546,0.071049516,0.4,784.012832,533.489085,0,23.52100934,-1.5,0.292405921,0.220999581,0.060120093,0.426474406,1.15001508,0.000759979,513698.7204,145.5634062,1032.584352,783.2296024,783.2296024,782.4463728,1730.850684,782.4963569,782.515304,0.783229602,1.732583267,0.001,0.001,GOOD,1593.773361,191.1383725
DEL PUERTO WATER DISTRICT,Corn,San Joaquin River,329.2151445,77.55530093,25.22861255,2.415829265,172.4592835,50,171.1787432,1093.099489,0.3,50,0.088141761,0.558669339,0.087487293,0.4,329.5443596,342.2609167,0,23.52100934,-1.5,0.210440022,0.272668006,0.069985321,0.446906651,21.74042456,0.010125091,1813.52689,171.1787432,1093.099489,329.2151445,329.2151445,328.8859294,794.532253,329.0189093,328.9179815,0.329215144,0.795327581,0.001,0.001,GOOD,77.55530093,-1409.182215
DEL PUERTO WATER DISTRICT,Cucurbits,San Joaquin River,277.5334304,384.0603914,14.86947686,2.299627126,267.5771763,50,3732.550158,1306.069594,0.05,50,0.046854775,0.228702604,0.653597591,0.4,277.8109638,235.5092671,0,23.52100934,-1.5,0.082052127,0.096161726,0.608769497,0.21301665,14.18155923,0.072063391,1.44E-05,3732.550158,1306.069594,277.5334304,277.5334304,277.255897,637.5851815,277.3362224,277.3499323,0.27753343,0.638223405,0.001,0.001,GOOD,384.0603914,-4972.136537
DEL PUERTO WATER DISTRICT,Field and Grain,San Joaquin River,2222.958742,194.8087562,3.454627792,2.917058441,127.4152527,25,76.29216244,327.7457083,0.74,25,0.189326621,0.486998112,0.113362702,0.4,2182.266623,0,0,23.52100934,-1.5,0.103034989,0.570237743,0.061694043,0.265033225,2.302766795,0.000607907,54262.53849,76.29216244,327.7457083,2222.958742,2222.958742,2220.735783,6478.016062,2222.218104,2221.489588,2.222958742,6.484500562,0.001,0.001,GOOD,194.8087562,-361.6443672
DEL PUERTO WATER DISTRICT,Grapes,San Joaquin River,589.1020233,1686.199914,10.80135885,3.098484515,5693.452831,50,6051.355458,4549.18964,0.13,50,0.312599493,0.249773629,0.332250166,0.4,589.6911253,1691.448726,0,23.52100934,-1.5,0.384071916,0.064617868,0.31471722,0.236592996,10.41794182,0.013057683,258.0784806,6051.355458,4549.18964,589.1020233,589.1020233,588.9268751,1824.780803,588.9356046,588.9448495,0.175148239,0.542694106,0.000297314,0.000297314,GOOD,1686.199914,-14657.79802
DEL PUERTO WATER DISTRICT,Lettuce,San Joaquin River,151.2744347,1008,18.9,3.326092372,1600,65,12500,929,0.25,65,0.083984211,0.048763332,0.656126648,0.4,151.4257091,3727.770946,0,23.52100934,-1.5,0.259350126,0.086940682,0.608486477,0.045222715,17.97369249,0.026442009,3690.397649,12500,929,151.2744347,151.2744347,151.1896368,502.8706977,151.194648,151.1884829,0.084797896,0.282045636,0.000560557,0.000560557,GOOD,1008,-14086
DEL PUERTO WATER DISTRICT,Onions and Garlic,San Joaquin River,183.5599741,1579.216395,6.547714821,1.480822037,1660.207972,50,2894.594241,4313.35249,0.41,50,0.160557684,0.417141646,0.279934415,0.4,183.7435341,1363.232361,0,23.52100934,-1.5,0.289946686,0.018814184,0.277590399,0.413648732,6.511112318,0.013287343,19852.18954,2894.594241,4313.35249,183.5599741,183.5599741,183.3764141,271.5478351,183.3779069,183.3731068,0.183559974,0.271819655,0.001,0.001,GOOD,1579.216395,-7338.938308
DEL PUERTO WATER DISTRICT,Orchards,San Joaquin River,3732.171366,4762.917744,3.247388671,3.445837194,2203.997553,50,5347.052266,5630.387791,0.13,50,0.142496355,0.364024786,0.345706127,0.4,3735.903537,2032.266084,0,23.52100934,-1.5,0.251646253,0.096262212,0.317630295,0.334461241,3.069098535,0.002061081,937.9099105,5347.052266,5630.387791,3732.171366,3732.171366,3731.089153,12856.72578,3731.12942,3731.174478,1.08221283,3.729129221,0.000289969,0.000289969,GOOD,4762.917744,-8468.519866
DEL PUERTO WATER DISTRICT,Pasture,San Joaquin River,12.22933412,226.9343417,5,4.600187047,214.8235605,10,128.6294508,552.5829798,0.51,10,0.189326621,0.486998112,0.113362702,0.4,12.24156345,84.43280444,0,23.52100934,-1.5,0.119611056,0.608112236,0.051412455,0.220864254,2.951450069,0.160334512,262.6990942,128.6294508,552.5829798,12.22933412,12.22933412,12.24156345,56.31348164,12.24050562,12.24472267,-0.012229334,-0.056257224,0.001,0.001,GOOD,226.9343417,-679.1016494
DEL PUERTO WATER DISTRICT,Pistachios,San Joaquin River,145.9097685,4897.401316,1.414819371,3.805829794,1806.455069,50,360.6739904,1788.10266,0.4,50,0.260711671,0.25806301,0.052053284,0.4,146.0556783,2693.898082,0,23.52100934,-1.5,0.5157052,0.238061837,0.041330413,0.204902551,1.213152511,0.017133877,21560.29754,360.6739904,1788.10266,145.9097685,145.9097685,145.8879238,555.2246069,145.8829165,145.8861373,0.021844733,0.083137335,0.000149714,0.000149714,GOOD,4897.401316,892.1695966
DEL PUERTO WATER DISTRICT,Subtropical,San Joaquin River,1105.850277,950.3385633,4.405405823,3.247465856,846.2602941,50,1809.449159,670.5198376,0.13,50,0.202134149,0.160157528,0.432197361,0.4,1106.956127,621.6407824,0,23.52100934,-1.5,0.274624722,0.261406141,0.338523815,0.125445322,3.74332325,0.006956012,96.2963195,1809.449159,670.5198376,1105.850277,1105.850277,1104.744427,3587.619806,1104.71817,1104.693859,1.105850222,3.591210839,0.001,0.001,GOOD,950.3385633,-2425.890727
DEL PUERTO WATER DISTRICT,Tomatoes,San Joaquin River,1547.975894,99.69467136,46.73447582,2.379660861,122.4440466,50,1913.505271,924.141116,0.74,50,0.026280181,0.198348523,0.410695875,0.4,1549.52387,1524.132706,0,23.52100934,-1.5,0.321191407,0.125279805,0.373260128,0.18026866,43.84952393,0.00087298,488307.5706,1913.505271,924.141116,1547.975894,1547.975894,1546.427918,3679.973991,1546.585408,1546.602906,1.547975894,3.683657649,0.001,0.001,GOOD,99.69467136,-2910.395762
DEL PUERTO WATER DISTRICT,Truck,San Joaquin River,48.43551713,690.3355797,21.20927139,2.667732673,775.1695468,50,4298.997918,3487.484178,0.41,50,0.052943262,0.238191489,0.293617021,0.4,48.48395265,5883.728618,0,23.52100934,-1.5,0.435222421,0.055856808,0.280980462,0.227940309,20.59629064,0.050356113,11537.06493,4298.997918,3487.484178,48.43551713,48.43551713,48.38708166,129.0837987,48.38820472,48.38863025,0.048435473,0.129212893,0.000999999,0.000999999,GOOD,690.3355797,-7921.316063
DEL PUERTO WATER DISTRICT,Walnuts,San Joaquin River,1137.042638,1802.497789,1.658526763,4.952669773,765.1413128,50,268.1025116,816.5691826,0.13,50,0.25594369,0.273146576,0.089681664,0.4,1138.179681,775.5525357,0,23.52100934,-1.5,0.232076178,0.604538695,0.040384536,0.123000591,0.974383924,0.006765188,103.9225196,268.1025116,816.5691826,1137.042638,1137.042638,1138.179681,5637.028101,1138.145938,1138.228839,-1.137042638,-5.631396704,0.001,0.001,GOOD,1802.497789,-97.315218
EAGLE FIELD W.D.,Cotton,San Joaquin River,714.320309,3399.208415,0.729719844,3.634047537,368.4467916,50,194.0424101,1104.40523,0.68,50,0.148539114,0.445240339,0.078228087,0.4,714.320309,157.9682564,631.8730258,0,-1.5,0.311744361,0.338788404,0.052225028,0.297242207,0.580820733,0.002058724,58757.30261,194.0424101,1104.40523,714.320309,714.320309,714.320309,2595.87396,679.8089736,679.8072371,-3.96E-11,-1.44E-10,5.54E-14,5.54E-14,GOOD,3399.208415,1682.313983
FIREBAUGH CANAL W.D.,Alfalfa,San Joaquin River,758.348669,290.4258221,6.981811447,4.134965358,571.5529894,50,305.9903334,377.9325916,1.86,50,0.281872792,0.186385019,0.150905255,0.4,759.1070177,468.2155881,0,23.52100934,-1.5,0.242943972,0.597256092,0.071495243,0.088304693,4.243100361,0.000708954,856696.3268,305.9903334,377.9325916,758.348669,758.348669,759.1070177,3138.881221,759.1079811,759.1209794,-0.758348669,-3.135745476,0.001,0.001,GOOD,290.4258221,-1015.050092
FIREBAUGH CANAL W.D.,Almonds,San Joaquin River,2106.991015,4775.762292,1.018616781,4.125499535,1058.3111,50,455.3980167,1465.658483,0.4,50,0.217550368,0.301286212,0.093613311,0.4,2109.098006,1581.993123,0,23.52100934,-1.5,0.371720169,0.357820298,0.064114062,0.206345471,0.79144599,0.001186526,182658.7329,455.3980167,1465.658483,2106.991015,2106.991015,2109.098006,8701.082843,2109.145564,2109.136825,-2.106991014,-8.69239045,0.001,0.001,GOOD,4775.762292,1746.394692
FIREBAUGH CANAL W.D.,Cotton,San Joaquin River,4267.500545,3399.208415,0.729719844,3.634047537,368.4467916,50,194.0424101,1104.40523,0.68,50,0.148539114,0.445240339,0.078228087,0.4,4271.768046,546.3965597,0,23.52100934,-1.5,0.22509733,0.455419453,0.047744161,0.271739056,0.525042583,0.000344602,610043.6044,194.0424101,1104.40523,4267.500545,4267.500545,4269.379093,15515.12658,4268.276152,4269.144343,-1.878548438,-6.826734325,0.000440199,0.000440199,GOOD,3399.208415,1682.313983
FIREBAUGH CANAL W.D.,Cucurbits,San Joaquin River,1230.088879,384.0603914,14.86947686,2.299627126,267.5771763,50,3732.550158,1306.069594,0.05,50,0.046854775,0.228702604,0.653597591,0.4,1231.318968,235.5092671,0,23.52100934,-1.5,0.082052127,0.096161726,0.608769497,0.21301665,14.18155923,0.016258988,6.38E-05,3732.550158,1306.069594,1230.088879,1230.088879,1228.85879,2825.917008,1228.756886,1228.713093,1.230088879,2.828745754,0.001,0.001,GOOD,384.0603914,-4972.136537
FIREBAUGH CANAL W.D.,Field and Grain,San Joaquin River,1501.920743,194.8087562,3.454627792,2.917058441,127.4152527,25,76.29216244,327.7457083,0.74,25,0.189326621,0.486998112,0.113362702,0.4,1481.236338,0,0,23.52100934,-1.5,0.103034989,0.570237743,0.061694043,0.265033225,2.302766795,0.000899749,36661.96344,76.29216244,327.7457083,1501.920743,1501.920743,1500.418822,4376.809391,1500.453565,1500.444414,1.501920743,4.381190581,0.001,0.001,GOOD,194.8087562,-361.6443672
FIREBAUGH CANAL W.D.,Orchards,San Joaquin River,464.1955626,4762.917744,3.247388671,3.445837194,2203.997553,50,5347.052266,5630.387791,0.13,50,0.142496355,0.364024786,0.345706127,0.4,464.6597582,2032.266084,0,23.52100934,-1.5,0.251646253,0.096262212,0.317630295,0.334461241,3.069098535,0.016571265,116.6542412,5347.052266,5630.387791,464.1955626,464.1955626,464.1377238,1599.343032,464.1225328,464.1183215,0.057838833,0.199303201,0.0001246,0.0001246,GOOD,4762.917744,-8468.519866
FIREBAUGH CANAL W.D.,Pasture,San Joaquin River,11.22471176,226.9343417,5,4.600187047,214.8235605,10,128.6294508,552.5829798,0.51,10,0.189326621,0.486998112,0.113362702,0.4,11.23593647,84.43280444,0,23.52100934,-1.5,0.119611056,0.608112236,0.051412455,0.220864254,2.951450069,0.174684603,241.1187382,128.6294508,552.5829798,11.22471176,11.22471176,11.23593647,51.68740942,11.23745813,11.23433392,-0.011224712,-0.051635774,0.001,0.001,GOOD,226.9343417,-679.1016494
FIREBAUGH CANAL W.D.,Pistachios,San Joaquin River,5070.535468,4897.401316,1.414819371,3.805829794,1806.455069,50,360.6739904,1788.10266,0.4,50,0.260711671,0.25806301,0.052053284,0.4,5075.606003,2693.898082,0,23.52100934,-1.5,0.5157052,0.238061837,0.041330413,0.204902551,1.213152511,0.000493045,749245.6092,360.6739904,1788.10266,5070.535468,5070.535468,5072.419298,19304.76449,5071.812736,5072.507642,-1.883830055,-7.169536549,0.000371525,0.000371525,GOOD,4897.401316,892.1695966
FIREBAUGH CANAL W.D.,Tomatoes,San Joaquin River,3626.49182,99.69467136,46.73447582,2.379660861,122.4440466,50,1913.505271,924.141116,0.74,50,0.026280181,0.198348523,0.410695875,0.4,3630.118312,1524.132706,0,23.52100934,-1.5,0.321191407,0.125279805,0.373260128,0.18026866,43.84952393,0.000372633,1143973.506,1913.505271,924.141116,3626.49182,3626.49182,3622.865328,8621.190826,3622.914772,3622.918533,3.62649182,8.629820647,0.001,0.001,GOOD,99.69467136,-2910.395762
FIREBAUGH CANAL W.D.,Truck,San Joaquin River,222.6026133,690.3355797,21.20927139,2.667732673,775.1695468,50,4298.997918,3487.484178,0.41,50,0.052943262,0.238191489,0.293617021,0.4,222.8252159,5883.728618,0,23.52100934,-1.5,0.435222421,0.055856808,0.280980462,0.227940309,20.59629064,0.010956854,53022.6775,4298.997918,3487.484178,222.6026133,222.6026133,222.3800107,593.2504203,222.3830839,222.3819495,0.222602613,0.593844265,0.001,0.001,GOOD,690.3355797,-7921.316063
FRESNO SLOUGH W.D.,Cotton,Tulare Lake,103.5348604,3710.758752,0.813814056,3.749301711,448.5684623,50,236.2384677,1344.566888,0.68,50,0.148539114,0.445240339,0.078228087,0.4,103.6383953,743.1441784,79.8460651,0,-1.5,0.301794522,0.32301368,0.056069354,0.319122443,0.654648124,0.014203798,19279.63045,236.2384677,1344.566888,103.5348604,103.5348604,103.5299867,388.1651563,102.9627248,102.9622712,0.004873683,0.018272909,4.71E-05,4.71E-05,GOOD,3710.758752,1631.384934
FRESNO SLOUGH W.D.,Field and Grain,Tulare Lake,67.73985905,289.315121,2.652255461,3.261387025,145.2774368,25,86.9874648,373.6919673,0.74,25,0.189326621,0.486998112,0.113362702,0.4,67.452903,19.96151627,79.8460651,0,-1.5,0.206650041,0.404915674,0.073345826,0.315088458,2.018309139,0.019949131,2144.391159,86.9874648,373.6919673,67.73985905,67.73985905,67.74826447,220.9533107,66.07418078,66.07346347,-0.008405425,-0.027413344,0.000124084,0.000124084,GOOD,289.315121,-341.6417479
FRESNO SLOUGH W.D.,Onions and Garlic,Tulare Lake,91.36117216,2408.610949,10.63434095,1.253629891,4112.522919,50,7170.237318,10684.66197,0.41,50,0.160557684,0.417141646,0.279934415,0.4,91.45253333,3524.001797,79.8460651,0,-1.5,0.300724697,0.003428857,0.279440621,0.416405824,10.62734939,0.026696509,24956.65914,7170.237318,10684.66197,91.36117216,91.36117216,91.36062461,114.5324099,91.26682461,91.26683317,0.000547545,0.000686419,5.99E-06,5.99E-06,GOOD,2408.610949,-19608.81126
FRESNO SLOUGH W.D.,Tomatoes,Tulare Lake,92.06001463,97.3922824,54.70338716,2.220206136,168.9385059,50,1803.712469,1201.075867,0.74,50,0.031709536,0.225440365,0.338554465,0.4,92.15207464,1983.066033,79.8460651,0,-1.5,0.398268686,0.06553364,0.321868405,0.214329269,53.02290541,0.014679026,37954.34555,1803.712469,1201.075867,92.06001463,92.06001463,92.05703043,204.3855838,91.74293817,91.74286913,0.002984196,0.006625531,3.24E-05,3.24E-05,GOOD,97.3922824,-3126.33456
GRASSLANDS W.D.,Alfalfa,San Joaquin River,386.7041862,290.4258221,6.981811447,4.134965358,571.5529894,50,305.9903334,377.9325916,1.86,50,0.281872792,0.186385019,0.150905255,0.4,387.0908904,468.2155881,0,23.52100934,-1.5,0.242943972,0.597256092,0.071495243,0.088304693,4.243100361,0.001390299,436854.5359,305.9903334,377.9325916,386.7041862,386.7041862,386.9593676,1600.06358,386.957844,386.9606158,-0.255181428,-1.055166365,0.000659888,0.000659888,GOOD,290.4258221,-1015.050092
GRASSLANDS W.D.,Corn,San Joaquin River,162.5600605,77.55530093,25.22861255,2.415829265,172.4592835,50,171.1787432,1093.099489,0.3,50,0.088141761,0.558669339,0.087487293,0.4,162.7226206,342.2609167,0,23.52100934,-1.5,0.210440022,0.272668006,0.069985321,0.446906651,21.74042456,0.020505242,895.4844452,171.1787432,1093.099489,162.5600605,162.5600605,162.3975004,392.3246341,162.3986169,162.3982353,0.16256006,0.392717351,0.001,0.001,GOOD,77.55530093,-1409.182215
GRASSLANDS W.D.,Cucurbits,San Joaquin River,40.80997137,384.0603914,14.86947686,2.299627126,267.5771763,50,3732.550158,1306.069594,0.05,50,0.046854775,0.228702604,0.653597591,0.4,40.85078134,235.5092671,0,23.52100934,-1.5,0.082052127,0.096161726,0.608769497,0.21301665,14.18155923,0.490076306,2.12E-06,3732.550158,1306.069594,40.80997137,40.80997137,40.7691614,93.75386946,40.76912293,40.76911876,0.040809971,0.093847717,0.001,0.001,GOOD,384.0603914,-4972.136537
GRASSLANDS W.D.,Field and Grain,San Joaquin River,476.1199729,194.8087562,3.454627792,2.917058441,127.4152527,25,76.29216244,327.7457083,0.74,25,0.189326621,0.486998112,0.113362702,0.4,474.7358826,0,0,23.52100934,-1.5,0.103034989,0.570237743,0.061694043,0.265033225,2.302766795,0.002838258,11622.1133,76.29216244,327.7457083,476.1199729,476.1199729,475.6438529,1387.480916,475.6452921,475.6438884,0.476119973,1.388869786,0.001,0.001,GOOD,194.8087562,-361.6443672
GRASSLANDS W.D.,Pasture,San Joaquin River,424.3085768,226.9343417,5,4.600187047,214.8235605,10,128.6294508,552.5829798,0.51,10,0.189326621,0.486998112,0.113362702,0.4,424.7328854,84.43280444,0,23.52100934,-1.5,0.119611056,0.608112236,0.051412455,0.220864254,2.951450069,0.004621128,9114.599184,128.6294508,552.5829798,424.3085768,424.3085768,424.7328854,1953.850718,424.729843,424.7306997,-0.424308577,-1.951898819,0.001,0.001,GOOD,226.9343417,-679.1016494
HENRY MILLER RECLAMATION DIST. 2131,Alfalfa,San Joaquin River,3429.2936,290.4258221,6.981811447,4.134965358,571.5529894,50,305.9903334,377.9325916,1.86,50,0.281872792,0.186385019,0.150905255,0.4,3432.722894,468.2155881,0,23.52100934,-1.5,0.242943972,0.597256092,0.071495243,0.088304693,4.243100361,0.000156777,3874027.015,305.9903334,377.9325916,3429.2936,3429.2936,3432.722894,14194.19025,3432.788786,3432.605817,-3.4292936,-14.18001024,0.001,0.001,GOOD,290.4258221,-1015.050092
HENRY MILLER RECLAMATION DIST. 2131,Almonds,San Joaquin River,1911.391907,4775.762292,1.018616781,4.125499535,1058.3111,50,455.3980167,1465.658483,0.4,50,0.217550368,0.301286212,0.093613311,0.4,1913.303299,1581.993123,0,23.52100934,-1.5,0.371720169,0.357820298,0.064114062,0.206345471,0.79144599,0.001307947,165701.9044,455.3980167,1465.658483,1911.391907,1911.391907,1913.303299,7893.33187,1913.34568,1913.321118,-1.911391907,-7.885446423,0.001,0.001,GOOD,4775.762292,1746.394692
HENRY MILLER RECLAMATION DIST. 2131,Corn,San Joaquin River,3153.419258,77.55530093,25.22861255,2.415829265,172.4592835,50,171.1787432,1093.099489,0.3,50,0.088141761,0.558669339,0.087487293,0.4,3156.572677,342.2609167,0,23.52100934,-1.5,0.210440022,0.272668006,0.069985321,0.446906651,21.74042456,0.001057054,17371.04358,171.1787432,1093.099489,3153.419258,3153.419258,3150.265839,7610.504406,3150.441463,3150.344856,3.153419258,7.618122528,0.001,0.001,GOOD,77.55530093,-1409.182215
HENRY MILLER RECLAMATION DIST. 2131,Cotton,San Joaquin River,10905.53375,3399.208415,0.729719844,3.634047537,368.4467916,50,194.0424101,1104.40523,0.68,50,0.148539114,0.445240339,0.078228087,0.4,10916.43928,546.3965597,0,23.52100934,-1.5,0.22509733,0.455419453,0.047744161,0.271739056,0.525042583,0.000134848,1558957.297,194.0424101,1104.40523,10905.53375,10905.53375,10916.43928,39670.85929,10911.90546,10915.21301,-10.90553375,-39.63122806,0.001,0.001,GOOD,3399.208415,1682.313983
HENRY MILLER RECLAMATION DIST. 2131,Cucurbits,San Joaquin River,1109.713777,384.0603914,14.86947686,2.299627126,267.5771763,50,3732.550158,1306.069594,0.05,50,0.046854775,0.228702604,0.653597591,0.4,1110.823491,235.5092671,0,23.52100934,-1.5,0.082052127,0.096161726,0.608769497,0.21301665,14.18155923,0.018022665,5.75E-05,3732.550158,1306.069594,1109.713777,1109.713777,1108.604063,2549.375976,1108.730133,1108.718194,1.109713777,2.551927904,0.001,0.001,GOOD,384.0603914,-4972.136537
HENRY MILLER RECLAMATION DIST. 2131,Field and Grain,San Joaquin River,3180.947776,194.8087562,3.454627792,2.917058441,127.4152527,25,76.29216244,327.7457083,0.74,25,0.189326621,0.486998112,0.113362702,0.4,3144.998524,0,0,23.52100934,-1.5,0.103034989,0.570237743,0.061694043,0.265033225,2.302766795,0.000424827,77647.10063,76.29216244,327.7457083,3180.947776,3180.947776,3179.209284,9273.939278,3179.458075,3179.304901,1.738491951,5.071282621,0.000546533,0.000546533,GOOD,194.8087562,-361.6443672
HENRY MILLER RECLAMATION DIST. 2131,Grapes,San Joaquin River,45.9422242,1686.199914,10.80135885,3.098484515,5693.452831,50,6051.355458,4549.18964,0.13,50,0.312599493,0.249773629,0.332250166,0.4,45.98816642,1691.448726,0,23.52100934,-1.5,0.384071916,0.064617868,0.31471722,0.236592996,10.41794182,0.167434377,20.12673348,6051.355458,4549.18964,45.9422242,45.9422242,45.94579692,142.3623403,45.94594852,45.94642072,-0.003572717,-0.011070008,7.78E-05,7.78E-05,GOOD,1686.199914,-14657.79802
HENRY MILLER RECLAMATION DIST. 2131,Lettuce,San Joaquin River,369.5729814,1008,18.9,3.326092372,1600,65,12500,929,0.25,65,0.083984211,0.048763332,0.656126648,0.4,369.9425544,3727.770946,0,23.52100934,-1.5,0.259350126,0.086940682,0.608486477,0.045222715,17.97369249,0.010823302,9015.874126,12500,929,369.5729814,369.5729814,369.7363255,1229.777172,369.7334616,369.7389021,-0.163344058,-0.543297427,0.000441981,0.000441981,GOOD,1008,-14086
HENRY MILLER RECLAMATION DIST. 2131,Onions and Garlic,San Joaquin River,706.9524385,1579.216395,6.547714821,1.480822037,1660.207972,50,2894.594241,4313.35249,0.41,50,0.160557684,0.417141646,0.279934415,0.4,707.6593909,1363.232361,0,23.52100934,-1.5,0.289946686,0.018814184,0.277590399,0.413648732,6.511112318,0.003450054,76457.59306,2894.594241,4313.35249,706.9524385,706.9524385,706.2454861,1045.823879,706.2479649,706.243399,0.706952439,1.04687075,0.001,0.001,GOOD,1579.216395,-7338.938308
HENRY MILLER RECLAMATION DIST. 2131,Orchards,San Joaquin River,97.56207581,4762.917744,3.247388671,3.445837194,2203.997553,50,5347.052266,5630.387791,0.13,50,0.142496355,0.364024786,0.345706127,0.4,97.65963789,2032.266084,0,23.52100934,-1.5,0.251646253,0.096262212,0.317630295,0.334461241,3.069098535,0.078845265,24.5177482,5347.052266,5630.387791,97.56207581,97.56207581,97.59938821,336.311602,97.60064136,97.59769691,-0.0373124,-0.128572454,0.000382448,0.000382448,GOOD,4762.917744,-8468.519866
HENRY MILLER RECLAMATION DIST. 2131,Pasture,San Joaquin River,506.723039,226.9343417,5,4.600187047,214.8235605,10,128.6294508,552.5829798,0.51,10,0.189326621,0.486998112,0.113362702,0.4,507.229762,84.43280444,0,23.52100934,-1.5,0.119611056,0.608112236,0.051412455,0.220864254,2.951450069,0.003869539,10884.94942,128.6294508,552.5829798,506.723039,506.723039,507.229762,2333.351781,507.3532478,507.293512,-0.506723039,-2.33102076,0.001,0.001,GOOD,226.9343417,-679.1016494
HENRY MILLER RECLAMATION DIST. 2131,Pistachios,San Joaquin River,403.4585056,4897.401316,1.414819371,3.805829794,1806.455069,50,360.6739904,1788.10266,0.4,50,0.260711671,0.25806301,0.052053284,0.4,403.8619641,2693.898082,0,23.52100934,-1.5,0.5157052,0.238061837,0.041330413,0.204902551,1.213152511,0.006196424,59616.88183,360.6739904,1788.10266,403.4585056,403.4585056,403.8619641,1537.029896,403.9329344,403.8754947,-0.403458506,-1.535494401,0.001,0.001,GOOD,4897.401316,892.1695966
HENRY MILLER RECLAMATION DIST. 2131,Subtropical,San Joaquin River,5.798542708,950.3385633,4.405405823,3.247465856,846.2602941,50,1809.449159,670.5198376,0.13,50,0.202134149,0.160157528,0.432197361,0.4,5.804341251,621.6407824,0,23.52100934,-1.5,0.274624722,0.261406141,0.338523815,0.125445322,3.74332325,1.326593263,0.504931213,1809.449159,670.5198376,5.798542708,5.798542708,5.802754953,18.84424858,5.803063361,5.803142567,-0.004212245,-0.013679121,0.000726432,0.000726432,GOOD,950.3385633,-2425.890727
HENRY MILLER RECLAMATION DIST. 2131,Tomatoes,San Joaquin River,10456.00256,99.69467136,46.73447582,2.379660861,122.4440466,50,1913.505271,924.141116,0.74,50,0.026280181,0.198348523,0.410695875,0.4,10466.45856,1524.132706,0,23.52100934,-1.5,0.321191407,0.125279805,0.373260128,0.18026866,43.84952393,0.000129242,3298336.381,1913.505271,924.141116,10456.00256,10456.00256,10445.54656,24856.85831,10445.59934,10445.76119,10.45600256,24.88174005,0.001,0.001,GOOD,99.69467136,-2910.395762
HENRY MILLER RECLAMATION DIST. 2131,Truck,San Joaquin River,553.881523,690.3355797,21.20927139,2.667732673,775.1695468,50,4298.997918,3487.484178,0.41,50,0.052943262,0.238191489,0.293617021,0.4,554.4354045,5883.728618,0,23.52100934,-1.5,0.435222421,0.055856808,0.280980462,0.227940309,20.59629064,0.004403513,131931.4312,4298.997918,3487.484178,553.881523,553.881523,553.6812608,1477.07359,553.6822303,553.6842714,0.200262237,0.534246112,0.000361562,0.000361562,GOOD,690.3355797,-7921.316063
JAMES I.D.,Alfalfa,Tulare Lake,1366.866941,279.620574,8.447932227,4.524530937,665.8443229,50,356.4707563,440.2816103,1.86,50,0.281872792,0.186385019,0.150905255,0.4,1368.233808,562.6217626,0,24.4822416,-1.5,0.233171228,0.615599747,0.067660577,0.083568448,4.948854018,0.000393333,1824360.659,356.4707563,440.2816103,1366.866941,1366.866941,1368.233808,6190.616193,1368.284297,1368.434692,-1.366866941,-6.184431761,0.001,0.001,GOOD,279.620574,-1232.976116
JAMES I.D.,Almonds,Tulare Lake,8689.572384,4875.001978,1.131453803,4.141037405,1199.972919,50,516.3560009,1661.846397,0.4,50,0.217550368,0.301286212,0.093613311,0.4,8698.261956,1829.230462,0,24.4822416,-1.5,0.388034974,0.332941598,0.066144185,0.212879243,0.89757938,0.000287701,864272.3611,516.3560009,1661.846397,8689.572384,8689.572384,8694.5612,36004.50315,8691.868564,8692.609048,-4.988816013,-20.65887372,0.000574115,0.000574115,GOOD,4875.001978,1446.826661
JAMES I.D.,Beans Dry,Tulare Lake,30.06125249,1326.519215,1.43231235,1.919782133,161.8168882,50,134.9933596,957.6035242,1.68,50,0.085167238,0.504004546,0.071049516,0.4,30.09131374,502.5864055,0,24.4822416,-1.5,0.310853843,0.177953718,0.063159236,0.448033203,1.324204016,0.019800841,18502.88756,134.9933596,957.6035242,30.06125249,30.06125249,30.03119124,57.65334437,30.07847234,30.05127608,0.030061252,0.057711055,0.001,0.001,GOOD,1326.519215,22.105443
JAMES I.D.,Corn,Tulare Lake,1119.139446,161.4386617,22.01452234,2.280437339,313.2553801,50,310.929404,1985.508048,0.3,50,0.088141761,0.558669338,0.087487293,0.4,1120.258585,774.4501076,0,24.4822416,-1.5,0.274045765,0.147370267,0.078338196,0.500245772,20.45164882,0.002978479,13027.72267,310.929404,1985.508048,1119.139446,1119.139446,1118.020307,2549.575253,1118.241823,1118.076832,1.119139446,2.55212738,0.001,0.001,GOOD,161.4386617,-2498.25417
JAMES I.D.,Cotton,Tulare Lake,3411.773633,3710.758752,0.813814056,3.749301711,448.5684623,50,236.2384677,1344.566888,0.68,50,0.148539114,0.445240339,0.078228087,0.4,3415.185407,711.2374169,0,24.4822416,-1.5,0.243249859,0.425202692,0.049547062,0.282000387,0.600199071,0.000431033,618309.7167,236.2384677,1344.566888,3411.773633,3411.773633,3408.365649,12778.99116,3408.219539,3408.475334,3.407984159,12.77756084,0.000998889,0.000998889,GOOD,3710.758752,1631.384934
JAMES I.D.,Field and Grain,Tulare Lake,469.4866922,289.315121,2.652255461,3.261387025,145.2774368,25,86.9874648,373.6919673,0.74,25,0.189326621,0.486998112,0.113362702,0.4,445.2575095,0,0,24.4822416,-1.5,0.09333815,0.610683568,0.055887888,0.240090394,1.655186834,0.002878359,13066.78484,86.9874648,373.6919673,469.4866922,469.4866922,469.0172055,1529.646629,469.6125755,469.3734807,0.469486692,1.531177806,0.001,0.001,GOOD,289.315121,-341.6417479
JAMES I.D.,Grapes,Tulare Lake,1694.099139,1422.002244,11.72196241,4.00891598,2204.421502,50,7245.758441,5033.018762,0.13,50,0.132249498,0.30194507,0.434693599,0.4,1695.793238,1886.865098,0,24.4822416,-1.5,0.218006625,0.127711473,0.386094522,0.26818738,10.8311338,0.004540648,411.1641999,7245.758441,5033.018762,1694.099139,1694.099139,1694.207212,6791.934365,1694.186018,1694.158095,-0.108072896,-0.433255161,6.38E-05,6.38E-05,GOOD,1422.002244,-13111.19646
JAMES I.D.,Onions and Garlic,Tulare Lake,619.2037239,2408.610949,10.63434095,1.253629891,4112.522919,50,7170.237318,10684.66197,0.41,50,0.160557684,0.417141646,0.279934415,0.4,619.8229276,3553.194676,0,24.4822416,-1.5,0.298838828,0.005109287,0.279523122,0.416528762,10.62392209,0.003938969,169791.2862,7170.237318,10684.66197,619.2037239,619.2037239,618.5845202,775.4760446,618.6044703,618.6110885,0.619203724,0.776252297,0.001,0.001,GOOD,2408.610949,-19608.81126
JAMES I.D.,Orchards,Tulare Lake,141.1600881,2277.681025,7.763328774,3.502172688,2519.675644,50,6112.909401,6436.827012,0.13,50,0.142496355,0.364024786,0.345706127,0.4,141.3012482,2352.12491,0,24.4822416,-1.5,0.254652843,0.089362572,0.319526578,0.336458006,7.366274865,0.054493503,40.79603819,6112.909401,6436.827012,141.1600881,141.1600881,141.1295909,494.2601986,141.1419183,141.1360607,0.03049723,0.106806566,0.000216047,0.000216047,GOOD,2277.681025,-12841.73103
JAMES I.D.,Pasture,Tulare Lake,4.2751005,242.4206904,4.903405501,4.768194291,225.050083,10,134.7527641,578.8882988,0.51,10,0.189326621,0.486998112,0.113362702,0.4,4.2793756,85.57777343,0,24.4822416,-1.5,0.113526244,0.625656872,0.049248562,0.211568322,2.812635059,0.458652215,95.32330616,134.7527641,578.8882988,4.2751005,4.2751005,4.2793756,20.40489431,4.278499734,4.280044028,-0.0042751,-0.02038451,0.001,0.001,GOOD,242.4206904,-706.2704555
JAMES I.D.,Pistachios,Tulare Lake,3058.229046,5088.640658,1.460333567,3.820163692,1937.377826,50,386.8138231,1917.69532,0.4,50,0.260711671,0.258063009,0.052053284,0.4,3061.287275,2904.691439,0,24.4822416,-1.5,0.522276553,0.229153873,0.041722615,0.206846959,1.260088332,0.000817467,486211.0145,386.8138231,1917.69532,3058.229046,3058.229046,3058.076644,11682.35336,3058.274191,3058.513083,0.152401676,0.582199348,4.98E-05,4.98E-05,GOOD,5088.640658,796.7536889
JAMES I.D.,Tomatoes,Tulare Lake,529.1006276,97.3922824,54.70338716,2.220206136,168.9385059,50,1803.712469,1201.075867,0.74,50,0.031709536,0.225440365,0.338554465,0.4,529.6297282,1988.594959,0,24.4822416,-1.5,0.377892573,0.095817934,0.315920729,0.210368765,52.23728576,0.002554054,218697.1392,1803.712469,1201.075867,529.1006276,529.1006276,528.571527,1173.537747,528.6047239,528.620998,0.529100628,1.17471246,0.001,0.001,GOOD,97.3922824,-3126.33456
JAMES I.D.,Walnuts,Tulare Lake,149.0712769,1793.152974,1.862011475,3.425917313,854.5630698,50,299.4355442,912.0012941,0.13,50,0.25594369,0.273146576,0.089681664,0.4,149.2203482,1017.701505,0,24.4822416,-1.5,0.398204833,0.344139273,0.063685807,0.193970087,1.482091512,0.051601542,16.55685175,299.4355442,912.0012941,149.0712769,149.0712769,148.9611208,510.3284826,148.9706418,148.9367518,0.110156143,0.377385837,0.000738949,0.000738949,GOOD,1793.152974,-322.8469341
LAGUNA W.D.,Field and Grain,San Joaquin River,51.79207253,194.8087562,3.454627792,2.917058441,127.4152527,25,76.29216244,327.7457083,0.74,25,0.189326621,0.486998112,0.113362702,0.4,51.79207253,17.15303971,68.61215883,0,-1.5,0.217409137,0.370538423,0.077805508,0.334246932,2.733474411,0.026091857,1434.444093,76.29216244,327.7457083,51.79207253,51.79207253,51.79207253,151.0805024,50.53610885,50.53615599,-4.97E-14,-1.42E-13,9.60E-16,9.41E-16,GOOD,194.8087562,-361.6443672
MERCY SPRINGS W.D.,Pasture,San Joaquin River,2298.616176,226.9343417,5,4.600187047,214.8235605,10,128.6294508,552.5829798,0.51,10,0.189326621,0.486998112,0.113362702,0.4,2297.944045,48.15846173,192.6338469,0,-1.5,0.286423704,0.285330923,0.080863127,0.347382246,4.103851871,0.000853028,43391.5224,128.6294508,552.5829798,2298.616176,2298.616176,2298.650072,10574.22029,2208.71158,2208.745809,-0.033896091,-0.155928358,1.47E-05,1.47E-05,GOOD,226.9343417,-679.1016494
MERCY SPRINGS W.D.,Pistachios,San Joaquin River,672.1308136,4897.401316,1.414819371,3.805829794,1806.455069,50,360.6739904,1788.10266,0.4,50,0.260711671,0.25806301,0.052053284,0.4,672.8029444,2638.939655,192.6338469,0,-1.5,0.565637617,0.172305156,0.043986529,0.218070698,1.270439736,0.003719514,98104.27265,360.6739904,1788.10266,672.1308136,672.1308136,672.0969175,2557.886473,669.4031881,669.405907,0.033896091,0.129002752,5.04E-05,5.04E-05,GOOD,4897.401316,892.1695966
ORO LOMA W.D.,Pasture,San Joaquin River,919.9600012,226.9343417,5,4.600187047,214.8235605,10,128.6294508,552.5829798,0.51,10,0.189326621,0.486998112,0.113362702,0.4,919.9600012,48.15846173,192.6338469,0,-1.5,0.286423704,0.285330923,0.080863127,0.347382246,4.103851871,0.00213138,17366.303,128.6294508,552.5829798,919.9600012,919.9600012,919.9600012,4231.988081,883.9831283,883.982497,-6.82E-13,-3.64E-12,7.41E-16,8.60E-16,GOOD,226.9343417,-679.1016494
PACHECO W.D.,Almonds,San Joaquin River,1496.565801,4775.762292,1.018616781,4.125499535,1058.3111,50,455.3980167,1465.658483,0.4,50,0.217550368,0.301286212,0.093613311,0.4,1498.062367,1581.993123,0,23.52100934,-1.5,0.371720169,0.357820298,0.064114062,0.206345471,0.79144599,0.001670491,129739.9044,455.3980167,1465.658483,1496.565801,1496.565801,1498.062367,6180.255598,1498.078152,1498.061695,-1.496565801,-6.174081516,0.001,0.001,GOOD,4775.762292,1746.394692
PACHECO W.D.,Corn,San Joaquin River,84.18710627,77.55530093,25.22861255,2.415829265,172.4592835,50,171.1787432,1093.099489,0.3,50,0.088141761,0.558669339,0.087487293,0.4,84.27129338,342.2609167,0,23.52100934,-1.5,0.210440022,0.272668006,0.069985321,0.446906651,21.74042456,0.039594345,463.7562506,171.1787432,1093.099489,84.18710627,84.18710627,84.10291916,203.1782934,84.10269157,84.10333897,0.084187106,0.203381675,0.001,0.001,GOOD,77.55530093,-1409.182215
PACHECO W.D.,Cotton,San Joaquin River,538.7846706,3399.208415,0.729719844,3.634047537,368.4467916,50,194.0424101,1104.40523,0.68,50,0.148539114,0.445240339,0.078228087,0.4,539.3234553,546.3965597,0,23.52100934,-1.5,0.22509733,0.455419453,0.047744161,0.271739056,0.525042583,0.002729454,77019.82436,194.0424101,1104.40523,538.7846706,538.7846706,538.8903502,1958.35315,538.8945326,538.8984113,-0.105679571,-0.384044584,0.000196144,0.000196144,GOOD,3399.208415,1682.313983
PACHECO W.D.,Cucurbits,San Joaquin River,380.3157961,384.0603914,14.86947686,2.299627126,267.5771763,50,3732.550158,1306.069594,0.05,50,0.046854775,0.228702604,0.653597591,0.4,380.6961119,235.5092671,0,23.52100934,-1.5,0.082052127,0.096161726,0.608769497,0.21301665,14.18155923,0.052587876,1.97E-05,3732.550158,1306.069594,380.3157961,380.3157961,379.9354803,873.7099366,379.9364572,379.9365372,0.380315796,0.874584521,0.001,0.001,GOOD,384.0603914,-4972.136537
PACHECO W.D.,Field and Grain,San Joaquin River,519.8582881,194.8087562,3.454627792,2.917058441,127.4152527,25,76.29216244,327.7457083,0.74,25,0.189326621,0.486998112,0.113362702,0.4,515.8536549,0,0,23.52100934,-1.5,0.103034989,0.570237743,0.061694043,0.265033225,2.302766795,0.002599461,12689.76785,76.29216244,327.7457083,519.8582881,519.8582881,519.3384298,1514.94055,519.3425368,519.3346067,0.519858288,1.516457007,0.001,0.001,GOOD,194.8087562,-361.6443672
PACHECO W.D.,Pistachios,San Joaquin River,197.4025699,4897.401316,1.414819371,3.805829794,1806.455069,50,360.6739904,1788.10266,0.4,50,0.260711671,0.25806301,0.052053284,0.4,197.5999725,2693.898082,0,23.52100934,-1.5,0.5157052,0.238061837,0.041330413,0.204902551,1.213152511,0.012664475,29169.11038,360.6739904,1788.10266,197.4025699,197.4025699,197.4786555,751.5701508,197.4767151,197.4785929,-0.076085617,-0.289568906,0.000385434,0.000385434,GOOD,4897.401316,892.1695966
PACHECO W.D.,Tomatoes,San Joaquin River,454.3114705,99.69467136,46.73447582,2.379660861,122.4440466,50,1913.505271,924.141116,0.74,50,0.026280181,0.198348523,0.410695875,0.4,454.765782,1524.132706,0,23.52100934,-1.5,0.321191407,0.125279805,0.373260128,0.18026866,43.84952393,0.002974504,143312.1351,1913.505271,924.141116,454.3114705,454.3114705,453.857159,1080.026118,453.855361,453.8597168,0.45431147,1.081107225,0.001,0.001,GOOD,99.69467136,-2910.395762
PACHECO W.D.,Truck,San Joaquin River,239.6583274,690.3355797,21.20927139,2.667732673,775.1695468,50,4298.997918,3487.484178,0.41,50,0.052943262,0.238191489,0.293617021,0.4,239.8979857,5883.728618,0,23.52100934,-1.5,0.435222421,0.055856808,0.280980462,0.227940309,20.59629064,0.01017709,57085.25167,4298.997918,3487.484178,239.6583274,239.6583274,239.4186691,638.705006,239.4190462,239.4182027,0.239658327,0.63934435,0.001,0.001,GOOD,690.3355797,-7921.316063
PANOCHE W.D.,Alfalfa,San Joaquin River,1157.379182,290.4258221,6.981811447,4.134965358,571.5529894,50,305.9903334,377.9325916,1.86,50,0.281872792,0.186385019,0.150905255,0.4,1158.536561,468.2155881,0,23.52100934,-1.5,0.242943972,0.597256092,0.071495243,0.088304693,4.243100361,0.000464527,1307475.749,305.9903334,377.9325916,1157.379182,1157.379182,1158.536561,4790.508546,1158.24659,1158.257467,-1.157379182,-4.785722824,0.001,0.001,GOOD,290.4258221,-1015.050092
PANOCHE W.D.,Almonds,San Joaquin River,5880.839907,4775.762292,1.018616781,4.125499535,1058.3111,50,455.3980167,1465.658483,0.4,50,0.217550368,0.301286212,0.093613311,0.4,5886.720747,1581.993123,0,23.52100934,-1.5,0.371720169,0.357820298,0.064114062,0.206345471,0.79144599,0.000425109,509820.2878,455.3980167,1465.658483,5880.839907,5880.839907,5886.720747,24285.6637,5885.528465,5886.405571,-5.880839612,-24.26140109,0.001,0.001,GOOD,4775.762292,1746.394692
PANOCHE W.D.,Corn,San Joaquin River,123.685401,77.55530093,25.22861255,2.415829265,172.4592835,50,171.1787432,1093.099489,0.3,50,0.088141761,0.558669339,0.087487293,0.4,123.8090864,342.2609167,0,23.52100934,-1.5,0.210440022,0.272668006,0.069985321,0.446906651,21.74042456,0.026950095,681.3380381,171.1787432,1093.099489,123.685401,123.685401,123.5617156,298.5040086,123.4712891,123.5505615,0.123685401,0.298802811,0.001,0.001,GOOD,77.55530093,-1409.182215
PANOCHE W.D.,Cotton,San Joaquin River,487.8407532,3399.208415,0.729719844,3.634047537,368.4467916,50,194.0424101,1104.40523,0.68,50,0.148539114,0.445240339,0.078228087,0.4,488.328594,546.3965597,0,23.52100934,-1.5,0.22509733,0.455419453,0.047744161,0.271739056,0.525042583,0.003014484,69737.33882,194.0424101,1104.40523,487.8407532,487.8407532,487.3529134,1771.063655,487.0676366,487.3335371,0.487839788,1.77283298,0.000999998,0.000999998,GOOD,3399.208415,1682.313983
PANOCHE W.D.,Cucurbits,San Joaquin River,1371.918493,384.0603914,14.86947686,2.299627126,267.5771763,50,3732.550158,1306.069594,0.05,50,0.046854775,0.228702604,0.653597591,0.4,1373.290411,235.5092671,0,23.52100934,-1.5,0.082052127,0.096161726,0.608769497,0.21301665,14.18155923,0.014578126,7.11E-05,3732.550158,1306.069594,1371.918493,1371.918493,1370.546575,3151.74608,1370.313636,1370.373625,1.371918493,3.154900981,0.001,0.001,GOOD,384.0603914,-4972.136537
PANOCHE W.D.,Field and Grain,San Joaquin River,1720.67118,194.8087562,3.454627792,2.917058441,127.4152527,25,76.29216244,327.7457083,0.74,25,0.189326621,0.486998112,0.113362702,0.4,1688.855601,0,0,23.52100934,-1.5,0.103034989,0.570237743,0.061694043,0.265033225,2.302766795,0.000785363,42001.67298,76.29216244,327.7457083,1720.67118,1720.67118,1718.950509,5014.279091,1718.66971,1718.704422,1.720671154,5.019298313,0.001,0.001,GOOD,194.8087562,-361.6443672
PANOCHE W.D.,Grapes,San Joaquin River,2864.138053,1686.199914,10.80135885,3.098484515,5693.452831,50,6051.355458,4549.18964,0.13,50,0.312599493,0.249773629,0.332250166,0.4,2867.002191,1691.448726,0,23.52100934,-1.5,0.384071916,0.064617868,0.31471722,0.236592996,10.41794182,0.002685732,1254.744285,6051.355458,4549.18964,2864.138053,2864.138053,2863.452078,8872.361924,2863.496581,2863.564059,0.685974731,2.12548208,0.000239505,0.000239505,GOOD,1686.199914,-14657.79802
PANOCHE W.D.,Onions and Garlic,San Joaquin River,305.4238675,1579.216395,6.547714821,1.480822037,1660.207972,50,2894.594241,4313.35249,0.41,50,0.160557684,0.417141646,0.279934415,0.4,305.7292914,1363.232361,0,23.52100934,-1.5,0.289946686,0.018814184,0.277590399,0.413648732,6.511112318,0.007985703,33031.888,2894.594241,4313.35249,305.4238675,305.4238675,305.1184436,451.8261152,305.0832275,305.081804,0.305423867,0.452278394,0.001,0.001,GOOD,1579.216395,-7338.938308
PANOCHE W.D.,Orchards,San Joaquin River,360.2425726,4762.917744,3.247388671,3.445837194,2203.997553,50,5347.052266,5630.387791,0.13,50,0.142496355,0.364024786,0.345706127,0.4,360.6028152,2032.266084,0,23.52100934,-1.5,0.251646253,0.096262212,0.317630295,0.334461241,3.069098535,0.021353133,90.53043012,5347.052266,5630.387791,360.2425726,360.2425726,360.1735941,1241.099567,360.1538682,360.1523972,0.068978532,0.237688792,0.000191478,0.000191478,GOOD,4762.917744,-8468.519866
PANOCHE W.D.,Pasture,San Joaquin River,240.7535507,226.9343417,5,4.600187047,214.8235605,10,128.6294508,552.5829798,0.51,10,0.189326621,0.486998112,0.113362702,0.4,240.9943043,84.43280444,0,23.52100934,-1.5,0.119611056,0.608112236,0.051412455,0.220864254,2.951450069,0.008144363,5171.642141,128.6294508,552.5829798,240.7535507,240.7535507,240.9943043,1108.618877,240.8966621,240.9337935,-0.240753551,-1.107511365,0.001,0.001,GOOD,226.9343417,-679.1016494
PANOCHE W.D.,Pistachios,San Joaquin River,9081.412771,4897.401316,1.414819371,3.805829794,1806.455069,50,360.6739904,1788.10266,0.4,50,0.260711671,0.25806301,0.052053284,0.4,9090.494184,2693.898082,0,23.52100934,-1.5,0.5157052,0.238061837,0.041330413,0.204902551,1.213152511,0.000275288,1341911.261,360.6739904,1788.10266,9081.412771,9081.412771,9083.933741,34571.90568,9080.983388,9083.804379,-2.520969959,-9.594382578,0.000277597,0.000277597,GOOD,4897.401316,892.1695966
PANOCHE W.D.,Subtropical,San Joaquin River,165.7962113,950.3385633,4.405405823,3.247465856,846.2602941,50,1809.449159,670.5198376,0.13,50,0.202134149,0.160157528,0.432197361,0.4,165.9620075,621.6407824,0,23.52100934,-1.5,0.274624722,0.261406141,0.338523815,0.125445322,3.74332325,0.046396161,14.43736577,1809.449159,670.5198376,165.7962113,165.7962113,165.6436122,537.921975,165.6349345,165.6395793,0.152599075,0.495560287,0.000920401,0.000920401,GOOD,950.3385633,-2425.890727
PANOCHE W.D.,Tomatoes,San Joaquin River,4402.542612,99.69467136,46.73447582,2.379660861,122.4440466,50,1913.505271,924.141116,0.74,50,0.026280181,0.198348523,0.410695875,0.4,4406.945155,1524.132706,0,23.52100934,-1.5,0.321191407,0.125279805,0.373260128,0.18026866,43.84952393,0.000306948,1388778.014,1913.505271,924.141116,4402.542612,4402.542612,4398.140069,10466.08178,4398.117414,4397.967753,4.402542612,10.47655834,0.001,0.001,GOOD,99.69467136,-2910.395762
PANOCHE W.D.,Truck,San Joaquin River,480.3086554,690.3355797,21.20927139,2.667732673,775.1695468,50,4298.997918,3487.484178,0.41,50,0.052943262,0.238191489,0.293617021,0.4,480.7889641,5883.728618,0,23.52100934,-1.5,0.435222421,0.055856808,0.280980462,0.227940309,20.59629064,0.005078035,114406.7923,4298.997918,3487.484178,480.3086554,480.3086554,479.8283468,1280.053758,479.8465647,479.83835,0.480308649,1.281335076,0.001,0.001,GOOD,690.3355797,-7921.316063
PATTERSON W.D.,Alfalfa,San Joaquin River,1841.138533,290.4258221,6.981811447,4.134965358,571.5529894,50,305.9903334,377.9325916,1.86,50,0.281872792,0.186385019,0.150905255,0.4,1842.979672,468.2155881,0,23.52100934,-1.5,0.242943972,0.597256092,0.071495243,0.088304693,4.243100361,0.000292012,2079909.523,305.9903334,377.9325916,1841.138533,1841.138533,1842.300709,7617.849609,1842.255798,1842.322679,-1.162175528,-4.80555555,0.000631227,0.000631227,GOOD,290.4258221,-1015.050092
PATTERSON W.D.,Almonds,San Joaquin River,4022.099023,4775.762292,1.018616781,4.125499535,1058.3111,50,455.3980167,1465.658483,0.4,50,0.217550368,0.301286212,0.093613311,0.4,4026.121122,1581.993123,0,23.52100934,-1.5,0.371720169,0.357820298,0.064114062,0.206345471,0.79144599,0.000621566,348682.7926,455.3980167,1465.658483,4022.099023,4022.099023,4022.5919,16595.20101,4022.508033,4022.70486,-0.492876825,-2.03336311,0.000122542,0.000122542,GOOD,4775.762292,1746.394692
PATTERSON W.D.,Beans Dry,San Joaquin River,175.5792852,1593.773361,1.285477627,2.212101358,174.4872303,50,145.5634062,1032.584352,1.68,50,0.085167238,0.504004546,0.071049516,0.4,175.7548645,533.489085,0,23.52100934,-1.5,0.292405921,0.220999581,0.060120093,0.426474406,1.15001508,0.003390139,115157.6164,145.5634062,1032.584352,175.5792852,175.5792852,175.4037059,388.0107761,175.3655717,175.3819437,0.175579285,0.388399175,0.001,0.001,GOOD,1593.773361,191.1383725
PATTERSON W.D.,Corn,San Joaquin River,1233.213596,77.55530093,25.22861255,2.415829265,172.4592835,50,171.1787432,1093.099489,0.3,50,0.088141761,0.558669339,0.087487293,0.4,1234.44681,342.2609167,0,23.52100934,-1.5,0.210440022,0.272668006,0.069985321,0.446906651,21.74042456,0.002702965,6793.32666,171.1787432,1093.099489,1233.213596,1233.213596,1231.980382,2976.254262,1231.88845,1231.927549,1.233213596,2.979233495,0.001,0.001,GOOD,77.55530093,-1409.182215
PATTERSON W.D.,Cucurbits,San Joaquin River,128.884954,384.0603914,14.86947686,2.299627126,267.5771763,50,3732.550158,1306.069594,0.05,50,0.046854775,0.228702604,0.653597591,0.4,129.013839,235.5092671,0,23.52100934,-1.5,0.082052127,0.096161726,0.608769497,0.21301665,14.18155923,0.155177151,6.68E-06,3732.550158,1306.069594,128.884954,128.884954,128.756069,296.090949,128.758032,128.7579537,0.128884954,0.296387336,0.001,0.001,GOOD,384.0603914,-4972.136537
PATTERSON W.D.,Field and Grain,San Joaquin River,459.4792562,194.8087562,3.454627792,2.917058441,127.4152527,25,76.29216244,327.7457083,0.74,25,0.189326621,0.486998112,0.113362702,0.4,446.1621359,0,0,23.52100934,-1.5,0.103034989,0.570237743,0.061694043,0.265033225,2.302766795,0.00294105,11215.91254,76.29216244,327.7457083,459.4792562,459.4792562,459.0197769,1338.987515,459.0622271,459.0552048,0.459479256,1.340327843,0.001,0.001,GOOD,194.8087562,-361.6443672
PATTERSON W.D.,Grapes,San Joaquin River,18.31527259,1686.199914,10.80135885,3.098484515,5693.452831,50,6051.355458,4549.18964,0.13,50,0.312599493,0.249773629,0.332250166,0.4,18.33358786,1691.448726,0,23.52100934,-1.5,0.384071916,0.064617868,0.31471722,0.236592996,10.41794182,0.419994169,8.02369969,6051.355458,4549.18964,18.31527259,18.31527259,18.30758005,56.72575328,18.30717118,18.30731092,0.007692544,0.023835229,0.000420007,0.000420007,GOOD,1686.199914,-14657.79802
PATTERSON W.D.,Orchards,San Joaquin River,691.9816398,4762.917744,3.247388671,3.445837194,2203.997553,50,5347.052266,5630.387791,0.13,50,0.142496355,0.364024786,0.345706127,0.4,692.6736214,2032.266084,0,23.52100934,-1.5,0.251646253,0.096262212,0.317630295,0.334461241,3.069098535,0.011116347,173.8978129,5347.052266,5630.387791,691.9816398,691.9816398,691.6427461,2383.288299,691.6370259,691.6403746,0.338893698,1.167772508,0.000489744,0.000489744,GOOD,4762.917744,-8468.519866
PATTERSON W.D.,Pasture,San Joaquin River,415.2737143,226.9343417,5,4.600187047,214.8235605,10,128.6294508,552.5829798,0.51,10,0.189326621,0.486998112,0.113362702,0.4,415.688988,84.43280444,0,23.52100934,-1.5,0.119611056,0.608112236,0.051412455,0.220864254,2.951450069,0.004721667,8920.520735,128.6294508,552.5829798,415.2737143,415.2737143,415.688988,1912.247098,415.5848679,415.6289379,-0.415273714,-1.910336761,0.001,0.001,GOOD,226.9343417,-679.1016494
PATTERSON W.D.,Pistachios,San Joaquin River,4.863103757,4897.401316,1.414819371,3.805829794,1806.455069,50,360.6739904,1788.10266,0.4,50,0.260711671,0.25806301,0.052053284,0.4,4.867966861,2693.898082,0,23.52100934,-1.5,0.5157052,0.238061837,0.041330413,0.204902551,1.213152511,0.514074987,718.5945468,360.6739904,1788.10266,4.863103757,4.863103757,4.859915816,18.49601241,4.859379997,4.859771046,0.003187941,0.012132761,0.000655536,0.000655536,GOOD,4897.401316,892.1695966
PATTERSON W.D.,Tomatoes,San Joaquin River,704.7957521,99.69467136,46.73447582,2.379660861,122.4440466,50,1913.505271,924.141116,0.74,50,0.026280181,0.198348523,0.410695875,0.4,705.5005479,1524.132706,0,23.52100934,-1.5,0.321191407,0.125279805,0.373260128,0.18026866,43.84952393,0.001917366,222327.1711,1913.505271,924.141116,704.7957521,704.7957521,704.0909563,1675.497691,704.082269,704.0772911,0.704795752,1.677174866,0.001,0.001,GOOD,99.69467136,-2910.395762
PATTERSON W.D.,Truck,San Joaquin River,9.02919326,690.3355797,21.20927139,2.667732673,775.1695468,50,4298.997918,3487.484178,0.41,50,0.052943262,0.238191489,0.293617021,0.4,9.038222453,5883.728618,0,23.52100934,-1.5,0.435222421,0.055856808,0.280980462,0.227940309,20.59629064,0.270126502,2150.702524,4298.997918,3487.484178,9.02919326,9.02919326,9.020164067,24.0633864,9.020056961,9.02040633,0.009029193,0.024087474,0.001,0.001,GOOD,690.3355797,-7921.316063
PATTERSON W.D.,Walnuts,San Joaquin River,990.4301522,1802.497789,1.658526763,4.952669773,765.1413128,50,268.1025116,816.5691826,0.13,50,0.25594369,0.273146576,0.089681664,0.4,991.4205824,775.5525357,0,23.52100934,-1.5,0.232076178,0.604538695,0.040384536,0.123000591,0.974383924,0.007766633,90.5225481,268.1025116,816.5691826,990.4301522,990.4301522,991.4205824,4910.178751,991.3944158,991.4367367,-0.990430152,-4.905273476,0.001,0.001,GOOD,1802.497789,-97.315218
PLEASANT VALLEY W.D.,Alfalfa,Tulare Lake,50.1504379,279.620574,8.447932227,4.524530937,665.8443229,50,356.4707563,440.2816103,1.86,50,0.281872792,0.186385019,0.150905255,0.4,50.20058834,562.6217626,0,24.4822416,-1.5,0.233171228,0.615599747,0.067660577,0.083568448,4.948854018,0.010720433,66935.91248,356.4707563,440.2816103,50.1504379,50.1504379,50.20058834,227.134115,50.22644607,50.21141995,-0.050150438,-0.226907208,0.001,0.001,GOOD,279.620574,-1232.976116
PLEASANT VALLEY W.D.,Field and Grain,Tulare Lake,4521.819274,289.315121,2.652255461,3.261387025,145.2774368,25,86.9874648,373.6919673,0.74,25,0.189326621,0.486998112,0.113362702,0.4,4508.673367,0,0,24.4822416,-1.5,0.09333815,0.610683568,0.055887888,0.240090394,1.655186834,0.000298851,125851.5748,86.9874648,373.6919673,4521.819274,4521.819274,4517.297455,14732.65531,4518.029706,4516.639456,4.521819203,14.74740248,0.001,0.001,GOOD,289.315121,-341.6417479
PLEASANT VALLEY W.D.,Lettuce,Tulare Lake,165.6443867,1008,18.9,2.300762612,1600,65,12500,929,0.25,65,0.083984211,0.048763332,0.656126648,0.4,165.8100311,3816.322604,0,24.4822416,-1.5,0.276854246,0.036725105,0.638934999,0.047485649,18.56839952,0.024148117,4108.121957,12500,929,165.6443867,165.6443867,165.4787423,380.7273034,165.4820611,165.4726127,0.165644387,0.381108412,0.001,0.001,GOOD,1008,-14086
PLEASANT VALLEY W.D.,Onions and Garlic,Tulare Lake,414.712446,2408.610949,10.63434095,1.253629891,4112.522919,50,7170.237318,10684.66197,0.41,50,0.160557684,0.417141646,0.279934415,0.4,415.1271584,3553.194676,0,24.4822416,-1.5,0.298838828,0.005109287,0.279523122,0.416528762,10.62392209,0.005881242,113717.9201,7170.237318,10684.66197,414.712446,414.712446,414.2977336,519.3760226,414.307894,414.2982373,0.414712446,0.519895918,0.001,0.001,GOOD,2408.610949,-19608.81126
PLEASANT VALLEY W.D.,Orchards,Tulare Lake,192.7330287,2277.681025,7.763328774,3.502172688,2519.675644,50,6112.909401,6436.827012,0.13,50,0.142496355,0.364024786,0.345706127,0.4,192.9257617,2352.12491,0,24.4822416,-1.5,0.254652843,0.089362572,0.319526578,0.336458006,7.366274865,0.039911725,55.70090034,6112.909401,6436.827012,192.7330287,192.7330287,192.7487028,675.0392425,192.7482207,192.7436165,-0.015674079,-0.054893333,8.13E-05,8.13E-05,GOOD,2277.681025,-12841.73103
PLEASANT VALLEY W.D.,Pistachios,Tulare Lake,10215.19935,5088.640658,1.460333567,3.820163692,1937.377826,50,386.8138231,1917.69532,0.4,50,0.260711671,0.258063009,0.052053284,0.4,10225.41455,2904.691439,0,24.4822416,-1.5,0.522276553,0.229153873,0.041722615,0.206846959,1.260088332,0.000244733,1624058.357,386.8138231,1917.69532,10215.19935,10215.19935,10221.21943,39046.73135,10205.09605,10218.0419,-6.020078158,-22.997684,0.000589326,0.000589326,GOOD,5088.640658,796.7536889
PLEASANT VALLEY W.D.,Tomatoes,Tulare Lake,618.7395327,97.3922824,54.70338716,2.220206136,168.9385059,50,1803.712469,1201.075867,0.74,50,0.031709536,0.225440365,0.338554465,0.4,619.3582722,1988.594959,0,24.4822416,-1.5,0.377892573,0.095817934,0.315920729,0.210368765,52.23728576,0.002184039,255748.2616,1803.712469,1201.075867,618.7395327,618.7395327,618.1207932,1372.355578,618.0213342,618.0726551,0.618739533,1.373729307,0.001,0.001,GOOD,97.3922824,-3126.33456
PLEASANT VALLEY W.D.,Truck,Tulare Lake,364.9871072,1282.087936,19.71342086,1.84535452,1338.105955,50,7420.976145,6020.132457,0.41,50,0.052943262,0.238191489,0.293617021,0.4,365.3520943,10357.67836,0,24.4822416,-1.5,0.45899223,0.013521605,0.291230609,0.236255556,19.60645998,0.006682495,152698.8961,7420.976145,6020.132457,364.9871072,364.9871072,364.6221201,672.8570774,364.6193176,364.6183424,0.364987107,0.673530608,0.001,0.001,GOOD,1282.087936,-13547.12662
RECLAMATION DISTRICT 1606,Corn,Tulare Lake,165.0853057,161.4386617,22.01452234,2.280437339,313.2553801,50,310.929404,1985.508048,0.3,50,0.088141761,0.558669338,0.087487293,0.4,165.0853057,207.5700814,830.2803255,0,-1.5,0.334415399,0.097187918,0.076958875,0.491437808,20.99034603,0.020191581,920.1817324,310.929404,1985.508048,165.0853057,165.0853057,165.0853057,376.4666952,155.4822875,155.482857,-7.03E-10,-1.60E-09,4.26E-12,4.26E-12,GOOD,161.4386617,-2498.25417
SAN BENITO CO. W.D.,Alfalfa,Central Coast,8.12339201,285.4085125,5.753769454,3.906073496,462.8843905,50,247.8128041,306.0767778,1.86,50,0.281872792,0.186385019,0.150905255,0.4,8.131515402,393.6725321,48.56613578,0,-1.5,0.305090756,0.508209116,0.083530516,0.103169613,3.898035334,0.066183487,7559.880456,247.8128041,306.0767778,8.12339201,8.12339201,8.115677713,31.70043362,8.080925614,8.076042931,0.007714297,0.030132612,0.00094964,0.00094964,GOOD,285.4085125,-781.3654599
SAN BENITO CO. W.D.,Berries,Central Coast,120.6360779,3173.779594,32.91702622,1.420392307,4726.112712,50,43531.43094,40464.20108,0.25,50,0.045238346,0.387323291,0.416682812,0.4,120.756714,15642.19716,48.56613578,0,-1.5,0.195315626,0.001150108,0.416438279,0.387095987,32.9066959,0.033157577,11251.08184,43531.43094,40464.20108,120.6360779,120.6360779,120.6347809,171.3487147,120.6063121,120.6065821,0.001297016,0.001842272,1.08E-05,1.08E-05,GOOD,3173.779594,-85597.96514
SAN BENITO CO. W.D.,Cucurbits,Central Coast,106.7233162,711.6013188,16.77063156,1.662176564,559.1650505,50,7800.035962,2729.337685,0.05,50,0.046854775,0.228702604,0.653597591,0.4,106.8300395,725.9314077,48.56613578,0,-1.5,0.11075887,0.014790928,0.647782408,0.226667793,16.68231449,0.187400474,1.41E-05,7800.035962,2729.337685,106.7233162,106.7233162,106.7180812,177.3842935,106.3420755,106.3373179,0.005234992,0.008701481,4.91E-05,4.91E-05,GOOD,711.6013188,-10426.93738
SAN BENITO CO. W.D.,Field and Grain,Central Coast,3021.39001,255.5234925,2.245253001,2.883732558,108.6195012,25,65.03786993,279.3980675,0.74,25,0.189326621,0.486998112,0.113362702,0.4,3004.337588,12.14153395,48.56613578,0,-1.5,0.195346101,0.407291697,0.075031634,0.322330568,1.729198351,0.000447261,69900.59954,65.03786993,279.3980675,3021.39001,3021.39001,3022.632482,8716.4637,2966.266256,2962.421698,-1.242472371,-3.582958029,0.000411225,0.000411225,GOOD,255.5234925,-222.5319461
SAN BENITO CO. W.D.,Grapes,Central Coast,428.1874501,1828.539429,9.7576058,2.457170381,2359.617621,50,7755.875761,5387.354345,0.13,50,0.132249498,0.30194507,0.434693599,0.4,428.6156376,2180.03609,48.56613578,0,-1.5,0.252035396,0.025994143,0.426037828,0.295932634,9.632008049,0.017964814,115.3116611,7755.875761,5387.354345,428.1874501,428.1874501,428.1774123,1052.104855,427.7328175,427.7371964,0.010037844,0.024664693,2.34E-05,2.34E-05,GOOD,1828.539429,-13724.3083
SAN BENITO CO. W.D.,Lettuce,Central Coast,8846.629564,1008,18.9,1.36519475,1600,65,12500,929,0.25,65,0.083984211,0.048763332,0.656126648,0.4,8855.476194,3897.037739,48.56613578,0,-1.5,0.290100449,0.007404563,0.653897338,0.04859765,18.86517598,0.00045215,222673.5546,12500,929,8846.629564,8846.629564,8846.158771,12076.72951,8838.690994,8835.603075,0.47079276,0.642723804,5.32E-05,5.32E-05,GOOD,1008,-14086
SAN BENITO CO. W.D.,Onions and Garlic,Central Coast,311.1388125,1427.738608,20.08290673,1.590455311,4603.693159,50,8026.599034,11960.76136,0.41,50,0.160557684,0.417141646,0.279934415,0.4,311.4499513,3966.140379,48.56613578,0,-1.5,0.299611345,0.005545048,0.279037898,0.41580571,20.04566235,0.007839023,95379.62242,8026.599034,11960.76136,311.1388125,311.1388125,311.1247136,494.8299531,310.9575974,310.9520041,0.014098902,0.022423674,4.53E-05,4.53E-05,GOOD,1427.738608,-23213.31495
SAN BENITO CO. W.D.,Orchards,Central Coast,978.2403343,1190.158285,14.43863271,2.717713319,2448.694178,50,5940.703399,6255.495968,0.13,50,0.142496355,0.364024786,0.345706127,0.4,979.2185746,2367.054531,48.56613578,0,-1.5,0.275297222,0.034455556,0.336215725,0.354031496,14.17983555,0.007863413,279.4640514,5940.703399,6255.495968,978.2403343,978.2403343,978.1931531,2658.448561,977.1763424,977.1793399,0.047181229,0.128225054,4.82E-05,4.82E-05,GOOD,1190.158285,-13504.73526
SAN BENITO CO. W.D.,Pasture,Central Coast,1044.006954,207.2507842,4.78638378,4.185193859,187.8085607,10,112.4537362,483.0932597,0.51,10,0.189326621,0.486998112,0.113362702,0.4,1045.050961,130.3496949,48.56613578,0,-1.5,0.277693989,0.271341131,0.085153121,0.365811758,3.987340683,0.001878133,23842.89338,112.4537362,483.0932597,1044.006954,1044.006954,1043.200835,4365.99773,1030.704121,1030.81772,0.806118706,3.373763057,0.000772139,0.000772139,GOOD,207.2507842,-586.1047724
SAN BENITO CO. W.D.,Subtropical,Central Coast,83.69731083,2833.550317,6.019821828,2.611553899,3447.896788,50,7372.192676,2731.881917,0.13,50,0.202134149,0.160157528,0.432197361,0.4,83.78100814,3338.494371,48.56613578,0,-1.5,0.390789718,0.031508288,0.421506232,0.156195762,5.922943338,0.091906271,33.69511641,7372.192676,2731.881917,83.69731083,83.69731083,83.6964229,218.5777196,83.63470163,83.63589319,0.000887925,0.002318864,1.06E-05,1.06E-05,GOOD,2833.550317,-10768.42106
SAN BENITO CO. W.D.,Sunflowers,Central Coast,5.29369938,3639.713227,0.60825,2.911908699,458.2915301,50,392.4029709,859.4796422,0.74,50,0.207010582,0.388227513,0.177248677,0.4,5.298993079,321.6613903,48.56613578,0,-1.5,0.295492153,0.258022655,0.139950914,0.306534278,0.521507808,0.255275424,790.9972036,392.4029709,859.4796422,5.29369938,5.29369938,5.29266928,15.41176972,5.267672924,5.26687049,0.0010301,0.002999556,0.00019459,0.00019459,GOOD,3639.713227,1879.539084
SAN BENITO CO. W.D.,Tomatoes,Central Coast,473.6418756,1384.386105,17.43992832,2.094853308,765.582177,50,8173.921698,5442.940742,0.74,50,0.031709536,0.225440365,0.338554465,0.4,474.1155175,9619.982554,48.56613578,0,-1.5,0.428179789,0.013032386,0.335428807,0.223359018,17.33823166,0.002853108,942383.1102,8173.921698,5442.940742,473.6418756,473.6418756,473.6518252,992.2310928,473.4571394,473.4626264,-0.009949576,-0.020842903,2.10E-05,2.10E-05,GOOD,1384.386105,-13048.05851
SAN BENITO CO. W.D.,Truck,Central Coast,3260.314578,1187.253943,17.43634578,1.094970985,1095.99807,50,6078.274671,4930.89021,0.41,50,0.052943262,0.238191489,0.293617021,0.4,3263.574893,8505.034177,48.56613578,0,-1.5,0.465680643,0.0030273,0.293331882,0.237960175,17.431868,0.000748095,1119712.321,6078.274671,4930.89021,3260.314578,3260.314578,3260.283032,3569.915323,3258.627012,3258.749327,0.031545542,0.034541454,9.68E-06,9.68E-06,GOOD,1187.253943,-10967.90901
SAN BENITO CO. W.D.,Walnuts,Central Coast,1385.788693,2279.333378,0.866689676,2.032823511,505.6102861,50,177.1638589,539.5941523,0.13,50,0.25594369,0.273146576,0.089681664,0.4,1387.174482,615.0406322,48.56613578,0,-1.5,0.536198914,0.13509833,0.081246736,0.24745602,0.814777774,0.005550852,92.12636449,177.1638589,539.5941523,1385.788693,1385.788693,1385.93221,2817.355582,1382.585684,1381.250265,-0.143517365,-0.291745475,0.000103564,0.000103564,GOOD,2279.333378,1006.965081
SAN LUIS W.D.,Alfalfa,San Joaquin River,441.2783924,290.4258221,6.981811447,4.134965358,571.5529894,50,305.9903334,377.9325916,1.86,50,0.281872792,0.186385019,0.150905255,0.4,441.7196708,468.2155881,0,23.52100934,-1.5,0.242943972,0.597256092,0.071495243,0.088304693,4.243100361,0.001218357,498506.2852,305.9903334,377.9325916,441.2783924,441.2783924,441.7196708,1826.495537,441.7233915,441.6388564,-0.441278392,-1.824670866,0.001,0.001,GOOD,290.4258221,-1015.050092
SAN LUIS W.D.,Almonds,San Joaquin River,20883.82554,4775.762292,1.018616781,4.125499535,1058.3111,50,455.3980167,1465.658483,0.4,50,0.217550368,0.301286212,0.093613311,0.4,20904.70937,1581.993123,0,23.52100934,-1.5,0.371720169,0.357820298,0.064114062,0.206345471,0.79144599,0.00011971,1810455.329,455.3980167,1465.658483,20883.82554,20883.82554,20892.53673,86192.15057,20885.40335,20884.74897,-8.711190331,-35.93801166,0.000417126,0.000417126,GOOD,4775.762292,1746.394692
SAN LUIS W.D.,Corn,San Joaquin River,579.213267,77.55530093,25.22861255,2.415829265,172.4592835,50,171.1787432,1093.099489,0.3,50,0.088141761,0.558669339,0.087487293,0.4,579.7924803,342.2609167,0,23.52100934,-1.5,0.210440022,0.272668006,0.069985321,0.446906651,21.74042456,0.005754933,3190.675923,171.1787432,1093.099489,579.213267,579.213267,578.6340537,1397.881081,578.0541428,578.5116333,0.579213267,1.399280361,0.001,0.001,GOOD,77.55530093,-1409.182215
SAN LUIS W.D.,Cotton,San Joaquin River,1337.25626,3399.208415,0.729719844,3.634047537,368.4467916,50,194.0424101,1104.40523,0.68,50,0.148539114,0.445240339,0.078228087,0.4,1338.593516,546.3965597,0,23.52100934,-1.5,0.22509733,0.455419453,0.047744161,0.271739056,0.525042583,0.001099706,191162.1616,194.0424101,1104.40523,1337.25626,1337.25626,1335.919004,4854.793165,1334.976404,1335.593536,1.33725626,4.859652818,0.001,0.001,GOOD,3399.208415,1682.313983
SAN LUIS W.D.,Cucurbits,San Joaquin River,750.7869123,384.0603914,14.86947686,2.299627126,267.5771763,50,3732.550158,1306.069594,0.05,50,0.046854775,0.228702604,0.653597591,0.4,751.5376992,235.5092671,0,23.52100934,-1.5,0.082052127,0.096161726,0.608769497,0.21301665,14.18155923,0.026638717,3.89E-05,3732.550158,1306.069594,750.7869123,750.7869123,750.0361254,1724.803419,749.9271898,749.8592703,0.750786912,1.726529949,0.001,0.001,GOOD,384.0603914,-4972.136537
SAN LUIS W.D.,Field and Grain,San Joaquin River,4344.972528,194.8087562,3.454627792,2.917058441,127.4152527,25,76.29216244,327.7457083,0.74,25,0.189326621,0.486998112,0.113362702,0.4,4306.702463,0,0,23.52100934,-1.5,0.103034989,0.570237743,0.061694043,0.265033225,2.302766795,0.000311015,106061.0054,76.29216244,327.7457083,4344.972528,4344.972528,4340.627555,12661.86425,4343.155619,4342.039776,4.344972528,12.67453879,0.001,0.001,GOOD,194.8087562,-361.6443672
SAN LUIS W.D.,Grapes,San Joaquin River,92.17806865,1686.199914,10.80135885,3.098484515,5693.452831,50,6051.355458,4549.18964,0.13,50,0.312599493,0.249773629,0.332250166,0.4,92.27024672,1691.448726,0,23.52100934,-1.5,0.384071916,0.064617868,0.31471722,0.236592996,10.41794182,0.083450519,40.38209845,6051.355458,4549.18964,92.17806865,92.17806865,92.15285997,285.5342096,92.14994044,92.15022444,0.025208682,0.078108711,0.000273478,0.000273478,GOOD,1686.199914,-14657.79802
SAN LUIS W.D.,Orchards,San Joaquin River,709.1819312,4762.917744,3.247388671,3.445837194,2203.997553,50,5347.052266,5630.387791,0.13,50,0.142496355,0.364024786,0.345706127,0.4,709.8911131,2032.266084,0,23.52100934,-1.5,0.251646253,0.096262212,0.317630295,0.334461241,3.069098535,0.010846734,178.2203164,5347.052266,5630.387791,709.1819312,709.1819312,709.031906,2443.208514,709.0582487,709.0654881,0.15002516,0.516962276,0.000211547,0.000211547,GOOD,4762.917744,-8468.519866
SAN LUIS W.D.,Pasture,San Joaquin River,14.23068243,226.9343417,5,4.600187047,214.8235605,10,128.6294508,552.5829798,0.51,10,0.189326621,0.486998112,0.113362702,0.4,14.24491311,84.43280444,0,23.52100934,-1.5,0.119611056,0.608112236,0.051412455,0.220864254,2.951450069,0.137785684,305.6901829,128.6294508,552.5829798,14.23068243,14.23068243,14.24491307,65.52926459,14.24015377,14.23482323,-0.014230639,-0.065463602,0.000999997,0.000999997,GOOD,226.9343417,-679.1016494
SAN LUIS W.D.,Pistachios,San Joaquin River,1694.583416,4897.401316,1.414819371,3.805829794,1806.455069,50,360.6739904,1788.10266,0.4,50,0.260711671,0.25806301,0.052053284,0.4,1696.277999,2693.898082,0,23.52100934,-1.5,0.5157052,0.238061837,0.041330413,0.204902551,1.213152511,0.001475289,250399.4286,360.6739904,1788.10266,1694.583416,1694.583416,1694.775492,6450.027062,1694.794763,1694.754889,-0.192076032,-0.731008685,0.000113347,0.000113347,GOOD,4897.401316,892.1695966
SAN LUIS W.D.,Subtropical,San Joaquin River,390.9571127,950.3385633,4.405405823,3.247465856,846.2602941,50,1809.449159,670.5198376,0.13,50,0.202134149,0.160157528,0.432197361,0.4,391.3480698,621.6407824,0,23.52100934,-1.5,0.274624722,0.261406141,0.338523815,0.125445322,3.74332325,0.019675579,34.04414849,1809.449159,670.5198376,390.9571127,390.9571127,390.5824491,1268.403167,390.6038588,390.6188807,0.374663608,1.216707274,0.000958324,0.000958324,GOOD,950.3385633,-2425.890727
SAN LUIS W.D.,Tomatoes,San Joaquin River,1854.552714,99.69467136,46.73447582,2.379660861,122.4440466,50,1913.505271,924.141116,0.74,50,0.026280181,0.198348523,0.410695875,0.4,1856.407267,1524.132706,0,23.52100934,-1.5,0.321191407,0.125279805,0.373260128,0.18026866,43.84952393,0.000728667,585016.9462,1913.505271,924.141116,1854.552714,1854.552714,1852.698161,4408.793302,1852.663967,1852.726479,1.854552714,4.413206508,0.001,0.001,GOOD,99.69467136,-2910.395762
SAN LUIS W.D.,Truck,San Joaquin River,59.83517133,690.3355797,21.20927139,2.667732673,775.1695468,50,4298.997918,3487.484178,0.41,50,0.052943262,0.238191489,0.293617021,0.4,59.8950065,5883.728618,0,23.52100934,-1.5,0.435222421,0.055856808,0.280980462,0.227940309,20.59629064,0.040762387,14252.39778,4298.997918,3487.484178,59.83517133,59.83517133,59.77533616,159.4646173,59.77552759,59.77431027,0.059835171,0.159624242,0.001,0.001,GOOD,690.3355797,-7921.316063
SAN LUIS W.D.,Walnuts,San Joaquin River,117.7389633,1802.497789,1.658526763,4.952669773,765.1413128,50,268.1025116,816.5691826,0.13,50,0.25594369,0.273146576,0.089681664,0.4,117.8567023,775.5525357,0,23.52100934,-1.5,0.232076178,0.604538695,0.040384536,0.123000591,0.974383924,0.065333578,10.76101222,268.1025116,816.5691826,117.7389633,117.7389633,117.8567022,583.7053266,117.9091174,117.8746849,-0.117738907,-0.583121927,0.001,0.001,GOOD,1802.497789,-97.315218
SANTA CLARA VALLEY W.D.,Alfalfa,San Francisco Bay,84.58347712,261.3108833,4.962762579,3.848948655,365.5393658,50,195.6975372,241.7085422,1.86,50,0.281872792,0.186385019,0.150905255,0.4,84.6680606,277.5009486,31.90672871,0,-1.5,0.263080549,0.566427511,0.076278896,0.094213045,3.162027291,0.006356258,59094.22249,195.6975372,241.7085422,84.58347712,84.58347712,84.64285026,325.7859847,84.3489411,84.33624424,-0.059373144,-0.228524184,0.000701947,0.000701947,GOOD,261.3108833,-591.6345619
SANTA CLARA VALLEY W.D.,Beans Dry,San Francisco Bay,201.5180848,2081.677186,2.666642109,2.084209184,472.7708366,50,394.4021188,2797.773609,1.68,50,0.085167238,0.504004546,0.071049516,0.4,201.7196029,1758.000971,31.90672871,0,-1.5,0.392252999,0.054358402,0.068372688,0.48501591,2.601725641,0.00295377,416456.6832,394.4021188,2797.773609,201.5180848,201.5180848,201.4974012,419.9627342,201.2304704,201.2318941,0.020683557,0.043108859,0.000102639,0.000102639,GOOD,2081.677186,-1633.269378
SANTA CLARA VALLEY W.D.,Berries,San Francisco Bay,6.23286231,4365.17382,23.99255765,1.75032744,4737.888181,50,43639.89281,40565.02072,0.25,50,0.045238346,0.387323291,0.416682812,0.4,6.239095172,15677.4364,31.90672871,0,-1.5,0.195005191,0.001932769,0.416193543,0.386868496,23.97498987,0.641759725,582.6475212,43639.89281,40565.02072,6.23286231,6.23286231,6.232930374,10.90966906,6.232072459,6.232095342,-6.81E-05,-0.000119134,1.09E-05,1.09E-05,GOOD,4365.17382,-84627.62789
SANTA CLARA VALLEY W.D.,Corn,San Francisco Bay,788.2910355,592.8076036,11.59681099,2.304449244,605.9462015,50,601.446945,3840.671664,0.3,50,0.088141761,0.558669339,0.087487293,0.4,789.0793265,1687.460413,31.90672871,0,-1.5,0.324288471,0.056213147,0.083877861,0.53562052,11.2843333,0.004228557,19348.20277,601.446945,3840.671664,788.2910355,788.2910355,788.3005865,1816.598691,787.3421055,787.2968031,-0.00955103,-0.022009864,1.21E-05,1.21E-05,GOOD,592.8076036,-4505.257207
SANTA CLARA VALLEY W.D.,Cucurbits,San Francisco Bay,187.3301612,620.0615846,11.79928567,1.351684028,342.80283,50,4781.905449,1673.25315,0.05,50,0.046854775,0.228702604,0.653597591,0.4,187.5174914,426.8080928,31.90672871,0,-1.5,0.108859192,0.014424806,0.649460887,0.227255115,11.75798531,0.106763374,1.49E-05,4781.905449,1673.25315,187.3301612,187.3301612,187.3227895,253.2012226,186.6545383,186.6488813,0.007371701,0.00996421,3.94E-05,3.94E-05,GOOD,620.0615846,-6227.899844
SANTA CLARA VALLEY W.D.,Field and Grain,San Francisco Bay,4337.849319,188.7820128,2.299231437,2.375207373,82.17788979,25,49.20548194,211.3832538,0.74,25,0.189326621,0.486998112,0.113362702,0.4,4323.584919,7.976682179,31.90672871,0,-1.5,0.203429686,0.362268169,0.082006792,0.352295353,1.875461791,0.000311526,74922.02425,49.20548194,211.3832538,4337.849319,4337.849319,4338.007459,10303.6673,4276.085213,4263.865877,-0.158140269,-0.375615934,3.65E-05,3.65E-05,GOOD,188.7820128,-178.9846127
SANTA CLARA VALLEY W.D.,Grapes,San Francisco Bay,1588.194449,2182.634114,9.45983331,2.512108519,6454.352671,50,6860.08709,5157.16476,0.13,50,0.312599493,0.249773629,0.332250166,0.4,1589.782643,2026.214902,31.90672871,0,-1.5,0.404780809,0.023780999,0.32620734,0.245230852,9.347188435,0.004843429,798.9970229,6860.08709,5157.16476,1588.194449,1588.194449,1588.18903,3989.703192,1587.633916,1587.637976,0.005419041,0.013613218,3.41E-06,3.41E-06,GOOD,2182.634114,-16338.97041
SANTA CLARA VALLEY W.D.,Lettuce,San Francisco Bay,2566.579155,1008,18.9,1.682308346,1600,65,12500,929,0.25,65,0.083984211,0.048763332,0.656126648,0.4,2569.145734,3888.919911,31.90672871,0,-1.5,0.287716427,0.012434774,0.651434209,0.04841459,18.81503051,0.001558495,64506.52366,12500,929,2566.579155,2566.579155,2566.597556,4317.808489,2565.192828,2565.544167,-0.018400838,-0.030955883,7.17E-06,7.17E-06,GOOD,1008,-14086
SANTA CLARA VALLEY W.D.,Onions and Garlic,San Francisco Bay,210.3818955,1577.95801,5.4088809,1.996666667,1370.357736,50,2389.236577,3560.298502,0.41,50,0.160557684,0.417141646,0.279934415,0.4,210.5922774,1091.330746,31.90672871,0,-1.5,0.285805562,0.032283354,0.273844407,0.408066678,5.333466895,0.011593319,18525.52311,2389.236577,3560.298502,210.3818955,210.3818955,210.3698201,420.0384075,210.1159847,210.1086584,0.012075439,0.024110627,5.74E-05,5.74E-05,GOOD,1577.95801,-5791.934805
SANTA CLARA VALLEY W.D.,Orchards,San Francisco Bay,1754.067185,3477.145422,5.627572715,3.121144607,2788.352815,50,6764.739016,7123.196497,0.13,50,0.142496355,0.364024786,0.345706127,0.4,1755.821252,2711.613098,31.90672871,0,-1.5,0.272770538,0.042430683,0.333561818,0.351236961,5.496488028,0.004385412,572.2987406,6764.739016,7123.196497,1754.067185,1754.067185,1754.031613,5474.58631,1753.036203,1753.036882,0.035571674,0.111024339,2.03E-05,2.03E-05,GOOD,3477.145422,-13249.14291
SANTA CLARA VALLEY W.D.,Pasture,San Francisco Bay,709.7992854,274.2759113,5,3.305404007,259.6386575,10,155.463292,667.8592548,0.51,10,0.189326621,0.486998112,0.113362702,0.4,710.5090847,231.4342656,31.90672871,0,-1.5,0.338511355,0.128573014,0.100627414,0.432288218,4.636033869,0.002762449,25020.38078,155.463292,667.8592548,709.7992854,709.7992854,709.5070844,2345.20756,705.3536681,705.3895253,0.292200981,0.965842293,0.000411667,0.000411667,GOOD,274.2759113,-818.685293
SANTA CLARA VALLEY W.D.,Subtropical,San Francisco Bay,97.24796519,1623.939354,3.019839614,2.432378703,991.2732225,50,2119.511586,785.4183456,0.13,50,0.202134149,0.160157528,0.432197361,0.4,97.34521316,862.2842562,31.90672871,0,-1.5,0.3590155,0.087850228,0.40358099,0.149553282,2.888152748,0.079099935,10.69308821,2119.511586,785.4183456,97.24796519,97.24796519,97.24620559,236.5395994,97.09561399,97.08767888,0.001759597,0.004280007,1.81E-05,1.81E-05,GOOD,1623.939354,-2322.2638
SANTA CLARA VALLEY W.D.,Sunflowers,San Francisco Bay,85.06879426,3544.154505,0.641760597,2.398414857,470.8453017,50,403.1518871,883.0229774,0.74,50,0.207010582,0.388227513,0.177248677,0.4,85.15386305,373.6277554,31.90672871,0,-1.5,0.336036999,0.170795142,0.154583609,0.338584249,0.587183192,0.015885394,13762.69102,403.1518871,883.0229774,85.06879426,85.06879426,85.05633331,204.0003735,84.77690624,84.7775921,0.012460949,0.029886524,0.000146481,0.000146481,GOOD,3544.154505,1737.134339
SANTA CLARA VALLEY W.D.,Tomatoes,San Francisco Bay,1070.133204,688.3142088,22.53639409,2.231636364,407.6613283,50,6370.763807,3076.806144,0.74,50,0.026280181,0.198348523,0.410695875,0.4,1071.203337,5521.377123,31.90672871,0,-1.5,0.377741143,0.023572614,0.403711078,0.194975165,22.28778057,0.001262788,1215540.381,6370.763807,3076.806144,1070.133204,1070.133204,1070.091103,2388.054218,1069.536621,1069.547805,0.042101261,0.093954705,3.93E-05,3.93E-05,GOOD,688.3142088,-9216.917071
SANTA CLARA VALLEY W.D.,Truck,San Francisco Bay,4262.428498,815.0818496,17.985083,1.349315785,776.1119396,50,4304.224316,3491.723999,0.41,50,0.052943262,0.238191489,0.293617021,0.4,4266.690926,5995.858626,31.90672871,0,-1.5,0.462673509,0.007190717,0.292693486,0.237442288,17.95385999,0.000572215,1032526.464,4304.224316,3491.723999,4262.428498,4262.428498,4262.625191,5751.627456,4261.094978,4260.985972,-0.196692841,-0.265400755,4.61E-05,4.61E-05,GOOD,815.0818496,-7806.978405
SANTA CLARA VALLEY W.D.,Walnuts,San Francisco Bay,652.5439926,2099.727093,1.587369044,2.505016927,853.071014,50,298.9127337,910.4089519,0.13,50,0.25594369,0.273146576,0.089681664,0.4,653.1965366,1121.468196,31.90672871,0,-1.5,0.540477763,0.133766398,0.080518335,0.245237504,1.479667277,0.011788183,76.43497477,298.9127337,910.4089519,652.5439926,652.5439926,652.5314106,1634.602229,651.6734661,651.6159904,0.012581987,0.031518089,1.93E-05,1.93E-05,GOOD,2099.727093,-12.6656066
THE WEST SIDE I.D.,Alfalfa,San Joaquin River,195.2803528,290.4258221,6.981811447,4.134965358,571.5529894,50,305.9903334,377.9325916,1.86,50,0.281872792,0.186385019,0.150905255,0.4,195.4756332,468.2155881,0,23.52100934,-1.5,0.242943972,0.597256092,0.071495243,0.088304693,4.243100361,0.002753141,220605.5971,305.9903334,377.9325916,195.2803528,195.2803528,195.4756332,808.2849714,195.475474,195.4736266,-0.195280353,-0.807477494,0.001,0.001,GOOD,290.4258221,-1015.050092
THE WEST SIDE I.D.,Almonds,San Joaquin River,2051.676699,4775.762292,1.018616781,4.125499535,1058.3111,50,455.3980167,1465.658483,0.4,50,0.217550368,0.301286212,0.093613311,0.4,2053.728376,1581.993123,0,23.52100934,-1.5,0.371720169,0.357820298,0.064114062,0.206345471,0.79144599,0.001218516,177863.4382,455.3980167,1465.658483,2051.676699,2051.676699,2052.66329,8468.261449,2052.589343,2052.633343,-0.986591124,-4.070181224,0.000480871,0.000480871,GOOD,4775.762292,1746.394692
THE WEST SIDE I.D.,Beans Dry,San Joaquin River,378.7262008,1593.773361,1.285477627,2.212101358,174.4872303,50,145.5634062,1032.584352,1.68,50,0.085167238,0.504004546,0.071049516,0.4,379.104927,533.489085,0,23.52100934,-1.5,0.292405921,0.220999581,0.060120093,0.426474406,1.15001508,0.001571684,248396.0823,145.5634062,1032.584352,378.7262008,378.7262008,378.3474746,836.9429624,378.3491,378.3485398,0.378726201,0.837780743,0.001,0.001,GOOD,1593.773361,191.1383725
THE WEST SIDE I.D.,Corn,San Joaquin River,11.4631428,77.55530093,25.22861255,2.415829265,172.4592835,50,171.1787432,1093.099489,0.3,50,0.088141761,0.558669339,0.087487293,0.4,11.47460594,342.2609167,0,23.52100934,-1.5,0.210440022,0.272668006,0.069985321,0.446906651,21.74042456,0.290787037,63.14629829,171.1787432,1093.099489,11.4631428,11.4631428,11.45167966,27.66530285,11.45184702,11.45173364,0.011463143,0.027692996,0.001,0.001,GOOD,77.55530093,-1409.182215
THE WEST SIDE I.D.,Field and Grain,San Joaquin River,579.7215402,194.8087562,3.454627792,2.917058441,127.4152527,25,76.29216244,327.7457083,0.74,25,0.189326621,0.486998112,0.113362702,0.4,575.7929335,0,0,23.52100934,-1.5,0.103034989,0.570237743,0.061694043,0.265033225,2.302766795,0.002331035,14151.03294,76.29216244,327.7457083,579.7215402,579.7215402,579.1418187,1689.390531,579.1872452,579.1631746,0.57972154,1.691081612,0.001,0.001,GOOD,194.8087562,-361.6443672
THE WEST SIDE I.D.,Orchards,San Joaquin River,9.336755415,4762.917744,3.247388671,3.445837194,2203.997553,50,5347.052266,5630.387791,0.13,50,0.142496355,0.364024786,0.345706127,0.4,9.34609217,2032.266084,0,23.52100934,-1.5,0.251646253,0.096262212,0.317630295,0.334461241,3.069098535,0.82387375,2.346364777,5347.052266,5630.387791,9.336755415,9.336755415,9.333076793,32.16026315,9.333078934,9.333096643,0.003678622,0.012675933,0.000393994,0.000393994,GOOD,4762.917744,-8468.519866
THE WEST SIDE I.D.,Pasture,San Joaquin River,72.72551955,226.9343417,5,4.600187047,214.8235605,10,128.6294508,552.5829798,0.51,10,0.189326621,0.486998112,0.113362702,0.4,72.79824507,84.43280444,0,23.52100934,-1.5,0.119611056,0.608112236,0.051412455,0.220864254,2.951450069,0.026961434,1562.221452,128.6294508,552.5829798,72.72551955,72.72551955,72.79824507,334.885544,72.79707094,72.79765861,-0.07272552,-0.334550993,0.001,0.001,GOOD,226.9343417,-679.1016494
THE WEST SIDE I.D.,Safflower,San Joaquin River,65.88967035,575.1459791,1.245291589,2.40565496,140.0879783,50,80.89587427,303.852797,0.74,50,0.195592287,0.424242424,0.112947658,0.4,65.95556002,14.52161987,0,23.52100934,-1.5,0.128918295,0.550266287,0.067453498,0.25336192,0.883125757,0.020509305,1951.646113,80.89587427,303.852797,65.88967035,65.88967035,65.82378068,158.3493045,65.82250873,65.8216543,0.06588967,0.158507812,0.001,0.001,GOOD,575.1459791,0.30932953
THE WEST SIDE I.D.,Tomatoes,San Joaquin River,141.5475083,99.69467136,46.73447582,2.379660861,122.4440466,50,1913.505271,924.141116,0.74,50,0.026280181,0.198348523,0.410695875,0.4,141.6890558,1524.132706,0,23.52100934,-1.5,0.321191407,0.125279805,0.373260128,0.18026866,43.84952393,0.009546981,44651.03118,1913.505271,924.141116,141.5475083,141.5475083,141.4059608,336.4982304,141.4049717,141.404433,0.141547508,0.336835065,0.001,0.001,GOOD,99.69467136,-2910.395762
THE WEST SIDE I.D.,Truck,San Joaquin River,108.2797869,690.3355797,21.20927139,2.667732673,775.1695468,50,4298.997918,3487.484178,0.41,50,0.052943262,0.238191489,0.293617021,0.4,108.3880667,5883.728618,0,23.52100934,-1.5,0.435222421,0.055856808,0.280980462,0.227940309,20.59629064,0.022525205,25791.62991,4298.997918,3487.484178,108.2797869,108.2797869,108.1715071,288.5726638,108.1714819,108.1712992,0.108279787,0.288861525,0.001,0.001,GOOD,690.3355797,-7921.316063
THE WEST SIDE I.D.,Walnuts,San Joaquin River,34.70947493,1802.497789,1.658526763,4.952669773,765.1413128,50,268.1025116,816.5691826,0.13,50,0.25594369,0.273146576,0.089681664,0.4,34.7441844,775.5525357,0,23.52100934,-1.5,0.232076178,0.604538695,0.040384536,0.123000591,0.974383924,0.221619823,3.172349011,268.1025116,816.5691826,34.70947493,34.70947493,34.7441844,172.0764719,34.74437855,34.74417135,-0.034709475,-0.171904567,0.001,0.001,GOOD,1802.497789,-97.315218
TRANQUILLITY I.D.,Alfalfa,Tulare Lake,106.4868569,279.620574,8.447932227,4.524530937,665.8443229,50,356.4707563,440.2816103,1.86,50,0.281872792,0.186385019,0.150905255,0.4,106.5933438,562.6217626,0,24.4822416,-1.5,0.233171228,0.615599747,0.067660577,0.083568448,4.948854018,0.005048833,142128.2691,356.4707563,440.2816103,106.4868569,106.4868569,106.5933438,482.2848815,106.5920554,106.594254,-0.106486857,-0.481803078,0.001,0.001,GOOD,279.620574,-1232.976116
TRANQUILLITY I.D.,Almonds,Tulare Lake,3113.908545,4875.001978,1.131453803,4.141037405,1199.972919,50,516.3560009,1661.846397,0.4,50,0.217550368,0.301286212,0.093613311,0.4,3117.022454,1829.230462,0,24.4822416,-1.5,0.388034974,0.332941598,0.066144185,0.212879243,0.89757938,0.00080285,309712.0286,516.3560009,1661.846397,3113.908545,3113.908545,3117.022319,12907.70602,3116.954436,3117.018263,-3.113774365,-12.89425611,0.000999957,0.000999957,GOOD,4875.001978,1446.826661
TRANQUILLITY I.D.,Corn,Tulare Lake,107.0194188,161.4386617,22.01452234,2.280437339,313.2553801,50,310.929404,1985.508048,0.3,50,0.088141761,0.558669338,0.087487293,0.4,107.1264382,774.4501076,0,24.4822416,-1.5,0.274045765,0.147370267,0.078338196,0.500245772,20.45164882,0.031146995,1245.795878,310.929404,1985.508048,107.0194188,107.0194188,106.9123994,243.8070276,106.9176852,106.9119062,0.107019419,0.244051079,0.001,0.001,GOOD,161.4386617,-2498.25417
TRANQUILLITY I.D.,Cotton,Tulare Lake,1894.920714,3710.758752,0.813814056,3.749301711,448.5684623,50,236.2384677,1344.566888,0.68,50,0.148539114,0.445240339,0.078228087,0.4,1896.815635,711.2374169,0,24.4822416,-1.5,0.243249859,0.425202692,0.049547062,0.282000387,0.600199071,0.000776068,343413.1381,236.2384677,1344.566888,1894.920714,1894.920714,1894.022887,7101.263251,1894.034534,1894.022832,0.897826918,3.366224001,0.000473807,0.000473807,GOOD,3710.758752,1631.384934
TRANQUILLITY I.D.,Cucurbits,Tulare Lake,346.2873917,654.3961754,16.06524008,2.442132231,492.5857332,50,6871.292169,2404.357717,0.05,50,0.046854775,0.228702604,0.653597591,0.4,346.6336791,562.9005632,0,24.4822416,-1.5,0.095732923,0.062962853,0.623228258,0.218075965,15.56365814,0.057755496,3.77E-05,6871.292169,2404.357717,346.2873917,346.2873917,345.9411043,844.8339209,345.9291241,345.9305247,0.346287392,0.8456796,0.001,0.001,GOOD,654.3961754,-9163.839444
TRANQUILLITY I.D.,Field and Grain,Tulare Lake,172.1450522,289.315121,2.652255461,3.261387025,145.2774368,25,86.9874648,373.6919673,0.74,25,0.189326621,0.486998112,0.113362702,0.4,163.3456732,0,0,24.4822416,-1.5,0.09333815,0.610683568,0.055887888,0.240090394,1.655186834,0.007850074,4791.152541,86.9874648,373.6919673,172.1450522,172.1450522,171.9729071,560.870208,171.9743923,171.9548641,0.172145052,0.56143164,0.001,0.001,GOOD,289.315121,-341.6417479
TRANQUILLITY I.D.,Grapes,Tulare Lake,101.979781,1422.002244,11.72196241,4.00891598,2204.421502,50,7245.758441,5033.018762,0.13,50,0.132249498,0.30194507,0.434693599,0.4,102.0817608,1886.865098,0,24.4822416,-1.5,0.218006625,0.127711473,0.386094522,0.26818738,10.8311338,0.075429733,24.75087443,7245.758441,5033.018762,101.979781,101.979781,101.9972971,408.8985944,101.9966199,101.9977452,-0.017516141,-0.070220739,0.000171761,0.000171761,GOOD,1422.002244,-13111.19646
TRANQUILLITY I.D.,Onions and Garlic,Tulare Lake,370.5070886,2408.610949,10.63434095,1.253629891,4112.522919,50,7170.237318,10684.66197,0.41,50,0.160557684,0.417141646,0.279934415,0.4,370.8775957,3553.194676,0,24.4822416,-1.5,0.298838828,0.005109287,0.279523122,0.416528762,10.62392209,0.006582936,101596.4095,7170.237318,10684.66197,370.5070886,370.5070886,370.1365815,464.0142823,370.1387929,370.1361822,0.370507089,0.464478761,0.001,0.001,GOOD,2408.610949,-19608.81126
TRANQUILLITY I.D.,Orchards,Tulare Lake,54.74224611,2277.681025,7.763328774,3.502172688,2519.675644,50,6112.909401,6436.827012,0.13,50,0.142496355,0.364024786,0.345706127,0.4,54.79698836,2352.12491,0,24.4822416,-1.5,0.254652843,0.089362572,0.319526578,0.336458006,7.366274865,0.140518671,15.82080879,6112.909401,6436.827012,54.74224611,54.74224611,54.73194045,191.680707,54.73307922,54.73261325,0.010305662,0.036092209,0.000188258,0.000188258,GOOD,2277.681025,-12841.73103
TRANQUILLITY I.D.,Pistachios,Tulare Lake,779.7019015,5088.640658,1.460333567,3.820163692,1937.377826,50,386.8138231,1917.69532,0.4,50,0.260711671,0.258063009,0.052053284,0.4,780.4816034,2904.691439,0,24.4822416,-1.5,0.522276553,0.229153873,0.041722615,0.206846959,1.260088332,0.003206354,123960.5166,386.8138231,1917.69532,779.7019015,779.7019015,779.7615717,2978.816845,779.7653344,779.768519,-0.059670221,-0.227950011,7.65E-05,7.65E-05,GOOD,5088.640658,796.7536889
TRANQUILLITY I.D.,Tomatoes,Tulare Lake,1366.825793,97.3922824,54.70338716,2.220206136,168.9385059,50,1803.712469,1201.075867,0.74,50,0.031709536,0.225440365,0.338554465,0.4,1368.192619,1988.594959,0,24.4822416,-1.5,0.377892573,0.095817934,0.315920729,0.210368765,52.23728576,0.000988679,564960.3783,1803.712469,1201.075867,1366.825793,1366.825793,1365.458967,3031.600377,1365.491585,1365.448678,1.366825793,3.034635012,0.001,0.001,GOOD,97.3922824,-3126.33456
TRANQUILLITY I.D.,Truck,Tulare Lake,26.53025848,1282.087936,19.71342086,1.84535452,1338.105955,50,7420.976145,6020.132457,0.41,50,0.052943262,0.238191489,0.293617021,0.4,26.55678874,10357.67836,0,24.4822416,-1.5,0.45899223,0.013521605,0.291230609,0.236255556,19.60645998,0.091933684,11099.409,7420.976145,6020.132457,26.53025848,26.53025848,26.50372822,48.90877467,26.50409854,26.50381078,0.026530258,0.048957732,0.001,0.001,GOOD,1282.087936,-13547.12662
Turner Island Water District,Alfalfa,San Joaquin River,805.3181971,290.4258221,6.981811447,4.134965358,571.5529894,50,305.9903334,377.9325916,1.86,50,0.281872792,0.186385019,0.150905255,0.4,806.1235153,468.2155881,0,23.52100934,-1.5,0.242943972,0.597256092,0.071495243,0.088304693,4.243100361,0.000667605,909757.1731,305.9903334,377.9325916,805.3181971,805.3181971,806.1235153,3333.29281,806.124638,806.1133032,-0.805318197,-3.329962847,0.001,0.001,GOOD,290.4258221,-1015.050092
Turner Island Water District,Corn,San Joaquin River,75.43745254,77.55530093,25.22861255,2.415829265,172.4592835,50,171.1787432,1093.099489,0.3,50,0.088141761,0.558669339,0.087487293,0.4,75.51288999,342.2609167,0,23.52100934,-1.5,0.210440022,0.272668006,0.069985321,0.446906651,21.74042456,0.044186717,415.5575799,171.1787432,1093.099489,75.43745254,75.43745254,75.36201509,182.0617615,75.36244852,75.3624292,0.075437453,0.182244006,0.001,0.001,GOOD,77.55530093,-1409.182215
Turner Island Water District,Cotton,San Joaquin River,1878.995841,3399.208415,0.729719844,3.634047537,368.4467916,50,194.0424101,1104.40523,0.68,50,0.148539114,0.445240339,0.078228087,0.4,1880.874837,546.3965597,0,23.52100934,-1.5,0.22509733,0.455419453,0.047744161,0.271739056,0.525042583,0.000782646,268604.3934,194.0424101,1104.40523,1878.995841,1878.995841,1880.874837,6835.188568,1880.793161,1880.886489,-1.878995841,-6.828360208,0.001,0.001,GOOD,3399.208415,1682.313983
Turner Island Water District,Field and Grain,San Joaquin River,735.3085043,194.8087562,3.454627792,2.917058441,127.4152527,25,76.29216244,327.7457083,0.74,25,0.189326621,0.486998112,0.113362702,0.4,729.5111752,0,0,23.52100934,-1.5,0.103034989,0.570237743,0.061694043,0.265033225,2.302766795,0.001837802,17948.91883,76.29216244,327.7457083,735.3085043,735.3085043,735.4607694,2145.382045,735.4695228,735.472266,-0.152265085,-0.444166153,0.000207076,0.000207076,GOOD,194.8087562,-361.6443672
Turner Island Water District,Tomatoes,San Joaquin River,2761.141671,99.69467136,46.73447582,2.379660861,122.4440466,50,1913.505271,924.141116,0.74,50,0.026280181,0.198348523,0.410695875,0.4,2763.902813,1524.132706,0,23.52100934,-1.5,0.321191407,0.125279805,0.373260128,0.18026866,43.84952393,0.000489418,870999.598,1913.505271,924.141116,2761.141671,2761.141671,2758.380529,6564.010185,2758.396644,2758.383073,2.761141671,6.570580766,0.001,0.001,GOOD,99.69467136,-2910.395762
WEST STANISLAUS I.D.,Alfalfa,San Joaquin River,94.44847871,290.4258221,6.981811447,4.134965358,571.5529894,50,305.9903334,377.9325916,1.86,50,0.281872792,0.186385019,0.150905255,0.4,94.54292719,468.2155881,0,23.52100934,-1.5,0.242943972,0.597256092,0.071495243,0.088304693,4.243100361,0.005692356,106697.1804,305.9903334,377.9325916,94.44847871,94.44847871,94.54283298,390.9313392,94.54084107,94.54542019,-0.094354273,-0.390151652,0.000999003,0.000999003,GOOD,290.4258221,-1015.050092
WEST STANISLAUS I.D.,Almonds,San Joaquin River,10501.49631,4775.762292,1.018616781,4.125499535,1058.3111,50,455.3980167,1465.658483,0.4,50,0.217550368,0.301286212,0.093613311,0.4,10511.99781,1581.993123,0,23.52100934,-1.5,0.371720169,0.357820298,0.064114062,0.206345471,0.79144599,0.000238061,910393.0655,455.3980167,1465.658483,10501.49631,10501.49631,10506.33931,43343.89793,10503.54916,10505.23256,-4.842997228,-19.97978281,0.000461172,0.000461172,GOOD,4775.762292,1746.394692
WEST STANISLAUS I.D.,Beans Dry,San Joaquin River,2484.029035,1593.773361,1.285477627,2.212101358,174.4872303,50,145.5634062,1032.584352,1.68,50,0.085167238,0.504004546,0.071049516,0.4,2486.513064,533.489085,0,23.52100934,-1.5,0.292405921,0.220999581,0.060120093,0.426474406,1.15001508,0.000239626,1629206.216,145.5634062,1032.584352,2484.029035,2484.029035,2481.545006,5489.429078,2482.121901,2481.566973,2.484029035,5.494924002,0.001,0.001,GOOD,1593.773361,191.1383725
WEST STANISLAUS I.D.,Corn,San Joaquin River,388.2248773,77.55530093,25.22861255,2.415829265,172.4592835,50,171.1787432,1093.099489,0.3,50,0.088141761,0.558669339,0.087487293,0.4,388.6131022,342.2609167,0,23.52100934,-1.5,0.210440022,0.272668006,0.069985321,0.446906651,21.74042456,0.008586089,2138.590117,171.1787432,1093.099489,388.2248773,388.2248773,387.8366524,936.947135,388.0064502,387.9313942,0.388224877,0.93788502,0.001,0.001,GOOD,77.55530093,-1409.182215
WEST STANISLAUS I.D.,Cucurbits,San Joaquin River,360.1378533,384.0603914,14.86947686,2.299627126,267.5771763,50,3732.550158,1306.069594,0.05,50,0.046854775,0.228702604,0.653597591,0.4,360.4979912,235.5092671,0,23.52100934,-1.5,0.082052127,0.096161726,0.608769497,0.21301665,14.18155923,0.05553429,1.87E-05,3732.550158,1306.069594,360.1378533,360.1378533,359.7777154,827.3545938,359.8419377,359.8378742,0.360137853,0.828182777,0.001,0.001,GOOD,384.0603914,-4972.136537
WEST STANISLAUS I.D.,Field and Grain,San Joaquin River,392.2128276,194.8087562,3.454627792,2.917058441,127.4152527,25,76.29216244,327.7457083,0.74,25,0.189326621,0.486998112,0.113362702,0.4,369.760716,0,0,23.52100934,-1.5,0.103034989,0.570237743,0.061694043,0.265033225,2.302766795,0.003445454,9573.935518,76.29216244,327.7457083,392.2128276,392.2128276,391.8206148,1142.963632,391.9504837,391.8485867,0.392212828,1.144107739,0.001,0.001,GOOD,194.8087562,-361.6443672
WEST STANISLAUS I.D.,Grapes,San Joaquin River,685.5711351,1686.199914,10.80135885,3.098484515,5693.452831,50,6051.355458,4549.18964,0.13,50,0.312599493,0.249773629,0.332250166,0.4,686.2567062,1691.448726,0,23.52100934,-1.5,0.384071916,0.064617868,0.31471722,0.236592996,10.41794182,0.011220291,300.3404332,6051.355458,4549.18964,685.5711351,685.5711351,685.3419421,2123.521395,685.3467948,685.3417859,0.229193022,0.71015103,0.00033431,0.00033431,GOOD,1686.199914,-14657.79802
WEST STANISLAUS I.D.,Orchards,San Joaquin River,826.0435861,4762.917744,3.247388671,3.445837194,2203.997553,50,5347.052266,5630.387791,0.13,50,0.142496355,0.364024786,0.345706127,0.4,826.8696297,2032.266084,0,23.52100934,-1.5,0.251646253,0.096262212,0.317630295,0.334461241,3.069098535,0.00931223,207.5881276,5347.052266,5630.387791,826.0435861,826.0435861,825.7505548,2845.401975,825.7266359,825.7379837,0.293031318,1.009738216,0.000354741,0.000354741,GOOD,4762.917744,-8468.519866
WEST STANISLAUS I.D.,Pasture,San Joaquin River,3.62836231,226.9343417,5,4.600187047,214.8235605,10,128.6294508,552.5829798,0.51,10,0.189326621,0.486998112,0.113362702,0.4,3.631990672,84.43280444,0,23.52100934,-1.5,0.119611056,0.608112236,0.051412455,0.220864254,2.951450069,0.540404774,77.94107863,128.6294508,552.5829798,3.62836231,3.62836231,3.631990672,16.70783645,3.631961686,3.632869011,-0.003628362,-0.016691145,0.001,0.001,GOOD,226.9343417,-679.1016494
WEST STANISLAUS I.D.,Subtropical,San Joaquin River,415.9886924,950.3385633,4.405405823,3.247465856,846.2602941,50,1809.449159,670.5198376,0.13,50,0.202134149,0.160157528,0.432197361,0.4,416.4046811,621.6407824,0,23.52100934,-1.5,0.274624722,0.261406141,0.338523815,0.125445322,3.74332325,0.018491627,36.22387304,1809.449159,670.5198376,415.9886924,415.9886924,415.5727037,1349.558166,415.5503241,415.5768347,0.415988692,1.350909075,0.001,0.001,GOOD,950.3385633,-2425.890727
WEST STANISLAUS I.D.,Tomatoes,San Joaquin River,1366.051172,99.69467136,46.73447582,2.379660861,122.4440466,50,1913.505271,924.141116,0.74,50,0.026280181,0.198348523,0.410695875,0.4,1367.417223,1524.132706,0,23.52100934,-1.5,0.321191407,0.125279805,0.373260128,0.18026866,43.84952393,0.000989239,430919.5845,1913.505271,924.141116,1366.051172,1366.051172,1364.685121,3247.48777,1364.703446,1364.665151,1.366051172,3.250738508,0.001,0.001,GOOD,99.69467136,-2910.395762
WEST STANISLAUS I.D.,Truck,San Joaquin River,4.85550086,690.3355797,21.20927139,2.667732673,775.1695468,50,4298.997918,3487.484178,0.41,50,0.052943262,0.238191489,0.293617021,0.4,4.860356361,5883.728618,0,23.52100934,-1.5,0.435222421,0.055856808,0.280980462,0.227940309,20.59629064,0.502321894,1156.552712,4298.997918,3487.484178,4.85550086,4.85550086,4.850645359,12.94022511,4.85134088,4.850584537,0.004855501,0.012953178,0.001,0.001,GOOD,690.3355797,-7921.316063
WEST STANISLAUS I.D.,Walnuts,San Joaquin River,992.7444353,1802.497789,1.658526763,4.952669773,765.1413128,50,268.1025116,816.5691826,0.13,50,0.25594369,0.273146576,0.089681664,0.4,993.7371797,775.5525357,0,23.52100934,-1.5,0.232076178,0.604538695,0.040384536,0.123000591,0.974383924,0.007748528,90.73406711,268.1025116,816.5691826,992.7444353,992.7444353,993.7371797,4921.652092,993.7108732,993.7583218,-0.992744435,-4.916735357,0.001,0.001,GOOD,1802.497789,-97.315218
WESTLANDS W.D.,Alfalfa,Tulare Lake,3278.323924,279.620574,8.447932227,4.524530937,665.8443229,50,356.4707563,440.2816103,1.86,50,0.281872792,0.186385019,0.150905255,0.4,3281.602248,562.6217626,0,24.4822416,-1.5,0.233171228,0.615599747,0.067660577,0.083568448,4.948854018,0.000163997,4375586.983,356.4707563,440.2816103,3278.323924,3278.323924,3281.602248,14847.71089,3269.909721,3281.08184,-3.278323924,-14.83287802,0.001,0.001,GOOD,279.620574,-1232.976116
WESTLANDS W.D.,Almonds,Tulare Lake,105691.3829,4875.001978,1.131453803,4.141037405,1199.972919,50,516.3560009,1661.846397,0.4,50,0.217550368,0.301286212,0.093613311,0.4,105797.0743,1829.230462,0,24.4822416,-1.5,0.388034974,0.332941598,0.066144185,0.212879243,0.89757938,2.37E-05,10512156.07,516.3560009,1661.846397,105691.3829,105691.3829,105718.5464,437784.4551,105572.4111,105699.6507,-27.16350792,-112.4851024,0.000257008,0.000257008,GOOD,4875.001978,1446.826661
WESTLANDS W.D.,Beans Dry,Tulare Lake,1079.877442,1326.519215,1.43231235,1.919782133,161.8168882,50,134.9933596,957.6035242,1.68,50,0.085167238,0.504004546,0.071049516,0.4,1080.957319,502.5864055,0,24.4822416,-1.5,0.310853843,0.177953718,0.063159236,0.448033203,1.324204016,0.000551209,664671.2705,134.9933596,957.6035242,1079.877442,1079.877442,1078.797567,2071.056295,1083.443291,1078.247225,1.079874788,2.073124324,0.000999998,0.000999998,GOOD,1326.519215,22.105443
WESTLANDS W.D.,Berries,Tulare Lake,108.4718173,7027.33636,10.36058171,2.39378705,3293.681493,50,30337.54741,28199.96017,0.25,50,0.045238346,0.387323291,0.416682812,0.4,108.5802891,10797.80886,0,24.4822416,-1.5,0.192272042,0.00901002,0.413942177,0.384775761,10.3151022,0.036875938,6998.998897,30337.54741,28199.96017,108.4718173,108.4718173,108.4445171,259.5930807,108.3983958,108.4034428,0.027300185,0.065350829,0.00025168,0.00025168,GOOD,7027.33636,-54853.85271
WESTLANDS W.D.,Corn,Tulare Lake,2764.868915,161.4386617,22.01452234,2.280437339,313.2553801,50,310.929404,1985.508048,0.3,50,0.088141761,0.558669338,0.087487293,0.4,2767.633784,774.4501076,0,24.4822416,-1.5,0.274045765,0.147370267,0.078338196,0.500245772,20.45164882,0.001205603,32185.39528,310.929404,1985.508048,2764.868915,2764.868915,2762.104066,6298.805247,2767.966318,2761.66674,2.764848514,6.305063788,0.000999993,0.000999993,GOOD,161.4386617,-2498.25417
WESTLANDS W.D.,Cotton,Tulare Lake,13435.24955,3710.758752,0.813814056,3.749301711,448.5684623,50,236.2384677,1344.566888,0.68,50,0.148539114,0.445240339,0.078228087,0.4,13448.6848,711.2374169,0,24.4822416,-1.5,0.243249859,0.425202692,0.049547062,0.282000387,0.600199071,0.000109457,2434846.574,236.2384677,1344.566888,13435.24955,13435.24955,13448.6848,50423.17692,13432.73076,13451.96909,-13.43524783,-50.37279767,0.001,0.001,GOOD,3710.758752,1631.384934
WESTLANDS W.D.,Cucurbits,Tulare Lake,15754.36235,654.3961754,16.06524008,2.442132231,492.5857332,50,6871.292169,2404.357717,0.05,50,0.046854775,0.228702604,0.653597591,0.4,15770.11671,562.9005632,0,24.4822416,-1.5,0.095732923,0.062962853,0.623228258,0.218075965,15.56365814,0.00126949,0.001713696,6871.292169,2404.357717,15754.36235,15754.36235,15740.5722,38440.5587,15732.49891,15732.4909,13.79015296,33.67737701,0.000875323,0.000875323,GOOD,654.3961754,-9163.839444
WESTLANDS W.D.,Field and Grain,Tulare Lake,25486.78129,289.315121,2.652255461,3.261387025,145.2774368,25,86.9874648,373.6919673,0.74,25,0.189326621,0.486998112,0.113362702,0.4,25125.18019,0,0,24.4822416,-1.5,0.09333815,0.610683568,0.055887888,0.240090394,1.655186834,5.30E-05,709349.7919,86.9874648,373.6919673,25486.78129,25486.78129,25505.45796,83183.16967,25427.30769,25463.4607,-18.67667327,-60.91185988,0.000732798,0.000732798,GOOD,289.315121,-341.6417479
WESTLANDS W.D.,Grapes,Tulare Lake,17315.58484,1422.002244,11.72196241,4.00891598,2204.421502,50,7245.758441,5033.018762,0.13,50,0.132249498,0.30194507,0.434693599,0.4,17332.90042,1886.865098,0,24.4822416,-1.5,0.218006625,0.127711473,0.386094522,0.26818738,10.8311338,0.000444242,4202.557231,7245.758441,5033.018762,17315.58484,17315.58484,17325.56189,69456.72192,17323.03693,17327.40935,-9.977049864,-39.99715463,0.000576189,0.000576189,GOOD,1422.002244,-13111.19646
WESTLANDS W.D.,Lettuce,Tulare Lake,8110.953311,1008,18.9,2.300762612,1600,65,12500,929,0.25,65,0.083984211,0.048763332,0.656126648,0.4,8119.064264,3816.322604,0,24.4822416,-1.5,0.276854246,0.036725105,0.638934999,0.047485649,18.56839952,0.00049316,201158.5545,12500,929,8110.953311,8110.953311,8103.324475,18643.82599,8100.950437,8095.320716,7.628835504,17.5521395,0.00094056,0.00094056,GOOD,1008,-14086
WESTLANDS W.D.,Onions and Garlic,Tulare Lake,27823.36879,2408.610949,10.63434095,1.253629891,4112.522919,50,7170.237318,10684.66197,0.41,50,0.160557684,0.417141646,0.279934415,0.4,27851.19216,3553.194676,0,24.4822416,-1.5,0.298838828,0.005109287,0.279523122,0.416528762,10.62392209,8.77E-05,7629420.481,7170.237318,10684.66197,27823.36879,27823.36879,27795.54542,34845.32658,27787.58567,27791.30183,27.82336869,34.88020666,0.001,0.001,GOOD,2408.610949,-19608.81126
WESTLANDS W.D.,Orchards,Tulare Lake,5418.242261,2277.681025,7.763328774,3.502172688,2519.675644,50,6112.909401,6436.827012,0.13,50,0.142496355,0.364024786,0.345706127,0.4,5423.660503,2352.12491,0,24.4822416,-1.5,0.254652843,0.089362572,0.319526578,0.336458006,7.366274865,0.001419705,1565.901674,6112.909401,6436.827012,5418.242261,5418.242261,5419.667928,18980.613,5420.054954,5419.599732,-1.425667252,-4.992932911,0.000263124,0.000263124,GOOD,2277.681025,-12841.73103
WESTLANDS W.D.,Pasture,Tulare Lake,338.6020497,242.4206904,4.903405501,4.768194291,225.050083,10,134.7527641,578.8882988,0.51,10,0.189326621,0.486998112,0.113362702,0.4,338.9406517,85.57777343,0,24.4822416,-1.5,0.113526244,0.625656872,0.049248562,0.211568322,2.812635059,0.005790822,7549.920019,134.7527641,578.8882988,338.6020497,338.6020497,338.940651,1616.134877,338.5587013,338.9920074,-0.338601341,-1.614516982,0.000999998,0.000999998,GOOD,242.4206904,-706.2704555
WESTLANDS W.D.,Pistachios,Tulare Lake,83798.50992,5088.640658,1.460333567,3.820163692,1937.377826,50,386.8138231,1917.69532,0.4,50,0.260711671,0.258063009,0.052053284,0.4,83882.30843,2904.691439,0,24.4822416,-1.5,0.522276553,0.229153873,0.041722615,0.206846959,1.260088332,2.98E-05,13322664.17,386.8138231,1917.69532,83798.50992,83798.50992,83817.85842,320197.9395,83746.3766,83849.05564,-19.34850098,-73.91444095,0.000230893,0.000230893,GOOD,5088.640658,796.7536889
WESTLANDS W.D.,Potatoes,Tulare Lake,217.893609,697.8686048,20.75531565,1.233512156,1479.227265,50,1543.541499,8971.834969,0.41,50,0.10212496,0.619410086,0.106565176,0.4,218.1115026,2398.004691,0,24.4822416,-1.5,0.267055038,0.008669425,0.106315675,0.617959862,20.72290673,0.011193648,30220.05835,1543.541499,8971.834969,217.893609,217.893609,217.6757245,268.5056522,217.6471279,217.8021648,0.217884513,0.268763196,0.000999958,0.000999958,GOOD,697.8686048,-11346.73513
WESTLANDS W.D.,Safflower,Tulare Lake,145.8300506,574.3765351,1.258,2.392307778,141.3282741,50,81.61210144,306.5430161,0.74,50,0.195592287,0.424242424,0.112947658,0.4,145.9758807,14.89784361,0,24.4822416,-1.5,0.129788262,0.54774339,0.067801037,0.254667311,0.895199942,0.009266618,4364.635209,81.61210144,306.5430161,145.8300506,145.8300506,145.6871108,348.5284084,145.5859001,145.7981538,0.14293975,0.341955877,0.00098018,0.00098018,GOOD,574.3765351,-5.10685654
WESTLANDS W.D.,Subtropical,Tulare Lake,4425.2732,1157.720607,15.10914155,3.608433712,3535.76379,50,7560.067345,2801.501829,0.13,50,0.202134149,0.160157528,0.432197361,0.4,4429.698473,3326.067331,0,24.4822416,-1.5,0.359905353,0.096626856,0.396528078,0.146939714,14.26596034,0.001738267,1801.3441,7560.067345,2801.501829,4425.2732,4425.2732,4427.032104,15974.65189,4427.237887,4427.100327,-1.758904452,-6.346890119,0.000397468,0.000397468,GOOD,1157.720607,-12789.61236
WESTLANDS W.D.,Tomatoes,Tulare Lake,62120.98177,97.3922824,54.70338716,2.220206136,168.9385059,50,1803.712469,1201.075867,0.74,50,0.031709536,0.225440365,0.338554465,0.4,62183.10275,1988.594959,0,24.4822416,-1.5,0.377892573,0.095817934,0.315920729,0.210368765,52.23728576,2.18E-05,25676932.3,1803.712469,1201.075867,62120.98177,62120.98177,62082.79783,137836.6087,62149.7585,62174.27346,38.18393992,84.77621771,0.000614671,0.000614671,GOOD,97.3922824,-3126.33456
WESTLANDS W.D.,Truck,Tulare Lake,5134.289129,1282.087936,19.71342086,1.84535452,1338.105955,50,7420.976145,6020.132457,0.41,50,0.052943262,0.238191489,0.293617021,0.4,5139.423418,10357.67836,0,24.4822416,-1.5,0.45899223,0.013521605,0.291230609,0.236255556,19.60645998,0.000475046,2148021.853,7420.976145,6020.132457,5134.289129,5134.289129,5130.0768,9466.810411,5130.489443,5130.719653,4.212329131,7.773240601,0.000820431,0.000820431,GOOD,1282.087936,-13547.12662
WESTLANDS W.D.,Walnuts,Tulare Lake,489.4898915,1793.152974,1.862011475,3.425917313,854.5630698,50,299.4355442,912.0012941,0.13,50,0.25594369,0.273146576,0.089681664,0.4,489.9793814,1017.701505,0,24.4822416,-1.5,0.398204833,0.344139273,0.063685807,0.193970087,1.482091512,0.015714947,54.36601693,299.4355442,912.0012941,489.4898915,489.4898915,489.9588886,1678.558639,490.1216596,490.5929735,-0.468997121,-1.606745357,0.000958134,0.000958134,GOOD,1793.152974,-322.8469341