g,i,hr,xland,p,y,xwater,omegaland,omegawater_unit,omegasupply,omegalabor,theta,omegawater,CS_land,CS_labor,CS_supply,mprof_init,f_adjustment,mprof,sigma,lambdaland,lambdacrop,rho,betaland,betawater,betasupply,betalabor,tau,gamma,delta,xlandcalib,xwatercalib,diffland,diffwater,percdiffland,percdiffwater,status,pc,pimarginal
1,Alfalfa,Sacramento River,218.8354054,280.6469987,5.962401488,3.537610105,471.6662224,35.37610105,252.5143029,311.8836593,1.86,10,0.281872792,0.186385019,0.150905255,601.889797,1.487388256,601.889797,0.17,62.62442621,539.2653708,-4.882352941,0.057933256,0.911609636,0.013626653,0.016830455,3.643555099,0.002456798,255248.728,218.8352689,774.1532588,0.000136462,0.00108272,6.24E-07,1.40E-06,GOOD,280.6469987,512.1190455
1,Almonds,Sacramento River,32.71585715,4683.240486,0.738721068,3.971676207,752.6390797,198.5838104,323.8653982,1042.332314,0.4,50,0.217550367,0.301286212,0.093613311,1142.187811,1.421781248,1142.187811,0.17,62.62442621,1079.563385,-4.882352941,0.011138281,0.980830857,0.001903764,0.006127098,0.332646308,0.076415543,2035.408713,32.71585453,129.9367628,2.62E-06,2.86E-05,8.02E-08,2.20E-07,GOOD,4683.240486,552.061027
1,Berries,Sacramento River,220.6292491,5808.7562,4.15,3.453441036,1090.53087,172.6720518,10044.6968,9336.946257,0.25,50,0.045238346,0.387323291,0.416682812,3461.492251,1.112065325,3461.492251,0.17,62.62442621,3398.867825,-4.882352941,0.046810867,0.75387742,0.103294943,0.096016769,3.118772009,0.018129962,4598.642273,220.6292448,761.9299713,4.31E-06,0.000131287,1.96E-08,1.72E-07,GOOD,5808.7562,3037.851554
1,Cucurbits,Sacramento River,17.42837714,202.6283347,12.01,1.97136542,111.9924863,96.81195395,1562.231795,546.6459553,0.05,50,0.046854775,0.228702604,0.653597591,73.83780655,0.98218172,115.8841095,0.17,62.62442621,53.2596833,-4.882352941,0.045157284,0.536935863,0.309580474,0.108326379,10.34510807,1.147553776,4.09E-07,17.42163373,34.34001478,0.00674341,0.017685244,0.000386921,0.000514739,GOOD,202.6283347,21.8443252
1,Field and Grain,Sacramento River,3219.912649,209.6613847,3.03361867,2.845649619,120.4179202,71.14124048,72.10238442,309.7467197,0.74,25,0.189326621,0.486998112,0.113362702,62.62442621,1.056394644,62.62442621,0.17,62.62442621,0,-4.882352941,0.01487795,0.954084795,0.005860587,0.025176667,1.653693583,0.000419686,112912.7407,3219.908376,9162.727838,0.004272775,0.015364879,1.33E-06,1.68E-06,GOOD,209.6613847,-68.67737717
1,Grapes,Sacramento River,38.6108022,1768.088912,10.32652959,2.661751325,5707.511085,133.0875663,6066.297444,4560.422484,0.13,50,0.312599493,0.249773629,0.332250166,1790.903888,1.055957181,1790.903888,0.17,62.62442621,1728.279462,-4.882352941,0.220720588,0.466475188,0.178565303,0.134238921,9.09329252,0.199226829,17.17492561,38.61080199,102.7723403,2.14E-07,1.36E-05,5.54E-09,1.32E-07,GOOD,1768.088912,1569.745449
1,Orchards,Sacramento River,484.809818,2309.334094,2.07088168,3.327741402,681.468536,166.3870701,1653.290347,1740.896727,0.13,50,0.142496355,0.364024786,0.345706127,540.3149882,1.073687064,540.3149882,0.17,62.62442621,477.690562,-4.882352941,0.019222595,0.927375898,0.026011588,0.027389919,1.219081087,0.01586665,35.13842077,484.8097999,1613.321386,1.81E-05,0.000317211,3.73E-08,1.97E-07,GOOD,2309.334094,153.0089163
1,Pasture,Sacramento River,10143.3774,231.3889922,5,3.965593094,219.0404801,39.65593094,131.1544068,563.4300116,0.51,10,0.189326621,0.486998112,0.113362702,203.6641316,1.155852829,203.6641316,0.17,62.62442621,141.0397054,-4.882352941,0.012363677,0.96732044,0.003836132,0.016479751,2.499007503,0.000193307,307774.007,10143.37276,40224.45653,0.004644739,0.050833522,4.58E-07,1.26E-06,GOOD,231.3889922,86.06077663
1,Pistachios,Sacramento River,7.841825166,4908.224613,1.249825398,3.663925668,1599.315875,183.1962834,319.3169032,1583.067859,0.4,50,0.260711671,0.258063009,0.052053284,2449.52686,1.585474028,2449.52686,0.17,62.62442621,2386.902434,-4.882352941,0.036882585,0.945787804,0.00290879,0.014420821,0.692253099,0.318803333,1042.489886,7.841824883,28.73186205,2.83E-07,2.46E-06,3.61E-08,8.56E-08,GOOD,4908.224613,1961.505578
1,Subtropical,Sacramento River,693.0795889,1426.122657,2.926176068,2.972946835,843.5231851,148.6473418,1803.596752,668.3511361,0.13,50,0.202134149,0.160157528,0.432197361,708.967574,1.14729554,708.967574,0.17,62.62442621,646.3431478,-4.882352941,0.04513977,0.882986591,0.052440855,0.019432784,1.899693199,0.011098736,63.83056687,693.0795695,2060.488383,1.94E-05,0.000387141,2.80E-08,1.88E-07,GOOD,1426.122657,415.6942716
1,Truck,Sacramento River,39.18946079,742.5153484,22.835,2.662234731,945.7732119,133.1117366,5245.145436,4255.029217,0.41,50,0.055780263,0.25095514,0.309350686,6376.278379,1.526406084,6376.278379,0.17,62.62442621,6313.653953,-4.882352941,0.224008708,0.485345724,0.160468447,0.130177121,19.96250047,0.062236743,10264.34156,39.18946009,104.3315285,7.02E-07,1.51E-05,1.79E-08,1.45E-07,GOOD,742.5153484,6155.015428
1,Walnuts,Sacramento River,2185.280515,1941.701849,1.718936287,4.942462794,854.2534686,247.1231397,299.3270611,911.6708835,0.13,50,0.25594369,0.273146576,0.089681664,1025.287214,1.374658568,1025.287214,0.17,62.62442621,962.6627877,-4.882352941,0.003096313,0.994908716,0.000493105,0.001501866,0.59212916,0.003520055,243.6550922,2185.280451,10800.66551,6.41E-05,0.002129969,2.93E-08,1.97E-07,GOOD,1941.701849,51.01343008
10,Alfalfa,San Joaquin River,37356.60955,290.4258221,6.981811447,4.134965358,571.5529894,41.34965358,305.9903334,377.9325916,1.86,10,0.281872792,0.186385019,0.150905255,730.8727613,1.489129543,730.8727613,0.17,68.61215883,662.2606024,-4.882352941,0.02941147,0.955144134,0.006909895,0.008534501,3.712508039,1.44E-05,52861771.69,37356.60187,154468.2098,0.007683313,0.076578833,2.06E-07,4.96E-07,GOOD,290.4258221,601.2430297
10,Almonds,San Joaquin River,100166.8964,4775.762292,1.018616781,4.125499535,1058.3111,206.2749768,455.3980167,1465.658483,0.4,50,0.217550368,0.301286212,0.093613311,1679.029036,1.454344131,1679.029036,0.17,68.61215883,1610.416877,-4.882352941,0.012832728,0.978161305,0.002134919,0.006871048,0.469576695,2.50E-05,9002782.738,100166.8943,413238.4513,0.002105712,0.033218267,2.10E-08,8.04E-08,GOOD,4775.762292,1034.316692
10,Beans Dry,San Joaquin River,7330.340145,1593.773361,1.285477627,2.212101358,174.4872303,110.6050679,145.5634062,1032.584352,1.68,50,0.085167238,0.504004546,0.071049516,585.5199417,1.333479076,585.5199417,0.17,68.61215883,516.9077828,-4.882352941,0.10447712,0.733564561,0.020010397,0.141947922,0.991633901,8.12E-05,5161102.444,7330.338332,16215.45041,0.001812647,0.004981004,2.47E-07,3.07E-07,GOOD,1593.773361,451.4553887
10,Corn,San Joaquin River,33584.18193,77.55530093,25.22861255,2.415829265,172.4592835,120.7914633,171.1787432,1093.099489,0.3,50,0.088141761,0.558669339,0.087487293,399.0836594,1.196408306,399.0836594,0.17,68.61215883,330.4715006,-4.882352941,0.052941855,0.829948423,0.015856237,0.101253485,17.78155435,9.93E-05,205426.5735,33584.1799,81133.63973,0.002032046,0.009822016,6.05E-08,1.21E-07,GOOD,77.55530093,228.0635708
10,Cotton,San Joaquin River,56251.23127,3399.208415,0.729719844,3.634047537,368.4467916,181.7023768,194.0424101,1104.40523,0.68,50,0.148539114,0.445240339,0.078228087,631.8730258,1.277916424,631.8730258,0.17,68.61215883,563.2608669,-4.882352941,0.0098805,0.97729429,0.001916623,0.010908587,0.341372032,2.61E-05,8792481.491,56251.22608,204419.6171,0.005186811,0.031386394,9.22E-08,1.54E-07,GOOD,3399.208415,153.2603276
10,Cucurbits,San Joaquin River,7387.484592,384.0603914,14.86947686,2.299627126,267.5771763,114.9813563,3732.550158,1306.069594,0.05,50,0.046854775,0.228702604,0.653597591,289.5988182,1.00325705,289.5988182,0.17,68.61215883,220.9866593,-4.882352941,0.04529776,0.545068317,0.303451984,0.106181938,12.70707858,0.002707281,0.000424199,7387.484517,16988.45881,7.51E-05,0.001155315,1.02E-08,6.80E-08,GOOD,384.0603914,140.1659285
10,Field and Grain,San Joaquin River,35945.29395,194.8087562,3.454627792,2.917058441,127.4152527,72.92646103,76.29216244,327.7457083,0.74,25,0.189326621,0.486998112,0.113362702,68.61215883,1.060499947,68.61215883,0.17,68.61215883,0,-4.882352941,0.013823801,0.957683556,0.005380103,0.02311254,1.850487538,3.76E-05,1349914.087,35945.27717,104854.4608,0.016778972,0.062309972,4.67E-07,5.94E-07,GOOD,194.8087562,-71.19212885
10,Grapes,San Joaquin River,4908.449568,1686.199914,10.80135885,3.098484515,5693.452831,154.9242258,6051.355458,4549.18964,0.13,50,0.312599493,0.249773629,0.332250166,1764.328209,1.054534307,1764.328209,0.17,68.61215883,1695.71605,-4.882352941,0.131318485,0.682024451,0.106553789,0.080103276,8.556948336,0.001567156,2171.553483,4908.449557,15208.75408,1.08E-05,0.000902555,2.21E-09,5.93E-08,GOOD,1686.199914,1439.22212
10,Lettuce,San Joaquin River,778.8146205,1008,18.9,3.326092372,1600,216.1960042,12500,929,0.25,65,0.083984211,0.048763332,0.656126648,3806.003996,1.190145407,3806.003996,0.17,68.61215883,3737.391837,-4.882352941,0.056762599,0.802234003,0.131248975,0.009754424,13.59299947,0.00513601,19278.4689,778.8146158,2590.409241,4.70E-06,0.000127813,6.03E-09,4.93E-08,GOOD,1008,3303.11212
10,Onions and Garlic,San Joaquin River,2073.989844,1579.216395,6.547714821,1.480822037,1660.207972,74.04110185,2894.594241,4313.35249,0.41,50,0.160557684,0.417141646,0.279934415,1398.06279,1.10128044,1398.06279,0.17,68.61215883,1329.450631,-4.882352941,0.283971634,0.04674413,0.26877367,0.400510566,6.493378023,0.001176006,226888.0283,2073.989816,3071.209652,2.77E-05,0.000213776,1.34E-08,6.96E-08,GOOD,1579.216395,1362.462197
10,Orchards,San Joaquin River,10476.06976,4762.917744,3.247388671,3.445837194,2203.997553,172.2918597,5347.052266,5630.387791,0.13,50,0.142496355,0.364024786,0.345706127,2113.315653,1.103101512,2113.315653,0.17,68.61215883,2044.703494,-4.882352941,0.049250913,0.825520982,0.060997939,0.064230165,2.276276862,0.000734274,2683.048397,10476.06972,36098.82861,4.18E-05,0.002216357,3.99E-09,6.14E-08,GOOD,4762.917744,1691.917814
10,Pasture,San Joaquin River,15491.15011,226.9343417,5,4.600187047,214.8235605,46.00187047,128.6294508,552.5829798,0.51,10,0.189326621,0.486998112,0.113362702,192.6338469,1.14712982,192.6338469,0.17,68.61215883,124.0216881,-4.882352941,0.005075434,0.986439143,0.001602254,0.006883169,2.089814959,0.000126574,453083.5016,15491.14717,71262.15344,0.002943334,0.03463727,1.90E-07,4.86E-07,GOOD,226.9343417,27.01850873
10,Pistachios,San Joaquin River,20148.25981,4897.401316,1.414819371,3.805829794,1806.455069,190.2914897,360.6739904,1788.10266,0.4,50,0.260711671,0.25806301,0.052053284,2783.41504,1.591834969,2783.41504,0.17,68.61215883,2714.802882,-4.882352941,0.033608303,0.950657759,0.002640955,0.013092984,0.768288117,0.00012408,3036419.169,20148.25957,76680.84208,0.000243218,0.005405151,1.21E-08,7.05E-08,GOOD,4897.401316,2249.489509
10,Potatoes,San Joaquin River,714.5510225,919.9316484,16.13648405,3.305132031,1515.990126,165.2566016,1581.902745,9194.809715,0.41,50,0.10212496,0.619410086,0.106565176,2386.503184,1.134823369,2386.503184,0.17,68.61215883,2317.891025,-4.882352941,0.054728834,0.794137811,0.022184713,0.128948643,11.70070364,0.003413366,99748.05476,714.5510127,2361.685307,9.77E-06,0.000164944,1.37E-08,6.98E-08,GOOD,919.9316484,2005.564898
10,Rice,San Joaquin River,1892.744493,573.2274458,4.688550562,4.833919598,335.3762222,241.6959799,192.0996257,1541.750863,0.2,50,0.124786237,0.573652143,0.071476115,376.6831724,1.107620191,376.6831724,0.17,68.61215883,308.0710135,-4.882352941,0.001337383,0.995406116,0.0003608,0.002895701,1.587048734,0.002641667,1816.208894,1892.74441,9149.37373,8.28E-05,0.000968315,4.37E-08,1.06E-07,GOOD,573.2274458,-549.9597817
10,Safflower,San Joaquin River,90.20422473,575.1459791,1.245291589,2.40565496,140.0879783,24.0565496,80.89587427,303.852797,0.74,10,0.195592287,0.424242424,0.112947658,167.3312511,1.242716297,167.3312511,0.17,68.61215883,98.71909222,-4.882352941,0.125981236,0.716347712,0.033151349,0.124519702,0.968791195,0.014981021,5312.576447,90.20419974,217.0001327,2.50E-05,0.000107935,2.77E-07,4.97E-07,GOOD,575.1459791,133.5160428
10,Subtropical,San Joaquin River,1704.416794,950.3385633,4.405405823,3.247465856,846.2602941,162.3732928,1809.449159,670.5198376,0.13,50,0.202134149,0.160157528,0.432197361,698.0244571,1.142940118,698.0244571,0.17,68.61215883,629.4122983,-4.882352941,0.028036452,0.926939772,0.032850505,0.012173271,2.598749769,0.004513161,156.1420066,1704.416775,5535.034959,1.85E-05,0.000384355,1.09E-08,6.94E-08,GOOD,950.3385633,333.0960256
10,Truck,San Joaquin River,2201.610217,690.3355797,21.20927139,2.667732673,775.1695468,133.3866337,4298.997918,3487.484178,0.41,50,0.052943262,0.238191489,0.293617021,5946.476384,1.603707682,5946.476384,0.17,68.61215883,5877.864225,-4.882352941,0.21990558,0.525351626,0.140646152,0.114096642,18.24124919,0.001107837,529352.644,2201.610201,5873.307132,1.60E-05,0.000376671,7.29E-09,6.41E-08,GOOD,690.3355797,5724.023137
10,Walnuts,San Joaquin River,11445.10078,1802.497789,1.658526763,4.952669773,765.1413128,247.6334887,268.1025116,816.5691826,0.13,50,0.25594369,0.273146576,0.089681664,892.0443277,1.357428723,892.0443277,0.17,68.61215883,823.4321688,-4.882352941,0.002698778,0.9955348,0.000436613,0.001329808,0.557257651,0.000672105,1125.142038,11445.10064,56683.80047,0.00014158,0.00421156,1.24E-08,7.43E-08,GOOD,1802.497789,-86.76907771
10,Tomatoes,San Joaquin River,37267.21112,99.69467136,46.73447582,2.379660861,122.4440466,118.9830431,1913.505271,924.141116,0.74,50,0.026280181,0.198348523,0.410695875,1580.104731,1.441119419,1580.104731,0.17,68.61215883,1511.492573,-4.882352941,0.133645775,0.643606157,0.150205326,0.072542741,38.03339952,3.63E-05,12155525.58,37267.20926,88683.31411,0.00185738,0.009590851,4.98E-08,1.08E-07,GOOD,99.69467136,1415.948484
11,Alfalfa,San Joaquin River,5309.822233,290.4258221,6.981811447,4.134965358,571.5529894,41.34965358,305.9903334,377.9325916,1.86,10,0.281872792,0.186385019,0.150905255,730.8727613,1.489129543,730.8727613,0.17,68.61215883,662.2606024,-4.882352941,0.02941147,0.955144134,0.006909895,0.008534501,3.712508039,0.000101253,7513706.784,5309.820695,21955.91747,0.001538284,0.013525471,2.90E-07,6.16E-07,GOOD,290.4258221,601.2430297
11,Almonds,San Joaquin River,117828.5502,4775.762292,1.018616781,4.125499535,1058.3111,206.2749768,455.3980167,1465.658483,0.4,50,0.217550368,0.301286212,0.093613311,1679.029036,1.454344131,1679.029036,0.17,68.61215883,1610.416877,-4.882352941,0.012832728,0.978161305,0.002134919,0.006871048,0.469576695,2.12E-05,10590173.76,117828.5467,486101.5821,0.003489772,0.046919765,2.96E-08,9.65E-08,GOOD,4775.762292,1034.316692
11,Beans Dry,San Joaquin River,422.2532085,1593.773361,1.285477627,2.212101358,174.4872303,110.6050679,145.5634062,1032.584352,1.68,50,0.085167238,0.504004546,0.071049516,585.5199417,1.333479076,585.5199417,0.17,68.61215883,516.9077828,-4.882352941,0.10447712,0.733564561,0.020010397,0.141947922,0.991633901,0.001409671,297297.5364,422.253053,934.0664919,0.000155521,0.000404023,3.68E-07,4.33E-07,GOOD,1593.773361,451.4553887
11,Berries,San Joaquin River,76.88491972,6918.471451,4.49116409,3.460572945,1405.645459,173.0286473,12947.16439,12034.90563,0.25,50,0.045238346,0.387323291,0.416682812,4511.246412,1.114139416,4511.246412,0.17,68.61215883,4442.634253,-4.882352941,0.056296005,0.706013199,0.123185221,0.114505575,3.499120826,0.052025807,2083.036496,76.8849191,266.0658569,6.18E-07,1.62E-05,8.03E-09,6.08E-08,GOOD,6918.471451,4085.496804
11,Corn,San Joaquin River,21510.71134,77.55530093,25.22861255,2.415829265,172.4592835,120.7914633,171.1787432,1093.099489,0.3,50,0.088141761,0.558669339,0.087487293,399.0836594,1.196408306,399.0836594,0.17,68.61215883,330.4715006,-4.882352941,0.052941855,0.829948423,0.015856237,0.101253485,17.78155435,0.000154962,131575.9822,21510.70942,51966.19777,0.001924669,0.008195171,8.95E-08,1.58E-07,GOOD,77.55530093,228.0635708
11,Cucurbits,San Joaquin River,1179.626916,384.0603914,14.86947686,2.299627126,267.5771763,114.9813563,3732.550158,1306.069594,0.05,50,0.046854775,0.228702604,0.653597591,289.5988182,1.00325705,289.5988182,0.17,68.61215883,220.9866593,-4.882352941,0.04529776,0.545068317,0.303451984,0.106181938,12.70707858,0.016954513,6.77E-05,1179.626898,2712.701839,1.78E-05,0.000215192,1.51E-08,7.93E-08,GOOD,384.0603914,140.1659285
11,Field and Grain,San Joaquin River,5380.950242,194.8087562,3.454627792,2.917058441,127.4152527,72.92646103,76.29216244,327.7457083,0.74,25,0.189326621,0.486998112,0.113362702,68.61215883,1.060499947,68.61215883,0.17,68.61215883,0,-4.882352941,0.013823801,0.957683556,0.005380103,0.02311254,1.850487538,0.000251136,202079.8757,5380.946588,15696.53341,0.003654473,0.012909328,6.79E-07,8.22E-07,GOOD,194.8087562,-71.19212885
11,Grapes,San Joaquin River,8159.614574,1686.199914,10.80135885,3.098484515,5693.452831,154.9242258,6051.355458,4549.18964,0.13,50,0.312599493,0.249773629,0.332250166,1764.328209,1.054534307,1764.328209,0.17,68.61215883,1695.71605,-4.882352941,0.131318485,0.682024451,0.106553789,0.080103276,8.556948336,0.000942729,3609.905572,8159.614548,25282.43769,2.61E-05,0.001711533,3.20E-09,6.77E-08,GOOD,1686.199914,1439.22212
11,Lettuce,San Joaquin River,2.85248003,1008,18.9,3.326092372,1600,216.1960042,12500,929,0.25,65,0.083984211,0.048763332,0.656126648,3806.003996,1.190145407,3806.003996,0.17,68.61215883,3737.391837,-4.882352941,0.056762599,0.802234003,0.131248975,0.009754424,13.59299947,1.40228852,70.60916181,2.852480005,9.487613921,2.47E-08,-1.85E-06,8.65E-09,1.95E-07,GOOD,1008,3303.11212
11,Onions and Garlic,San Joaquin River,171.6374832,1579.216395,6.547714821,1.480822037,1660.207972,74.04110185,2894.594241,4313.35249,0.41,50,0.160557684,0.417141646,0.279934415,1398.06279,1.10128044,1398.06279,0.17,68.61215883,1329.450631,-4.882352941,0.283971634,0.04674413,0.26877367,0.400510566,6.493378023,0.014210325,18776.606,171.6374797,254.164549,3.52E-06,1.85E-05,2.05E-08,7.28E-08,GOOD,1579.216395,1362.462197
11,Orchards,San Joaquin River,3815.51314,4762.917744,3.247388671,3.445837194,2203.997553,172.2918597,5347.052266,5630.387791,0.13,50,0.142496355,0.364024786,0.345706127,2113.315653,1.103101512,2113.315653,0.17,68.61215883,2044.703494,-4.882352941,0.049250913,0.825520982,0.060997939,0.064230165,2.276276862,0.002016061,977.199145,3815.513118,13147.63617,2.18E-05,0.00092396,5.72E-09,7.03E-08,GOOD,4762.917744,1691.917814
11,Pasture,San Joaquin River,22910.01072,226.9343417,5,4.600187047,214.8235605,46.00187047,128.6294508,552.5829798,0.51,10,0.189326621,0.486998112,0.113362702,192.6338469,1.14712982,192.6338469,0.17,68.61215883,124.0216881,-4.882352941,0.005075434,0.986439143,0.001602254,0.006883169,2.089814959,8.56E-05,670069.5433,22910.00465,105390.2715,0.006068563,0.063091303,2.65E-07,5.99E-07,GOOD,226.9343417,27.01850873
11,Pistachios,San Joaquin River,232.7120763,4897.401316,1.414819371,3.805829794,1806.455069,190.2914897,360.6739904,1788.10266,0.4,50,0.260711671,0.25806301,0.052053284,2783.41504,1.591834969,2783.41504,0.17,68.61215883,2714.802882,-4.882352941,0.033608303,0.950657759,0.002640955,0.013092984,0.768288117,0.010742889,35070.59249,232.7120723,885.6624831,3.99E-06,7.03E-05,1.71E-08,7.94E-08,GOOD,4897.401316,2249.489509
11,Potatoes,San Joaquin River,780.6514587,919.9316484,16.13648405,3.305132031,1515.990126,165.2566016,1581.902745,9194.809715,0.41,50,0.10212496,0.619410086,0.106565176,2386.503184,1.134823369,2386.503184,0.17,68.61215883,2317.891025,-4.882352941,0.054728834,0.794137811,0.022184713,0.128948643,11.70070364,0.003124345,108975.3734,780.6514433,2580.155926,1.54E-05,0.000214805,1.97E-08,8.33E-08,GOOD,919.9316484,2005.564898
11,Rice,San Joaquin River,351.5468328,573.2274458,4.688550562,4.833919598,335.3762222,241.6959799,192.0996257,1541.750863,0.2,50,0.124786237,0.573652143,0.071476115,376.6831724,1.107620191,376.6831724,0.17,68.61215883,308.0710135,-4.882352941,0.001337383,0.995406116,0.0003608,0.002895701,1.587048734,0.014222856,337.3315768,351.5468115,1699.348905,2.13E-05,0.000219356,6.07E-08,1.29E-07,GOOD,573.2274458,-549.9597817
11,Safflower,San Joaquin River,6.30571216,575.1459791,1.245291589,2.40565496,140.0879783,24.0565496,80.89587427,303.852797,0.74,10,0.195592287,0.424242424,0.112947658,167.3312511,1.242716297,167.3312511,0.17,68.61215883,98.71909222,-4.882352941,0.125981236,0.716347712,0.033151349,0.124519702,0.968791195,0.214305905,371.374822,6.30570958,15.16937251,2.58E-06,-4.77E-06,4.09E-07,3.15E-07,GOOD,575.1459791,133.5160428
11,Subtropical,San Joaquin River,286.7748395,950.3385633,4.405405823,3.247465856,846.2602941,162.3732928,1809.449159,670.5198376,0.13,50,0.202134149,0.160157528,0.432197361,698.0244571,1.142940118,698.0244571,0.17,68.61215883,629.4122983,-4.882352941,0.028036452,0.926939772,0.032850505,0.012173271,2.598749769,0.02682351,26.27150768,286.774835,931.2914262,4.49E-06,7.35E-05,1.57E-08,7.89E-08,GOOD,950.3385633,333.0960256
11,Truck,San Joaquin River,1929.470914,690.3355797,21.20927139,2.667732673,775.1695468,133.3866337,4298.997918,3487.484178,0.41,50,0.052943262,0.238191489,0.293617021,5946.476384,1.603707682,5946.476384,0.17,68.61215883,5877.864225,-4.882352941,0.21990558,0.525351626,0.140646152,0.114096642,18.24124919,0.00126409,463919.7811,1929.470893,5147.312214,2.06E-05,0.000384732,1.07E-08,7.47E-08,GOOD,690.3355797,5724.023137
11,Walnuts,San Joaquin River,25596.28964,1802.497789,1.658526763,4.952669773,765.1413128,247.6334887,268.1025116,816.5691826,0.13,50,0.25594369,0.273146576,0.089681664,892.0443277,1.357428723,892.0443277,0.17,68.61215883,823.4321688,-4.882352941,0.002698778,0.9955348,0.000436613,0.001329808,0.557257651,0.000300524,2516.313489,25596.2892,126769.959,0.000438272,0.011023589,1.71E-08,8.70E-08,GOOD,1802.497789,-86.76907771
12,Alfalfa,San Joaquin River,10092.25907,290.4258221,6.981811447,4.134965358,571.5529894,41.34965358,305.9903334,377.9325916,1.86,10,0.281872792,0.186385019,0.150905255,730.8727613,1.489129543,730.8727613,0.17,68.61215883,662.2606024,-4.882352941,0.02941147,0.955144134,0.006909895,0.008534501,3.712508039,5.33E-05,14281132.61,10092.25563,41731.1098,0.003444714,0.031836955,3.41E-07,7.63E-07,GOOD,290.4258221,601.2430297
12,Almonds,San Joaquin River,117053.0121,4775.762292,1.018616781,4.125499535,1058.3111,206.2749768,455.3980167,1465.658483,0.4,50,0.217550368,0.301286212,0.093613311,1679.029036,1.454344131,1679.029036,0.17,68.61215883,1610.416877,-4.882352941,0.012832728,0.978161305,0.002134919,0.006871048,0.469576695,2.14E-05,10520470.08,117053.008,482902.0885,0.004084139,0.058535915,3.49E-08,1.21E-07,GOOD,4775.762292,1034.316692
12,Beans Dry,San Joaquin River,393.2915124,1593.773361,1.285477627,2.212101358,174.4872303,110.6050679,145.5634062,1032.584352,1.68,50,0.085167238,0.504004546,0.071049516,585.5199417,1.333479076,585.5199417,0.17,68.61215883,516.9077828,-4.882352941,0.10447712,0.733564561,0.020010397,0.141947922,0.991633901,0.001513478,276906.3571,393.2913453,870.0002462,0.000167132,0.000442472,4.25E-07,5.09E-07,GOOD,1593.773361,451.4553887
12,Berries,San Joaquin River,197.6429401,6918.471451,4.49116409,3.460572945,1405.645459,173.0286473,12947.16439,12034.90563,0.25,50,0.045238346,0.387323291,0.416682812,4511.246412,1.114139416,4511.246412,0.17,68.61215883,4442.634253,-4.882352941,0.056296005,0.706013199,0.123185221,0.114505575,3.499120826,0.020238517,5354.723122,197.6429382,683.9577511,1.86E-06,6.02E-05,9.41E-09,8.80E-08,GOOD,6918.471451,4085.496804
12,Corn,San Joaquin River,52613.31545,77.55530093,25.22861255,2.415829265,172.4592835,120.7914633,171.1787432,1093.099489,0.3,50,0.088141761,0.558669339,0.087487293,399.0836594,1.196408306,399.0836594,0.17,68.61215883,330.4715006,-4.882352941,0.052941855,0.829948423,0.015856237,0.101253485,17.78155435,6.34E-05,321823.3256,52613.31,127104.7628,0.005446047,0.024352762,1.04E-07,1.92E-07,GOOD,77.55530093,228.0635708
12,Cucurbits,San Joaquin River,485.2556058,384.0603914,14.86947686,2.299627126,267.5771763,114.9813563,3732.550158,1306.069594,0.05,50,0.046854775,0.228702604,0.653597591,289.5988182,1.00325705,289.5988182,0.17,68.61215883,220.9866593,-4.882352941,0.04529776,0.545068317,0.303451984,0.106181938,12.70707858,0.041215392,2.79E-05,485.2555973,1115.906844,8.46E-06,0.000110456,1.74E-08,9.90E-08,GOOD,384.0603914,140.1659285
12,Field and Grain,San Joaquin River,3977.340139,194.8087562,3.454627792,2.917058441,127.4152527,72.92646103,76.29216244,327.7457083,0.74,25,0.189326621,0.486998112,0.113362702,68.61215883,1.060499947,68.61215883,0.17,68.61215883,0,-4.882352941,0.013823801,0.957683556,0.005380103,0.02311254,1.850487538,0.000339763,149367.7445,3977.336995,11602.12231,0.003143863,0.011315359,7.90E-07,9.75E-07,GOOD,194.8087562,-71.19212885
12,Grapes,San Joaquin River,8646.868311,1686.199914,10.80135885,3.098484515,5693.452831,154.9242258,6051.355458,4549.18964,0.13,50,0.312599493,0.249773629,0.332250166,1764.328209,1.054534307,1764.328209,0.17,68.61215883,1695.71605,-4.882352941,0.131318485,0.682024451,0.106553789,0.080103276,8.556948336,0.000889606,3825.472124,8646.868279,26792.18523,3.22E-05,0.002330684,3.73E-09,8.70E-08,GOOD,1686.199914,1439.22212
12,Orchards,San Joaquin River,5421.522265,4762.917744,3.247388671,3.445837194,2203.997553,172.2918597,5347.052266,5630.387791,0.13,50,0.142496355,0.364024786,0.345706127,2113.315653,1.103101512,2113.315653,0.17,68.61215883,2044.703494,-4.882352941,0.049250913,0.825520982,0.060997939,0.064230165,2.276276862,0.001418846,1388.517541,5421.522229,18681.68139,3.63E-05,0.001683733,6.69E-09,9.01E-08,GOOD,4762.917744,1691.917814
12,Pasture,San Joaquin River,9735.744411,226.9343417,5,4.600187047,214.8235605,46.00187047,128.6294508,552.5829798,0.51,10,0.189326621,0.486998112,0.113362702,192.6338469,1.14712982,192.6338469,0.17,68.61215883,124.0216881,-4.882352941,0.005075434,0.986439143,0.001602254,0.006883169,2.089814959,0.000201401,284750.0113,9735.741361,44786.21202,0.00305032,0.033310908,3.13E-07,7.44E-07,GOOD,226.9343417,27.01850873
12,Pistachios,San Joaquin River,318.6874672,4897.401316,1.414819371,3.805829794,1806.455069,190.2914897,360.6739904,1788.10266,0.4,50,0.260711671,0.25806301,0.052053284,2783.41504,1.591834969,2783.41504,0.17,68.61215883,2714.802882,-4.882352941,0.033608303,0.950657759,0.002640955,0.013092984,0.768288117,0.007844676,48027.40998,318.6874608,1212.870133,6.42E-06,0.000124336,2.01E-08,1.03E-07,GOOD,4897.401316,2249.489509
12,Potatoes,San Joaquin River,3763.01473,919.9316484,16.13648405,3.305132031,1515.990126,165.2566016,1581.902745,9194.809715,0.41,50,0.10212496,0.619410086,0.106565176,2386.503184,1.134823369,2386.503184,0.17,68.61215883,2317.891025,-4.882352941,0.054728834,0.794137811,0.022184713,0.128948643,11.70070364,0.000648157,525299.6463,3763.014643,12437.25919,8.65E-05,0.001322588,2.30E-08,1.06E-07,GOOD,919.9316484,2005.564898
12,Safflower,San Joaquin River,293.0658075,575.1459791,1.245291589,2.40565496,140.0879783,24.0565496,80.89587427,303.852797,0.74,10,0.195592287,0.424242424,0.112947658,167.3312511,1.242716297,167.3312511,0.17,68.61215883,98.71909222,-4.882352941,0.125981236,0.716347712,0.033151349,0.124519702,0.968791195,0.004611085,17260.10629,293.0656686,705.0145936,0.000138938,0.00061978,4.74E-07,8.79E-07,GOOD,575.1459791,133.5160428
12,Subtropical,San Joaquin River,218.0015077,950.3385633,4.405405823,3.247465856,846.2602941,162.3732928,1809.449159,670.5198376,0.13,50,0.202134149,0.160157528,0.432197361,698.0244571,1.142940118,698.0244571,0.17,68.61215883,629.4122983,-4.882352941,0.028036452,0.926939772,0.032850505,0.012173271,2.598749769,0.035285571,19.97116725,218.0015037,707.9523822,3.99E-06,7.06E-05,1.83E-08,9.98E-08,GOOD,950.3385633,333.0960256
12,Truck,San Joaquin River,239.2525348,690.3355797,21.20927139,2.667732673,775.1695468,133.3866337,4298.997918,3487.484178,0.41,50,0.052943262,0.238191489,0.293617021,5946.476384,1.603707682,5946.476384,0.17,68.61215883,5877.864225,-4.882352941,0.21990558,0.525351626,0.140646152,0.114096642,18.24124919,0.010194351,57525.60599,239.2525318,638.2617461,2.97E-06,5.80E-05,1.24E-08,9.09E-08,GOOD,690.3355797,5724.023137
12,Walnuts,San Joaquin River,8533.633905,1802.497789,1.658526763,4.952669773,765.1413128,247.6334887,268.1025116,816.5691826,0.13,50,0.25594369,0.273146576,0.089681664,892.0443277,1.357428723,892.0443277,0.17,68.61215883,823.4321688,-4.882352941,0.002698778,0.9955348,0.000436613,0.001329808,0.557257651,0.000901411,838.9222974,8533.633732,42264.26603,0.000173307,0.004664579,2.03E-08,1.10E-07,GOOD,1802.497789,-86.76907771
13,Alfalfa,San Joaquin River,36781.65294,290.4258221,6.981811447,4.134965358,571.5529894,41.34965358,305.9903334,377.9325916,1.86,10,0.281872792,0.186385019,0.150905255,730.8727613,1.489129543,730.8727613,0.17,68.61215883,662.2606024,-4.882352941,0.02941147,0.955144134,0.006909895,0.008534501,3.712508039,1.46E-05,52048174.7,36781.6447,152090.783,0.00823749,0.077756551,2.24E-07,5.11E-07,GOOD,290.4258221,601.2430297
13,Almonds,San Joaquin River,248123.3746,4775.762292,1.018616781,4.125499535,1058.3111,206.2749768,455.3980167,1465.658483,0.4,50,0.217550368,0.301286212,0.093613311,1679.029036,1.454344131,1679.029036,0.17,68.61215883,1610.416877,-4.882352941,0.012832728,0.978161305,0.002134919,0.006871048,0.469576695,1.01E-05,22300789.12,248123.3689,1023632.783,0.005680262,0.083621083,2.29E-08,8.17E-08,GOOD,4775.762292,1034.316692
13,Beans Dry,San Joaquin River,454.4272786,1593.773361,1.285477627,2.212101358,174.4872303,110.6050679,145.5634062,1032.584352,1.68,50,0.085167238,0.504004546,0.071049516,585.5199417,1.333479076,585.5199417,0.17,68.61215883,516.9077828,-4.882352941,0.10447712,0.733564561,0.020010397,0.141947922,0.991633901,0.001309864,319950.465,454.4271531,1005.238866,0.000125536,0.000334261,2.76E-07,3.33E-07,GOOD,1593.773361,451.4553887
13,Berries,San Joaquin River,232.5986876,6918.471451,4.49116409,3.460572945,1405.645459,173.0286473,12947.16439,12034.90563,0.25,50,0.045238346,0.387323291,0.416682812,4511.246412,1.114139416,4511.246412,0.17,68.61215883,4442.634253,-4.882352941,0.056296005,0.706013199,0.123185221,0.114505575,3.499120826,0.017197002,6301.776173,232.5986862,804.9246779,1.43E-06,4.74E-05,6.15E-09,5.89E-08,GOOD,6918.471451,4085.496804
13,Corn,San Joaquin River,68264.57163,77.55530093,25.22861255,2.415829265,172.4592835,120.7914633,171.1787432,1093.099489,0.3,50,0.088141761,0.558669339,0.087487293,399.0836594,1.196408306,399.0836594,0.17,68.61215883,330.4715006,-4.882352941,0.052941855,0.829948423,0.015856237,0.101253485,17.78155435,4.88E-05,417558.3932,68264.56703,164915.5289,0.004599009,0.021004088,6.74E-08,1.27E-07,GOOD,77.55530093,228.0635708
13,Cotton,San Joaquin River,9980.560238,3399.208415,0.729719844,3.634047537,368.4467916,181.7023768,194.0424101,1104.40523,0.68,50,0.148539114,0.445240339,0.078228087,631.8730258,1.277916424,631.8730258,0.17,68.61215883,563.2608669,-4.882352941,0.0098805,0.97729429,0.001916623,0.010908587,0.341372032,0.000147345,1560035.028,9980.55923,36269.82449,0.001007684,0.005862323,1.01E-07,1.62E-07,GOOD,3399.208415,153.2603276
13,Cucurbits,San Joaquin River,381.5091794,384.0603914,14.86947686,2.299627126,267.5771763,114.9813563,3732.550158,1306.069594,0.05,50,0.046854775,0.228702604,0.653597591,289.5988182,1.00325705,289.5988182,0.17,68.61215883,220.9866593,-4.882352941,0.04529776,0.545068317,0.303451984,0.106181938,12.70707858,0.052423378,2.19E-05,381.5091751,877.3288006,4.33E-06,5.72E-05,1.13E-08,6.52E-08,GOOD,384.0603914,140.1659285
13,Field and Grain,San Joaquin River,29574.5574,194.8087562,3.454627792,2.917058441,127.4152527,72.92646103,76.29216244,327.7457083,0.74,25,0.189326621,0.486998112,0.113362702,68.61215883,1.060499947,68.61215883,0.17,68.61215883,0,-4.882352941,0.013823801,0.957683556,0.005380103,0.02311254,1.850487538,4.57E-05,1110663.101,29574.54214,86270.65691,0.01525619,0.055392342,5.16E-07,6.42E-07,GOOD,194.8087562,-71.19212885
13,Grapes,San Joaquin River,73495.54151,1686.199914,10.80135885,3.098484515,5693.452831,154.9242258,6051.355458,4549.18964,0.13,50,0.312599493,0.249773629,0.332250166,1764.328209,1.054534307,1764.328209,0.17,68.61215883,1695.71605,-4.882352941,0.131318485,0.682024451,0.106553789,0.080103276,8.556948336,0.000104664,32515.25699,73495.54133,227724.7838,0.000178918,0.013483864,2.43E-09,5.92E-08,GOOD,1686.199914,1439.22212
13,Onions and Garlic,San Joaquin River,685.1750378,1579.216395,6.547714821,1.480822037,1660.207972,74.04110185,2894.594241,4313.35249,0.41,50,0.160557684,0.417141646,0.279934415,1398.06279,1.10128044,1398.06279,0.17,68.61215883,1329.450631,-4.882352941,0.283971634,0.04674413,0.26877367,0.400510566,6.493378023,0.00355971,74956.01476,685.1750274,1014.622225,1.04E-05,6.98E-05,1.51E-08,6.88E-08,GOOD,1579.216395,1362.462197
13,Orchards,San Joaquin River,15991.90682,4762.917744,3.247388671,3.445837194,2203.997553,172.2918597,5347.052266,5630.387791,0.13,50,0.142496355,0.364024786,0.345706127,2113.315653,1.103101512,2113.315653,0.17,68.61215883,2044.703494,-4.882352941,0.049250913,0.825520982,0.060997939,0.064230165,2.276276862,0.000481013,4095.721099,15991.90675,55105.50395,7.00E-05,0.003375951,4.38E-09,6.13E-08,GOOD,4762.917744,1691.917814
13,Pasture,San Joaquin River,17136.07339,226.9343417,5,4.600187047,214.8235605,46.00187047,128.6294508,552.5829798,0.51,10,0.189326621,0.486998112,0.113362702,192.6338469,1.14712982,192.6338469,0.17,68.61215883,124.0216881,-4.882352941,0.005075434,0.986439143,0.001602254,0.006883169,2.089814959,0.000114424,501194.0418,17136.06986,78829.1035,0.00352884,0.039348322,2.06E-07,4.99E-07,GOOD,226.9343417,27.01850873
13,Pistachios,San Joaquin River,69324.90596,4897.401316,1.414819371,3.805829794,1806.455069,190.2914897,360.6739904,1788.10266,0.4,50,0.260711671,0.25806301,0.052053284,2783.41504,1.591834969,2783.41504,0.17,68.61215883,2714.802882,-4.882352941,0.033608303,0.950657759,0.002640955,0.013092984,0.768288117,3.61E-05,10447526.25,69324.90505,263838.7738,0.000914511,0.0187529,1.32E-08,7.11E-08,GOOD,4897.401316,2249.489509
13,Potatoes,San Joaquin River,12938.74405,919.9316484,16.13648405,3.305132031,1515.990126,165.2566016,1581.902745,9194.809715,0.41,50,0.10212496,0.619410086,0.106565176,2386.503184,1.134823369,2386.503184,0.17,68.61215883,2317.891025,-4.882352941,0.054728834,0.794137811,0.022184713,0.128948643,11.70070364,0.000188505,1806189.494,12938.74386,42764.25433,0.000194494,0.003074754,1.50E-08,7.19E-08,GOOD,919.9316484,2005.564898
13,Rice,San Joaquin River,1085.172573,573.2274458,4.688550562,4.833919598,335.3762222,241.6959799,192.0996257,1541.750863,0.2,50,0.124786237,0.573652143,0.071476115,376.6831724,1.107620191,376.6831724,0.17,68.61215883,308.0710135,-4.882352941,0.001337383,0.995406116,0.0003608,0.002895701,1.587048734,0.004607562,1041.292201,1085.172522,5245.636399,5.13E-05,0.000569264,4.73E-08,1.09E-07,GOOD,573.2274458,-549.9597817
13,Safflower,San Joaquin River,55.10942187,575.1459791,1.245291589,2.40565496,140.0879783,24.0565496,80.89587427,303.852797,0.74,10,0.195592287,0.424242424,0.112947658,167.3312511,1.242716297,167.3312511,0.17,68.61215883,98.71909222,-4.882352941,0.125981236,0.716347712,0.033151349,0.124519702,0.968791195,0.02452124,3245.668565,55.10940487,132.5741906,1.70E-05,6.35E-05,3.08E-07,4.79E-07,GOOD,575.1459791,133.5160428
13,Subtropical,San Joaquin River,7801.571193,950.3385633,4.405405823,3.247465856,846.2602941,162.3732928,1809.449159,670.5198376,0.13,50,0.202134149,0.160157528,0.432197361,698.0244571,1.142940118,698.0244571,0.17,68.61215883,629.4122983,-4.882352941,0.028036452,0.926939772,0.032850505,0.012173271,2.598749769,0.000985995,714.7036952,7801.5711,25335.33429,9.33E-05,0.001784024,1.20E-08,7.04E-08,GOOD,950.3385633,333.0960256
13,Truck,San Joaquin River,1579.155421,690.3355797,21.20927139,2.667732673,775.1695468,133.3866337,4298.997918,3487.484178,0.41,50,0.052943262,0.238191489,0.293617021,5946.476384,1.603707682,5946.476384,0.17,68.61215883,5877.864225,-4.882352941,0.21990558,0.525351626,0.140646152,0.114096642,18.24124919,0.001544512,379690.3244,1579.155408,4212.764242,1.28E-05,0.000270322,8.08E-09,6.42E-08,GOOD,690.3355797,5724.023137
13,Walnuts,San Joaquin River,8524.386869,1802.497789,1.658526763,4.952669773,765.1413128,247.6334887,268.1025116,816.5691826,0.13,50,0.25594369,0.273146576,0.089681664,892.0443277,1.357428723,892.0443277,0.17,68.61215883,823.4321688,-4.882352941,0.002698778,0.9955348,0.000436613,0.001329808,0.557257651,0.000902388,838.0132421,8524.386755,42218.47003,0.000113923,0.003152763,1.34E-08,7.47E-08,GOOD,1802.497789,-86.76907771
13,Tomatoes,San Joaquin River,12290.43114,99.69467136,46.73447582,2.379660861,122.4440466,118.9830431,1913.505271,924.141116,0.74,50,0.026280181,0.198348523,0.410695875,1580.104731,1.441119419,1580.104731,0.17,68.61215883,1511.492573,-4.882352941,0.133645775,0.643606157,0.150205326,0.072542741,38.03339952,0.000109952,4008796.088,12290.43046,29247.05464,0.000682439,0.003310784,5.55E-08,1.13E-07,GOOD,99.69467136,1415.948484
14A,Alfalfa,Tulare Lake,3707.835084,279.620574,8.447932227,4.524530937,665.8443229,45.24530937,356.4707563,440.2816103,1.86,10,0.281872792,0.186385019,0.150905255,854.3736596,1.49201919,854.3736596,0.17,79.8460651,774.5275945,-4.882352941,0.020502345,0.968752293,0.004807525,0.005937836,4.170426326,0.000145,6124174.576,3707.834328,16776.20546,0.000755907,0.009089786,2.04E-07,5.42E-07,GOOD,279.620574,694.9051669
14A,Almonds,Tulare Lake,100719.4685,4875.001978,1.131453803,4.141037405,1199.972919,207.0518702,516.3560009,1661.846397,0.4,50,0.217550368,0.301286212,0.093613311,1930.61234,1.465229462,1930.61234,0.17,79.8460651,1850.766275,-4.882352941,0.01431943,0.97571738,0.002361834,0.007601356,0.532497484,2.48E-05,10352917.37,100719.4665,417083.0492,0.00204782,0.037286648,2.03E-08,8.94E-08,GOOD,4875.001978,1280.254671
14A,Beans Dry,Tulare Lake,8765.374646,1326.519215,1.43231235,1.919782133,161.8168882,95.98910665,134.9933596,957.6035242,1.68,50,0.085167238,0.504004546,0.071049516,549.5869755,1.339980961,549.5869755,0.17,79.8460651,469.7409104,-4.882352941,0.172577088,0.562373483,0.032747588,0.232301841,1.222194314,6.79E-05,5776800.431,8765.372251,16827.60386,0.002394824,0.005772533,2.73E-07,3.43E-07,GOOD,1326.519215,461.2979102
14A,Berries,Tulare Lake,164.466173,7027.33636,10.36058171,2.39378705,3293.681493,119.6893525,30337.54741,28199.96017,0.25,50,0.045238346,0.387323291,0.416682812,10856.41414,1.119278377,10856.41414,0.17,79.8460651,10776.56807,-4.882352941,0.174311302,0.104580559,0.373720257,0.347387883,10.13221967,0.024321111,10656.094,164.4661726,393.6969711,3.63E-07,2.40E-05,2.21E-09,6.09E-08,GOOD,7027.33636,10689.59267
14A,Corn,Tulare Lake,5551.099301,161.4386617,22.01452234,2.280437339,313.2553801,114.021867,310.929404,1985.508048,0.3,50,0.088141761,0.558669338,0.087487293,830.2803255,1.242698865,830.2803255,0.17,79.8460651,750.4342604,-4.882352941,0.116425873,0.649768804,0.031656403,0.20214892,17.87660128,0.000600482,67936.27141,5551.099122,12658.93284,0.000178754,0.001273922,3.22E-08,1.01E-07,GOOD,161.4386617,684.2824696
14A,Cotton,Tulare Lake,42260.61211,3710.758752,0.813814056,3.749301711,448.5684623,187.4650856,236.2384677,1344.566888,0.68,50,0.148539114,0.445240339,0.078228087,803.0287273,1.297371859,803.0287273,0.17,79.8460651,723.1826622,-4.882352941,0.01028231,0.976730819,0.001940782,0.011046089,0.381690361,3.48E-05,8264963.109,42260.60863,158447.761,0.003477755,0.024266891,8.23E-08,1.53E-07,GOOD,3710.758752,287.6306468
14A,Cucurbits,Tulare Lake,14628.32249,654.3961754,16.06524008,2.442132231,492.5857332,122.1066116,6871.292169,2404.357717,0.05,50,0.046854775,0.228702604,0.653597591,622.6894345,1.01234223,622.6894345,0.17,79.8460651,542.8433694,-4.882352941,0.055931315,0.478892632,0.34459694,0.120579113,14.09118967,0.001367211,0.001681345,14628.32241,35724.29524,8.26E-05,0.002601436,5.64E-09,7.28E-08,GOOD,654.3961754,446.5955544
14A,Field and Grain,Tulare Lake,56440.40665,289.315121,2.652255461,3.261387025,145.2774368,81.53467562,86.9874648,373.6919673,0.74,25,0.189326621,0.486998112,0.113362702,79.8460651,1.06299158,79.8460651,0.17,79.8460651,0,-4.882352941,0.008379855,0.974472106,0.003237966,0.013910073,1.280365197,2.39E-05,2434211.191,56440.38032,184073.8967,0.026330903,0.113253193,4.67E-07,6.15E-07,GOOD,289.315121,-104.5353924
14A,Grapes,Tulare Lake,19079.11517,1422.002244,11.72196241,4.00891598,2204.421502,200.445799,7245.758441,5033.018762,0.13,50,0.132249498,0.30194507,0.434693599,1985.012347,1.081128822,1985.012347,0.17,79.8460651,1905.166282,-4.882352941,0.021735984,0.9145582,0.037593072,0.026112744,7.100059424,0.000403179,4741.657004,19079.11508,76486.56417,9.27E-05,0.005515245,4.86E-09,7.21E-08,GOOD,1422.002244,1381.887779
14A,Lettuce,Tulare Lake,8100.851812,1008,18.9,2.300762612,1600,149.5495698,12500,929,0.25,65,0.083984211,0.048763332,0.656126648,3872.65043,1.195371133,3872.65043,0.17,79.8460651,3792.804365,-4.882352941,0.197977064,0.316219205,0.452196488,0.033607243,17.51259963,0.000493775,202997.4007,8100.851766,18638.13591,4.56E-05,0.001063137,5.63E-09,5.70E-08,GOOD,1008,3678.121941
14A,Onions and Garlic,Tulare Lake,25021.873,2408.610949,10.63434095,1.253629891,4112.522919,62.68149455,7170.237318,10684.66197,0.41,50,0.160557684,0.417141646,0.279934415,3583.886346,1.107315543,3583.886346,0.17,79.8460651,3504.040281,-4.882352941,0.299002342,0.007342148,0.278560777,0.415094733,10.62363202,9.75E-05,6888695.562,25021.87286,31368.16566,0.000136852,0.002258979,5.47E-09,7.20E-08,GOOD,2408.610949,3567.988445
14A,Orchards,Tulare Lake,6296.418218,2277.681025,7.763328774,3.502172688,2519.675644,175.1086344,6112.909401,6436.827012,0.13,50,0.142496355,0.364024786,0.345706127,2437.865948,1.104683353,2437.865948,0.17,79.8460651,2358.019883,-4.882352941,0.051048113,0.819726473,0.062945007,0.066280407,5.476887004,0.001221696,1851.72505,6296.418194,22051.14235,2.42E-05,0.001562321,3.85E-09,7.08E-08,GOOD,2277.681025,1999.713906
14A,Pasture,Tulare Lake,1010.616404,242.4206904,4.903405501,4.768194291,225.050083,47.68194291,134.7527641,578.8882988,0.51,10,0.189326621,0.486998112,0.113362702,202.3138581,1.147722722,202.3138581,0.17,79.8460651,122.467793,-4.882352941,0.004319593,0.988467259,0.001362017,0.00585113,1.982375428,0.001940187,31002.49081,1010.616197,4818.81273,0.0002067,0.002638217,2.05E-07,5.47E-07,GOOD,242.4206904,22.639033
14A,Pistachios,Tulare Lake,75513.00454,5088.640658,1.460333567,3.820163692,1937.377826,191.0081846,386.8138231,1917.69532,0.4,50,0.260711671,0.258063009,0.052053284,2998.21761,1.596530034,2998.21761,0.17,79.8460651,2918.371544,-4.882352941,0.035260819,0.948275335,0.00276347,0.013700375,0.800403283,3.31E-05,12237285.46,75513.0036,288472.015,0.00093544,0.023254366,1.24E-08,8.06E-08,GOOD,5088.640658,2459.543262
14A,Potatoes,Tulare Lake,251.7669447,697.8686048,20.75531565,1.233512156,1479.227265,61.6756078,1543.541499,8971.834969,0.41,50,0.10212496,0.619410086,0.106565176,2428.203834,1.144195941,2428.203834,0.17,79.8460651,2348.357769,-4.882352941,0.267730538,0.01177374,0.10576084,0.614734883,20.72313242,0.009687628,35189.98333,251.766942,310.5575658,2.70E-06,2.10E-05,1.07E-08,6.75E-08,GOOD,697.8686048,2413.80183
14A,Subtropical,Tulare Lake,4500.665421,1157.720607,15.10914155,3.608433712,3535.76379,180.4216856,7560.067345,2801.501829,0.13,50,0.202134149,0.160157528,0.432197361,3414.409877,1.183370838,3414.409877,0.17,79.8460651,3334.563812,-4.882352941,0.061932082,0.845737341,0.067366764,0.024963814,10.32528883,0.001709149,1855.619611,4500.665408,16240.3517,1.25E-05,0.001132983,2.78E-09,6.98E-08,GOOD,1157.720607,2943.79187
14A,Truck,Tulare Lake,3809.439917,1282.087936,19.71342086,1.84535452,1338.105955,92.267726,7420.976145,6020.132457,0.41,50,0.052943262,0.238191489,0.293617021,10402.85678,1.618587754,10402.85678,0.17,79.8460651,10323.01071,-4.882352941,0.43454107,0.067994298,0.274655408,0.222809224,19.44570323,0.000640258,1599903.766,3809.439902,7029.766676,1.52E-05,0.000494,3.99E-09,7.03E-08,GOOD,1282.087936,10324.85784
14A,Walnuts,Tulare Lake,513.1114614,1793.152974,1.862011475,3.425917313,854.5630698,171.2958657,299.4355442,912.0012941,0.13,50,0.25594369,0.273146576,0.089681664,1101.57564,1.421304047,1101.57564,0.17,79.8460651,1021.729575,-4.882352941,0.026757538,0.956671517,0.004095905,0.01247504,0.989582614,0.014991495,59.54261875,513.1114565,1757.877302,4.95E-06,0.000136881,9.65E-09,7.79E-08,GOOD,1793.152974,686.0260341
14A,Tomatoes,Tulare Lake,62920.68508,97.3922824,54.70338716,2.220206136,168.9385059,111.0103068,1803.712469,1201.075867,0.74,50,0.031709536,0.225440365,0.338554465,2042.950582,1.544716696,2042.950582,0.17,79.8460651,1963.104517,-4.882352941,0.207320202,0.511041207,0.169061838,0.112576753,47.45087378,2.15E-05,26662696.76,62920.68252,139696.8759,0.00255907,0.015163393,4.07E-08,1.09E-07,GOOD,97.3922824,1907.495124
14B,Alfalfa,Tulare Lake,50.15064175,279.620574,8.447932227,4.524530937,665.8443229,45.24530937,356.4707563,440.2816103,1.86,10,0.281872792,0.186385019,0.150905255,854.3736596,1.49201919,854.3736596,0.17,79.8460651,774.5275945,-4.882352941,0.020502345,0.968752293,0.004807525,0.005937836,4.170426326,0.010720389,82833.04899,50.15061619,226.9078293,2.56E-05,0.000300804,5.10E-07,1.33E-06,GOOD,279.620574,694.9051669
14B,Almonds,Tulare Lake,638.3876459,4875.001978,1.131453803,4.141037405,1199.972919,207.0518702,516.3560009,1661.846397,0.4,50,0.217550368,0.301286212,0.093613311,1930.61234,1.465229462,1930.61234,0.17,79.8460651,1850.766275,-4.882352941,0.01431943,0.97571738,0.002361834,0.007601356,0.532497484,0.003916116,65619.63291,638.3876135,2643.586513,3.24E-05,0.000608023,5.07E-08,2.30E-07,GOOD,4875.001978,1280.254671
14B,Corn,Tulare Lake,99.46941136,161.4386617,22.01452234,2.280437339,313.2553801,114.021867,310.929404,1985.508048,0.3,50,0.088141761,0.558669338,0.087487293,830.2803255,1.242698865,830.2803255,0.17,79.8460651,750.4342604,-4.882352941,0.116425873,0.649768804,0.031656403,0.20214892,17.87660128,0.03351114,1217.341027,99.46940348,226.8337043,7.88E-06,5.55E-05,7.92E-08,2.45E-07,GOOD,161.4386617,684.2824696
14B,Cotton,Tulare Lake,450.2242871,3710.758752,0.813814056,3.749301711,448.5684623,187.4650856,236.2384677,1344.566888,0.68,50,0.148539114,0.445240339,0.078228087,803.0287273,1.297371859,803.0287273,0.17,79.8460651,723.1826622,-4.882352941,0.01028231,0.976730819,0.001940782,0.011046089,0.381690361,0.003266346,88050.95188,450.2241949,1688.026035,9.22E-05,0.000655058,2.05E-07,3.88E-07,GOOD,3710.758752,287.6306468
14B,Field and Grain,Tulare Lake,11855.93684,289.315121,2.652255461,3.261387025,145.2774368,81.53467562,86.9874648,373.6919673,0.74,25,0.189326621,0.486998112,0.113362702,79.8460651,1.06299158,79.8460651,0.17,79.8460651,0,-4.882352941,0.008379855,0.974472106,0.003237966,0.013910073,1.280365197,0.000113981,511333.2069,11855.92312,38666.73881,0.013718892,0.059767184,1.16E-06,1.55E-06,GOOD,289.315121,-104.5353924
14B,Lettuce,Tulare Lake,181.4095698,1008,18.9,2.300762612,1600,149.5495698,12500,929,0.25,65,0.083984211,0.048763332,0.656126648,3872.65043,1.195371133,3872.65043,0.17,79.8460651,3792.804365,-4.882352941,0.197977064,0.316219205,0.452196488,0.033607243,17.51259963,0.022049553,4545.901096,181.4095673,417.3802961,2.51E-06,5.96E-05,1.38E-08,1.43E-07,GOOD,1008,3678.121941
14B,Onions and Garlic,Tulare Lake,432.2515385,2408.610949,10.63434095,1.253629891,4112.522919,62.68149455,7170.237318,10684.66197,0.41,50,0.160557684,0.417141646,0.279934415,3583.886346,1.107315543,3583.886346,0.17,79.8460651,3504.040281,-4.882352941,0.299002342,0.007342148,0.278560777,0.415094733,10.62363202,0.005642604,119001.8531,432.2515328,541.8833506,5.74E-06,9.85E-05,1.33E-08,1.82E-07,GOOD,2408.610949,3567.988445
14B,Orchards,Tulare Lake,107.5092345,2277.681025,7.763328774,3.502172688,2519.675644,175.1086344,6112.909401,6436.827012,0.13,50,0.142496355,0.364024786,0.345706127,2437.865948,1.104683353,2437.865948,0.17,79.8460651,2358.019883,-4.882352941,0.051048113,0.819726473,0.062945007,0.066280407,5.476887004,0.071550204,31.6175857,107.5092335,376.5158382,1.03E-06,6.65E-05,9.55E-09,1.77E-07,GOOD,2277.681025,1999.713906
14B,Pasture,Tulare Lake,10.7815374,242.4206904,4.903405501,4.768194291,225.050083,47.68194291,134.7527641,578.8882988,0.51,10,0.189326621,0.486998112,0.113362702,202.3138581,1.147722722,202.3138581,0.17,79.8460651,122.467793,-4.882352941,0.004319593,0.988467259,0.001362017,0.00585113,1.982375428,0.181865001,330.7432106,10.78153188,51.40840837,5.52E-06,5.67E-05,5.12E-07,1.10E-06,GOOD,242.4206904,22.639033
14B,Pistachios,Tulare Lake,15507.66289,5088.640658,1.460333567,3.820163692,1937.377826,191.0081846,386.8138231,1917.69532,0.4,50,0.260711671,0.258063009,0.052053284,2998.21761,1.596530034,2998.21761,0.17,79.8460651,2918.371544,-4.882352941,0.035260819,0.948275335,0.00276347,0.013700375,0.800403283,0.000161211,2513099.548,15507.66241,59241.79833,0.000478306,0.012386957,3.08E-08,2.09E-07,GOOD,5088.640658,2459.543262
14B,Subtropical,Tulare Lake,58.54376086,1157.720607,15.10914155,3.608433712,3535.76379,180.4216856,7560.067345,2801.501829,0.13,50,0.202134149,0.160157528,0.432197361,3414.409877,1.183370838,3414.409877,0.17,79.8460651,3334.563812,-4.882352941,0.061932082,0.845737341,0.067366764,0.024963814,10.32528883,0.13139415,24.13753092,58.54376046,211.2512449,4.05E-07,3.54E-05,6.92E-09,1.68E-07,GOOD,1157.720607,2943.79187
14B,Truck,Tulare Lake,1299.455537,1282.087936,19.71342086,1.84535452,1338.105955,92.267726,7420.976145,6020.132457,0.41,50,0.052943262,0.238191489,0.293617021,10402.85678,1.618587754,10402.85678,0.17,79.8460651,10323.01071,-4.882352941,0.43454107,0.067994298,0.274655408,0.222809224,19.44570323,0.001876959,545750.5178,1299.455524,2397.95571,1.27E-05,0.00043841,9.77E-09,1.83E-07,GOOD,1282.087936,10324.85784
14B,Tomatoes,Tulare Lake,543.1809506,97.3922824,54.70338716,2.220206136,168.9385059,111.0103068,1803.712469,1201.075867,0.74,50,0.031709536,0.225440365,0.338554465,2042.950582,1.544716696,2042.950582,0.17,79.8460651,1963.104517,-4.882352941,0.207320202,0.511041207,0.169061838,0.112576753,47.45087378,0.002487847,230173.4152,543.1808963,1205.973348,5.43E-05,0.000331363,1.00E-07,2.75E-07,GOOD,97.3922824,1907.495124
15A,Alfalfa,Tulare Lake,37960.37557,279.620574,8.447932227,4.524530937,665.8443229,45.24530937,356.4707563,440.2816103,1.86,10,0.281872792,0.186385019,0.150905255,854.3736596,1.49201919,854.3736596,0.17,79.8460651,774.5275945,-4.882352941,0.020502345,0.968752293,0.004807525,0.005937836,4.170426326,1.42E-05,62698572.53,37960.36915,171752.8209,0.00642431,0.072778808,1.69E-07,4.24E-07,GOOD,279.620574,694.9051669
15A,Almonds,Tulare Lake,93686.10797,4875.001978,1.131453803,4.141037405,1199.972919,207.0518702,516.3560009,1661.846397,0.4,50,0.217550368,0.301286212,0.093613311,1930.61234,1.465229462,1930.61234,0.17,79.8460651,1850.766275,-4.882352941,0.01431943,0.97571738,0.002361834,0.007601356,0.532497484,2.67E-05,9629960.813,93686.10638,387957.6507,0.001588332,0.026705951,1.70E-08,6.88E-08,GOOD,4875.001978,1280.254671
15A,Beans Dry,Tulare Lake,805.3403083,1326.519215,1.43231235,1.919782133,161.8168882,95.98910665,134.9933596,957.6035242,1.68,50,0.085167238,0.504004546,0.071049516,549.5869755,1.339980961,549.5869755,0.17,79.8460651,469.7409104,-4.882352941,0.172577088,0.562373483,0.032747588,0.232301841,1.222194314,0.000739114,530757.7175,805.340118,1546.077491,0.000190292,0.000443386,2.36E-07,2.87E-07,GOOD,1326.519215,461.2979102
15A,Berries,Tulare Lake,33.18934584,7027.33636,10.36058171,2.39378705,3293.681493,119.6893525,30337.54741,28199.96017,0.25,50,0.045238346,0.387323291,0.416682812,10856.41414,1.119278377,10856.41414,0.17,79.8460651,10776.56807,-4.882352941,0.174311302,0.104580559,0.373720257,0.347387883,10.13221967,0.120520604,2150.404442,33.18934578,79.44822524,6.27E-08,1.03E-06,1.89E-09,1.29E-08,GOOD,7027.33636,10689.59267
15A,Corn,Tulare Lake,70770.62237,161.4386617,22.01452234,2.280437339,313.2553801,114.021867,310.929404,1985.508048,0.3,50,0.088141761,0.558669338,0.087487293,830.2803255,1.242698865,830.2803255,0.17,79.8460651,750.4342604,-4.882352941,0.116425873,0.649768804,0.031656403,0.20214892,17.87660128,4.71E-05,866115.3311,70770.62041,161387.957,0.001956085,0.012785046,2.76E-08,7.92E-08,GOOD,161.4386617,684.2824696
15A,Cotton,Tulare Lake,95320.14862,3710.758752,0.813814056,3.749301711,448.5684623,187.4650856,236.2384677,1344.566888,0.68,50,0.148539114,0.445240339,0.078228087,803.0287273,1.297371859,803.0287273,0.17,79.8460651,723.1826622,-4.882352941,0.01028231,0.976730819,0.001940782,0.011046089,0.381690361,1.54E-05,18641885.97,95320.14205,357383.9526,0.006573638,0.043673768,6.90E-08,1.22E-07,GOOD,3710.758752,287.6306468
15A,Cucurbits,Tulare Lake,746.6842079,654.3961754,16.06524008,2.442132231,492.5857332,122.1066116,6871.292169,2404.357717,0.05,50,0.046854775,0.228702604,0.653597591,622.6894345,1.01234223,622.6894345,0.17,79.8460651,542.8433694,-4.882352941,0.055931315,0.478892632,0.34459694,0.120579113,14.09118967,0.026785085,8.58E-05,746.6842043,1823.501473,3.61E-06,9.78E-05,4.83E-09,5.36E-08,GOOD,654.3961754,446.5955544
15A,Field and Grain,Tulare Lake,31299.24721,289.315121,2.652255461,3.261387025,145.2774368,81.53467562,86.9874648,373.6919673,0.74,25,0.189326621,0.486998112,0.113362702,79.8460651,1.06299158,79.8460651,0.17,79.8460651,0,-4.882352941,0.008379855,0.974472106,0.003237966,0.013910073,1.280365197,4.32E-05,1349901.291,31299.23489,102078.9072,0.012321965,0.051588462,3.94E-07,5.05E-07,GOOD,289.315121,-104.5353924
15A,Grapes,Tulare Lake,52985.24694,1422.002244,11.72196241,4.00891598,2204.421502,200.445799,7245.758441,5033.018762,0.13,50,0.132249498,0.30194507,0.434693599,1985.012347,1.081128822,1985.012347,0.17,79.8460651,1905.166282,-4.882352941,0.021735984,0.9145582,0.037593072,0.026112744,7.100059424,0.000145178,13168.21378,52985.24673,212413.3916,0.000214969,0.011596541,4.06E-09,5.46E-08,GOOD,1422.002244,1381.887779
15A,Lettuce,Tulare Lake,19.64172298,1008,18.9,2.300762612,1600,149.5495698,12500,929,0.25,65,0.083984211,0.048763332,0.656126648,3872.65043,1.195371133,3872.65043,0.17,79.8460651,3792.804365,-4.882352941,0.197977064,0.316219205,0.452196488,0.033607243,17.51259963,0.203648122,492.197463,19.64172289,45.1909423,9.47E-08,-4.31E-07,4.82E-09,9.54E-09,GOOD,1008,3678.121941
15A,Onions and Garlic,Tulare Lake,5000.73711,2408.610949,10.63434095,1.253629891,4112.522919,62.68149455,7170.237318,10684.66197,0.41,50,0.160557684,0.417141646,0.279934415,3583.886346,1.107315543,3583.886346,0.17,79.8460651,3504.040281,-4.882352941,0.299002342,0.007342148,0.278560777,0.415094733,10.62363202,0.000487733,1376737.686,5000.737086,6269.073177,2.40E-05,0.000340917,4.81E-09,5.44E-08,GOOD,2408.610949,3567.988445
15A,Orchards,Tulare Lake,17441.80348,2277.681025,7.763328774,3.502172688,2519.675644,175.1086344,6112.909401,6436.827012,0.13,50,0.142496355,0.364024786,0.345706127,2437.865948,1.104683353,2437.865948,0.17,79.8460651,2358.019883,-4.882352941,0.051048113,0.819726473,0.062945007,0.066280407,5.476887004,0.000441027,5129.49161,17441.80342,61084.2045,5.64E-05,0.003275679,3.23E-09,5.36E-08,GOOD,2277.681025,1999.713906
15A,Pasture,Tulare Lake,6265.261445,242.4206904,4.903405501,4.768194291,225.050083,47.68194291,134.7527641,578.8882988,0.51,10,0.189326621,0.486998112,0.113362702,202.3138581,1.147722722,202.3138581,0.17,79.8460651,122.467793,-4.882352941,0.004319593,0.988467259,0.001362017,0.00585113,1.982375428,0.000312961,192198.256,6265.260384,29873.97104,0.00106095,0.012814567,1.69E-07,4.29E-07,GOOD,242.4206904,22.639033
15A,Pistachios,Tulare Lake,54606.5439,5088.640658,1.460333567,3.820163692,1937.377826,191.0081846,386.8138231,1917.69532,0.4,50,0.260711671,0.258063009,0.052053284,2998.21761,1.596530034,2998.21761,0.17,79.8460651,2918.371544,-4.882352941,0.035260819,0.948275335,0.00276347,0.013700375,0.800403283,4.58E-05,8849281.919,54606.54333,208605.9235,0.000566355,0.012853851,1.04E-08,6.16E-08,GOOD,5088.640658,2459.543262
15A,Potatoes,Tulare Lake,21.44721467,697.8686048,20.75531565,1.233512156,1479.227265,61.6756078,1543.541499,8971.834969,0.41,50,0.10212496,0.619410086,0.106565176,2428.203834,1.144195941,2428.203834,0.17,79.8460651,2348.357769,-4.882352941,0.267730538,0.01177374,0.10576084,0.614734883,20.72313242,0.113722198,2997.721276,21.44721447,26.45540154,2.02E-07,-1.53E-06,9.43E-09,5.79E-08,GOOD,697.8686048,2413.80183
15A,Safflower,Tulare Lake,27963.26901,574.3765351,1.258,2.392307778,141.3282741,23.92307778,81.61210144,306.5430161,0.74,10,0.195592287,0.424242424,0.112947658,169.1592117,1.243494302,169.1592117,0.17,79.8460651,89.31314664,-4.882352941,0.129889869,0.707728652,0.034141747,0.128239732,0.984596499,4.83E-05,1663333.468,27963.26188,66896.71163,0.00713116,0.034321379,2.55E-07,5.13E-07,GOOD,574.3765351,135.8509245
15A,Subtropical,Tulare Lake,1238.605094,1157.720607,15.10914155,3.608433712,3535.76379,180.4216856,7560.067345,2801.501829,0.13,50,0.202134149,0.160157528,0.432197361,3414.409877,1.183370838,3414.409877,0.17,79.8460651,3334.563812,-4.882352941,0.061932082,0.845737341,0.067366764,0.024963814,10.32528883,0.00621046,510.6755753,1238.605091,4469.424144,2.89E-06,0.000232859,2.34E-09,5.21E-08,GOOD,1157.720607,2943.79187
15A,Truck,Tulare Lake,1289.016998,1282.087936,19.71342086,1.84535452,1338.105955,92.267726,7420.976145,6020.132457,0.41,50,0.052943262,0.238191489,0.293617021,10402.85678,1.618587754,10402.85678,0.17,79.8460651,10323.01071,-4.882352941,0.43454107,0.067994298,0.274655408,0.222809224,19.44570323,0.001892158,541366.4985,1289.016994,2378.693219,4.45E-06,0.000124352,3.46E-09,5.23E-08,GOOD,1282.087936,10324.85784
15A,Walnuts,Tulare Lake,21785.38503,1793.152974,1.862011475,3.425917313,854.5630698,171.2958657,299.4355442,912.0012941,0.13,50,0.25594369,0.273146576,0.089681664,1101.57564,1.421304047,1101.57564,0.17,79.8460651,1021.729575,-4.882352941,0.026757538,0.956671517,0.004095905,0.01247504,0.989582614,0.000353095,2528.025532,21785.38485,74634.92321,0.000176897,0.004531912,8.12E-09,6.07E-08,GOOD,1793.152974,686.0260341
15A,Tomatoes,Tulare Lake,25754.20591,97.3922824,54.70338716,2.220206136,168.9385059,111.0103068,1803.712469,1201.075867,0.74,50,0.031709536,0.225440365,0.338554465,2042.950582,1.544716696,2042.950582,0.17,79.8460651,1963.104517,-4.882352941,0.207320202,0.511041207,0.169061838,0.112576753,47.45087378,5.25E-05,10913367.86,25754.20501,57179.64108,0.000900154,0.004911914,3.50E-08,8.59E-08,GOOD,97.3922824,1907.495124
15B,Almonds,Tulare Lake,5486.722153,4875.001978,1.131453803,4.141037405,1199.972919,207.0518702,516.3560009,1661.846397,0.4,50,0.217550368,0.301286212,0.093613311,1930.61234,1.465229462,1930.61234,0.17,79.8460651,1850.766275,-4.882352941,0.01431943,0.97571738,0.002361834,0.007601356,0.532497484,0.000455645,563978.1657,5486.721351,22720.70944,0.000801636,0.012225989,1.46E-07,5.38E-07,GOOD,4875.001978,1280.254671
15B,Cotton,Tulare Lake,301.9125279,3710.758752,0.813814056,3.749301711,448.5684623,187.4650856,236.2384677,1344.566888,0.68,50,0.148539114,0.445240339,0.078228087,803.0287273,1.297371859,803.0287273,0.17,79.8460651,723.1826622,-4.882352941,0.01028231,0.976730819,0.001940782,0.011046089,0.381690361,0.004870908,59045.42742,301.9123475,1131.960032,0.000180429,0.001125451,5.98E-07,9.94E-07,GOOD,3710.758752,287.6306468
15B,Field and Grain,Tulare Lake,734.8426221,289.315121,2.652255461,3.261387025,145.2774368,81.53467562,86.9874648,373.6919673,0.74,25,0.189326621,0.486998112,0.113362702,79.8460651,1.06299158,79.8460651,0.17,79.8460651,0,-4.882352941,0.008379855,0.974472106,0.003237966,0.013910073,1.280365197,0.001838967,31692.93491,734.840096,2396.595944,0.002526116,0.010249437,3.44E-06,4.28E-06,GOOD,289.315121,-104.5353924
15B,Grapes,Tulare Lake,1377.301648,1422.002244,11.72196241,4.00891598,2204.421502,200.445799,7245.758441,5033.018762,0.13,50,0.132249498,0.30194507,0.434693599,1985.012347,1.081128822,1985.012347,0.17,79.8460651,1905.166282,-4.882352941,0.021735984,0.9145582,0.037593072,0.026112744,7.100059424,0.005585057,342.2953291,1377.3016,5521.484289,4.82E-05,0.002297089,3.50E-08,4.16E-07,GOOD,1422.002244,1381.887779
15B,Orchards,Tulare Lake,2140.512333,2277.681025,7.763328774,3.502172688,2519.675644,175.1086344,6112.909401,6436.827012,0.13,50,0.142496355,0.364024786,0.345706127,2437.865948,1.104683353,2437.865948,0.17,79.8460651,2358.019883,-4.882352941,0.051048113,0.819726473,0.062945007,0.066280407,5.476887004,0.003593676,629.5071531,2140.512273,7496.440768,6.02E-05,0.003063127,2.81E-08,4.09E-07,GOOD,2277.681025,1999.713906
15B,Pistachios,Tulare Lake,12457.39274,5088.640658,1.460333567,3.820163692,1937.377826,191.0081846,386.8138231,1917.69532,0.4,50,0.260711671,0.258063009,0.052053284,2998.21761,1.596530034,2998.21761,0.17,79.8460651,2918.371544,-4.882352941,0.035260819,0.948275335,0.00276347,0.013700375,0.800403283,0.000200684,2018786.989,12457.39162,47589.25673,0.001118483,0.022707968,8.98E-08,4.77E-07,GOOD,5088.640658,2459.543262
15B,Safflower,Tulare Lake,291.3315685,574.3765351,1.258,2.392307778,141.3282741,23.92307778,81.61210144,306.5430161,0.74,10,0.195592287,0.424242424,0.112947658,169.1592117,1.243494302,169.1592117,0.17,79.8460651,89.31314664,-4.882352941,0.129889869,0.707728652,0.034141747,0.128239732,0.984596499,0.004638534,17329.2167,291.3309094,696.9518722,0.00065913,0.002905056,2.26E-06,4.17E-06,GOOD,574.3765351,135.8509245
16,Alfalfa,Tulare Lake,2466.454089,279.620574,8.447932227,4.524530937,665.8443229,45.24530937,356.4707563,440.2816103,1.86,10,0.281872792,0.186385019,0.150905255,854.3736596,1.49201919,854.3736596,0.17,79.8460651,774.5275945,-4.882352941,0.020502345,0.968752293,0.004807525,0.005937836,4.170426326,0.000217979,4073804.547,2466.452522,11159.53186,0.001567254,0.015972726,6.35E-07,1.43E-06,GOOD,279.620574,694.9051669
16,Almonds,Tulare Lake,46927.62406,4875.001978,1.131453803,4.141037405,1199.972919,207.0518702,516.3560009,1661.846397,0.4,50,0.217550368,0.301286212,0.093613311,1930.61234,1.465229462,1930.61234,0.17,79.8460651,1850.766275,-4.882352941,0.01431943,0.97571738,0.002361834,0.007601356,0.532497484,5.33E-05,4823673.334,46927.62105,194329.0025,0.003008066,0.044086971,6.41E-08,2.27E-07,GOOD,4875.001978,1280.254671
16,Beans Dry,Tulare Lake,91.6001467,1326.519215,1.43231235,1.919782133,161.8168882,95.98910665,134.9933596,957.6035242,1.68,50,0.085167238,0.504004546,0.071049516,549.5869755,1.339980961,549.5869755,0.17,79.8460651,469.7409104,-4.882352941,0.172577088,0.562373483,0.032747588,0.232301841,1.222194314,0.006498222,60368.8705,91.60006033,175.8521368,8.64E-05,0.000188215,9.43E-07,1.07E-06,GOOD,1326.519215,461.2979102
16,Berries,Tulare Lake,249.3732739,7027.33636,10.36058171,2.39378705,3293.681493,119.6893525,30337.54741,28199.96017,0.25,50,0.045238346,0.387323291,0.416682812,10856.41414,1.119278377,10856.41414,0.17,79.8460651,10776.56807,-4.882352941,0.174311302,0.104580559,0.373720257,0.347387883,10.13221967,0.016040211,16157.39577,249.373272,596.9464218,1.86E-06,9.18E-05,7.44E-09,1.54E-07,GOOD,7027.33636,10689.59267
16,Corn,Tulare Lake,3052.982049,161.4386617,22.01452234,2.280437339,313.2553801,114.021867,310.929404,1985.508048,0.3,50,0.088141761,0.558669338,0.087487293,830.2803255,1.242698865,830.2803255,0.17,79.8460651,750.4342604,-4.882352941,0.116425873,0.649768804,0.031656403,0.20214892,17.87660128,0.001091829,37363.44926,3052.981716,6962.13238,0.000333132,0.001880253,1.09E-07,2.70E-07,GOOD,161.4386617,684.2824696
16,Cotton,Tulare Lake,889.9776911,3710.758752,0.813814056,3.749301711,448.5684623,187.4650856,236.2384677,1344.566888,0.68,50,0.148539114,0.445240339,0.078228087,803.0287273,1.297371859,803.0287273,0.17,79.8460651,723.1826622,-4.882352941,0.01028231,0.976730819,0.001940782,0.011046089,0.381690361,0.001652388,174054.0995,889.9774573,3336.793452,0.000233845,0.001427506,2.63E-07,4.28E-07,GOOD,3710.758752,287.6306468
16,Cucurbits,Tulare Lake,209.5085738,654.3961754,16.06524008,2.442132231,492.5857332,122.1066116,6871.292169,2404.357717,0.05,50,0.046854775,0.228702604,0.653597591,622.6894345,1.01234223,622.6894345,0.17,79.8460651,542.8433694,-4.882352941,0.055931315,0.478892632,0.34459694,0.120579113,14.09118967,0.095461487,2.41E-05,209.5085698,511.6475563,3.98E-06,8.45E-05,1.90E-08,1.65E-07,GOOD,654.3961754,446.5955544
16,Field and Grain,Tulare Lake,3511.261354,289.315121,2.652255461,3.261387025,145.2774368,81.53467562,86.9874648,373.6919673,0.74,25,0.189326621,0.486998112,0.113362702,79.8460651,1.06299158,79.8460651,0.17,79.8460651,0,-4.882352941,0.008379855,0.974472106,0.003237966,0.013910073,1.280365197,0.000384862,151436.7488,3511.256032,11451.56086,0.005322361,0.021359575,1.52E-06,1.87E-06,GOOD,289.315121,-104.5353924
16,Grapes,Tulare Lake,41070.22305,1422.002244,11.72196241,4.00891598,2204.421502,200.445799,7245.758441,5033.018762,0.13,50,0.132249498,0.30194507,0.434693599,1985.012347,1.081128822,1985.012347,0.17,79.8460651,1905.166282,-4.882352941,0.021735984,0.9145582,0.037593072,0.026112744,7.100059424,0.000187296,10207.02004,41070.22242,164647.0448,0.000631591,0.02863819,1.54E-08,1.74E-07,GOOD,1422.002244,1381.887779
16,Lettuce,Tulare Lake,82.58610222,1008,18.9,2.300762612,1600,149.5495698,12500,929,0.25,65,0.083984211,0.048763332,0.656126648,3872.65043,1.195371133,3872.65043,0.17,79.8460651,3792.804365,-4.882352941,0.197977064,0.316219205,0.452196488,0.033607243,17.51259963,0.048434299,2069.506327,82.58610065,190.0109944,1.57E-06,2.18E-05,1.90E-08,1.15E-07,GOOD,1008,3678.121941
16,Onions and Garlic,Tulare Lake,42.64021801,2408.610949,10.63434095,1.253629891,4112.522919,62.68149455,7170.237318,10684.66197,0.41,50,0.160557684,0.417141646,0.279934415,3583.886346,1.107315543,3583.886346,0.17,79.8460651,3504.040281,-4.882352941,0.299002342,0.007342148,0.278560777,0.415094733,10.62363202,0.057200092,11739.14841,42.64021717,53.4550487,8.37E-07,3.15E-06,1.96E-08,5.90E-08,GOOD,2408.610949,3567.988445
16,Orchards,Tulare Lake,5298.660844,2277.681025,7.763328774,3.502172688,2519.675644,175.1086344,6112.909401,6436.827012,0.13,50,0.142496355,0.364024786,0.345706127,2437.865948,1.104683353,2437.865948,0.17,79.8460651,2358.019883,-4.882352941,0.051048113,0.819726473,0.062945007,0.066280407,5.476887004,0.001451746,1558.292775,5298.660778,18556.82213,6.56E-05,0.003160201,1.24E-08,1.70E-07,GOOD,2277.681025,1999.713906
16,Pasture,Tulare Lake,2941.584815,242.4206904,4.903405501,4.768194291,225.050083,47.68194291,134.7527641,578.8882988,0.51,10,0.189326621,0.486998112,0.113362702,202.3138581,1.147722722,202.3138581,0.17,79.8460651,122.467793,-4.882352941,0.004319593,0.988467259,0.001362017,0.00585113,1.982375428,0.000666574,90238.44836,2941.582952,14026.02763,0.001862531,0.020296083,6.33E-07,1.45E-06,GOOD,242.4206904,22.639033
16,Pistachios,Tulare Lake,1165.276016,5088.640658,1.460333567,3.820163692,1937.377826,191.0081846,386.8138231,1917.69532,0.4,50,0.260711671,0.258063009,0.052053284,2998.21761,1.596530034,2998.21761,0.17,79.8460651,2918.371544,-4.882352941,0.035260819,0.948275335,0.00276347,0.013700375,0.800403283,0.002145414,188839.1984,1165.27597,4451.544242,4.60E-05,0.000885123,3.95E-08,1.99E-07,GOOD,5088.640658,2459.543262
16,Safflower,Tulare Lake,11.31471358,574.3765351,1.258,2.392307778,141.3282741,23.92307778,81.61210144,306.5430161,0.74,10,0.195592287,0.424242424,0.112947658,169.1592117,1.243494302,169.1592117,0.17,79.8460651,89.31314664,-4.882352941,0.129889869,0.707728652,0.034141747,0.128239732,0.984596499,0.119433103,673.0308167,11.31470223,27.06826068,1.13E-05,1.66E-05,1.00E-06,6.14E-07,GOOD,574.3765351,135.8509245
16,Subtropical,Tulare Lake,15179.41306,1157.720607,15.10914155,3.608433712,3535.76379,180.4216856,7560.067345,2801.501829,0.13,50,0.202134149,0.160157528,0.432197361,3414.409877,1.183370838,3414.409877,0.17,79.8460651,3334.563812,-4.882352941,0.061932082,0.845737341,0.067366764,0.024963814,10.32528883,0.000506759,6258.456013,15179.41292,54773.89666,0.000135469,0.009154453,8.92E-09,1.67E-07,GOOD,1157.720607,2943.79187
16,Truck,Tulare Lake,4340.480655,1282.087936,19.71342086,1.84535452,1338.105955,92.267726,7420.976145,6020.132457,0.41,50,0.052943262,0.238191489,0.293617021,10402.85678,1.618587754,10402.85678,0.17,79.8460651,10323.01071,-4.882352941,0.43454107,0.067994298,0.274655408,0.222809224,19.44570323,0.000561925,1822932.372,4340.480595,8009.724232,6.00E-05,0.001364068,1.38E-08,1.70E-07,GOOD,1282.087936,10324.85784
16,Walnuts,Tulare Lake,1412.119468,1793.152974,1.862011475,3.425917313,854.5630698,171.2958657,299.4355442,912.0012941,0.13,50,0.25594369,0.273146576,0.089681664,1101.57564,1.421304047,1101.57564,0.17,79.8460651,1021.729575,-4.882352941,0.026757538,0.956671517,0.004095905,0.01247504,0.989582614,0.005447349,163.8655486,1412.119424,4837.80359,4.40E-05,0.000943105,3.11E-08,1.95E-07,GOOD,1793.152974,686.0260341
16,Tomatoes,Tulare Lake,319.050942,97.3922824,54.70338716,2.220206136,168.9385059,111.0103068,1803.712469,1201.075867,0.74,50,0.031709536,0.225440365,0.338554465,2042.950582,1.544716696,2042.950582,0.17,79.8460651,1963.104517,-4.882352941,0.207320202,0.511041207,0.169061838,0.112576753,47.45087378,0.004235535,135198.1229,319.0508979,708.3586543,4.41E-05,0.00020485,1.38E-07,2.89E-07,GOOD,97.3922824,1907.495124
17,Alfalfa,Tulare Lake,4774.228325,279.620574,8.447932227,4.524530937,665.8443229,45.24530937,356.4707563,440.2816103,1.86,10,0.281872792,0.186385019,0.150905255,854.3736596,1.49201919,854.3736596,0.17,79.8460651,774.5275945,-4.882352941,0.020502345,0.968752293,0.004807525,0.005937836,4.170426326,0.000112612,7885520.004,4774.226379,21601.1245,0.001946107,0.0192552,4.08E-07,8.91E-07,GOOD,279.620574,694.9051669
17,Almonds,Tulare Lake,33063.93584,4875.001978,1.131453803,4.141037405,1199.972919,207.0518702,516.3560009,1661.846397,0.4,50,0.217550368,0.301286212,0.093613311,1930.61234,1.465229462,1930.61234,0.17,79.8460651,1850.766275,-4.882352941,0.01431943,0.97571738,0.002361834,0.007601356,0.532497484,7.56E-05,3398629.886,33063.93448,136918.9759,0.001362203,0.019158588,4.12E-08,1.40E-07,GOOD,4875.001978,1280.254671
17,Beans Dry,Tulare Lake,53.77919298,1326.519215,1.43231235,1.919782133,161.8168882,95.98910665,134.9933596,957.6035242,1.68,50,0.085167238,0.504004546,0.071049516,549.5869755,1.339980961,549.5869755,0.17,79.8460651,469.7409104,-4.882352941,0.172577088,0.562373483,0.032747588,0.232301841,1.222194314,0.011068186,35443.05608,53.77915992,103.2442633,3.31E-05,7.05E-05,6.15E-07,6.83E-07,GOOD,1326.519215,461.2979102
17,Berries,Tulare Lake,1815.355668,7027.33636,10.36058171,2.39378705,3293.681493,119.6893525,30337.54741,28199.96017,0.25,50,0.045238346,0.387323291,0.416682812,10856.41414,1.119278377,10856.41414,0.17,79.8460651,10776.56807,-4.882352941,0.174311302,0.104580559,0.373720257,0.347387883,10.13221967,0.002203425,117620.5434,1815.355659,4345.574458,8.78E-06,0.000431608,4.83E-09,9.93E-08,GOOD,7027.33636,10689.59267
17,Corn,Tulare Lake,11457.56345,161.4386617,22.01452234,2.280437339,313.2553801,114.021867,310.929404,1985.508048,0.3,50,0.088141761,0.558669338,0.087487293,830.2803255,1.242698865,830.2803255,0.17,79.8460651,750.4342604,-4.882352941,0.116425873,0.649768804,0.031656403,0.20214892,17.87660128,0.000290929,140221.6206,11457.56264,26128.25109,0.00081287,0.004416148,7.09E-08,1.69E-07,GOOD,161.4386617,684.2824696
17,Cotton,Tulare Lake,186.8571123,3710.758752,0.813814056,3.749301711,448.5684623,187.4650856,236.2384677,1344.566888,0.68,50,0.148539114,0.445240339,0.078228087,803.0287273,1.297371859,803.0287273,0.17,79.8460651,723.1826622,-4.882352941,0.01028231,0.976730819,0.001940782,0.011046089,0.381690361,0.007870122,36543.88951,186.8570807,700.5835046,3.16E-05,0.000186255,1.69E-07,2.66E-07,GOOD,3710.758752,287.6306468
17,Cucurbits,Tulare Lake,441.0893964,654.3961754,16.06524008,2.442132231,492.5857332,122.1066116,6871.292169,2404.357717,0.05,50,0.046854775,0.228702604,0.653597591,622.6894345,1.01234223,622.6894345,0.17,79.8460651,542.8433694,-4.882352941,0.055931315,0.478892632,0.34459694,0.120579113,14.09118967,0.045342282,5.07E-05,441.089391,1077.198518,5.44E-06,0.000113732,1.23E-08,1.06E-07,GOOD,654.3961754,446.5955544
17,Field and Grain,Tulare Lake,5052.228033,289.315121,2.652255461,3.261387025,145.2774368,81.53467562,86.9874648,373.6919673,0.74,25,0.189326621,0.486998112,0.113362702,79.8460651,1.06299158,79.8460651,0.17,79.8460651,0,-4.882352941,0.008379855,0.974472106,0.003237966,0.013910073,1.280365197,0.000267476,217896.9066,5052.223087,16477.25132,0.004946472,0.019629944,9.79E-07,1.19E-06,GOOD,289.315121,-104.5353924
17,Grapes,Tulare Lake,63861.60663,1422.002244,11.72196241,4.00891598,2204.421502,200.445799,7245.758441,5033.018762,0.13,50,0.132249498,0.30194507,0.434693599,1985.012347,1.081128822,1985.012347,0.17,79.8460651,1905.166282,-4.882352941,0.021735984,0.9145582,0.037593072,0.026112744,7.100059424,0.000120453,15871.27242,63861.606,256015.7882,0.000631652,0.027158039,9.89E-09,1.06E-07,GOOD,1422.002244,1381.887779
17,Lettuce,Tulare Lake,2.07427826,1008,18.9,2.300762612,1600,149.5495698,12500,929,0.25,65,0.083984211,0.048763332,0.656126648,3872.65043,1.195371133,3872.65043,0.17,79.8460651,3792.804365,-4.882352941,0.197977064,0.316219205,0.452196488,0.033607243,17.51259963,1.928381586,51.97886652,2.074278234,4.772423856,2.56E-08,-1.99E-06,1.23E-08,4.17E-07,GOOD,1008,3678.121941
17,Onions and Garlic,Tulare Lake,33.51575746,2408.610949,10.63434095,1.253629891,4112.522919,62.68149455,7170.237318,10684.66197,0.41,50,0.160557684,0.417141646,0.279934415,3583.886346,1.107315543,3583.886346,0.17,79.8460651,3504.040281,-4.882352941,0.299002342,0.007342148,0.278560777,0.415094733,10.62363202,0.072772468,9227.120994,33.51575703,42.01635393,4.31E-07,1.44E-06,1.29E-08,3.43E-08,GOOD,2408.610949,3567.988445
17,Orchards,Tulare Lake,55461.23436,2277.681025,7.763328774,3.502172688,2519.675644,175.1086344,6112.909401,6436.827012,0.13,50,0.142496355,0.364024786,0.345706127,2437.865948,1.104683353,2437.865948,0.17,79.8460651,2358.019883,-4.882352941,0.051048113,0.819726473,0.062945007,0.066280407,5.476887004,0.000138697,16310.69497,55461.23392,194234.8,0.000442969,0.020193727,7.99E-09,1.04E-07,GOOD,2277.681025,1999.713906
17,Pasture,Tulare Lake,4707.276995,242.4206904,4.903405501,4.768194291,225.050083,47.68194291,134.7527641,578.8882988,0.51,10,0.189326621,0.486998112,0.113362702,202.3138581,1.147722722,202.3138581,0.17,79.8460651,122.467793,-4.882352941,0.004319593,0.988467259,0.001362017,0.00585113,1.982375428,0.000416543,144404.2578,4707.275085,22445.19109,0.001909801,0.020202336,4.06E-07,9.00E-07,GOOD,242.4206904,22.639033
17,Pistachios,Tulare Lake,1711.496638,5088.640658,1.460333567,3.820163692,1937.377826,191.0081846,386.8138231,1917.69532,0.4,50,0.260711671,0.258063009,0.052053284,2998.21761,1.596530034,2998.21761,0.17,79.8460651,2918.371544,-4.882352941,0.035260819,0.948275335,0.00276347,0.013700375,0.800403283,0.00146071,277357.1658,1711.496595,6538.196515,4.35E-05,0.000800738,2.54E-08,1.22E-07,GOOD,5088.640658,2459.543262
17,Subtropical,Tulare Lake,59791.93827,1157.720607,15.10914155,3.608433712,3535.76379,180.4216856,7560.067345,2801.501829,0.13,50,0.202134149,0.160157528,0.432197361,3414.409877,1.183370838,3414.409877,0.17,79.8460651,3334.563812,-4.882352941,0.061932082,0.845737341,0.067366764,0.024963814,10.32528883,0.000128651,24652.15316,59791.93793,215755.2238,0.000343964,0.021957995,5.75E-09,1.02E-07,GOOD,1157.720607,2943.79187
17,Truck,Tulare Lake,2612.26504,1282.087936,19.71342086,1.84535452,1338.105955,92.267726,7420.976145,6020.132457,0.41,50,0.052943262,0.238191489,0.293617021,10402.85678,1.618587754,10402.85678,0.17,79.8460651,10323.01071,-4.882352941,0.43454107,0.067994298,0.274655408,0.222809224,19.44570323,0.000933682,1097109.487,2612.265016,4820.554599,2.36E-05,0.000500214,9.02E-09,1.04E-07,GOOD,1282.087936,10324.85784
17,Walnuts,Tulare Lake,5332.57408,1793.152974,1.862011475,3.425917313,854.5630698,171.2958657,299.4355442,912.0012941,0.13,50,0.25594369,0.273146576,0.089681664,1101.57564,1.421304047,1101.57564,0.17,79.8460651,1021.729575,-4.882352941,0.026757538,0.956671517,0.004095905,0.01247504,0.989582614,0.001442513,618.8040013,5332.573973,18268.95567,0.000107186,0.002194201,2.01E-08,1.20E-07,GOOD,1793.152974,686.0260341
17,Tomatoes,Tulare Lake,199.4263984,97.3922824,54.70338716,2.220206136,168.9385059,111.0103068,1803.712469,1201.075867,0.74,50,0.031709536,0.225440365,0.338554465,2042.950582,1.544716696,2042.950582,0.17,79.8460651,1963.104517,-4.882352941,0.207320202,0.511041207,0.169061838,0.112576753,47.45087378,0.006776191,84507.11526,199.4263805,442.7676338,1.79E-05,7.96E-05,8.99E-08,1.80E-07,GOOD,97.3922824,1907.495124
18,Alfalfa,Tulare Lake,41477.93063,279.620574,8.447932227,4.524530937,665.8443229,45.24530937,356.4707563,440.2816103,1.86,10,0.281872792,0.186385019,0.150905255,854.3736596,1.49201919,854.3736596,0.17,79.8460651,774.5275945,-4.882352941,0.020502345,0.968752293,0.004807525,0.005937836,4.170426326,1.30E-05,68508464.5,41477.92302,187668.0968,0.007607614,0.083580319,1.83E-07,4.45E-07,GOOD,279.620574,694.9051669
18,Almonds,Tulare Lake,74137.86502,4875.001978,1.131453803,4.141037405,1199.972919,207.0518702,516.3560009,1661.846397,0.4,50,0.217550368,0.301286212,0.093613311,1930.61234,1.465229462,1930.61234,0.17,79.8460651,1850.766275,-4.882352941,0.01431943,0.97571738,0.002361834,0.007601356,0.532497484,3.37E-05,7620604.062,74137.86365,307007.6501,0.001365113,0.022046305,1.84E-08,7.18E-08,GOOD,4875.001978,1280.254671
18,Beans Dry,Tulare Lake,910.5068121,1326.519215,1.43231235,1.919782133,161.8168882,95.98910665,134.9933596,957.6035242,1.68,50,0.085167238,0.504004546,0.071049516,549.5869755,1.339980961,549.5869755,0.17,79.8460651,469.7409104,-4.882352941,0.172577088,0.562373483,0.032747588,0.232301841,1.222194314,0.000653744,600067.4651,910.5065744,1747.974162,0.000237652,0.000547613,2.61E-07,3.13E-07,GOOD,1326.519215,461.2979102
18,Berries,Tulare Lake,1574.376586,7027.33636,10.36058171,2.39378705,3293.681493,119.6893525,30337.54741,28199.96017,0.25,50,0.045238346,0.387323291,0.416682812,10856.41414,1.119278377,10856.41414,0.17,79.8460651,10776.56807,-4.882352941,0.174311302,0.104580559,0.373720257,0.347387883,10.13221967,0.002540688,102007.0242,1574.376583,3768.722085,3.27E-06,0.000198779,2.08E-09,5.27E-08,GOOD,7027.33636,10689.59267
18,Corn,Tulare Lake,131665.7616,161.4386617,22.01452234,2.280437339,313.2553801,114.021867,310.929404,1985.508048,0.3,50,0.088141761,0.558669338,0.087487293,830.2803255,1.242698865,830.2803255,0.17,79.8460651,750.4342604,-4.882352941,0.116425873,0.649768804,0.031656403,0.20214892,17.87660128,2.53E-05,1611371.087,131665.7576,300255.4939,0.004006174,0.025078174,3.04E-08,8.35E-08,GOOD,161.4386617,684.2824696
18,Cotton,Tulare Lake,17969.94274,3710.758752,0.813814056,3.749301711,448.5684623,187.4650856,236.2384677,1344.566888,0.68,50,0.148539114,0.445240339,0.078228087,803.0287273,1.297371859,803.0287273,0.17,79.8460651,723.1826622,-4.882352941,0.01028231,0.976730819,0.001940782,0.011046089,0.381690361,8.18E-05,3514405.173,17969.94139,67374.72831,0.001349149,0.008747533,7.51E-08,1.30E-07,GOOD,3710.758752,287.6306468
18,Cucurbits,Tulare Lake,35.30720929,654.3961754,16.06524008,2.442132231,492.5857332,122.1066116,6871.292169,2404.357717,0.05,50,0.046854775,0.228702604,0.653597591,622.6894345,1.01234223,622.6894345,0.17,79.8460651,542.8433694,-4.882352941,0.055931315,0.478892632,0.34459694,0.120579113,14.09118967,0.566456551,4.06E-06,35.3072091,86.22487198,1.87E-07,1.81E-06,5.31E-09,2.10E-08,GOOD,654.3961754,446.5955544
18,Field and Grain,Tulare Lake,39484.0753,289.315121,2.652255461,3.261387025,145.2774368,81.53467562,86.9874648,373.6919673,0.74,25,0.189326621,0.486998112,0.113362702,79.8460651,1.06299158,79.8460651,0.17,79.8460651,0,-4.882352941,0.008379855,0.974472106,0.003237966,0.013910073,1.280365197,3.42E-05,1702903.711,39484.05832,128772.7807,0.016977637,0.070176207,4.30E-07,5.45E-07,GOOD,289.315121,-104.5353924
18,Grapes,Tulare Lake,44970.87627,1422.002244,11.72196241,4.00891598,2204.421502,200.445799,7245.758441,5033.018762,0.13,50,0.132249498,0.30194507,0.434693599,1985.012347,1.081128822,1985.012347,0.17,79.8460651,1905.166282,-4.882352941,0.021735984,0.9145582,0.037593072,0.026112744,7.100059424,0.000171051,11176.43395,44970.87607,180284.4543,0.000198313,0.010171807,4.41E-09,5.64E-08,GOOD,1422.002244,1381.887779
18,Lettuce,Tulare Lake,403.3620594,1008,18.9,2.300762612,1600,149.5495698,12500,929,0.25,65,0.083984211,0.048763332,0.656126648,3872.65043,1.195371133,3872.65043,0.17,79.8460651,3792.804365,-4.882352941,0.197977064,0.316219205,0.452196488,0.033607243,17.51259963,0.009916649,10107.75799,403.3620573,928.0403059,2.14E-06,3.95E-05,5.31E-09,4.26E-08,GOOD,1008,3678.121941
18,Orchards,Tulare Lake,15159.21317,2277.681025,7.763328774,3.502172688,2519.675644,175.1086344,6112.909401,6436.827012,0.13,50,0.142496355,0.364024786,0.345706127,2437.865948,1.104683353,2437.865948,0.17,79.8460651,2358.019883,-4.882352941,0.051048113,0.819726473,0.062945007,0.066280407,5.476887004,0.000507434,4458.200487,15159.21312,53090.1794,5.34E-05,0.002940332,3.53E-09,5.54E-08,GOOD,2277.681025,1999.713906
18,Pasture,Tulare Lake,3371.268029,242.4206904,4.903405501,4.768194291,225.050083,47.68194291,134.7527641,578.8882988,0.51,10,0.189326621,0.486998112,0.113362702,202.3138581,1.147722722,202.3138581,0.17,79.8460651,122.467793,-4.882352941,0.004319593,0.988467259,0.001362017,0.00585113,1.982375428,0.000581616,103419.7601,3371.267411,16074.85373,0.000617919,0.007234356,1.83E-07,4.50E-07,GOOD,242.4206904,22.639033
18,Pistachios,Tulare Lake,66440.1256,5088.640658,1.460333567,3.820163692,1937.377826,191.0081846,386.8138231,1917.69532,0.4,50,0.260711671,0.258063009,0.052053284,2998.21761,1.596530034,2998.21761,0.17,79.8460651,2918.371544,-4.882352941,0.035260819,0.948275335,0.00276347,0.013700375,0.800403283,3.76E-05,10766977,66440.12485,253812.1393,0.000749849,0.016252215,1.13E-08,6.40E-08,GOOD,5088.640658,2459.543262
18,Potatoes,Tulare Lake,382.9543082,697.8686048,20.75531565,1.233512156,1479.227265,61.6756078,1543.541499,8971.834969,0.41,50,0.10212496,0.619410086,0.106565176,2428.203834,1.144195941,2428.203834,0.17,79.8460651,2348.357769,-4.882352941,0.267730538,0.01177374,0.10576084,0.614734883,20.72313242,0.00636897,53526.31076,382.9543042,472.3787681,4.02E-06,2.62E-05,1.05E-08,5.56E-08,GOOD,697.8686048,2413.80183
18,Subtropical,Tulare Lake,102847.6806,1157.720607,15.10914155,3.608433712,3535.76379,180.4216856,7560.067345,2801.501829,0.13,50,0.202134149,0.160157528,0.432197361,3414.409877,1.183370838,3414.409877,0.17,79.8460651,3334.563812,-4.882352941,0.061932082,0.845737341,0.067366764,0.024963814,10.32528883,7.48E-05,42403.99036,102847.6803,371119.0177,0.000261737,0.020216698,2.54E-09,5.45E-08,GOOD,1157.720607,2943.79187
18,Truck,Tulare Lake,386.8312028,1282.087936,19.71342086,1.84535452,1338.105955,92.267726,7420.976145,6020.132457,0.41,50,0.052943262,0.238191489,0.293617021,10402.85678,1.618587754,10402.85678,0.17,79.8460651,10323.01071,-4.882352941,0.43454107,0.067994298,0.274655408,0.222809224,19.44570323,0.006305139,162462.911,386.8312013,713.8406721,1.48E-06,3.64E-05,3.82E-09,5.11E-08,GOOD,1282.087936,10324.85784
18,Walnuts,Tulare Lake,43380.90748,1793.152974,1.862011475,3.425917313,854.5630698,171.2958657,299.4355442,912.0012941,0.13,50,0.25594369,0.273146576,0.089681664,1101.57564,1.421304047,1101.57564,0.17,79.8460651,1021.729575,-4.882352941,0.026757538,0.956671517,0.004095905,0.01247504,0.989582614,0.00017732,5034.018979,43380.9071,148619.3926,0.000384297,0.009365885,8.86E-09,6.30E-08,GOOD,1793.152974,686.0260341
18,Tomatoes,Tulare Lake,397.2507949,97.3922824,54.70338716,2.220206136,168.9385059,111.0103068,1803.712469,1201.075867,0.74,50,0.031709536,0.225440365,0.338554465,2042.950582,1.544716696,2042.950582,0.17,79.8460651,1963.104517,-4.882352941,0.207320202,0.511041207,0.169061838,0.112576753,47.45087378,0.003401759,168335.3808,397.2507796,881.9785753,1.53E-05,7.71E-05,3.85E-08,8.74E-08,GOOD,97.3922824,1907.495124
19A,Alfalfa,Tulare Lake,520.2684249,279.620574,8.447932227,4.524530937,665.8443229,45.24530937,356.4707563,440.2816103,1.86,10,0.281872792,0.186385019,0.150905255,854.3736596,1.49201919,854.3736596,0.17,79.8460651,774.5275945,-4.882352941,0.020502345,0.968752293,0.004807525,0.005937836,4.170426326,0.001033379,859319.411,520.2682065,2353.968148,0.000218401,0.002436212,4.20E-07,1.03E-06,GOOD,279.620574,694.9051669
19A,Almonds,Tulare Lake,28119.1605,4875.001978,1.131453803,4.141037405,1199.972919,207.0518702,516.3560009,1661.846397,0.4,50,0.217550368,0.301286212,0.093613311,1930.61234,1.465229462,1930.61234,0.17,79.8460651,1850.766275,-4.882352941,0.01431943,0.97571738,0.002361834,0.007601356,0.532497484,8.89E-05,2890358.235,28119.15932,116442.4758,0.001183274,0.019655424,4.21E-08,1.69E-07,GOOD,4875.001978,1280.254671
19A,Cotton,Tulare Lake,185.9464796,3710.758752,0.813814056,3.749301711,448.5684623,187.4650856,236.2384677,1344.566888,0.68,50,0.148539114,0.445240339,0.078228087,803.0287273,1.297371859,803.0287273,0.17,79.8460651,723.1826622,-4.882352941,0.01028231,0.976730819,0.001940782,0.011046089,0.381690361,0.007908664,36365.79589,185.9464477,697.1692473,3.19E-05,0.000206797,1.71E-07,2.97E-07,GOOD,3710.758752,287.6306468
19A,Field and Grain,Tulare Lake,11177.24182,289.315121,2.652255461,3.261387025,145.2774368,81.53467562,86.9874648,373.6919673,0.74,25,0.189326621,0.486998112,0.113362702,79.8460651,1.06299158,79.8460651,0.17,79.8460651,0,-4.882352941,0.008379855,0.974472106,0.003237966,0.013910073,1.280365197,0.000120902,482061.8549,11177.23088,36453.26582,0.010940669,0.045625978,9.79E-07,1.25E-06,GOOD,289.315121,-104.5353924
19A,Grapes,Tulare Lake,422.0635852,1422.002244,11.72196241,4.00891598,2204.421502,200.445799,7245.758441,5033.018762,0.13,50,0.132249498,0.30194507,0.434693599,1985.012347,1.081128822,1985.012347,0.17,79.8460651,1905.166282,-4.882352941,0.021735984,0.9145582,0.037593072,0.026112744,7.100059424,0.018225471,104.8937929,422.0635809,1692.017228,4.25E-06,0.00022283,1.01E-08,1.32E-07,GOOD,1422.002244,1381.887779
19A,Onions and Garlic,Tulare Lake,4.56107042,2408.610949,10.63434095,1.253629891,4112.522919,62.68149455,7170.237318,10684.66197,0.41,50,0.160557684,0.417141646,0.279934415,3583.886346,1.107315543,3583.886346,0.17,79.8460651,3504.040281,-4.882352941,0.299002342,0.007342148,0.278560777,0.415094733,10.62363202,0.534748242,1255.69439,4.561070365,5.717896547,5.48E-08,-2.33E-06,1.20E-08,4.08E-07,GOOD,2408.610949,3567.988445
19A,Orchards,Tulare Lake,6034.681968,2277.681025,7.763328774,3.502172688,2519.675644,175.1086344,6112.909401,6436.827012,0.13,50,0.142496355,0.364024786,0.345706127,2437.865948,1.104683353,2437.865948,0.17,79.8460651,2358.019883,-4.882352941,0.051048113,0.819726473,0.062945007,0.066280407,5.476887004,0.001274683,1774.750562,6034.68192,21134.4956,4.85E-05,0.002770648,8.04E-09,1.31E-07,GOOD,2277.681025,1999.713906
19A,Pasture,Tulare Lake,14.28704366,242.4206904,4.903405501,4.768194291,225.050083,47.68194291,134.7527641,578.8882988,0.51,10,0.189326621,0.486998112,0.113362702,202.3138581,1.147722722,202.3138581,0.17,79.8460651,122.467793,-4.882352941,0.004319593,0.988467259,0.001362017,0.00585113,1.982375428,0.137242131,438.2809719,14.28703766,68.12334425,6.00E-06,5.58E-05,4.20E-07,8.19E-07,GOOD,242.4206904,22.639033
19A,Pistachios,Tulare Lake,47130.69976,5088.640658,1.460333567,3.820163692,1937.377826,191.0081846,386.8138231,1917.69532,0.4,50,0.260711671,0.258063009,0.052053284,2998.21761,1.596530034,2998.21761,0.17,79.8460651,2918.371544,-4.882352941,0.035260819,0.948275335,0.00276347,0.013700375,0.800403283,5.30E-05,7637781.471,47130.69855,180046.9608,0.001214003,0.027177632,2.58E-08,1.51E-07,GOOD,5088.640658,2459.543262
19A,Subtropical,Tulare Lake,3712.349653,1157.720607,15.10914155,3.608433712,3535.76379,180.4216856,7560.067345,2801.501829,0.13,50,0.202134149,0.160157528,0.432197361,3414.409877,1.183370838,3414.409877,0.17,79.8460651,3334.563812,-4.882352941,0.061932082,0.845737341,0.067366764,0.024963814,10.32528883,0.002072086,1530.597851,3712.349631,13395.76591,2.15E-05,0.001725768,5.80E-09,1.29E-07,GOOD,1157.720607,2943.79187
19A,Truck,Tulare Lake,700.9283807,1282.087936,19.71342086,1.84535452,1338.105955,92.267726,7420.976145,6020.132457,0.41,50,0.052943262,0.238191489,0.293617021,10402.85678,1.618587754,10402.85678,0.17,79.8460651,10323.01071,-4.882352941,0.43454107,0.067994298,0.274655408,0.222809224,19.44570323,0.003479706,294378.6961,700.9283747,1293.461189,6.05E-06,0.000166416,8.62E-09,1.29E-07,GOOD,1282.087936,10324.85784
19B,Alfalfa,Tulare Lake,14431.43888,279.620574,8.447932227,4.524530937,665.8443229,45.24530937,356.4707563,440.2816103,1.86,10,0.281872792,0.186385019,0.150905255,854.3736596,1.49201919,854.3736596,0.17,79.8460651,774.5275945,-4.882352941,0.020502345,0.968752293,0.004807525,0.005937836,4.170426326,3.73E-05,23836187.18,14431.43365,65295.43513,0.005233305,0.05655168,3.63E-07,8.66E-07,GOOD,279.620574,694.9051669
19B,Almonds,Tulare Lake,52342.85333,4875.001978,1.131453803,4.141037405,1199.972919,207.0518702,516.3560009,1661.846397,0.4,50,0.217550368,0.301286212,0.093613311,1930.61234,1.465229462,1930.61234,0.17,79.8460651,1850.766275,-4.882352941,0.01431943,0.97571738,0.002361834,0.007601356,0.532497484,4.78E-05,5380302.772,52342.85142,216753.6834,0.001907681,0.030149329,3.64E-08,1.39E-07,GOOD,4875.001978,1280.254671
19B,Beans Dry,Tulare Lake,76.39036342,1326.519215,1.43231235,1.919782133,161.8168882,95.98910665,134.9933596,957.6035242,1.68,50,0.085167238,0.504004546,0.071049516,549.5869755,1.339980961,549.5869755,0.17,79.8460651,469.7409104,-4.882352941,0.172577088,0.562373483,0.032747588,0.232301841,1.222194314,0.007792057,50344.89707,76.39032361,146.6527664,3.98E-05,8.84E-05,5.21E-07,6.03E-07,GOOD,1326.519215,461.2979102
19B,Corn,Tulare Lake,11185.12666,161.4386617,22.01452234,2.280437339,313.2553801,114.021867,310.929404,1985.508048,0.3,50,0.088141761,0.558669338,0.087487293,830.2803255,1.242698865,830.2803255,0.17,79.8460651,750.4342604,-4.882352941,0.116425873,0.649768804,0.031656403,0.20214892,17.87660128,0.000298015,136887.445,11185.12598,25506.97633,0.000678334,0.004147587,6.06E-08,1.63E-07,GOOD,161.4386617,684.2824696
19B,Cotton,Tulare Lake,9387.836899,3710.758752,0.813814056,3.749301711,448.5684623,187.4650856,236.2384677,1344.566888,0.68,50,0.148539114,0.445240339,0.078228087,803.0287273,1.297371859,803.0287273,0.17,79.8460651,723.1826622,-4.882352941,0.01028231,0.976730819,0.001940782,0.011046089,0.381690361,0.000156648,1835991.524,9387.835502,35197.82401,0.001396801,0.008941818,1.49E-07,2.54E-07,GOOD,3710.758752,287.6306468
19B,Cucurbits,Tulare Lake,174.7500419,654.3961754,16.06524008,2.442132231,492.5857332,122.1066116,6871.292169,2404.357717,0.05,50,0.046854775,0.228702604,0.653597591,622.6894345,1.01234223,622.6894345,0.17,79.8460651,542.8433694,-4.882352941,0.055931315,0.478892632,0.34459694,0.120579113,14.09118967,0.114449186,2.01E-05,174.7500401,426.7626656,1.85E-06,4.40E-05,1.06E-08,1.03E-07,GOOD,654.3961754,446.5955544
19B,Field and Grain,Tulare Lake,6828.305257,289.315121,2.652255461,3.261387025,145.2774368,81.53467562,86.9874648,373.6919673,0.74,25,0.189326621,0.486998112,0.113362702,79.8460651,1.06299158,79.8460651,0.17,79.8460651,0,-4.882352941,0.008379855,0.974472106,0.003237966,0.013910073,1.280365197,0.000197904,294497.1175,6828.299428,22269.72224,0.005828525,0.023926327,8.54E-07,1.07E-06,GOOD,289.315121,-104.5353924
19B,Grapes,Tulare Lake,10673.03349,1422.002244,11.72196241,4.00891598,2204.421502,200.445799,7245.758441,5033.018762,0.13,50,0.132249498,0.30194507,0.434693599,1985.012347,1.081128822,1985.012347,0.17,79.8460651,1905.166282,-4.882352941,0.021735984,0.9145582,0.037593072,0.026112744,7.100059424,0.000720724,2652.526784,10673.0334,42787.28986,9.32E-05,0.004649764,8.73E-09,1.09E-07,GOOD,1422.002244,1381.887779
19B,Lettuce,Tulare Lake,134.1802536,1008,18.9,2.300762612,1600,149.5495698,12500,929,0.25,65,0.083984211,0.048763332,0.656126648,3872.65043,1.195371133,3872.65043,0.17,79.8460651,3792.804365,-4.882352941,0.197977064,0.316219205,0.452196488,0.033607243,17.51259963,0.029810646,3362.392417,134.1802522,308.7168862,1.42E-06,2.45E-05,1.06E-08,7.94E-08,GOOD,1008,3678.121941
19B,Onions and Garlic,Tulare Lake,674.6755068,2408.610949,10.63434095,1.253629891,4112.522919,62.68149455,7170.237318,10684.66197,0.41,50,0.160557684,0.417141646,0.279934415,3583.886346,1.107315543,3583.886346,0.17,79.8460651,3504.040281,-4.882352941,0.299002342,0.007342148,0.278560777,0.415094733,10.62363202,0.003615107,185742.8566,674.6754996,845.7932923,7.24E-06,8.97E-05,1.07E-08,1.06E-07,GOOD,2408.610949,3567.988445
19B,Orchards,Tulare Lake,2696.703913,2277.681025,7.763328774,3.502172688,2519.675644,175.1086344,6112.909401,6436.827012,0.13,50,0.142496355,0.364024786,0.345706127,2437.865948,1.104683353,2437.865948,0.17,79.8460651,2358.019883,-4.882352941,0.051048113,0.819726473,0.062945007,0.066280407,5.476887004,0.002852485,793.0785433,2696.703894,9444.321786,1.89E-05,0.001005447,6.99E-09,1.06E-07,GOOD,2277.681025,1999.713906
19B,Pasture,Tulare Lake,208.6344674,242.4206904,4.903405501,4.768194291,225.050083,47.68194291,134.7527641,578.8882988,0.51,10,0.189326621,0.486998112,0.113362702,202.3138581,1.147722722,202.3138581,0.17,79.8460651,122.467793,-4.882352941,0.004319593,0.988467259,0.001362017,0.00585113,1.982375428,0.00939818,6400.240618,208.6343918,994.8088202,7.56E-05,0.000856166,3.62E-07,8.61E-07,GOOD,242.4206904,22.639033
19B,Pistachios,Tulare Lake,44641.05235,5088.640658,1.460333567,3.820163692,1937.377826,191.0081846,386.8138231,1917.69532,0.4,50,0.260711671,0.258063009,0.052053284,2998.21761,1.596530034,2998.21761,0.17,79.8460651,2918.371544,-4.882352941,0.035260819,0.948275335,0.00276347,0.013700375,0.800403283,5.60E-05,7234320.819,44641.05135,170536.1063,0.000998236,0.021105491,2.24E-08,1.24E-07,GOOD,5088.640658,2459.543262
19B,Potatoes,Tulare Lake,337.8563631,697.8686048,20.75531565,1.233512156,1479.227265,61.6756078,1543.541499,8971.834969,0.41,50,0.10212496,0.619410086,0.106565176,2428.203834,1.144195941,2428.203834,0.17,79.8460651,2348.357769,-4.882352941,0.267730538,0.01177374,0.10576084,0.614734883,20.72313242,0.007219116,47222.87828,337.856356,416.7498838,7.12E-06,4.70E-05,2.11E-08,1.13E-07,GOOD,697.8686048,2413.80183
19B,Subtropical,Tulare Lake,99.21953769,1157.720607,15.10914155,3.608433712,3535.76379,180.4216856,7560.067345,2801.501829,0.13,50,0.202134149,0.160157528,0.432197361,3414.409877,1.183370838,3414.409877,0.17,79.8460651,3334.563812,-4.882352941,0.061932082,0.845737341,0.067366764,0.024963814,10.32528883,0.077528155,40.90811086,99.21953719,358.0270903,5.01E-07,3.44E-05,5.05E-09,9.62E-08,GOOD,1157.720607,2943.79187
19B,Truck,Tulare Lake,1085.711032,1282.087936,19.71342086,1.84535452,1338.105955,92.267726,7420.976145,6020.132457,0.41,50,0.052943262,0.238191489,0.293617021,10402.85678,1.618587754,10402.85678,0.17,79.8460651,10323.01071,-4.882352941,0.43454107,0.067994298,0.274655408,0.222809224,19.44570323,0.002246477,455981.2483,1085.711024,2003.521549,8.29E-06,0.000210877,7.63E-09,1.05E-07,GOOD,1282.087936,10324.85784
19B,Walnuts,Tulare Lake,870.1131935,1793.152974,1.862011475,3.425917313,854.5630698,171.2958657,299.4355442,912.0012941,0.13,50,0.25594369,0.273146576,0.089681664,1101.57564,1.421304047,1101.57564,0.17,79.8460651,1021.729575,-4.882352941,0.026757538,0.956671517,0.004095905,0.01247504,0.989582614,0.008840583,100.9699101,870.1131782,2980.935494,1.53E-05,0.000359604,1.76E-08,1.21E-07,GOOD,1793.152974,686.0260341
19B,Tomatoes,Tulare Lake,907.769775,97.3922824,54.70338716,2.220206136,168.9385059,111.0103068,1803.712469,1201.075867,0.74,50,0.031709536,0.225440365,0.338554465,2042.950582,1.544716696,2042.950582,0.17,79.8460651,1963.104517,-4.882352941,0.207320202,0.511041207,0.169061838,0.112576753,47.45087378,0.00148865,384668.2566,907.7697053,2015.43567,6.97E-05,0.000354914,7.68E-08,1.76E-07,GOOD,97.3922824,1907.495124
2,Alfalfa,Sacramento River,2619.035362,280.6469987,5.962401488,3.537610105,471.6662224,35.37610105,252.5143029,311.8836593,1.86,10,0.281872792,0.186385019,0.150905255,601.889797,1.487388256,601.889797,0.17,62.62442621,539.2653708,-4.882352941,0.057933256,0.911609636,0.013626653,0.016830455,3.643555099,0.00020528,3054832.208,2619.035049,9265.122635,0.000312555,0.003327257,1.19E-07,3.59E-07,GOOD,280.6469987,512.1190455
2,Almonds,Sacramento River,44619.71975,4683.240486,0.738721068,3.971676207,752.6390797,198.5838104,323.8653982,1042.332314,0.4,50,0.217550367,0.301286212,0.093613311,1142.187811,1.421781248,1142.187811,0.17,62.62442621,1079.563385,-4.882352941,0.011138281,0.980830857,0.001903764,0.006127098,0.332646308,5.60E-05,2776004.49,44619.71904,177215.0675,0.00070608,0.011750409,1.58E-08,6.63E-08,GOOD,4683.240486,552.061027
2,Beans Dry,Sacramento River,284.6320574,1370.755748,1.280845402,2.293810917,149.5303492,114.6905459,124.7434966,884.8939851,1.68,50,0.085167237,0.504004546,0.071049516,481.8678203,1.312642142,481.8678203,0.17,62.62442621,419.2433941,-4.882352941,0.076566469,0.800999889,0.015127014,0.107306627,0.933034072,0.002091255,166489.8615,284.6320184,652.8920047,3.90E-05,0.000115921,1.37E-07,1.78E-07,GOOD,1370.755748,333.47994
2,Berries,Sacramento River,85.99700287,5808.7562,4.15,3.453441036,1090.53087,172.6720518,10044.6968,9336.946257,0.25,50,0.045238346,0.387323291,0.416682812,3461.492251,1.112065325,3461.492251,0.17,62.62442621,3398.867825,-4.882352941,0.046810867,0.75387742,0.103294943,0.096016769,3.118772009,0.046513249,1792.461581,85.99700255,296.9855697,3.20E-07,9.02E-06,3.72E-09,3.04E-08,GOOD,5808.7562,3037.851554
2,Corn,Sacramento River,2633.224008,229.087221,6.113531918,2.826875063,123.4453601,141.3437532,122.5287567,782.4343077,0.3,50,0.088141761,0.558669339,0.087487293,230.7798599,1.140275745,230.7798599,0.17,62.62442621,168.1554337,-4.882352941,0.014859243,0.947178848,0.005139907,0.032822003,3.421068354,0.001265875,9982.521782,2633.223877,7443.794525,0.000131413,0.000758761,4.99E-08,1.02E-07,GOOD,229.087221,-27.437518
2,Cucurbits,Sacramento River,305.2231259,202.6283347,12.01,1.97136542,111.9924863,96.81195395,1562.231795,546.6459553,0.05,50,0.046854775,0.228702604,0.653597591,73.83780655,0.98218172,115.8841095,0.17,62.62442621,53.2596833,-4.882352941,0.045157284,0.536935863,0.309580474,0.108326379,10.34510807,0.065525834,7.17E-06,305.1050449,601.3966367,0.118081042,0.309679035,0.000386868,0.000514668,GOOD,202.6283347,21.8443252
2,Field and Grain,Sacramento River,16716.28082,209.6613847,3.03361867,2.845649619,120.4179202,71.14124048,72.10238442,309.7467197,0.74,25,0.189326621,0.486998112,0.113362702,62.62442621,1.056394644,62.62442621,0.17,62.62442621,0,-4.882352941,0.01487795,0.954084795,0.005860587,0.025176667,1.653693583,8.08E-05,586190.1512,16716.27682,47568.66168,0.004000095,0.016469651,2.39E-07,3.46E-07,GOOD,209.6613847,-68.67737717
2,Grapes,Sacramento River,106.5553281,1768.088912,10.32652959,2.661751325,5707.511085,133.0875663,6066.297444,4560.422484,0.13,50,0.312599493,0.249773629,0.332250166,1790.903888,1.055957181,1790.903888,0.17,62.62442621,1728.279462,-4.882352941,0.220720588,0.466475188,0.178565303,0.134238921,9.09329252,0.072190737,47.39813028,106.555328,283.6237782,1.05E-07,7.56E-06,9.81E-10,2.66E-08,GOOD,1768.088912,1569.745449
2,Orchards,Sacramento River,10391.21761,2309.334094,2.07088168,3.327741402,681.468536,166.3870701,1653.290347,1740.896727,0.13,50,0.142496355,0.364024786,0.345706127,540.3149882,1.073687064,540.3149882,0.17,62.62442621,477.690562,-4.882352941,0.019222595,0.927375898,0.026011588,0.027389919,1.219081087,0.00074027,753.1427028,10391.21754,34579.28312,7.29E-05,0.001942111,7.02E-09,5.62E-08,GOOD,2309.334094,153.0089163
2,Pasture,Sacramento River,25123.53831,231.3889922,5,3.965593094,219.0404801,39.65593094,131.1544068,563.4300116,0.51,10,0.189326621,0.486998112,0.113362702,203.6641316,1.155852829,203.6641316,0.17,62.62442621,141.0397054,-4.882352941,0.012363677,0.96732044,0.003836132,0.016479751,2.499007503,7.80E-05,762307.4397,25123.53604,99629.69649,0.002269636,0.033531405,9.03E-08,3.37E-07,GOOD,231.3889922,86.06077663
2,Pistachios,Sacramento River,1330.567364,4908.224613,1.249825398,3.663925668,1599.315875,183.1962834,319.3169032,1583.067859,0.4,50,0.260711671,0.258063009,0.052053284,2449.52686,1.585474028,2449.52686,0.17,62.62442621,2386.902434,-4.882352941,0.036882585,0.945787804,0.00290879,0.014420821,0.692253099,0.001878898,176885.2264,1330.567355,4875.099651,9.29E-06,0.000266849,6.98E-09,5.47E-08,GOOD,4908.224613,1961.505578
2,Rice,Sacramento River,301.7095659,774.5349774,3.911625416,4.534377778,378.0637021,226.7188889,216.5505211,1737.988565,0.2,50,0.124786237,0.573652143,0.071476115,470.3690261,1.127415808,470.3690261,0.17,62.62442621,407.7445999,-4.882352941,0.002314436,0.992353786,0.000590727,0.004741051,1.464755015,0.016572229,344.9562986,301.70956,1368.065061,5.89E-06,9.03E-05,1.95E-08,6.60E-08,GOOD,774.5349774,-330.9411767
2,Safflower,Sacramento River,501.0385783,566.272674,1.034446009,2.357007476,114.5737579,23.57007476,66.16231052,248.5120939,0.74,10,0.195592287,0.424242424,0.112947658,132.9602705,1.232026997,132.9602705,0.17,62.62442621,70.33584434,-4.882352941,0.117186722,0.733841187,0.031322337,0.117649754,0.795460769,0.0026971,23760.37884,501.0384999,1180.95123,7.84E-05,0.000445032,1.56E-07,3.77E-07,GOOD,566.272674,100.9755029
2,Subtropical,Sacramento River,12516.68901,1426.122657,2.926176068,2.972946835,843.5231851,148.6473418,1803.596752,668.3511361,0.13,50,0.202134149,0.160157528,0.432197361,708.967574,1.14729554,708.967574,0.17,62.62442621,646.3431478,-4.882352941,0.04513977,0.882986591,0.052440855,0.019432784,1.899693199,0.000614564,1152.749796,12516.68895,37211.44896,6.39E-05,0.002020911,5.11E-09,5.43E-08,GOOD,1426.122657,415.6942716
2,Sunflowers,Sacramento River,290.9232235,3637.05749,0.601701512,2.873453662,453.0267168,143.6726831,387.8950797,849.6060148,0.74,50,0.207010582,0.388227513,0.177248677,354.2224966,1.136305643,354.2224966,0.17,62.62442621,291.5980704,-4.882352941,0.030006254,0.923994603,0.014418445,0.031580698,0.359912384,0.004645045,44991.79355,290.9232076,835.9543204,1.59E-05,8.15E-05,5.46E-08,9.75E-08,GOOD,3637.05749,85.05838228
2,Truck,Sacramento River,230.3636995,742.5153484,22.835,2.662234731,945.7732119,133.1117366,5245.145436,4255.029217,0.41,50,0.055780263,0.25095514,0.309350686,6376.278379,1.526406084,6376.278379,0.17,62.62442621,6313.653953,-4.882352941,0.224008708,0.485345724,0.160468447,0.130177121,19.96250047,0.010587711,60335.90786,230.3636988,613.2822165,7.30E-07,2.51E-05,3.17E-09,4.08E-08,GOOD,742.5153484,6155.015428
2,Walnuts,Sacramento River,60877.42345,1941.701849,1.718936287,4.942462794,854.2534686,247.1231397,299.3270611,911.6708835,0.13,50,0.25594369,0.273146576,0.089681664,1025.287214,1.374658568,1025.287214,0.17,62.62442621,962.6627877,-4.882352941,0.003096313,0.994908716,0.000493105,0.001501866,0.59212916,0.000126357,6787.730052,60877.42308,300884.3831,0.000372885,0.017309764,6.13E-09,5.75E-08,GOOD,1941.701849,51.01343008
2,Tomatoes,Sacramento River,141.3933554,98.36808723,45.12697659,2.666779844,378.0837203,133.3389922,916.1768531,2411.986977,0.74,50,0.085172131,0.543356034,0.206390095,599.467827,1.101074499,599.467827,0.17,62.62442621,536.8434008,-4.882352941,0.048084345,0.788208095,0.045065413,0.118642147,33.0432184,0.009557389,26479.87636,141.3933493,377.064922,6.06E-06,2.82E-05,4.29E-08,7.48E-08,GOOD,98.36808723,377.2210824
20,Alfalfa,Tulare Lake,2551.143036,279.620574,8.447932227,4.524530937,665.8443229,45.24530937,356.4707563,440.2816103,1.86,10,0.281872792,0.186385019,0.150905255,854.3736596,1.49201919,854.3736596,0.17,79.8460651,774.5275945,-4.882352941,0.020502345,0.968752293,0.004807525,0.005937836,4.170426326,0.000210743,4213683.987,2551.14221,11542.71635,0.000826249,0.009244115,3.24E-07,8.01E-07,GOOD,279.620574,694.9051669
20,Almonds,Tulare Lake,82856.88722,4875.001978,1.131453803,4.141037405,1199.972919,207.0518702,516.3560009,1661.846397,0.4,50,0.217550368,0.301286212,0.093613311,1930.61234,1.465229462,1930.61234,0.17,79.8460651,1850.766275,-4.882352941,0.01431943,0.97571738,0.002361834,0.007601356,0.532497484,3.02E-05,8516829.169,82856.88453,343113.4246,0.002690369,0.044590588,3.25E-08,1.30E-07,GOOD,4875.001978,1280.254671
20,Beans Dry,Tulare Lake,191.4828215,1326.519215,1.43231235,1.919782133,161.8168882,95.98910665,134.9933596,957.6035242,1.68,50,0.085167238,0.504004546,0.071049516,549.5869755,1.339980961,549.5869755,0.17,79.8460651,469.7409104,-4.882352941,0.172577088,0.562373483,0.032747588,0.232301841,1.222194314,0.003108572,126196.3225,191.4827343,367.605099,8.72E-05,0.000200453,4.55E-07,5.45E-07,GOOD,1326.519215,461.2979102
20,Berries,Tulare Lake,171.341345,7027.33636,10.36058171,2.39378705,3293.681493,119.6893525,30337.54741,28199.96017,0.25,50,0.045238346,0.387323291,0.416682812,10856.41414,1.119278377,10856.41414,0.17,79.8460651,10776.56807,-4.882352941,0.174311302,0.104580559,0.373720257,0.347387883,10.13221967,0.023345212,11101.55021,171.3413444,410.1546558,6.23E-07,3.69E-05,3.64E-09,9.01E-08,GOOD,7027.33636,10689.59267
20,Corn,Tulare Lake,1680.222459,161.4386617,22.01452234,2.280437339,313.2553801,114.021867,310.929404,1985.508048,0.3,50,0.088141761,0.558669338,0.087487293,830.2803255,1.242698865,830.2803255,0.17,79.8460651,750.4342604,-4.882352941,0.116425873,0.649768804,0.031656403,0.20214892,17.87660128,0.001983864,20563.14305,1680.22237,3831.641461,8.94E-05,0.000572105,5.32E-08,1.49E-07,GOOD,161.4386617,684.2824696
20,Cotton,Tulare Lake,194.2331342,3710.758752,0.813814056,3.749301711,448.5684623,187.4650856,236.2384677,1344.566888,0.68,50,0.148539114,0.445240339,0.078228087,803.0287273,1.297371859,803.0287273,0.17,79.8460651,723.1826622,-4.882352941,0.01028231,0.976730819,0.001940782,0.011046089,0.381690361,0.007571253,37986.42775,194.2331085,728.2384566,2.57E-05,0.000165826,1.32E-07,2.28E-07,GOOD,3710.758752,287.6306468
20,Cucurbits,Tulare Lake,5.59041716,654.3961754,16.06524008,2.442132231,492.5857332,122.1066116,6871.292169,2404.357717,0.05,50,0.046854775,0.228702604,0.653597591,622.6894345,1.01234223,622.6894345,0.17,79.8460651,542.8433694,-4.882352941,0.055931315,0.478892632,0.34459694,0.120579113,14.09118967,3.577550553,6.43E-07,5.590417108,13.65253964,5.19E-08,-1.71E-06,9.28E-09,1.25E-07,GOOD,654.3961754,446.5955544
20,Field and Grain,Tulare Lake,19490.77719,289.315121,2.652255461,3.261387025,145.2774368,81.53467562,86.9874648,373.6919673,0.74,25,0.189326621,0.486998112,0.113362702,79.8460651,1.06299158,79.8460651,0.17,79.8460651,0,-4.882352941,0.008379855,0.974472106,0.003237966,0.013910073,1.280365197,6.93E-05,840615.2749,19490.76246,63566.90647,0.014725856,0.061368156,7.56E-07,9.65E-07,GOOD,289.315121,-104.5353924
20,Grapes,Tulare Lake,40287.29233,1422.002244,11.72196241,4.00891598,2204.421502,200.445799,7245.758441,5033.018762,0.13,50,0.132249498,0.30194507,0.434693599,1985.012347,1.081128822,1985.012347,0.17,79.8460651,1905.166282,-4.882352941,0.021735984,0.9145582,0.037593072,0.026112744,7.100059424,0.000190936,10012.44136,40287.29202,161508.3534,0.000313132,0.01659231,7.77E-09,1.03E-07,GOOD,1422.002244,1381.887779
20,Lettuce,Tulare Lake,282.9119023,1008,18.9,2.300762612,1600,149.5495698,12500,929,0.25,65,0.083984211,0.048763332,0.656126648,3872.65043,1.195371133,3872.65043,0.17,79.8460651,3792.804365,-4.882352941,0.197977064,0.316219205,0.452196488,0.033607243,17.51259963,0.014138677,7089.42493,282.9118997,650.9130763,2.63E-06,5.10E-05,9.29E-09,7.84E-08,GOOD,1008,3678.121941
20,Onions and Garlic,Tulare Lake,958.4488373,2408.610949,10.63434095,1.253629891,4112.522919,62.68149455,7170.237318,10684.66197,0.41,50,0.160557684,0.417141646,0.279934415,3583.886346,1.107315543,3583.886346,0.17,79.8460651,3504.040281,-4.882352941,0.299002342,0.007342148,0.278560777,0.415094733,10.62363202,0.002544762,263867.627,958.4488284,1201.53999,8.91E-06,0.00012109,9.29E-09,1.01E-07,GOOD,2408.610949,3567.988445
20,Orchards,Tulare Lake,2021.919019,2277.681025,7.763328774,3.502172688,2519.675644,175.1086344,6112.909401,6436.827012,0.13,50,0.142496355,0.364024786,0.345706127,2437.865948,1.104683353,2437.865948,0.17,79.8460651,2358.019883,-4.882352941,0.051048113,0.819726473,0.062945007,0.066280407,5.476887004,0.003804459,594.6298303,2021.919006,7081.108854,1.25E-05,0.000711913,6.20E-09,1.01E-07,GOOD,2277.681025,1999.713906
20,Pasture,Tulare Lake,153.3119947,242.4206904,4.903405501,4.768194291,225.050083,47.68194291,134.7527641,578.8882988,0.51,10,0.189326621,0.486998112,0.113362702,202.3138581,1.147722722,202.3138581,0.17,79.8460651,122.467793,-4.882352941,0.004319593,0.988467259,0.001362017,0.00585113,1.982375428,0.012789504,4703.123448,153.311945,731.0207999,4.97E-05,0.000577987,3.24E-07,7.91E-07,GOOD,242.4206904,22.639033
20,Pistachios,Tulare Lake,27186.4892,5088.640658,1.460333567,3.820163692,1937.377826,191.0081846,386.8138231,1917.69532,0.4,50,0.260711671,0.258063009,0.052053284,2998.21761,1.596530034,2998.21761,0.17,79.8460651,2918.371544,-4.882352941,0.035260819,0.948275335,0.00276347,0.013700375,0.800403283,9.20E-05,4405715.691,27186.48866,103856.8269,0.000540403,0.0120641,1.99E-08,1.16E-07,GOOD,5088.640658,2459.543262
20,Potatoes,Tulare Lake,1745.370847,697.8686048,20.75531565,1.233512156,1479.227265,61.6756078,1543.541499,8971.834969,0.41,50,0.10212496,0.619410086,0.106565176,2428.203834,1.144195941,2428.203834,0.17,79.8460651,2348.357769,-4.882352941,0.267730538,0.01177374,0.10576084,0.614734883,20.72313242,0.001397425,243954.0706,1745.370815,2152.935917,3.18E-05,0.000239064,1.82E-08,1.11E-07,GOOD,697.8686048,2413.80183
20,Safflower,Tulare Lake,163.7428134,574.3765351,1.258,2.392307778,141.3282741,23.92307778,81.61210144,306.5430161,0.74,10,0.195592287,0.424242424,0.112947658,169.1592117,1.243494302,169.1592117,0.17,79.8460651,89.31314664,-4.882352941,0.129889869,0.707728652,0.034141747,0.128239732,0.984596499,0.00825289,9739.880612,163.7427331,391.7228398,8.03E-05,0.000366271,4.91E-07,9.35E-07,GOOD,574.3765351,135.8509245
20,Subtropical,Tulare Lake,30240.60094,1157.720607,15.10914155,3.608433712,3535.76379,180.4216856,7560.067345,2801.501829,0.13,50,0.202134149,0.160157528,0.432197361,3414.409877,1.183370838,3414.409877,0.17,79.8460651,3334.563812,-4.882352941,0.061932082,0.845737341,0.067366764,0.024963814,10.32528883,0.00025437,12468.16791,30240.6008,109121.1931,0.000135428,0.01083201,4.48E-09,9.93E-08,GOOD,1157.720607,2943.79187
20,Truck,Tulare Lake,2530.424001,1282.087936,19.71342086,1.84535452,1338.105955,92.267726,7420.976145,6020.132457,0.41,50,0.052943262,0.238191489,0.293617021,10402.85678,1.618587754,10402.85678,0.17,79.8460651,10323.01071,-4.882352941,0.43454107,0.067994298,0.274655408,0.222809224,19.44570323,0.00096388,1062737.562,2530.423984,4669.5289,1.69E-05,0.000467787,6.66E-09,1.00E-07,GOOD,1282.087936,10324.85784
20,Walnuts,Tulare Lake,539.4186145,1793.152974,1.862011475,3.425917313,854.5630698,171.2958657,299.4355442,912.0012941,0.13,50,0.25594369,0.273146576,0.089681664,1101.57564,1.421304047,1101.57564,0.17,79.8460651,1021.729575,-4.882352941,0.026757538,0.956671517,0.004095905,0.01247504,0.989582614,0.014260368,62.59536051,539.4186061,1848.003362,8.40E-06,0.000208316,1.56E-08,1.13E-07,GOOD,1793.152974,686.0260341
20,Tomatoes,Tulare Lake,154.8813963,97.3922824,54.70338716,2.220206136,168.9385059,111.0103068,1803.712469,1201.075867,0.74,50,0.031709536,0.225440365,0.338554465,2042.950582,1.544716696,2042.950582,0.17,79.8460651,1963.104517,-4.882352941,0.207320202,0.511041207,0.169061838,0.112576753,47.45087378,0.008725072,65631.13065,154.8813859,343.8685735,1.04E-05,5.29E-05,6.73E-08,1.54E-07,GOOD,97.3922824,1907.495124
21A,Alfalfa,Tulare Lake,20633.53034,279.620574,8.447932227,4.524530937,665.8443229,45.24530937,356.4707563,440.2816103,1.86,10,0.281872792,0.186385019,0.150905255,854.3736596,1.49201919,854.3736596,0.17,79.8460651,774.5275945,-4.882352941,0.020502345,0.968752293,0.004807525,0.005937836,4.170426326,2.61E-05,34080086.91,20633.52384,93356.9748,0.006496018,0.07156485,3.15E-07,7.67E-07,GOOD,279.620574,694.9051669
21A,Almonds,Tulare Lake,36357.36417,4875.001978,1.131453803,4.141037405,1199.972919,207.0518702,516.3560009,1661.846397,0.4,50,0.217550368,0.301286212,0.093613311,1930.61234,1.465229462,1930.61234,0.17,79.8460651,1850.766275,-4.882352941,0.01431943,0.97571738,0.002361834,0.007601356,0.532497484,6.88E-05,3737160.181,36357.36302,150557.1864,0.001148895,0.018622055,3.16E-08,1.24E-07,GOOD,4875.001978,1280.254671
21A,Beans Dry,Tulare Lake,407.3468483,1326.519215,1.43231235,1.919782133,161.8168882,95.98910665,134.9933596,957.6035242,1.68,50,0.085167238,0.504004546,0.071049516,549.5869755,1.339980961,549.5869755,0.17,79.8460651,469.7409104,-4.882352941,0.172577088,0.562373483,0.032747588,0.232301841,1.222194314,0.001461256,268461.0235,407.3466661,782.0167818,0.000182191,0.000419524,4.47E-07,5.36E-07,GOOD,1326.519215,461.2979102
21A,Berries,Tulare Lake,5.73812563,7027.33636,10.36058171,2.39378705,3293.681493,119.6893525,30337.54741,28199.96017,0.25,50,0.045238346,0.387323291,0.416682812,10856.41414,1.119278377,10856.41414,0.17,79.8460651,10776.56807,-4.882352941,0.174311302,0.104580559,0.373720257,0.347387883,10.13221967,0.697091744,371.7846958,5.73812561,13.73585265,2.04E-08,-1.83E-06,3.56E-09,1.33E-07,GOOD,7027.33636,10689.59267
21A,Corn,Tulare Lake,29961.586,161.4386617,22.01452234,2.280437339,313.2553801,114.021867,310.929404,1985.508048,0.3,50,0.088141761,0.558669338,0.087487293,830.2803255,1.242698865,830.2803255,0.17,79.8460651,750.4342604,-4.882352941,0.116425873,0.649768804,0.031656403,0.20214892,17.87660128,0.000111254,366680.2426,29961.58444,68325.50963,0.001562646,0.009818237,5.22E-08,1.44E-07,GOOD,161.4386617,684.2824696
21A,Cotton,Tulare Lake,8558.86984,3710.758752,0.813814056,3.749301711,448.5684623,187.4650856,236.2384677,1344.566888,0.68,50,0.148539114,0.445240339,0.078228087,803.0287273,1.297371859,803.0287273,0.17,79.8460651,723.1826622,-4.882352941,0.01028231,0.976730819,0.001940782,0.011046089,0.381690361,0.00017182,1673869.354,8558.868737,32089.77817,0.001102547,0.007163568,1.29E-07,2.23E-07,GOOD,3710.758752,287.6306468
21A,Cucurbits,Tulare Lake,522.0101463,654.3961754,16.06524008,2.442132231,492.5857332,122.1066116,6871.292169,2404.357717,0.05,50,0.046854775,0.228702604,0.653597591,622.6894345,1.01234223,622.6894345,0.17,79.8460651,542.8433694,-4.882352941,0.055931315,0.478892632,0.34459694,0.120579113,14.09118967,0.038313432,6.00E-05,522.0101415,1274.81768,4.75E-06,0.000122815,9.10E-09,9.63E-08,GOOD,654.3961754,446.5955544
21A,Field and Grain,Tulare Lake,9639.954052,289.315121,2.652255461,3.261387025,145.2774368,81.53467562,86.9874648,373.6919673,0.74,25,0.189326621,0.486998112,0.113362702,79.8460651,1.06299158,79.8460651,0.17,79.8460651,0,-4.882352941,0.008379855,0.974472106,0.003237966,0.013910073,1.280365197,0.000140182,415760.3643,9639.946942,31439.59165,0.007110029,0.029418687,7.38E-07,9.36E-07,GOOD,289.315121,-104.5353924
21A,Grapes,Tulare Lake,6619.239045,1422.002244,11.72196241,4.00891598,2204.421502,200.445799,7245.758441,5033.018762,0.13,50,0.132249498,0.30194507,0.434693599,1985.012347,1.081128822,1985.012347,0.17,79.8460651,1905.166282,-4.882352941,0.021735984,0.9145582,0.037593072,0.026112744,7.100059424,0.001162114,1645.05329,6619.238995,26535.9706,5.01E-05,0.00257876,7.57E-09,9.72E-08,GOOD,1422.002244,1381.887779
21A,Lettuce,Tulare Lake,1687.927871,1008,18.9,2.300762612,1600,149.5495698,12500,929,0.25,65,0.083984211,0.048763332,0.656126648,3872.65043,1.195371133,3872.65043,0.17,79.8460651,3792.804365,-4.882352941,0.197977064,0.316219205,0.452196488,0.033607243,17.51259963,0.00236977,42297.40011,1687.927856,3883.521037,1.54E-05,0.000299889,9.11E-09,7.72E-08,GOOD,1008,3678.121941
21A,Onions and Garlic,Tulare Lake,1569.637724,2408.610949,10.63434095,1.253629891,4112.522919,62.68149455,7170.237318,10684.66197,0.41,50,0.160557684,0.417141646,0.279934415,3583.886346,1.107315543,3583.886346,0.17,79.8460651,3504.040281,-4.882352941,0.299002342,0.007342148,0.278560777,0.415094733,10.62363202,0.001553877,432132.1758,1569.63771,1967.744579,1.44E-05,0.000189802,9.16E-09,9.65E-08,GOOD,2408.610949,3567.988445
21A,Orchards,Tulare Lake,335.2914052,2277.681025,7.763328774,3.502172688,2519.675644,175.1086344,6112.909401,6436.827012,0.13,50,0.142496355,0.364024786,0.345706127,2437.865948,1.104683353,2437.865948,0.17,79.8460651,2358.019883,-4.882352941,0.051048113,0.819726473,0.062945007,0.066280407,5.476887004,0.022942156,98.60645729,335.2914032,1174.248293,2.03E-06,0.000109117,6.05E-09,9.29E-08,GOOD,2277.681025,1999.713906
21A,Pasture,Tulare Lake,1221.281292,242.4206904,4.903405501,4.768194291,225.050083,47.68194291,134.7527641,578.8882988,0.51,10,0.189326621,0.486998112,0.113362702,202.3138581,1.147722722,202.3138581,0.17,79.8460651,122.467793,-4.882352941,0.004319593,0.988467259,0.001362017,0.00585113,1.982375428,0.001605514,37465.01826,1221.280908,5823.301979,0.000384278,0.004505279,3.15E-07,7.74E-07,GOOD,242.4206904,22.639033
21A,Pistachios,Tulare Lake,17723.08468,5088.640658,1.460333567,3.820163692,1937.377826,191.0081846,386.8138231,1917.69532,0.4,50,0.260711671,0.258063009,0.052053284,2998.21761,1.596530034,2998.21761,0.17,79.8460651,2918.371544,-4.882352941,0.035260819,0.948275335,0.00276347,0.013700375,0.800403283,0.000141059,2872120.475,17723.08434,67705.07714,0.000343216,0.007468457,1.94E-08,1.10E-07,GOOD,5088.640658,2459.543262
21A,Potatoes,Tulare Lake,4480.131279,697.8686048,20.75531565,1.233512156,1479.227265,61.6756078,1543.541499,8971.834969,0.41,50,0.10212496,0.619410086,0.106565176,2428.203834,1.144195941,2428.203834,0.17,79.8460651,2348.357769,-4.882352941,0.267730538,0.01177374,0.10576084,0.614734883,20.72313242,0.000544409,626197.1571,4480.131198,5526.295805,8.06E-05,0.000588351,1.80E-08,1.06E-07,GOOD,697.8686048,2413.80183
21A,Safflower,Tulare Lake,1967.448573,574.3765351,1.258,2.392307778,141.3282741,23.92307778,81.61210144,306.5430161,0.74,10,0.195592287,0.424242424,0.112947658,169.1592117,1.243494302,169.1592117,0.17,79.8460651,89.31314664,-4.882352941,0.129889869,0.707728652,0.034141747,0.128239732,0.984596499,0.000686855,117029.3451,1967.447627,4706.738119,0.000945887,0.004404586,4.81E-07,9.36E-07,GOOD,574.3765351,135.8509245
21A,Subtropical,Tulare Lake,71.58145862,1157.720607,15.10914155,3.608433712,3535.76379,180.4216856,7560.067345,2801.501829,0.13,50,0.202134149,0.160157528,0.432197361,3414.409877,1.183370838,3414.409877,0.17,79.8460651,3334.563812,-4.882352941,0.061932082,0.845737341,0.067366764,0.024963814,10.32528883,0.107462293,29.51295998,71.58145831,258.2969273,3.13E-07,2.11E-05,4.37E-09,8.18E-08,GOOD,1157.720607,2943.79187
21A,Truck,Tulare Lake,2757.498238,1282.087936,19.71342086,1.84535452,1338.105955,92.267726,7420.976145,6020.132457,0.41,50,0.052943262,0.238191489,0.293617021,10402.85678,1.618587754,10402.85678,0.17,79.8460651,10323.01071,-4.882352941,0.43454107,0.067994298,0.274655408,0.222809224,19.44570323,0.000884506,1158105.105,2757.49822,5088.561354,1.81E-05,0.000482966,6.55E-09,9.49E-08,GOOD,1282.087936,10324.85784
21A,Walnuts,Tulare Lake,43.78235531,1793.152974,1.862011475,3.425917313,854.5630698,171.2958657,299.4355442,912.0012941,0.13,50,0.25594369,0.273146576,0.089681664,1101.57564,1.421304047,1101.57564,0.17,79.8460651,1021.729575,-4.882352941,0.026757538,0.956671517,0.004095905,0.01247504,0.989582614,0.175694241,5.080603897,43.78235464,149.994716,6.65E-07,1.30E-05,1.52E-08,8.69E-08,GOOD,1793.152974,686.0260341
21A,Tomatoes,Tulare Lake,2377.919626,97.3922824,54.70338716,2.220206136,168.9385059,111.0103068,1803.712469,1201.075867,0.74,50,0.031709536,0.225440365,0.338554465,2042.950582,1.544716696,2042.950582,0.17,79.8460651,1963.104517,-4.882352941,0.207320202,0.511041207,0.169061838,0.112576753,47.45087378,0.000568291,1007645.575,2377.919469,5279.470921,0.000156908,0.000823199,6.60E-08,1.56E-07,GOOD,97.3922824,1907.495124
21B,Alfalfa,Tulare Lake,1052.51468,279.620574,8.447932227,4.524530937,665.8443229,45.24530937,356.4707563,440.2816103,1.86,10,0.281872792,0.186385019,0.150905255,854.3736596,1.49201919,854.3736596,0.17,79.8460651,774.5275945,-4.882352941,0.020502345,0.968752293,0.004807525,0.005937836,4.170426326,0.000510809,1738422.421,1052.513774,4762.125498,0.000905728,0.009733002,8.61E-07,2.04E-06,GOOD,279.620574,694.9051669
21B,Almonds,Tulare Lake,13355.41944,4875.001978,1.131453803,4.141037405,1199.972919,207.0518702,516.3560009,1661.846397,0.4,50,0.217550368,0.301286212,0.093613311,1930.61234,1.465229462,1930.61234,0.17,79.8460651,1850.766275,-4.882352941,0.01431943,0.97571738,0.002361834,0.007601356,0.532497484,0.00018719,1372798.685,13355.41828,55305.27327,0.001155276,0.018191867,8.65E-08,3.29E-07,GOOD,4875.001978,1280.254671
21B,Beans Dry,Tulare Lake,408.9427109,1326.519215,1.43231235,1.919782133,161.8168882,95.98910665,134.9933596,957.6035242,1.68,50,0.085167238,0.504004546,0.071049516,549.5869755,1.339980961,549.5869755,0.17,79.8460651,469.7409104,-4.882352941,0.172577088,0.562373483,0.032747588,0.232301841,1.222194314,0.001455554,269512.7731,408.9422044,785.079751,0.000506512,0.001158804,1.24E-06,1.48E-06,GOOD,1326.519215,461.2979102
21B,Berries,Tulare Lake,707.3685603,7027.33636,10.36058171,2.39378705,3293.681493,119.6893525,30337.54741,28199.96017,0.25,50,0.045238346,0.387323291,0.416682812,10856.41414,1.119278377,10856.41414,0.17,79.8460651,10776.56807,-4.882352941,0.174311302,0.104580559,0.373720257,0.347387883,10.13221967,0.005654761,45831.83115,707.3685533,1693.289293,6.96E-06,0.000406317,9.84E-09,2.40E-07,GOOD,7027.33636,10689.59267
21B,Corn,Tulare Lake,1294.890252,161.4386617,22.01452234,2.280437339,313.2553801,114.021867,310.929404,1985.508048,0.3,50,0.088141761,0.558669338,0.087487293,830.2803255,1.242698865,830.2803255,0.17,79.8460651,750.4342604,-4.882352941,0.116425873,0.649768804,0.031656403,0.20214892,17.87660128,0.002574221,15847.31435,1294.890065,2952.914949,0.000186586,0.001131205,1.44E-07,3.83E-07,GOOD,161.4386617,684.2824696
21B,Cotton,Tulare Lake,109.0138414,3710.758752,0.813814056,3.749301711,448.5684623,187.4650856,236.2384677,1344.566888,0.68,50,0.148539114,0.445240339,0.078228087,803.0287273,1.297371859,803.0287273,0.17,79.8460651,723.1826622,-4.882352941,0.01028231,0.976730819,0.001940782,0.011046089,0.381690361,0.013489922,21319.97935,109.0138029,408.7255427,3.85E-05,0.000239393,3.53E-07,5.86E-07,GOOD,3710.758752,287.6306468
21B,Cucurbits,Tulare Lake,485.0838606,654.3961754,16.06524008,2.442132231,492.5857332,122.1066116,6871.292169,2404.357717,0.05,50,0.046854775,0.228702604,0.653597591,622.6894345,1.01234223,622.6894345,0.17,79.8460651,542.8433694,-4.882352941,0.055931315,0.478892632,0.34459694,0.120579113,14.09118967,0.041229984,5.58E-05,485.0838484,1184.638628,1.22E-05,0.000303205,2.51E-08,2.56E-07,GOOD,654.3961754,446.5955544
21B,Field and Grain,Tulare Lake,5421.038972,289.315121,2.652255461,3.261387025,145.2774368,81.53467562,86.9874648,373.6919673,0.74,25,0.189326621,0.486998112,0.113362702,79.8460651,1.06299158,79.8460651,0.17,79.8460651,0,-4.882352941,0.008379855,0.974472106,0.003237966,0.013910073,1.280365197,0.000249279,233803.3071,5421.027984,17680.06111,0.010987637,0.045056976,2.03E-06,2.55E-06,GOOD,289.315121,-104.5353924
21B,Grapes,Tulare Lake,30130.53392,1422.002244,11.72196241,4.00891598,2204.421502,200.445799,7245.758441,5033.018762,0.13,50,0.132249498,0.30194507,0.434693599,1985.012347,1.081128822,1985.012347,0.17,79.8460651,1905.166282,-4.882352941,0.021735984,0.9145582,0.037593072,0.026112744,7.100059424,0.000255299,7488.22238,30130.5333,120790.7479,0.000624497,0.031038559,2.07E-08,2.57E-07,GOOD,1422.002244,1381.887779
21B,Lettuce,Tulare Lake,4717.879411,1008,18.9,2.300762612,1600,149.5495698,12500,929,0.25,65,0.083984211,0.048763332,0.656126648,3872.65043,1.195371133,3872.65043,0.17,79.8460651,3792.804365,-4.882352941,0.197977064,0.316219205,0.452196488,0.033607243,17.51259963,0.000847839,118224.2657,4717.879292,10854.71832,0.000118677,0.002232826,2.52E-08,2.06E-07,GOOD,1008,3678.121941
21B,Onions and Garlic,Tulare Lake,2631.366063,2408.610949,10.63434095,1.253629891,4112.522919,62.68149455,7170.237318,10684.66197,0.41,50,0.160557684,0.417141646,0.279934415,3583.886346,1.107315543,3583.886346,0.17,79.8460651,3504.040281,-4.882352941,0.299002342,0.007342148,0.278560777,0.415094733,10.62363202,0.000926904,724433.3675,2631.365996,3298.758301,6.71E-05,0.000849808,2.55E-08,2.58E-07,GOOD,2408.610949,3567.988445
21B,Orchards,Tulare Lake,3160.665613,2277.681025,7.763328774,3.502172688,2519.675644,175.1086344,6112.909401,6436.827012,0.13,50,0.142496355,0.364024786,0.345706127,2437.865948,1.104683353,2437.865948,0.17,79.8460651,2358.019883,-4.882352941,0.051048113,0.819726473,0.062945007,0.066280407,5.476887004,0.002433762,929.5258809,3160.665561,11069.194,5.25E-05,0.002787342,1.66E-08,2.52E-07,GOOD,2277.681025,1999.713906
21B,Pasture,Tulare Lake,41.05568954,242.4206904,4.903405501,4.768194291,225.050083,47.68194291,134.7527641,578.8882988,0.51,10,0.189326621,0.486998112,0.113362702,202.3138581,1.147722722,202.3138581,0.17,79.8460651,122.467793,-4.882352941,0.004319593,0.988467259,0.001362017,0.00585113,1.982375428,0.047759137,1259.457726,41.05565427,195.761131,3.53E-05,0.000373504,8.59E-07,1.91E-06,GOOD,242.4206904,22.639033
21B,Pistachios,Tulare Lake,3186.846401,5088.640658,1.460333567,3.820163692,1937.377826,191.0081846,386.8138231,1917.69532,0.4,50,0.260711671,0.258063009,0.052053284,2998.21761,1.596530034,2998.21761,0.17,79.8460651,2918.371544,-4.882352941,0.035260819,0.948275335,0.00276347,0.013700375,0.800403283,0.000784475,516445.4701,3186.846232,12174.27136,0.000169164,0.003556802,5.31E-08,2.92E-07,GOOD,5088.640658,2459.543262
21B,Potatoes,Tulare Lake,11181.6718,697.8686048,20.75531565,1.233512156,1479.227265,61.6756078,1543.541499,8971.834969,0.41,50,0.10212496,0.619410086,0.106565176,2428.203834,1.144195941,2428.203834,0.17,79.8460651,2348.357769,-4.882352941,0.267730538,0.01177374,0.10576084,0.614734883,20.72313242,0.000218127,1562885.25,11181.67124,13792.72417,0.000560092,0.003918201,5.01E-08,2.84E-07,GOOD,697.8686048,2413.80183
21B,Safflower,Tulare Lake,27.32702835,574.3765351,1.258,2.392307778,141.3282741,23.92307778,81.61210144,306.5430161,0.74,10,0.195592287,0.424242424,0.112947658,169.1592117,1.243494302,169.1592117,0.17,79.8460651,89.31314664,-4.882352941,0.129889869,0.707728652,0.034141747,0.128239732,0.984596499,0.04945109,1625.488094,27.32699209,65.37452929,3.63E-05,0.000133184,1.33E-06,2.04E-06,GOOD,574.3765351,135.8509245
21B,Subtropical,Tulare Lake,14933.59468,1157.720607,15.10914155,3.608433712,3535.76379,180.4216856,7560.067345,2801.501829,0.13,50,0.202134149,0.160157528,0.432197361,3414.409877,1.183370838,3414.409877,0.17,79.8460651,3334.563812,-4.882352941,0.061932082,0.845737341,0.067366764,0.024963814,10.32528883,0.000515101,6157.105353,14933.5945,53886.87313,0.000178892,0.013349963,1.20E-08,2.48E-07,GOOD,1157.720607,2943.79187
21B,Truck,Tulare Lake,11346.4767,1282.087936,19.71342086,1.84535452,1338.105955,92.267726,7420.976145,6020.132457,0.41,50,0.052943262,0.238191489,0.293617021,10402.85678,1.618587754,10402.85678,0.17,79.8460651,10323.01071,-4.882352941,0.43454107,0.067994298,0.274655408,0.222809224,19.44570323,0.000214959,4765338.526,11346.47649,20938.26679,0.000205793,0.005279326,1.81E-08,2.52E-07,GOOD,1282.087936,10324.85784
21B,Tomatoes,Tulare Lake,1183.07249,97.3922824,54.70338716,2.220206136,168.9385059,111.0103068,1803.712469,1201.075867,0.74,50,0.031709536,0.225440365,0.338554465,2042.950582,1.544716696,2042.950582,0.17,79.8460651,1963.104517,-4.882352941,0.207320202,0.511041207,0.169061838,0.112576753,47.45087378,0.001142239,501328.0291,1183.072274,2626.663703,0.00021576,0.001098852,1.82E-07,4.18E-07,GOOD,97.3922824,1907.495124
21C,Alfalfa,Tulare Lake,2321.888424,279.620574,8.447932227,4.524530937,665.8443229,45.24530937,356.4707563,440.2816103,1.86,10,0.281872792,0.186385019,0.150905255,854.3736596,1.49201919,854.3736596,0.17,79.8460651,774.5275945,-4.882352941,0.020502345,0.968752293,0.004807525,0.005937836,4.170426326,0.00023155,3835027.646,2321.886201,10505.43372,0.002222774,0.022287163,9.57E-07,2.12E-06,GOOD,279.620574,694.9051669
21C,Almonds,Tulare Lake,10968.43863,4875.001978,1.131453803,4.141037405,1199.972919,207.0518702,516.3560009,1661.846397,0.4,50,0.217550368,0.301286212,0.093613311,1930.61234,1.465229462,1930.61234,0.17,79.8460651,1850.766275,-4.882352941,0.01431943,0.97571738,0.002361834,0.007601356,0.532497484,0.000227927,1127441.8,10968.43757,45420.69945,0.001060352,0.015190183,9.67E-08,3.34E-07,GOOD,4875.001978,1280.254671
21C,Berries,Tulare Lake,249.6857048,7027.33636,10.36058171,2.39378705,3293.681493,119.6893525,30337.54741,28199.96017,0.25,50,0.045238346,0.387323291,0.416682812,10856.41414,1.119278377,10856.41414,0.17,79.8460651,10776.56807,-4.882352941,0.174311302,0.104580559,0.373720257,0.347387883,10.13221967,0.01602014,16177.63879,249.685702,597.6942692,2.82E-06,0.000137538,1.13E-08,2.30E-07,GOOD,7027.33636,10689.59267
21C,Corn,Tulare Lake,153.640081,161.4386617,22.01452234,2.280437339,313.2553801,114.021867,310.929404,1985.508048,0.3,50,0.088141761,0.558669338,0.087487293,830.2803255,1.242698865,830.2803255,0.17,79.8460651,750.4342604,-4.882352941,0.116425873,0.649768804,0.031656403,0.20214892,17.87660128,0.021695728,1880.300401,153.6400556,350.3664431,2.54E-05,0.000134421,1.66E-07,3.84E-07,GOOD,161.4386617,684.2824696
21C,Cucurbits,Tulare Lake,548.8050152,654.3961754,16.06524008,2.442132231,492.5857332,122.1066116,6871.292169,2404.357717,0.05,50,0.046854775,0.228702604,0.653597591,622.6894345,1.01234223,622.6894345,0.17,79.8460651,542.8433694,-4.882352941,0.055931315,0.478892632,0.34459694,0.120579113,14.09118967,0.036442816,6.31E-05,548.8049994,1340.254073,1.58E-05,0.000342721,2.88E-08,2.56E-07,GOOD,654.3961754,446.5955544
21C,Field and Grain,Tulare Lake,1449.035877,289.315121,2.652255461,3.261387025,145.2774368,81.53467562,86.9874648,373.6919673,0.74,25,0.189326621,0.486998112,0.113362702,79.8460651,1.06299158,79.8460651,0.17,79.8460651,0,-4.882352941,0.008379855,0.974472106,0.003237966,0.013910073,1.280365197,0.000932587,62495.28586,1449.032555,4725.853567,0.003321624,0.013240536,2.29E-06,2.80E-06,GOOD,289.315121,-104.5353924
21C,Grapes,Tulare Lake,14173.70436,1422.002244,11.72196241,4.00891598,2204.421502,200.445799,7245.758441,5033.018762,0.13,50,0.132249498,0.30194507,0.434693599,1985.012347,1.081128822,1985.012347,0.17,79.8460651,1905.166282,-4.882352941,0.021735984,0.9145582,0.037593072,0.026112744,7.100059424,0.000542717,3522.534665,14173.70403,56821.17542,0.000328855,0.014480889,2.32E-08,2.55E-07,GOOD,1422.002244,1381.887779
21C,Lettuce,Tulare Lake,720.43151,1008,18.9,2.300762612,1600,149.5495698,12500,929,0.25,65,0.083984211,0.048763332,0.656126648,3872.65043,1.195371133,3872.65043,0.17,79.8460651,3792.804365,-4.882352941,0.197977064,0.316219205,0.452196488,0.033607243,17.51259963,0.005552228,18053.12914,720.4314892,1657.541545,2.08E-05,0.000337294,2.89E-08,2.03E-07,GOOD,1008,3678.121941
21C,Onions and Garlic,Tulare Lake,1650.749423,2408.610949,10.63434095,1.253629891,4112.522919,62.68149455,7170.237318,10684.66197,0.41,50,0.160557684,0.417141646,0.279934415,3583.886346,1.107315543,3583.886346,0.17,79.8460651,3504.040281,-4.882352941,0.299002342,0.007342148,0.278560777,0.415094733,10.62363202,0.001477526,454462.7904,1650.749374,2069.428289,4.94E-05,0.000530683,2.99E-08,2.56E-07,GOOD,2408.610949,3567.988445
21C,Orchards,Tulare Lake,2513.259579,2277.681025,7.763328774,3.502172688,2519.675644,175.1086344,6112.909401,6436.827012,0.13,50,0.142496355,0.364024786,0.345706127,2437.865948,1.104683353,2437.865948,0.17,79.8460651,2358.019883,-4.882352941,0.051048113,0.819726473,0.062945007,0.066280407,5.476887004,0.00306069,739.1290665,2513.259532,8801.866862,4.70E-05,0.002193908,1.87E-08,2.49E-07,GOOD,2277.681025,1999.713906
21C,Pasture,Tulare Lake,5.86048671,242.4206904,4.903405501,4.768194291,225.050083,47.68194291,134.7527641,578.8882988,0.51,10,0.189326621,0.486998112,0.113362702,202.3138581,1.147722722,202.3138581,0.17,79.8460651,122.467793,-4.882352941,0.004319593,0.988467259,0.001362017,0.00585113,1.982375428,0.334577043,179.781057,5.860481128,27.94391203,5.58E-06,2.72E-05,9.53E-07,9.75E-07,GOOD,242.4206904,22.639033
21C,Pistachios,Tulare Lake,3348.621351,5088.640658,1.460333567,3.820163692,1937.377826,191.0081846,386.8138231,1917.69532,0.4,50,0.260711671,0.258063009,0.052053284,2998.21761,1.596530034,2998.21761,0.17,79.8460651,2918.371544,-4.882352941,0.035260819,0.948275335,0.00276347,0.013700375,0.800403283,0.000746576,542661.9643,3348.621152,12792.27794,0.000199468,0.003761918,5.96E-08,2.94E-07,GOOD,5088.640658,2459.543262
21C,Potatoes,Tulare Lake,878.4384907,697.8686048,20.75531565,1.233512156,1479.227265,61.6756078,1543.541499,8971.834969,0.41,50,0.10212496,0.619410086,0.106565176,2428.203834,1.144195941,2428.203834,0.17,79.8460651,2348.357769,-4.882352941,0.267730538,0.01177374,0.10576084,0.614734883,20.72313242,0.002776545,122781.1533,878.438439,1083.56425,5.17E-05,0.000306622,5.88E-08,2.83E-07,GOOD,697.8686048,2413.80183
21C,Subtropical,Tulare Lake,22886.23105,1157.720607,15.10914155,3.608433712,3535.76379,180.4216856,7560.067345,2801.501829,0.13,50,0.202134149,0.160157528,0.432197361,3414.409877,1.183370838,3414.409877,0.17,79.8460651,3334.563812,-4.882352941,0.061932082,0.845737341,0.067366764,0.024963814,10.32528883,0.000336111,9435.96895,22886.23074,82583.42745,0.000308532,0.020213446,1.35E-08,2.45E-07,GOOD,1157.720607,2943.79187
21C,Truck,Tulare Lake,2361.541788,1282.087936,19.71342086,1.84535452,1338.105955,92.267726,7420.976145,6020.132457,0.41,50,0.052943262,0.238191489,0.293617021,10402.85678,1.618587754,10402.85678,0.17,79.8460651,10323.01071,-4.882352941,0.43454107,0.067994298,0.274655408,0.222809224,19.44570323,0.00103281,991809.7363,2361.541738,4357.880726,4.96E-05,0.001086804,2.10E-08,2.49E-07,GOOD,1282.087936,10324.85784
21C,Tomatoes,Tulare Lake,1427.251375,97.3922824,54.70338716,2.220206136,168.9385059,111.0103068,1803.712469,1201.075867,0.74,50,0.031709536,0.225440365,0.338554465,2042.950582,1.544716696,2042.950582,0.17,79.8460651,1963.104517,-4.882352941,0.207320202,0.511041207,0.169061838,0.112576753,47.45087378,0.000946821,604799.0507,1427.251075,3168.790861,0.000299507,0.001399562,2.10E-07,4.42E-07,GOOD,97.3922824,1907.495124
3A,Alfalfa,Sacramento River,4077.921662,280.6469987,5.962401488,3.537610105,471.6662224,35.37610105,252.5143029,311.8836593,1.86,10,0.281872792,0.186385019,0.150905255,601.889797,1.487388256,601.889797,0.17,62.62442621,539.2653708,-4.882352941,0.057933256,0.911609636,0.013626653,0.016830455,3.643555099,0.00013184,4756471.263,4077.921637,14426.09664,2.50E-05,0.000236328,6.12E-09,1.64E-08,GOOD,280.6469987,512.1190455
3A,Almonds,Sacramento River,32454.41606,4683.240486,0.738721068,3.971676207,752.6390797,198.5838104,323.8653982,1042.332314,0.4,50,0.217550367,0.301286212,0.093613311,1142.187811,1.421781248,1142.187811,0.17,62.62442621,1079.563385,-4.882352941,0.011138281,0.980830857,0.001903764,0.006127098,0.332646308,7.70E-05,2019143.222,32454.41603,128898.4317,2.61E-05,0.000404635,8.06E-10,3.14E-09,GOOD,4683.240486,552.061027
3A,Beans Dry,Sacramento River,278.1058735,1370.755748,1.280845402,2.293810917,149.5303492,114.6905459,124.7434966,884.8939851,1.68,50,0.085167237,0.504004546,0.071049516,481.8678203,1.312642142,481.8678203,0.17,62.62442621,419.2433941,-4.882352941,0.076566469,0.800999889,0.015127014,0.107306627,0.933034072,0.002140329,162672.5,278.1058715,637.9222859,2.01E-06,2.81E-06,7.22E-09,4.41E-09,GOOD,1370.755748,333.47994
3A,Corn,Sacramento River,4392.81599,229.087221,6.113531918,2.826875063,123.4453601,141.3437532,122.5287567,782.4343077,0.3,50,0.088141761,0.558669339,0.087487293,230.7798599,1.140275745,230.7798599,0.17,62.62442621,168.1554337,-4.882352941,0.014859243,0.947178848,0.005139907,0.032822003,3.421068354,0.000758815,16653.11465,4392.815979,12417.94192,1.14E-05,5.95E-05,2.60E-09,4.79E-09,GOOD,229.087221,-27.437518
3A,Cotton,Sacramento River,280.7883201,1698.847366,0.768,2.633766816,193.801177,131.6883408,102.0653411,580.9116495,0.68,50,0.148539114,0.445240339,0.078228087,296.2482687,1.232153464,296.2482687,0.17,62.62442621,233.6238425,-4.882352941,0.030504037,0.926982792,0.006353247,0.036159924,0.459232949,0.005237355,21501.04152,280.788319,739.5309584,1.14E-06,1.40E-06,4.07E-09,1.89E-09,GOOD,1698.847366,81.10022743
3A,Cucurbits,Sacramento River,1940.016527,202.6283347,12.01,1.97136542,111.9924863,96.81195395,1562.231795,546.6459553,0.05,50,0.046854775,0.228702604,0.653597591,73.83780655,0.98218172,115.8841095,0.17,62.62442621,53.2596833,-4.882352941,0.045157284,0.536935863,0.309580474,0.108326379,10.34510807,0.010309191,4.56E-05,1939.266016,3822.513331,0.750511143,1.968164126,0.000386858,0.000514622,GOOD,202.6283347,21.8443252
3A,Field and Grain,Sacramento River,4775.065228,209.6613847,3.03361867,2.845649619,120.4179202,71.14124048,72.10238442,309.7467197,0.74,25,0.189326621,0.486998112,0.113362702,62.62442621,1.056394644,62.62442621,0.17,62.62442621,0,-4.882352941,0.01487795,0.954084795,0.005860587,0.025176667,1.653693583,0.000283002,167447.3071,4775.065169,13588.16232,5.94E-05,0.000230222,1.24E-08,1.69E-08,GOOD,209.6613847,-68.67737717
3A,Grapes,Sacramento River,117.1201881,1768.088912,10.32652959,2.661751325,5707.511085,133.0875663,6066.297444,4560.422484,0.13,50,0.312599493,0.249773629,0.332250166,1790.903888,1.055957181,1790.903888,0.17,62.62442621,1728.279462,-4.882352941,0.220720588,0.466475188,0.178565303,0.134238921,9.09329252,0.065678751,52.09761007,117.1201881,311.7448183,5.98E-09,-2.40E-06,5.10E-11,7.71E-09,GOOD,1768.088912,1569.745449
3A,Orchards,Sacramento River,1025.92428,2309.334094,2.07088168,3.327741402,681.468536,166.3870701,1653.290347,1740.896727,0.13,50,0.142496355,0.364024786,0.345706127,540.3149882,1.073687064,540.3149882,0.17,62.62442621,477.690562,-4.882352941,0.019222595,0.927375898,0.026011588,0.027389919,1.219081087,0.007497929,74.35773305,1025.92428,3414.010696,3.70E-07,5.89E-06,3.61E-10,1.73E-09,GOOD,2309.334094,153.0089163
3A,Pasture,Sacramento River,5642.199965,231.3889922,5,3.965593094,219.0404801,39.65593094,131.1544068,563.4300116,0.51,10,0.189326621,0.486998112,0.113362702,203.6641316,1.155852829,203.6641316,0.17,62.62442621,141.0397054,-4.882352941,0.012363677,0.96732044,0.003836132,0.016479751,2.499007503,0.000347521,171197.6616,5642.199939,22374.66887,2.59E-05,0.000344483,4.60E-09,1.54E-08,GOOD,231.3889922,86.06077663
3A,Pistachios,Sacramento River,1431.220658,4908.224613,1.249825398,3.663925668,1599.315875,183.1962834,319.3169032,1583.067859,0.4,50,0.260711671,0.258063009,0.052053284,2449.52686,1.585474028,2449.52686,0.17,62.62442621,2386.902434,-4.882352941,0.036882585,0.945787804,0.00290879,0.014420821,0.692253099,0.001746761,190266.0451,1431.220657,5243.886095,5.11E-07,1.07E-05,3.57E-10,2.04E-09,GOOD,4908.224613,1961.505578
3A,Rice,Sacramento River,139101.8114,774.5349774,3.911625416,4.534377778,378.0637021,226.7188889,216.5505211,1737.988565,0.2,50,0.124786237,0.573652143,0.071476115,470.3690261,1.127415808,470.3690261,0.17,62.62442621,407.7445999,-4.882352941,0.002314436,0.992353786,0.000590727,0.004741051,1.464755015,3.59E-05,159040.5191,139101.8113,630740.1604,0.000137192,0.002134756,9.86E-10,3.38E-09,GOOD,774.5349774,-330.9411767
3A,Safflower,Sacramento River,71.98743529,566.272674,1.034446009,2.357007476,114.5737579,23.57007476,66.16231052,248.5120939,0.74,10,0.195592287,0.424242424,0.112947658,132.9602705,1.232026997,132.9602705,0.17,62.62442621,70.33584434,-4.882352941,0.117186722,0.733841187,0.031322337,0.117649754,0.795460769,0.018772045,3413.806458,71.9874347,169.6749359,5.89E-07,-1.28E-05,8.18E-09,7.52E-08,GOOD,566.272674,100.9755029
3A,Subtropical,Sacramento River,926.4934334,1426.122657,2.926176068,2.972946835,843.5231851,148.6473418,1803.596752,668.3511361,0.13,50,0.202134149,0.160157528,0.432197361,708.967574,1.14729554,708.967574,0.17,62.62442621,646.3431478,-4.882352941,0.04513977,0.882986591,0.052440855,0.019432784,1.899693199,0.008302604,85.32728709,926.4934332,2754.415717,2.45E-07,3.87E-06,2.65E-10,1.41E-09,GOOD,1426.122657,415.6942716
3A,Sunflowers,Sacramento River,1497.420933,3637.05749,0.601701512,2.873453662,453.0267168,143.6726831,387.8950797,849.6060148,0.74,50,0.207010582,0.388227513,0.177248677,354.2224966,1.136305643,354.2224966,0.17,62.62442621,291.5980704,-4.882352941,0.030006254,0.923994603,0.014418445,0.031580698,0.359912384,0.000902453,231578.8086,1497.420929,4302.769644,4.25E-06,1.91E-05,2.84E-09,4.45E-09,GOOD,3637.05749,85.05838228
3A,Truck,Sacramento River,298.3816225,742.5153484,22.835,2.662234731,945.7732119,133.1117366,5245.145436,4255.029217,0.41,50,0.055780263,0.25095514,0.309350686,6376.278379,1.526406084,6376.278379,0.17,62.62442621,6313.653953,-4.882352941,0.224008708,0.485345724,0.160468447,0.130177121,19.96250047,0.008174178,78150.88107,298.3816225,794.3619197,4.93E-08,-1.21E-06,1.65E-10,1.52E-09,GOOD,742.5153484,6155.015428
3A,Walnuts,Sacramento River,15703.83532,1941.701849,1.718936287,4.942462794,854.2534686,247.1231397,299.3270611,911.6708835,0.13,50,0.25594369,0.273146576,0.089681664,1025.287214,1.374658568,1025.287214,0.17,62.62442621,962.6627877,-4.882352941,0.003096313,0.994908716,0.000493105,0.001501866,0.59212916,0.000489836,1750.951156,15703.83532,77615.62159,4.83E-06,0.000206946,3.08E-10,2.67E-09,GOOD,1941.701849,51.01343008
3A,Tomatoes,Sacramento River,1963.423885,98.36808723,45.12697659,2.666779844,378.0837203,133.3389922,916.1768531,2411.986977,0.74,50,0.085172131,0.543356034,0.206390095,599.467827,1.101074499,599.467827,0.17,62.62442621,536.8434008,-4.882352941,0.048084345,0.788208095,0.045065413,0.118642147,33.0432184,0.000688263,367706.2587,1963.423881,5236.019221,4.40E-06,2.06E-05,2.24E-09,3.93E-09,GOOD,98.36808723,377.2210824
3B,Alfalfa,Sacramento River,4433.001501,280.6469987,5.962401488,3.537610105,471.6662224,35.37610105,252.5143029,311.8836593,1.86,10,0.281872792,0.186385019,0.150905255,601.889797,1.487388256,601.889797,0.17,62.62442621,539.2653708,-4.882352941,0.057933256,0.911609636,0.013626653,0.016830455,3.643555099,0.00012128,5170634.945,4433.00144,15682.23026,6.12E-05,0.00064259,1.38E-08,4.10E-08,GOOD,280.6469987,512.1190455
3B,Almonds,Sacramento River,94297.53939,4683.240486,0.738721068,3.971676207,752.6390797,198.5838104,323.8653982,1042.332314,0.4,50,0.217550367,0.301286212,0.093613311,1142.187811,1.421781248,1142.187811,0.17,62.62442621,1079.563385,-4.882352941,0.011138281,0.980830857,0.001903764,0.006127098,0.332646308,2.65E-05,5866697.376,94297.53922,374519.2906,0.000173134,0.002953721,1.84E-09,7.89E-09,GOOD,4683.240486,552.061027
3B,Beans Dry,Sacramento River,598.2069923,1370.755748,1.280845402,2.293810917,149.5303492,114.6905459,124.7434966,884.8939851,1.68,50,0.085167237,0.504004546,0.071049516,481.8678203,1.312642142,481.8678203,0.17,62.62442621,419.2433941,-4.882352941,0.076566469,0.800999889,0.015127014,0.107306627,0.933034072,0.000995037,349909.2836,598.206983,1372.173706,9.34E-06,2.31E-05,1.56E-08,1.68E-08,GOOD,1370.755748,333.47994
3B,Berries,Sacramento River,2.38744199,5808.7562,4.15,3.453441036,1090.53087,172.6720518,10044.6968,9336.946257,0.25,50,0.045238346,0.387323291,0.416682812,3461.492251,1.112065325,3461.492251,0.17,62.62442621,3398.867825,-4.882352941,0.046810867,0.75387742,0.103294943,0.096016769,3.118772009,1.675433379,49.76217661,2.387441989,8.244896584,8.22E-10,-6.44E-06,3.44E-10,7.82E-07,GOOD,5808.7562,3037.851554
3B,Corn,Sacramento River,3386.572567,229.087221,6.113531918,2.826875063,123.4453601,141.3437532,122.5287567,782.4343077,0.3,50,0.088141761,0.558669339,0.087487293,230.7798599,1.140275745,230.7798599,0.17,62.62442621,168.1554337,-4.882352941,0.014859243,0.947178848,0.005139907,0.032822003,3.421068354,0.000984279,12838.45746,3386.572548,9573.41743,1.94E-05,0.000108818,5.73E-09,1.14E-08,GOOD,229.087221,-27.437518
3B,Cotton,Sacramento River,1682.380172,1698.847366,0.768,2.633766816,193.801177,131.6883408,102.0653411,580.9116495,0.68,50,0.148539114,0.445240339,0.078228087,296.2482687,1.232153464,296.2482687,0.17,62.62442621,233.6238425,-4.882352941,0.030504037,0.926982792,0.006353247,0.036159924,0.459232949,0.000874112,128826.3198,1682.380157,4430.997008,1.50E-05,6.08E-05,8.94E-09,1.37E-08,GOOD,1698.847366,81.10022743
3B,Cucurbits,Sacramento River,2573.835796,202.6283347,12.01,1.97136542,111.9924863,96.81195395,1562.231795,546.6459553,0.05,50,0.046854775,0.228702604,0.653597591,73.83780655,0.98218172,115.8841095,0.17,62.62442621,53.2596833,-4.882352941,0.045157284,0.536935863,0.309580474,0.108326379,10.34510807,0.007770503,6.04E-05,2572.840085,5071.359686,0.99571088,2.611198496,0.000386859,0.000514626,GOOD,202.6283347,21.8443252
3B,Field and Grain,Sacramento River,18184.28517,209.6613847,3.03361867,2.845649619,120.4179202,71.14124048,72.10238442,309.7467197,0.74,25,0.189326621,0.486998112,0.113362702,62.62442621,1.056394644,62.62442621,0.17,62.62442621,0,-4.882352941,0.01487795,0.954084795,0.005860587,0.025176667,1.653693583,7.43E-05,637668.6888,18184.28467,51746.10209,0.000500112,0.002075551,2.75E-08,4.01E-08,GOOD,209.6613847,-68.67737717
3B,Grapes,Sacramento River,6611.505489,1768.088912,10.32652959,2.661751325,5707.511085,133.0875663,6066.297444,4560.422484,0.13,50,0.312599493,0.249773629,0.332250166,1790.903888,1.055957181,1790.903888,0.17,62.62442621,1728.279462,-4.882352941,0.220720588,0.466475188,0.178565303,0.134238921,9.09329252,0.001163473,2940.941613,6611.505488,17598.1834,7.44E-07,9.71E-05,1.13E-10,5.52E-09,GOOD,1768.088912,1569.745449
3B,Lettuce,Sacramento River,14.04784201,1008,18.9,3.319237614,1600,215.7504449,12500,929,0.25,65,0.083984211,0.048763332,0.656126648,3806.449555,1.190180191,3806.449555,0.17,62.62442621,3743.825129,-4.882352941,0.057321691,0.800297809,0.13253081,0.00984969,13.62008532,0.284741243,347.7633818,14.04784201,46.62813026,4.77E-09,-4.66E-06,3.39E-10,1.00E-07,GOOD,1008,3306.073008
3B,Onions and Garlic,Sacramento River,120.3364612,237.8260314,20.6576823,2.113494575,788.809401,105.6747287,1375.299473,2049.389626,0.41,50,0.160557684,0.417141646,0.279934415,593.7613706,1.083305782,593.7613706,0.17,62.62442621,531.1369444,-4.882352941,0.155554362,0.459130585,0.154736262,0.230578791,18.29565508,0.020268374,5951.324485,120.336461,254.3304624,1.98E-07,-4.51E-06,1.64E-09,1.77E-08,GOOD,237.8260314,476.0931334
3B,Orchards,Sacramento River,877.4776763,2309.334094,2.07088168,3.327741402,681.468536,166.3870701,1653.290347,1740.896727,0.13,50,0.142496355,0.364024786,0.345706127,540.3149882,1.073687064,540.3149882,0.17,62.62442621,477.690562,-4.882352941,0.019222595,0.927375898,0.026011588,0.027389919,1.219081087,0.008766386,63.59850535,877.4776756,2920.01878,7.11E-07,1.32E-05,8.10E-10,4.51E-09,GOOD,2309.334094,153.0089163
3B,Pasture,Sacramento River,4152.018194,231.3889922,5,3.965593094,219.0404801,39.65593094,131.1544068,563.4300116,0.51,10,0.189326621,0.486998112,0.113362702,203.6641316,1.155852829,203.6641316,0.17,62.62442621,141.0397054,-4.882352941,0.012363677,0.96732044,0.003836132,0.016479751,2.499007503,0.000472248,125982.0301,4152.01815,16465.21405,4.35E-05,0.000627684,1.05E-08,3.81E-08,GOOD,231.3889922,86.06077663
3B,Pistachios,Sacramento River,4359.882715,4908.224613,1.249825398,3.663925668,1599.315875,183.1962834,319.3169032,1583.067859,0.4,50,0.260711671,0.258063009,0.052053284,2449.52686,1.585474028,2449.52686,0.17,62.62442621,2386.902434,-4.882352941,0.036882585,0.945787804,0.00290879,0.014420821,0.692253099,0.00057341,579601.5007,4359.882711,15974.28609,3.52E-06,0.000100623,8.08E-10,6.30E-09,GOOD,4908.224613,1961.505578
3B,Rice,Sacramento River,6583.353929,774.5349774,3.911625416,4.534377778,378.0637021,226.7188889,216.5505211,1737.988565,0.2,50,0.124786237,0.573652143,0.071476115,470.3690261,1.127415808,470.3690261,0.17,62.62442621,407.7445999,-4.882352941,0.002314436,0.992353786,0.000590727,0.004741051,1.464755015,0.000759491,7527.004975,6583.353914,29851.41351,1.50E-05,0.000245638,2.27E-09,8.23E-09,GOOD,774.5349774,-330.9411767
3B,Safflower,Sacramento River,772.1394843,566.272674,1.034446009,2.357007476,114.5737579,23.57007476,66.16231052,248.5120939,0.74,10,0.195592287,0.424242424,0.112947658,132.9602705,1.232026997,132.9602705,0.17,62.62442621,70.33584434,-4.882352941,0.117186722,0.733841187,0.031322337,0.117649754,0.795460769,0.001750139,36616.59493,772.1394705,1819.938483,1.38E-05,5.40E-05,1.79E-08,2.97E-08,GOOD,566.272674,100.9755029
3B,Subtropical,Sacramento River,7526.321481,1426.122657,2.926176068,2.972946835,843.5231851,148.6473418,1803.596752,668.3511361,0.13,50,0.202134149,0.160157528,0.432197361,708.967574,1.14729554,708.967574,0.17,62.62442621,646.3431478,-4.882352941,0.04513977,0.882986591,0.052440855,0.019432784,1.899693199,0.001022054,693.1518029,7526.321477,22375.35349,4.42E-06,0.000139353,5.88E-10,6.23E-09,GOOD,1426.122657,415.6942716
3B,Sunflowers,Sacramento River,8323.694569,3637.05749,0.601701512,2.873453662,453.0267168,143.6726831,387.8950797,849.6060148,0.74,50,0.207010582,0.388227513,0.177248677,354.2224966,1.136305643,354.2224966,0.17,62.62442621,291.5980704,-4.882352941,0.030006254,0.923994603,0.014418445,0.031580698,0.359912384,0.00016235,1287274.158,8323.694517,23917.75035,5.23E-05,0.00028988,6.28E-09,1.21E-08,GOOD,3637.05749,85.05838228
3B,Truck,Sacramento River,1136.469529,742.5153484,22.835,2.662234731,945.7732119,133.1117366,5245.145436,4255.029217,0.41,50,0.055780263,0.25095514,0.309350686,6376.278379,1.526406084,6376.278379,0.17,62.62442621,6313.653953,-4.882352941,0.224008708,0.485345724,0.160468447,0.130177121,19.96250047,0.002146141,297659.4009,1136.469529,3025.548639,4.13E-07,1.22E-05,3.63E-10,4.04E-09,GOOD,742.5153484,6155.015428
3B,Walnuts,Sacramento River,10361.13005,1941.701849,1.718936287,4.942462794,854.2534686,247.1231397,299.3270611,911.6708835,0.13,50,0.25594369,0.273146576,0.089681664,1025.287214,1.374658568,1025.287214,0.17,62.62442621,962.6627877,-4.882352941,0.003096313,0.994908716,0.000493105,0.001501866,0.59212916,0.00074242,1155.248528,10361.13004,51209.49943,7.40E-06,0.000346155,7.15E-10,6.76E-09,GOOD,1941.701849,51.01343008
3B,Tomatoes,Sacramento River,11778.1278,98.36808723,45.12697659,2.666779844,378.0837203,133.3389922,916.1768531,2411.986977,0.74,50,0.085172131,0.543356034,0.206390095,599.467827,1.101074499,599.467827,0.17,62.62442621,536.8434008,-4.882352941,0.048084345,0.788208095,0.045065413,0.118642147,33.0432184,0.000114734,2205785.18,11778.12774,31409.67348,5.80E-05,0.000333351,4.92E-09,1.06E-08,GOOD,98.36808723,377.2210824
4,Alfalfa,Sacramento River,7794.661126,280.6469987,5.962401488,3.537610105,471.6662224,35.37610105,252.5143029,311.8836593,1.86,10,0.281872792,0.186385019,0.150905255,601.889797,1.487388256,601.889797,0.17,62.62442621,539.2653708,-4.882352941,0.057933256,0.911609636,0.013626653,0.016830455,3.643555099,6.90E-05,9091661.078,7794.661049,27574.47109,7.70E-05,0.000876132,9.88E-09,3.18E-08,GOOD,280.6469987,512.1190455
4,Almonds,Sacramento River,4581.463992,4683.240486,0.738721068,3.971676207,752.6390797,198.5838104,323.8653982,1042.332314,0.4,50,0.217550367,0.301286212,0.093613311,1142.187811,1.421781248,1142.187811,0.17,62.62442621,1079.563385,-4.882352941,0.011138281,0.980830857,0.001903764,0.006127098,0.332646308,0.000545677,285034.6144,4581.463986,18196.09143,6.07E-06,0.000104588,1.33E-09,5.75E-09,GOOD,4683.240486,552.061027
4,Beans Dry,Sacramento River,7873.752261,1370.755748,1.280845402,2.293810917,149.5303492,114.6905459,124.7434966,884.8939851,1.68,50,0.085167237,0.504004546,0.071049516,481.8678203,1.312642142,481.8678203,0.17,62.62442621,419.2433941,-4.882352941,0.076566469,0.800999889,0.015127014,0.107306627,0.933034072,7.56E-05,4605594.8,7873.752176,18060.89862,8.49E-05,0.000275197,1.08E-08,1.52E-08,GOOD,1370.755748,333.47994
4,Corn,Sacramento River,10015.70748,229.087221,6.113531918,2.826875063,123.4453601,141.3437532,122.5287567,782.4343077,0.3,50,0.088141761,0.558669339,0.087487293,230.7798599,1.140275745,230.7798599,0.17,62.62442621,168.1554337,-4.882352941,0.014859243,0.947178848,0.005139907,0.032822003,3.421068354,0.000332811,37969.4313,10015.70744,28313.15346,4.04E-05,0.000249278,4.03E-09,8.80E-09,GOOD,229.087221,-27.437518
4,Cotton,Sacramento River,1256.323403,1698.847366,0.768,2.633766816,193.801177,131.6883408,102.0653411,580.9116495,0.68,50,0.148539114,0.445240339,0.078228087,296.2482687,1.232153464,296.2482687,0.17,62.62442621,233.6238425,-4.882352941,0.030504037,0.926982792,0.006353247,0.036159924,0.459232949,0.001170549,96201.5145,1256.323395,3308.862859,7.85E-06,3.03E-05,6.24E-09,9.15E-09,GOOD,1698.847366,81.10022743
4,Cucurbits,Sacramento River,5113.150981,202.6283347,12.01,1.97136542,111.9924863,96.81195395,1562.231795,546.6459553,0.05,50,0.046854775,0.228702604,0.653597591,73.83780655,0.98218172,115.8841095,0.17,62.62442621,53.2596833,-4.882352941,0.045157284,0.536935863,0.309580474,0.108326379,10.34510807,0.003911482,0.000120079,5111.172916,10074.70166,1.97806523,5.187366196,0.000386858,0.000514625,GOOD,202.6283347,21.8443252
4,Field and Grain,Sacramento River,12705.13381,209.6613847,3.03361867,2.845649619,120.4179202,71.14124048,72.10238442,309.7467197,0.74,25,0.189326621,0.486998112,0.113362702,62.62442621,1.056394644,62.62442621,0.17,62.62442621,0,-4.882352941,0.01487795,0.954084795,0.005860587,0.025176667,1.653693583,0.000106363,445531.1794,12705.13356,36154.35813,0.000245738,0.001052627,1.93E-08,2.91E-08,GOOD,209.6613847,-68.67737717
4,Onions and Garlic,Sacramento River,31.90768587,237.8260314,20.6576823,2.113494575,788.809401,105.6747287,1375.299473,2049.389626,0.41,50,0.160557684,0.417141646,0.279934415,593.7613706,1.083305782,593.7613706,0.17,62.62442621,531.1369444,-4.882352941,0.155554362,0.459130585,0.154736262,0.230578791,18.29565508,0.076440028,1578.017089,31.90768584,67.43672702,3.50E-08,-6.03E-06,1.10E-09,8.94E-08,GOOD,237.8260314,476.0931334
4,Orchards,Sacramento River,2542.791189,2309.334094,2.07088168,3.327741402,681.468536,166.3870701,1653.290347,1740.896727,0.13,50,0.142496355,0.364024786,0.345706127,540.3149882,1.073687064,540.3149882,0.17,62.62442621,477.690562,-4.882352941,0.019222595,0.927375898,0.026011588,0.027389919,1.219081087,0.003025143,184.2983855,2542.791188,8461.751478,1.47E-06,3.79E-05,5.77E-10,4.48E-09,GOOD,2309.334094,153.0089163
4,Pasture,Sacramento River,2392.91361,231.3889922,5,3.965593094,219.0404801,39.65593094,131.1544068,563.4300116,0.51,10,0.189326621,0.486998112,0.113362702,203.6641316,1.155852829,203.6641316,0.17,62.62442621,141.0397054,-4.882352941,0.012363677,0.96732044,0.003836132,0.016479751,2.499007503,0.000819413,72606.64581,2392.913592,9489.321425,1.81E-05,0.000261035,7.56E-09,2.75E-08,GOOD,231.3889922,86.06077663
4,Rice,Sacramento River,113471.8699,774.5349774,3.911625416,4.534377778,378.0637021,226.7188889,216.5505211,1737.988565,0.2,50,0.124786237,0.573652143,0.071476115,470.3690261,1.127415808,470.3690261,0.17,62.62442621,407.7445999,-4.882352941,0.002314436,0.992353786,0.000590727,0.004741051,1.464755015,4.41E-05,129736.8087,113471.8697,514524.3219,0.000187945,0.00335565,1.66E-09,6.52E-09,GOOD,774.5349774,-330.9411767
4,Safflower,Sacramento River,2635.482416,566.272674,1.034446009,2.357007476,114.5737579,23.57007476,66.16231052,248.5120939,0.74,10,0.195592287,0.424242424,0.112947658,132.9602705,1.232026997,132.9602705,0.17,62.62442621,70.33584434,-4.882352941,0.117186722,0.733841187,0.031322337,0.117649754,0.795460769,0.000512753,124980.5172,2635.482383,6211.851567,3.26E-05,0.000190136,1.24E-08,3.06E-08,GOOD,566.272674,100.9755029
4,Subtropical,Sacramento River,205.9524666,1426.122657,2.926176068,2.972946835,843.5231851,148.6473418,1803.596752,668.3511361,0.13,50,0.202134149,0.160157528,0.432197361,708.967574,1.14729554,708.967574,0.17,62.62442621,646.3431478,-4.882352941,0.04513977,0.882986591,0.052440855,0.019432784,1.899693199,0.037349918,18.96760906,205.9524665,612.2857371,8.51E-08,-3.39E-06,4.13E-10,5.54E-09,GOOD,1426.122657,415.6942716
4,Sunflowers,Sacramento River,17788.77638,3637.05749,0.601701512,2.873453662,453.0267168,143.6726831,387.8950797,849.6060148,0.74,50,0.207010582,0.388227513,0.177248677,354.2224966,1.136305643,354.2224966,0.17,62.62442621,291.5980704,-4.882352941,0.030006254,0.923994603,0.014418445,0.031580698,0.359912384,7.60E-05,2751065.882,17788.7763,51115.22417,7.86E-05,0.000466116,4.42E-09,9.12E-09,GOOD,3637.05749,85.05838228
4,Truck,Sacramento River,122.7592553,742.5153484,22.835,2.662234731,945.7732119,133.1117366,5245.145436,4255.029217,0.41,50,0.055780263,0.25095514,0.309350686,6376.278379,1.526406084,6376.278379,0.17,62.62442621,6313.653953,-4.882352941,0.224008708,0.485345724,0.160468447,0.130177121,19.96250047,0.019868354,32152.59667,122.7592553,326.8139578,3.10E-08,-4.76E-06,2.53E-10,1.46E-08,GOOD,742.5153484,6155.015428
4,Walnuts,Sacramento River,41990.71722,1941.701849,1.718936287,4.942462794,854.2534686,247.1231397,299.3270611,911.6708835,0.13,50,0.25594369,0.273146576,0.089681664,1025.287214,1.374658568,1025.287214,0.17,62.62442621,962.6627877,-4.882352941,0.003096313,0.994908716,0.000493105,0.001501866,0.59212916,0.000183191,4681.894158,41990.7172,207537.5564,2.20E-05,0.001113508,5.23E-10,5.37E-09,GOOD,1941.701849,51.01343008
4,Tomatoes,Sacramento River,24558.41527,98.36808723,45.12697659,2.666779844,378.0837203,133.3389922,916.1768531,2411.986977,0.74,50,0.085172131,0.543356034,0.206390095,599.467827,1.101074499,599.467827,0.17,62.62442621,536.8434008,-4.882352941,0.048084345,0.788208095,0.045065413,0.118642147,33.0432184,5.50E-05,4599252.901,24558.41519,65491.88632,8.45E-05,0.000523711,3.44E-09,8.00E-09,GOOD,98.36808723,377.2210824
5,Alfalfa,Sacramento River,938.6716029,280.6469987,5.962401488,3.537610105,471.6662224,35.37610105,252.5143029,311.8836593,1.86,10,0.281872792,0.186385019,0.150905255,601.889797,1.487388256,601.889797,0.17,62.62442621,539.2653708,-4.882352941,0.057933256,0.911609636,0.013626653,0.016830455,3.643555099,0.000572761,1094862.745,938.6715106,3320.653114,9.23E-05,0.001033889,9.83E-08,3.11E-07,GOOD,280.6469987,512.1190455
5,Almonds,Sacramento River,37953.48043,4683.240486,0.738721068,3.971676207,752.6390797,198.5838104,323.8653982,1042.332314,0.4,50,0.217550367,0.301286212,0.093613311,1142.187811,1.421781248,1142.187811,0.17,62.62442621,1079.563385,-4.882352941,0.011138281,0.980830857,0.001903764,0.006127098,0.332646308,6.59E-05,2361266.11,37953.47993,150738.9262,0.000499363,0.008948059,1.32E-08,5.94E-08,GOOD,4683.240486,552.061027
5,Beans Dry,Sacramento River,1543.633403,1370.755748,1.280845402,2.293810917,149.5303492,114.6905459,124.7434966,884.8939851,1.68,50,0.085167237,0.504004546,0.071049516,481.8678203,1.312642142,481.8678203,0.17,62.62442621,419.2433941,-4.882352941,0.076566469,0.800999889,0.015127014,0.107306627,0.933034072,0.000385608,902917.6609,1543.633235,3540.802609,0.000167622,0.00054292,1.09E-07,1.53E-07,GOOD,1370.755748,333.47994
5,Berries,Sacramento River,16.22204085,5808.7562,4.15,3.453441036,1090.53087,172.6720518,10044.6968,9336.946257,0.25,50,0.045238346,0.387323291,0.416682812,3461.492251,1.112065325,3461.492251,0.17,62.62442621,3398.867825,-4.882352941,0.046810867,0.75387742,0.103294943,0.096016769,3.118772009,0.246578099,338.1209115,16.2220408,56.02186525,4.94E-08,-3.69E-06,3.05E-09,6.59E-08,GOOD,5808.7562,3037.851554
5,Corn,Sacramento River,1094.294324,229.087221,6.113531918,2.826875063,123.4453601,141.3437532,122.5287567,782.4343077,0.3,50,0.088141761,0.558669339,0.087487293,230.7798599,1.140275745,230.7798599,0.17,62.62442621,168.1554337,-4.882352941,0.014859243,0.947178848,0.005139907,0.032822003,3.421068354,0.003046103,4148.457135,1094.29428,3093.433068,4.42E-05,0.000267832,4.04E-08,8.66E-08,GOOD,229.087221,-27.437518
5,Cucurbits,Sacramento River,527.730521,202.6283347,12.01,1.97136542,111.9924863,96.81195395,1562.231795,546.6459553,0.05,50,0.046854775,0.228702604,0.653597591,73.83780655,0.98218172,115.8841095,0.17,62.62442621,53.2596833,-4.882352941,0.045157284,0.536935863,0.309580474,0.108326379,10.34510807,0.03789813,1.24E-05,527.5263602,1039.814267,0.204160823,0.53543353,0.000386866,0.000514667,GOOD,202.6283347,21.8443252
5,Field and Grain,Sacramento River,8005.963931,209.6613847,3.03361867,2.845649619,120.4179202,71.14124048,72.10238442,309.7467197,0.74,25,0.189326621,0.486998112,0.113362702,62.62442621,1.056394644,62.62442621,0.17,62.62442621,0,-4.882352941,0.01487795,0.954084795,0.005860587,0.025176667,1.653693583,0.000168793,280745.296,8005.962381,22782.16158,0.001549985,0.006633042,1.94E-07,2.91E-07,GOOD,209.6613847,-68.67737717
5,Grapes,Sacramento River,213.931759,1768.088912,10.32652959,2.661751325,5707.511085,133.0875663,6066.297444,4560.422484,0.13,50,0.312599493,0.249773629,0.332250166,1790.903888,1.055957181,1790.903888,0.17,62.62442621,1728.279462,-4.882352941,0.220720588,0.466475188,0.178565303,0.134238921,9.09329252,0.035956829,95.16150497,213.9317588,569.4331238,1.69E-07,1.91E-05,7.89E-10,3.36E-08,GOOD,1768.088912,1569.745449
5,Orchards,Sacramento River,42051.93875,2309.334094,2.07088168,3.327741402,681.468536,166.3870701,1653.290347,1740.896727,0.13,50,0.142496355,0.364024786,0.345706127,540.3149882,1.073687064,540.3149882,0.17,62.62442621,477.690562,-4.882352941,0.019222595,0.927375898,0.026011588,0.027389919,1.219081087,0.000182924,3047.872925,42051.93851,139937.9705,0.000241933,0.007118876,5.75E-09,5.09E-08,GOOD,2309.334094,153.0089163
5,Pasture,Sacramento River,10510.68152,231.3889922,5,3.965593094,219.0404801,39.65593094,131.1544068,563.4300116,0.51,10,0.189326621,0.486998112,0.113362702,203.6641316,1.155852829,203.6641316,0.17,62.62442621,141.0397054,-4.882352941,0.012363677,0.96732044,0.003836132,0.016479751,2.499007503,0.000186552,318918.8808,10510.68073,41681.07354,0.000789391,0.01250551,7.51E-08,3.00E-07,GOOD,231.3889922,86.06077663
5,Pistachios,Sacramento River,488.9088301,4908.224613,1.249825398,3.663925668,1599.315875,183.1962834,319.3169032,1583.067859,0.4,50,0.260711671,0.258063009,0.052053284,2449.52686,1.585474028,2449.52686,0.17,62.62442621,2386.902434,-4.882352941,0.036882585,0.945787804,0.00290879,0.014420821,0.692253099,0.005113428,64995.39326,488.9088273,1791.325528,2.82E-06,8.44E-05,5.77E-09,4.71E-08,GOOD,4908.224613,1961.505578
5,Rice,Sacramento River,163628.855,774.5349774,3.911625416,4.534377778,378.0637021,226.7188889,216.5505211,1737.988565,0.2,50,0.124786237,0.573652143,0.071476115,470.3690261,1.127415808,470.3690261,0.17,62.62442621,407.7445999,-4.882352941,0.002314436,0.992353786,0.000590727,0.004741051,1.464755015,3.06E-05,187083.2434,163628.8523,741954.9968,0.002682356,0.0471167,1.64E-08,6.35E-08,GOOD,774.5349774,-330.9411767
5,Safflower,Sacramento River,538.2207607,566.272674,1.034446009,2.357007476,114.5737579,23.57007476,66.16231052,248.5120939,0.74,10,0.195592287,0.424242424,0.112947658,132.9602705,1.232026997,132.9602705,0.17,62.62442621,70.33584434,-4.882352941,0.117186722,0.733841187,0.031322337,0.117649754,0.795460769,0.002510775,25523.64175,538.2206937,1268.589943,6.70E-05,0.000413219,1.24E-07,3.26E-07,GOOD,566.272674,100.9755029
5,Subtropical,Sacramento River,5106.335123,1426.122657,2.926176068,2.972946835,843.5231851,148.6473418,1803.596752,668.3511361,0.13,50,0.202134149,0.160157528,0.432197361,708.967574,1.14729554,708.967574,0.17,62.62442621,646.3431478,-4.882352941,0.04513977,0.882986591,0.052440855,0.019432784,1.899693199,0.001506424,470.2782635,5106.335102,15180.8621,2.12E-05,0.000742671,4.15E-09,4.89E-08,GOOD,1426.122657,415.6942716
5,Sunflowers,Sacramento River,731.92811,3637.05749,0.601701512,2.873453662,453.0267168,143.6726831,387.8950797,849.6060148,0.74,50,0.207010582,0.388227513,0.177248677,354.2224966,1.136305643,354.2224966,0.17,62.62442621,291.5980704,-4.882352941,0.030006254,0.923994603,0.014418445,0.031580698,0.359912384,0.00184629,113193.983,731.9280776,2103.161324,3.24E-05,0.000184412,4.42E-08,8.77E-08,GOOD,3637.05749,85.05838228
5,Truck,Sacramento River,358.9825436,742.5153484,22.835,2.662234731,945.7732119,133.1117366,5245.145436,4255.029217,0.41,50,0.055780263,0.25095514,0.309350686,6376.278379,1.526406084,6376.278379,0.17,62.62442621,6313.653953,-4.882352941,0.224008708,0.485345724,0.160468447,0.130177121,19.96250047,0.00679427,94023.2238,358.9825427,955.6957573,9.15E-07,3.81E-05,2.55E-09,3.99E-08,GOOD,742.5153484,6155.015428
5,Walnuts,Sacramento River,66937.28676,1941.701849,1.718936287,4.942462794,854.2534686,247.1231397,299.3270611,911.6708835,0.13,50,0.25594369,0.273146576,0.089681664,1025.287214,1.374658568,1025.287214,0.17,62.62442621,962.6627877,-4.882352941,0.003096313,0.994908716,0.000493105,0.001501866,0.59212916,0.000114918,7463.394592,66937.28641,330835.0321,0.000346186,0.017279737,5.17E-09,5.22E-08,GOOD,1941.701849,51.01343008
5,Tomatoes,Sacramento River,1175.142397,98.36808723,45.12697659,2.666779844,378.0837203,133.3389922,916.1768531,2411.986977,0.74,50,0.085172131,0.543356034,0.206390095,599.467827,1.101074499,599.467827,0.17,62.62442621,536.8434008,-4.882352941,0.048084345,0.788208095,0.045065413,0.118642147,33.0432184,0.001149947,220078.4138,1175.142356,3133.845816,4.06E-05,0.000242532,3.45E-08,7.74E-08,GOOD,98.36808723,377.2210824
6,Alfalfa,Sacramento River,30962.24131,280.6469987,5.962401488,3.537610105,471.6662224,35.37610105,252.5143029,311.8836593,1.86,10,0.281872792,0.186385019,0.150905255,601.889797,1.487388256,601.889797,0.17,62.62442621,539.2653708,-4.882352941,0.057933256,0.911609636,0.013626653,0.016830455,3.643555099,1.74E-05,36114232.5,30962.24121,109532.3368,1.00E-04,0.000943474,3.23E-09,8.61E-09,GOOD,280.6469987,512.1190455
6,Almonds,Sacramento River,42570.6323,4683.240486,0.738721068,3.971676207,752.6390797,198.5838104,323.8653982,1042.332314,0.4,50,0.217550367,0.301286212,0.093613311,1142.187811,1.421781248,1142.187811,0.17,62.62442621,1079.563385,-4.882352941,0.011138281,0.980830857,0.001903764,0.006127098,0.332646308,5.87E-05,2648521.037,42570.63228,169076.7672,1.80E-05,0.000262318,4.23E-10,1.55E-09,GOOD,4683.240486,552.061027
6,Beans Dry,Sacramento River,2816.036415,1370.755748,1.280845402,2.293810917,149.5303492,114.6905459,124.7434966,884.8939851,1.68,50,0.085167237,0.504004546,0.071049516,481.8678203,1.312642142,481.8678203,0.17,62.62442621,419.2433941,-4.882352941,0.076566469,0.800999889,0.015127014,0.107306627,0.933034072,0.000211374,1647184.499,2816.036404,6459.455042,1.10E-05,2.94E-05,3.90E-09,4.55E-09,GOOD,1370.755748,333.47994
6,Berries,Sacramento River,13.28750641,5808.7562,4.15,3.453441036,1090.53087,172.6720518,10044.6968,9336.946257,0.25,50,0.045238346,0.387323291,0.416682812,3461.492251,1.112065325,3461.492251,0.17,62.62442621,3398.867825,-4.882352941,0.046810867,0.75387742,0.103294943,0.096016769,3.118772009,0.301034662,276.9555212,13.28750641,45.88762296,1.24E-09,-3.06E-06,9.34E-11,6.67E-08,GOOD,5808.7562,3037.851554
6,Corn,Sacramento River,8080.235918,229.087221,6.113531918,2.826875063,123.4453601,141.3437532,122.5287567,782.4343077,0.3,50,0.088141761,0.558669339,0.087487293,230.7798599,1.140275745,230.7798599,0.17,62.62442621,168.1554337,-4.882352941,0.014859243,0.947178848,0.005139907,0.032822003,3.421068354,0.000412529,30632.08098,8080.235907,22841.81736,1.12E-05,5.57E-05,1.39E-09,2.44E-09,GOOD,229.087221,-27.437518
6,Cucurbits,Sacramento River,3209.13723,202.6283347,12.01,1.97136542,111.9924863,96.81195395,1562.231795,546.6459553,0.05,50,0.046854775,0.228702604,0.653597591,73.83780655,0.98218172,115.8841095,0.17,62.62442621,53.2596833,-4.882352941,0.045157284,0.536935863,0.309580474,0.108326379,10.34510807,0.006232205,7.54E-05,3207.89575,6323.126472,1.241479981,3.255691735,0.000386858,0.000514621,GOOD,202.6283347,21.8443252
6,Field and Grain,Sacramento River,47807.28798,209.6613847,3.03361867,2.845649619,120.4179202,71.14124048,72.10238442,309.7467197,0.74,25,0.189326621,0.486998112,0.113362702,62.62442621,1.056394644,62.62442621,0.17,62.62442621,0,-4.882352941,0.01487795,0.954084795,0.005860587,0.025176667,1.653693583,2.83E-05,1676459.116,47807.28766,136042.7896,0.000317695,0.001228648,6.65E-09,9.03E-09,GOOD,209.6613847,-68.67737717
6,Grapes,Sacramento River,4019.630882,1768.088912,10.32652959,2.661751325,5707.511085,133.0875663,6066.297444,4560.422484,0.13,50,0.312599493,0.249773629,0.332250166,1790.903888,1.055957181,1790.903888,0.17,62.62442621,1728.279462,-4.882352941,0.220720588,0.466475188,0.178565303,0.134238921,9.09329252,0.001913685,1788.019348,4019.630882,10699.25782,1.10E-07,8.84E-06,2.75E-11,8.26E-10,GOOD,1768.088912,1569.745449
6,Lettuce,Sacramento River,29.46165931,1008,18.9,3.319237614,1600,215.7504449,12500,929,0.25,65,0.083984211,0.048763332,0.656126648,3806.449555,1.190180191,3806.449555,0.17,62.62442621,3743.825129,-4.882352941,0.057321691,0.800297809,0.13253081,0.00984969,13.62008532,0.135769678,729.3423622,29.46165931,97.79025007,2.36E-09,-2.32E-06,8.01E-11,2.37E-08,GOOD,1008,3306.073008
6,Onions and Garlic,Sacramento River,158.0376387,237.8260314,20.6576823,2.113494575,788.809401,105.6747287,1375.299473,2049.389626,0.41,50,0.160557684,0.417141646,0.279934415,593.7613706,1.083305782,593.7613706,0.17,62.62442621,531.1369444,-4.882352941,0.155554362,0.459130585,0.154736262,0.230578791,18.29565508,0.015433187,7815.862785,158.0376386,334.0116947,6.56E-08,-2.65E-06,4.15E-10,7.95E-09,GOOD,237.8260314,476.0931334
6,Orchards,Sacramento River,4275.152369,2309.334094,2.07088168,3.327741402,681.468536,166.3870701,1653.290347,1740.896727,0.13,50,0.142496355,0.364024786,0.345706127,540.3149882,1.073687064,540.3149882,0.17,62.62442621,477.690562,-4.882352941,0.019222595,0.927375898,0.026011588,0.027389919,1.219081087,0.001799306,309.8577983,4275.152368,14226.60152,8.17E-07,1.55E-05,1.91E-10,1.09E-09,GOOD,2309.334094,153.0089163
6,Pasture,Sacramento River,23300.63438,231.3889922,5,3.965593094,219.0404801,39.65593094,131.1544068,563.4300116,0.51,10,0.189326621,0.486998112,0.113362702,203.6641316,1.155852829,203.6641316,0.17,62.62442621,141.0397054,-4.882352941,0.012363677,0.96732044,0.003836132,0.016479751,2.499007503,8.42E-05,706996.2327,23300.63432,92400.83406,5.62E-05,0.000724753,2.41E-09,7.84E-09,GOOD,231.3889922,86.06077663
6,Pistachios,Sacramento River,4222.464934,4908.224613,1.249825398,3.663925668,1599.315875,183.1962834,319.3169032,1583.067859,0.4,50,0.260711671,0.258063009,0.052053284,2449.52686,1.585474028,2449.52686,0.17,62.62442621,2386.902434,-4.882352941,0.036882585,0.945787804,0.00290879,0.014420821,0.692253099,0.000592071,561333.2221,4222.464933,15470.79764,7.94E-07,1.70E-05,1.88E-10,1.10E-09,GOOD,4908.224613,1961.505578
6,Rice,Sacramento River,14404.07892,774.5349774,3.911625416,4.534377778,378.0637021,226.7188889,216.5505211,1737.988565,0.2,50,0.124786237,0.573652143,0.071476115,470.3690261,1.127415808,470.3690261,0.17,62.62442621,407.7445999,-4.882352941,0.002314436,0.992353786,0.000590727,0.004741051,1.464755015,0.000347124,16468.74448,14404.07891,65313.53526,7.41E-06,0.000106646,5.14E-10,1.63E-09,GOOD,774.5349774,-330.9411767
6,Safflower,Sacramento River,6845.820131,566.272674,1.034446009,2.357007476,114.5737579,23.57007476,66.16231052,248.5120939,0.74,10,0.195592287,0.424242424,0.112947658,132.9602705,1.232026997,132.9602705,0.17,62.62442621,70.33584434,-4.882352941,0.117186722,0.733841187,0.031322337,0.117649754,0.795460769,0.000197398,324644.2227,6845.820101,16135.64908,3.05E-05,0.000146638,4.45E-09,9.09E-09,GOOD,566.272674,100.9755029
6,Subtropical,Sacramento River,2457.850744,1426.122657,2.926176068,2.972946835,843.5231851,148.6473418,1803.596752,668.3511361,0.13,50,0.202134149,0.160157528,0.432197361,708.967574,1.14729554,708.967574,0.17,62.62442621,646.3431478,-4.882352941,0.04513977,0.882986591,0.052440855,0.019432784,1.899693199,0.003129689,226.3607366,2457.850744,7307.059584,3.46E-07,6.02E-06,1.41E-10,8.24E-10,GOOD,1426.122657,415.6942716
6,Sunflowers,Sacramento River,19373.47948,3637.05749,0.601701512,2.873453662,453.0267168,143.6726831,387.8950797,849.6060148,0.74,50,0.207010582,0.388227513,0.177248677,354.2224966,1.136305643,354.2224966,0.17,62.62442621,291.5980704,-4.882352941,0.030006254,0.923994603,0.014418445,0.031580698,0.359912384,6.98E-05,2996143.033,19373.47945,55668.79541,2.93E-05,0.000145504,1.51E-09,2.61E-09,GOOD,3637.05749,85.05838228
6,Truck,Sacramento River,3051.29663,742.5153484,22.835,2.662234731,945.7732119,133.1117366,5245.145436,4255.029217,0.41,50,0.055780263,0.25095514,0.309350686,6376.278379,1.526406084,6376.278379,0.17,62.62442621,6313.653953,-4.882352941,0.224008708,0.485345724,0.160468447,0.130177121,19.96250047,0.00079934,799182.9994,3051.29663,8123.267857,2.71E-07,6.46E-06,8.87E-11,7.96E-10,GOOD,742.5153484,6155.015428
6,Walnuts,Sacramento River,27820.16047,1941.701849,1.718936287,4.942462794,854.2534686,247.1231397,299.3270611,911.6708835,0.13,50,0.25594369,0.273146576,0.089681664,1025.287214,1.374658568,1025.287214,0.17,62.62442621,962.6627877,-4.882352941,0.003096313,0.994908716,0.000493105,0.001501866,0.59212916,0.000276501,3101.900977,27820.16047,137500.1079,4.45E-06,0.000179356,1.60E-10,1.30E-09,GOOD,1941.701849,51.01343008
6,Tomatoes,Sacramento River,26420.49272,98.36808723,45.12697659,2.666779844,378.0837203,133.3389922,916.1768531,2411.986977,0.74,50,0.085172131,0.543356034,0.206390095,599.467827,1.101074499,599.467827,0.17,62.62442621,536.8434008,-4.882352941,0.048084345,0.788208095,0.045065413,0.118642147,33.0432184,5.11E-05,4947979.194,26420.49269,70457.63729,3.17E-05,0.000160061,1.20E-09,2.27E-09,GOOD,98.36808723,377.2210824
7,Alfalfa,Sacramento River,3440.350038,280.6469987,5.962401488,3.537610105,471.6662224,35.37610105,252.5143029,311.8836593,1.86,10,0.281872792,0.186385019,0.150905255,601.889797,1.487388256,601.889797,0.17,62.62442621,539.2653708,-4.882352941,0.057933256,0.911609636,0.013626653,0.016830455,3.643555099,0.000156273,4012810.311,3440.349779,12170.61428,0.000258934,0.002780419,7.53E-08,2.28E-07,GOOD,280.6469987,512.1190455
7,Almonds,Sacramento River,4182.364391,4683.240486,0.738721068,3.971676207,752.6390797,198.5838104,323.8653982,1042.332314,0.4,50,0.217550367,0.301286212,0.093613311,1142.187811,1.421781248,1142.187811,0.17,62.62442621,1079.563385,-4.882352941,0.011138281,0.980830857,0.001903764,0.006127098,0.332646308,0.000597748,260204.7345,4182.364349,16610.99645,4.18E-05,0.000695568,9.99E-09,4.19E-08,GOOD,4683.240486,552.061027
7,Beans Dry,Sacramento River,431.3635937,1370.755748,1.280845402,2.293810917,149.5303492,114.6905459,124.7434966,884.8939851,1.68,50,0.085167237,0.504004546,0.071049516,481.8678203,1.312642142,481.8678203,0.17,62.62442621,419.2433941,-4.882352941,0.076566469,0.800999889,0.015127014,0.107306627,0.933034072,0.001379899,252317.5556,431.3635565,989.4664065,3.72E-05,0.000113937,8.61E-08,1.15E-07,GOOD,1370.755748,333.47994
7,Berries,Sacramento River,26.95790066,5808.7562,4.15,3.453441036,1090.53087,172.6720518,10044.6968,9336.946257,0.25,50,0.045238346,0.387323291,0.416682812,3461.492251,1.112065325,3461.492251,0.17,62.62442621,3398.867825,-4.882352941,0.046810867,0.75387742,0.103294943,0.096016769,3.118772009,0.148379507,561.8916897,26.9579006,93.09752045,6.31E-08,-6.22E-08,2.34E-09,6.69E-10,GOOD,5808.7562,3037.851554
7,Corn,Sacramento River,1311.538028,229.087221,6.113531918,2.826875063,123.4453601,141.3437532,122.5287567,782.4343077,0.3,50,0.088141761,0.558669339,0.087487293,230.7798599,1.140275745,230.7798599,0.17,62.62442621,168.1554337,-4.882352941,0.014859243,0.947178848,0.005139907,0.032822003,3.421068354,0.002541545,4972.025507,1311.537987,3707.553908,4.12E-05,0.000237828,3.14E-08,6.41E-08,GOOD,229.087221,-27.437518
7,Cucurbits,Sacramento River,257.0286545,202.6283347,12.01,1.97136542,111.9924863,96.81195395,1562.231795,546.6459553,0.05,50,0.046854775,0.228702604,0.653597591,73.83780655,0.98218172,115.8841095,0.17,62.62442621,53.2596833,-4.882352941,0.045157284,0.536935863,0.309580474,0.108326379,10.34510807,0.077812336,6.04E-06,256.9292193,506.436629,0.099435156,0.260772477,0.000386864,0.000514651,GOOD,202.6283347,21.8443252
7,Field and Grain,Sacramento River,15137.14047,209.6613847,3.03361867,2.845649619,120.4179202,71.14124048,72.10238442,309.7467197,0.74,25,0.189326621,0.486998112,0.113362702,62.62442621,1.056394644,62.62442621,0.17,62.62442621,0,-4.882352941,0.01487795,0.954084795,0.005860587,0.025176667,1.653693583,8.93E-05,530814.4052,15137.13819,43074.98859,0.00228176,0.009419806,1.51E-07,2.19E-07,GOOD,209.6613847,-68.67737717
7,Grapes,Sacramento River,60.33473606,1768.088912,10.32652959,2.661751325,5707.511085,133.0875663,6066.297444,4560.422484,0.13,50,0.312599493,0.249773629,0.332250166,1790.903888,1.055957181,1790.903888,0.17,62.62442621,1728.279462,-4.882352941,0.220720588,0.466475188,0.178565303,0.134238921,9.09329252,0.127493848,26.83820445,60.33473602,160.5960618,3.73E-08,1.88E-06,6.18E-10,1.17E-08,GOOD,1768.088912,1569.745449
7,Orchards,Sacramento River,1810.196469,2309.334094,2.07088168,3.327741402,681.468536,166.3870701,1653.290347,1740.896727,0.13,50,0.142496355,0.364024786,0.345706127,540.3149882,1.073687064,540.3149882,0.17,62.62442621,477.690562,-4.882352941,0.019222595,0.927375898,0.026011588,0.027389919,1.219081087,0.004249432,131.200819,1810.196461,6023.865523,8.01E-06,0.000212196,4.42E-09,3.52E-08,GOOD,2309.334094,153.0089163
7,Pasture,Sacramento River,7085.147314,231.3889922,5,3.965593094,219.0404801,39.65593094,131.1544068,563.4300116,0.51,10,0.189326621,0.486998112,0.113362702,203.6641316,1.155852829,203.6641316,0.17,62.62442621,141.0397054,-4.882352941,0.012363677,0.96732044,0.003836132,0.016479751,2.499007503,0.000276746,214980.0893,7085.14691,28096.80527,0.000403894,0.005985315,5.70E-08,2.13E-07,GOOD,231.3889922,86.06077663
7,Pistachios,Sacramento River,353.1721326,4908.224613,1.249825398,3.663925668,1599.315875,183.1962834,319.3169032,1583.067859,0.4,50,0.260711671,0.258063009,0.052053284,2449.52686,1.585474028,2449.52686,0.17,62.62442621,2386.902434,-4.882352941,0.036882585,0.945787804,0.00290879,0.014420821,0.692253099,0.007078701,46950.5974,353.172131,1293.996399,1.55E-06,4.28E-05,4.40E-09,3.31E-08,GOOD,4908.224613,1961.505578
7,Rice,Sacramento River,51878.90295,774.5349774,3.911625416,4.534377778,378.0637021,226.7188889,216.5505211,1737.988565,0.2,50,0.124786237,0.573652143,0.071476115,470.3690261,1.127415808,470.3690261,0.17,62.62442621,407.7445999,-4.882352941,0.002314436,0.992353786,0.000590727,0.004741051,1.464755015,9.64E-05,59315.17048,51878.90231,235238.5341,0.000639692,0.010587349,1.23E-08,4.50E-08,GOOD,774.5349774,-330.9411767
7,Safflower,Sacramento River,206.5091157,566.272674,1.034446009,2.357007476,114.5737579,23.57007476,66.16231052,248.5120939,0.74,10,0.195592287,0.424242424,0.112947658,132.9602705,1.232026997,132.9602705,0.17,62.62442621,70.33584434,-4.882352941,0.117186722,0.733841187,0.031322337,0.117649754,0.795460769,0.006543785,9793.127786,206.5090954,486.7434211,2.03E-05,0.000108495,9.84E-08,2.23E-07,GOOD,566.272674,100.9755029
7,Subtropical,Sacramento River,183.4043279,1426.122657,2.926176068,2.972946835,843.5231851,148.6473418,1803.596752,668.3511361,0.13,50,0.202134149,0.160157528,0.432197361,708.967574,1.14729554,708.967574,0.17,62.62442621,646.3431478,-4.882352941,0.04513977,0.882986591,0.052440855,0.019432784,1.899693199,0.0419418,16.89099261,183.4043273,545.2513005,5.90E-07,1.56E-05,3.22E-09,2.87E-08,GOOD,1426.122657,415.6942716
7,Sunflowers,Sacramento River,247.4237138,3637.05749,0.601701512,2.873453662,453.0267168,143.6726831,387.8950797,849.6060148,0.74,50,0.207010582,0.388227513,0.177248677,354.2224966,1.136305643,354.2224966,0.17,62.62442621,291.5980704,-4.882352941,0.030006254,0.923994603,0.014418445,0.031580698,0.359912384,0.005461689,38264.51707,247.4237053,710.9605323,8.51E-06,4.42E-05,3.44E-08,6.21E-08,GOOD,3637.05749,85.05838228
7,Truck,Sacramento River,129.9083724,742.5153484,22.835,2.662234731,945.7732119,133.1117366,5245.145436,4255.029217,0.41,50,0.055780263,0.25095514,0.309350686,6376.278379,1.526406084,6376.278379,0.17,62.62442621,6313.653953,-4.882352941,0.224008708,0.485345724,0.160468447,0.130177121,19.96250047,0.018774959,34025.06386,129.9083721,345.8465727,2.59E-07,8.11E-06,2.00E-09,2.35E-08,GOOD,742.5153484,6155.015428
7,Walnuts,Sacramento River,13230.42878,1941.701849,1.718936287,4.942462794,854.2534686,247.1231397,299.3270611,911.6708835,0.13,50,0.25594369,0.273146576,0.089681664,1025.287214,1.374658568,1025.287214,0.17,62.62442621,962.6627877,-4.882352941,0.003096313,0.994908716,0.000493105,0.001501866,0.59212916,0.00058141,1475.170497,13230.42873,65390.89961,5.12E-05,0.002385495,3.87E-09,3.65E-08,GOOD,1941.701849,51.01343008
7,Tomatoes,Sacramento River,188.6409119,98.36808723,45.12697659,2.666779844,378.0837203,133.3389922,916.1768531,2411.986977,0.74,50,0.085172131,0.543356034,0.206390095,599.467827,1.101074499,599.467827,0.17,62.62442621,536.8434008,-4.882352941,0.048084345,0.788208095,0.045065413,0.118642147,33.0432184,0.007163618,35328.30811,188.6409068,503.0637555,5.10E-06,2.61E-05,2.70E-08,5.19E-08,GOOD,98.36808723,377.2210824
8,Alfalfa,Sacramento River and Delta,11119.68077,280.6469987,5.962401488,3.537610105,471.6662224,35.37610105,252.5143029,311.8836593,1.86,10,0.281872792,0.186385019,0.150905255,601.889797,1.487388256,601.889797,0.17,62.62442621,539.2653708,-4.882352941,0.057933256,0.911609636,0.013626653,0.016830455,3.643555099,4.83E-05,12969950.48,11119.6807,39337.09442,6.73E-05,0.000638557,6.05E-09,1.62E-08,GOOD,280.6469987,512.1190455
8,Almonds,Sacramento River and Delta,24249.36292,4683.240486,0.738721068,3.971676207,752.6390797,198.5838104,323.8653982,1042.332314,0.4,50,0.217550367,0.301286212,0.093613311,1142.187811,1.421781248,1142.187811,0.17,62.62442621,1079.563385,-4.882352941,0.011138281,0.980830857,0.001903764,0.006127098,0.332646308,0.000103095,1508667.933,24249.3629,96310.61745,1.93E-05,0.000289889,7.96E-10,3.01E-09,GOOD,4683.240486,552.061027
8,Beans Dry,Sacramento River and Delta,1370.959546,1370.755748,1.280845402,2.293810917,149.5303492,114.6905459,124.7434966,884.8939851,1.68,50,0.085167237,0.504004546,0.071049516,481.8678203,1.312642142,481.8678203,0.17,62.62442621,419.2433941,-4.882352941,0.076566469,0.800999889,0.015127014,0.107306627,0.933034072,0.000434176,801915.5222,1370.959536,3144.72195,9.87E-06,2.32E-05,7.20E-09,7.36E-09,GOOD,1370.755748,333.47994
8,Berries,Sacramento River and Delta,164.5620206,5808.7562,4.15,3.453441036,1090.53087,172.6720518,10044.6968,9336.946257,0.25,50,0.045238346,0.387323291,0.416682812,3461.492251,1.112065325,3461.492251,0.17,62.62442621,3398.867825,-4.882352941,0.046810867,0.75387742,0.103294943,0.096016769,3.118772009,0.024306945,3430.016045,164.5620206,568.3052399,3.09E-08,-4.99E-06,1.88E-10,8.77E-09,GOOD,5808.7562,3037.851554
8,Corn,Sacramento River and Delta,25458.84699,229.087221,6.113531918,2.826875063,123.4453601,141.3437532,122.5287567,782.4343077,0.3,50,0.088141761,0.558669339,0.087487293,230.7798599,1.140275745,230.7798599,0.17,62.62442621,168.1554337,-4.882352941,0.014859243,0.947178848,0.005139907,0.032822003,3.421068354,0.00013093,96514.19471,25458.84692,71968.97934,6.56E-05,0.000350879,2.58E-09,4.88E-09,GOOD,229.087221,-27.437518
8,Cucurbits,Sacramento River and Delta,3813.429114,202.6283347,12.01,1.97136542,111.9924863,96.81195395,1562.231795,546.6459553,0.05,50,0.046854775,0.228702604,0.653597591,73.83780655,0.98218172,115.8841095,0.17,62.62442621,53.2596833,-4.882352941,0.045157284,0.536935863,0.309580474,0.108326379,10.34510807,0.005244624,8.96E-05,3811.953858,7513.79353,1.475256008,3.868757157,0.000386858,0.000514622,GOOD,202.6283347,21.8443252
8,Field and Grain,Sacramento River and Delta,28656.08674,209.6613847,3.03361867,2.845649619,120.4179202,71.14124048,72.10238442,309.7467197,0.74,25,0.189326621,0.486998112,0.113362702,62.62442621,1.056394644,62.62442621,0.17,62.62442621,0,-4.882352941,0.01487795,0.954084795,0.005860587,0.025176667,1.653693583,4.72E-05,1004883.562,28656.08639,81545.18092,0.000354096,0.001388726,1.24E-08,1.70E-08,GOOD,209.6613847,-68.67737717
8,Grapes,Sacramento River and Delta,103736.5767,1768.088912,10.32652959,2.661751325,5707.511085,133.0875663,6066.297444,4560.422484,0.13,50,0.312599493,0.249773629,0.332250166,1790.903888,1.055957181,1790.903888,0.17,62.62442621,1728.279462,-4.882352941,0.220720588,0.466475188,0.178565303,0.134238921,9.09329252,7.42E-05,46144.28828,103736.5767,276120.9699,5.29E-06,0.000606417,5.10E-11,2.20E-09,GOOD,1768.088912,1569.745449
8,Lettuce,Sacramento River and Delta,170.9219319,1008,18.9,3.319237614,1600,215.7504449,12500,929,0.25,65,0.083984211,0.048763332,0.656126648,3806.449555,1.190180191,3806.449555,0.17,62.62442621,3743.825129,-4.882352941,0.057321691,0.800297809,0.13253081,0.00984969,13.62008532,0.023402497,4231.282571,170.9219319,567.3305093,2.64E-08,-3.85E-06,1.54E-10,6.78E-09,GOOD,1008,3306.073008
8,Onions and Garlic,Sacramento River and Delta,793.4878651,237.8260314,20.6576823,2.113494575,788.809401,105.6747287,1375.299473,2049.389626,0.41,50,0.160557684,0.417141646,0.279934415,593.7613706,1.083305782,593.7613706,0.17,62.62442621,531.1369444,-4.882352941,0.155554362,0.459130585,0.154736262,0.230578791,18.29565508,0.003073802,39242.50151,793.4878645,1677.0323,6.09E-07,-1.44E-06,7.68E-10,8.59E-10,GOOD,237.8260314,476.0931334
8,Orchards,Sacramento River and Delta,20931.54279,2309.334094,2.07088168,3.327741402,681.468536,166.3870701,1653.290347,1740.896727,0.13,50,0.142496355,0.364024786,0.345706127,540.3149882,1.073687064,540.3149882,0.17,62.62442621,477.690562,-4.882352941,0.019222595,0.927375898,0.026011588,0.027389919,1.219081087,0.000367498,1517.092539,20931.54278,69654.76138,7.49E-06,0.000173733,3.58E-10,2.49E-09,GOOD,2309.334094,153.0089163
8,Pasture,Sacramento River and Delta,28702.16837,231.3889922,5,3.965593094,219.0404801,39.65593094,131.1544068,563.4300116,0.51,10,0.189326621,0.486998112,0.113362702,203.6641316,1.155852829,203.6641316,0.17,62.62442621,141.0397054,-4.882352941,0.012363677,0.96732044,0.003836132,0.016479751,2.499007503,6.83E-05,870891.5207,28702.16824,113821.1189,0.000130397,0.001752976,4.54E-09,1.54E-08,GOOD,231.3889922,86.06077663
8,Pistachios,Sacramento River and Delta,133.7025216,4908.224613,1.249825398,3.663925668,1599.315875,183.1962834,319.3169032,1583.067859,0.4,50,0.260711671,0.258063009,0.052053284,2449.52686,1.585474028,2449.52686,0.17,62.62442621,2386.902434,-4.882352941,0.036882585,0.945787804,0.00290879,0.014420821,0.692253099,0.018698226,17774.37313,133.7025216,489.876106,4.69E-08,-5.21E-06,3.50E-10,1.06E-08,GOOD,4908.224613,1961.505578
8,Potatoes,Sacramento River and Delta,276.4039181,209.2470536,24.6194334,4.38175,526.1012146,219.0875,548.9751823,3190.918249,0.41,50,0.10212496,0.619410086,0.106565176,666.4617544,1.093900207,666.4617544,0.17,62.62442621,603.8373281,-4.882352941,0.003944303,0.983686308,0.00181569,0.010553698,10.69153566,0.008824131,11791.10583,276.4039177,1211.13287,3.82E-07,-2.16E-06,1.38E-09,1.79E-09,GOOD,209.2470536,-74.43739877
8,Rice,Sacramento River and Delta,108.4576058,774.5349774,3.911625416,4.534377778,378.0637021,226.7188889,216.5505211,1737.988565,0.2,50,0.124786237,0.573652143,0.071476115,470.3690261,1.127415808,470.3690261,0.17,62.62442621,407.7445999,-4.882352941,0.002314436,0.992353786,0.000590727,0.004741051,1.464755015,0.046100962,124.0038052,108.4576057,491.7877628,1.05E-07,-5.17E-06,9.65E-10,1.05E-08,GOOD,774.5349774,-330.9411767
8,Safflower,Sacramento River and Delta,158.1579519,566.272674,1.034446009,2.357007476,114.5737579,23.57007476,66.16231052,248.5120939,0.74,10,0.195592287,0.424242424,0.112947658,132.9602705,1.232026997,132.9602705,0.17,62.62442621,70.33584434,-4.882352941,0.117186722,0.733841187,0.031322337,0.117649754,0.795460769,0.008544315,7500.206604,158.1579506,372.7795005,1.29E-06,-2.55E-05,8.14E-09,6.84E-08,GOOD,566.272674,100.9755029
8,Subtropical,Sacramento River and Delta,2103.178369,1426.122657,2.926176068,2.972946835,843.5231851,148.6473418,1803.596752,668.3511361,0.13,50,0.202134149,0.160157528,0.432197361,708.967574,1.14729554,708.967574,0.17,62.62442621,646.3431478,-4.882352941,0.04513977,0.882986591,0.052440855,0.019432784,1.899693199,0.003657468,193.6964667,2103.178368,6252.637466,5.52E-07,9.09E-06,2.63E-10,1.45E-09,GOOD,1426.122657,415.6942716
8,Sunflowers,Sacramento River and Delta,31.62485663,3637.05749,0.601701512,2.873453662,453.0267168,143.6726831,387.8950797,849.6060148,0.74,50,0.207010582,0.388227513,0.177248677,354.2224966,1.136305643,354.2224966,0.17,62.62442621,291.5980704,-4.882352941,0.030006254,0.923994603,0.014418445,0.031580698,0.359912384,0.042730671,4890.840283,31.62485654,90.87256636,8.57E-08,-6.26E-06,2.71E-09,6.89E-08,GOOD,3637.05749,85.05838228
8,Truck,Sacramento River and Delta,1352.551035,742.5153484,22.835,2.662234731,945.7732119,133.1117366,5245.145436,4255.029217,0.41,50,0.055780263,0.25095514,0.309350686,6376.278379,1.526406084,6376.278379,0.17,62.62442621,6313.653953,-4.882352941,0.224008708,0.485345724,0.160468447,0.130177121,19.96250047,0.001803277,354254.5757,1352.551035,3600.808339,2.22E-07,2.08E-06,1.65E-10,5.76E-10,GOOD,742.5153484,6155.015428
8,Walnuts,Sacramento River and Delta,66430.94886,1941.701849,1.718936287,4.942462794,854.2534686,247.1231397,299.3270611,911.6708835,0.13,50,0.25594369,0.273146576,0.089681664,1025.287214,1.374658568,1025.287214,0.17,62.62442621,962.6627877,-4.882352941,0.003096313,0.994908716,0.000493105,0.001501866,0.59212916,0.000115794,7406.93877,66430.94884,328332.4923,2.01E-05,0.000855962,3.03E-10,2.61E-09,GOOD,1941.701849,51.01343008
8,Tomatoes,Sacramento River and Delta,2536.156703,98.36808723,45.12697659,2.666779844,378.0837203,133.3389922,916.1768531,2411.986977,0.74,50,0.085172131,0.543356034,0.206390095,599.467827,1.101074499,599.467827,0.17,62.62442621,536.8434008,-4.882352941,0.048084345,0.788208095,0.045065413,0.118642147,33.0432184,0.000532834,474966.5622,2536.156697,6763.371553,5.65E-06,2.36E-05,2.23E-09,3.49E-09,GOOD,98.36808723,377.2210824
9,Alfalfa,Sacramento River and Delta,56408.74948,280.6469987,5.962401488,3.537610105,471.6662224,35.37610105,252.5143029,311.8836593,1.86,10,0.281872792,0.186385019,0.150905255,601.889797,1.487388256,601.889797,0.17,62.62442621,539.2653708,-4.882352941,0.057933256,0.911609636,0.013626653,0.016830455,3.643555099,9.53E-06,65794936.28,56408.74912,199552.1582,0.000360496,0.003991696,6.39E-09,2.00E-08,GOOD,280.6469987,512.1190455
9,Almonds,Sacramento River and Delta,22180.68796,4683.240486,0.738721068,3.971676207,752.6390797,198.5838104,323.8653982,1042.332314,0.4,50,0.217550367,0.301286212,0.093613311,1142.187811,1.421781248,1142.187811,0.17,62.62442621,1079.563385,-4.882352941,0.011138281,0.980830857,0.001903764,0.006127098,0.332646308,0.000112711,1379965.847,22180.68794,88094.51031,1.89E-05,0.000320336,8.51E-10,3.64E-09,GOOD,4683.240486,552.061027
9,Beans Dry,Sacramento River and Delta,4720.093101,1370.755748,1.280845402,2.293810917,149.5303492,114.6905459,124.7434966,884.8939851,1.68,50,0.085167237,0.504004546,0.071049516,481.8678203,1.312642142,481.8678203,0.17,62.62442621,419.2433941,-4.882352941,0.076566469,0.800999889,0.015127014,0.107306627,0.933034072,0.000126107,2760924.591,4720.093067,10827.00098,3.39E-05,0.000102342,7.19E-09,9.45E-09,GOOD,1370.755748,333.47994
9,Berries,Sacramento River and Delta,2005.395013,5808.7562,4.15,3.453441036,1090.53087,172.6720518,10044.6968,9336.946257,0.25,50,0.045238346,0.387323291,0.416682812,3461.492251,1.112065325,3461.492251,0.17,62.62442621,3398.867825,-4.882352941,0.046810867,0.75387742,0.103294943,0.096016769,3.118772009,0.00199462,41799.05574,2005.395013,6925.513417,3.99E-07,1.39E-05,1.99E-10,2.00E-09,GOOD,5808.7562,3037.851554
9,Corn,Sacramento River and Delta,78005.08871,229.087221,6.113531918,2.826875063,123.4453601,141.3437532,122.5287567,782.4343077,0.3,50,0.088141761,0.558669339,0.087487293,230.7798599,1.140275745,230.7798599,0.17,62.62442621,168.1554337,-4.882352941,0.014859243,0.947178848,0.005139907,0.032822003,3.421068354,4.27E-05,295716.3898,78005.0885,220510.6388,0.00020645,0.001237945,2.65E-09,5.61E-09,GOOD,229.087221,-27.437518
9,Cotton,Sacramento River and Delta,233.8499336,1698.847366,0.768,2.633766816,193.801177,131.6883408,102.0653411,580.9116495,0.68,50,0.148539114,0.445240339,0.078228087,296.2482687,1.232153464,296.2482687,0.17,62.62442621,233.6238425,-4.882352941,0.030504037,0.926982792,0.006353247,0.036159924,0.459232949,0.006288598,17906.78875,233.8499326,615.9061976,9.59E-07,-2.61E-06,4.10E-09,4.24E-09,GOOD,1698.847366,81.10022743
9,Cucurbits,Sacramento River and Delta,5941.900368,202.6283347,12.01,1.97136542,111.9924863,96.81195395,1562.231795,546.6459553,0.05,50,0.046854775,0.228702604,0.653597591,73.83780655,0.98218172,115.8841095,0.17,62.62442621,53.2596833,-4.882352941,0.045157284,0.536935863,0.309580474,0.108326379,10.34510807,0.003365927,0.000139542,5939.601696,11707.62879,2.298672317,6.028120522,0.000386858,0.000514623,GOOD,202.6283347,21.8443252
9,Field and Grain,Sacramento River and Delta,45991.57016,209.6613847,3.03361867,2.845649619,120.4179202,71.14124048,72.10238442,309.7467197,0.74,25,0.189326621,0.486998112,0.113362702,62.62442621,1.056394644,62.62442621,0.17,62.62442621,0,-4.882352941,0.01487795,0.954084795,0.005860587,0.025176667,1.653693583,2.94E-05,1612787.303,45991.56958,130875.8917,0.000583804,0.002441833,1.27E-08,1.87E-08,GOOD,209.6613847,-68.67737717
9,Grapes,Sacramento River and Delta,41468.33177,1768.088912,10.32652959,2.661751325,5707.511085,133.0875663,6066.297444,4560.422484,0.13,50,0.312599493,0.249773629,0.332250166,1790.903888,1.055957181,1790.903888,0.17,62.62442621,1728.279462,-4.882352941,0.220720588,0.466475188,0.178565303,0.134238921,9.09329252,0.000185498,18446.01698,41468.33177,110378.3867,2.15E-06,0.000299211,5.19E-11,2.71E-09,GOOD,1768.088912,1569.745449
9,Lettuce,Sacramento River and Delta,39.19348551,1008,18.9,3.319237614,1600,215.7504449,12500,929,0.25,65,0.083984211,0.048763332,0.656126648,3806.449555,1.190180191,3806.449555,0.17,62.62442621,3743.825129,-4.882352941,0.057321691,0.800297809,0.13253081,0.00984969,13.62008532,0.102057777,970.2599913,39.1934855,130.0924959,6.20E-09,-4.59E-06,1.58E-10,3.53E-08,GOOD,1008,3306.073008
9,Onions and Garlic,Sacramento River and Delta,1355.63945,237.8260314,20.6576823,2.113494575,788.809401,105.6747287,1375.299473,2049.389626,0.41,50,0.160557684,0.417141646,0.279934415,593.7613706,1.083305782,593.7613706,0.17,62.62442621,531.1369444,-4.882352941,0.155554362,0.459130585,0.154736262,0.230578791,18.29565508,0.001799169,67044.10426,1355.639449,2865.13662,1.03E-06,3.65E-06,7.58E-10,1.27E-09,GOOD,237.8260314,476.0931334
9,Orchards,Sacramento River and Delta,10303.79692,2309.334094,2.07088168,3.327741402,681.468536,166.3870701,1653.290347,1740.896727,0.13,50,0.142496355,0.364024786,0.345706127,540.3149882,1.073687064,540.3149882,0.17,62.62442621,477.690562,-4.882352941,0.019222595,0.927375898,0.026011588,0.027389919,1.219081087,0.000746551,746.8065585,10303.79692,34288.37151,3.86E-06,0.000102131,3.75E-10,2.98E-09,GOOD,2309.334094,153.0089163
9,Pasture,Sacramento River and Delta,55834.05432,231.3889922,5,3.965593094,219.0404801,39.65593094,131.1544068,563.4300116,0.51,10,0.189326621,0.486998112,0.113362702,203.6641316,1.155852829,203.6641316,0.17,62.62442621,141.0397054,-4.882352941,0.012363677,0.96732044,0.003836132,0.016479751,2.499007503,3.51E-05,1694136.967,55834.05405,221415.1361,0.000271348,0.004134623,4.86E-09,1.87E-08,GOOD,231.3889922,86.06077663
9,Pistachios,Sacramento River and Delta,197.6048427,4908.224613,1.249825398,3.663925668,1599.315875,183.1962834,319.3169032,1583.067859,0.4,50,0.260711671,0.258063009,0.052053284,2449.52686,1.585474028,2449.52686,0.17,62.62442621,2386.902434,-4.882352941,0.036882585,0.945787804,0.00290879,0.014420821,0.692253099,0.012651512,26269.52853,197.6048426,724.0094595,7.36E-08,-4.19E-06,3.72E-10,5.79E-09,GOOD,4908.224613,1961.505578
9,Potatoes,Sacramento River and Delta,1669.71946,209.2470536,24.6194334,4.38175,526.1012146,219.0875,548.9751823,3190.918249,0.41,50,0.10212496,0.619410086,0.106565176,666.4617544,1.093900207,666.4617544,0.17,62.62442621,603.8373281,-4.882352941,0.003944303,0.983686308,0.00181569,0.010553698,10.69153566,0.001460739,71228.50862,1669.719457,7316.293219,2.50E-06,2.50E-05,1.50E-09,3.42E-09,GOOD,209.2470536,-74.43739877
9,Rice,Sacramento River and Delta,7990.682377,774.5349774,3.911625416,4.534377778,378.0637021,226.7188889,216.5505211,1737.988565,0.2,50,0.124786237,0.573652143,0.071476115,470.3690261,1.127415808,470.3690261,0.17,62.62442621,407.7445999,-4.882352941,0.002314436,0.992353786,0.000590727,0.004741051,1.464755015,0.000625729,9136.058406,7990.682369,36232.77246,8.44E-06,0.000137066,1.06E-09,3.78E-09,GOOD,774.5349774,-330.9411767
9,Safflower,Sacramento River and Delta,13218.14247,566.272674,1.034446009,2.357007476,114.5737579,23.57007476,66.16231052,248.5120939,0.74,10,0.195592287,0.424242424,0.112947658,132.9602705,1.232026997,132.9602705,0.17,62.62442621,70.33584434,-4.882352941,0.117186722,0.733841187,0.031322337,0.117649754,0.795460769,0.000102235,626834.1127,13218.14236,31155.25996,0.000108752,0.000661264,8.23E-09,2.12E-08,GOOD,566.272674,100.9755029
9,Subtropical,Sacramento River and Delta,2414.565821,1426.122657,2.926176068,2.972946835,843.5231851,148.6473418,1803.596752,668.3511361,0.13,50,0.202134149,0.160157528,0.432197361,708.967574,1.14729554,708.967574,0.17,62.62442621,646.3431478,-4.882352941,0.04513977,0.882986591,0.052440855,0.019432784,1.899693199,0.003185793,222.3743241,2414.56582,7178.3758,6.55E-07,1.55E-05,2.71E-10,2.16E-09,GOOD,1426.122657,415.6942716
9,Sunflowers,Sacramento River and Delta,1614.884464,3637.05749,0.601701512,2.873453662,453.0267168,143.6726831,387.8950797,849.6060148,0.74,50,0.207010582,0.388227513,0.177248677,354.2224966,1.136305643,354.2224966,0.17,62.62442621,291.5980704,-4.882352941,0.030006254,0.923994603,0.014418445,0.031580698,0.359912384,0.00083681,249744.7524,1614.884459,4640.295657,4.68E-06,2.01E-05,2.90E-09,4.33E-09,GOOD,3637.05749,85.05838228
9,Truck,Sacramento River and Delta,2637.531344,742.5153484,22.835,2.662234731,945.7732119,133.1117366,5245.145436,4255.029217,0.41,50,0.055780263,0.25095514,0.309350686,6376.278379,1.526406084,6376.278379,0.17,62.62442621,6313.653953,-4.882352941,0.224008708,0.485345724,0.160468447,0.130177121,19.96250047,0.000924738,690811.3062,2637.531344,7021.727534,4.42E-07,1.39E-05,1.68E-10,1.98E-09,GOOD,742.5153484,6155.015428
9,Walnuts,Sacramento River and Delta,6430.04628,1941.701849,1.718936287,4.942462794,854.2534686,247.1231397,299.3270611,911.6708835,0.13,50,0.25594369,0.273146576,0.089681664,1025.287214,1.374658568,1025.287214,0.17,62.62442621,962.6627877,-4.882352941,0.003096313,0.994908716,0.000493105,0.001501866,0.59212916,0.001196307,716.9393167,6430.046278,31780.26441,2.14E-06,9.63E-05,3.32E-10,3.03E-09,GOOD,1941.701849,51.01343008
9,Tomatoes,Sacramento River and Delta,22560.84263,98.36808723,45.12697659,2.666779844,378.0837203,133.3389922,916.1768531,2411.986977,0.74,50,0.085172131,0.543356034,0.206390095,599.467827,1.101074499,599.467827,0.17,62.62442621,536.8434008,-4.882352941,0.048084345,0.788208095,0.045065413,0.118642147,33.0432184,5.99E-05,4225151.329,22560.84258,60164.80009,5.12E-05,0.000297316,2.27E-09,4.94E-09,GOOD,98.36808723,377.2210824
BUTV,Alfalfa,North Coast,13525.59982,249.0919322,6.085272176,2.331077971,427.2605807,23.31077971,228.7410091,282.5209588,1.86,10,0.281872792,0.186385019,0.150905255,553.958876,1.500895821,553.958876,0.17,108.0078086,445.9510674,-4.882352941,0.333190133,0.493201973,0.077672988,0.095934905,5.31132764,3.97E-05,14419293.19,13525.58896,31529.16715,0.010861623,0.060637299,8.03E-07,1.92E-06,GOOD,249.0919322,522.9304106
BUTV,Berries,North Coast,2694.549509,5808.7562,4.15,2.407763981,1090.53087,120.3881991,10044.6968,9336.946257,0.25,50,0.045238346,0.387323291,0.416682812,3513.776104,1.114888824,3513.776104,0.17,108.0078086,3405.768295,-4.882352941,0.140498264,0.268080002,0.306509204,0.284912529,3.897023053,0.001484478,56808.39501,2694.549446,6487.837668,6.27E-05,0.001584301,2.33E-08,2.44E-07,GOOD,5808.7562,3344.297934
BUTV,Field and Grain,North Coast,6089.352314,250.0635568,3.303645804,2.557088472,156.406777,63.9272118,93.65135638,402.3195719,0.74,25,0.189326621,0.486998112,0.113362702,109.8165031,1.098390205,109.8165031,0.17,108.0078086,1.808694475,-4.882352941,0.037921803,0.891430311,0.013340037,0.057307849,2.131337509,0.00022192,310573.5145,6089.344895,15570.98619,0.007418892,0.026409609,1.22E-06,1.70E-06,GOOD,250.0635568,10.27617853
BUTV,Onions and Garlic,North Coast,189.5076943,203.8780498,28.012,1.699157349,916.9500601,84.95786745,1598.714383,2382.30926,0.41,50,0.160557684,0.417141646,0.279934415,728.1003604,1.091541787,728.1003604,0.17,108.0078086,620.0925518,-4.882352941,0.243472665,0.167323247,0.236614784,0.352589304,27.06383629,0.012870319,11151.5461,189.5076762,322.003295,1.81E-05,9.65E-05,9.54E-08,3.00E-07,GOOD,203.8780498,668.7014431
BUTV,Pasture,North Coast,2425.138199,152.0683296,4.336874631,3.069359746,124.861149,30.69359746,74.76284716,321.1758786,0.51,10,0.189326621,0.486998112,0.113362702,108.0078086,1.138900984,108.0078086,0.17,108.0078086,0,-4.882352941,0.029266535,0.920972627,0.009396055,0.040364783,2.604112669,0.000808525,40537.82653,2425.135694,7443.605293,0.002504647,0.016273095,1.03E-06,2.19E-06,GOOD,152.0683296,44.49171356
BUTV,Potatoes,North Coast,93.18973485,217.6709989,22.646,2.70089927,503.412474,135.0449635,525.2999746,3053.306105,0.41,50,0.10212496,0.619410086,0.106565176,712.313924,1.113249815,712.313924,0.17,108.0078086,604.3061154,-4.882352941,0.055102914,0.782696429,0.023809271,0.138391387,16.66022804,0.026172672,4052.592588,93.18972078,251.6959982,1.41E-05,8.87E-05,1.51E-07,3.52E-07,GOOD,217.6709989,482.6160442
BUTV,Truck,North Coast,100.98869,841.6412216,16.8,1.856129243,788.709074,92.80646215,4374.08646,3548.398402,0.41,50,0.055780263,0.25095514,0.309350686,5335.572125,1.529561442,5335.572125,0.17,108.0078086,5227.564316,-4.882352941,0.384017443,0.1192104,0.274273085,0.222499072,16.39093809,0.024151461,22123.65538,100.9886873,187.4480205,2.66E-06,4.03E-05,2.63E-08,2.15E-07,GOOD,841.6412216,5256.117799
COAC,Alfalfa,Colorado River,416.3458734,258.2888978,7.462469935,6.349688555,543.3022338,63.49688555,290.8658248,359.2521167,1.86,10,0.281872792,0.186385019,0.150905255,670.5560735,1.460469236,670.5560735,0.17,340.9536766,329.6023969,-4.882352941,0.002293837,0.996477631,0.000549651,0.000678881,2.362690218,0.001291317,549090.0155,416.3451797,2643.660508,0.000693713,0.006119107,1.67E-06,2.31E-06,GOOD,258.2888978,330.8675
COAC,Beans Dry,Colorado River,142.8712045,1398.951357,13.24,2.712448276,1577.477458,27.12448276,1315.987374,9335.230646,1.68,10,0.085167238,0.504004546,0.071049516,6266.296006,1.439325194,6266.296006,0.17,340.9536766,5925.342329,-4.882352941,0.355945035,0.160710032,0.0597186,0.423626334,12.77715204,0.004166257,1038174.626,142.8711754,387.5304432,2.91E-05,0.000309159,2.04E-07,7.98E-07,GOOD,1398.951357,6219.846732
COAC,Berries,Colorado River,10.43353874,3233.710592,18.27412934,1.515428762,2673.28069,15.15428762,24623.13974,22888.19036,0.25,10,0.045238346,0.387323291,0.416682812,8893.480529,1.121106472,8893.480529,0.17,340.9536766,8552.526852,-4.882352941,0.195406167,0.001948499,0.415977582,0.386667752,18.26779028,0.383379034,552.5931336,10.43353854,15.81128985,2.05E-07,-5.16E-06,1.96E-08,3.26E-07,GOOD,3233.710592,8885.669573
COAC,Corn,Colorado River,1233.116147,537.3529735,14.39866231,3.708931611,681.9672606,37.08931611,676.9035344,4322.516293,0.3,10,0.088141761,0.558669338,0.087487293,2018.687603,1.288582326,2018.687603,0.17,340.9536766,1677.733926,-4.882352941,0.089988075,0.743427082,0.022554991,0.144029852,10.90798576,0.002703179,35640.68582,1233.116012,4573.540062,0.000135482,0.003395601,1.10E-07,7.42E-07,GOOD,537.3529735,1918.215182
COAC,Cucurbits,Colorado River,173.1444964,476.5871364,17.35854775,2.811221224,387.6230202,28.11221224,5407.121734,1892.024753,0.05,10,0.046854775,0.228702604,0.653597591,557.9788448,1.021261908,557.9788448,0.17,340.9536766,217.0251682,-4.882352941,0.074955391,0.346460327,0.428608421,0.149975862,15.92136536,0.115510458,1.69E-05,173.1444877,486.7471649,8.75E-06,0.000318197,5.05E-08,6.54E-07,GOOD,476.5871364,507.0614093
COAC,Field and Grain,Colorado River,12.44593083,215.0815563,8.751417826,5.491105357,356.3635474,54.91105357,213.3790505,916.6612378,0.74,10,0.189326621,0.486998112,0.113362702,340.9536766,1.163056778,340.9536766,0.17,340.9536766,0,-4.882352941,0.003082958,0.991920942,0.000943385,0.004052715,3.281701946,0.108577765,1662.66617,12.44591689,68.3418123,1.39E-05,0.000105153,1.12E-06,1.54E-06,GOOD,215.0815563,94.34234973
COAC,Grapes,Colorado River,7596.246812,2172.223292,6.917245821,4.088997246,1987.154836,40.88997246,6531.620162,4536.966984,0.13,10,0.132249498,0.30194507,0.434693599,1929.170534,1.092669332,1929.170534,0.17,340.9536766,1588.216858,-4.882352941,0.071741308,0.725498491,0.119649654,0.083110548,5.311029879,0.001012646,1764.795556,7596.246559,31061.01156,0.000252963,0.020731809,3.33E-08,6.67E-07,GOOD,2172.223292,1802.861522
COAC,Lettuce,Colorado River,5341.049255,1008,18.9,1.456538014,1600,14.56538014,12500,929,0.25,10,0.083984211,0.048763332,0.656126648,4007.63462,1.206097062,4007.63462,0.17,340.9536766,3666.680943,-4.882352941,0.293163877,0.004775813,0.65349273,0.04856758,18.88443527,0.000748917,137141.3349,5341.049039,7779.436049,0.000215543,0.005226036,4.04E-08,6.72E-07,GOOD,1008,4000.98497
COAC,Onions and Garlic,Colorado River,150.7121,230.8625229,23.68387637,3.522556052,877.8843718,35.22556052,1530.602846,2280.813492,0.41,10,0.160557684,0.417141646,0.279934415,743.1931805,1.102195556,743.1931805,0.17,340.9536766,402.2395039,-4.882352941,0.073998302,0.752019686,0.069868348,0.104113665,17.82348718,0.016183335,8739.386291,150.7120626,530.8913655,3.74E-05,0.000454493,2.48E-07,8.56E-07,GOOD,230.8625229,654.3347296
COAC,Orchards,Colorado River,9834.489349,3219.761233,3.883095309,3.064182243,1781.580591,30.64182243,4322.239161,4551.270755,0.13,10,0.142496355,0.364024786,0.345706127,1816.907411,1.114315386,1816.907411,0.17,340.9536766,1475.953734,-4.882352941,0.182408714,0.367789723,0.219095933,0.230705631,3.536787203,0.000782177,2099.367365,9834.489006,30134.64748,0.00034287,0.020154958,3.49E-08,6.69E-07,GOOD,3219.761233,1753.657105
COAC,Pasture,Colorado River,2027.849626,1469.892989,4.476617648,8.233264788,1245.797356,82.33264788,745.9434584,3204.520089,0.51,10,0.189326621,0.486998112,0.113362702,1301.555344,1.187211785,1301.555344,0.17,340.9536766,960.6016674,-4.882352941,0.001045229,0.997333818,0.000306075,0.001314878,1.333038314,0.000966928,370797.8402,2027.849156,16695.80837,0.000469939,0.014554565,2.32E-07,8.72E-07,GOOD,1469.892989,706.0215011
COAC,Potatoes,Colorado River,125.0634267,582.1214152,13.25160821,5.581382827,787.7965292,55.81382827,822.0485549,4778.157229,0.41,10,0.10212496,0.619410086,0.106565176,1270.228784,1.140117795,1270.228784,0.17,340.9536766,929.2751069,-4.882352941,0.008083289,0.969920829,0.003228753,0.018767129,6.47491451,0.019502299,9206.828617,125.0634003,698.0262854,2.64E-05,0.000576668,2.11E-07,8.26E-07,GOOD,582.1214152,1014.524269
COAC,Subtropical,Colorado River,7524.643223,3010.958159,3.539238296,5.958172293,2154.04224,59.58172293,4605.710497,1706.718445,0.13,10,0.202134149,0.160157528,0.432197361,2130.445519,1.190356925,2130.445519,0.17,340.9536766,1789.491842,-4.882352941,0.011478941,0.971608887,0.012339556,0.004572617,1.708403619,0.001022282,1912.499753,7524.642978,44833.09079,0.000244935,0.029979368,3.26E-08,6.69E-07,GOOD,3010.958159,1835.029071
COAC,Truck,Colorado River,11205.8846,187.9449546,36.44564981,1.168233956,362.6494853,11.68233956,2011.210823,1631.558344,0.41,10,0.052943262,0.238191489,0.293617021,2832.675007,1.623956232,2832.675007,0.17,340.9536766,2491.72133,-4.882352941,0.465583533,0.003636779,0.293048998,0.23773069,36.43119755,0.000217656,1280826.006,11205.88331,13091.08511,0.001286121,0.009786833,1.15E-07,7.48E-07,GOOD,187.9449546,2830.709641
COAC,Tomatoes,Colorado River,110.0197816,98.57440504,49.02553846,3.924449153,153.2415104,39.24449153,1636.119733,1089.477375,0.74,10,0.031709536,0.225440365,0.338554465,1914.580176,1.577246531,1914.580176,0.17,340.9536766,1573.626499,-4.882352941,0.057603669,0.866468898,0.045577672,0.030349761,32.51247988,0.012282803,43584.40774,110.0197423,431.7666247,3.93E-05,0.000413978,3.57E-07,9.59E-07,GOOD,98.57440504,1799.811656
IMP,Alfalfa,Colorado River,145414.76,258.288897,7.4624,6.3496,543.3022338,63.49688555,290.8658248,359.2521167,1.86,10,0.281872792,0.186385019,0.150905255,670.5560735,1.460469236,670.5560735,0.17,138.0844487,532.4716,-4.882352941,0.001945,0.996477631,0.000549651,0.000678881,2.362690218,3.70E-06,15799.06121,145414.7219,923337.9948,0.04239031,0.469776821,2.92E-07,5.09E-07,GOOD,258.288,330.8675
IMP,Beans Dry,Colorado River,19.98171416,1398.951357,13.24,2.712448276,1577.477458,27.12448276,1315.987374,9335.230646,1.68,10,0.085167238,0.504004546,0.071049516,6266.296006,1.439325194,6266.296006,0.17,138.0844487,6128.211557,-4.882352941,0.355945035,0.160710032,0.0597186,0.423626334,12.77715204,0.029789141,145197.2684,19.98171354,54.19938446,6.21E-07,-1.83E-05,3.11E-08,3.38E-07,GOOD,1398.951357,6219.846732
IMP,Corn,Colorado River,26684.9055,537.3529735,14.39866231,3.708931611,681.9672606,37.08931611,676.9035344,4322.516293,0.3,10,0.088141761,0.558669338,0.087487293,2018.687603,1.288582326,2018.687603,0.17,138.0844487,1880.603154,-4.882352941,0.089988075,0.743427082,0.022554991,0.144029852,10.90798576,0.000124915,771272.3049,26684.90503,98972.46695,0.000467173,0.022599834,1.75E-08,2.28E-07,GOOD,537.3529735,1918.215182
IMP,Cotton,Colorado River,58.78676481,2036.354651,1.083835094,5.971693969,327.8366135,59.71693969,172.65507,982.6777675,0.68,10,0.148539114,0.445240339,0.078228087,664.1862439,1.362364689,664.1862439,0.17,138.0844487,526.1017952,-4.882352941,0.002683564,0.994191096,0.000467057,0.002658284,0.379705192,0.025015635,9112.589281,58.78675733,351.0564807,7.48E-06,8.82E-05,1.27E-07,2.51E-07,GOOD,2036.354651,367.291895
IMP,Cucurbits,Colorado River,5430.479369,476.5871364,17.35854775,2.811221224,387.6230202,28.11221224,5407.121734,1892.024753,0.05,10,0.046854775,0.228702604,0.653597591,557.9788448,1.021261908,557.9788448,0.17,138.0844487,419.8943961,-4.882352941,0.074955391,0.346460327,0.428608421,0.149975862,15.92136536,0.003682916,0.000529209,5430.479327,15266.27555,4.21E-05,0.003305812,7.75E-09,2.17E-07,GOOD,476.5871364,507.0614093
IMP,Field and Grain,Colorado River,26717.79443,215.0815563,8.751417826,5.491105357,356.3635474,54.91105357,213.3790505,916.6612378,0.74,10,0.189326621,0.486998112,0.113362702,340.9536766,1.163056778,340.9536766,0.17,138.0844487,202.8692279,-4.882352941,0.003082958,0.991920942,0.000943385,0.004052715,3.281701946,5.06E-05,3569260.792,26717.78934,146710.1644,0.005093127,0.059691283,1.91E-07,4.07E-07,GOOD,215.0815563,94.34234973
IMP,Lettuce,Colorado River,59161.48244,1008,18.9,1.456538014,1600,14.56538014,12500,929,0.25,10,0.083984211,0.048763332,0.656126648,4007.63462,1.206097062,4007.63462,0.17,138.0844487,3869.550171,-4.882352941,0.293163877,0.004775813,0.65349273,0.04856758,18.88443527,6.76E-05,1519080.669,59161.4821,86170.92955,0.000342244,0.018589244,5.78E-09,2.16E-07,GOOD,1008,4000.98497
IMP,Onions and Garlic,Colorado River,12685.46679,230.8625229,23.68387637,3.522556052,877.8843718,35.22556052,1530.602846,2280.813492,0.41,10,0.160557684,0.417141646,0.279934415,743.1931805,1.102195556,743.1931805,0.17,138.0844487,605.1087318,-4.882352941,0.073998302,0.752019686,0.069868348,0.104113665,17.82348718,0.000192269,735595.845,12685.46629,44685.25664,0.000498254,0.01117476,3.93E-08,2.50E-07,GOOD,230.8625229,654.3347296
IMP,Orchards,Colorado River,1084.35938,3219.761233,3.883095309,3.064182243,1781.580591,30.64182243,4322.239161,4551.270755,0.13,10,0.142496355,0.364024786,0.345706127,1816.907411,1.114315386,1816.907411,0.17,138.0844487,1678.822962,-4.882352941,0.182408714,0.367789723,0.219095933,0.230705631,3.536787203,0.007093873,231.4780782,1084.359374,3322.674071,5.86E-06,0.000686439,5.41E-09,2.07E-07,GOOD,3219.761233,1753.657105
IMP,Pasture,Colorado River,90296.36006,1469.892989,4.476617648,8.233264788,1245.797356,82.33264788,745.9434584,3204.520089,0.51,10,0.189326621,0.486998112,0.113362702,1301.555344,1.187211785,1301.555344,0.17,138.0844487,1163.470895,-4.882352941,0.001045229,0.997333818,0.000306075,0.001314878,1.333038314,2.17E-05,16510935.95,90296.3562,743433.6518,0.003860179,0.189957911,4.28E-08,2.56E-07,GOOD,1469.892989,706.0215011
IMP,Potatoes,Colorado River,679.2364573,582.1214152,13.25160821,5.581382827,787.7965292,55.81382827,822.0485549,4778.157229,0.41,10,0.10212496,0.619410086,0.106565176,1270.228784,1.140117795,1270.228784,0.17,138.0844487,1132.144335,-4.882352941,0.008083289,0.969920829,0.003228753,0.018767129,6.47491451,0.003590833,50003.53675,679.2364328,3791.077791,2.45E-05,0.000907357,3.60E-08,2.39E-07,GOOD,582.1214152,1014.524269
IMP,Safflower,Colorado River,115.8646159,565.3467595,1.069333333,2.346040268,118.2441699,23.46040268,68.28184419,256.4732692,0.74,10,0.195592287,0.424242424,0.112947658,138.0844487,1.234310994,138.0844487,0.17,138.0844487,0,-4.882352941,0.122690386,0.721867236,0.032682756,0.122759622,0.829480023,0.011663193,5689.77651,115.8645688,271.8229173,4.71E-05,0.000137192,4.06E-07,5.05E-07,GOOD,565.3467595,106.505802
IMP,Subtropical,Colorado River,7918.001989,3010.958159,3.539238296,5.958172293,2154.04224,59.58172293,4605.710497,1706.718445,0.13,10,0.202134149,0.160157528,0.432197361,2130.445519,1.190356925,2130.445519,0.17,138.0844487,1992.36107,-4.882352941,0.011478941,0.971608887,0.012339556,0.004572617,1.708403619,0.000971496,2012.477721,7918.001944,47176.80986,4.45E-05,0.010203494,5.63E-09,2.16E-07,GOOD,3010.958159,1835.029071
IMP,Sunflowers,Colorado River,1171.057586,3639.713227,0.60825,5.544757405,458.2915301,55.44757405,392.4029709,859.4796422,0.74,10,0.207010582,0.388227513,0.177248677,448.2338531,1.19415946,448.2338531,0.17,138.0844487,310.1494044,-4.882352941,0.003781571,0.9909962,0.001636909,0.00358532,0.233005048,0.001153958,203378.7181,1171.057414,6493.227899,0.000172348,0.002322987,1.47E-07,3.58E-07,GOOD,3639.713227,196.2380803
IMP,Truck,Colorado River,18319.95294,187.9449546,36.44564981,1.168233956,362.6494853,11.68233956,2011.210823,1631.558344,0.41,10,0.052943262,0.238191489,0.293617021,2832.675007,1.623956232,2832.675007,0.17,138.0844487,2694.590558,-4.882352941,0.465583533,0.003636779,0.293048998,0.23773069,36.43119755,0.000133135,2093959.824,18319.95264,21401.98628,0.000296643,0.004820281,1.62E-08,2.25E-07,GOOD,187.9449546,2830.709641
OXNV,Alfalfa,South Coast,12.72970771,266.771587,7.78571868,4.861060872,585.4521929,48.61060872,313.4315016,387.123274,1.86,10,0.281872792,0.186385019,0.150905255,742.390951,1.482149939,742.390951,0.17,153.1144768,589.2764741,-4.882352941,0.011901022,0.981820136,0.002809184,0.003469659,3.442991167,0.042234623,18364.81233,12.7296924,61.87976723,1.53E-05,0.000116832,1.20E-06,1.89E-06,GOOD,266.771587,554.7024317
OXNV,Beans Dry,South Coast,108.3916919,1601.018386,9.920719374,1.559609211,1352.732884,77.98046055,1128.497518,8005.232282,1.68,50,0.085167238,0.504004546,0.071049516,5318.810976,1.431869951,5318.810976,0.17,153.1144768,5165.696499,-4.882352941,0.40462601,0.041417556,0.068442846,0.485513588,9.845058939,0.005491547,669920.0907,108.3916747,169.0486206,1.72E-05,6.05E-05,1.59E-07,3.58E-07,GOOD,1601.018386,5275.172392
OXNV,Berries,South Coast,13412.30341,3593.648113,21.40120823,2.270858762,3479.209334,113.5429381,32046.41321,29788.41908,0.25,50,0.045238346,0.387323291,0.416682812,11480.82701,1.119498859,11480.82701,0.17,153.1144768,11327.71253,-4.882352941,0.180196191,0.074992699,0.386004517,0.358806592,21.06859569,0.000298234,918751.5801,13412.30326,30457.4392,0.000152255,0.00752148,1.14E-08,2.47E-07,GOOD,3593.648113,11336.52997
OXNV,Corn,South Coast,26.40129758,519.8803701,13.68894259,2.879812638,627.2707619,143.9906319,622.6131667,3975.833218,0.3,50,0.088141761,0.558669338,0.087487293,1746.904761,1.262215098,1746.904761,0.17,153.1144768,1593.790285,-4.882352941,0.07383324,0.783162087,0.01936232,0.123642353,10.05115153,0.126256421,670.8278389,26.40129517,76.03077164,2.41E-06,1.88E-05,9.11E-08,2.47E-07,GOOD,519.8803701,1476.229352
OXNV,Cucurbits,South Coast,279.8855846,1033.115317,15.27174185,2.078707055,739.2498265,103.9353528,10312.11666,3608.348569,0.05,50,0.046854775,0.228702604,0.653597591,1013.820014,1.017780961,1013.820014,0.17,153.1144768,860.7055374,-4.882352941,0.090482271,0.191032199,0.532245617,0.186239913,14.64262812,0.071457771,5.06E-05,279.8855793,581.7999967,5.32E-06,0.000142626,1.90E-08,2.45E-07,GOOD,1033.115317,901.704216
OXNV,Field and Grain,South Coast,3265.88907,209.4121108,5.442696543,3.463710175,215.7881537,86.59275438,129.2070182,555.0641684,0.74,25,0.189326621,0.486998112,0.113362702,153.1144768,1.100177032,153.1144768,0.17,153.1144768,0,-4.882352941,0.009618461,0.972540419,0.003368837,0.014472283,2.648848294,0.000413777,230813.1065,3265.884079,11312.07016,0.004991404,0.023040187,1.53E-06,2.04E-06,GOOD,209.4121108,-60.2249732
OXNV,Grapes,South Coast,84.37665106,1957.698082,9.079949308,2.882762464,2350.84054,144.1381232,7727.026192,5367.314977,0.13,50,0.132249498,0.30194507,0.434693599,2186.479513,1.08595711,2186.479513,0.17,153.1144768,2033.365036,-4.882352941,0.105599929,0.589647157,0.179835985,0.124916928,7.578353046,0.091166307,22.7111051,84.37664932,243.2377861,1.74E-06,5.64E-05,2.07E-08,2.32E-07,GOOD,1957.698082,1915.101665
OXNV,Lettuce,South Coast,4664.745011,1008,18.9,2.182611413,1600,141.8697418,12500,929,0.25,65,0.083984211,0.048763332,0.656126648,3880.330258,1.195976256,3880.330258,0.17,153.1144768,3727.215781,-4.882352941,0.216444143,0.253181178,0.493684078,0.036690601,17.83030312,0.000857496,117056.8198,4664.744868,10181.32353,0.000143251,0.002165678,3.07E-08,2.13E-07,GOOD,1008,3712.553482
OXNV,Onions and Garlic,South Coast,61.2668274,1171.55245,14.19643845,2.418056426,2670.374889,120.9028213,4655.833429,6937.846567,0.41,50,0.160557684,0.417141646,0.279934415,2246.914541,1.101141808,2246.914541,0.17,153.1144768,2093.800064,-4.882352941,0.192687384,0.353006255,0.18244205,0.271864311,13.00460241,0.039809869,10776.56086,61.26682388,148.1466084,3.52E-06,3.73E-05,5.75E-08,2.52E-07,GOOD,1171.55245,2075.467518
OXNV,Orchards,South Coast,19248.39291,4038.232105,1.94049809,2.23900313,1116.627328,111.9501565,2709.016022,2852.564362,0.13,50,0.142496355,0.364024786,0.345706127,1046.023818,1.099095238,1046.023818,0.17,153.1144768,892.9093414,-4.882352941,0.160747534,0.425866179,0.201358247,0.212028041,1.737138409,0.000399634,2469.434512,19248.39213,43097.19993,0.000783429,0.012042337,4.07E-08,2.79E-07,GOOD,4038.232105,907.3172239
OXNV,Pasture,South Coast,2061.242519,2010.02551,5,5.664931619,1902.75669,56.64931619,1139.309615,4894.393142,0.51,10,0.189326621,0.486998112,0.113362702,2057.018787,1.197475267,2057.018787,0.17,153.1144768,1903.90431,-4.882352941,0.014167744,0.964244175,0.004076354,0.017511727,2.530290316,0.000951263,585884.5189,2061.242276,11676.78275,0.000242738,0.015168314,1.18E-07,1.30E-06,GOOD,2010.02551,1792.753601
OXNV,Subtropical,South Coast,24456.77659,2644.244895,5.471174567,3.277692314,2924.300085,163.8846157,6252.653427,2317.019044,0.13,50,0.202134149,0.160157528,0.432197361,2809.268247,1.181882269,2809.268247,0.17,153.1144768,2656.15377,-4.882352941,0.084045233,0.790336638,0.091654217,0.033963911,3.982251771,0.000314527,8318.418721,24456.77617,80161.76821,0.000415349,0.020445946,1.70E-08,2.55E-07,GOOD,2644.244895,2435.989517
OXNV,Truck,South Coast,14889.51311,673.7006393,24.0003743,1.75058992,856.0431773,87.529496,4747.513434,3851.334265,0.41,50,0.052943262,0.238191489,0.293617021,6626.647137,1.613753253,6626.647137,0.17,153.1144768,6473.53266,-4.882352941,0.429327947,0.077303294,0.272394034,0.220974725,23.63438239,0.000163808,3985357.551,14889.51259,26065.42448,0.000524807,0.007083097,3.52E-08,2.72E-07,GOOD,673.7006393,6560.94838
OXNV,Walnuts,South Coast,144.7119036,1870.546234,1.333556378,3.249985978,638.4461245,162.4992989,223.7090151,681.35836,0.13,50,0.25594369,0.273146576,0.089681664,788.4660622,1.392541812,788.4660622,0.17,153.1144768,635.3515854,-4.882352941,0.026610298,0.956511219,0.00417192,0.012706563,0.711404808,0.053156012,12.24949182,144.7118938,470.3115138,9.85E-06,0.000143748,6.81E-08,3.06E-07,GOOD,1870.546234,422.8449182
OXNV,Tomatoes,South Coast,11.2406011,3627.34533,16.17752947,2.605312983,1860.762692,130.2656492,19866.87909,13229.17562,0.74,50,0.031709536,0.225440365,0.338554465,23594.40292,1.592812073,23594.40292,0.17,153.1144768,23441.28845,-4.882352941,0.3510017,0.192636254,0.273944724,0.182417322,15.4908722,0.120220559,54816.6824,11.24060087,29.28528277,2.29E-07,1.22E-06,2.04E-08,4.15E-08,GOOD,3627.34533,23385.28578
PALV,Alfalfa,Colorado River,45091.16623,258.2888978,7.462469935,6.349688555,543.3022338,63.49688555,290.8658248,359.2521167,1.86,10,0.281872792,0.186385019,0.150905255,670.5560735,1.460469236,670.5560735,0.17,340.9536766,329.6023969,-4.882352941,0.002293837,0.996477631,0.000549651,0.000678881,2.362690218,1.19E-05,59467646.36,45091.14997,286314.677,0.01625648,0.185137132,3.61E-07,6.47E-07,GOOD,258.2888978,330.8675
PALV,Almonds,Colorado River,6.098707983,4727.259845,0.880421053,5.171405369,905.4400824,51.71405369,389.6166428,1253.946914,0.4,10,0.217550368,0.301286212,0.093613311,1561.261398,1.524113756,1561.261398,0.17,340.9536766,1220.307721,-4.882352941,0.015248997,0.974590595,0.002408586,0.007751823,0.416020497,0.40992289,493.9445751,6.09870777,31.53889693,2.13E-07,-5.72E-06,3.50E-08,1.81E-07,GOOD,4727.259845,1345.541116
PALV,Corn,Colorado River,1811.61954,537.3529735,14.39866231,3.708931611,681.9672606,37.08931611,676.9035344,4322.516293,0.3,10,0.088141761,0.558669338,0.087487293,2018.687603,1.288582326,2018.687603,0.17,340.9536766,1677.733926,-4.882352941,0.089988075,0.743427082,0.022554991,0.144029852,10.90798576,0.001839974,52361.13646,1811.619501,6719.170983,3.87E-05,0.001996304,2.14E-08,2.97E-07,GOOD,537.3529735,1918.215182
PALV,Cotton,Colorado River,10909.92628,2036.354651,1.083835094,5.971693969,327.8366135,59.71693969,172.65507,982.6777675,0.68,10,0.148539114,0.445240339,0.078228087,664.1862439,1.362364689,664.1862439,0.17,340.9536766,323.2325673,-4.882352941,0.002683564,0.994191096,0.000467057,0.002658284,0.379705192,0.000134794,1691157.484,10909.92457,65150.71222,0.001713525,0.02874697,1.57E-07,4.41E-07,GOOD,2036.354651,367.291895
PALV,Cucurbits,Colorado River,1766.731696,476.5871364,17.35854775,2.811221224,387.6230202,28.11221224,5407.121734,1892.024753,0.05,10,0.046854775,0.228702604,0.653597591,557.9788448,1.021261908,557.9788448,0.17,340.9536766,217.0251682,-4.882352941,0.074955391,0.346460327,0.428608421,0.149975862,15.92136536,0.011320338,0.000172171,1766.731679,4966.672231,1.66E-05,0.00141023,9.40E-09,2.84E-07,GOOD,476.5871364,507.0614093
PALV,Field and Grain,Colorado River,7445.166637,215.0815563,8.751417826,5.491105357,356.3635474,54.91105357,213.3790505,916.6612378,0.74,10,0.189326621,0.486998112,0.113362702,340.9536766,1.163056778,340.9536766,0.17,340.9536766,0,-4.882352941,0.003082958,0.991920942,0.000943385,0.004052715,3.281701946,0.000181507,994608.3475,7445.164888,40882.17317,0.001748518,0.021238447,2.35E-07,5.20E-07,GOOD,215.0815563,94.34234973
PALV,Lettuce,Colorado River,1673.302898,1008,18.9,1.456538014,1600,14.56538014,12500,929,0.25,10,0.083984211,0.048763332,0.656126648,4007.63462,1.206097062,4007.63462,0.17,340.9536766,3666.680943,-4.882352941,0.293163877,0.004775813,0.65349273,0.04856758,18.88443527,0.002390482,42965.152,1673.302886,2437.228603,1.16E-05,0.000676387,6.94E-09,2.78E-07,GOOD,1008,4000.98497
PALV,Onions and Garlic,Colorado River,1782.613277,230.8625229,23.68387637,3.522556052,877.8843718,35.22556052,1530.602846,2280.813492,0.41,10,0.160557684,0.417141646,0.279934415,743.1931805,1.102195556,743.1931805,0.17,340.9536766,402.2395039,-4.882352941,0.073998302,0.752019686,0.069868348,0.104113665,17.82348718,0.00136823,103368.9135,1782.613192,6279.353153,8.53E-05,0.002033931,4.79E-08,3.24E-07,GOOD,230.8625229,654.3347296
PALV,Orchards,Colorado River,648.5097905,3219.761233,3.883095309,3.064182243,1781.580591,30.64182243,4322.239161,4551.270755,0.13,10,0.142496355,0.364024786,0.345706127,1816.907411,1.114315386,1816.907411,0.17,340.9536766,1475.953734,-4.882352941,0.182408714,0.367789723,0.219095933,0.230705631,3.536787203,0.011861514,138.437314,648.5097862,1987.151636,4.26E-06,0.000548789,6.57E-09,2.76E-07,GOOD,3219.761233,1753.657105
PALV,Pasture,Colorado River,4031.583642,1469.892989,4.476617648,8.233264788,1245.797356,82.33264788,745.9434584,3204.520089,0.51,10,0.189326621,0.486998112,0.113362702,1301.555344,1.187211785,1301.555344,0.17,340.9536766,960.6016674,-4.882352941,0.001045229,0.997333818,0.000306075,0.001314878,1.333038314,0.000486356,737186.0754,4031.583427,33193.08459,0.000214657,0.011053416,5.32E-08,3.33E-07,GOOD,1469.892989,706.0215011
PALV,Potatoes,Colorado River,730.3197676,582.1214152,13.25160821,5.581382827,787.7965292,55.81382827,822.0485549,4778.157229,0.41,10,0.10212496,0.619410086,0.106565176,1270.228784,1.140117795,1270.228784,0.17,340.9536766,929.2751069,-4.882352941,0.008083289,0.969920829,0.003228753,0.018767129,6.47491451,0.003339666,53764.15082,730.3197352,4076.192908,3.24E-05,0.001301529,4.44E-08,3.19E-07,GOOD,582.1214152,1014.524269
PALV,Subtropical,Colorado River,1506.454008,3010.958159,3.539238296,5.958172293,2154.04224,59.58172293,4605.710497,1706.718445,0.13,10,0.202134149,0.160157528,0.432197361,2130.445519,1.190356925,2130.445519,0.17,340.9536766,1789.491842,-4.882352941,0.011478941,0.971608887,0.012339556,0.004572617,1.708403619,0.005106235,382.8876443,1506.453998,8975.709987,1.05E-05,0.002544555,6.95E-09,2.83E-07,GOOD,3010.958159,1835.029071
PALV,Truck,Colorado River,57.08847397,187.9449546,36.44564981,1.168233956,362.6494853,11.68233956,2011.210823,1631.558344,0.41,10,0.052943262,0.238191489,0.293617021,2832.675007,1.623956232,2832.675007,0.17,340.9536766,2491.72133,-4.882352941,0.465583533,0.003636779,0.293048998,0.23773069,36.43119755,0.042723587,6525.17893,57.08847286,66.69268951,1.11E-06,4.28E-06,1.94E-08,6.42E-08,GOOD,187.9449546,2830.709641
PITRC,Alfalfa,Sacramento River,12236.3104,280.6469987,5.962401488,3.537610105,471.6662224,35.37610105,252.5143029,311.8836593,1.86,10,0.281872792,0.186385019,0.150905255,601.889797,1.487388256,601.889797,0.17,62.62442621,539.2653708,-4.882352941,0.057933256,0.911609636,0.013626653,0.016830455,3.643555099,4.39E-05,14272382.75,12236.30414,43287.24773,0.006263604,0.047587988,5.12E-07,1.10E-06,GOOD,280.6469987,512.1190455
PITRC,Field and Grain,Sacramento River,5183.213892,209.6613847,3.03361867,2.845649619,120.4179202,71.14124048,72.10238442,309.7467197,0.74,25,0.189326621,0.486998112,0.113362702,62.62442621,1.056394644,62.62442621,0.17,62.62442621,0,-4.882352941,0.01487795,0.954084795,0.005860587,0.025176667,1.653693583,0.000260717,181759.8644,5183.208192,14749.5906,0.005700277,0.020036348,1.10E-06,1.36E-06,GOOD,209.6613847,-68.67737717
PITRC,Orchards,Sacramento River,1.36562883,2309.334094,2.07088168,3.327741402,681.468536,166.3870701,1653.290347,1740.896727,0.13,50,0.142496355,0.364024786,0.345706127,540.3149882,1.073687064,540.3149882,0.17,62.62442621,477.690562,-4.882352941,0.019222595,0.927375898,0.026011588,0.027389919,1.219081087,5.632795327,0.098979102,1.365628788,4.544462122,4.17E-08,-2.53E-06,3.05E-08,5.56E-07,GOOD,2309.334094,153.0089163
PITRC,Pasture,Sacramento River,11422.66961,231.3889922,5,3.965593094,219.0404801,39.65593094,131.1544068,563.4300116,0.51,10,0.189326621,0.486998112,0.113362702,203.6641316,1.155852829,203.6641316,0.17,62.62442621,141.0397054,-4.882352941,0.012363677,0.96732044,0.003836132,0.016479751,2.499007503,0.000171657,346590.7516,11422.66534,45297.61581,0.004271441,0.043912309,3.74E-07,9.69E-07,GOOD,231.3889922,86.06077663
PITRC,Rice,Sacramento River,1290.480633,774.5349774,3.911625416,4.534377778,378.0637021,226.7188889,216.5505211,1737.988565,0.2,50,0.124786237,0.573652143,0.071476115,470.3690261,1.127415808,470.3690261,0.17,62.62442621,407.7445999,-4.882352941,0.002314436,0.992353786,0.000590727,0.004741051,1.464755015,0.003874525,1475.456773,1290.480533,5851.525527,0.00010014,0.001178594,7.76E-08,2.01E-07,GOOD,774.5349774,-330.9411767
PITREL,Alfalfa,Sacramento River,10999.1602,280.6469987,5.962401488,3.537610105,471.6662224,35.37610105,252.5143029,311.8836593,1.86,10,0.281872792,0.186385019,0.150905255,601.889797,1.487388256,601.889797,0.17,62.62442621,539.2653708,-4.882352941,0.057933256,0.911609636,0.013626653,0.016830455,3.643555099,4.89E-05,12829375.78,10999.15404,38910.69504,0.006158384,0.045230388,5.60E-07,1.16E-06,GOOD,280.6469987,512.1190455
PITREL,Field and Grain,Sacramento River,2205.450515,209.6613847,3.03361867,2.845649619,120.4179202,71.14124048,72.10238442,309.7467197,0.74,25,0.189326621,0.486998112,0.113362702,62.62442621,1.056394644,62.62442621,0.17,62.62442621,0,-4.882352941,0.01487795,0.954084795,0.005860587,0.025176667,1.653693583,0.000612733,77338.57697,2205.447848,6275.930167,0.002667161,0.009250991,1.21E-06,1.47E-06,GOOD,209.6613847,-68.67737717
PITREL,Pasture,Sacramento River,11831.99369,231.3889922,5,3.965593094,219.0404801,39.65593094,131.1544068,563.4300116,0.51,10,0.189326621,0.486998112,0.113362702,203.6641316,1.155852829,203.6641316,0.17,62.62442621,141.0397054,-4.882352941,0.012363677,0.96732044,0.003836132,0.016479751,2.499007503,0.000165719,359010.6101,11831.98886,46920.82467,0.004825389,0.047794029,4.08E-07,1.02E-06,GOOD,231.3889922,86.06077663
PITREL,Rice,Sacramento River,506.3338709,774.5349774,3.911625416,4.534377778,378.0637021,226.7188889,216.5505211,1737.988565,0.2,50,0.124786237,0.573652143,0.071476115,470.3690261,1.127415808,470.3690261,0.17,62.62442621,407.7445999,-4.882352941,0.002314436,0.992353786,0.000590727,0.004741051,1.464755015,0.009874907,578.9112368,506.3338282,2295.908569,4.27E-05,0.000483199,8.43E-08,2.10E-07,GOOD,774.5349774,-330.9411767
PITREU,Alfalfa,Sacramento River,8606.299339,280.6469987,5.962401488,3.537610105,471.6662224,35.37610105,252.5143029,311.8836593,1.86,10,0.281872792,0.186385019,0.150905255,601.889797,1.487388256,601.889797,0.17,62.62442621,539.2653708,-4.882352941,0.057933256,0.911609636,0.013626653,0.016830455,3.643555099,6.25E-05,10038352.59,8606.294714,30445.69946,0.004624983,0.032045503,5.37E-07,1.05E-06,GOOD,280.6469987,512.1190455
PITREU,Field and Grain,Sacramento River,3464.899252,209.6613847,3.03361867,2.845649619,120.4179202,71.14124048,72.10238442,309.7467197,0.74,25,0.189326621,0.486998112,0.113362702,62.62442621,1.056394644,62.62442621,0.17,62.62442621,0,-4.882352941,0.01487795,0.954084795,0.005860587,0.025176667,1.653693583,0.000390012,121503.6908,3464.895195,9859.875463,0.004056756,0.013773782,1.17E-06,1.40E-06,GOOD,209.6613847,-68.67737717
PITREU,Orchards,Sacramento River,21.83113304,2309.334094,2.07088168,3.327741402,681.468536,166.3870701,1653.290347,1740.896727,0.13,50,0.142496355,0.364024786,0.345706127,540.3149882,1.073687064,540.3149882,0.17,62.62442621,477.690562,-4.882352941,0.019222595,0.927375898,0.026011588,0.027389919,1.219081087,0.352354945,1.582293737,21.83113233,72.64836182,7.06E-07,3.45E-06,3.23E-08,4.75E-08,GOOD,2309.334094,153.0089163
PITREU,Pasture,Sacramento River,30624.36259,231.3889922,5,3.965593094,219.0404801,39.65593094,131.1544068,563.4300116,0.51,10,0.189326621,0.486998112,0.113362702,203.6641316,1.155852829,203.6641316,0.17,62.62442621,141.0397054,-4.882352941,0.012363677,0.96732044,0.003836132,0.016479751,2.499007503,6.40E-05,929215.4294,30624.35066,121443.65,0.011930593,0.110821773,3.90E-07,9.13E-07,GOOD,231.3889922,86.06077663
PITREU,Rice,Sacramento River,2107.428498,774.5349774,3.911625416,4.534377778,378.0637021,226.7188889,216.5505211,1737.988565,0.2,50,0.124786237,0.573652143,0.071476115,470.3690261,1.127415808,470.3690261,0.17,62.62442621,407.7445999,-4.882352941,0.002314436,0.992353786,0.000590727,0.004741051,1.464755015,0.00237256,2409.505088,2107.428329,9555.875148,0.000168806,0.001802454,8.01E-08,1.89E-07,GOOD,774.5349774,-330.9411767
PITREU,Truck,Sacramento River,0.32739123,742.5153484,22.835,2.662234731,945.7732119,133.1117366,5245.145436,4255.029217,0.41,50,0.055780263,0.25095514,0.309350686,6376.278379,1.526406084,6376.278379,0.17,62.62442621,6313.653953,-4.882352941,0.224008708,0.485345724,0.160468447,0.130177121,19.96250047,7.449876987,85.74895754,0.327391225,0.871598549,5.00E-09,-6.25E-06,1.53E-08,7.17E-06,GOOD,742.5153484,6155.015428
PITRW,Alfalfa,Sacramento River,6291.354834,280.6469987,5.962401488,3.537610105,471.6662224,35.37610105,252.5143029,311.8836593,1.86,10,0.281872792,0.186385019,0.150905255,601.889797,1.487388256,601.889797,0.17,62.62442621,539.2653708,-4.882352941,0.057933256,0.911609636,0.013626653,0.016830455,3.643555099,8.55E-05,7338210.725,6291.351329,22256.33495,0.003504964,0.02548984,5.57E-07,1.15E-06,GOOD,280.6469987,512.1190455
PITRW,Berries,Sacramento River,243.2498212,5808.7562,4.15,3.453441036,1090.53087,172.6720518,10044.6968,9336.946257,0.25,50,0.045238346,0.387323291,0.416682812,3461.492251,1.112065325,3461.492251,0.17,62.62442621,3398.867825,-4.882352941,0.046810867,0.75387742,0.103294943,0.096016769,3.118772009,0.016444,5070.12971,243.2498169,840.0488054,4.26E-06,0.000109132,1.75E-08,1.30E-07,GOOD,5808.7562,3037.851554
PITRW,Field and Grain,Sacramento River,2627.27505,209.6613847,3.03361867,2.845649619,120.4179202,71.14124048,72.10238442,309.7467197,0.74,25,0.189326621,0.486998112,0.113362702,62.62442621,1.056394644,62.62442621,0.17,62.62442621,0,-4.882352941,0.01487795,0.954084795,0.005860587,0.025176667,1.653693583,0.000514355,92130.7063,2627.271884,7476.293301,0.003166147,0.010943719,1.21E-06,1.46E-06,GOOD,209.6613847,-68.67737717
PITRW,Onions and Garlic,Sacramento River,95.12116088,237.8260314,20.6576823,2.113494575,788.809401,105.6747287,1375.299473,2049.389626,0.41,50,0.160557684,0.417141646,0.279934415,593.7613706,1.083305782,593.7613706,0.17,62.62442621,531.1369444,-4.882352941,0.155554362,0.459130585,0.154736262,0.230578791,18.29565508,0.025641239,4704.284039,95.12115317,201.0380207,7.71E-06,3.68E-05,8.10E-08,1.83E-07,GOOD,237.8260314,476.0931334
PITRW,Pasture,Sacramento River,18006.70043,231.3889922,5,3.965593094,219.0404801,39.65593094,131.1544068,563.4300116,0.51,10,0.189326621,0.486998112,0.113362702,203.6641316,1.155852829,203.6641316,0.17,62.62442621,141.0397054,-4.882352941,0.012363677,0.96732044,0.003836132,0.016479751,2.499007503,0.000108892,546365.7839,18006.69313,71407.17531,0.007301122,0.071559908,4.05E-07,1.00E-06,GOOD,231.3889922,86.06077663
PITRW,Rice,Sacramento River,4943.641141,774.5349774,3.911625416,4.534377778,378.0637021,226.7188889,216.5505211,1737.988565,0.2,50,0.124786237,0.573652143,0.071476115,470.3690261,1.127415808,470.3690261,0.17,62.62442621,407.7445999,-4.882352941,0.002314436,0.992353786,0.000590727,0.004741051,1.464755015,0.0010114,5652.257476,4943.640727,22416.33186,0.00041411,0.004667739,8.38E-08,2.08E-07,GOOD,774.5349774,-330.9411767
PITRW,Truck,Sacramento River,11.50262236,742.5153484,22.835,2.662234731,945.7732119,133.1117366,5245.145436,4255.029217,0.41,50,0.055780263,0.25095514,0.309350686,6376.278379,1.526406084,6376.278379,0.17,62.62442621,6313.653953,-4.882352941,0.224008708,0.485345724,0.160468447,0.130177121,19.96250047,0.212040725,3012.719297,11.50262217,30.6226798,1.88E-07,9.40E-07,1.63E-08,3.07E-08,GOOD,742.5153484,6155.015428
RUSRL,Berries,North Coast,35.04822376,5808.7562,4.15,2.407763981,1090.53087,120.3881991,10044.6968,9336.946257,0.25,50,0.045238346,0.387323291,0.416682812,3513.776104,1.114888824,3513.776104,0.17,108.0078086,3405.768295,-4.882352941,0.140498264,0.268080002,0.306509204,0.284912529,3.897023053,0.114128466,738.9113962,35.04822376,84.38785382,2.17E-09,-3.05E-06,6.18E-11,3.62E-08,GOOD,5808.7562,3344.297934
RUSRL,Corn,North Coast,6.62318171,114.9057173,14.76204445,2.492780338,149.5098721,124.6390169,148.3997352,947.6391269,0.3,50,0.088141761,0.558669339,0.087487293,326.0555552,1.17901347,326.0555552,0.17,108.0078086,218.0477466,-4.882352941,0.038518835,0.872706544,0.012019766,0.076754855,9.830650575,0.503282785,33.70931495,6.623181706,16.51014053,3.89E-09,-3.39E-06,5.87E-10,2.05E-07,GOOD,114.9057173,139.9968815
RUSRL,Field and Grain,North Coast,2279.147057,250.0635568,3.303645804,2.557088472,156.406777,63.9272118,93.65135638,402.3195719,0.74,25,0.189326621,0.486998112,0.113362702,109.8165031,1.098390205,109.8165031,0.17,108.0078086,1.808694475,-4.882352941,0.037921803,0.891430311,0.013340037,0.057307849,2.131337509,0.00059292,116242.693,2279.147049,5827.980644,7.71E-06,2.10E-05,3.38E-09,3.60E-09,GOOD,250.0635568,10.27617853
RUSRL,Grapes,North Coast,22590.82598,1808.397673,9.676478901,2.243317817,9764.639905,107.7659416,3548.65116,3244.582924,0.13,50,0.580796808,0.192986472,0.211072327,152.8446586,0.960772841,833.2819965,0.17,108.0078086,725.2741879,-4.882352941,0.457084957,0.249925046,0.153052181,0.139937816,9.134993505,0.000340506,14202.65028,22589.60645,50673.48682,1.21953043,4.915605628,5.40E-05,9.70E-05,GOOD,1808.397673,699.2946813
RUSRL,Orchards,North Coast,1757.561972,968.4368182,2.277504558,2.875298636,314.2927061,143.7649318,762.4960946,802.9000818,0.13,50,0.142496355,0.364024786,0.345706127,182.1654533,1.038120941,182.1654533,0.17,108.0078086,74.15764468,-4.882352941,0.018377921,0.923674139,0.028226131,0.029721809,1.363340915,0.004376692,51.76185937,1757.561971,5053.515539,5.87E-07,1.78E-06,3.34E-10,3.52E-10,GOOD,968.4368182,-87.43672722
RUSRL,Pasture,North Coast,4857.365854,152.0683296,4.336874631,3.069359746,124.861149,30.69359746,74.76284716,321.1758786,0.51,10,0.189326621,0.486998112,0.113362702,108.0078086,1.138900984,108.0078086,0.17,108.0078086,0,-4.882352941,0.029266535,0.920972627,0.009396055,0.040364783,2.604112669,0.000403672,81194.15812,4857.36584,14909.00315,1.40E-05,7.58E-05,2.88E-09,5.08E-09,GOOD,152.0683296,44.49171356
RUSRL,Subtropical,North Coast,122.3422982,1582.552973,2.581298779,2.262567308,825.7264995,113.1283654,1765.544396,654.2502374,0.13,50,0.202134149,0.160157528,0.432197361,726.3925586,1.158357324,726.3925586,0.17,108.0078086,618.38475,-4.882352941,0.154204407,0.605386846,0.175408404,0.065000342,2.145974473,0.062875292,11.2646638,122.3422982,276.8076873,1.18E-08,-2.98E-06,9.62E-11,1.08E-08,GOOD,1582.552973,583.5603828
RUSRL,Truck,North Coast,504.8835829,841.6412216,16.8,1.856129243,788.709074,92.80646215,4374.08646,3548.398402,0.41,50,0.055780263,0.25095514,0.309350686,5335.572125,1.529561442,5335.572125,0.17,108.0078086,5227.564316,-4.882352941,0.384017443,0.1192104,0.274273085,0.222499072,16.39093809,0.004830865,110605.1618,504.8835829,937.129185,3.67E-08,-2.45E-06,7.26E-11,2.62E-09,GOOD,841.6412216,5256.117799
RUSRL,Walnuts,North Coast,103.9771732,1865.758744,1.546620722,3.445920684,738.5565215,172.2960342,258.7873052,788.197533,0.13,50,0.25594369,0.273146576,0.089681664,927.7837418,1.403697066,927.7837418,0.17,108.0078086,819.7759332,-4.882352941,0.022191701,0.963864944,0.003446433,0.010496922,0.793407282,0.073980735,10.27822837,103.9771732,358.2970948,1.11E-08,-3.01E-06,1.07E-10,8.41E-09,GOOD,1865.758744,506.361308
RUSRU,Alfalfa,North Coast,119.5214793,249.0919322,6.085272176,2.331077971,427.2605807,23.31077971,228.7410091,282.5209588,1.86,10,0.281872792,0.186385019,0.150905255,553.958876,1.500895821,553.958876,0.17,108.0078086,445.9510674,-4.882352941,0.333190133,0.493201973,0.077672988,0.095934905,5.31132764,0.004498224,127418.767,119.5214782,278.6139127,1.13E-06,-2.53E-05,9.49E-09,9.07E-08,GOOD,249.0919322,522.9304106
RUSRU,Berries,North Coast,11.13607598,5808.7562,4.15,2.407763981,1090.53087,120.3881991,10044.6968,9336.946257,0.25,50,0.045238346,0.387323291,0.416682812,3513.776104,1.114888824,3513.776104,0.17,108.0078086,3405.768295,-4.882352941,0.140498264,0.268080002,0.306509204,0.284912529,3.897023053,0.359192952,234.7786155,11.13607598,26.81304896,2.88E-09,-6.33E-06,2.59E-10,2.36E-07,GOOD,5808.7562,3344.297934
RUSRU,Cucurbits,North Coast,6.2892958,422.5236393,11.899,1.932083333,235.5674784,96.60416665,3286.03299,1149.827221,0.05,50,0.046854775,0.228702604,0.653597591,259.576928,1.004229625,259.576928,0.17,108.0078086,151.5691194,-4.882352941,0.067476764,0.328017788,0.447810515,0.156694933,11.01224412,3.180006258,3.21E-07,6.289295797,12.15145237,2.58E-09,-8.78E-06,4.11E-10,7.22E-07,GOOD,422.5236393,169.5337943
RUSRU,Field and Grain,North Coast,843.4190492,250.0635568,3.303645804,2.557088472,156.406777,63.9272118,93.65135638,402.3195719,0.74,25,0.189326621,0.486998112,0.113362702,109.8165031,1.098390205,109.8165031,0.17,108.0078086,1.808694475,-4.882352941,0.037921803,0.891430311,0.013340037,0.057307849,2.131337509,0.00160223,43016.66332,843.419037,2156.697097,1.22E-05,3.08E-05,1.45E-08,1.43E-08,GOOD,250.0635568,10.27617853
RUSRU,Grapes,North Coast,11033.06729,1808.397673,9.676478901,2.243317817,9764.639905,107.7659416,3548.65116,3244.582924,0.13,50,0.580796808,0.192986472,0.211072327,152.8446586,0.960772841,833.2819965,0.17,108.0078086,725.2741879,-4.882352941,0.457084957,0.249925046,0.153052181,0.139937816,9.134993505,0.000697205,6936.390745,11032.47169,24748.27566,0.595603407,2.400768504,5.40E-05,9.70E-05,GOOD,1808.397673,699.2946813
RUSRU,Orchards,North Coast,1000.843607,968.4368182,2.277504558,2.875298636,314.2927061,143.7649318,762.4960946,802.9000818,0.13,50,0.142496355,0.364024786,0.345706127,182.1654533,1.038120941,182.1654533,0.17,108.0078086,74.15764468,-4.882352941,0.018377921,0.923674139,0.028226131,0.029721809,1.363340915,0.007685824,29.47578911,1000.843606,2877.724252,1.44E-06,6.04E-06,1.44E-09,2.10E-09,GOOD,968.4368182,-87.43672722
RUSRU,Pasture,North Coast,2238.215988,152.0683296,4.336874631,3.069359746,124.861149,30.69359746,74.76284716,321.1758786,0.51,10,0.189326621,0.486998112,0.113362702,108.0078086,1.138900984,108.0078086,0.17,108.0078086,0,-4.882352941,0.029266535,0.920972627,0.009396055,0.040364783,2.604112669,0.000876048,37413.29525,2238.21596,6869.889903,2.77E-05,0.000152942,1.24E-08,2.23E-08,GOOD,152.0683296,44.49171356
RUSRU,Subtropical,North Coast,30.67084687,1582.552973,2.581298779,2.262567308,825.7264995,113.1283654,1765.544396,654.2502374,0.13,50,0.202134149,0.160157528,0.432197361,726.3925586,1.158357324,726.3925586,0.17,108.0078086,618.38475,-4.882352941,0.154204407,0.605386846,0.175408404,0.065000342,2.145974473,0.250801933,2.824017396,30.67084686,69.39486167,1.25E-08,-6.23E-06,4.07E-10,8.98E-08,GOOD,1582.552973,583.5603828
RUSRU,Truck,North Coast,42.59212388,841.6412216,16.8,1.856129243,788.709074,92.80646215,4374.08646,3548.398402,0.41,50,0.055780263,0.25095514,0.309350686,5335.572125,1.529561442,5335.572125,0.17,108.0078086,5227.564316,-4.882352941,0.384017443,0.1192104,0.274273085,0.222499072,16.39093809,0.057264681,9330.683173,42.59212387,79.05649273,1.30E-08,-6.07E-06,3.05E-10,7.68E-08,GOOD,841.6412216,5256.117799
RUSRU,Walnuts,North Coast,49.17931509,1865.758744,1.546620722,3.445920684,738.5565215,172.2960342,258.7873052,788.197533,0.13,50,0.25594369,0.273146576,0.089681664,927.7837418,1.403697066,927.7837418,0.17,108.0078086,819.7759332,-4.882352941,0.022191701,0.963864944,0.003446433,0.010496922,0.793407282,0.156413477,4.861415404,49.17931507,169.4680252,2.26E-08,-6.09E-06,4.59E-10,3.60E-08,GOOD,1865.758744,506.361308
RUSSRC,Field and Grain,North Coast,239.4284279,250.0635568,3.303645804,2.557088472,156.406777,63.9272118,93.65135638,402.3195719,0.74,25,0.189326621,0.486998112,0.113362702,109.8165031,1.098390205,109.8165031,0.17,108.0078086,1.808694475,-4.882352941,0.037921803,0.891430311,0.013340037,0.057307849,2.131337509,0.005644072,12211.50042,239.4284263,612.2396835,1.64E-06,-1.06E-05,6.86E-09,1.73E-08,GOOD,250.0635568,10.27617853
RUSSRC,Grapes,North Coast,24974.27496,1808.397673,9.676478901,2.243317817,9764.639905,107.7659416,3548.65116,3244.582924,0.13,50,0.580796808,0.192986472,0.211072327,152.8446586,0.960772841,833.2819965,0.17,108.0078086,725.2741879,-4.882352941,0.457084957,0.249925046,0.153052181,0.139937816,9.134993505,0.000308009,15701.10334,24972.92676,56019.80171,1.348197563,5.434269762,5.40E-05,9.70E-05,GOOD,1808.397673,699.2946813
RUSSRC,Orchards,North Coast,179.7675847,968.4368182,2.277504558,2.875298636,314.2927061,143.7649318,762.4960946,802.9000818,0.13,50,0.142496355,0.364024786,0.345706127,182.1654533,1.038120941,182.1654533,0.17,108.0078086,74.15764468,-4.882352941,0.018377921,0.923674139,0.028226131,0.029721809,1.363340915,0.042790293,5.294325086,179.7675846,516.8854974,1.22E-07,-6.31E-06,6.79E-10,1.22E-08,GOOD,968.4368182,-87.43672722
RUSSRC,Pasture,North Coast,380.1607555,152.0683296,4.336874631,3.069359746,124.861149,30.69359746,74.76284716,321.1758786,0.51,10,0.189326621,0.486998112,0.113362702,108.0078086,1.138900984,108.0078086,0.17,108.0078086,0,-4.882352941,0.029266535,0.920972627,0.009396055,0.040364783,2.604112669,0.005157777,6354.644353,380.1607533,1166.850144,2.24E-06,-2.39E-05,5.88E-09,2.04E-08,GOOD,152.0683296,44.49171356
RUSSRC,Subtropical,North Coast,127.9010377,1582.552973,2.581298779,2.262567308,825.7264995,113.1283654,1765.544396,654.2502374,0.13,50,0.202134149,0.160157528,0.432197361,726.3925586,1.158357324,726.3925586,0.17,108.0078086,618.38475,-4.882352941,0.154204407,0.605386846,0.175408404,0.065000342,2.145974473,0.060142653,11.77648459,127.9010377,289.3847144,2.50E-08,-7.86E-06,1.95E-10,2.71E-08,GOOD,1582.552973,583.5603828
RUSSRC,Truck,North Coast,63.36946722,841.6412216,16.8,1.856129243,788.709074,92.80646215,4374.08646,3548.398402,0.41,50,0.055780263,0.25095514,0.309350686,5335.572125,1.529561442,5335.572125,0.17,108.0078086,5227.564316,-4.882352941,0.384017443,0.1192104,0.274273085,0.222499072,16.39093809,0.038488952,13882.38875,63.36946721,117.6219385,8.94E-09,-1.73E-05,1.41E-10,1.47E-07,GOOD,841.6412216,5256.117799
SAL,Alfalfa,Central Coast,124.1446052,285.4085125,5.753769454,3.906073496,462.8843905,39.06073496,247.8128041,306.0767778,1.86,10,0.281872792,0.186385019,0.150905255,586.3400738,1.481269721,586.3400738,0.17,48.56613578,537.773938,-4.882352941,0.03293222,0.949682736,0.00777815,0.009606894,3.134587891,0.004330711,141519.9112,124.1444628,484.9168361,0.000142374,0.001115937,1.15E-06,2.30E-06,GOOD,285.4085125,472.8267072
SAL,Berries,Central Coast,8804.511567,3173.779594,32.91702622,1.420392307,4726.112712,71.01961535,43531.43094,40464.20108,0.25,50,0.045238346,0.387323291,0.416682812,15678.62176,1.120548042,15678.62176,0.17,48.56613578,15630.05563,-4.882352941,0.194712143,0.003759686,0.415398603,0.386129568,32.89622186,0.000454313,822618.1684,8804.511516,12505.85745,5.10E-05,0.00304908,5.79E-09,2.44E-07,GOOD,3173.779594,15648.76566
SAL,Cucurbits,Central Coast,73.5450981,711.6013188,16.77063156,1.662176564,559.1650505,83.1088282,7800.035962,2729.337685,0.05,50,0.046854775,0.228702604,0.653597591,762.3560095,1.017371666,762.3560095,0.17,48.56613578,713.7898737,-4.882352941,0.102888763,0.077332984,0.607282073,0.21249618,16.52005886,0.271941985,1.00E-05,73.54509674,122.2449132,1.36E-06,2.53E-05,1.85E-08,2.07E-07,GOOD,711.6013188,707.3232912
SAL,Field and Grain,Central Coast,4465.965288,255.5234925,2.245253001,2.883732558,108.6195012,72.09331395,65.03786993,279.3980675,0.74,25,0.189326621,0.486998112,0.113362702,48.56613578,1.04045783,48.56613578,0.17,48.56613578,0,-4.882352941,0.011913035,0.961982308,0.004929193,0.021175464,1.181310423,0.000302589,134485.5078,4465.953193,12878.60762,0.012095431,0.041887523,2.71E-06,3.25E-06,GOOD,255.5234925,-87.23838692
SAL,Grapes,Central Coast,48837.82923,1828.539429,9.7576058,2.457170381,2359.617621,122.8585191,7755.875761,5387.354345,0.13,50,0.132249498,0.30194507,0.434693599,2216.460692,1.087473403,2216.460692,0.17,48.56613578,2167.894556,-4.882352941,0.165682269,0.35845171,0.280810555,0.195055466,8.922257482,0.000157507,13257.64448,48837.82847,120002.8368,0.000756677,0.03065528,1.55E-08,2.55E-07,GOOD,1828.539429,2037.434897
SAL,Lettuce,Central Coast,112509.6856,1008,18.9,1.36519475,1600,88.73765875,12500,929,0.25,65,0.083984211,0.048763332,0.656126648,3933.462341,1.200179578,3933.462341,0.17,48.56613578,3884.896205,-4.882352941,0.285699286,0.020945366,0.645389966,0.047965382,18.83623839,3.56E-05,2850683.164,112509.6832,153597.6006,0.002383144,0.031543219,2.12E-08,2.05E-07,GOOD,1008,3901.055814
SAL,Onions and Garlic,Central Coast,999.4362001,1427.738608,20.08290673,1.590455311,4603.693159,79.52276555,8026.599034,11960.76136,0.41,50,0.160557684,0.417141646,0.279934415,4002.564981,1.10689565,4002.564981,0.17,48.56613578,3953.998845,-4.882352941,0.293129645,0.026099717,0.273386422,0.407384216,19.98578273,0.0024404,307679.4333,999.436177,1589.558202,2.31E-05,0.000410343,2.31E-08,2.58E-07,GOOD,1427.738608,3955.610341
SAL,Orchards,Central Coast,237.282651,1190.158285,14.43863271,2.717713319,2448.694178,135.885666,5940.703399,6255.495968,0.13,50,0.142496355,0.364024786,0.345706127,2403.479133,1.107246113,2403.479133,0.17,48.56613578,2354.912997,-4.882352941,0.138796394,0.512331382,0.169933792,0.178938432,12.48401284,0.032418332,68.29970988,237.2826474,644.8660626,3.58E-06,0.000158344,1.51E-08,2.46E-07,GOOD,1190.158285,2170.066515
SAL,Pasture,Central Coast,2934.827098,207.2507842,4.78638378,4.185193859,187.8085607,41.85193859,112.4537362,483.0932597,0.51,10,0.189326621,0.486998112,0.113362702,166.7742967,1.144856983,166.7742967,0.17,48.56613578,118.2081609,-4.882352941,0.007648462,0.979505405,0.002425662,0.010420471,2.177875627,0.000668109,74698.62785,2934.824284,12282.79332,0.002813551,0.027025966,9.59E-07,2.20E-06,GOOD,207.2507842,33.46775891
SAL,Subtropical,Central Coast,1587.01126,2833.550317,6.019821828,2.611553899,3447.896788,130.577695,7372.192676,2731.881917,0.13,50,0.202134149,0.160157528,0.432197361,3374.918973,1.187293945,3374.918973,0.17,48.56613578,3326.352837,-4.882352941,0.219417242,0.455642402,0.23708484,0.087855515,5.323180704,0.00484704,642.3329793,1587.011243,4144.564411,1.68E-05,0.001033118,1.06E-08,2.49E-07,GOOD,2833.550317,3164.48598
SAL,Truck,Central Coast,15837.45299,1187.253943,17.43634578,1.094970985,1095.99807,54.74854925,6078.274671,4930.89021,0.41,50,0.052943262,0.238191489,0.293617021,8541.458779,1.621359723,8541.458779,0.17,48.56613578,8492.892643,-4.882352941,0.464861634,0.004112551,0.293184887,0.237840928,17.4310866,0.000154004,5459800.929,15837.45269,17341.54703,0.000303117,0.004470116,1.91E-08,2.58E-07,GOOD,1187.253943,8536.259255
SAL,Walnuts,Central Coast,357.4916673,2279.333378,0.866689676,2.032823511,505.6102861,101.6411756,177.1638589,539.5941523,0.13,50,0.25594369,0.273146576,0.089681664,651.465234,1.420990198,651.465234,0.17,48.56613578,602.8990982,-4.882352941,0.226007728,0.633990305,0.03460483,0.105397138,0.713111009,0.021517446,24.53828449,357.4916466,726.7172482,2.07E-05,0.000218096,5.79E-08,3.00E-07,GOOD,2279.333378,546.4878382
SAN,Alfalfa,South Coast,135.391399,266.771587,7.78571868,4.861060872,585.4521929,48.61060872,313.4315016,387.123274,1.86,10,0.281872792,0.186385019,0.150905255,742.390951,1.482149939,742.390951,0.17,153.1144768,589.2764741,-4.882352941,0.011901022,0.981820136,0.002809184,0.003469659,3.442991167,0.003970964,195325.5872,135.3910443,658.1425473,0.00035471,0.003284817,2.62E-06,4.99E-06,GOOD,266.771587,554.7024317
SAN,Berries,South Coast,186.0479637,3593.648113,21.40120823,2.270858762,3479.209334,113.5429381,32046.41321,29788.41908,0.25,50,0.045238346,0.387323291,0.416682812,11480.82701,1.119498859,11480.82701,0.17,153.1144768,11327.71253,-4.882352941,0.180196191,0.074992699,0.386004517,0.358806592,21.06859569,0.021499832,12744.40753,186.047959,422.4884441,4.70E-06,0.000204374,2.52E-08,4.84E-07,GOOD,3593.648113,11336.52997
SAN,Cucurbits,South Coast,24.72622728,1033.115317,15.27174185,2.078707055,739.2498265,103.9353528,10312.11666,3608.348569,0.05,50,0.046854775,0.228702604,0.653597591,1013.820014,1.017780961,1013.820014,0.17,153.1144768,860.7055374,-4.882352941,0.090482271,0.191032199,0.532245617,0.186239913,14.64262812,0.808857727,4.47E-06,24.72622623,51.39856278,1.05E-06,2.03E-05,4.23E-08,3.95E-07,GOOD,1033.115317,901.704216
SAN,Field and Grain,South Coast,583.8045473,209.4121108,5.442696543,3.463710175,215.7881537,86.59275438,129.2070182,555.0641684,0.74,25,0.189326621,0.486998112,0.113362702,153.1144768,1.100177032,153.1144768,0.17,153.1144768,0,-4.882352941,0.009618461,0.972540419,0.003368837,0.014472283,2.648848294,0.002314732,41259.74221,583.8025845,2022.120897,0.001962818,0.008853895,3.36E-06,4.38E-06,GOOD,209.4121108,-60.2249732
SAN,Grapes,South Coast,707.1787559,1957.698082,9.079949308,2.882762464,2350.84054,144.1381232,7727.026192,5367.314977,0.13,50,0.132249498,0.30194507,0.434693599,2186.479513,1.08595711,2186.479513,0.17,153.1144768,2033.365036,-4.882352941,0.105599929,0.589647157,0.179835985,0.124916928,7.578353046,0.010877459,190.3466284,707.1787236,2038.627314,3.23E-05,0.001058367,4.57E-08,5.19E-07,GOOD,1957.698082,1915.101665
SAN,Lettuce,South Coast,102.7246933,1008,18.9,2.182611413,1600,141.8697418,12500,929,0.25,65,0.083984211,0.048763332,0.656126648,3880.330258,1.195976256,3880.330258,0.17,153.1144768,3727.215781,-4.882352941,0.216444143,0.253181178,0.493684078,0.036690601,17.83030312,0.038939031,2577.767033,102.7246863,224.2079954,7.02E-06,9.26E-05,6.83E-08,4.13E-07,GOOD,1008,3712.553482
SAN,Orchards,South Coast,21749.0531,4038.232105,1.94049809,2.23900313,1116.627328,111.9501565,2709.016022,2852.564362,0.13,50,0.142496355,0.364024786,0.345706127,1046.023818,1.099095238,1046.023818,0.17,153.1144768,892.9093414,-4.882352941,0.160747534,0.425866179,0.201358247,0.212028041,1.737138409,0.000353685,2790.251767,21749.05113,48696.17021,0.001968645,0.027753318,9.05E-08,5.70E-07,GOOD,4038.232105,907.3172239
SAN,Pasture,South Coast,954.0942154,2010.02551,5,5.664931619,1902.75669,56.64931619,1139.309615,4894.393142,0.51,10,0.189326621,0.486998112,0.113362702,2057.018787,1.197475267,2057.018787,0.17,153.1144768,1903.90431,-4.882352941,0.014167744,0.964244175,0.004076354,0.017511727,2.530290316,0.002055127,271190.3258,954.0939718,5404.864294,0.000243566,0.014194735,2.55E-07,2.63E-06,GOOD,2010.02551,1792.753601
SAN,Subtropical,South Coast,7328.183118,2644.244895,5.471174567,3.277692314,2924.300085,163.8846157,6252.653427,2317.019044,0.13,50,0.202134149,0.160157528,0.432197361,2809.268247,1.181882269,2809.268247,0.17,153.1144768,2656.15377,-4.882352941,0.084045233,0.790336638,0.091654217,0.033963911,3.982251771,0.001049688,2492.515537,7328.182844,24019.51711,0.000274192,0.012376281,3.74E-08,5.15E-07,GOOD,2644.244895,2435.989517
SAN,Truck,South Coast,318.7356346,673.7006393,24.0003743,1.75058992,856.0431773,87.529496,4747.513434,3851.334265,0.41,50,0.052943262,0.238191489,0.293617021,6626.647137,1.613753253,6626.647137,0.17,153.1144768,6473.53266,-4.882352941,0.429327947,0.077303294,0.272394034,0.220974725,23.63438239,0.007652186,85313.43227,318.7356095,557.9750862,2.51E-05,0.000302831,7.88E-08,5.43E-07,GOOD,673.7006393,6560.94838
SAN,Tomatoes,South Coast,660.8028395,3627.34533,16.17752947,2.605312983,1860.762692,130.2656492,19866.87909,13229.17562,0.74,50,0.031709536,0.225440365,0.338554465,23594.40292,1.592812073,23594.40292,0.17,153.1144768,23441.28845,-4.882352941,0.3510017,0.192636254,0.273944724,0.182417322,15.4908722,0.002045014,3222516.222,660.8028096,1721.59733,2.99E-05,0.000887211,4.53E-08,5.15E-07,GOOD,3627.34533,23385.28578
SCOV,Alfalfa,North Coast,12313.28184,249.0919322,6.085272176,2.331077971,427.2605807,23.31077971,228.7410091,282.5209588,1.86,10,0.281872792,0.186385019,0.150905255,553.958876,1.500895821,553.958876,0.17,108.0078086,445.9510674,-4.882352941,0.333190133,0.493201973,0.077672988,0.095934905,5.31132764,4.37E-05,13126872.25,12313.27631,28703.19045,0.005531852,0.02959876,4.49E-07,1.03E-06,GOOD,249.0919322,522.9304106
SCOV,Berries,North Coast,2.05539015,5808.7562,4.15,2.407763981,1090.53087,120.3881991,10044.6968,9336.946257,0.25,50,0.045238346,0.387323291,0.416682812,3513.776104,1.114888824,3513.776104,0.17,108.0078086,3405.768295,-4.882352941,0.140498264,0.268080002,0.306509204,0.284912529,3.897023053,1.946102544,43.33318618,2.055390123,4.948896845,2.66E-08,-2.47E-06,1.30E-08,5.00E-07,GOOD,5808.7562,3344.297934
SCOV,Field and Grain,North Coast,2700.73167,250.0635568,3.303645804,2.557088472,156.406777,63.9272118,93.65135638,402.3195719,0.74,25,0.189326621,0.486998112,0.113362702,109.8165031,1.098390205,109.8165031,0.17,108.0078086,1.808694475,-4.882352941,0.037921803,0.891430311,0.013340037,0.057307849,2.131337509,0.000500365,137744.6538,2700.729834,6906.003413,0.001836405,0.006406349,6.80E-07,9.28E-07,GOOD,250.0635568,10.27617853
SCOV,Orchards,North Coast,3.81431074,968.4368182,2.277504558,2.875298636,314.2927061,143.7649318,762.4960946,802.9000818,0.13,50,0.142496355,0.364024786,0.345706127,182.1654533,1.038120941,182.1654533,0.17,108.0078086,74.15764468,-4.882352941,0.018377921,0.923674139,0.028226131,0.029721809,1.363340915,2.01669665,0.112335052,3.814310485,10.9672837,2.55E-07,-1.23E-06,6.67E-08,1.12E-07,GOOD,968.4368182,-87.43672722
SCOV,Pasture,North Coast,15077.43476,152.0683296,4.336874631,3.069359746,124.861149,30.69359746,74.76284716,321.1758786,0.51,10,0.189326621,0.486998112,0.113362702,108.0078086,1.138900984,108.0078086,0.17,108.0078086,0,-4.882352941,0.029266535,0.920972627,0.009396055,0.040364783,2.604112669,0.000130048,252029.5277,15077.42611,46278.01696,0.008648396,0.054366271,5.74E-07,1.17E-06,GOOD,152.0683296,44.49171356
SCOV,Truck,North Coast,4.63451031,841.6412216,16.8,1.856129243,788.709074,92.80646215,4374.08646,3548.398402,0.41,50,0.055780263,0.25095514,0.309350686,5335.572125,1.529561442,5335.572125,0.17,108.0078086,5227.564316,-4.882352941,0.384017443,0.1192104,0.274273085,0.222499072,16.39093809,0.526274456,1015.285067,4.634510242,8.602252108,6.84E-08,-1.99E-06,1.48E-08,2.32E-07,GOOD,841.6412216,5256.117799
SHV,Alfalfa,North Coast,5341.341955,249.0919322,6.085272176,2.331077971,427.2605807,23.31077971,228.7410091,282.5209588,1.86,10,0.281872792,0.186385019,0.150905255,553.958876,1.500895821,553.958876,0.17,108.0078086,445.9510674,-4.882352941,0.333190133,0.493201973,0.077672988,0.095934905,5.31132764,0.000100655,5694266.923,5341.33982,12451.07302,0.002135434,0.011548024,4.00E-07,9.27E-07,GOOD,249.0919322,522.9304106
SHV,Berries,North Coast,115.4261067,5808.7562,4.15,2.407763981,1090.53087,120.3881991,10044.6968,9336.946257,0.25,50,0.045238346,0.387323291,0.416682812,3513.776104,1.114888824,3513.776104,0.17,108.0078086,3405.768295,-4.882352941,0.140498264,0.268080002,0.306509204,0.284912529,3.897023053,0.034654205,2433.494668,115.4261054,277.918793,1.34E-06,2.92E-05,1.16E-08,1.05E-07,GOOD,5808.7562,3344.297934
SHV,Field and Grain,North Coast,6029.557896,250.0635568,3.303645804,2.557088472,156.406777,63.9272118,93.65135638,402.3195719,0.74,25,0.189326621,0.486998112,0.113362702,109.8165031,1.098390205,109.8165031,0.17,108.0078086,1.808694475,-4.882352941,0.037921803,0.891430311,0.013340037,0.057307849,2.131337509,0.000224121,307523.8367,6029.554245,15418.10018,0.003650807,0.012810058,6.05E-07,8.31E-07,GOOD,250.0635568,10.27617853
SHV,Grapes,North Coast,3.75212993,1808.397673,9.676478901,2.243317817,9764.639905,107.7659416,3548.65116,3244.582924,0.13,50,0.580796808,0.192986472,0.211072327,152.8446586,0.960772841,833.2819965,0.17,108.0078086,725.2741879,-4.882352941,0.457084957,0.249925046,0.153052181,0.139937816,9.134993505,2.050117623,2.358930535,3.751927368,8.416405841,0.000202562,0.000814082,5.40E-05,9.67E-05,GOOD,1808.397673,699.2946813
SHV,Orchards,North Coast,22.20686391,968.4368182,2.277504558,2.875298636,314.2927061,143.7649318,762.4960946,802.9000818,0.13,50,0.142496355,0.364024786,0.345706127,182.1654533,1.038120941,182.1654533,0.17,108.0078086,74.15764468,-4.882352941,0.018377921,0.923674139,0.028226131,0.029721809,1.363340915,0.346393247,0.654013107,22.20686259,63.8513579,1.32E-06,7.61E-06,5.96E-08,1.19E-07,GOOD,968.4368182,-87.43672722
SHV,Pasture,North Coast,35109.05705,152.0683296,4.336874631,3.069359746,124.861149,30.69359746,74.76284716,321.1758786,0.51,10,0.189326621,0.486998112,0.113362702,108.0078086,1.138900984,108.0078086,0.17,108.0078086,0,-4.882352941,0.029266535,0.920972627,0.009396055,0.040364783,2.604112669,5.58E-05,586871.6533,35109.03909,107762.2125,0.017955988,0.113959869,5.11E-07,1.06E-06,GOOD,152.0683296,44.49171356
SHV,Truck,North Coast,39.92939282,841.6412216,16.8,1.856129243,788.709074,92.80646215,4374.08646,3548.398402,0.41,50,0.055780263,0.25095514,0.309350686,5335.572125,1.529561442,5335.572125,0.17,108.0078086,5227.564316,-4.882352941,0.384017443,0.1192104,0.274273085,0.222499072,16.39093809,0.061083433,8747.357017,39.9293923,74.11410804,5.25E-07,5.63E-06,1.31E-08,7.60E-08,GOOD,841.6412216,5256.117799
TULE,Alfalfa,North Coast,7746.806105,249.0919322,6.085272176,2.331077971,427.2605807,23.31077971,228.7410091,282.5209588,1.86,10,0.281872792,0.186385019,0.150905255,553.958876,1.500895821,553.958876,0.17,108.0078086,445.9510674,-4.882352941,0.333190133,0.493201973,0.077672988,0.095934905,5.31132764,6.94E-05,8258670.224,7746.801868,18058.3842,0.004236704,0.024858844,5.47E-07,1.38E-06,GOOD,249.0919322,522.9304106
TULE,Field and Grain,North Coast,13380.81467,250.0635568,3.303645804,2.557088472,156.406777,63.9272118,93.65135638,402.3195719,0.74,25,0.189326621,0.486998112,0.113362702,109.8165031,1.098390205,109.8165031,0.17,108.0078086,1.808694475,-4.882352941,0.037921803,0.891430311,0.013340037,0.057307849,2.131337509,0.000100992,682457.9076,13380.80353,34215.88634,0.011135052,0.040597797,8.32E-07,1.19E-06,GOOD,250.0635568,10.27617853
TULE,Lettuce,North Coast,471.3459526,1008,18.9,2.314196388,1600,150.4227652,12500,929,0.25,65,0.083984211,0.048763332,0.656126648,3871.777235,1.19530237,3871.777235,0.17,108.0078086,3763.769426,-4.882352941,0.195794616,0.32368036,0.447282956,0.033242069,17.47345497,0.008486336,11809.46631,471.3459464,1090.786951,6.20E-06,0.000150266,1.31E-08,1.38E-07,GOOD,1008,3674.09218
TULE,Onions and Garlic,North Coast,1325.165262,203.8780498,28.012,1.699157349,916.9500601,84.95786745,1598.714383,2382.30926,0.41,50,0.160557684,0.417141646,0.279934415,728.1003604,1.091541787,728.1003604,0.17,108.0078086,620.0925518,-4.882352941,0.243472665,0.167323247,0.236614784,0.352589304,27.06383629,0.001840544,77979.11089,1325.165177,2251.663778,8.52E-05,0.000515542,6.43E-08,2.29E-07,GOOD,203.8780498,668.7014431
TULE,Pasture,North Coast,516.6373152,152.0683296,4.336874631,3.069359746,124.861149,30.69359746,74.76284716,321.1758786,0.51,10,0.189326621,0.486998112,0.113362702,108.0078086,1.138900984,108.0078086,0.17,108.0078086,0,-4.882352941,0.029266535,0.920972627,0.009396055,0.040364783,2.604112669,0.003795282,8635.942427,516.6369486,1585.743309,0.00036662,0.002469154,7.10E-07,1.56E-06,GOOD,152.0683296,44.49171356
TULE,Potatoes,North Coast,3761.819522,217.6709989,22.646,2.70089927,503.412474,135.0449635,525.2999746,3053.306105,0.41,50,0.10212496,0.619410086,0.106565176,712.313924,1.113249815,712.313924,0.17,108.0078086,604.3061154,-4.882352941,0.055102914,0.782696429,0.023809271,0.138391387,16.66022804,0.000648363,163592.2877,3761.819133,10160.29285,0.000388589,0.002754947,1.03E-07,2.71E-07,GOOD,217.6709989,482.6160442
WATS,Berries,Central Coast,8593.655816,3173.779594,32.91702622,1.420392307,4726.112712,71.01961535,43531.43094,40464.20108,0.25,50,0.045238346,0.387323291,0.416682812,15678.62176,1.120548042,15678.62176,0.17,48.56613578,15630.05563,-4.882352941,0.194712143,0.003759686,0.415398603,0.386129568,32.89622186,0.00046546,802917.6126,8593.655737,12206.35706,7.90E-05,0.005546545,9.20E-09,4.54E-07,GOOD,3173.779594,15648.76566
WATS,Field and Grain,Central Coast,1600.18704,255.5234925,2.245253001,2.883732558,108.6195012,72.09331395,65.03786993,279.3980675,0.74,25,0.189326621,0.486998112,0.113362702,48.56613578,1.04045783,48.56613578,0.17,48.56613578,0,-4.882352941,0.011913035,0.961982308,0.004929193,0.021175464,1.181310423,0.000844496,48187.11137,1600.17994,4614.486305,0.007099984,0.025161576,4.44E-06,5.45E-06,GOOD,255.5234925,-87.23838692
WATS,Grapes,Central Coast,268.2049628,1828.539429,9.7576058,2.457170381,2359.617621,122.8585191,7755.875761,5387.354345,0.13,50,0.132249498,0.30194507,0.434693599,2216.460692,1.087473403,2216.460692,0.17,48.56613578,2167.894556,-4.882352941,0.165682269,0.35845171,0.280810555,0.195055466,8.922257482,0.028680706,72.80761859,268.204956,659.0249848,6.76E-06,0.000305846,2.52E-08,4.64E-07,GOOD,1828.539429,2037.434897
WATS,Lettuce,Central Coast,7616.756561,1008,18.9,1.36519475,1600,88.73765875,12500,929,0.25,65,0.083984211,0.048763332,0.656126648,3933.462341,1.200179578,3933.462341,0.17,48.56613578,3884.896205,-4.882352941,0.285699286,0.020945366,0.645389966,0.047965382,18.83623839,0.000525158,192987.471,7616.756305,10398.35215,0.000255868,0.003923856,3.36E-08,3.77E-07,GOOD,1008,3901.055814
WATS,Onions and Garlic,Central Coast,1.69087963,1427.738608,20.08290673,1.590455311,4603.693159,79.52276555,8026.599034,11960.76136,0.41,50,0.160557684,0.417141646,0.279934415,4002.564981,1.10689565,4002.564981,0.17,48.56613578,3953.998845,-4.882352941,0.293129645,0.026099717,0.273386422,0.407384216,19.98578273,1.442458911,520.542368,1.690879568,2.689273472,6.21E-08,-4.98E-06,3.67E-08,1.85E-06,GOOD,1427.738608,3955.610341
WATS,Orchards,Central Coast,1774.126745,1190.158285,14.43863271,2.717713319,2448.694178,135.885666,5940.703399,6255.495968,0.13,50,0.142496355,0.364024786,0.345706127,2403.479133,1.107246113,2403.479133,0.17,48.56613578,2354.912997,-4.882352941,0.138796394,0.512331382,0.169933792,0.178938432,12.48401284,0.004335828,510.6666731,1774.126701,4821.565607,4.38E-05,0.002277306,2.47E-08,4.72E-07,GOOD,1190.158285,2170.066515
WATS,Pasture,Central Coast,502.4778247,207.2507842,4.78638378,4.185193859,187.8085607,41.85193859,112.4537362,483.0932597,0.51,10,0.189326621,0.486998112,0.113362702,166.7742967,1.144856983,166.7742967,0.17,48.56613578,118.2081609,-4.882352941,0.007648462,0.979505405,0.002425662,0.010420471,2.177875627,0.003902231,12789.30676,502.4770203,2102.958883,0.000804358,0.008223256,1.60E-06,3.91E-06,GOOD,207.2507842,33.46775891
WATS,Subtropical,Central Coast,76.36745932,2833.550317,6.019821828,2.611553899,3447.896788,130.577695,7372.192676,2731.881917,0.13,50,0.202134149,0.160157528,0.432197361,3374.918973,1.187293945,3374.918973,0.17,48.56613578,3326.352837,-4.882352941,0.219417242,0.455642402,0.23708484,0.087855515,5.323180704,0.100727558,30.90925623,76.367458,199.4376495,1.32E-06,8.66E-05,1.73E-08,4.34E-07,GOOD,2833.550317,3164.48598
WATS,Truck,Central Coast,1855.345368,1187.253943,17.43634578,1.094970985,1095.99807,54.74854925,6078.274671,4930.89021,0.41,50,0.052943262,0.238191489,0.293617021,8541.458779,1.621359723,8541.458779,0.17,48.56613578,8492.892643,-4.882352941,0.464861634,0.004112551,0.293184887,0.237840928,17.4310866,0.001314593,639611.4559,1855.345312,2031.548383,5.59E-05,0.000962178,3.01E-08,4.74E-07,GOOD,1187.253943,8536.259255
WATS,Walnuts,Central Coast,52.41471596,2279.333378,0.866689676,2.032823511,505.6102861,101.6411756,177.1638589,539.5941523,0.13,50,0.25594369,0.273146576,0.089681664,651.465234,1.420990198,651.465234,0.17,48.56613578,602.8990982,-4.882352941,0.226007728,0.633990305,0.03460483,0.105397138,0.713111009,0.14675855,3.59775438,52.41471107,106.5498136,4.89E-06,5.34E-05,9.34E-08,5.01E-07,GOOD,2279.333378,546.4878382