g,HR_Region,shortage_pct%,IMPLAN_category,crop_class,basin,i,p,y,xland,xlandsc,xwater,xwatersc,grev_base,gross_revenue,iterations,statussc,lambdawater
ANT01-IDs,Sacramento River,0.8,Trees and Vine,Trees and vines,ANT,Orchards,2061.666385,2.066393172,230.6169292,230.6169292,662.8889632586987,662.8889632586987,982477.3184165967,982477.3184165967,10,Infeasible,N/A
ANT01-IDs,Sacramento River,0.8,Alfalfa and Pasture,Alfalfa and pasture,ANT,Pasture,215.0,3.5,417.254489,417.254489,1763.595640312418,1763.595640312418,313984.0029725,313984.0029725,10,Infeasible,N/A
ANT01-IDs,Sacramento River,0.8,Trees and Vine,Trees and vines,ANT,Walnuts,1949.323208,2.037882063,1854.420103,1854.420103,6536.722008614954,6536.722008614954,7366666.799564798,7366666.799564798,10,Infeasible,N/A
ANT02-WAs,Sacramento River,0.8,Other field and grain,Field and grain,ANT,Field and Grain,173.2298426,2.485487486,610.495454,616.6004146741531,647.1251812400001,651.9624419866971,262855.29262474756,265483.8481921197,2,Good,179.98931867398787
ANT02-WAs,Sacramento River,0.8,Trees and Vine,Trees and vines,ANT,Orchards,2061.666385,2.066393172,752.5419621,760.0673893181284,2151.904185154842,2167.9896689793723,3205989.3065299396,3238049.2319606273,2,Good,179.98931867398787
ANT02-WAs,Sacramento River,0.8,Alfalfa and Pasture,Alfalfa and pasture,ANT,Pasture,215.0,3.5,1220.895677,304.08263987132517,5160.3190618602985,1282.0428052927707,918723.9969425,228822.18650317218,2,Good,179.98931867398787
ANT02-WAs,Sacramento River,0.8,Trees and Vine,Trees and vines,ANT,Almonds,5165.974452,0.856578131,183.9848881,185.82473883475825,657.3511614181565,662.2648613843685,814144.3052479652,822285.7565034376,2,Good,179.98931867398787
ANT02-WAs,Sacramento River,0.8,Trees and Vine,Trees and vines,ANT,Walnuts,1949.323208,2.037882063,2919.768044,2948.9657539232226,10261.959243363643,10338.667388735836,11598751.694596492,11714739.328664288,2,Good,179.98931867398787
BND01-FULL,Sacramento River,0.8,Other field and grain,Field and grain,BND,Field and Grain,173.2298426,2.485487486,131.04541,132.35586539082888,126.24041158965153,127.18405862678195,56422.991141028244,56987.22160821859,2,Good,208.53710880911956
BND01-FULL,Sacramento River,0.8,Alfalfa and Pasture,Alfalfa and pasture,BND,Pasture,215.0,3.5,255.415207,197.64719346380596,931.839813453195,719.2801298285436,192199.9432675,148729.513081514,2,Good,208.53710880911956
BTE01-IDs,Sacramento River,0.8,Alfalfa and Pasture,Alfalfa and pasture,BTE,Alfalfa,187.2098036,5.87624882,427.562673,3.9352342919037754e-18,1514.5220015983195,7.417709855623444e-09,470358.0141824669,4.32911735230593e-15,4,Good,496.93481147739175
BTE01-IDs,Sacramento River,0.8,Other field and grain,Field and grain,BTE,Beans Dry,1054.225767,1.083582552,236.478384,238.84317016805844,507.90301813255076,511.6995930820544,270138.87017771375,272840.2615389266,4,Good,496.93481147739175
BTE01-IDs,Sacramento River,0.8,Corn,Corn,BTE,Corn,166.7194068,5.454093572,935.383313,944.7371523620653,2027.7031598334186,2042.8602340188365,850547.0817881571,859052.5582728758,4,Good,496.93481147739175
BTE01-IDs,Sacramento River,0.8,Other field and grain,Field and grain,BTE,Field and Grain,173.2298426,2.485487486,912.973112,922.1028468806411,876.45418752,883.0056769701803,393090.25634986366,397021.16053254623,4,Good,496.93481147739175
BTE01-IDs,Sacramento River,0.8,Trees and Vine,Trees and vines,BTE,Orchards,2061.666385,2.066393172,5141.725886,5193.143196785625,15705.676682862206,15823.076616067216,21904849.21481853,22123897.928180955,4,Good,496.93481147739175
BTE01-IDs,Sacramento River,0.8,Alfalfa and Pasture,Alfalfa and pasture,BTE,Pasture,215.0,3.5,2085.238983,3.44855809609396e-18,8420.89009231992,7.417709847173054e-09,1569142.3347075002,2.5950399673107046e-15,4,Good,496.93481147739175
BTE01-IDs,Sacramento River,0.8,Corn,Field and grain,BTE,Rice,370.9204663,4.450435008,101766.3145,79527.22566779116,457948.41524999996,356977.83064653765,167991499.62229526,131280158.5315633,4,Good,496.93481147739175
BTE01-IDs,Sacramento River,0.8,Other field and grain,Field and grain,BTE,Safflower,429.9064999,1.059039203,712.990372,6.268323934695863e-18,1589.96852956,7.417709861477155e-09,324615.8442829781,2.853891645959697e-15,4,Good,496.93481147739175
BTE01-IDs,Sacramento River,0.8,Trees and Vine,Trees and vines,BTE,Subtropical,942.1801854,4.535541375,567.2561944,572.9287620031222,1345.6335689257771,1355.6921797057755,2424054.3149194126,2448294.8822517176,4,Good,496.93481147739175
BTE01-IDs,Sacramento River,0.8,Other field and grain,Field and grain,BTE,Sunflowers,3239.762235,0.609912532,230.893158,233.202091888911,557.4787024907141,561.6458557544814,456238.3200316109,460800.70779426955,4,Good,496.93481147739175
BTE01-IDs,Sacramento River,0.8,Vegetables and non-tree fruits,Vegetables,BTE,Tomatoes Processing,77.35725946,46.64298896,774.191738,781.9336631962508,1614.6198805951963,1626.6891642145333,2793418.34442959,2821352.556076277,4,Good,496.93481147739175
BTE01-IDs,Sacramento River,0.8,Vegetables and non-tree fruits,Vegetables,BTE,Truck,742.4217034,17.44810947,55.63443,56.19077486014909,142.4241408,143.48876126629668,720680.3477857313,727887.1585196789,4,Good,496.93481147739175
BTE01-IDs,Sacramento River,0.8,Trees and Vine,Trees and vines,BTE,Almonds,5165.974452,0.856578131,2552.898447,2578.4274572446725,8866.486306076551,8932.763291199515,11296730.693293413,11409698.114280839,4,Good,496.93481147739175
BTE01-IDs,Sacramento River,0.8,Trees and Vine,Trees and vines,BTE,Walnuts,1949.323208,2.037882063,16765.31941,16932.972773402234,58010.78924107186,58444.41989057228,66600077.12488991,67266078.56869037,4,Good,496.93481147739175
BTE02-WAs,Sacramento River,0.8,Alfalfa and Pasture,Alfalfa and pasture,BTE,Alfalfa,187.2098036,5.87624882,844.261016,2.2293514154407904e-19,2952.099352894754,6.881491517577854e-09,928764.2725010093,2.452490291830508e-16,9,Good,513.5133820469099
BTE02-WAs,Sacramento River,0.8,Other field and grain,Field and grain,BTE,Beans Dry,1054.225767,1.083582552,340.32974,343.7330407688928,718.6629677467766,724.0349733042432,388772.49538154434,392660.22418378294,9,Good,513.5133820469099
BTE02-WAs,Sacramento River,0.8,Corn,Corn,BTE,Corn,166.7194068,5.454093572,2042.59385,1906.9128294705667,4422.21568525,4118.145068950533,1857337.2159312153,1733962.0236849233,9,Good,513.5133820469099
BTE02-WAs,Sacramento River,0.8,Other field and grain,Field and grain,BTE,Cotton,1657.32655,0.8275,891.312038,1.4899841378378737e-19,3188.7087493982385,6.881491519005079e-09,1222378.9493146874,2.043420449018787e-16,9,Good,513.5133820469099
BTE02-WAs,Sacramento River,0.8,Vegetables and non-tree fruits,Vegetables,BTE,Cucurbits,161.7514,13.41,195.081332,2.8118087509571654e-19,430.15433706000005,6.881491520009331e-09,423148.23955483694,6.099055766814271e-16,9,Good,513.5133820469099
BTE02-WAs,Sacramento River,0.8,Other field and grain,Field and grain,BTE,Field and Grain,173.2298426,2.485487486,583.517739,1.662232535795924e-19,591.784240497006,6.881491518369912e-09,251239.75130628256,7.156918478986966e-17,9,Good,513.5133820469099
BTE02-WAs,Sacramento River,0.8,Trees and Vine,Trees and vines,BTE,Orchards,2061.666385,2.066393172,482.199202,487.021198883975,1526.8077066910837,1538.2205942966164,2054271.4733345902,2074814.2087895072,9,Good,513.5133820469099
BTE02-WAs,Sacramento River,0.8,Alfalfa and Pasture,Alfalfa and pasture,BTE,Pasture,215.0,3.5,627.896518,4.485307042702896e-19,2518.3882840690344,6.88149152089929e-09,472492.129795,3.3751935496339294e-16,9,Good,513.5133820469099
BTE02-WAs,Sacramento River,0.8,Corn,Field and grain,BTE,Rice,370.9204663,4.450435008,6510.071453,4060.609064996605,29295.321538499997,18227.057302677964,10746548.810488412,6703080.577892656,9,Good,513.5133820469099
BTE02-WAs,Sacramento River,0.8,Trees and Vine,Trees and vines,BTE,Subtropical,942.1801854,4.535541375,277.9083108,280.687396466603,688.1290134870101,693.272559395922,1187584.810174274,1199460.669209688,9,Good,513.5133820469099
BTE02-WAs,Sacramento River,0.8,Other field and grain,Field and grain,BTE,Sunflowers,3239.762235,0.609912532,875.054484,883.8050376541722,2105.964458451685,2121.706542739004,1729082.7981844665,1746373.643582865,9,Good,513.5133820469099
BTE02-WAs,Sacramento River,0.8,Vegetables and non-tree fruits,Vegetables,BTE,Tomatoes Processing,77.35725946,46.64298896,472.497166,477.22214242910496,979.6441240158342,986.9669638541233,1704851.8944481337,1721900.4306003747,9,Good,513.5133820469099
BTE02-WAs,Sacramento River,0.8,Trees and Vine,Trees and vines,BTE,Almonds,5165.974452,0.856578131,523.4565764,528.6911474408957,1879.923959897712,1893.976391479783,2316327.1457872326,2339490.440595689,9,Good,513.5133820469099
BTE02-WAs,Sacramento River,0.8,Trees and Vine,Trees and vines,BTE,Walnuts,1949.323208,2.037882063,14679.16025,14825.952000748566,51740.51446072856,52127.27480627475,58312829.053259194,58895957.93270785,9,Good,513.5133820469099
CHW01-E-ChID&WA,San Joaquin River,0.8,Alfalfa and Pasture,Alfalfa and pasture,CHW,Alfalfa,205.8588937,7.063149253,6701.08917,2.9108460965432416e-22,34123.43518307754,2.910846096544493e-09,9743464.6777952,4.232405420172481e-19,2,Good,669.1291823319258
CHW01-E-ChID&WA,San Joaquin River,0.8,Corn,Corn,CHW,Corn,44.88630607,26.76544219,8648.049177,1219.5882314437367,21312.636745696425,2998.093392380276,10389782.109246679,1465215.5333947325,2,Good,669.1291823319258
CHW01-E-ChID&WA,San Joaquin River,0.8,Other field and grain,Field and grain,CHW,Cotton,2462.1839,0.78,387.241809,1.9902763852701084e-20,1399.2337363909194,2.9118692784931953e-09,743699.2270708065,3.822332648442561e-17,2,Good,669.1291823319258
CHW01-E-ChID&WA,San Joaquin River,0.8,Other field and grain,Field and grain,CHW,Field and Grain,187.333843,2.812754651,2036.102434,2056.4634788756207,984.1161757546324,991.47243351809,1072871.5202978451,1083600.246321538,2,Good,669.1291823319258
CHW01-E-ChID&WA,San Joaquin River,0.8,Trees and Vine,Trees and vines,CHW,Grapes Table,390.5459,12.435,129.8715768,2.911737378276435e-14,426.70028072172073,2.9117850528097646e-09,630713.2953022138,1.4140672825860065e-10,2,Good,669.1291823319258
CHW01-E-ChID&WA,San Joaquin River,0.8,Trees and Vine,Trees and vines,CHW,Grapes Wine,510.5784914,8.495282366,4199.180984,4068.4349726095907,13796.642412630745,13333.651322338024,18213983.01986274,17646871.090071317,2,Good,669.1291823319258
CHW01-E-ChID&WA,San Joaquin River,0.8,Trees and Vine,Trees and vines,CHW,Orchards,3117.281059,2.261810582,2498.737791,2523.725194168214,10016.636557369968,10091.510915697041,17617848.759690434,17794027.42537541,2,Good,669.1291823319258
CHW01-E-ChID&WA,San Joaquin River,0.8,Alfalfa and Pasture,Alfalfa and pasture,CHW,Pasture,215.0,3.5,878.07901,2.910846096541849e-22,5120.17627154688,2.9108460965433716e-09,660754.455025,2.1904116876477413e-19,2,Good,669.1291823319258
CHW01-E-ChID&WA,San Joaquin River,0.8,Vegetables and non-tree fruits,Vegetables,CHW,Potatoes,960.1331262,14.27542043,56.906001,57.475061584173595,104.84499575767626,105.62871211350037,779970.9517067374,787770.6690936026,2,Good,669.1291823319258
CHW01-E-ChID&WA,San Joaquin River,0.8,Trees and Vine,Trees and vines,CHW,Subtropical,826.2221391,4.405931004,213.8288738,2.911544230255954e-14,783.4045034563486,2.9116172025695752e-09,778396.4892179103,1.0598829647083415e-10,2,Good,669.1291823319258
CHW01-E-ChID&WA,San Joaquin River,0.8,Vegetables and non-tree fruits,Vegetables,CHW,Tomatoes Fresh,513.5119746,20.19858006,225.3847609,227.63861078272575,383.15409353,386.0181703882229,2337738.686318793,2361116.096765548,2,Good,669.1291823319258
CHW01-E-ChID&WA,San Joaquin River,0.8,Vegetables and non-tree fruits,Vegetables,CHW,Tomatoes Processing,78.52090496,49.10025147,2028.462848,2048.7474969750797,5267.241862649487,5306.614495559479,7820527.913803949,7898733.271958641,2,Good,669.1291823319258
CHW01-E-ChID&WA,San Joaquin River,0.8,Vegetables and non-tree fruits,Vegetables,CHW,Truck,548.8387,13.5325,140.93905,2.9124022906322396e-14,144.54082578486182,2.912360802400759e-09,1046776.8334085628,2.163087694574258e-10,2,Good,669.1291823319258
CHW01-E-ChID&WA,San Joaquin River,0.8,Trees and Vine,Trees and vines,CHW,Almonds,5157.824281,1.067695081,44976.36602,45426.130134942214,183408.48486827692,184779.46329428809,247684110.66629136,250160954.2772122,2,Good,669.1291823319258
CHW01-E-ChID&WA,San Joaquin River,0.8,Trees and Vine,Trees and vines,CHW,Pistachios,4636.170568,1.382293453,3802.000233,3840.0202737177688,14605.973486453633,14715.15313815039,24365301.837561235,24608955.10194671,2,Good,669.1291823319258
CHW01-E-ChID&WA,San Joaquin River,0.8,Trees and Vine,Trees and vines,CHW,Walnuts,2092.008952,1.920558157,1146.234353,1133.2978038218853,4264.1912150127355,4205.5247968242475,4605368.875752371,4553392.086897109,2,Good,669.1291823319258
CHW02-W-WA,San Joaquin River,0.8,Alfalfa and Pasture,Alfalfa and pasture,CHW,Alfalfa,205.8588937,7.063149253,3752.039125,1.4456721940468927e-08,19723.219001667345,2.4619130542741275e-07,5455510.2546326965,2.1020248501433666e-05,2,Good,611.4829122796785
CHW02-W-WA,San Joaquin River,0.8,Corn,Corn,CHW,Corn,44.88630607,26.76544219,7203.396852,4609.285369869224,18536.741230078867,11831.574496106166,8654174.161932316,5537603.879455798,2,Good,611.4829122796785
CHW02-W-WA,San Joaquin River,0.8,Other field and grain,Field and grain,CHW,Cotton,2462.1839,0.78,389.120801,55.27147726033636,1403.42902240304,198.84742833890175,747307.8376742969,106149.0623229007,2,Good,611.4829122796785
CHW02-W-WA,San Joaquin River,0.8,Other field and grain,Field and grain,CHW,Field and Grain,187.333843,2.812754651,1787.57203,1805.447768081764,804.4074135000001,810.4203489880247,941914.8513566413,951334.0092398484,2,Good,611.4829122796785
CHW02-W-WA,San Joaquin River,0.8,Trees and Vine,Trees and vines,CHW,Grapes Table,390.5459,12.435,114.4634197,115.60805495419989,393.754163768,396.69747594767574,555884.53154553,561443.3819952112,2,Good,611.4829122796785
CHW02-W-WA,San Joaquin River,0.8,Trees and Vine,Trees and vines,CHW,Grapes Wine,510.5784914,8.495282366,3700.983903,3608.0494111578582,12731.38462632,12380.660625785255,16053048.969043277,15649944.82496804,2,Good,611.4829122796785
CHW02-W-WA,San Joaquin River,0.8,Vegetables and non-tree fruits,Vegetables,CHW,Tomatoes Fresh,513.5119746,20.19858006,181.0029373,182.8129684788754,253.40411222,255.29830807257,1877400.9705620026,1896174.9989985463,2,Good,611.4829122796785
CHW02-W-WA,San Joaquin River,0.8,Vegetables and non-tree fruits,Vegetables,CHW,Tomatoes Processing,78.52090496,49.10025147,1629.026436,1645.316716786484,4192.028028096991,4223.363437652496,6280542.297150598,6343347.783452706,2,Good,611.4829122796785
CHW02-W-WA,San Joaquin River,0.8,Trees and Vine,Trees and vines,CHW,Almonds,5157.824281,1.067695081,11628.12759,11744.408983258758,47772.74433940544,48129.8456029625,64035908.09365518,64676267.82088449,2,Good,611.4829122796785
CHW02-W-WA,San Joaquin River,0.8,Trees and Vine,Trees and vines,CHW,Pistachios,4636.170568,1.382293453,7985.874881,8065.7337104017915,30954.00373940703,31185.384917248914,51177864.27883246,51689643.43809717,2,Good,611.4829122796785
CLS01-SC-ColusaCountyWD,Sacramento River,0.8,Alfalfa and Pasture,Alfalfa and pasture,CLS,Alfalfa,187.2098036,5.87624882,379.271176,3.391899364512728e-18,1308.4855572000001,1.53637343786236e-08,417232.954243433,3.731399278156768e-15,6,Good,988.2122676237062
CLS01-SC-ColusaCountyWD,Sacramento River,0.8,Other field and grain,Field and grain,CLS,Beans Dry,1054.225767,1.083582552,150.522743,6.851430112964199e-18,310.57859300649244,1.536373439587303e-08,171948.24762533206,7.82666710805041e-15,6,Good,988.2122676237062
CLS01-SC-ColusaCountyWD,Sacramento River,0.8,Vegetables and non-tree fruits,Vegetables,CLS,Cucurbits,161.7514,13.41,440.391804,8.505829606497134e-18,839.6803731067972,1.536373440067299e-08,955247.8172384981,1.8449878248435753e-14,6,Good,988.2122676237062
CLS01-SC-ColusaCountyWD,Sacramento River,0.8,Other field and grain,Field and grain,CLS,Field and Grain,173.2298426,2.485487486,829.400833,1.7262425495828026e-17,798.9894688468664,1.5363734418422463e-08,357107.3252601556,7.432520382238224e-15,6,Good,988.2122676237062
CLS01-SC-ColusaCountyWD,Sacramento River,0.8,Trees and Vine,Trees and vines,CLS,Grapes Wine,730.6198687,7.837965954,1344.662478,1332.7326921542135,3276.4942385082204,3239.3067313088086,7700308.722977327,7631991.925628899,6,Good,988.2122676237062
CLS01-SC-ColusaCountyWD,Sacramento River,0.8,Trees and Vine,Trees and vines,CLS,Orchards,2061.666385,2.066393172,135.877132,137.04253760969365,426.438033529295,429.0203100041603,578865.5704704351,583830.4469964186,6,Good,988.2122676237062
CLS01-SC-ColusaCountyWD,Sacramento River,0.8,Alfalfa and Pasture,Alfalfa and pasture,CLS,Pasture,215.0,3.5,166.062696,2.828123743193799e-18,672.0003765353542,1.536373437518488e-08,124962.17873999999,2.1281631167533338e-15,6,Good,988.2122676237062
CLS01-SC-ColusaCountyWD,Sacramento River,0.8,Corn,Field and grain,CLS,Rice,370.9204663,4.450435008,286.082715,2.637400635012556e-18,1287.3722175,1.5363734381432458e-08,472253.166924579,4.35370868992758e-15,6,Good,988.2122676237062
CLS01-SC-ColusaCountyWD,Sacramento River,0.8,Trees and Vine,Trees and vines,CLS,Subtropical,942.1801854,4.535541375,315.2866013,274.0169074807074,786.520726382743,681.8595339670944,1347313.3548165648,1170955.6872129985,6,Good,988.2122676237062
CLS01-SC-ColusaCountyWD,Sacramento River,0.8,Other field and grain,Field and grain,CLS,Sunflowers,3239.762235,0.609912532,576.61912,59.49749071534576,1239.731108,127.59980477523598,1139382.9981177086,117565.35120051377,6,Good,988.2122676237062
CLS01-SC-ColusaCountyWD,Sacramento River,0.8,Vegetables and non-tree fruits,Vegetables,CLS,Tomatoes Processing,77.35725946,46.64298896,386.858406,390.72699394975047,986.4889353,993.8629400728196,1395852.3644399706,1409810.9021192659,6,Good,988.2122676237062
CLS01-SC-ColusaCountyWD,Sacramento River,0.8,Vegetables and non-tree fruits,Vegetables,CLS,Truck,742.4217034,17.44810947,64.679023,65.32581387688681,157.81681612,158.99649683100492,837842.6954330496,846221.1307670581,6,Good,988.2122676237062
CLS01-SC-ColusaCountyWD,Sacramento River,0.8,Trees and Vine,Trees and vines,CLS,Almonds,5165.974452,0.856578131,28944.50708,24340.09151638372,104534.60667448564,87685.7534992434,128081201.94406015,107706383.39876847,6,Good,988.2122676237062
CLS01-SC-ColusaCountyWD,Sacramento River,0.8,Trees and Vine,Trees and vines,CLS,Pistachios,3834.493456,1.253131426,969.9866864,713.3839538633376,4003.3562175572197,2936.9374584888797,4660906.551427552,3427898.538056595,6,Good,988.2122676237062
CLS01-SC-ColusaCountyWD,Sacramento River,0.8,Trees and Vine,Trees and vines,CLS,Walnuts,1949.323208,2.037882063,699.8903918,632.0597485312755,2474.662603368079,2229.2408767477855,2780308.1428348054,2510851.536452861,6,Good,988.2122676237062
CLS02-North-WAs,Sacramento River,0.8,Alfalfa and Pasture,Alfalfa and pasture,CLS,Alfalfa,187.2098036,5.87624882,4096.807543,0.04055332000230114,14618.77491457273,0.11523639258873442,4506862.6942867655,44.61235806893854,10,Non-optimal,N/A
CLS02-North-WAs,Sacramento River,0.8,Other field and grain,Field and grain,CLS,Beans Dry,1054.225767,1.083582552,438.754107,416.6113388986121,911.8772855687484,437.9130398224516,501206.6504599072,475912.0664208178,10,Non-optimal,N/A
CLS02-North-WAs,Sacramento River,0.8,Corn,Corn,CLS,Corn,166.7194068,5.454093572,5274.242618,0.0002443462674069806,12552.69743084,0.1164766199537359,4795885.927230166,0.22218485384593986,10,Non-optimal,N/A
CLS02-North-WAs,Sacramento River,0.8,Other field and grain,Field and grain,CLS,Cotton,1657.32655,0.8275,63.331044,60.097667506127806,176.16585408111035,80.66894095767348,86854.58259649605,82420.20810943421,10,Non-optimal,N/A
CLS02-North-WAs,Sacramento River,0.8,Vegetables and non-tree fruits,Vegetables,CLS,Cucurbits,161.7514,13.41,638.95433,606.6602721561708,1294.9474423463182,705.086833671742,1385947.0669158662,1315898.4693150544,10,Non-optimal,N/A
CLS02-North-WAs,Sacramento River,0.8,Other field and grain,Field and grain,CLS,Field and Grain,173.2298426,2.485487486,9589.489405,9103.150669162102,10804.158066163163,3821.714332288533,4128856.369294424,3919458.068478542,10,Non-optimal,N/A
CLS02-North-WAs,Sacramento River,0.8,Trees and Vine,Trees and vines,CLS,Orchards,2061.666385,2.066393172,1699.27859,1584.9228819994435,4961.85057771488,5134.61430565279,7239289.319033806,6752109.606201094,10,Non-optimal,N/A
CLS02-North-WAs,Sacramento River,0.8,Alfalfa and Pasture,Alfalfa and pasture,CLS,Pasture,215.0,3.5,7134.15345,10.236199437468946,29047.894799628048,34.80071282841624,5368450.471125,7702.7400766953815,10,Non-optimal,N/A
CLS02-North-WAs,Sacramento River,0.8,Corn,Field and grain,CLS,Rice,370.9204663,4.450435008,1914.465719,1815.6379841785435,8615.095735500001,5103.039728733942,3160318.5070663607,2997177.8896773816,10,Non-optimal,N/A
CLS02-North-WAs,Sacramento River,0.8,Other field and grain,Field and grain,CLS,Safflower,429.9064999,1.059039203,323.861152,307.5266633459266,606.6998913053797,0.11158209030475857,147450.04338843707,140013.14938031888,10,Non-optimal,N/A
CLS02-North-WAs,Sacramento River,0.8,Trees and Vine,Trees and vines,CLS,Subtropical,942.1801854,4.535541375,7008.989906,6478.065481490066,16987.24284613549,17290.502028475355,29951497.035368305,27682699.171484794,10,Non-optimal,N/A
CLS02-North-WAs,Sacramento River,0.8,Other field and grain,Field and grain,CLS,Sunflowers,3239.762235,0.609912532,1049.442492,978.8842050878517,2602.61738016,2695.5690878316477,2073668.547250184,1934247.3770260455,10,Non-optimal,N/A
CLS02-North-WAs,Sacramento River,0.8,Vegetables and non-tree fruits,Vegetables,CLS,Tomatoes Processing,77.35725946,46.64298896,515.626263,481.0857873445894,1344.0657923918752,1393.175155889502,1860469.1722167104,1735841.132952944,10,Non-optimal,N/A
CLS02-North-WAs,Sacramento River,0.8,Vegetables and non-tree fruits,Vegetables,CLS,Truck,742.4217034,17.44810947,159.206425,148.55505061326892,414.20204909473546,429.5350541810467,2062336.9690086327,1924360.6080137347,10,Non-optimal,N/A
CLS02-North-WAs,Sacramento River,0.8,Trees and Vine,Trees and vines,CLS,Almonds,5165.974452,0.856578131,47875.74192,43717.83093310031,169029.89679168936,163145.69835945213,211853066.01107356,193454057.33883724,10,Non-optimal,N/A
CLS02-North-WAs,Sacramento River,0.8,Vegetables and non-tree fruits,Vegetables,CLS,Berries,5388.84825,4.3725,73.470798,68.55786508040755,197.90881579904647,205.2708920360139,1731173.2354211942,1615411.0794443644,10,Non-optimal,N/A
CLS02-North-WAs,Sacramento River,0.8,Trees and Vine,Trees and vines,CLS,Pistachios,3834.493456,1.253131426,1460.470132,1351.042183995979,5866.000259411606,5997.547379863054,7017740.451332303,6491925.564476332,10,Non-optimal,N/A
CLS02-North-WAs,Sacramento River,0.8,Trees and Vine,Trees and vines,CLS,Walnuts,1949.323208,2.037882063,16258.06422,14995.74375743319,56766.12493662621,56951.44649421415,64585010.549072094,59570454.12415062,10,Non-optimal,N/A
CLS03-IDs,Sacramento River,0.8,Alfalfa and Pasture,Alfalfa and pasture,CLS,Alfalfa,187.2098036,5.87624882,7001.673736,7001.673736,23502.284842840556,23502.284842840556,7702480.975037065,7702480.975037065,10,Infeasible,N/A
CLS03-IDs,Sacramento River,0.8,Other field and grain,Field and grain,CLS,Beans Dry,1054.225767,1.083582552,2607.765091,2607.765091,5598.002396215922,5598.002396215922,2978956.0612509213,2978956.0612509213,10,Infeasible,N/A
CLS03-IDs,Sacramento River,0.8,Corn,Corn,CLS,Corn,166.7194068,5.454093572,5950.540547,5950.540547,15084.620286645,15084.620286645,5410845.828626572,5410845.828626572,10,Infeasible,N/A
CLS03-IDs,Sacramento River,0.8,Other field and grain,Field and grain,CLS,Cotton,1657.32655,0.8275,2106.341442,2106.341442,5883.713760617886,5883.713760617886,2888716.105021285,2888716.105021285,10,Infeasible,N/A
CLS03-IDs,Sacramento River,0.8,Vegetables and non-tree fruits,Vegetables,CLS,Cucurbits,161.7514,13.41,5276.415198,5276.415198,10702.328824851194,10702.328824851194,11444999.781906791,11444999.781906791,10,Infeasible,N/A
CLS03-IDs,Sacramento River,0.8,Other field and grain,Field and grain,CLS,Field and Grain,173.2298426,2.485487486,10961.92117,10961.92117,10541.71419547064,10541.71419547064,4719771.421704583,4719771.421704583,10,Infeasible,N/A
CLS03-IDs,Sacramento River,0.8,Trees and Vine,Trees and vines,CLS,Grapes Wine,730.6198687,7.837965954,353.2541741,353.2541741,860.7626710080847,860.7626710080847,2022936.0473389972,2022936.0473389972,10,Infeasible,N/A
CLS03-IDs,Sacramento River,0.8,Trees and Vine,Trees and vines,CLS,Orchards,2061.666385,2.066393172,1692.695334,1692.695334,5509.514330311369,5509.514330311369,7211243.243996007,7211243.243996007,10,Infeasible,N/A
CLS03-IDs,Sacramento River,0.8,Alfalfa and Pasture,Alfalfa and pasture,CLS,Pasture,215.0,3.5,5964.908696,5964.908696,23869.57630048164,23869.57630048164,4488593.793740001,4488593.793740001,10,Infeasible,N/A
CLS03-IDs,Sacramento River,0.8,Corn,Field and grain,CLS,Rice,370.9204663,4.450435008,184263.8212,184263.8212,829187.1954000001,829187.1954000001,304174871.6322284,304174871.6322284,10,Infeasible,N/A
CLS03-IDs,Sacramento River,0.8,Other field and grain,Field and grain,CLS,Safflower,429.9064999,1.059039203,415.014405,415.014405,808.5863989366618,808.5863989366618,188951.0107840177,188951.0107840177,10,Infeasible,N/A
CLS03-IDs,Sacramento River,0.8,Trees and Vine,Trees and vines,CLS,Subtropical,942.1801854,4.535541375,619.0154128,619.0154128,1519.1699934397266,1519.1699934397266,2645236.838685567,2645236.838685567,10,Infeasible,N/A
CLS03-IDs,Sacramento River,0.8,Other field and grain,Field and grain,CLS,Sunflowers,3239.762235,0.609912532,7910.757272,7910.757272,17331.150720769747,17331.150720769747,15631431.607666474,15631431.607666474,10,Infeasible,N/A
CLS03-IDs,Sacramento River,0.8,Vegetables and non-tree fruits,Vegetables,CLS,Tomatoes Processing,77.35725946,46.64298896,11962.36644,11962.36644,27912.188356012546,27912.188356012546,43162297.1624697,43162297.1624697,10,Infeasible,N/A
CLS03-IDs,Sacramento River,0.8,Vegetables and non-tree fruits,Vegetables,CLS,Truck,742.4217034,17.44810947,568.626437,568.626437,1281.3049045171247,1281.3049045171247,7365904.501534774,7365904.501534774,10,Infeasible,N/A
CLS03-IDs,Sacramento River,0.8,Trees and Vine,Trees and vines,CLS,Almonds,5165.974452,0.856578131,42708.1468,42708.1468,152272.49750524954,152272.49750524954,188986143.7207576,188986143.7207576,10,Infeasible,N/A
CLS03-IDs,Sacramento River,0.8,Trees and Vine,Trees and vines,CLS,Pistachios,3834.493456,1.253131426,2461.528541,2461.528541,10003.995708623352,10003.995708623352,11827950.49059222,11827950.49059222,10,Infeasible,N/A
CLS03-IDs,Sacramento River,0.8,Trees and Vine,Trees and vines,CLS,Walnuts,1949.323208,2.037882063,27401.12395,27401.12395,96194.07040673558,96194.07040673558,108850712.81673053,108850712.81673053,10,Infeasible,N/A
CRN01-IDs,Sacramento River,0.8,Other field and grain,Field and grain,CRN,Field and Grain,173.2298426,2.485487486,729.920359,2.34169646058389e-08,941.59726311,1.311460400128615e-07,314274.9520911351,1.008242247099704e-05,2,Good,973.7359802390224
CRN01-IDs,Sacramento River,0.8,Trees and Vine,Trees and vines,CRN,Orchards,2061.666385,2.066393172,602.7064495,608.7335199086234,1647.4871948297719,1659.8021612117432,2567658.0568099422,2593334.662571339,2,Good,973.7359802390224
CRN01-IDs,Sacramento River,0.8,Alfalfa and Pasture,Alfalfa and pasture,CRN,Pasture,215.0,3.5,468.279455,1.6280118997937707e-17,1918.3848341394264,6.238331063992606e-08,352380.2898875,1.2250789545948125e-14,2,Good,973.7359802390224
CRN01-IDs,Sacramento River,0.8,Trees and Vine,Trees and vines,CRN,Subtropical,942.1801854,4.535541375,2707.601333,2430.1694250919622,6447.180445479704,5772.109467557016,11570385.231812999,10384836.23278949,2,Good,973.7359802390224
CRN01-IDs,Sacramento River,0.8,Trees and Vine,Trees and vines,CRN,Almonds,5165.974452,0.856578131,2659.568143,2339.7585716626386,9260.96466671446,8126.977399733798,11768750.577305462,10353573.798620313,2,Good,973.7359802390224
CRN01-IDs,Sacramento River,0.8,Trees and Vine,Trees and vines,CRN,Walnuts,1949.323208,2.037882063,1559.438072,1428.2019737942953,5403.602098444843,4936.484273404241,6194853.395083012,5673519.202257779,2,Good,973.7359802390224
CRN02-WAs,Sacramento River,0.8,Alfalfa and Pasture,Alfalfa and pasture,CRN,Alfalfa,187.2098036,5.87624882,1589.351158,1380.3284524732348,5859.40793635645,5076.088817294607,1748431.520624075,1518487.4424827734,2,Good,186.4996520988751
CRN02-WAs,Sacramento River,0.8,Other field and grain,Field and grain,CRN,Beans Dry,1054.225767,1.083582552,86.017837,86.87801622766827,180.0640054246607,181.40998389084905,98261.67157126183,99244.28926672378,2,Good,186.4996520988751
CRN02-WAs,Sacramento River,0.8,Corn,Corn,CRN,Corn,166.7194068,5.454093572,1372.078527,1385.7993261140834,3068.8823058473595,3091.822201101376,1247635.456934908,1260111.8240927272,2,Good,186.4996520988751
CRN02-WAs,Sacramento River,0.8,Other field and grain,Field and grain,CRN,Field and Grain,173.2298426,2.485487486,6964.511263,7034.156445932042,8984.21952927,9051.376570249275,2998644.189780019,3028630.6619471093,2,Good,186.4996520988751
CRN02-WAs,Sacramento River,0.8,Trees and Vine,Trees and vines,CRN,Orchards,2061.666385,2.066393172,4205.259916,4247.3125576295815,11426.869732684498,11512.285583975556,17915304.396120124,18094457.621010803,2,Good,186.4996520988751
CRN02-WAs,Sacramento River,0.8,Alfalfa and Pasture,Alfalfa and pasture,CRN,Pasture,215.0,3.5,8111.679012,62.55232223693915,33230.84502186389,255.61537091053017,6104038.45653,47070.622483296705,2,Good,186.4996520988751
CRN02-WAs,Sacramento River,0.8,Other field and grain,Field and grain,CRN,Safflower,429.9064999,1.059039203,196.070039,198.0307412894695,348.5215983321531,351.1267971851899,89268.30396046561,90160.98786487561,2,Good,186.4996520988751
CRN02-WAs,Sacramento River,0.8,Trees and Vine,Trees and vines,CRN,Subtropical,942.1801854,4.535541375,7005.702567,7075.759663416997,16553.216955651373,16676.95225241873,29937449.258779492,30236824.053690232,2,Good,186.4996520988751
CRN02-WAs,Sacramento River,0.8,Trees and Vine,Trees and vines,CRN,Almonds,5165.974452,0.856578131,13142.85071,13274.279349838285,45490.51966464329,45830.561299169785,58157912.70017179,58739492.41454848,2,Good,186.4996520988751
CRN02-WAs,Sacramento River,0.8,Trees and Vine,Trees and vines,CRN,Pistachios,3834.493456,1.253131426,409.2300229,413.32232725696485,1604.862049004122,1616.8583928487021,1966401.1078899454,1986065.138804229,2,Good,186.4996520988751
CRN02-WAs,Sacramento River,0.8,Trees and Vine,Trees and vines,CRN,Walnuts,1949.323208,2.037882063,10821.01476,10929.225016885734,37372.35748954086,37651.715861801575,42986381.586962685,43416245.836968884,2,Good,186.4996520988751
CSM01-IDs,San Joaquin River,0.8,Alfalfa and Pasture,Alfalfa and pasture,CSM,Alfalfa,205.8588937,7.063149253,290.727018,290.3139240698323,1109.608118796909,1105.2613874520698,422720.5994281269,422119.9558588367,2,Good,165.33126511673277
CSM01-IDs,San Joaquin River,0.8,Other field and grain,Field and grain,CSM,Field and Grain,187.333843,2.812754651,142.861568,144.29018503899925,110.95581786095386,111.78521244322543,75277.20859857977,76029.98140065507,2,Good,165.33126511673277
CSM01-IDs,San Joaquin River,0.8,Trees and Vine,Trees and vines,CSM,Grapes Wine,510.5784914,8.495282366,509.0655486,514.1562091903747,1318.479770874,1328.3354072989866,2208076.1209213724,2230156.904270855,2,Good,165.33126511673277
CSM01-IDs,San Joaquin River,0.8,Alfalfa and Pasture,Alfalfa and pasture,CSM,Pasture,215.0,3.5,1858.478232,1348.3082744003066,7985.261470779493,5778.748083853665,1398504.86958,1014601.9764862307,2,Good,165.33126511673277
CSM01-IDs,San Joaquin River,0.8,Trees and Vine,Trees and vines,CSM,Walnuts,2092.008952,1.920558157,123.7276382,124.96491580558198,459.40059814623817,462.83461775466117,497115.9802925834,502087.1450116474,2,Good,165.33126511673277
CSM02-WAs,San Joaquin River,0.8,Alfalfa and Pasture,Alfalfa and pasture,CSM,Alfalfa,205.8588937,7.063149253,3494.790312,3466.09388007644,13909.26544176,13760.565871047822,5081467.37006827,5039742.411075379,2,Good,162.77360953795937
CSM02-WAs,San Joaquin River,0.8,Corn,Corn,CSM,Corn,44.88630607,26.76544219,4246.471415,4288.936172030643,9844.736229026175,9918.325632374002,5101718.530039578,5152735.766856858,2,Good,162.77360953795937
CSM02-WAs,San Joaquin River,0.8,Other field and grain,Field and grain,CSM,Field and Grain,187.333843,2.812754651,8245.515239,8327.970474649772,6623.897239248162,6673.410854605992,4344761.011225715,4388208.665209556,2,Good,162.77360953795937
CSM02-WAs,San Joaquin River,0.8,Trees and Vine,Trees and vines,CSM,Grapes Table,390.5459,12.435,560.2635807,565.8662221621222,1410.9304505427456,1421.4771557076856,2720885.492637791,2748094.3750279206,2,Good,162.77360953795937
CSM02-WAs,San Joaquin River,0.8,Trees and Vine,Trees and vines,CSM,Grapes Wine,510.5784914,8.495282366,18115.18911,18296.341184054785,45620.084569311606,45961.094701501555,78574785.91857295,79360534.5713266,2,Good,162.77360953795937
CSM02-WAs,San Joaquin River,0.8,Trees and Vine,Trees and vines,CSM,Orchards,3117.281059,2.261810582,250.3472515,252.8507265414845,885.5107411530522,892.129933992061,1765123.1874818131,1782774.4371701137,2,Good,162.77360953795937
CSM02-WAs,San Joaquin River,0.8,Alfalfa and Pasture,Alfalfa and pasture,CSM,Pasture,215.0,3.5,10338.09063,4020.2253338199907,45280.8369594,17564.56531913657,7779413.199075,3025219.563699543,2,Good,162.77360953795937
CSM02-WAs,San Joaquin River,0.8,Trees and Vine,Trees and vines,CSM,Subtropical,826.2221391,4.405931004,274.5547812,277.30033177139126,805.4631193061491,811.4839561391533,999455.6580977116,1009450.2247236394,2,Good,162.77360953795937
CSM02-WAs,San Joaquin River,0.8,Vegetables and non-tree fruits,Vegetables,CSM,Tomatoes Processing,78.52090496,49.10025147,97.7946831,98.772630916346,268.6093962805982,270.6172515673026,377037.2475686384,380807.623843224,2,Good,162.77360953795937
CSM02-WAs,San Joaquin River,0.8,Vegetables and non-tree fruits,Vegetables,CSM,Truck,548.8387,13.5325,153.330866,154.86417620572038,403.51572907444364,406.53200919763526,1138812.8299096145,1150200.9696890227,2,Good,162.77360953795937
CSM02-WAs,San Joaquin River,0.8,Trees and Vine,Trees and vines,CSM,Almonds,5157.824281,1.067695081,1747.027125,1764.4974138915609,7089.7557739727945,7142.751698425448,9620849.749690667,9717058.34433936,2,Good,162.77360953795937
CSM02-WAs,San Joaquin River,0.8,Trees and Vine,Trees and vines,CSM,Walnuts,2092.008952,1.920558157,1157.656171,1169.2327443962156,4295.121028924592,4327.227058649207,4651259.740028107,4697772.384381555,2,Good,162.77360953795937
DLM01-CC-IDs,San Joaquin River,0.8,Alfalfa and Pasture,Alfalfa and pasture,DLM,Alfalfa,205.8588937,7.063149253,34412.4571,6908.826973881124,147858.8573511375,29610.713954251205,50036128.71338535,10045517.956450269,9,Good,306.50857300125455
DLM01-CC-IDs,San Joaquin River,0.8,Other field and grain,Field and grain,DLM,Beans Dry,1415.3103,1.200351344,4713.72541,4760.862711701382,8304.012932187909,8366.085428872992,8008004.8997573815,8088085.029623497,9,Good,306.50857300125455
DLM01-CC-IDs,San Joaquin River,0.8,Corn,Corn,DLM,Corn,44.88630607,26.76544219,30623.5714,30929.80742328728,57878.549946,58311.192106749644,36791214.72842178,37159127.2472843,9,Good,306.50857300125455
DLM01-CC-IDs,San Joaquin River,0.8,Other field and grain,Field and grain,DLM,Cotton,2462.1839,0.78,50651.49637,51158.01184526817,170020.1894988505,171291.0904153441,97276373.1210355,98249137.8347143,9,Good,306.50857300125455
DLM01-CC-IDs,San Joaquin River,0.8,Vegetables and non-tree fruits,Vegetables,DLM,Cucurbits,252.19315,13.35,3704.880066,3741.9289040755475,8595.321753119999,8659.571783245621,12473510.745793585,12598245.979221383,9,Good,306.50857300125455
DLM01-CC-IDs,San Joaquin River,0.8,Other field and grain,Field and grain,DLM,Field and Grain,187.333843,2.812754651,12605.87996,12731.938886917149,9496.429565664708,9567.41534505084,6642342.434023798,6708765.925450515,9,Good,306.50857300125455
DLM01-CC-IDs,San Joaquin River,0.8,Trees and Vine,Trees and vines,DLM,Grapes Wine,510.5784914,8.495282366,1009.202105,1019.2941362292291,2644.1095151,2663.8742337192416,4377422.662685533,4421196.933464881,9,Good,306.50857300125455
DLM01-CC-IDs,San Joaquin River,0.8,Vegetables and non-tree fruits,Vegetables,DLM,Onions and Garlic,248.2454,30.0225,1472.054909,1486.7754729560568,4318.027732575982,4350.304989901729,10971147.985543458,11080859.576194834,9,Good,306.50857300125455
DLM01-CC-IDs,San Joaquin River,0.8,Trees and Vine,Trees and vines,DLM,Orchards,3117.281059,2.261810582,5060.585683,5111.191590939655,17376.144032253305,17506.030708916365,35680667.8634608,36037474.90245421,9,Good,306.50857300125455
DLM01-CC-IDs,San Joaquin River,0.8,Alfalfa and Pasture,Alfalfa and pasture,DLM,Pasture,215.0,3.5,10358.02907,4.619932869462509e-18,55657.14286601399,1.6619856260798744e-08,7794416.875175,3.4764994842705376e-15,9,Good,306.50857300125455
DLM01-CC-IDs,San Joaquin River,0.8,Vegetables and non-tree fruits,Vegetables,DLM,Potatoes,960.1331262,14.27542043,656.476047,663.0408141010616,1116.0092799,1124.3514492980703,8997860.298622403,9087838.992495975,9,Good,306.50857300125455
DLM01-CC-IDs,San Joaquin River,0.8,Corn,Field and grain,DLM,Rice,356.2897,4.3575,1892.100513,1911.021537221036,8514.4523085,8578.097839449652,2937547.2894688793,2966922.7920030192,9,Good,306.50857300125455
DLM01-CC-IDs,San Joaquin River,0.8,Trees and Vine,Trees and vines,DLM,Subtropical,826.2221391,4.405931004,579.5792141,584.9120378190679,2194.3262226569054,2208.9803413330524,2109829.3109895037,2129242.270459248,9,Good,306.50857300125455
DLM01-CC-IDs,San Joaquin River,0.8,Vegetables and non-tree fruits,Vegetables,DLM,Tomatoes Fresh,513.5119746,20.19858006,2594.721939,2620.669184594446,4194.8004689149075,4226.1566024461345,26913007.928391896,27182138.2794739,9,Good,306.50857300125455
DLM01-CC-IDs,San Joaquin River,0.8,Vegetables and non-tree fruits,Vegetables,DLM,Tomatoes Processing,78.52090496,49.10025147,23352.49745,23586.022660357707,49624.05708125,49994.996907956716,90033129.44322683,90933461.646984,9,Good,306.50857300125455
DLM01-CC-IDs,San Joaquin River,0.8,Vegetables and non-tree fruits,Vegetables,DLM,Truck,548.8387,13.5325,981.750902,991.5684209328722,985.0234046794164,992.3864546562766,7291620.74238162,7364537.023429921,9,Good,306.50857300125455
DLM01-CC-IDs,San Joaquin River,0.8,Trees and Vine,Trees and vines,DLM,Almonds,5157.824281,1.067695081,56186.3971,56748.261638891156,226894.2788238225,228590.31355970594,309417568.1305208,312511746.9391933,9,Good,306.50857300125455
DLM01-CC-IDs,San Joaquin River,0.8,Vegetables and non-tree fruits,Vegetables,DLM,Lettuce,479.2433265,17.02508876,317.202615,320.374644352518,815.8833074587675,821.9820352085773,2588106.9425402586,2613988.0380955185,9,Good,306.50857300125455
DLM01-CC-IDs,San Joaquin River,0.8,Trees and Vine,Trees and vines,DLM,Pistachios,4636.170568,1.382293453,10256.54433,10359.109876886818,38942.867594658994,39233.96552994257,65729558.94155445,66386855.19481111,9,Good,306.50857300125455
DLM01-CC-IDs,San Joaquin River,0.8,Trees and Vine,Trees and vines,DLM,Walnuts,2092.008952,1.920558157,8137.408794,8218.782964118363,30109.060666135625,30334.12589460976,32694683.326387126,33021630.489829272,9,Good,306.50857300125455
DLM02-NE-WAs,San Joaquin River,0.8,Alfalfa and Pasture,Alfalfa and pasture,DLM,Alfalfa,205.8588937,7.063149253,662.982182,6.2970243077286005e-21,2848.6134422143273,6.297024307731354e-08,963984.1089183101,9.155949482399051e-18,3,Good,904.9385166221715
DLM02-NE-WAs,San Joaquin River,0.8,Other field and grain,Field and grain,DLM,Beans Dry,1415.3103,1.200351344,825.969964,834.2296716448836,1455.08375352199,1465.960504062478,1403215.279518038,1417247.445912472,3,Good,904.9385166221715
DLM02-NE-WAs,San Joaquin River,0.8,Corn,Corn,DLM,Corn,44.88630607,26.76544219,691.807147,3.2768733683906824e-17,1307.51550783,6.297023528373958e-08,831138.3725783809,3.9368416622467606e-14,3,Good,904.9385166221715
DLM02-NE-WAs,San Joaquin River,0.8,Other field and grain,Field and grain,DLM,Field and Grain,187.333843,2.812754651,775.229118,625.050209505942,584.0059353015903,469.6939735507426,408486.93490035756,329354.0429681185,3,Good,904.9385166221715
DLM02-NE-WAs,San Joaquin River,0.8,Trees and Vine,Trees and vines,DLM,Orchards,3117.281059,2.261810582,50.0809246,50.58173431634233,174.05003730277681,175.35106128446952,353105.53933518357,356636.5980447777,3,Good,904.9385166221715
DLM02-NE-WAs,San Joaquin River,0.8,Alfalfa and Pasture,Alfalfa and pasture,DLM,Pasture,215.0,3.5,66.72878,6.2970242249811536e-21,358.55597784442375,6.29702422498457e-08,50213.40695,4.738510729298318e-18,3,Good,904.9385166221715
DLM02-NE-WAs,San Joaquin River,0.8,Vegetables and non-tree fruits,Vegetables,DLM,Tomatoes Fresh,513.5119746,20.19858006,77.1935053,77.96544111040751,124.79616692739783,125.72901831514,800667.4584020857,808674.1408420984,3,Good,904.9385166221715
DLM02-NE-WAs,San Joaquin River,0.8,Vegetables and non-tree fruits,Vegetables,DLM,Tomatoes Processing,78.52090496,49.10025147,694.7415477,701.6889701646869,1476.3257888624998,1487.3613241481817,2678503.908525717,2705288.974551276,3,Good,904.9385166221715
DLM02-NE-WAs,San Joaquin River,0.8,Trees and Vine,Trees and vines,DLM,Almonds,5157.824281,1.067695081,4071.920217,3901.8588660653195,16738.067444745277,15998.91422105784,22423997.91044161,21487472.837557025,3,Good,904.9385166221715
DLM02-NE-WAs,San Joaquin River,0.8,Trees and Vine,Trees and vines,DLM,Walnuts,2092.008952,1.920558157,762.4398587,700.175030906629,2849.0547381855367,2609.8450315051027,3063349.816466385,2813180.6436238815,3,Good,904.9385166221715
DLM03-NW,San Joaquin River,0.8,Alfalfa and Pasture,Alfalfa and pasture,DLM,Alfalfa,205.8588937,7.063149253,313.900605,0.00016144889000814,1348.7262662546336,0.0007181719995758532,456415.2751240054,0.23474863819243202,2,Good,280.72380554604604
DLM03-NW,San Joaquin River,0.8,Other field and grain,Field and grain,DLM,Beans Dry,1415.3103,1.200351344,1126.515782,585.6623963152659,1984.5453029988387,1029.1627920219075,1913803.439371327,994964.0531344186,2,Good,280.72380554604604
DLM03-NW,San Joaquin River,0.8,Corn,Corn,DLM,Corn,44.88630607,26.76544219,895.837799,0.0006460528983047731,1693.13344011,0.0012262455049044025,1076261.1713160847,0.7761691344547142,2,Good,280.72380554604604
DLM03-NW,San Joaquin River,0.8,Vegetables and non-tree fruits,Vegetables,DLM,Cucurbits,252.19315,13.35,209.739046,0.00022046103448037898,486.59458672,0.0007841556109488399,706144.9216946108,0.7422434825505029,2,Good,280.72380554604604
DLM03-NW,San Joaquin River,0.8,Other field and grain,Field and grain,DLM,Field and Grain,187.333843,2.812754651,2791.136441,9.524968196479284e-10,2102.656117956288,1.61858618895871e-08,1470717.1637389178,5.018935658197516e-07,2,Good,280.72380554604604
DLM03-NW,San Joaquin River,0.8,Trees and Vine,Trees and vines,DLM,Grapes Wine,510.5784914,8.495282366,873.7323473,797.9251920607953,2289.178749926,2085.337673134552,3789821.443339585,3461007.2665817835,2,Good,280.72380554604604
DLM03-NW,San Joaquin River,0.8,Vegetables and non-tree fruits,Vegetables,DLM,Onions and Garlic,248.2454,30.0225,182.766406,184.59401666376482,536.1147908724112,540.1220873033695,1362148.4326111628,1375769.5189779357,2,Good,280.72380554604604
DLM03-NW,San Joaquin River,0.8,Trees and Vine,Trees and vines,DLM,Orchards,3117.281059,2.261810582,4561.097633,4606.70822486904,15500.896221494131,15616.763961270362,32158927.825803246,32480514.393342663,2,Good,280.72380554604604
DLM03-NW,San Joaquin River,0.8,Alfalfa and Pasture,Alfalfa and pasture,DLM,Pasture,215.0,3.5,176.408144,0.0021592226036224998,947.8997603678639,0.01872066726884962,132747.12836,1.624815009225931,2,Good,280.72380554604604
DLM03-NW,San Joaquin River,0.8,Trees and Vine,Trees and vines,DLM,Subtropical,826.2221391,4.405931004,1028.300179,0.00020191479058373894,3818.327836929992,0.0007805091111806517,3743298.250471115,0.7350259173069263,2,Good,280.72380554604604
DLM03-NW,San Joaquin River,0.8,Vegetables and non-tree fruits,Vegetables,DLM,Tomatoes Fresh,513.5119746,20.19858006,161.6213041,163.2373841068012,261.28777501554043,263.2406839764098,1676370.5479426857,1693132.8735631017,2,Good,280.72380554604604
DLM03-NW,San Joaquin River,0.8,Vegetables and non-tree fruits,Vegetables,DLM,Tomatoes Processing,78.52090496,49.10025147,1454.591737,1469.1374546876887,3091.007441125,3114.1122673487257,5608027.425108193,5664106.929504856,2,Good,280.72380554604604
DLM03-NW,San Joaquin River,0.8,Vegetables and non-tree fruits,Vegetables,DLM,Truck,548.8387,13.5325,296.285504,299.24823277176154,297.27312224790484,299.495167217918,2200559.7572992016,2222564.4170578206,2,Good,280.72380554604604
DLM03-NW,San Joaquin River,0.8,Trees and Vine,Trees and vines,DLM,Almonds,5157.824281,1.067695081,21812.54443,18519.263748741003,86756.5412334487,73473.80265476691,120121324.7444467,101985281.99814317,2,Good,280.72380554604604
DLM03-NW,San Joaquin River,0.8,Vegetables and non-tree fruits,Vegetables,DLM,Lettuce,479.2433265,17.02508876,303.164662,306.19624618025506,779.776002594365,785.6046601646264,2473569.0355360755,2498304.216435556,2,Good,280.72380554604604
DLM03-NW,San Joaquin River,0.8,Trees and Vine,Trees and vines,DLM,Pistachios,4636.170568,1.382293453,360.5249719,333.71295363425423,1344.0830596534427,1241.0141252103167,2310441.668066511,2138615.5560508305,2,Good,280.72380554604604
DLM03-NW,San Joaquin River,0.8,Trees and Vine,Trees and vines,DLM,Walnuts,2092.008952,1.920558157,2206.197321,1808.1115286934912,8095.033663575477,6617.781479147417,8864114.436379716,7264675.4447203735,2,Good,280.72380554604604
DLM04-SW-IDs,San Joaquin River,0.8,Alfalfa and Pasture,Alfalfa and pasture,DLM,Alfalfa,205.8588937,7.063149253,1597.008057,426.1209755638938,6861.811285442336,0.07588527422770223,2322069.024718536,619585.0508096478,10,Non-optimal,N/A
DLM04-SW-IDs,San Joaquin River,0.8,Other field and grain,Field and grain,DLM,Beans Dry,1415.3103,1.200351344,236.537364,224.67570036504213,416.6999896588458,209.34675224089486,401846.14187946415,381694.72187809914,10,Non-optimal,N/A
DLM04-SW-IDs,San Joaquin River,0.8,Corn,Corn,DLM,Corn,44.88630607,26.76544219,1059.163566,784.8348447401085,2001.8191397399999,1612.6112014669652,1272481.0467151108,942902.0189062891,10,Non-optimal,N/A
DLM04-SW-IDs,San Joaquin River,0.8,Other field and grain,Field and grain,DLM,Cotton,2462.1839,0.78,5817.653703,5518.390763710219,19527.924265009216,7731.040544789523,11172823.960975545,10598088.456006484,10,Non-optimal,N/A
DLM04-SW-IDs,San Joaquin River,0.8,Vegetables and non-tree fruits,Vegetables,DLM,Cucurbits,252.19315,13.35,3337.818693,1.7430553789768417,7743.73936776,4.391468562562666,11237696.387725983,5868.4814657589895,10,Non-optimal,N/A
DLM04-SW-IDs,San Joaquin River,0.8,Other field and grain,Field and grain,DLM,Field and Grain,187.333843,2.812754651,10363.79046,9458.007554320793,7807.388809745404,7859.75686712747,5460931.356496038,4983652.479535641,10,Non-optimal,N/A
DLM04-SW-IDs,San Joaquin River,0.8,Trees and Vine,Trees and vines,DLM,Grapes Table,390.5459,12.435,102.8485771,95.73405238669898,269.463272002,279.6264971538387,499477.7654835156,464926.5154178806,10,Non-optimal,N/A
DLM04-SW-IDs,San Joaquin River,0.8,Trees and Vine,Trees and vines,DLM,Grapes Wine,510.5784914,8.495282366,3325.437327,3014.8301481549106,8712.64579674,8680.288084724047,14424112.52060379,13076851.25635057,10,Non-optimal,N/A
DLM04-SW-IDs,San Joaquin River,0.8,Vegetables and non-tree fruits,Vegetables,DLM,Onions and Garlic,248.2454,30.0225,416.878836,388.06944129195205,1222.8445854610404,1268.4378305728787,3106976.087532005,2892261.1806467436,10,Non-optimal,N/A
DLM04-SW-IDs,San Joaquin River,0.8,Trees and Vine,Trees and vines,DLM,Orchards,3117.281059,2.261810582,1400.840631,1303.2704695790335,4790.105326371445,4954.783202344037,9876906.037231866,9188968.16973548,10,Non-optimal,N/A
DLM04-SW-IDs,San Joaquin River,0.8,Alfalfa and Pasture,Alfalfa and pasture,DLM,Pasture,215.0,3.5,5082.613946,4713.817229224773,27310.578934812464,117.70217698707076,3824666.994365,3547147.4649916417,10,Non-optimal,N/A
DLM04-SW-IDs,San Joaquin River,0.8,Vegetables and non-tree fruits,Vegetables,DLM,Potatoes,960.1331262,14.27542043,58.077371,54.07506150174844,98.7315307,102.51551507455774,796026.1050762514,741169.2342099225,10,Non-optimal,N/A
DLM04-SW-IDs,San Joaquin River,0.8,Trees and Vine,Trees and vines,DLM,Subtropical,826.2221391,4.405931004,250.2848035,218.6130069417846,940.2401573875002,422.86285478338704,911106.19855397,795812.0625936524,10,Non-optimal,N/A
DLM04-SW-IDs,San Joaquin River,0.8,Vegetables and non-tree fruits,Vegetables,DLM,Tomatoes Fresh,513.5119746,20.19858006,868.1262969,808.0515479578079,1403.4708469443756,1455.5634882257214,9004390.628584884,8381282.552811462,10,Non-optimal,N/A
DLM04-SW-IDs,San Joaquin River,0.8,Vegetables and non-tree fruits,Vegetables,DLM,Tomatoes Processing,78.52090496,49.10025147,7813.136672,7250.768279829948,16602.915428,17011.898716351516,30122737.272702213,27954584.322233718,10,Non-optimal,N/A
DLM04-SW-IDs,San Joaquin River,0.8,Vegetables and non-tree fruits,Vegetables,DLM,Truck,548.8387,13.5325,938.015322,873.1393657189243,941.1420394273282,976.4213800686639,6966789.604810542,6484945.516317987,10,Non-optimal,N/A
DLM04-SW-IDs,San Joaquin River,0.8,Trees and Vine,Trees and vines,DLM,Almonds,5157.824281,1.067695081,28800.6397,26369.666869878056,115596.50535486994,109659.9554266404,158604650.88581616,145217323.34550476,10,Non-optimal,N/A
DLM04-SW-IDs,San Joaquin River,0.8,Vegetables and non-tree fruits,Vegetables,DLM,Lettuce,479.2433265,17.02508876,158.449109,150.40388735674463,407.5501808672503,229.60067329023173,1292811.6593307976,1227169.4073298664,10,Non-optimal,N/A
DLM04-SW-IDs,San Joaquin River,0.8,Trees and Vine,Trees and vines,DLM,Pistachios,4636.170568,1.382293453,12425.23273,11481.835952318434,46832.3997816422,46892.21095908357,79627703.13391377,73581899.39058875,10,Non-optimal,N/A
DLM04-SW-IDs,San Joaquin River,0.8,Trees and Vine,Trees and vines,DLM,Walnuts,2092.008952,1.920558157,130.6052946,115.78381994920377,481.62385899057927,468.8497261616235,524749.1991363387,465199.1098628149,10,Non-optimal,N/A
DLM05-S-WAs,San Joaquin River,0.8,Alfalfa and Pasture,Alfalfa and pasture,DLM,Alfalfa,205.8588937,7.063149253,640.844005,640.844005,3354.8183661750004,3354.8183661750004,931794.9318818437,931794.9318818437,10,Infeasible,N/A
DLM05-S-WAs,San Joaquin River,0.8,Other field and grain,Field and grain,DLM,Cotton,2462.1839,0.78,54.875981,54.875981,202.49236989000002,202.49236989000002,105389.51039362661,105389.51039362661,10,Infeasible,N/A
DLM05-S-WAs,San Joaquin River,0.8,Other field and grain,Field and grain,DLM,Field and Grain,187.333843,2.812754651,1151.543688,1151.543688,1072.854869703848,1072.854869703848,606776.165385178,606776.165385178,10,Infeasible,N/A
DLM05-S-WAs,San Joaquin River,0.8,Trees and Vine,Trees and vines,DLM,Grapes Table,390.5459,12.435,210.2074182,210.2074182,801.2406091090692,801.2406091090692,1020859.3496486486,1020859.3496486486,10,Infeasible,N/A
DLM05-S-WAs,San Joaquin River,0.8,Trees and Vine,Trees and vines,DLM,Grapes Wine,510.5784914,8.495282366,6796.706523,6796.706523,25906.779699100567,25906.779699100567,29480772.005923226,29480772.005923226,10,Infeasible,N/A
DLM05-S-WAs,San Joaquin River,0.8,Vegetables and non-tree fruits,Vegetables,DLM,Onions and Garlic,248.2454,30.0225,215.710842,215.710842,665.1084294280964,665.1084294280964,1607681.5852445783,1607681.5852445783,10,Infeasible,N/A
DLM05-S-WAs,San Joaquin River,0.8,Trees and Vine,Trees and vines,DLM,Orchards,3117.281059,2.261810582,1474.042075,1474.042075,6647.705952967711,6647.705952967711,10393027.406199848,10393027.406199848,10,Infeasible,N/A
DLM05-S-WAs,San Joaquin River,0.8,Alfalfa and Pasture,Alfalfa and pasture,DLM,Pasture,215.0,3.5,205.317578,205.317578,1154.5691802182273,1154.5691802182273,154501.477445,154501.477445,10,Infeasible,N/A
DLM05-S-WAs,San Joaquin River,0.8,Trees and Vine,Trees and vines,DLM,Subtropical,826.2221391,4.405931004,242.4987016,242.4987016,811.960084780773,811.960084780773,882762.6251349675,882762.6251349675,10,Infeasible,N/A
DLM05-S-WAs,San Joaquin River,0.8,Trees and Vine,Trees and vines,DLM,Almonds,5157.824281,1.067695081,12169.3864,12169.3864,49947.909148420345,49947.909148420345,67016611.49098014,67016611.49098014,10,Infeasible,N/A
DLM05-S-WAs,San Joaquin River,0.8,Trees and Vine,Trees and vines,DLM,Pistachios,4636.170568,1.382293453,8361.780653,8361.780653,32373.387161079212,32373.387161079212,53586874.546050265,53586874.546050265,10,Infeasible,N/A
DLM05-S-WAs,San Joaquin River,0.8,Trees and Vine,Trees and vines,DLM,Walnuts,2092.008952,1.920558157,317.9518341,317.9518341,1187.1076134729715,1187.1076134729715,1277474.7824649445,1277474.7824649445,10,Infeasible,N/A
DLM06-S-IDs,San Joaquin River,0.8,Alfalfa and Pasture,Alfalfa and pasture,DLM,Alfalfa,205.8588937,7.063149253,251.954979,5.375183452336778e-19,1345.43958786,5.352023873705842e-09,366345.58591930085,7.815581732441362e-16,4,Good,557.1635589844849
DLM06-S-IDs,San Joaquin River,0.8,Corn,Corn,DLM,Corn,44.88630607,26.76544219,64.022787,64.66301542899322,160.69719536999997,161.89840670230245,76917.09347881646,77686.2650851801,4,Good,557.1635589844849
DLM06-S-IDs,San Joaquin River,0.8,Other field and grain,Field and grain,DLM,Cotton,2462.1839,0.78,2987.512134,1365.684558947126,11432.213100435838,5212.95447829795,5737527.336363765,2622801.8961442076,4,Good,557.1635589844849
DLM06-S-IDs,San Joaquin River,0.8,Vegetables and non-tree fruits,Vegetables,DLM,Cucurbits,252.19315,13.35,470.944805,475.6542577820178,1095.731579790315,1103.9221733086606,1585566.8688852945,1601422.5535058037,4,Good,557.1635589844849
DLM06-S-IDs,San Joaquin River,0.8,Trees and Vine,Trees and vines,DLM,Grapes Wine,510.5784914,8.495282366,167.0272249,162.0292109223277,665.3251124626576,643.80280947293,724482.0001269551,702803.0722433458,4,Good,557.1635589844849
DLM06-S-IDs,San Joaquin River,0.8,Vegetables and non-tree fruits,Vegetables,DLM,Onions and Garlic,248.2454,30.0225,1080.948434,1091.7579292556275,3250.0516252536495,3274.3457611628983,8056251.952049606,8136814.552923702,4,Good,557.1635589844849
DLM06-S-IDs,San Joaquin River,0.8,Trees and Vine,Trees and vines,DLM,Orchards,3117.281059,2.261810582,55.86660451,56.4252711158724,255.67120668498384,257.58234895539766,393898.628547464,397837.61878677615,4,Good,557.1635589844849
DLM06-S-IDs,San Joaquin River,0.8,Vegetables and non-tree fruits,Vegetables,DLM,Tomatoes Fresh,513.5119746,20.19858006,150.9821639,152.49198706141016,270.7613472103393,272.7852882925786,1566019.1225162582,1581679.329532183,4,Good,557.1635589844849
DLM06-S-IDs,San Joaquin River,0.8,Vegetables and non-tree fruits,Vegetables,DLM,Tomatoes Processing,78.52090496,49.10025147,1358.839475,1372.4278834710851,3659.8076522137203,3687.1647144217686,5238864.520044788,5291253.218145455,4,Good,557.1635589844849
DLM06-S-IDs,San Joaquin River,0.8,Trees and Vine,Trees and vines,DLM,Almonds,5157.824281,1.067695081,3027.650316,3057.9268497312864,12328.047463930207,12420.199618706998,16673220.6775779,16839953.05270925,4,Good,557.1635589844849
DLM06-S-IDs,San Joaquin River,0.8,Trees and Vine,Trees and vines,DLM,Pistachios,4636.170568,1.382293453,674.1121989,680.8533276901553,2585.0883125104333,2604.411847634558,4320080.534456036,4363281.383386129,4,Good,557.1635589844849
ESJ01-NW-IDs,San Joaquin River,0.8,Alfalfa and Pasture,Alfalfa and pasture,ESJ,Alfalfa,205.8588937,7.063149253,5540.710233,250.628944999426,21793.4602479531,983.3426558132686,8056259.672953122,364417.51644904364,4,Good,342.6175469690392
ESJ01-NW-IDs,San Joaquin River,0.8,Other field and grain,Field and grain,ESJ,Beans Dry,1415.3103,1.200351344,116.864021,118.03266238326908,178.41240543228798,179.7460381787195,198536.73503933474,200522.10438295928,4,Good,342.6175469690392
ESJ01-NW-IDs,San Joaquin River,0.8,Corn,Corn,ESJ,Corn,44.88630607,26.76544219,24163.86947,24405.50840875483,38662.19115200001,38951.19103074567,29030517.006919883,29320822.470197003,4,Good,342.6175469690392
ESJ01-NW-IDs,San Joaquin River,0.8,Other field and grain,Field and grain,ESJ,Cotton,2462.1839,0.78,233.849872,236.1883730662501,836.6083942558153,842.8620419736585,449109.48408725945,453600.5834341134,4,Good,342.6175469690392
ESJ01-NW-IDs,San Joaquin River,0.8,Vegetables and non-tree fruits,Vegetables,ESJ,Cucurbits,252.19315,13.35,249.04945,251.53994700625518,433.346043,436.58530468212695,838494.3467719211,846879.2986776464,4,Good,342.6175469690392
ESJ01-NW-IDs,San Joaquin River,0.8,Other field and grain,Field and grain,ESJ,Field and Grain,187.333843,2.812754651,5946.858739,6006.32738643533,1704.7661738289528,1717.5092581115857,3133543.415973077,3164878.8817721414,4,Good,342.6175469690392
ESJ01-NW-IDs,San Joaquin River,0.8,Trees and Vine,Trees and vines,ESJ,Grapes Table,390.5459,12.435,383.8924982,387.731427055192,888.0713123747025,894.7096454517643,1864350.2184807623,1882993.739475488,4,Good,342.6175469690392
ESJ01-NW-IDs,San Joaquin River,0.8,Trees and Vine,Trees and vines,ESJ,Grapes Wine,510.5784914,8.495282366,12412.52411,12536.649476453416,28714.30577032916,28928.94520595876,53839428.26818081,54377823.09458412,4,Good,342.6175469690392
ESJ01-NW-IDs,San Joaquin River,0.8,Vegetables and non-tree fruits,Vegetables,ESJ,Onions and Garlic,248.2454,30.0225,253.379645,255.9134440075824,303.21097526779323,305.47747733264106,1888425.1972013,1907309.4682348403,4,Good,342.6175469690392
ESJ01-NW-IDs,San Joaquin River,0.8,Trees and Vine,Trees and vines,ESJ,Orchards,3117.281059,2.261810582,929.3695308,938.6632354940959,2815.3007952410985,2836.3451687104784,6552705.087533877,6618232.204587756,4,Good,342.6175469690392
ESJ01-NW-IDs,San Joaquin River,0.8,Alfalfa and Pasture,Alfalfa and pasture,ESJ,Pasture,215.0,3.5,2275.909758,3.0570631710891707e-17,8929.152616461362,1.4074382288764341e-08,1712622.0928949998,2.3004400362446008e-14,4,Good,342.6175469690392
ESJ01-NW-IDs,San Joaquin River,0.8,Vegetables and non-tree fruits,Vegetables,ESJ,Potatoes,960.1331262,14.27542043,1112.708358,1123.8354528178031,1631.9722587709027,1644.1712514309822,15251119.06846698,15403630.413180396,4,Good,342.6175469690392
ESJ01-NW-IDs,San Joaquin River,0.8,Corn,Field and grain,ESJ,Rice,356.2897,4.3575,3234.728251,3267.0755661531302,14556.2771295,14665.085300945579,5022020.310552846,5072240.564337891,4,Good,342.6175469690392
ESJ01-NW-IDs,San Joaquin River,0.8,Other field and grain,Field and grain,ESJ,Safflower,447.9696,1.4025,856.741694,865.3091195676348,688.2491605610861,693.3938213233006,538271.4131352147,543654.1326871144,4,Good,342.6175469690392
ESJ01-NW-IDs,San Joaquin River,0.8,Trees and Vine,Trees and vines,ESJ,Subtropical,826.2221391,4.405931004,1412.267349,1426.3900367088138,3977.2426624244185,4006.9725512259574,5141045.391872074,5192455.897551226,4,Good,342.6175469690392
ESJ01-NW-IDs,San Joaquin River,0.8,Other field and grain,Field and grain,ESJ,Sunflowers,3239.762235,0.609912532,292.607523,295.53360117144274,831.9807236324642,838.1997795287843,578184.1518323853,583965.9991629164,4,Good,342.6175469690392
ESJ01-NW-IDs,San Joaquin River,0.8,Vegetables and non-tree fruits,Vegetables,ESJ,Tomatoes Fresh,513.5119746,20.19858006,85.59841,86.45439496225487,147.12856115298888,148.2283471702565,887844.9179319711,896723.3760547817,4,Good,342.6175469690392
ESJ01-NW-IDs,San Joaquin River,0.8,Vegetables and non-tree fruits,Vegetables,ESJ,Tomatoes Processing,78.52090496,49.10025147,770.38569,778.0895546784392,1312.2236250432047,1322.0324966628027,2970142.045727088,2999843.496173324,4,Good,342.6175469690392
ESJ01-NW-IDs,San Joaquin River,0.8,Vegetables and non-tree fruits,Vegetables,ESJ,Truck,548.8387,13.5325,753.688948,761.2258450889756,1738.5091736378963,1751.5045297298595,5597768.186762085,5653745.925142784,4,Good,342.6175469690392
ESJ01-NW-IDs,San Joaquin River,0.8,Trees and Vine,Trees and vines,ESJ,Almonds,5157.824281,1.067695081,636.1098266,642.470931286078,2564.768421657286,2583.9400656171215,3503046.3914636606,3538076.8907335615,4,Good,342.6175469690392
ESJ01-NW-IDs,San Joaquin River,0.8,Vegetables and non-tree fruits,Vegetables,ESJ,Berries,5010.1193,4.8075,824.216198,832.4583683040752,1672.1362431102773,1684.6354615530713,19852193.769774918,20050715.90796758,4,Good,342.6175469690392
ESJ01-NW-IDs,San Joaquin River,0.8,Trees and Vine,Trees and vines,ESJ,Walnuts,2092.008952,1.920558157,2722.995794,2750.2257794365137,10066.628482060258,10141.87652996905,10940520.187403783,11049925.499753999,4,Good,342.6175469690392
ESJ02-SW-IDs,San Joaquin River,0.8,Alfalfa and Pasture,Alfalfa and pasture,ESJ,Alfalfa,205.8588937,7.063149253,3514.162503,1.1318039591695131e-17,14885.406667786114,5.228845827916504e-08,5109634.770016479,1.6456566415690468e-14,7,Good,746.6944069204827
ESJ02-SW-IDs,San Joaquin River,0.8,Other field and grain,Field and grain,ESJ,Beans Dry,1415.3103,1.200351344,670.746462,677.4539332810918,1240.8809547,1250.1565396922813,1139510.7875388372,1150905.9067305522,7,Good,746.6944069204827
ESJ02-SW-IDs,San Joaquin River,0.8,Corn,Corn,ESJ,Corn,44.88630607,26.76544219,9351.551233,9445.066839522497,15640.469437192502,15757.381945870053,11234970.76690214,11347320.587734198,7,Good,746.6944069204827
ESJ02-SW-IDs,San Joaquin River,0.8,Vegetables and non-tree fruits,Vegetables,ESJ,Cucurbits,252.19315,13.35,1311.171584,1324.283312884245,2360.1088512,2377.7506645714084,4414424.367658651,4458568.6552523235,7,Good,746.6944069204827
ESJ02-SW-IDs,San Joaquin River,0.8,Other field and grain,Field and grain,ESJ,Field and Grain,187.333843,2.812754651,1945.678535,1965.135339853222,713.4154634818929,718.7482316186225,1025224.9852456757,1035477.2453748508,7,Good,746.6944069204827
ESJ02-SW-IDs,San Joaquin River,0.8,Trees and Vine,Trees and vines,ESJ,Grapes Table,390.5459,12.435,87.94230635,88.82173025230917,237.15108615314745,238.92379045449067,427086.38180240593,431357.24969405495,7,Good,746.6944069204827
ESJ02-SW-IDs,San Joaquin River,0.8,Trees and Vine,Trees and vines,ESJ,Grapes Wine,510.5784914,8.495282366,2843.467905,2790.669774068606,7667.885118097823,7506.692317937718,12333566.077892747,12104553.738598704,7,Good,746.6944069204827
ESJ02-SW-IDs,San Joaquin River,0.8,Vegetables and non-tree fruits,Vegetables,ESJ,Onions and Garlic,248.2454,30.0225,52.067578,52.58825429664001,69.59699594402252,70.11723354163401,388056.9264056079,391937.4995201549,7,Good,746.6944069204827
ESJ02-SW-IDs,San Joaquin River,0.8,Trees and Vine,Trees and vines,ESJ,Orchards,3117.281059,2.261810582,1525.455362,1540.709931006583,5554.9832604849225,5596.506760347777,10755527.032157822,10863082.410965571,7,Good,746.6944069204827
ESJ02-SW-IDs,San Joaquin River,0.8,Alfalfa and Pasture,Alfalfa and pasture,ESJ,Pasture,215.0,3.5,9544.805445,1.0316784584193135e-17,44343.5752933809,5.228845826466341e-08,7182466.0973625,7.763380399605335e-15,7,Good,746.6944069204827
ESJ02-SW-IDs,San Joaquin River,0.8,Vegetables and non-tree fruits,Vegetables,ESJ,Potatoes,960.1331262,14.27542043,587.76744,593.6451203333332,1082.9169801142805,1091.0117846001579,8056119.240553076,8136680.514282677,7,Good,746.6944069204827
ESJ02-SW-IDs,San Joaquin River,0.8,Corn,Field and grain,ESJ,Rice,356.2897,4.3575,189.369604,1.0651594435469666e-17,852.163218,5.228845828968979e-08,294002.4396779999,1.6536945129212443e-14,7,Good,746.6944069204827
ESJ02-SW-IDs,San Joaquin River,0.8,Other field and grain,Field and grain,ESJ,Safflower,447.9696,1.4025,63.806366,19.627458223370105,62.31755081460212,19.121560334726198,40088.095436899224,12331.487714599094,7,Good,746.6944069204827
ESJ02-SW-IDs,San Joaquin River,0.8,Trees and Vine,Trees and vines,ESJ,Subtropical,826.2221391,4.405931004,240.2268909,196.51054281240664,718.9868720492474,586.6756936679856,874492.603216872,715352.9544497054,7,Good,746.6944069204827
ESJ02-SW-IDs,San Joaquin River,0.8,Vegetables and non-tree fruits,Vegetables,ESJ,Tomatoes Processing,78.52090496,49.10025147,199.0012914,200.9913063078122,335.64884489433376,338.15782004808284,767228.818517032,774901.1143891383,7,Good,746.6944069204827
ESJ02-SW-IDs,San Joaquin River,0.8,Vegetables and non-tree fruits,Vegetables,ESJ,Truck,548.8387,13.5325,443.825999,448.2642634468291,994.1702377600002,1001.6016602948313,3296366.577024692,3329330.275896521,7,Good,746.6944069204827
ESJ02-SW-IDs,San Joaquin River,0.8,Trees and Vine,Trees and vines,ESJ,Almonds,5157.824281,1.067695081,44276.19611,44718.958518126856,180643.79390082633,181994.106259638,243828286.44526532,246266571.77148756,7,Good,746.6944069204827
ESJ02-SW-IDs,San Joaquin River,0.8,Trees and Vine,Trees and vines,ESJ,Walnuts,2092.008952,1.920558157,5409.608507,5247.991374188622,20130.290759975807,19480.057031444896,21734859.52758131,21085510.194009334,7,Good,746.6944069204827
ESJ03-CE-WAs,San Joaquin River,0.8,Alfalfa and Pasture,Alfalfa and pasture,ESJ,Alfalfa,205.8588937,7.063149253,5376.757632,5376.757632,21166.50254643225,21166.50254643225,7817870.608705504,7817870.608705504,10,Infeasible,N/A
ESJ03-CE-WAs,San Joaquin River,0.8,Other field and grain,Field and grain,ESJ,Beans Dry,1415.3103,1.200351344,947.711515,947.711515,1557.4059226674294,1557.4059226674294,1610038.3020988256,1610038.3020988256,10,Infeasible,N/A
ESJ03-CE-WAs,San Joaquin River,0.8,Corn,Corn,ESJ,Corn,44.88630607,26.76544219,18619.3359,18619.3359,30225.388604793552,30225.388604793552,22369304.228099022,22369304.228099022,10,Infeasible,N/A
ESJ03-CE-WAs,San Joaquin River,0.8,Vegetables and non-tree fruits,Vegetables,ESJ,Cucurbits,252.19315,13.35,3392.177852,3392.177852,6128.534653744059,6128.534653744059,11420711.638379117,11420711.638379117,10,Infeasible,N/A
ESJ03-CE-WAs,San Joaquin River,0.8,Other field and grain,Field and grain,ESJ,Field and Grain,187.333843,2.812754651,14120.87349,14120.87349,1317.9481876930422,1317.9481876930422,7440629.094179374,7440629.094179374,10,Infeasible,N/A
ESJ03-CE-WAs,San Joaquin River,0.8,Trees and Vine,Trees and vines,ESJ,Grapes Table,390.5459,12.435,2290.630679,2290.630679,5879.285410196876,5879.285410196876,11124306.483914478,11124306.483914478,10,Infeasible,N/A
ESJ03-CE-WAs,San Joaquin River,0.8,Trees and Vine,Trees and vines,ESJ,Grapes Wine,510.5784914,8.495282366,74063.72528,74063.72528,190096.89491002122,190096.89491002122,321252034.57001054,321252034.57001054,10,Infeasible,N/A
ESJ03-CE-WAs,San Joaquin River,0.8,Vegetables and non-tree fruits,Vegetables,ESJ,Onions and Garlic,248.2454,30.0225,793.488674,793.488674,1028.8903142178294,1028.8903142178294,5913829.446226621,5913829.446226621,10,Infeasible,N/A
ESJ03-CE-WAs,San Joaquin River,0.8,Trees and Vine,Trees and vines,ESJ,Orchards,3117.281059,2.261810582,20217.00049,20217.00049,76489.9616798343,76489.9616798343,142543990.92626017,142543990.92626017,10,Infeasible,N/A
ESJ03-CE-WAs,San Joaquin River,0.8,Alfalfa and Pasture,Alfalfa and pasture,ESJ,Pasture,215.0,3.5,9015.364659,9015.364659,40358.782459795126,40358.782459795126,6784061.905897501,6784061.905897501,10,Infeasible,N/A
ESJ03-CE-WAs,San Joaquin River,0.8,Vegetables and non-tree fruits,Vegetables,ESJ,Potatoes,960.1331262,14.27542043,559.297985,559.297985,878.09783645,878.09783645,7665908.234319796,7665908.234319796,10,Infeasible,N/A
ESJ03-CE-WAs,San Joaquin River,0.8,Trees and Vine,Trees and vines,ESJ,Subtropical,826.2221391,4.405931004,1651.125958,1651.125958,4860.198753442031,4860.198753442031,6010557.068947903,6010557.068947903,10,Infeasible,N/A
ESJ03-CE-WAs,San Joaquin River,0.8,Vegetables and non-tree fruits,Vegetables,ESJ,Tomatoes Fresh,513.5119746,20.19858006,189.8466093,189.8466093,326.3128189657102,326.3128189657102,1969129.4178667746,1969129.4178667746,10,Infeasible,N/A
ESJ03-CE-WAs,San Joaquin River,0.8,Vegetables and non-tree fruits,Vegetables,ESJ,Tomatoes Processing,78.52090496,49.10025147,1708.619484,1708.619484,2995.7794947104603,2995.7794947104603,6587405.030299722,6587405.030299722,10,Infeasible,N/A
ESJ03-CE-WAs,San Joaquin River,0.8,Vegetables and non-tree fruits,Vegetables,ESJ,Truck,548.8387,13.5325,949.402024,949.402024,2569.714811943134,2569.714811943134,7051360.4591091,7051360.4591091,10,Infeasible,N/A
ESJ03-CE-WAs,San Joaquin River,0.8,Trees and Vine,Trees and vines,ESJ,Almonds,5157.824281,1.067695081,30115.29547,30115.29547,123070.90677039663,123070.90677039663,165844438.66858107,165844438.66858107,10,Infeasible,N/A
ESJ03-CE-WAs,San Joaquin River,0.8,Vegetables and non-tree fruits,Vegetables,ESJ,Berries,5010.1193,4.8075,79.12447,79.12447,160.52450112596773,160.52450112596773,1905803.7371533706,1905803.7371533706,10,Infeasible,N/A
ESJ03-CE-WAs,San Joaquin River,0.8,Vegetables and non-tree fruits,Vegetables,ESJ,Lettuce,479.2433265,17.02508876,170.922083,170.922083,439.63217136713064,439.63217136713064,1394580.6520092601,1394580.6520092601,10,Infeasible,N/A
ESJ03-CE-WAs,San Joaquin River,0.8,Trees and Vine,Trees and vines,ESJ,Pistachios,4636.170568,1.382293453,69.30736838,69.30736838,266.941660887479,266.941660887479,444159.61248199834,444159.61248199834,10,Infeasible,N/A
ESJ03-CE-WAs,San Joaquin River,0.8,Trees and Vine,Trees and vines,ESJ,Walnuts,2092.008952,1.920558157,66330.70446,66330.70446,247056.68615610327,247056.68615610327,266505153.1803226,266505153.1803226,10,Infeasible,N/A
KAW01-CC-TID,Tulare Lake,0.8,Alfalfa and Pasture,Alfalfa and pasture,KAW,Alfalfa,199.736451,8.253403632,9221.825584,1.928794126553671e-17,48322.366060160006,1.920157614835274e-07,15202230.65751969,3.179627822674523e-14,2,Good,2.3727945330295276e-09
KAW01-CC-TID,Tulare Lake,0.8,Other field and grain,Field and grain,KAW,Beans Dry,989.2558964,1.380612025,269.94121,272.6406248201538,629.862823243353,636.1614727937409,368679.9241973456,372366.7271544469,2,Good,2.3727945330295276e-09
KAW01-CC-TID,Tulare Lake,0.8,Corn,Corn,KAW,Corn,50.43552386,24.76768295,20805.9839,21014.04394925511,54581.03109073134,55126.84202635651,25990233.05387027,26250135.64705357,2,Good,2.3727945330295276e-09
KAW01-CC-TID,Tulare Lake,0.8,Other field and grain,Field and grain,KAW,Cotton,2858.852174,0.790424805,5811.702749,5869.8198352265445,21503.3001713,21718.33340498713,13132749.290215738,13264076.915845314,2,Good,2.3727945330295276e-09
KAW01-CC-TID,Tulare Lake,0.8,Other field and grain,Field and grain,KAW,Field and Grain,223.9885826,2.362115685,775.702987,783.460024691924,545.5777672647657,551.0335650810993,410414.3230144497,414518.47038307204,2,Good,2.3727945330295276e-09
KAW01-CC-TID,Tulare Lake,0.8,Trees and Vine,Trees and vines,KAW,Grapes Table,1745.214488,11.85729761,212.505781,214.63084095791626,842.939598037502,851.3690164213505,4397494.239501628,4441469.226344609,2,Good,2.3727945330295276e-09
KAW01-CC-TID,Tulare Lake,0.8,Trees and Vine,Trees and vines,KAW,Grapes Wine,361.6777551,11.83919792,318.7586715,321.9462614297519,1264.4093970562528,1276.3725310077707,1364916.5112695992,1378565.690147781,2,Good,2.3727945330295276e-09
KAW01-CC-TID,Tulare Lake,0.8,Trees and Vine,Trees and vines,KAW,Orchards,1503.259449,11.50880315,410.8120982,414.92022333423654,1873.9785527409308,1892.7183711285222,7107343.8847875055,7178417.395472051,2,Good,2.3727945330295276e-09
KAW01-CC-TID,Tulare Lake,0.8,Alfalfa and Pasture,Alfalfa and pasture,KAW,Pasture,215.0,3.5,84.987717,1.7922292514179313e-17,472.53170652,1.920202028403063e-07,63953.2570425,1.3486525116919932e-14,2,Good,2.3727945330295276e-09
KAW01-CC-TID,Tulare Lake,0.8,Trees and Vine,Trees and vines,KAW,Subtropical,654.5088042,14.79755688,110.3412291,111.44464250229656,415.16958950482547,419.32130359378067,1068669.2870698886,1079355.9907036405,2,Good,2.3727945330295276e-09
KAW01-CC-TID,Tulare Lake,0.8,Trees and Vine,Trees and vines,KAW,Almonds,5115.183836,1.143761761,7113.903528,7185.042635153984,33219.404011551946,33551.59840125433,41620260.18091339,42036463.20322498,2,Good,2.3727945330295276e-09
KAW01-CC-TID,Tulare Lake,0.8,Vegetables and non-tree fruits,Vegetables,KAW,Berries,6318.852028,4.903289478,52.848948,53.37743801339307,169.69209992853877,171.38903647463192,1637427.446698056,1653801.7376912397,2,Good,2.3727945330295276e-09
KAW01-CC-TID,Tulare Lake,0.8,Trees and Vine,Trees and vines,KAW,Pistachios,4379.7619,1.466522812,7682.889059,7759.718027226761,31739.830522826534,32057.229162665528,49347355.7497034,49840829.805862956,2,Good,2.3727945330295276e-09
KAW01-CC-TID,Tulare Lake,0.8,Trees and Vine,Trees and vines,KAW,Walnuts,2131.866347,1.870657994,5004.694659,5054.741656243374,21532.238713790968,21747.561333122016,19958686.387179498,20158273.45305658,2,Good,2.3727945330295276e-09
KAW02-CC,Tulare Lake,0.8,Alfalfa and Pasture,Alfalfa and pasture,KAW,Alfalfa,199.736451,8.253403632,17390.93459,3.692430285145683e-22,91128.49725160001,3.692430285147216e-09,28669052.193496533,6.086991818516688e-19,5,Good,618.9368542760609
KAW02-CC,Tulare Lake,0.8,Other field and grain,Field and grain,KAW,Beans Dry,989.2558964,1.380612025,585.270715,591.1234273828501,1365.6316681382432,1375.8397632933402,799350.2097776262,807343.7190223171,5,Good,618.9368542760609
KAW02-CC,Tulare Lake,0.8,Corn,Corn,KAW,Corn,50.43552386,24.76768295,54993.14557,32906.43115734399,144265.3518603023,86108.72551974488,68695846.18537138,41105761.63382056,5,Good,618.9368542760609
KAW02-CC,Tulare Lake,0.8,Other field and grain,Field and grain,KAW,Cotton,2858.852174,0.790424805,8435.327135,6167.228532318066,31210.7103995,22761.698478050617,19061373.44412017,13936133.630429475,5,Good,618.9368542760609
KAW02-CC,Tulare Lake,0.8,Other field and grain,Field and grain,KAW,Field and Grain,223.9885826,2.362115685,9983.883353,10083.722287307126,7021.997954948705,7074.487359542139,5282342.334691472,5335165.811358249,5,Good,618.9368542760609
KAW02-CC,Tulare Lake,0.8,Trees and Vine,Trees and vines,KAW,Grapes Table,1745.214488,11.85729761,2617.417898,2643.5921034150047,10382.424329605807,10460.032951480687,54163609.4541045,54705246.09567904,5,Good,618.9368542760609
KAW02-CC,Tulare Lake,0.8,Trees and Vine,Trees and vines,KAW,Grapes Wine,361.6777551,11.83919792,3926.126847,3706.942567464847,15573.636494408709,14667.444858389343,16811575.14426757,15873033.64282245,5,Good,618.9368542760609
KAW02-CC,Tulare Lake,0.8,Trees and Vine,Trees and vines,KAW,Orchards,1503.259449,11.50880315,9332.404667,9425.72880792633,42263.92298537431,42579.84580970036,161457292.8377425,163071867.39682204,5,Good,618.9368542760609
KAW02-CC,Tulare Lake,0.8,Alfalfa and Pasture,Alfalfa and pasture,KAW,Pasture,215.0,3.5,1586.142119,3.6924302851437765e-22,8818.95018164,3.692430285145548e-09,1193571.9445475,2.7785537895706916e-19,5,Good,618.9368542760609
KAW02-CC,Tulare Lake,0.8,Vegetables and non-tree fruits,Vegetables,KAW,Potatoes,316.2258,23.4875,50.844661,51.35310812240833,93.67743600267197,94.37767484943215,377641.2696906586,381417.686193403,5,Good,618.9368542760609
KAW02-CC,Tulare Lake,0.8,Trees and Vine,Trees and vines,KAW,Subtropical,654.5088042,14.79755688,64695.27129,65342.224656306775,240772.9474953975,242572.72527788288,626582194.2550514,632848022.5259323,5,Good,618.9368542760609
KAW02-CC,Tulare Lake,0.8,Vegetables and non-tree fruits,Vegetables,KAW,Tomatoes Processing,75.98456236,53.94007231,237.6382522,240.01463711896452,642.4154083681206,647.2174635517955,973987.1794186586,983727.0610370745,5,Good,618.9368542760609
KAW02-CC,Tulare Lake,0.8,Vegetables and non-tree fruits,Vegetables,KAW,Truck,923.9057692,21.11899336,218.360736,220.54434556437417,230.0066418472131,231.72594150860132,4260645.903822324,4303252.405872208,5,Good,618.9368542760609
KAW02-CC,Tulare Lake,0.8,Trees and Vine,Trees and vines,KAW,Almonds,5115.183836,1.143761761,16836.6513,17005.01798303636,78124.92015457808,78708.90393268428,98503698.41581492,99488736.39477956,5,Good,618.9368542760609
KAW02-CC,Tulare Lake,0.8,Vegetables and non-tree fruits,Vegetables,KAW,Berries,6318.852028,4.903289478,296.26972,299.23242019190826,951.2891520951412,958.400038520424,9179372.334025418,9271166.150064448,5,Good,618.9368542760609
KAW02-CC,Tulare Lake,0.8,Vegetables and non-tree fruits,Vegetables,KAW,Lettuce,479.2433265,17.02508876,211.029389,213.13968501922866,542.792990115554,546.8503677258076,1721822.585702608,1739040.828932352,5,Good,618.9368542760609
KAW02-CC,Tulare Lake,0.8,Trees and Vine,Trees and vines,KAW,Pistachios,4379.7619,1.466522812,10088.04972,10188.93031907731,41360.657710838015,41669.82862719217,64795752.55227381,65443710.73215661,5,Good,618.9368542760609
KAW02-CC,Tulare Lake,0.8,Trees and Vine,Trees and vines,KAW,Walnuts,2131.866347,1.870657994,28752.92251,28050.334720345658,123273.18747543835,119960.31010802004,114666448.64336847,111864533.57988793,5,Good,618.9368542760609
KAW03-SE-LindsayStrat,Tulare Lake,0.8,Other field and grain,Field and grain,KAW,Field and Grain,223.9885826,2.362115685,345.17731,6.672352277362053e-11,242.7747079182742,0.05449263644094151,182628.80816211013,3.5302544771913693e-08,10,Non-optimal,N/A
KAW03-SE-LindsayStrat,Tulare Lake,0.8,Trees and Vine,Trees and vines,KAW,Orchards,1503.259449,11.50880315,288.1669435,270.9428808375565,1316.5712130901145,1358.9963369004772,4985494.761854683,4687506.126730513,10,Non-optimal,N/A
KAW03-SE-LindsayStrat,Tulare Lake,0.8,Trees and Vine,Trees and vines,KAW,Subtropical,654.5088042,14.79755688,10136.8821,7619.116683618309,38230.98951132946,29928.768164535668,98177033.69155705,73792145.1555108,10,Non-optimal,N/A
KAW03-SE-LindsayStrat,Tulare Lake,0.8,Trees and Vine,Trees and vines,KAW,Pistachios,4379.7619,1.466522812,62.71607227,25.30675097994788,259.5200554457048,112.66502552561816,402826.632763408,162545.78634240865,10,Non-optimal,N/A
KAW03-SE-LindsayStrat,Tulare Lake,0.8,Trees and Vine,Trees and vines,KAW,Walnuts,2131.866347,1.870657994,84.60393502,1.0871784764753714e-11,364.2772394605473,0.054340785609048176,337399.88575504674,4.335659962759686e-08,10,Non-optimal,N/A
KGS01-NE-FID,Tulare Lake,0.8,Alfalfa and Pasture,Alfalfa and pasture,KGS,Alfalfa,199.736451,8.253403632,2795.216192,2795.216192,13286.594298374926,13286.594298374926,4607929.406314593,4607929.406314593,10,Infeasible,N/A
KGS01-NE-FID,Tulare Lake,0.8,Other field and grain,Field and grain,KGS,Beans Dry,989.2558964,1.380612025,74.085347,74.085347,152.10544908799054,152.10544908799054,101184.18049653865,101184.18049653865,10,Infeasible,N/A
KGS01-NE-FID,Tulare Lake,0.8,Corn,Corn,KGS,Corn,50.43552386,24.76768295,3235.771195,3235.771195,7916.853524845257,7916.853524845257,4042031.7477536015,4042031.7477536015,10,Infeasible,N/A
KGS01-NE-FID,Tulare Lake,0.8,Other field and grain,Field and grain,KGS,Cotton,2858.852174,0.790424805,887.310331,887.310331,3365.8638552975635,3365.8638552975635,2005061.9625455558,2005061.9625455558,10,Infeasible,N/A
KGS01-NE-FID,Tulare Lake,0.8,Vegetables and non-tree fruits,Vegetables,KGS,Cucurbits,365.85,17.8725,209.508733,209.508733,470.69628687650294,470.69628687650294,1369905.1412539736,1369905.1412539736,10,Infeasible,N/A
KGS01-NE-FID,Tulare Lake,0.8,Other field and grain,Field and grain,KGS,Field and Grain,223.9885826,2.362115685,3839.353807,3839.353807,5503.073788753549,5503.073788753549,2031351.9735265053,2031351.9735265053,10,Infeasible,N/A
KGS01-NE-FID,Tulare Lake,0.8,Trees and Vine,Trees and vines,KGS,Grapes Table,1745.214488,11.85729761,17065.34165,17065.34165,74063.582761,74063.582761,353142118.0537305,353142118.0537305,10,Infeasible,N/A
KGS01-NE-FID,Tulare Lake,0.8,Trees and Vine,Trees and vines,KGS,Grapes Wine,361.6777551,11.83919792,25598.01248,25598.01248,111095.3741632,111095.3741632,109610037.35277915,109610037.35277915,10,Infeasible,N/A
KGS01-NE-FID,Tulare Lake,0.8,Trees and Vine,Trees and vines,KGS,Orchards,1503.259449,11.50880315,7016.817429,7016.817429,30846.179974400755,30846.179974400755,121395973.1546035,121395973.1546035,10,Infeasible,N/A
KGS01-NE-FID,Tulare Lake,0.8,Alfalfa and Pasture,Alfalfa and pasture,KGS,Pasture,215.0,3.5,5141.785124,5141.785124,27799.91823880726,27799.91823880726,3869193.30581,3869193.30581,10,Infeasible,N/A
KGS01-NE-FID,Tulare Lake,0.8,Trees and Vine,Trees and vines,KGS,Subtropical,654.5088042,14.79755688,15092.4063,15092.4063,41721.760841302596,41721.760841302596,146171936.02377677,146171936.02377677,10,Infeasible,N/A
KGS01-NE-FID,Tulare Lake,0.8,Vegetables and non-tree fruits,Vegetables,KGS,Tomatoes Processing,75.98456236,53.94007231,306.2890416,306.2890416,742.8189900434024,742.8189900434024,1255360.182769549,1255360.182769549,10,Infeasible,N/A
KGS01-NE-FID,Tulare Lake,0.8,Vegetables and non-tree fruits,Vegetables,KGS,Truck,923.9057692,21.11899336,4343.423854,4343.423854,4690.89776232,4690.89776232,84748711.65532832,84748711.65532832,10,Infeasible,N/A
KGS01-NE-FID,Tulare Lake,0.8,Trees and Vine,Trees and vines,KGS,Almonds,5115.183836,1.143761761,48967.17144,48967.17144,228113.4928906975,228113.4928906975,286484966.74640197,286484966.74640197,10,Infeasible,N/A
KGS01-NE-FID,Tulare Lake,0.8,Vegetables and non-tree fruits,Vegetables,KGS,Berries,6318.852028,4.903289478,375.39042,375.39042,1205.3369286150435,1205.3369286150435,11630781.693809891,11630781.693809891,10,Infeasible,N/A
KGS01-NE-FID,Tulare Lake,0.8,Vegetables and non-tree fruits,Vegetables,KGS,Lettuce,479.2433265,17.02508876,82.586069,82.586069,212.4213103531255,212.4213103531255,673832.9648890469,673832.9648890469,10,Infeasible,N/A
KGS01-NE-FID,Tulare Lake,0.8,Trees and Vine,Trees and vines,KGS,Pistachios,4379.7619,1.466522812,1604.56357,1604.56357,6609.85657335448,6609.85657335448,10306145.084712476,10306145.084712476,10,Infeasible,N/A
KGS01-NE-FID,Tulare Lake,0.8,Trees and Vine,Trees and vines,KGS,Walnuts,2131.866347,1.870657994,2191.806548,2191.806548,9417.546175742405,9417.546175742405,8740908.785360223,8740908.785360223,10,Infeasible,N/A
KGS02-SE,Tulare Lake,0.8,Alfalfa and Pasture,Alfalfa and pasture,KGS,Alfalfa,199.736451,8.253403632,4292.671922,1.9202754797389236e-20,21663.684301124227,1.92020202081827e-07,7076493.488287859,3.165584786120847e-17,6,Good,-1.580740655371146e-11
KGS02-SE,Tulare Lake,0.8,Other field and grain,Field and grain,KGS,Beans Dry,989.2558964,1.380612025,53.779297,3.4113946176865637e-18,122.7960614654069,1.920202022930698e-07,73450.61223273963,4.659209718500985e-15,6,Good,-1.580740655371146e-11
KGS02-SE,Tulare Lake,0.8,Corn,Corn,KGS,Corn,50.43552386,24.76768295,10302.29399,1.4456430276099233e-18,26047.633301282567,1.9202020217336693e-07,12869327.549060876,1.8058554395153848e-15,6,Good,-1.580740655371146e-11
KGS02-SE,Tulare Lake,0.8,Vegetables and non-tree fruits,Vegetables,KGS,Cucurbits,365.85,17.8725,441.089347,445.5002449227081,978.4832012813034,988.2680571565162,2884130.6782551063,2912972.0141523755,6,Good,-1.580740655371146e-11
KGS02-SE,Tulare Lake,0.8,Other field and grain,Field and grain,KGS,Field and Grain,223.9885826,2.362115685,4774.647807,3.495625562614967e-17,4376.76049134155,1.920202034248044e-07,2526203.8179341597,1.8494898470625928e-14,6,Good,-1.580740655371146e-11
KGS02-SE,Tulare Lake,0.8,Trees and Vine,Trees and vines,KGS,Grapes Table,1745.214488,11.85729761,24897.30455,25146.277847228004,102244.93069363243,103267.38104819797,515213058.31083566,520365194.1030844,6,Good,-1.580740655371146e-11
KGS02-SE,Tulare Lake,0.8,Trees and Vine,Trees and vines,KGS,Grapes Wine,361.6777551,11.83919792,37345.95682,37719.4167655307,153367.39601991532,154813.85831856256,159914435.748235,161513581.72143778,6,Good,-1.580740655371146e-11
KGS02-SE,Tulare Lake,0.8,Trees and Vine,Trees and vines,KGS,Orchards,1503.259449,11.50880315,53310.39109,9.928242425826672e-11,232840.92354626654,2.346848470211242e-07,922307993.7745169,1.7176571332992713e-06,6,Good,-1.580740655371146e-11
KGS02-SE,Tulare Lake,0.8,Alfalfa and Pasture,Alfalfa and pasture,KGS,Pasture,215.0,3.5,2486.808625,1.920275400597515e-20,13437.055936254397,1.9202019408785819e-07,1871323.4903125002,1.4450072389496298e-17,6,Good,-1.580740655371146e-11
KGS02-SE,Tulare Lake,0.8,Trees and Vine,Trees and vines,KGS,Subtropical,654.5088042,14.79755688,59651.037,60247.54797269147,219731.3054118604,221928.62070000835,577728123.0572186,583505410.1249367,6,Good,-1.580740655371146e-11
KGS02-SE,Tulare Lake,0.8,Vegetables and non-tree fruits,Vegetables,KGS,Tomatoes Processing,75.98456236,53.94007231,155.7793507,3.6488245758231416e-10,414.3730728620001,2.429183024955852e-07,638479.2389074938,1.4955119068155918e-06,6,Good,-1.580740655371146e-11
KGS02-SE,Tulare Lake,0.8,Vegetables and non-tree fruits,Vegetables,KGS,Truck,923.9057692,21.11899336,2533.307858,2558.6409621700695,2343.30976865,2366.7429038077044,49429801.0989879,49924099.60929018,6,Good,-1.580740655371146e-11
KGS02-SE,Tulare Lake,0.8,Trees and Vine,Trees and vines,KGS,Almonds,5115.183836,1.143761761,31168.70875,31480.39615230138,144239.2882050235,145681.68255811592,182354141.0945757,184177684.34728318,6,Good,-1.580740655371146e-11
KGS02-SE,Tulare Lake,0.8,Vegetables and non-tree fruits,Vegetables,KGS,Berries,6318.852028,4.903289478,1725.168996,1742.4207033885532,5539.325960903686,5594.719290308449,53451188.172050826,53985700.593762994,6,Good,-1.580740655371146e-11
KGS02-SE,Tulare Lake,0.8,Trees and Vine,Trees and vines,KGS,Pistachios,4379.7619,1.466522812,1313.29015,1326.4230647638713,5367.064118268224,5420.734827832811,8435289.867776202,8519642.851648083,6,Good,-1.580740655371146e-11
KGS02-SE,Tulare Lake,0.8,Trees and Vine,Trees and vines,KGS,Walnuts,2131.866347,1.870657994,4208.542573,6.600443764624098e-11,18016.538245661468,2.0073818435944072e-07,16783637.58127536,2.632252236956036e-07,6,Good,-1.580740655371146e-11
KGS03-CC-WA,Tulare Lake,0.8,Alfalfa and Pasture,Alfalfa and pasture,KGS,Alfalfa,199.736451,8.253403632,10171.04447,3.633859537408665e-20,53025.04516687632,1.654053958460434e-10,16767023.259375291,5.990437615797173e-17,4,Good,849.2987262006164
KGS03-CC-WA,Tulare Lake,0.8,Corn,Corn,KGS,Corn,50.43552386,24.76768295,11153.84298,5.2181687709106245e-20,27921.786922882053,1.6540539906600794e-10,13933057.907272285,6.51838543768146e-17,4,Good,849.2987262006164
KGS03-CC-WA,Tulare Lake,0.8,Other field and grain,Field and grain,KGS,Cotton,2858.852174,0.790424805,90.25101,4.938072105593154e-20,340.54714436991634,1.6540540183507985e-10,203940.89971698815,1.1158599422677152e-16,4,Good,849.2987262006164
KGS03-CC-WA,Tulare Lake,0.8,Vegetables and non-tree fruits,Vegetables,KGS,Cucurbits,365.85,17.8725,238.116505,240.49767244434886,575.4482204960387,579.7496959293392,1556961.467648833,1572531.0979811405,4,Good,849.2987262006164
KGS03-CC-WA,Tulare Lake,0.8,Other field and grain,Field and grain,KGS,Field and Grain,223.9885826,2.362115685,633.087058,1.2547236999888367e-19,894.7630417623043,1.6540540346432754e-10,334958.09694268927,6.6385792826798e-17,4,Good,849.2987262006164
KGS03-CC-WA,Tulare Lake,0.8,Trees and Vine,Trees and vines,KGS,Grapes Table,1745.214488,11.85729761,14813.90572,14962.044926819413,61971.50559039537,62434.74259468995,306551966.54730165,309617489.30892813,4,Good,849.2987262006164
KGS03-CC-WA,Tulare Lake,0.8,Trees and Vine,Trees and vines,KGS,Grapes Wine,361.6777551,11.83919792,22220.85858,17490.224859315833,92957.25838559306,72984.52132416754,95149150.38296844,74892697.29968172,4,Good,849.2987262006164
KGS03-CC-WA,Tulare Lake,0.8,Vegetables and non-tree fruits,Vegetables,KGS,Onions and Garlic,426.9855608,22.97465084,1135.209912,1146.5620225840014,3413.1978024584037,3438.711456037637,11136232.340480369,11247594.77634524,4,Good,849.2987262006164
KGS03-CC-WA,Tulare Lake,0.8,Trees and Vine,Trees and vines,KGS,Orchards,1503.259449,11.50880315,10679.67196,10786.468787463587,50342.95260008194,50719.26617077309,184765983.10765764,186613644.80485165,4,Good,849.2987262006164
KGS03-CC-WA,Tulare Lake,0.8,Alfalfa and Pasture,Alfalfa and pasture,KGS,Pasture,215.0,3.5,166.591352,3.387472768719257e-20,920.1395674911362,1.6540539351649638e-10,125359.99238,2.5490732584612407e-17,4,Good,849.2987262006164
KGS03-CC-WA,Tulare Lake,0.8,Trees and Vine,Trees and vines,KGS,Subtropical,654.5088042,14.79755688,558.9630129,564.5526485379835,1836.4316687214816,1850.1589950084065,5413630.148644772,5467766.503486449,4,Good,849.2987262006164
KGS03-CC-WA,Tulare Lake,0.8,Vegetables and non-tree fruits,Vegetables,KGS,Tomatoes Fresh,330.145,19.3975,74.52557628,75.2708327887456,128.09631402234828,129.0538339687828,477260.86917468323,482033.48264345643,4,Good,849.2987262006164
KGS03-CC-WA,Tulare Lake,0.8,Vegetables and non-tree fruits,Vegetables,KGS,Tomatoes Processing,75.98456236,53.94007231,1788.613831,1806.499987370947,4751.750744952871,4787.270081771367,7330835.52078444,7404143.950017114,4,Good,849.2987262006164
KGS03-CC-WA,Tulare Lake,0.8,Vegetables and non-tree fruits,Vegetables,KGS,Truck,923.9057692,21.11899336,835.175498,843.5272614141521,991.074924571725,998.4832096422849,16295910.747097269,16458870.01913508,4,Good,849.2987262006164
KGS03-CC-WA,Tulare Lake,0.8,Trees and Vine,Trees and vines,KGS,Almonds,5115.183836,1.143761761,46366.3763,44087.16871283187,216330.397582652,205182.11499667075,271268880.39128,257934258.6311057,4,Good,849.2987262006164
KGS03-CC-WA,Tulare Lake,0.8,Trees and Vine,Trees and vines,KGS,Pistachios,4379.7619,1.466522812,11756.1579,11604.11359243072,48517.93981720523,47770.722787026985,75510045.98477127,74533462.24423823,4,Good,849.2987262006164
KGS03-CC-WA,Tulare Lake,0.8,Trees and Vine,Trees and vines,KGS,Walnuts,2131.866347,1.870657994,3359.639411,2941.5259765052224,14447.713864232692,12618.044441314127,13398217.862816762,11730784.486368734,4,Good,849.2987262006164
KGS04-SW-ID,Tulare Lake,0.8,Alfalfa and Pasture,Alfalfa and pasture,KGS,Alfalfa,199.736451,8.253403632,10979.54704,4.430818215986464e-22,58630.78119359999,4.4308182159882515e-09,18099844.23331158,7.304228420653908e-19,3,Good,584.964909692745
KGS04-SW-ID,Tulare Lake,0.8,Corn,Corn,KGS,Corn,50.43552386,24.76768295,17423.09671,17103.61221553343,43731.9727421,42822.741066124574,21764428.262054957,21365337.47604872,3,Good,584.964909692745
KGS04-SW-ID,Tulare Lake,0.8,Other field and grain,Field and grain,KGS,Cotton,2858.852174,0.790424805,6651.38848,5204.243876045989,25452.646585683793,19865.11910234992,15030193.578757847,11760069.814481243,3,Good,584.964909692745
KGS04-SW-ID,Tulare Lake,0.8,Other field and grain,Field and grain,KGS,Field and Grain,223.9885826,2.362115685,3928.394061,1.8498991723847806e-18,4648.599637540535,4.430696606806532e-09,2078462.0094279714,9.7875750023287e-16,3,Good,584.964909692745
KGS04-SW-ID,Tulare Lake,0.8,Trees and Vine,Trees and vines,KGS,Grapes Table,1745.214488,11.85729761,3924.018722,3963.2589488516824,15630.67457465866,15747.513867116188,81201789.63833243,82013808.35483506,3,Good,584.964909692745
KGS04-SW-ID,Tulare Lake,0.8,Trees and Vine,Trees and vines,KGS,Grapes Wine,361.6777551,11.83919792,5886.028083,5608.483165147795,23446.01186198799,22284.60657162379,25203822.310080267,24015382.04204684,3,Good,584.964909692745
KGS04-SW-ID,Tulare Lake,0.8,Vegetables and non-tree fruits,Vegetables,KGS,Onions and Garlic,426.9855608,22.97465084,1917.71279,1936.8899372674828,5765.923122572572,5809.023397925112,18812463.638663895,19000588.46504252,3,Good,584.964909692745
KGS04-SW-ID,Tulare Lake,0.8,Trees and Vine,Trees and vines,KGS,Orchards,1503.259449,11.50880315,1063.813962,1074.4521123635745,4863.171935527036,4899.524145756343,18404744.38435676,18588792.01407187,3,Good,584.964909692745
KGS04-SW-ID,Tulare Lake,0.8,Alfalfa and Pasture,Alfalfa and pasture,KGS,Pasture,215.0,3.5,824.175917,4.430923964727419e-22,4615.3851352,4.430923964729497e-09,620192.3775425,3.3342702834573827e-19,3,Good,584.964909692745
KGS04-SW-ID,Tulare Lake,0.8,Vegetables and non-tree fruits,Vegetables,KGS,Tomatoes Fresh,330.145,19.3975,57.80922564,58.38731847512099,103.67121129513026,104.44615360590335,370209.56633200805,373911.6657014502,3,Good,584.964909692745
KGS04-SW-ID,Tulare Lake,0.8,Vegetables and non-tree fruits,Vegetables,KGS,Tomatoes Processing,75.98456236,53.94007231,1387.421415,1401.2956431598566,3736.7883439375264,3764.7208368156894,5686503.154061214,5743368.243022803,3,Good,584.964909692745
KGS04-SW-ID,Tulare Lake,0.8,Vegetables and non-tree fruits,Vegetables,KGS,Truck,923.9057692,21.11899336,421.482872,425.69770497589013,553.5475050861724,557.6852727008263,8223956.856960167,8306196.508570527,3,Good,584.964909692745
KGS04-SW-ID,Tulare Lake,0.8,Trees and Vine,Trees and vines,KGS,Almonds,5115.183836,1.143761761,23796.147,24034.10871032942,110980.8527826823,111810.43465719413,139220587.62043726,140612794.90270132,3,Good,584.964909692745
KGS04-SW-ID,Tulare Lake,0.8,Trees and Vine,Trees and vines,KGS,Pistachios,4379.7619,1.466522812,13288.91618,13421.805476007485,54817.47511659577,55227.23574306439,85354984.20275308,86208534.90679806,3,Good,584.964909692745
KGS04-SW-ID,Tulare Lake,0.8,Trees and Vine,Trees and vines,KGS,Walnuts,2131.866347,1.870657994,3453.574336,3396.7723270836923,14848.386374480362,14567.659784052643,13772829.669654313,13546303.665698482,3,Good,584.964909692745
KGS05-SW-WA,Tulare Lake,0.8,Alfalfa and Pasture,Alfalfa and pasture,KGS,Alfalfa,199.736451,8.253403632,1447.370819,4.0422480323797765e-22,7728.96017346,4.042248032381454e-09,2385998.8282121886,6.663668316364732e-19,5,Good,602.3969887120546
KGS05-SW-WA,Tulare Lake,0.8,Other field and grain,Field and grain,KGS,Beans Dry,989.2558964,1.380612025,794.535349,4.0427804370404143e-14,1803.59524223,4.042824225181926e-09,1085159.365779799,5.5215429503134096e-11,5,Good,602.3969887120546
KGS05-SW-WA,Tulare Lake,0.8,Corn,Corn,KGS,Corn,50.43552386,24.76768295,4151.971648,3732.810905006253,10421.448836479998,9345.931889692567,5186522.842814553,4662919.371342055,5,Good,602.3969887120546
KGS05-SW-WA,Tulare Lake,0.8,Other field and grain,Field and grain,KGS,Cotton,2858.852174,0.790424805,3672.724065,2490.2365440162293,14054.290756624241,9505.481817952641,8299282.747398994,5627206.624001139,5,Good,602.3969887120546
KGS05-SW-WA,Tulare Lake,0.8,Other field and grain,Field and grain,KGS,Field and Grain,223.9885826,2.362115685,2670.212511,2.1107545685393305e-07,3159.7514704599294,2.647843531952988e-07,1412774.577864013,0.00011167726846676769,5,Good,602.3969887120546
KGS05-SW-WA,Tulare Lake,0.8,Trees and Vine,Trees and vines,KGS,Grapes Table,1745.214488,11.85729761,558.6658841,564.2525485826125,2225.3524381454445,2241.986947632062,11560767.879231643,11676375.674768822,5,Good,602.3969887120546
KGS05-SW-WA,Tulare Lake,0.8,Trees and Vine,Trees and vines,KGS,Grapes Wine,361.6777551,11.83919792,837.9988262,793.9708557781806,3338.0286574173338,3154.743917281298,3588289.6265142807,3399762.9787414027,5,Good,602.3969887120546
KGS05-SW-WA,Tulare Lake,0.8,Vegetables and non-tree fruits,Vegetables,KGS,Onions and Garlic,426.9855608,22.97465084,450.333771,454.83711325694327,1354.0035382901115,1364.1247147496554,4417704.119395216,4461881.205193973,5,Good,602.3969887120546
KGS05-SW-WA,Tulare Lake,0.8,Trees and Vine,Trees and vines,KGS,Orchards,1503.259449,11.50880315,59.7185063,60.31569196519779,277.7914308325072,279.86792178863755,1033172.9820510654,1043504.7222900297,5,Good,602.3969887120546
KGS05-SW-WA,Tulare Lake,0.8,Vegetables and non-tree fruits,Vegetables,KGS,Tomatoes Fresh,330.145,19.3975,70.00578336,70.70584189541354,125.54370480226474,126.48214400138713,448316.1711909432,452799.3373972579,5,Good,602.3969887120546
KGS05-SW-WA,Tulare Lake,0.8,Vegetables and non-tree fruits,Vegetables,KGS,Tomatoes Processing,75.98456236,53.94007231,1680.138801,1696.9402059762517,4525.173836799954,4558.999511236678,6886238.375632343,6955100.828926762,5,Good,602.3969887120546
KGS05-SW-WA,Tulare Lake,0.8,Trees and Vine,Trees and vines,KGS,Almonds,5115.183836,1.143761761,325.3175018,328.57068008983134,1540.5098907079453,1552.0252020905527,1903286.8541200664,1922319.7418032852,5,Good,602.3969887120546
KGS05-SW-WA,Tulare Lake,0.8,Trees and Vine,Trees and vines,KGS,Pistachios,4379.7619,1.466522812,9538.653065,9634.039691995682,40071.89306783521,40371.43046855453,61266966.4441075,61879636.72737889,5,Good,602.3969887120546
KRN01-NW,Tulare Lake,0.8,Alfalfa and Pasture,Alfalfa and pasture,KRN,Alfalfa,199.736451,8.253403632,3885.470808,3885.470808,20761.365682784846,20761.365682784846,6405220.191841291,6405220.191841291,10,Infeasible,N/A
KRN01-NW,Tulare Lake,0.8,Corn,Corn,KRN,Corn,50.43552386,24.76768295,523.724656,523.724656,1225.5156950399999,1225.5156950399999,654221.6859784283,654221.6859784283,10,Infeasible,N/A
KRN01-NW,Tulare Lake,0.8,Other field and grain,Field and grain,KRN,Cotton,2858.852174,0.790424805,7922.919246,7922.919246,28047.13413084,28047.13413084,17903481.406072702,17903481.406072702,10,Infeasible,N/A
KRN01-NW,Tulare Lake,0.8,Vegetables and non-tree fruits,Vegetables,KRN,Cucurbits,365.85,17.8725,174.163132,174.163132,375.03127751527893,375.03127751527893,1138792.4814747195,1138792.4814747195,10,Infeasible,N/A
KRN01-NW,Tulare Lake,0.8,Other field and grain,Field and grain,KRN,Field and Grain,223.9885826,2.362115685,11987.28185,11987.28185,18340.5412305,18340.5412305,6342314.323524901,6342314.323524901,10,Infeasible,N/A
KRN01-NW,Tulare Lake,0.8,Trees and Vine,Trees and vines,KRN,Grapes Table,1745.214488,11.85729761,1960.265672,1960.265672,7364.064708466755,7364.064708466755,40564811.74275813,40564811.74275813,10,Infeasible,N/A
KRN01-NW,Tulare Lake,0.8,Trees and Vine,Trees and vines,KRN,Grapes Wine,361.6777551,11.83919792,2940.398509,2940.398509,11046.097066456801,11046.097066456801,12590711.511503495,12590711.511503495,10,Infeasible,N/A
KRN01-NW,Tulare Lake,0.8,Vegetables and non-tree fruits,Vegetables,KRN,Onions and Garlic,426.9855608,22.97465084,453.475616,453.475616,1587.164656,1587.164656,4448525.129261254,4448525.129261254,10,Infeasible,N/A
KRN01-NW,Tulare Lake,0.8,Trees and Vine,Trees and vines,KRN,Orchards,1503.259449,11.50880315,7801.342175,7801.342175,32406.1282580139,32406.1282580139,134968813.82891345,134968813.82891345,10,Infeasible,N/A
KRN01-NW,Tulare Lake,0.8,Other field and grain,Field and grain,KRN,Safflower,434.207238,1.140815583,120.650021,120.650021,291.97305081999997,291.97305081999997,59764.03415495798,59764.03415495798,10,Infeasible,N/A
KRN01-NW,Tulare Lake,0.8,Trees and Vine,Trees and vines,KRN,Subtropical,654.5088042,14.79755688,3789.707142,3789.707142,15180.154405948713,15180.154405948713,36703811.10196284,36703811.10196284,10,Infeasible,N/A
KRN01-NW,Tulare Lake,0.8,Vegetables and non-tree fruits,Vegetables,KRN,Tomatoes Processing,75.98456236,53.94007231,287.3241658,287.3241658,581.3525620395586,581.3525620395586,1177630.5002901424,1177630.5002901424,10,Infeasible,N/A
KRN01-NW,Tulare Lake,0.8,Vegetables and non-tree fruits,Vegetables,KRN,Truck,923.9057692,21.11899336,850.822479,850.822479,1676.1202836300001,1676.1202836300001,16601214.011438876,16601214.011438876,10,Infeasible,N/A
KRN01-NW,Tulare Lake,0.8,Trees and Vine,Trees and vines,KRN,Almonds,5115.183836,1.143761761,27912.81396,27912.81396,130903.85940061203,130903.85940061203,163305360.3867527,163305360.3867527,10,Infeasible,N/A
KRN01-NW,Tulare Lake,0.8,Trees and Vine,Trees and vines,KRN,Pistachios,4379.7619,1.466522812,59095.50691,59095.50691,245397.4091200048,245397.4091200048,379571666.3747318,379571666.3747318,10,Infeasible,N/A
KRN01-NW,Tulare Lake,0.8,Trees and Vine,Trees and vines,KRN,Walnuts,2131.866347,1.870657994,860.9675451,860.9675451,3713.0860618095912,3713.0860618095912,3433532.391689257,3433532.391689257,10,Infeasible,N/A
KRN02-NC,Tulare Lake,0.8,Alfalfa and Pasture,Alfalfa and pasture,KRN,Alfalfa,199.736451,8.253403632,17467.04331,1.4649095169787276e-17,93390.45823662235,1.880587958388653e-09,28794517.840829533,2.4149114691721083e-14,4,Good,720.1901882116724
KRN02-NC,Tulare Lake,0.8,Other field and grain,Field and grain,KRN,Beans Dry,989.2558964,1.380612025,302.40374,86.84697977910241,661.2561782341346,189.43063044138225,413016.5525308041,118613.74527337965,4,Good,720.1901882116724
KRN02-NC,Tulare Lake,0.8,Corn,Corn,KRN,Corn,50.43552386,24.76768295,15001.50176,3.0813715549150073e-17,35878.59171433383,1.88058833481941e-09,18739441.92086225,3.8491601850084896e-14,4,Good,720.1901882116724
KRN02-NC,Tulare Lake,0.8,Other field and grain,Field and grain,KRN,Cotton,2858.852174,0.790424805,4098.248771,317.38714516095285,14685.391428050583,1134.4606655471769,9260844.190239875,717202.1669644589,4,Good,720.1901882116724
KRN02-NC,Tulare Lake,0.8,Other field and grain,Field and grain,KRN,Field and Grain,223.9885826,2.362115685,9080.01545,3.45586191134225e-17,13968.090430889995,1.880588109297378e-09,4804117.627914322,1.8284514183196663e-14,4,Good,720.1901882116724
KRN02-NC,Tulare Lake,0.8,Trees and Vine,Trees and vines,KRN,Grapes Table,1745.214488,11.85729761,3460.266743,3494.8694453777343,13771.86163714,13874.806302886445,71605125.27177583,72321177.24768549,4,Good,720.1901882116724
KRN02-NC,Tulare Lake,0.8,Trees and Vine,Trees and vines,KRN,Grapes Wine,361.6777551,11.83919792,5190.400115,4687.59732854282,20657.7924577,18609.995588094094,22225161.07160751,20072172.34845126,4,Good,720.1901882116724
KRN02-NC,Tulare Lake,0.8,Vegetables and non-tree fruits,Vegetables,KRN,Onions and Garlic,426.9855608,22.97465084,262.858372,265.48695837323334,951.985404014286,959.1014949160162,2578599.66891517,2604385.6916321274,4,Good,720.1901882116724
KRN02-NC,Tulare Lake,0.8,Trees and Vine,Trees and vines,KRN,Orchards,1503.259449,11.50880315,1067.567464,1078.2431494214409,4571.851200459005,4606.025788190839,18469682.660525177,18654379.673657086,4,Good,720.1901882116724
KRN02-NC,Tulare Lake,0.8,Alfalfa and Pasture,Alfalfa and pasture,KRN,Pasture,215.0,3.5,312.968706,1.030124610319564e-17,1810.002349595677,1.880587794814653e-09,235508.951265,7.75168769265472e-15,4,Good,720.1901882116724
KRN02-NC,Tulare Lake,0.8,Vegetables and non-tree fruits,Vegetables,KRN,Potatoes,316.2258,23.4875,1234.98143,1247.3312567721448,2424.6802071550064,2442.8046917138377,9172643.618758423,9264370.147581035,4,Good,720.1901882116724
KRN02-NC,Tulare Lake,0.8,Trees and Vine,Trees and vines,KRN,Subtropical,654.5088042,14.79755688,64.99878551,65.64877399425446,227.28203600819214,228.98096914465012,629521.7693146062,635816.9931011957,4,Good,720.1901882116724
KRN02-NC,Tulare Lake,0.8,Vegetables and non-tree fruits,Vegetables,KRN,Tomatoes Processing,75.98456236,53.94007231,688.9768128,695.8665878834519,1591.5364375679999,1603.4331724440494,2823849.1756754685,2852087.6959399274,4,Good,720.1901882116724
KRN02-NC,Tulare Lake,0.8,Vegetables and non-tree fruits,Vegetables,KRN,Truck,923.9057692,21.11899336,1835.549713,1853.9052286678077,4619.466778328517,4653.997292506033,35815172.220136195,36173324.30404651,4,Good,720.1901882116724
KRN02-NC,Tulare Lake,0.8,Trees and Vine,Trees and vines,KRN,Almonds,5115.183836,1.143761761,90540.38534,91445.79010778377,423660.32036028494,426827.18125464476,529711202.84370494,535008320.22179157,4,Good,720.1901882116724
KRN02-NC,Tulare Lake,0.8,Vegetables and non-tree fruits,Vegetables,KRN,Lettuce,479.2433265,17.02508876,172.700881,174.42789155194438,444.207453937046,447.5279046618695,1409094.1498036487,1423185.1055144882,4,Good,720.1901882116724
KRN02-NC,Tulare Lake,0.8,Trees and Vine,Trees and vines,KRN,Pistachios,4379.7619,1.466522812,35907.34577,36266.41959033121,148707.3031125892,149818.89020323215,230633626.50851956,232939965.10279253,4,Good,720.1901882116724
KRN02-NC,Tulare Lake,0.8,Trees and Vine,Trees and vines,KRN,Walnuts,2131.866347,1.870657994,378.0936576,354.6757030421055,1628.5696280310328,1523.881782309924,1507834.793367366,1414444.158634092,4,Good,720.1901882116724
KRN03-NE,Tulare Lake,0.8,Alfalfa and Pasture,Alfalfa and pasture,KRN,Alfalfa,199.736451,8.253403632,1237.748781,1.3456630163167762e-17,6753.982515402583,5.3826725908444164e-08,2040435.7351404259,2.218332950997755e-14,4,Good,1031.072201782359
KRN03-NE,Tulare Lake,0.8,Other field and grain,Field and grain,KRN,Beans Dry,989.2558964,1.380612025,78.199489,3.22330277702047e-17,179.85882469999999,5.3826725979632545e-08,106803.1875414323,4.4023179102479406e-14,4,Good,1031.072201782359
KRN03-NE,Tulare Lake,0.8,Corn,Corn,KRN,Corn,50.43552386,24.76768295,725.434954,2.9638771555854875e-17,1816.0055012715216,5.382672597273283e-08,906192.3536278262,3.702389581139152e-14,4,Good,1031.072201782359
KRN03-NE,Tulare Lake,0.8,Other field and grain,Field and grain,KRN,Field and Grain,223.9885826,2.362115685,4429.845687,5.1384105471490444e-17,6438.042396963385,5.382672599557297e-08,2343773.5179026513,2.7186659345408488e-14,4,Good,1031.072201782359
KRN03-NE,Tulare Lake,0.8,Trees and Vine,Trees and vines,KRN,Grapes Table,1745.214488,11.85729761,11762.50305,11880.128199293067,45442.47011257916,45782.152576705696,243407681.2456002,245841760.51630384,4,Good,1031.072201782359
KRN03-NE,Tulare Lake,0.8,Trees and Vine,Trees and vines,KRN,Grapes Wine,361.6777551,11.83919792,17643.75458,9222.67642436046,68163.70518818541,35541.19721123543,75550107.65261836,39491265.5096395,4,Good,1031.072201782359
KRN03-NE,Tulare Lake,0.8,Vegetables and non-tree fruits,Vegetables,KRN,Onions and Garlic,426.9855608,22.97465084,693.360304,700.2939140276659,2470.6738830222134,2489.142170310172,6801756.538054348,6869774.171982804,4,Good,1031.072201782359
KRN03-NE,Tulare Lake,0.8,Trees and Vine,Trees and vines,KRN,Orchards,1503.259449,11.50880315,1222.218007,1234.4401994055822,5314.295057232706,5354.019412813923,21145247.95153324,21356700.64446299,4,Good,1031.072201782359
KRN03-NE,Tulare Lake,0.8,Alfalfa and Pasture,Alfalfa and pasture,KRN,Pasture,215.0,3.5,51.261279,1.2686138686683071e-17,295.94845074291294,5.382672589423805e-08,38574.1124475,9.54631936172901e-15,4,Good,1031.072201782359
KRN03-NE,Tulare Lake,0.8,Vegetables and non-tree fruits,Vegetables,KRN,Potatoes,316.2258,23.4875,276.506935,279.2720071331325,547.4837313,551.5761722391866,2053714.7452251164,2074251.9133486764,4,Good,1031.072201782359
KRN03-NE,Tulare Lake,0.8,Other field and grain,Field and grain,KRN,Safflower,434.207238,1.140815583,86.250627,4.183275367713411e-17,153.31361452521747,5.3826725965301945e-08,42724.28114964473,2.07218705710477e-14,4,Good,1031.072201782359
KRN03-NE,Tulare Lake,0.8,Trees and Vine,Trees and vines,KRN,Subtropical,654.5088042,14.79755688,18008.19858,17075.380072456574,76477.16923346522,72334.38818916352,174411766.9784193,165377297.29240027,4,Good,1031.072201782359
KRN03-NE,Tulare Lake,0.8,Vegetables and non-tree fruits,Vegetables,KRN,Tomatoes Processing,75.98456236,53.94007231,148.6861939,150.1730573071315,353.873141482,356.51834320146645,609407.1357387166,615501.2131134062,4,Good,1031.072201782359
KRN03-NE,Tulare Lake,0.8,Vegetables and non-tree fruits,Vegetables,KRN,Truck,923.9057692,21.11899336,1265.377579,1278.0313675605069,2602.4598878984593,2621.913275607036,24689996.459596835,24936896.67337042,4,Good,1031.072201782359
KRN03-NE,Tulare Lake,0.8,Trees and Vine,Trees and vines,KRN,Almonds,5115.183836,1.143761761,52433.34263,42085.48125966591,247227.99069099754,197940.78676468754,306763980.39784855,246223282.75495976,4,Good,1031.072201782359
KRN03-NE,Tulare Lake,0.8,Vegetables and non-tree fruits,Vegetables,KRN,Berries,6318.852028,4.903289478,169.325006,171.01825776683293,543.6837803952584,547.7478167096398,5246223.864980492,5298686.156513375,4,Good,1031.072201782359
KRN03-NE,Tulare Lake,0.8,Vegetables and non-tree fruits,Vegetables,KRN,Lettuce,479.2433265,17.02508876,142.213744,143.6358828542066,365.79086783636524,368.52515458325905,1160344.7158562772,1171948.1745535783,4,Good,1031.072201782359
KRN03-NE,Tulare Lake,0.8,Trees and Vine,Trees and vines,KRN,Pistachios,4379.7619,1.466522812,20784.05196,18682.294063512592,86865.92194715796,77886.52319090717,133496396.7479099,119996762.19361216,4,Good,1031.072201782359
KRN03-NE,Tulare Lake,0.8,Trees and Vine,Trees and vines,KRN,Walnuts,2131.866347,1.870657994,155.3456193,86.49735760217229,671.9723887484259,373.22279257157453,619517.2150323344,344950.84142584313,4,Good,1031.072201782359
KRN04-CC,Tulare Lake,0.8,Alfalfa and Pasture,Alfalfa and pasture,KRN,Alfalfa,199.736451,8.253403632,13461.34459,2912.218180568245,72511.77619595379,15647.930572352898,22191101.26877616,4800807.833845146,2,Good,263.3016802221357
KRN04-CC,Tulare Lake,0.8,Other field and grain,Field and grain,KRN,Beans Dry,989.2558964,1.380612025,294.377335,297.3211113121684,643.7051059647924,648.5168016424008,402054.260456255,406074.80710648367,2,Good,263.3016802221357
KRN04-CC,Tulare Lake,0.8,Corn,Corn,KRN,Corn,50.43552386,24.76768295,21844.20919,22062.651502514902,52353.28803264807,52744.62886069896,27287154.044447508,27560025.860477734,2,Good,263.3016802221357
KRN04-CC,Tulare Lake,0.8,Other field and grain,Field and grain,KRN,Cotton,2858.852174,0.790424805,3133.124217,3164.4554908062423,11133.034716695625,11216.254151208072,7079944.830978225,7150744.350776666,2,Good,263.3016802221357
KRN04-CC,Tulare Lake,0.8,Vegetables and non-tree fruits,Vegetables,KRN,Cucurbits,365.85,17.8725,504.095154,509.13611062720776,1317.3686689519682,1327.21599977617,3296103.8580946103,3329064.9299390484,2,Good,263.3016802221357
KRN04-CC,Tulare Lake,0.8,Other field and grain,Field and grain,KRN,Field and Grain,223.9885826,2.362115685,4583.921097,4629.760354188906,7196.756122290001,7250.551874215474,2425292.8057590537,2449545.7582704634,2,Good,263.3016802221357
KRN04-CC,Tulare Lake,0.8,Trees and Vine,Trees and vines,KRN,Grapes Table,1745.214488,11.85729761,2219.97559,2242.1753683209417,9360.897071906658,9430.86977755036,45939126.09304134,46398517.81794012,2,Good,263.3016802221357
KRN04-CC,Tulare Lake,0.8,Trees and Vine,Trees and vines,KRN,Grapes Wine,361.6777551,11.83919792,3329.963385,3363.263052443601,14041.345607859988,14146.304666149172,14258818.386717066,14401406.71443118,2,Good,263.3016802221357
KRN04-CC,Tulare Lake,0.8,Vegetables and non-tree fruits,Vegetables,KRN,Onions and Garlic,426.9855608,22.97465084,1125.610202,1136.8663153873972,4104.725203668537,4135.408024595967,11042060.681273405,11152481.399598533,2,Good,263.3016802221357
KRN04-CC,Tulare Lake,0.8,Trees and Vine,Trees and vines,KRN,Orchards,1503.259449,11.50880315,303.5281637,306.5634484018136,1340.7424211140303,1350.7644707428544,5251254.886567934,5303767.4884570865,2,Good,263.3016802221357
KRN04-CC,Tulare Lake,0.8,Alfalfa and Pasture,Alfalfa and pasture,KRN,Pasture,215.0,3.5,1123.7731,1.9487162342088196e-21,6529.121711,1.9487162342091795e-08,845639.2577500001,1.4664089662421368e-18,2,Good,263.3016802221357
KRN04-CC,Tulare Lake,0.8,Vegetables and non-tree fruits,Vegetables,KRN,Potatoes,316.2258,23.4875,2766.556292,2794.221882861169,5431.672185704481,5472.27393532518,20548191.496085707,20753673.618575502,2,Good,263.3016802221357
KRN04-CC,Tulare Lake,0.8,Other field and grain,Field and grain,KRN,Safflower,434.207238,1.140815583,1842.805166,1.9487056593347656e-21,4594.727546612398,1.948705659334599e-08,912834.2454391866,9.652920954107653e-19,2,Good,263.3016802221357
KRN04-CC,Tulare Lake,0.8,Vegetables and non-tree fruits,Vegetables,KRN,Tomatoes Processing,75.98456236,53.94007231,1039.76562,1050.163286699279,2401.8585822,2419.812475131134,4261596.666802503,4304212.676503008,2,Good,263.3016802221357
KRN04-CC,Tulare Lake,0.8,Vegetables and non-tree fruits,Vegetables,KRN,Truck,923.9057692,21.11899336,2130.799835,2152.107854870001,5305.69158915,5345.351633810835,41576080.73302168,41991841.9602493,2,Good,263.3016802221357
KRN04-CC,Tulare Lake,0.8,Trees and Vine,Trees and vines,KRN,Almonds,5115.183836,1.143761761,18762.35962,18949.9834056958,86595.05298912166,87242.35101023139,109770154.44737183,110867857.10050051,2,Good,263.3016802221357
KRN04-CC,Tulare Lake,0.8,Vegetables and non-tree fruits,Vegetables,KRN,Lettuce,479.2433265,17.02508876,1570.08763,1585.788522156084,4038.454375808023,4068.641822297175,12810596.456147062,12938702.550080862,2,Good,263.3016802221357
KRN04-CC,Tulare Lake,0.8,Trees and Vine,Trees and vines,KRN,Pistachios,4379.7619,1.466522812,10262.07821,10364.699095742782,41804.065672977325,42116.55106390034,65913541.15245587,66572677.229680166,2,Good,263.3016802221357
KRN05-SC,Tulare Lake,0.8,Alfalfa and Pasture,Alfalfa and pasture,KRN,Alfalfa,199.736451,8.253403632,3610.784589,9.140111087188225e-18,19720.901831458596,5.171922661449717e-08,5952398.435276613,1.5067523855999712e-14,9,Good,1033.217482400738
KRN05-SC,Tulare Lake,0.8,Other field and grain,Field and grain,KRN,Beans Dry,989.2558964,1.380612025,224.35451,1.6444850218700547e-15,507.7890408918818,5.171923992937475e-08,306418.5855139814,2.246002428479601e-12,9,Good,1033.217482400738
KRN05-SC,Tulare Lake,0.8,Corn,Corn,KRN,Corn,50.43552386,24.76768295,3202.461416,2.192634709474724e-17,7920.754567839179,5.1718430857426047e-08,4000422.135665855,2.7389758338346696e-14,9,Good,1033.217482400738
KRN05-SC,Tulare Lake,0.8,Other field and grain,Field and grain,KRN,Cotton,2858.852174,0.790424805,2379.989211,1.4469432229291735e-17,8690.92726962833,5.1719233757101864e-08,5378079.879749432,3.269668702029752e-14,9,Good,1033.217482400738
KRN05-SC,Tulare Lake,0.8,Vegetables and non-tree fruits,Vegetables,KRN,Cucurbits,365.85,17.8725,995.772472,5.172060501543132e-13,2695.2241578785906,5.172246730790964e-08,6511011.781604247,3.3818314733164572e-09,9,Good,1033.217482400738
KRN05-SC,Tulare Lake,0.8,Other field and grain,Field and grain,KRN,Field and Grain,223.9885826,2.362115685,6395.3244,3.352536241199976e-17,10221.860163868227,5.1719233775604836e-08,3383682.6440940234,1.7737831552445677e-14,9,Good,1033.217482400738
KRN05-SC,Tulare Lake,0.8,Trees and Vine,Trees and vines,KRN,Grapes Table,1745.214488,11.85729761,12187.37843,12309.25233751889,46697.971688345795,47047.03902726361,252199851.63863093,254721852.70485073,9,Good,1033.217482400738
KRN05-SC,Tulare Lake,0.8,Trees and Vine,Trees and vines,KRN,Grapes Wine,361.6777551,11.83919792,18281.06764,10366.199600908256,70046.95751336036,39620.52152444242,78279065.94055548,44387802.6213822,9,Good,1033.217482400738
KRN05-SC,Tulare Lake,0.8,Vegetables and non-tree fruits,Vegetables,KRN,Onions and Garlic,426.9855608,22.97465084,4019.599536,4059.795571943505,13847.52040152,13951.030616536173,39431645.08643146,39825961.93541363,9,Good,1033.217482400738
KRN05-SC,Tulare Lake,0.8,Trees and Vine,Trees and vines,KRN,Orchards,1503.259449,11.50880315,5121.709815,5172.926964889632,21800.831746831827,21963.792964247845,88609252.48499997,89495345.90498269,9,Good,1033.217482400738
KRN05-SC,Tulare Lake,0.8,Vegetables and non-tree fruits,Vegetables,KRN,Potatoes,316.2258,23.4875,10710.44379,10817.548336065822,24062.797051770147,24242.666459774962,79550251.92922477,80345755.25190282,9,Good,1033.217482400738
KRN05-SC,Tulare Lake,0.8,Trees and Vine,Trees and vines,KRN,Subtropical,654.5088042,14.79755688,36062.47429,34407.30720029305,148680.27652738956,141501.6240186516,349269797.0089087,333239286.4901649,9,Good,1033.217482400738
KRN05-SC,Tulare Lake,0.8,Vegetables and non-tree fruits,Vegetables,KRN,Tomatoes Fresh,330.145,19.3975,144.6836144,146.13045171828134,359.538781784,362.2263335301171,926552.0779664171,935817.6062661643,9,Good,1033.217482400738
KRN05-SC,Tulare Lake,0.8,Vegetables and non-tree fruits,Vegetables,KRN,Tomatoes Processing,75.98456236,53.94007231,3472.406746,3507.1308485730024,8681.016865,8745.907466234294,14232050.694786513,14374371.345648978,9,Good,1033.217482400738
KRN05-SC,Tulare Lake,0.8,Vegetables and non-tree fruits,Vegetables,KRN,Truck,923.9057692,21.11899336,8918.534185,9007.719617032833,15235.82922973549,15349.717053472212,174018080.53724283,175758263.10225907,9,Good,1033.217482400738
KRN05-SC,Tulare Lake,0.8,Trees and Vine,Trees and vines,KRN,Almonds,5115.183836,1.143761761,16973.22195,13696.076429908995,79452.83494757347,63952.00699718701,99302712.06053248,80129602.85824217,9,Good,1033.217482400738
KRN05-SC,Tulare Lake,0.8,Vegetables and non-tree fruits,Vegetables,KRN,Berries,6318.852028,4.903289478,431.978238,436.2980247421137,1387.0341246839976,1397.4022048276906,13384051.150412021,13517891.797068212,9,Good,1033.217482400738
KRN05-SC,Tulare Lake,0.8,Vegetables and non-tree fruits,Vegetables,KRN,Lettuce,479.2433265,17.02508876,3996.957247,4036.926859854437,10280.655153027821,10357.503050399848,32611814.376111936,32937932.849376146,9,Good,1033.217482400738
KRN05-SC,Tulare Lake,0.8,Trees and Vine,Trees and vines,KRN,Pistachios,4379.7619,1.466522812,9074.970613,8183.359646271829,37600.84261486913,33821.81332502268,58288724.43930664,52561888.71024837,9,Good,1033.217482400738
KRN06-OTHER,Tulare Lake,0.8,Alfalfa and Pasture,Alfalfa and pasture,KRN,Alfalfa,199.736451,8.253403632,1846.759611,2.292488144792977e-22,9877.085985549415,2.292488144794067e-09,3044393.468482383,3.7791794302897147e-19,5,Good,694.549892703232
KRN06-OTHER,Tulare Lake,0.8,Corn,Corn,KRN,Corn,50.43552386,24.76768295,2383.233799,777.0626673173616,5711.817005731078,1857.7217119564943,2977066.70136713,970684.199224065,5,Good,694.549892703232
KRN06-OTHER,Tulare Lake,0.8,Other field and grain,Field and grain,KRN,Cotton,2858.852174,0.790424805,830.891641,281.80422081502064,2952.4349640763694,998.8409603915379,1877572.2158994647,636795.1598221462,5,Good,694.549892703232
KRN06-OTHER,Tulare Lake,0.8,Other field and grain,Field and grain,KRN,Field and Grain,223.9885826,2.362115685,6233.845247,2.2925947262025643e-22,7688.409135888719,2.2925947262027708e-09,3298246.132477958,1.2129819380222691e-19,5,Good,694.549892703232
KRN06-OTHER,Tulare Lake,0.8,Trees and Vine,Trees and vines,KRN,Grapes Table,1745.214488,11.85729761,889.3394024,898.2328054102884,3410.616608204,3436.110967378575,18403569.44932157,18587605.329772793,5,Good,694.549892703232
KRN06-OTHER,Tulare Lake,0.8,Trees and Vine,Trees and vines,KRN,Grapes Wine,361.6777551,11.83919792,1334.009104,1231.6703164761482,5115.92491384,4711.64697741487,5712193.000633596,5273980.919445974,5,Good,694.549892703232
KRN06-OTHER,Tulare Lake,0.8,Vegetables and non-tree fruits,Vegetables,KRN,Onions and Garlic,426.9855608,22.97465084,380.020658,383.8208684165892,1385.808666300007,1396.16758608527,3727943.4375395323,3765222.9095512694,5,Good,694.549892703232
KRN06-OTHER,Tulare Lake,0.8,Trees and Vine,Trees and vines,KRN,Orchards,1503.259449,11.50880315,356.0429189,359.6033516860254,1474.9698024703061,1485.7890594875873,6159797.808909341,6221395.849229553,5,Good,694.549892703232
KRN06-OTHER,Tulare Lake,0.8,Alfalfa and Pasture,Alfalfa and pasture,KRN,Pasture,215.0,3.5,62.868426,2.29236735252641e-22,365.26555506,2.2923673525276518e-09,47308.490565,1.7250064327761237e-19,5,Good,694.549892703232
KRN06-OTHER,Tulare Lake,0.8,Vegetables and non-tree fruits,Vegetables,KRN,Potatoes,316.2258,23.4875,2282.39543,2305.2194073594173,4481.1030268058685,4514.599271958492,16952157.63404061,17121679.381651457,5,Good,694.549892703232
KRN06-OTHER,Tulare Lake,0.8,Other field and grain,Field and grain,KRN,Safflower,434.207238,1.140815583,81.483536,2.292594726202122e-22,203.16561639950547,2.2925947262026214e-09,40362.900795274196,1.1356376765174384e-19,5,Good,694.549892703232
KRN06-OTHER,Tulare Lake,0.8,Trees and Vine,Trees and vines,KRN,Subtropical,654.5088042,14.79755688,5136.973834,5188.343624196843,19469.12007917377,19614.651751678146,49752265.854336515,50249789.01512021,5,Good,694.549892703232
KRN06-OTHER,Tulare Lake,0.8,Vegetables and non-tree fruits,Vegetables,KRN,Truck,923.9057692,21.11899336,1009.874472,1019.9732269203546,2514.58743528,2533.3839763687583,19704630.105760094,19901676.605846606,5,Good,694.549892703232
KRN06-OTHER,Tulare Lake,0.8,Trees and Vine,Trees and vines,KRN,Almonds,5115.183836,1.143761761,8635.674228,8722.031057503182,39267.080765315026,39560.60219391795,50523458.294354364,51028693.387601644,5,Good,694.549892703232
KRN06-OTHER,Tulare Lake,0.8,Vegetables and non-tree fruits,Vegetables,KRN,Lettuce,479.2433265,17.02508876,220.017272,222.2174469414927,565.9109070630305,570.1410911036417,1795156.1627005138,1813107.7424530338,5,Good,694.549892703232
KRN06-OTHER,Tulare Lake,0.8,Trees and Vine,Trees and vines,KRN,Pistachios,4379.7619,1.466522812,3501.76033,3536.7779686673002,14011.254011213958,14115.988134933288,22491879.217269428,22716798.236607023,5,Good,694.549892703232
LMS01-IDs,Sacramento River,0.8,Other field and grain,Field and grain,LMS,Field and Grain,173.2298426,2.485487486,401.405227,405.4192832923549,425.48954062000007,428.67007495310787,172829.27778228503,174557.57229197543,2,Good,179.87797940814997
LMS01-IDs,Sacramento River,0.8,Trees and Vine,Trees and vines,LMS,Orchards,2061.666385,2.066393172,667.0207213,673.6909352463751,1878.0432187709018,1892.0815918719306,2841650.575542952,2870067.109983996,2,Good,179.87797940814997
LMS01-IDs,Sacramento River,0.8,Alfalfa and Pasture,Alfalfa and pasture,LMS,Pasture,215.0,3.5,3982.788281,2061.3694708824924,16833.91846902093,8690.939740014313,2997048.1814525,1551180.5268390756,2,Good,179.87797940814997
LMS01-IDs,Sacramento River,0.8,Trees and Vine,Trees and vines,LMS,Almonds,5165.974452,0.856578131,732.3809764,739.7047935565814,2575.993286114239,2595.2488359629137,3240830.3060407946,3273238.6418138244,2,Good,179.87797940814997
LMS01-IDs,Sacramento River,0.8,Trees and Vine,Trees and vines,LMS,Walnuts,1949.323208,2.037882063,5206.517591,5258.582819489419,18141.055398191023,18276.65978732087,20682843.233268052,20889671.874471992,2,Good,179.87797940814997
LMS02-WAs,Sacramento River,0.8,Other field and grain,Field and grain,LMS,Field and Grain,173.2298426,2.485487486,58.033583,58.613919384255134,61.51559798,61.975427091819704,24986.974663905643,25236.84464918513,2,Good,179.90110287336122
LMS02-WAs,Sacramento River,0.8,Trees and Vine,Trees and vines,LMS,Orchards,2061.666385,2.066393172,297.7873554,300.7652319581264,828.3197403482435,834.5114304481984,1268637.6642281737,1281324.0536686745,2,Good,179.90110287336122
LMS02-WAs,Sacramento River,0.8,Alfalfa and Pasture,Alfalfa and pasture,LMS,Pasture,215.0,3.5,1794.091762,897.6878051775968,7583.0278479846975,3784.741517910954,1350054.050905,675510.0733961416,2,Good,179.90110287336122
LMS02-WAs,Sacramento River,0.8,Trees and Vine,Trees and vines,LMS,Almonds,5165.974452,0.856578131,123.2800875,124.512889615679,428.31291521941387,431.5145542958921,545521.8753294763,550977.099572851,2,Good,179.90110287336122
LMS02-WAs,Sacramento River,0.8,Trees and Vine,Trees and vines,LMS,Walnuts,1949.323208,2.037882063,2796.800304,2824.7683352812933,9679.22907049,9751.581307820488,11110263.478679262,11221366.225654332,2,Good,179.90110287336122
MAD01-SW-WA,San Joaquin River,0.8,Alfalfa and Pasture,Alfalfa and pasture,MAD,Alfalfa,205.8588937,7.063149253,1752.859594,3.4263075824213286e-22,9214.198599710953,3.4263075824228094e-09,2548679.0439580786,4.981892653218355e-19,2,Good,642.096739747911
MAD01-SW-WA,San Joaquin River,0.8,Corn,Corn,MAD,Corn,44.88630607,26.76544219,5843.530438,305.9847204491129,15037.35165850549,785.432170978935,7020428.1632718565,367610.60317280376,2,Good,642.096739747911
MAD01-SW-WA,San Joaquin River,0.8,Other field and grain,Field and grain,MAD,Field and Grain,187.333843,2.812754651,591.178514,597.0903050816402,266.0303313,268.0189047367875,311506.2290046852,314621.2944255257,2,Good,642.096739747911
MAD01-SW-WA,San Joaquin River,0.8,Trees and Vine,Trees and vines,MAD,Grapes Table,390.5459,12.435,260.066703,262.6673726451614,894.62945832,901.3168134956078,1262997.8882916905,1275627.879874977,2,Good,642.096739747911
MAD01-SW-WA,San Joaquin River,0.8,Trees and Vine,Trees and vines,MAD,Grapes Wine,510.5784914,8.495282366,8408.823398,8140.027144187889,28926.35248912,27931.6888632636,36473342.580796115,35307436.55736178,2,Good,642.096739747911
MAD01-SW-WA,San Joaquin River,0.8,Trees and Vine,Trees and vines,MAD,Orchards,3117.281059,2.261810582,122.2037529,123.42579165942284,517.7588272515666,521.6290744832336,861621.9133569672,870238.1411658783,2,Good,642.096739747911
MAD01-SW-WA,San Joaquin River,0.8,Alfalfa and Pasture,Alfalfa and pasture,MAD,Pasture,215.0,3.5,184.817636,3.426307582419874e-22,1057.7729366450608,3.4263075824215947e-09,139075.27109,2.578296455770955e-19,2,Good,642.096739747911
MAD01-SW-WA,San Joaquin River,0.8,Vegetables and non-tree fruits,Vegetables,MAD,Tomatoes Fresh,513.5119746,20.19858006,67.8939425,68.57288260824244,95.05151949999998,95.76202961895983,704210.4147377324,711252.5259718457,2,Good,642.096739747911
MAD01-SW-WA,San Joaquin River,0.8,Vegetables and non-tree fruits,Vegetables,MAD,Tomatoes Processing,78.52090496,49.10025147,611.0454825,617.1559434931021,1572.4237080963183,1584.177575319633,2355822.41854057,2379380.666506453,2,Good,642.096739747911
MAD01-SW-WA,San Joaquin River,0.8,Trees and Vine,Trees and vines,MAD,Almonds,5157.824281,1.067695081,12050.54696,12171.052551297676,49434.802582767756,49804.32773203553,66362164.642264284,67025786.95887404,2,Good,642.096739747911
MAD01-SW-WA,San Joaquin River,0.8,Trees and Vine,Trees and vines,MAD,Pistachios,4636.170568,1.382293453,4545.864171,4591.3228586121195,17588.924947406387,17720.402161359543,29132389.75568734,29423713.94741016,2,Good,642.096739747911
MAD01-SW-WA,San Joaquin River,0.8,Trees and Vine,Trees and vines,MAD,Walnuts,2092.008952,1.920558157,99.8585523,99.28619318902474,372.72627337241033,369.66344028393286,401214.173642997,398914.5349796296,2,Good,642.096739747911
MAD02-CC-MID&Gravelly,San Joaquin River,0.8,Alfalfa and Pasture,Alfalfa and pasture,MAD,Alfalfa,205.8588937,7.063149253,387.668528,2.298523208914744e-18,2000.36960448,9.892072431675361e-09,563674.7271131835,3.342080537805063e-15,3,Good,1086.5941389030586
MAD02-CC-MID&Gravelly,San Joaquin River,0.8,Corn,Corn,MAD,Corn,44.88630607,26.76544219,1169.543665,4.769460752210934e-18,2912.16372585,9.892072446845458e-09,1405091.8996756983,5.730038876960396e-15,3,Good,1086.5941389030586
MAD02-CC-MID&Gravelly,San Joaquin River,0.8,Other field and grain,Field and grain,MAD,Field and Grain,187.333843,2.812754651,2926.413504,2955.6776681925726,1463.206752,1474.1442074748113,1541997.9135767904,1557417.9080737524,3,Good,1086.5941389030586
MAD02-CC-MID&Gravelly,San Joaquin River,0.8,Trees and Vine,Trees and vines,MAD,Grapes Table,390.5459,12.435,1046.503549,917.7781663557053,3554.623721785501,3109.593008022015,5082279.881391658,4457133.0072480505,3,Good,1086.5941389030586
MAD02-CC-MID&Gravelly,San Joaquin River,0.8,Trees and Vine,Trees and vines,MAD,Grapes Wine,510.5784914,8.495282366,33836.94808,26450.78257400497,114932.83365634565,89619.87936029592,146768048.36976212,114730493.04154685,3,Good,1086.5941389030586
MAD02-CC-MID&Gravelly,San Joaquin River,0.8,Trees and Vine,Trees and vines,MAD,Orchards,3117.281059,2.261810582,3641.200787,3677.6128316013974,15397.746449127077,15512.844603666159,25673011.79022821,25929742.167112526,3,Good,1086.5941389030586
MAD02-CC-MID&Gravelly,San Joaquin River,0.8,Alfalfa and Pasture,Alfalfa and pasture,MAD,Pasture,215.0,3.5,685.191218,2.0789124721940273e-18,3907.87391309827,9.892072428219753e-09,515606.391545,1.5643816353260055e-15,3,Good,1086.5941389030586
MAD02-CC-MID&Gravelly,San Joaquin River,0.8,Trees and Vine,Trees and vines,MAD,Subtropical,826.2221391,4.405931004,2133.122134,3.1673514770919743e-18,8000.411759583293,9.892072442841236e-09,7765157.018652442,1.153003907317757e-14,3,Good,1086.5941389030586
MAD02-CC-MID&Gravelly,San Joaquin River,0.8,Vegetables and non-tree fruits,Vegetables,MAD,Tomatoes Processing,78.52090496,49.10025147,356.2868826,359.8497550092317,925.1582719367624,932.0738300004908,1373627.0858708331,1387363.3705443193,3,Good,1086.5941389030586
MAD02-CC-MID&Gravelly,San Joaquin River,0.8,Vegetables and non-tree fruits,Vegetables,MAD,Truck,548.8387,13.5325,205.552092,207.60761498637098,237.07007937148262,238.84217822416167,1526668.2155461211,1541934.9130488497,3,Good,1086.5941389030586
MAD02-CC-MID&Gravelly,San Joaquin River,0.8,Trees and Vine,Trees and vines,MAD,Almonds,5157.824281,1.067695081,53930.68004,45123.42602450477,221380.0679651715,184764.09801048212,296995371.24443984,248493967.7012983,3,Good,1086.5941389030586
MAD02-CC-MID&Gravelly,San Joaquin River,0.8,Trees and Vine,Trees and vines,MAD,Pistachios,4636.170568,1.382293453,9169.508734,8397.185728633438,35505.86357845379,32434.01181569094,58763238.90432122,53813769.68059099,3,Good,1086.5941389030586
MAD02-CC-MID&Gravelly,San Joaquin River,0.8,Trees and Vine,Trees and vines,MAD,Walnuts,2092.008952,1.920558157,1460.578533,1195.1324634193902,5453.605919551077,4451.309403486832,5868348.735897865,4801832.91926945,3,Good,1086.5941389030586
MAD03-E-WA,San Joaquin River,0.8,Alfalfa and Pasture,Alfalfa and pasture,MAD,Alfalfa,205.8588937,7.063149253,71.198771,71.198771,355.0445380770662,355.0445380770662,103523.87391689181,103523.87391689181,10,Infeasible,N/A
MAD03-E-WA,San Joaquin River,0.8,Other field and grain,Field and grain,MAD,Field and Grain,187.333843,2.812754651,3886.505782,3886.505782,1943.252891,1943.252891,2047893.70974285,2047893.70974285,10,Infeasible,N/A
MAD03-E-WA,San Joaquin River,0.8,Trees and Vine,Trees and vines,MAD,Grapes Table,390.5459,12.435,180.0089341,180.0089341,606.0300781966697,606.0300781966697,874202.2758751168,874202.2758751168,10,Infeasible,N/A
MAD03-E-WA,San Joaquin River,0.8,Trees and Vine,Trees and vines,MAD,Grapes Wine,510.5784914,8.495282366,5820.288869,5820.288869,19594.97252757343,19594.97252757343,25245552.17662467,25245552.17662467,10,Infeasible,N/A
MAD03-E-WA,San Joaquin River,0.8,Trees and Vine,Trees and vines,MAD,Orchards,3117.281059,2.261810582,3141.211266,3141.211266,12334.969040412288,12334.969040412288,22147736.031348843,22147736.031348843,10,Infeasible,N/A
MAD03-E-WA,San Joaquin River,0.8,Alfalfa and Pasture,Alfalfa and pasture,MAD,Pasture,215.0,3.5,470.572596,470.572596,2942.647300163142,2942.647300163142,354105.87849,354105.87849,10,Infeasible,N/A
MAD03-E-WA,San Joaquin River,0.8,Trees and Vine,Trees and vines,MAD,Subtropical,826.2221391,4.405931004,5255.992546,5255.992546,19089.127837703516,19089.127837703516,19133272.660775278,19133272.660775278,10,Infeasible,N/A
MAD03-E-WA,San Joaquin River,0.8,Trees and Vine,Trees and vines,MAD,Almonds,5157.824281,1.067695081,18067.83909,18067.83909,74058.71871513402,74058.71871513402,99499293.79973294,99499293.79973294,10,Infeasible,N/A
MAD03-E-WA,San Joaquin River,0.8,Trees and Vine,Trees and vines,MAD,Pistachios,4636.170568,1.382293453,20842.82861,20842.82861,80566.23796018989,80566.23796018989,133572272.25377892,133572272.25377892,10,Infeasible,N/A
MAD03-E-WA,San Joaquin River,0.8,Trees and Vine,Trees and vines,MAD,Walnuts,2092.008952,1.920558157,570.2538988,570.2538988,2127.5250504413684,2127.5250504413684,2291180.289559828,2291180.289559828,10,Infeasible,N/A
MER01-CC-MID,San Joaquin River,0.8,Alfalfa and Pasture,Alfalfa and pasture,MER,Alfalfa,205.8588937,7.063149253,4843.828884,8.531094936533268e-19,23928.51468696,3.753849238176401e-09,7042985.7653331505,1.2404315189411122e-15,6,Good,625.972035414821
MER01-CC-MID,San Joaquin River,0.8,Other field and grain,Field and grain,MER,Beans Dry,1415.3103,1.200351344,222.872696,225.10142518801052,502.9493840476243,506.70893065613365,378631.6525361916,382417.9728466529,6,Good,625.972035414821
MER01-CC-MID,San Joaquin River,0.8,Corn,Corn,MER,Corn,44.88630607,26.76544219,16489.9649,10648.424957668083,41444.778443170006,26696.133519634463,19811074.01144068,12793037.233307544,6,Good,625.972035414821
MER01-CC-MID,San Joaquin River,0.8,Other field and grain,Field and grain,MER,Cotton,2462.1839,0.78,2718.280452,3.681816413165883e-06,9758.62682268,1.319921779248858e-05,5220466.964387315,0.007070941094297172,6,Good,625.972035414821
MER01-CC-MID,San Joaquin River,0.8,Vegetables and non-tree fruits,Vegetables,MER,Cucurbits,252.19315,13.35,197.753075,199.73060754847552,486.4725645,490.1089464463132,665790.8116009239,672448.725772002,6,Good,625.972035414821
MER01-CC-MID,San Joaquin River,0.8,Other field and grain,Field and grain,MER,Field and Grain,187.333843,2.812754651,6810.917358,6879.026600341668,3064.9128111,3087.822996452685,3588836.7591335257,3624725.162957044,6,Good,625.972035414821
MER01-CC-MID,San Joaquin River,0.8,Trees and Vine,Trees and vines,MER,Grapes Table,390.5459,12.435,50.13874821,50.64013618958087,159.27409016381293,160.46466397405695,243495.73544145242,245930.69521185206,6,Good,625.972035414821
MER01-CC-MID,San Joaquin River,0.8,Trees and Vine,Trees and vines,MER,Grapes Wine,510.5784914,8.495282366,1621.152859,1592.4054219979678,5149.862249297052,5045.894820905571,7031764.231867159,6907071.980827095,6,Good,625.972035414821
MER01-CC-MID,San Joaquin River,0.8,Trees and Vine,Trees and vines,MER,Orchards,3117.281059,2.261810582,3725.896662,3763.1556662685807,14885.81955700549,14997.091058276486,26270176.935644478,26532878.970449746,6,Good,625.972035414821
MER01-CC-MID,San Joaquin River,0.8,Alfalfa and Pasture,Alfalfa and pasture,MER,Pasture,215.0,3.5,3568.060424,7.63208304804651e-19,19695.69354048,3.753849234371091e-09,2684965.46906,5.743142493654998e-16,6,Good,625.972035414821
MER01-CC-MID,San Joaquin River,0.8,Vegetables and non-tree fruits,Vegetables,MER,Potatoes,960.1331262,14.27542043,8409.131065,8493.222460627996,15493.186928311277,15608.998500670681,115258107.13345926,116410689.3695281,6,Good,625.972035414821
MER01-CC-MID,San Joaquin River,0.8,Corn,Field and grain,MER,Rice,356.2897,4.3575,1085.171203,9.367944124936465e-19,4883.2704135,3.753954048720793e-09,1684763.4172077058,1.4544036473237309e-15,6,Good,625.972035414821
MER01-CC-MID,San Joaquin River,0.8,Trees and Vine,Trees and vines,MER,Subtropical,826.2221391,4.405931004,66.88594928,62.26138360182716,192.01607082462922,178.29302398799206,243483.4322059607,226648.7287158496,6,Good,625.972035414821
MER01-CC-MID,San Joaquin River,0.8,Vegetables and non-tree fruits,Vegetables,MER,Tomatoes Fresh,513.5119746,20.19858006,222.6747794,224.90152944043317,368.15563520044174,370.90759858383973,2309630.1817044592,2332726.5068219863,6,Good,625.972035414821
MER01-CC-MID,San Joaquin River,0.8,Vegetables and non-tree fruits,Vegetables,MER,Tomatoes Processing,78.52090496,49.10025147,2004.073015,2024.1137653914418,5090.3454581,5128.395790386597,7726495.444844716,7803760.477331941,6,Good,625.972035414821
MER01-CC-MID,San Joaquin River,0.8,Vegetables and non-tree fruits,Vegetables,MER,Truck,548.8387,13.5325,861.50276,870.1177963028904,766.7374563999999,772.4688179261551,6398518.587187419,6462503.8376970505,6,Good,625.972035414821
MER01-CC-MID,San Joaquin River,0.8,Trees and Vine,Trees and vines,MER,Almonds,5157.824281,1.067695081,46743.63994,47211.076812793886,190135.65258682118,191556.91659443144,257416459.18427265,259990626.38308772,6,Good,625.972035414821
MER01-CC-MID,San Joaquin River,0.8,Trees and Vine,Trees and vines,MER,Pistachios,4636.170568,1.382293453,2834.502353,2862.847405164052,10856.335077290109,10937.486182028717,18165045.01779775,18346695.651478432,6,Good,625.972035414821
MER01-CC-MID,San Joaquin River,0.8,Trees and Vine,Trees and vines,MER,Walnuts,2092.008952,1.920558157,2683.53506,2679.0723299351366,9969.261972346329,9927.801240972283,10781973.869452046,10764043.401666103,6,Good,625.972035414821
MER02-NW-StevinsonMerquin,San Joaquin River,0.8,Alfalfa and Pasture,Alfalfa and pasture,MER,Alfalfa,205.8588937,7.063149253,1675.746893,1686.2329479059351,8596.581561089999,8628.7489989882,2436556.244314318,2451803.09493717,2,Good,121.44413595756049
MER02-NW-StevinsonMerquin,San Joaquin River,0.8,Corn,Corn,MER,Corn,44.88630607,26.76544219,3207.94364,3240.023108792214,7891.541354399999,7950.530626079622,3854029.3604003014,3892569.6929203696,2,Good,121.44413595756049
MER02-NW-StevinsonMerquin,San Joaquin River,0.8,Other field and grain,Field and grain,MER,Field and Grain,187.333843,2.812754651,802.819429,810.8476313817764,361.26874305,363.96922250318687,423024.93574637023,427255.1893675862,2,Good,121.44413595756049
MER02-NW-StevinsonMerquin,San Joaquin River,0.8,Trees and Vine,Trees and vines,MER,Grapes Wine,510.5784914,8.495282366,68.534752,69.22010020389295,212.0008328304884,213.58553910539968,297270.06622358627,300242.7698522136,2,Good,121.44413595756049
MER02-NW-StevinsonMerquin,San Joaquin River,0.8,Alfalfa and Pasture,Alfalfa and pasture,MER,Pasture,215.0,3.5,2071.737862,750.9035896098238,11470.521963297246,4147.109076140554,1558982.741155,565054.9511813924,2,Good,121.44413595756049
MER02-NW-StevinsonMerquin,San Joaquin River,0.8,Vegetables and non-tree fruits,Vegetables,MER,Potatoes,960.1331262,14.27542043,1300.554879,1313.5604409250618,2396.1738371209767,2414.085236627636,17825800.59914016,18004058.785164714,2,Good,121.44413595756049
MER02-NW-StevinsonMerquin,San Joaquin River,0.8,Trees and Vine,Trees and vines,MER,Almonds,5157.824281,1.067695081,1236.616875,1248.9830562366421,4937.664942036596,4974.57398754079,6810028.866785342,6878129.22421693,2,Good,121.44413595756049
MER03-SW-TurnerIs,San Joaquin River,0.8,Alfalfa and Pasture,Alfalfa and pasture,MER,Alfalfa,205.8588937,7.063149253,1440.016733,347.65150980393975,7387.285840289999,1778.9935969274318,2093801.7413995315,505489.498799918,2,Good,250.25769050822706
MER03-SW-TurnerIs,San Joaquin River,0.8,Other field and grain,Field and grain,MER,Beans Dry,1415.3103,1.200351344,211.632732,213.74906145048396,429.61444595999995,432.82581396576165,359536.41915790783,363131.78696890135,2,Good,250.25769050822706
MER03-SW-TurnerIs,San Joaquin River,0.8,Other field and grain,Field and grain,MER,Cotton,2462.1839,0.78,3459.164821,3493.7565041374696,12441.46280734972,12534.46274183484,6643337.9451758135,6709771.391705898,2,Good,250.25769050822706
MER03-SW-TurnerIs,San Joaquin River,0.8,Vegetables and non-tree fruits,Vegetables,MER,Cucurbits,252.19315,13.35,91.528444,92.44372935546215,209.60013676,211.1668977981792,308156.0022028973,311237.56530708465,2,Good,250.25769050822706
MER03-SW-TurnerIs,San Joaquin River,0.8,Other field and grain,Field and grain,MER,Field and Grain,187.333843,2.812754651,572.546615,578.2720869140364,257.64597675,259.5718772672167,301688.6316813052,304705.5210353282,2,Good,250.25769050822706
MER03-SW-TurnerIs,San Joaquin River,0.8,Vegetables and non-tree fruits,Vegetables,MER,Onions and Garlic,248.2454,30.0225,348.803959,352.2920021112783,1012.5488260966847,1020.1176286034042,2599617.601718438,2625613.8039795244,2,Good,250.25769050822706
MER03-SW-TurnerIs,San Joaquin River,0.8,Vegetables and non-tree fruits,Vegetables,MER,Tomatoes Fresh,513.5119746,20.19858006,226.9047355,229.17378514453594,385.73805035,388.6214423090336,2353504.186215294,2377039.251825001,2,Good,250.25769050822706
MER03-SW-TurnerIs,San Joaquin River,0.8,Vegetables and non-tree fruits,Vegetables,MER,Tomatoes Processing,78.52090496,49.10025147,2042.14262,2062.5640668231467,5173.427969985953,5212.099344091695,7873268.854504912,7952001.622560362,2,Good,250.25769050822706
MER04-RestWA,San Joaquin River,0.8,Alfalfa and Pasture,Alfalfa and pasture,MER,Alfalfa,205.8588937,7.063149253,15506.72799,6877.760002107349,77998.8417897,34508.64463352401,22546969.99334858,10000346.20385235,6,Good,246.2160653910877
MER04-RestWA,San Joaquin River,0.8,Corn,Corn,MER,Corn,44.88630607,26.76544219,24485.1848,24730.036895289264,61172.15335050494,61629.41519680929,29416545.832465805,29710711.587884236,6,Good,246.2160653910877
MER04-RestWA,San Joaquin River,0.8,Other field and grain,Field and grain,MER,Cotton,2462.1839,0.78,2808.756176,2836.8437661185067,10102.159713949584,10177.673357812726,5394225.903746758,5448168.217246835,6,Good,246.2160653910877
MER04-RestWA,San Joaquin River,0.8,Vegetables and non-tree fruits,Vegetables,MER,Cucurbits,252.19315,13.35,86.88525,87.75410336866022,198.67760502896175,200.1627201432951,292523.39622860064,295448.63311547326,6,Good,246.2160653910877
MER04-RestWA,San Joaquin River,0.8,Other field and grain,Field and grain,MER,Field and Grain,187.333843,2.812754651,11251.70027,11364.21738632368,4931.9952812660995,4968.861882068923,5928792.467918918,5988080.452469167,6,Good,246.2160653910877
MER04-RestWA,San Joaquin River,0.8,Trees and Vine,Trees and vines,MER,Grapes Table,390.5459,12.435,242.5656513,244.99131025884873,746.2936539138552,751.8721990013867,1178005.1111118156,1189785.174101047,6,Good,246.2160653910877
MER04-RestWA,San Joaquin River,0.8,Trees and Vine,Trees and vines,MER,Grapes Wine,510.5784914,8.495282366,7842.956059,7921.385698805532,24130.161477470985,24310.534434557216,34018888.213786885,34359077.439522795,6,Good,246.2160653910877
MER04-RestWA,San Joaquin River,0.8,Vegetables and non-tree fruits,Vegetables,MER,Onions and Garlic,248.2454,30.0225,79.235414,80.02776893863954,230.01380391724516,231.73315713378244,590537.3823863264,596442.7621624082,6,Good,246.2160653910877
MER04-RestWA,San Joaquin River,0.8,Trees and Vine,Trees and vines,MER,Orchards,3117.281059,2.261810582,818.8034716,826.9915145837111,3196.1544285569344,3220.045682938815,5773137.052841845,5830868.481663409,6,Good,246.2160653910877
MER04-RestWA,San Joaquin River,0.8,Alfalfa and Pasture,Alfalfa and pasture,MER,Pasture,215.0,3.5,9116.357467,4.779641077175615e-18,50033.608561679546,2.232713284139896e-08,6860058.9939175,3.59667991057465e-15,6,Good,246.2160653910877
MER04-RestWA,San Joaquin River,0.8,Vegetables and non-tree fruits,Vegetables,MER,Potatoes,960.1331262,14.27542043,3172.150497,3203.87203400817,5844.446974945149,5888.134216118852,43478459.18925299,43913244.22027042,6,Good,246.2160653910877
MER04-RestWA,San Joaquin River,0.8,Other field and grain,Field and grain,MER,Safflower,447.9696,1.4025,55.109308,55.66040158880377,97.95879169044746,98.69103361057199,34623.930762104115,34970.17038939505,6,Good,246.2160653910877
MER04-RestWA,San Joaquin River,0.8,Trees and Vine,Trees and vines,MER,Subtropical,826.2221391,4.405931004,97.36107565,98.33468735961796,340.7429082800964,343.2899614509578,354421.3563193699,357965.5733521777,6,Good,246.2160653910877
MER04-RestWA,San Joaquin River,0.8,Vegetables and non-tree fruits,Vegetables,MER,Tomatoes Fresh,513.5119746,20.19858006,265.5903578,268.2462640582646,451.50360825999996,454.8785977650162,2754759.6903314423,2782307.3150350316,6,Good,246.2160653910877
MER04-RestWA,San Joaquin River,0.8,Vegetables and non-tree fruits,Vegetables,MER,Tomatoes Processing,78.52090496,49.10025147,2390.31322,2414.2163763396766,6055.460156536562,6100.724721237386,9215604.455450496,9307760.593073016,6,Good,246.2160653910877
MER04-RestWA,San Joaquin River,0.8,Vegetables and non-tree fruits,Vegetables,MER,Truck,548.8387,13.5325,328.082203,331.3630283408987,297.4611974960274,299.6847196650569,2436718.9189514564,2461086.132731545,6,Good,246.2160653910877
MER04-RestWA,San Joaquin River,0.8,Trees and Vine,Trees and vines,MER,Almonds,5157.824281,1.067695081,39705.09675,40102.14811859054,160134.0096778489,161331.0114005057,218655317.1741287,220841872.55466905,6,Good,246.2160653910877
MER04-RestWA,San Joaquin River,0.8,Vegetables and non-tree fruits,Vegetables,MER,Berries,5010.1193,4.8075,144.266886,145.70955631659245,292.6827807395975,294.8705845616081,3474833.6448418456,3509582.0163739664,6,Good,246.2160653910877
MER04-RestWA,San Joaquin River,0.8,Trees and Vine,Trees and vines,MER,Pistachios,4636.170568,1.382293453,10699.87746,10806.87634266492,40563.82017776343,40867.03473361468,68570680.68407401,69256388.183454,6,Good,246.2160653910877
MER04-RestWA,San Joaquin River,0.8,Trees and Vine,Trees and vines,MER,Walnuts,2092.008952,1.920558157,2316.751867,2339.9194090658466,8566.109743513302,8630.141413870713,9308303.23938389,9401386.365778143,6,Good,246.2160653910877
MOD01-CC-OAK&MID,San Joaquin River,0.8,Alfalfa and Pasture,Alfalfa and pasture,MOD,Alfalfa,205.8588937,7.063149253,2240.651652,2240.651652,9922.352398193118,9922.352398193118,3257934.594310952,3257934.594310952,10,Infeasible,N/A
MOD01-CC-OAK&MID,San Joaquin River,0.8,Other field and grain,Field and grain,MOD,Beans Dry,1415.3103,1.200351344,282.79968,282.79968,616.5033024,616.5033024,480439.78511888324,480439.78511888324,10,Infeasible,N/A
MOD01-CC-OAK&MID,San Joaquin River,0.8,Corn,Corn,MOD,Corn,44.88630607,26.76544219,10044.78925,10044.78925,19671.04561123507,19671.04561123507,12067828.189317355,12067828.189317355,10,Infeasible,N/A
MOD01-CC-OAK&MID,San Joaquin River,0.8,Vegetables and non-tree fruits,Vegetables,MOD,Cucurbits,252.19315,13.35,69.053368,69.053368,138.106736,138.106736,232487.39836028984,232487.39836028984,10,Infeasible,N/A
MOD01-CC-OAK&MID,San Joaquin River,0.8,Other field and grain,Field and grain,MOD,Field and Grain,187.333843,2.812754651,2546.686132,2546.686132,959.251777235562,959.251777235562,1341910.3953393137,1341910.3953393137,10,Infeasible,N/A
MOD01-CC-OAK&MID,San Joaquin River,0.8,Trees and Vine,Trees and vines,MOD,Grapes Table,390.5459,12.435,53.18322368,53.18322368,154.94045830333891,154.94045830333891,258281.04261538095,258281.04261538095,10,Infeasible,N/A
MOD01-CC-OAK&MID,San Joaquin River,0.8,Trees and Vine,Trees and vines,MOD,Grapes Wine,510.5784914,8.495282366,1719.590899,1719.590899,5009.741485180137,5009.741485180137,7458740.062606578,7458740.062606578,10,Infeasible,N/A
MOD01-CC-OAK&MID,San Joaquin River,0.8,Vegetables and non-tree fruits,Vegetables,MOD,Onions and Garlic,248.2454,30.0225,73.227541,73.227541,212.57344925232584,212.57344925232584,545761.0202014897,545761.0202014897,10,Infeasible,N/A
MOD01-CC-OAK&MID,San Joaquin River,0.8,Trees and Vine,Trees and vines,MOD,Orchards,3117.281059,2.261810582,1895.945496,1895.945496,6844.0928161660695,6844.0928161660695,13367741.555538137,13367741.555538137,10,Infeasible,N/A
MOD01-CC-OAK&MID,San Joaquin River,0.8,Alfalfa and Pasture,Alfalfa and pasture,MOD,Pasture,215.0,3.5,10803.31518,10803.31518,52918.23885309889,52918.23885309889,8129494.67295,8129494.67295,10,Infeasible,N/A
MOD01-CC-OAK&MID,San Joaquin River,0.8,Corn,Field and grain,MOD,Rice,356.2897,4.3575,232.867099,232.867099,1047.9019455,1047.9019455,361533.7085815436,361533.7085815436,10,Infeasible,N/A
MOD01-CC-OAK&MID,San Joaquin River,0.8,Vegetables and non-tree fruits,Vegetables,MOD,Truck,548.8387,13.5325,1070.587272,1070.587272,1962.7433316431375,1962.7433316431375,7951422.6502283905,7951422.6502283905,10,Infeasible,N/A
MOD01-CC-OAK&MID,San Joaquin River,0.8,Trees and Vine,Trees and vines,MOD,Almonds,5157.824281,1.067695081,44497.80015,44497.80015,180612.64895073598,180612.64895073598,245048656.26222765,245048656.26222765,10,Infeasible,N/A
MOD01-CC-OAK&MID,San Joaquin River,0.8,Trees and Vine,Trees and vines,MOD,Pistachios,4636.170568,1.382293453,141.0318255,141.0318255,538.7733241869385,538.7733241869385,903809.2547138898,903809.2547138898,10,Infeasible,N/A
MOD01-CC-OAK&MID,San Joaquin River,0.8,Trees and Vine,Trees and vines,MOD,Walnuts,2092.008952,1.920558157,13044.94538,13044.94538,48404.00786331982,48404.00786331982,52412305.809632,52412305.809632,10,Infeasible,N/A
MOD02-E&W-WA,San Joaquin River,0.8,Alfalfa and Pasture,Alfalfa and pasture,MOD,Alfalfa,205.8588937,7.063149253,385.529271,6.063215597895776e-20,1863.3914763714902,6.482051163814547e-08,560564.2215688697,8.815988791260093e-17,2,Good,884.1746032171865
MOD02-E&W-WA,San Joaquin River,0.8,Corn,Corn,MOD,Corn,44.88630607,26.76544219,2652.816676,2.688733825283312e-19,6375.602743769061,6.482062532590519e-08,3187098.8098355536,3.2302497387215e-16,2,Good,884.1746032171865
MOD02-E&W-WA,San Joaquin River,0.8,Vegetables and non-tree fruits,Vegetables,MOD,Cucurbits,252.19315,13.35,315.59574,2.534657563604937e-17,698.6223856822829,6.482051175407174e-08,1062540.9686923663,8.533630723077006e-14,2,Good,884.1746032171865
MOD02-E&W-WA,San Joaquin River,0.8,Other field and grain,Field and grain,MOD,Field and Grain,187.333843,2.812754651,1465.975954,1480.6357280909285,552.1842764953253,556.311844700745,772458.1161657135,780182.7049946061,2,Good,884.1746032171865
MOD02-E&W-WA,San Joaquin River,0.8,Trees and Vine,Trees and vines,MOD,Grapes Table,390.5459,12.435,72.50137672,73.22639106994664,208.3206224179662,209.87781871982867,352098.46027694026,355619.4477097828,2,Good,884.1746032171865
MOD02-E&W-WA,San Joaquin River,0.8,Trees and Vine,Trees and vines,MOD,Grapes Wine,510.5784914,8.495282366,2344.211181,2214.9554694927097,6735.700125958597,6348.394554743935,10168035.816602085,9607388.075153353,2,Good,884.1746032171865
MOD02-E&W-WA,San Joaquin River,0.8,Trees and Vine,Trees and vines,MOD,Orchards,3117.281059,2.261810582,246.8938611,249.36280215638646,1024.8670333683397,1032.527914320843,1740774.3702531683,1758182.1311973846,2,Good,884.1746032171865
MOD02-E&W-WA,San Joaquin River,0.8,Alfalfa and Pasture,Alfalfa and pasture,MOD,Pasture,215.0,3.5,2893.975162,5.745456907897643e-20,15183.723017591326,6.482051163808828e-08,2177716.309405,4.323456323192976e-17,2,Good,884.1746032171865
MOD02-E&W-WA,San Joaquin River,0.8,Vegetables and non-tree fruits,Vegetables,MOD,Truck,548.8387,13.5325,323.087501,326.31837924679996,346.7805842989708,349.37276921618553,2399622.469504838,2423618.7182401167,2,Good,884.1746032171865
MOD02-E&W-WA,San Joaquin River,0.8,Trees and Vine,Trees and vines,MOD,Almonds,5157.824281,1.067695081,22205.76655,21630.22559597461,90889.93225174694,88312.86191522151,122286792.51574694,119117297.91303898,2,Good,884.1746032171865
MOD02-E&W-WA,San Joaquin River,0.8,Trees and Vine,Trees and vines,MOD,Pistachios,4636.170568,1.382293453,60.36057063,60.07381706662131,236.43403185364096,234.72253088559677,386823.62765846355,384985.9536193946,2,Good,884.1746032171865
MOD02-E&W-WA,San Joaquin River,0.8,Trees and Vine,Trees and vines,MOD,Walnuts,2092.008952,1.920558157,4812.32613,4464.1472049719,17939.747639531357,16600.175703122557,19335083.54645506,17936161.60669591,2,Good,884.1746032171865
NAM01-IDs,Sacramento River,0.8,Alfalfa and Pasture,Alfalfa and pasture,NAM,Alfalfa,187.2098036,5.87624882,1248.566497,1248.566497,4578.077156082855,4578.077156082855,1373537.2500669137,1373537.2500669137,10,Infeasible,N/A
NAM01-IDs,Sacramento River,0.8,Other field and grain,Field and grain,NAM,Beans Dry,1054.225767,1.083582552,283.301166,283.301166,595.8767857255664,595.8767857255664,323626.4372614663,323626.4372614663,10,Infeasible,N/A
NAM01-IDs,Sacramento River,0.8,Corn,Corn,NAM,Corn,166.7194068,5.454093572,784.89092,784.89092,1983.157724794964,1983.157724794964,713703.8604921338,713703.8604921338,10,Infeasible,N/A
NAM01-IDs,Sacramento River,0.8,Vegetables and non-tree fruits,Vegetables,NAM,Cucurbits,161.7514,13.41,86.352773,86.352773,197.4600076221176,197.4600076221176,187306.6146361378,187306.6146361378,10,Infeasible,N/A
NAM01-IDs,Sacramento River,0.8,Other field and grain,Field and grain,NAM,Field and Grain,173.2298426,2.485487486,8812.159069,8812.159069,7637.204529404052,7637.204529404052,3794168.548776479,3794168.548776479,10,Infeasible,N/A
NAM01-IDs,Sacramento River,0.8,Trees and Vine,Trees and vines,NAM,Orchards,2061.666385,2.066393172,881.1789792,881.1789792,3269.8534767251763,3269.8534767251763,3754010.442913703,3754010.442913703,10,Infeasible,N/A
NAM01-IDs,Sacramento River,0.8,Alfalfa and Pasture,Alfalfa and pasture,NAM,Pasture,215.0,3.5,4171.266508,4171.266508,17519.3193336,17519.3193336,3138878.04727,3138878.04727,10,Infeasible,N/A
NAM01-IDs,Sacramento River,0.8,Corn,Field and grain,NAM,Rice,370.9204663,4.450435008,43032.89421,43032.89421,193648.023945,193648.023945,71036869.7829328,71036869.7829328,10,Infeasible,N/A
NAM01-IDs,Sacramento River,0.8,Other field and grain,Field and grain,NAM,Safflower,429.9064999,1.059039203,186.08451,186.08451,202.83211590000002,202.83211590000002,84722.01406056894,84722.01406056894,10,Infeasible,N/A
NAM01-IDs,Sacramento River,0.8,Trees and Vine,Trees and vines,NAM,Subtropical,942.1801854,4.535541375,92.78122951,92.78122951,318.1316552177988,318.1316552177988,396481.769538247,396481.769538247,10,Infeasible,N/A
NAM01-IDs,Sacramento River,0.8,Other field and grain,Field and grain,NAM,Sunflowers,3239.762235,0.609912532,142.008447,142.008447,335.6132963626638,335.6132963626638,280604.65650341206,280604.65650341206,10,Infeasible,N/A
NAM01-IDs,Sacramento River,0.8,Vegetables and non-tree fruits,Vegetables,NAM,Tomatoes Processing,77.35725946,46.64298896,165.094546,165.094546,467.21756518,467.21756518,595689.8152298221,595689.8152298221,10,Infeasible,N/A
NAM01-IDs,Sacramento River,0.8,Vegetables and non-tree fruits,Vegetables,NAM,Truck,742.4217034,17.44810947,51.702259,51.702259,117.88115051999999,117.88115051999999,669743.5742116519,669743.5742116519,10,Infeasible,N/A
NAM01-IDs,Sacramento River,0.8,Trees and Vine,Trees and vines,NAM,Almonds,5165.974452,0.856578131,2787.620032,2787.620032,9835.726837699838,9835.726837699838,12335387.964115897,12335387.964115897,10,Infeasible,N/A
NAM01-IDs,Sacramento River,0.8,Trees and Vine,Trees and vines,NAM,Pistachios,3834.493456,1.253131426,351.255227,351.255227,1409.7478451311608,1409.7478451311608,1687825.0100768309,1687825.0100768309,10,Infeasible,N/A
NAM01-IDs,Sacramento River,0.8,Trees and Vine,Trees and vines,NAM,Walnuts,1949.323208,2.037882063,8978.011591,8978.011591,31336.366835622477,31336.366835622477,35665068.452683635,35665068.452683635,10,Infeasible,N/A
NAM02-WAs,Sacramento River,0.8,Alfalfa and Pasture,Alfalfa and pasture,NAM,Alfalfa,187.2098036,5.87624882,2191.785293,360.0672569719654,8036.546075063928,1316.9459793578949,2411164.1240717387,396106.88831450365,2,Good,278.61123119456386
NAM02-WAs,Sacramento River,0.8,Other field and grain,Field and grain,NAM,Beans Dry,1054.225767,1.083582552,148.062738,149.54336686108687,311.42529221064575,313.7531962724905,169138.0839220334,170829.46645315946,2,Good,278.61123119456386
NAM02-WAs,Sacramento River,0.8,Corn,Corn,NAM,Corn,166.7194068,5.454093572,526.646892,531.9133662151104,1330.661147295549,1340.6078393437062,478881.7278413461,483670.5499346207,2,Good,278.61123119456386
NAM02-WAs,Sacramento River,0.8,Vegetables and non-tree fruits,Vegetables,NAM,Cucurbits,161.7514,13.41,170.67594,172.38270110063922,390.27898285689196,393.1963182335285,370210.83875604754,373912.9508324412,2,Good,278.61123119456386
NAM02-WAs,Sacramento River,0.8,Other field and grain,Field and grain,NAM,Field and Grain,173.2298426,2.485487486,6319.967409,6383.167146883745,5477.305089906656,5518.247936804399,2721128.997418484,2748340.3148597428,2,Good,278.61123119456386
NAM02-WAs,Sacramento River,0.8,Trees and Vine,Trees and vines,NAM,Orchards,2061.666385,2.066393172,941.9977794,951.4177667038049,3407.4985931059864,3432.9696451063473,4013111.506903635,4053242.662486469,2,Good,278.61123119456386
NAM02-WAs,Sacramento River,0.8,Alfalfa and Pasture,Alfalfa and pasture,NAM,Pasture,215.0,3.5,2851.85907,1.086696434797307e-12,11977.808094,1.995225417253564e-08,2146023.950175,8.177390671849736e-10,2,Good,278.61123119456386
NAM02-WAs,Sacramento River,0.8,Corn,Field and grain,NAM,Rice,370.9204663,4.450435008,8848.829945,8937.318333823547,39819.7347525,40117.38726975608,14607271.764403164,14753344.629581243,2,Good,278.61123119456386
NAM02-WAs,Sacramento River,0.8,Trees and Vine,Trees and vines,NAM,Subtropical,942.1801854,4.535541375,65.18664348,65.838510549794,216.23475789426107,217.85111266479456,278561.9019461648,281347.5236791445,2,Good,278.61123119456386
NAM02-WAs,Sacramento River,0.8,Other field and grain,Field and grain,NAM,Sunflowers,3239.762235,0.609912532,105.415257,106.46941062498564,249.13139067486156,250.9936478299407,208297.55275546323,210380.53036763953,2,Good,278.61123119456386
NAM02-WAs,Sacramento River,0.8,Vegetables and non-tree fruits,Vegetables,NAM,Truck,742.4217034,17.44810947,78.205887,78.98794665831407,178.30942235999999,179.64228532125347,1013067.7323745674,1023198.4199100194,2,Good,278.61123119456386
NAM02-WAs,Sacramento River,0.8,Trees and Vine,Trees and vines,NAM,Almonds,5165.974452,0.856578131,1410.835709,1424.9440803341422,4851.0313110855195,4887.292770150383,6243033.707738659,6305464.10784724,2,Good,278.61123119456386
NAM02-WAs,Sacramento River,0.8,Trees and Vine,Trees and vines,NAM,Walnuts,1949.323208,2.037882063,4240.935329,4283.3447251151265,14593.970484472437,14703.060413847978,16847076.580276757,17015547.516201947,2,Good,278.61123119456386
NYB01-CE-IDs,Sacramento River,0.8,Other field and grain,Field and grain,NYB,Field and Grain,173.2298426,2.485487486,688.91109,695.8002072504493,505.201465770363,508.97784456410477,296617.9763795322,299584.1588775808,5,Good,494.87706393300346
NYB01-CE-IDs,Sacramento River,0.8,Trees and Vine,Trees and vines,NYB,Grapes Wine,730.6198687,7.837965954,91.22278014,92.13500875314001,228.6651022480076,230.374373762999,522393.9695938216,527617.9139382489,5,Good,494.87706393300346
NYB01-CE-IDs,Sacramento River,0.8,Trees and Vine,Trees and vines,NYB,Orchards,2061.666385,2.066393172,551.8082375,557.3263253932057,1948.0684980825813,1962.6303100616221,2350820.8150192844,2374329.0466782106,5,Good,494.87706393300346
NYB01-CE-IDs,Sacramento River,0.8,Alfalfa and Pasture,Alfalfa and pasture,NYB,Pasture,215.0,3.5,494.713581,1.9751086762402283e-08,1884.85874361,2.647329639885076e-07,372271.9697025,1.4862692788707718e-05,5,Good,494.87706393300346
NYB01-CE-IDs,Sacramento River,0.8,Corn,Field and grain,NYB,Rice,370.9204663,4.450435008,19888.69035,15864.72067931154,89499.106575,71212.76423728178,32831403.336513404,26188805.510947183,5,Good,494.87706393300346
NYB01-CE-IDs,Sacramento River,0.8,Trees and Vine,Trees and vines,NYB,Subtropical,942.1801854,4.535541375,80.75298727,81.56051708201885,200.878955485869,202.38052365350904,345081.5154897071,348532.33038529556,5,Good,494.87706393300346
NYB01-CE-IDs,Sacramento River,0.8,Trees and Vine,Trees and vines,NYB,Walnuts,1949.323208,2.037882063,1782.501843,1800.326879203606,6247.9637694773155,6294.667298000924,7080972.1733215945,7151781.965660296,5,Good,494.87706393300346
NYB02-CW-WAs,Sacramento River,0.8,Trees and Vine,Trees and vines,NYB,Orchards,2061.666385,2.066393172,5418.88586,4710.800599831433,18924.878828507546,16410.836769628917,23085609.83361847,20069015.561749496,4,Good,1124.5701462161612
NYB02-CW-WAs,Sacramento River,0.8,Alfalfa and Pasture,Alfalfa and pasture,NYB,Pasture,215.0,3.5,86.321757,3.816261977835553e-21,328.88589417000003,3.81626197783716e-08,64957.122142500004,2.8717371383212534e-18,4,Good,1124.5701462161612
NYB02-CW-WAs,Sacramento River,0.8,Corn,Field and grain,NYB,Rice,370.9204663,4.450435008,537.833292,3.816261178475247e-21,2420.2498140000002,3.81626117847726e-08,887832.3020126254,6.2997214891024135e-18,4,Good,1124.5701462161612
NYB02-CW-WAs,Sacramento River,0.8,Trees and Vine,Trees and vines,NYB,Subtropical,942.1801854,4.535541375,247.9174664,197.0671805748263,608.1606134032106,482.21239402436305,1059425.0183666367,842126.633639826,4,Good,1124.5701462161612
NYB02-CW-WAs,Sacramento River,0.8,Trees and Vine,Trees and vines,NYB,Almonds,5165.974452,0.856578131,695.1838984,532.7776890345216,2444.833619082601,1868.996698091369,3076230.9765072493,2357573.635367648,4,Good,1124.5701462161612
NYB02-CW-WAs,Sacramento River,0.8,Trees and Vine,Trees and vines,NYB,Walnuts,1949.323208,2.037882063,5878.814439,5008.209727145853,20482.02754455145,17405.18328910164,23353536.277202155,19895067.068426207,4,Good,1124.5701462161612
RBF01-FULL,Sacramento River,0.8,Alfalfa and Pasture,Alfalfa and pasture,RBF,Alfalfa,187.2098036,5.87624882,95.959773,83.33967268106598,353.7716964919866,306.47747631275666,105564.5198234606,91681.256153254,2,Good,186.49965122096023
RBF01-FULL,Sacramento River,0.8,Corn,Corn,RBF,Corn,166.7194068,5.454093572,244.998548,247.4485359405751,547.9800857749996,552.0762369339691,222777.97470579392,225005.7566902608,2,Good,186.49965122096023
RBF01-FULL,Sacramento River,0.8,Other field and grain,Field and grain,RBF,Field and Grain,173.2298426,2.485487486,5425.149804,5479.401356794487,6998.443247159999,7050.756610430494,2335855.7871644883,2359214.3686112585,2,Good,186.49965122096023
RBF01-FULL,Sacramento River,0.8,Trees and Vine,Trees and vines,RBF,Orchards,2061.666385,2.066393172,925.9222833,935.1815154812763,2499.66823932462,2518.3532594528824,3944626.4639567337,3984072.7684219526,2,Good,186.49965122096023
RBF01-FULL,Sacramento River,0.8,Alfalfa and Pasture,Alfalfa and pasture,RBF,Pasture,215.0,3.5,4924.542933,40.134586594081476,20174.210883831514,164.0069764448229,3705718.5570825,30201.27641204631,2,Good,186.49965122096023
RBF01-FULL,Sacramento River,0.8,Corn,Field and grain,RBF,Rice,370.9204663,4.450435008,153.948139,155.48762193656486,692.7666255,697.9450560371405,254131.03404340695,256672.34693684446,2,Good,186.49965122096023
RBF01-FULL,Sacramento River,0.8,Other field and grain,Field and grain,RBF,Safflower,429.9064999,1.059039203,72.864692,73.59333957508207,129.51963006352057,130.48778920372288,33174.408015707624,33506.1523941156,2,Good,186.49965122096023
RBF01-FULL,Sacramento River,0.8,Trees and Vine,Trees and vines,RBF,Subtropical,942.1801854,4.535541375,1611.89096,1628.0098858695437,3776.478480374433,3804.7076570394047,6888089.147973867,6956970.108978202,2,Good,186.49965122096023
RBF01-FULL,Sacramento River,0.8,Trees and Vine,Trees and vines,RBF,Almonds,5165.974452,0.856578131,7437.402339,7511.776437503265,25573.533579377363,25764.695742916618,32910957.10449681,33240067.007922538,2,Good,186.49965122096023
RBF01-FULL,Sacramento River,0.8,Trees and Vine,Trees and vines,RBF,Pistachios,3834.493456,1.253131426,171.9818212,173.70164114377548,669.1078671996211,674.109448535439,826394.0200380897,834657.9685598669,2,Good,186.49965122096023
RBF01-FULL,Sacramento River,0.8,Trees and Vine,Trees and vines,RBF,Walnuts,1949.323208,2.037882063,10460.80082,10565.408933847582,35998.400360023894,36267.488402741576,41555435.0240746,41970989.79399939,2,Good,186.49965122096023
SAM01-IDs,Sacramento River,0.8,Alfalfa and Pasture,Alfalfa and pasture,SAM,Alfalfa,187.2098036,5.87624882,1872.33421,1541.713296860591,7308.344532409222,6002.776289331392,2059738.7389368715,1696025.5198658365,2,Good,190.5338050080656
SAM01-IDs,Sacramento River,0.8,Corn,Corn,SAM,Corn,166.7194068,5.454093572,2814.336343,2842.4797348414672,5872.581836664778,5916.479385913904,2559085.169086188,2584676.0466116895,2,Good,190.5338050080656
SAM01-IDs,Sacramento River,0.8,Vegetables and non-tree fruits,Vegetables,SAM,Cucurbits,161.7514,13.41,342.15733,345.57890673988555,814.3344453999999,820.4215953894123,742168.7680514883,749590.4631934118,2,Good,190.5338050080656
SAM01-IDs,Sacramento River,0.8,Other field and grain,Field and grain,SAM,Field and Grain,173.2298426,2.485487486,2406.778012,2430.845816398234,2254.3487387089262,2271.19999395388,1036263.7993158065,1046626.4477622156,2,Good,190.5338050080656
SAM01-IDs,Sacramento River,0.8,Trees and Vine,Trees and vines,SAM,Grapes Wine,730.6198687,7.837965954,5778.133985,5835.915383202842,14214.2096031,14320.460819915488,33088909.860417217,33419799.293183234,2,Good,190.5338050080656
SAM01-IDs,Sacramento River,0.8,Trees and Vine,Trees and vines,SAM,Orchards,2061.666385,2.066393172,2144.993627,2166.4435849305914,8101.210568382647,8161.767117414629,9138130.465903584,9229511.86284136,2,Good,190.5338050080656
SAM01-IDs,Sacramento River,0.8,Alfalfa and Pasture,Alfalfa and pasture,SAM,Pasture,215.0,3.5,2951.405536,388.36574378673146,11864.65025472,1557.3271987721255,2220932.6658400004,292245.22219951544,2,Good,190.5338050080656
SAM01-IDs,Sacramento River,0.8,Corn,Field and grain,SAM,Rice,370.9204663,4.450435008,708.086922,715.1677983632987,3186.391149,3210.2094228489627,1168879.7464480763,1180568.5557044107,2,Good,190.5338050080656
SAM01-IDs,Sacramento River,0.8,Other field and grain,Field and grain,SAM,Safflower,429.9064999,1.059039203,680.41287,687.217005535768,723.5056848731958,728.9138898768131,309783.7038619284,312881.54401278973,2,Good,190.5338050080656
SAM01-IDs,Sacramento River,0.8,Vegetables and non-tree fruits,Vegetables,SAM,Tomatoes Processing,77.35725946,46.64298896,636.200977,642.5629931929878,1808.9314443912663,1822.4532069784022,2295523.696089647,2318478.9562258,2,Good,190.5338050080656
SAM01-IDs,Sacramento River,0.8,Vegetables and non-tree fruits,Vegetables,SAM,Truck,742.4217034,17.44810947,77.485185,78.26003763107458,196.03751805,197.50289854137912,1003731.8630574939,1013769.1918059959,2,Good,190.5338050080656
SAM01-IDs,Sacramento River,0.8,Trees and Vine,Trees and vines,SAM,Almonds,5165.974452,0.856578131,87.79141245,88.66932745660004,318.71262342330266,321.09500031456275,388482.332619593,392367.15984913526,2,Good,190.5338050080656
SAM02-WAs,Sacramento River,0.8,Alfalfa and Pasture,Alfalfa and pasture,SAM,Alfalfa,187.2098036,5.87624882,2417.547086,2096.102168440465,10024.761917419182,8670.10731337083,2659522.728176904,2305903.9428149983,2,Good,166.66627023747094
SAM02-WAs,Sacramento River,0.8,Other field and grain,Field and grain,SAM,Beans Dry,1054.225767,1.083582552,430.695647,435.002607809535,908.76781517,915.5608546209764,492001.144049764,496921.1604474889,2,Good,166.66627023747094
SAM02-WAs,Sacramento River,0.8,Corn,Corn,SAM,Corn,166.7194068,5.454093572,2901.927733,2930.9470396269094,6210.12534862,6256.54603562878,2638732.3042433537,2665119.653925562,2,Good,166.66627023747094
SAM02-WAs,Sacramento River,0.8,Vegetables and non-tree fruits,Vegetables,SAM,Cucurbits,161.7514,13.41,466.257808,470.92039077521565,1056.8510316220859,1064.7509931064967,1011353.4114781274,1021466.9557772364,2,Good,166.66627023747094
SAM02-WAs,Sacramento River,0.8,Other field and grain,Field and grain,SAM,Field and Grain,173.2298426,2.485487486,6822.686846,6890.91378334157,6151.789308417562,6197.773926596451,2937580.1828531646,2966956.014339387,2,Good,166.66627023747094
SAM02-WAs,Sacramento River,0.8,Trees and Vine,Trees and vines,SAM,Grapes Wine,730.6198687,7.837965954,8119.814583,8201.012810834069,19934.144801265,20083.152533694283,46498716.28412718,46963703.91657079,2,Good,166.66627023747094
SAM02-WAs,Sacramento River,0.8,Trees and Vine,Trees and vines,SAM,Orchards,2061.666385,2.066393172,249.1250926,251.6163460385246,876.4720607236294,883.0236894194331,1061326.0430489434,1071939.3141833239,2,Good,166.66627023747094
SAM02-WAs,Sacramento River,0.8,Alfalfa and Pasture,Alfalfa and pasture,SAM,Pasture,215.0,3.5,7119.227604,3610.76806136172,32167.043388366925,16273.866892474973,5357218.7720099995,2717102.9661746942,2,Good,166.66627023747094
SAM02-WAs,Sacramento River,0.8,Other field and grain,Field and grain,SAM,Safflower,429.9064999,1.059039203,150.145142,151.64659488619398,245.7375491233817,247.5744372756624,68359.2569400329,69042.8501769735,2,Good,166.66627023747094
SAM02-WAs,Sacramento River,0.8,Trees and Vine,Trees and vines,SAM,Subtropical,942.1801854,4.535541375,57.36576427,57.939422481135935,165.32623077895715,166.56204437719254,245140.9606102723,247592.37264547072,2,Good,166.66627023747094
SAM02-WAs,Sacramento River,0.8,Vegetables and non-tree fruits,Vegetables,SAM,Tomatoes Processing,77.35725946,46.64298896,529.031294,534.3216122806189,1533.309033600323,1544.7705186736412,1908836.8538452727,1927925.2416536065,2,Good,166.66627023747094
SAM02-WAs,Sacramento River,0.8,Vegetables and non-tree fruits,Vegetables,SAM,Truck,742.4217034,17.44810947,427.719186,431.99638217845967,1018.6845281325731,1026.2991950314574,5540612.3819568185,5596018.561717088,2,Good,166.66627023747094
SAM02-WAs,Sacramento River,0.8,Trees and Vine,Trees and vines,SAM,Almonds,5165.974452,0.856578131,184.5079478,186.35302913715887,655.8794519749918,660.782150917669,816458.8761915758,824623.4731803824,2,Good,166.66627023747094
SAM02-WAs,Sacramento River,0.8,Vegetables and non-tree fruits,Vegetables,SAM,Berries,5388.84825,4.3725,81.531051,82.34636233294972,219.620777145522,221.26244250797083,1921094.8729175418,1940305.8410376667,2,Good,166.66627023747094
SAM02-WAs,Sacramento River,0.8,Trees and Vine,Trees and vines,SAM,Pistachios,3834.493456,1.253131426,54.80288096,55.350910318045045,221.92678425627997,223.58568700280443,263334.6524080377,265968.0015674646,2,Good,166.66627023747094
SAM02-WAs,Sacramento River,0.8,Trees and Vine,Trees and vines,SAM,Walnuts,1949.323208,2.037882063,930.6654377,939.9721014705177,3261.7587974790517,3286.1404445231856,3697059.8896743255,3734030.525886731,2,Good,166.66627023747094
SLN01-SE-IDs,Sacramento River,0.8,Alfalfa and Pasture,Alfalfa and pasture,SLN,Alfalfa,187.2098036,5.87624882,5297.578783,4362.509361298002,20678.215847877473,16985.75721515556,5827820.793764777,4799158.976238672,2,Good,190.51355835141013
SLN01-SE-IDs,Sacramento River,0.8,Other field and grain,Field and grain,SLN,Beans Dry,1054.225767,1.083582552,275.980939,278.7407511666267,541.8425768113397,545.892850099697,315264.2444141724,318416.8900301677,2,Good,190.51355835141013
SLN01-SE-IDs,Sacramento River,0.8,Corn,Corn,SLN,Corn,166.7194068,5.454093572,12458.82482,12583.413194020799,25997.414461886274,26191.745135008932,11328849.837158535,11442138.449939381,2,Good,190.51355835141013
SLN01-SE-IDs,Sacramento River,0.8,Vegetables and non-tree fruits,Vegetables,SLN,Cucurbits,161.7514,13.41,172.583296,174.30913068716484,410.74824448,413.8185876174845,374348.058475279,378091.5428064014,2,Good,190.51355835141013
SLN01-SE-IDs,Sacramento River,0.8,Other field and grain,Field and grain,SLN,Field and Grain,173.2298426,2.485487486,5376.417183,5430.181409101591,5035.910763202139,5073.5541926103715,2314873.4403355373,2338022.198106102,2,Good,190.51355835141013
SLN01-SE-IDs,Sacramento River,0.8,Trees and Vine,Trees and vines,SLN,Grapes Wine,730.6198687,7.837965954,5698.471018,5755.455785728246,14018.23870428,14123.02503862681,32632714.012221355,32959041.48189784,2,Good,190.51355835141013
SLN01-SE-IDs,Sacramento River,0.8,Vegetables and non-tree fruits,Vegetables,SLN,Onions and Garlic,341.1902836,26.35761844,238.876422,241.2651886312794,772.3670977203745,778.1405418192171,2148206.8988048485,2169688.989477444,2,Good,190.51355835141013
SLN01-SE-IDs,Sacramento River,0.8,Trees and Vine,Trees and vines,SLN,Orchards,2061.666385,2.066393172,4120.069683,4161.270421438869,15441.21262468899,15556.63568909201,17552375.82897864,17727899.764531083,2,Good,190.51355835141013
SLN01-SE-IDs,Sacramento River,0.8,Alfalfa and Pasture,Alfalfa and pasture,SLN,Pasture,215.0,3.5,8618.219201,3303.4902400309625,34645.241188019994,13246.83055559165,6485209.9487525,2485876.405623299,2,Good,190.51355835141013
SLN01-SE-IDs,Sacramento River,0.8,Corn,Field and grain,SLN,Rice,370.9204663,4.450435008,374.243813,377.9862549014834,1684.0971585,1696.6857847699796,617785.7543444382,623963.6181136868,2,Good,190.51355835141013
SLN01-SE-IDs,Sacramento River,0.8,Other field and grain,Field and grain,SLN,Safflower,429.9064999,1.059039203,1052.079387,1062.600191459603,1118.711081159307,1127.0734465001701,478998.94847910095,483788.9427852094,2,Good,190.51355835141013
SLN01-SE-IDs,Sacramento River,0.8,Vegetables and non-tree fruits,Vegetables,SLN,Truck,742.4217034,17.44810947,637.317613,643.6907955653821,1612.41356089,1624.4663523016122,8255720.045784816,8338277.329605672,2,Good,190.51355835141013
SLN01-SE-IDs,Sacramento River,0.8,Trees and Vine,Trees and vines,SLN,Almonds,5165.974452,0.856578131,269.6252149,272.3214697676348,971.2271759977863,978.4870991697219,1193107.9532074558,1205039.0447696545,2,Good,190.51355835141013
SLN02-NC-IDs,Sacramento River,0.8,Alfalfa and Pasture,Alfalfa and pasture,SLN,Alfalfa,187.2098036,5.87624882,9683.0132,8374.768427003735,36004.67074543899,31062.32983621349,10652199.426339105,9213010.618828036,2,Good,187.66018383986773
SLN02-NC-IDs,Sacramento River,0.8,Other field and grain,Field and grain,SLN,Beans Dry,1054.225767,1.083582552,343.682372,347.1191991805309,669.035017607894,674.0360543923467,392602.34318954375,396528.37057454436,2,Good,187.66018383986773
SLN02-NC-IDs,Sacramento River,0.8,Corn,Corn,SLN,Corn,166.7194068,5.454093572,1992.867368,2012.7960617948725,4095.3424412400004,4125.955126009974,1812120.7644883923,1830241.990423795,2,Good,187.66018383986773
SLN02-NC-IDs,Sacramento River,0.8,Vegetables and non-tree fruits,Vegetables,SLN,Cucurbits,161.7514,13.41,524.162686,529.4043181390141,1181.1132522786124,1189.942073854151,1136954.0875455718,1148323.6398716646,2,Good,187.66018383986773
SLN02-NC-IDs,Sacramento River,0.8,Other field and grain,Field and grain,SLN,Field and Grain,173.2298426,2.485487486,4998.758871,5048.74651016809,4540.5393061587465,4574.4798327515355,2152268.648665904,2173791.356877829,2,Good,187.66018383986773
SLN02-NC-IDs,Sacramento River,0.8,Trees and Vine,Trees and vines,SLN,Grapes Wine,730.6198687,7.837965954,89.23410275,90.12644467240966,227.5469620125,229.24787558591433,511005.66204159387,516115.72378677584,2,Good,187.66018383986773
SLN02-NC-IDs,Sacramento River,0.8,Trees and Vine,Trees and vines,SLN,Orchards,2061.666385,2.066393172,692.3964289,699.3204001784843,2362.932493933212,2380.5954143612375,2949756.5035953997,2979254.098408048,2,Good,187.66018383986773
SLN02-NC-IDs,Sacramento River,0.8,Alfalfa and Pasture,Alfalfa and pasture,SLN,Pasture,215.0,3.5,15638.04381,7091.231397785047,63698.96511418731,28812.73656347364,11767627.967024999,5336151.626833248,2,Good,187.66018383986773
SLN02-NC-IDs,Sacramento River,0.8,Trees and Vine,Trees and vines,SLN,Subtropical,942.1801854,4.535541375,51.76352348,52.28115922583302,148.4014001109661,149.51070059164962,221200.9206525226,223412.9320428438,2,Good,187.66018383986773
SLN02-NC-IDs,Sacramento River,0.8,Other field and grain,Field and grain,SLN,Sunflowers,3239.762235,0.609912532,3854.298882,3892.8419097407586,8344.557079530001,8406.932643731481,7615985.0818247115,7692145.009549272,2,Good,187.66018383986773
SLN02-NC-IDs,Sacramento River,0.8,Vegetables and non-tree fruits,Vegetables,SLN,Tomatoes Processing,77.35725946,46.64298896,3326.562405,3359.8280626456653,8987.262765283855,9054.442554495841,12002815.31035509,12122843.584677638,2,Good,187.66018383986773
SLN02-NC-IDs,Sacramento River,0.8,Vegetables and non-tree fruits,Vegetables,SLN,Truck,742.4217034,17.44810947,265.44578,268.1002404794836,644.5908356781847,649.4091522197392,3438546.1853146465,3472931.681877435,2,Good,187.66018383986773
SLN02-NC-IDs,Sacramento River,0.8,Trees and Vine,Trees and vines,SLN,Almonds,5165.974452,0.856578131,14141.1376,14282.549118820982,49390.80459346761,49760.00085783662,62575392.825253874,63201147.385497935,2,Good,187.66018383986773
SLN02-NC-IDs,Sacramento River,0.8,Trees and Vine,Trees and vines,SLN,Walnuts,1949.323208,2.037882063,4397.872605,4441.851375462011,15264.446414990956,15378.548151969038,17470508.465453714,17645213.726534557,2,Good,187.66018383986773
SLN03-WAs,Sacramento River,0.8,Alfalfa and Pasture,Alfalfa and pasture,SLN,Alfalfa,187.2098036,5.87624882,10725.45223,9275.222271657496,39880.806538308185,34402.14687935588,11798977.625232762,10203592.138170138,2,Good,187.69627061635998
SLN03-WAs,Sacramento River,0.8,Other field and grain,Field and grain,SLN,Beans Dry,1054.225767,1.083582552,1088.29177,1099.174698681085,2118.5413126294306,2134.3774089691574,1243199.924655711,1255631.9364464078,2,Good,187.69627061635998
SLN03-WAs,Sacramento River,0.8,Corn,Corn,SLN,Corn,166.7194068,5.454093572,3685.934101,3722.793479224845,7574.594577555,7631.214672043917,3351631.8387315553,3385148.1909584505,2,Good,187.69627061635998
SLN03-WAs,Sacramento River,0.8,Vegetables and non-tree fruits,Vegetables,SLN,Cucurbits,161.7514,13.41,474.079836,478.8206391331707,1068.2598969619735,1076.2451397064951,1028320.065047771,1038603.2760516676,2,Good,187.69627061635998
SLN03-WAs,Sacramento River,0.8,Other field and grain,Field and grain,SLN,Field and Grain,173.2298426,2.485487486,23357.57913,23591.15515718217,21216.46770196414,21375.06077589728,10056853.424533192,10157422.060340093,2,Good,187.69627061635998
SLN03-WAs,Sacramento River,0.8,Trees and Vine,Trees and vines,SLN,Grapes Wine,730.6198687,7.837965954,1520.014339,1535.2144977357889,3876.03656445,3905.0099378016216,8704474.070743212,8791518.899329435,2,Good,187.69627061635998
SLN03-WAs,Sacramento River,0.8,Trees and Vine,Trees and vines,SLN,Orchards,2061.666385,2.066393172,1277.711235,1290.4883602511497,4422.489512822576,4455.5476219665625,5443322.449172383,5497755.728625758,2,Good,187.69627061635998
SLN03-WAs,Sacramento River,0.8,Alfalfa and Pasture,Alfalfa and pasture,SLN,Pasture,215.0,3.5,16204.21135,5853.810921334618,66005.15422693193,23784.91160527376,12193669.040874999,4404992.7183043,2,Good,187.69627061635998
SLN03-WAs,Sacramento River,0.8,Other field and grain,Field and grain,SLN,Safflower,429.9064999,1.059039203,6215.139586,6277.291044579728,9353.78507693,9423.704620348735,2829677.458878714,2857974.2620230303,2,Good,187.69627061635998
SLN03-WAs,Sacramento River,0.8,Other field and grain,Field and grain,SLN,Sunflowers,3239.762235,0.609912532,3608.934624,3645.024006682579,7813.34346096,7871.748203362659,7131152.2793485,7202463.874151486,2,Good,187.69627061635998
SLN03-WAs,Sacramento River,0.8,Vegetables and non-tree fruits,Vegetables,SLN,Tomatoes Processing,77.35725946,46.64298896,6801.230912,6869.243289809816,18374.65884952041,18512.009424462052,24540023.17741395,24785423.65703289,2,Good,187.69627061635998
SLN03-WAs,Sacramento River,0.8,Vegetables and non-tree fruits,Vegetables,SLN,Truck,742.4217034,17.44810947,602.187421,608.209301290574,1462.311787127604,1473.2425677812332,7800648.62709068,7878655.192128463,2,Good,187.69627061635998
SLN03-WAs,Sacramento River,0.8,Trees and Vine,Trees and vines,SLN,Almonds,5165.974452,0.856578131,6634.502694,6700.847787943947,23506.221307294887,23681.93031159943,29358077.40653447,29651658.477096353,2,Good,187.69627061635998
SLN03-WAs,Sacramento River,0.8,Trees and Vine,Trees and vines,SLN,Pistachios,3834.493456,1.253131426,174.2561611,175.9987244656792,702.8648689143016,708.1187838366068,837322.5058500194,845695.7393399711,2,Good,187.69627061635998
SLN03-WAs,Sacramento River,0.8,Trees and Vine,Trees and vines,SLN,Walnuts,1949.323208,2.037882063,7529.619383,7604.91565287263,26341.297473993385,26538.198672637234,29911343.73078228,30210457.47016875,2,Good,187.69627061635998
STR01-IDs,Sacramento River,0.8,Alfalfa and Pasture,Alfalfa and pasture,STR,Alfalfa,187.2098036,5.87624882,1135.502638,2.8854696870745345e-19,3843.6764296299993,1.2941197533087167e-07,1249156.672543846,3.174280351634162e-16,4,Good,501.9900548105157
STR01-IDs,Sacramento River,0.8,Other field and grain,Field and grain,STR,Beans Dry,1054.225767,1.083582552,5095.279276,5146.2321195551995,11277.551462514908,11361.851158370793,5820544.624740667,5878750.129013494,4,Good,501.9900548105157
STR01-IDs,Sacramento River,0.8,Corn,Corn,STR,Corn,166.7194068,5.454093572,3396.947515,2552.9230511744768,7920.549290273982,5937.68410865448,3088855.398333134,2321381.214554732,4,Good,501.9900548105157
STR01-IDs,Sacramento River,0.8,Other field and grain,Field and grain,STR,Cotton,1657.32655,0.8275,154.999654,110.88488157141845,438.1323553583332,312.6510091355883,212572.37210192383,152071.70917863672,4,Good,501.9900548105157
STR01-IDs,Sacramento River,0.8,Vegetables and non-tree fruits,Vegetables,STR,Cucurbits,161.7514,13.41,1276.306239,1.5288228604723435e-06,3169.4938264245648,3.913714646226091e-06,2768418.344435463,0.003316148682027977,4,Good,501.9900548105157
STR01-IDs,Sacramento River,0.8,Other field and grain,Field and grain,STR,Field and Grain,173.2298426,2.485487486,4889.633856,4938.530242491566,4201.010422909878,4232.412967651553,2105283.7160794856,2126336.573877725,4,Good,501.9900548105157
STR01-IDs,Sacramento River,0.8,Trees and Vine,Trees and vines,STR,Orchards,2061.666385,2.066393172,7181.02625,7252.836584974778,24568.859238908837,24752.511461683258,30592703.831645634,30898631.178720105,4,Good,501.9900548105157
STR01-IDs,Sacramento River,0.8,Alfalfa and Pasture,Alfalfa and pasture,STR,Pasture,215.0,3.5,1197.424505,1.848270254594858e-18,4645.009226044975,1.294119753586463e-07,901061.9400124999,1.3908233665826307e-15,4,Good,501.9900548105157
STR01-IDs,Sacramento River,0.8,Corn,Field and grain,STR,Rice,370.9204663,4.450435008,64656.19359,48278.63727342578,290952.871155,216710.7308941291,106731691.86109746,79696319.11238798,4,Good,501.9900548105157
STR01-IDs,Sacramento River,0.8,Other field and grain,Field and grain,STR,Safflower,429.9064999,1.059039203,445.200054,2.4433745286745585e-19,857.7521041884002,1.2941197533145218e-07,202694.16962623087,1.112438704186619e-16,4,Good,501.9900548105157
STR01-IDs,Sacramento River,0.8,Trees and Vine,Trees and vines,STR,Subtropical,942.1801854,4.535541375,250.0857263,246.70695835301524,796.6736734013651,783.9454789945542,1068690.637355639,1054252.1577024322,4,Good,501.9900548105157
STR01-IDs,Sacramento River,0.8,Other field and grain,Field and grain,STR,Sunflowers,3239.762235,0.609912532,8188.787842,8270.675802939164,19653.0908208,19799.99767438284,16180812.11453377,16342620.398734633,4,Good,501.9900548105157
STR01-IDs,Sacramento River,0.8,Vegetables and non-tree fruits,Vegetables,STR,Tomatoes Processing,77.35725946,46.64298896,8607.71877,8693.796044627223,20902.410410280758,21058.655928218064,31058145.334804524,31368727.101801097,4,Good,501.9900548105157
STR01-IDs,Sacramento River,0.8,Trees and Vine,Trees and vines,STR,Almonds,5165.974452,0.856578131,2160.53566,2182.1410383394077,7661.95553606001,7719.228653548439,9560501.528354349,9656106.639836092,4,Good,501.9900548105157
STR01-IDs,Sacramento River,0.8,Trees and Vine,Trees and vines,STR,Walnuts,1949.323208,2.037882063,11073.55281,11184.288449715621,38759.17350460025,39048.89832590014,43989586.66738228,44429482.977448136,4,Good,501.9900548105157
STR02-WAs,Sacramento River,0.8,Alfalfa and Pasture,Alfalfa and pasture,STR,Alfalfa,187.2098036,5.87624882,567.294152,567.294152,2043.2044376424315,2043.2044376424315,624075.4107925753,624075.4107925753,10,Infeasible,N/A
STR02-WAs,Sacramento River,0.8,Other field and grain,Field and grain,STR,Beans Dry,1054.225767,1.083582552,985.566605,985.566605,2163.318697975,2163.318697975,1125852.7932074547,1125852.7932074547,10,Infeasible,N/A
STR02-WAs,Sacramento River,0.8,Corn,Corn,STR,Corn,166.7194068,5.454093572,661.917523,661.917523,1426.4322620649998,1426.4322620649998,601883.7515568286,601883.7515568286,10,Infeasible,N/A
STR02-WAs,Sacramento River,0.8,Vegetables and non-tree fruits,Vegetables,STR,Cucurbits,161.7514,13.41,97.046617,97.046617,213.58342954848445,213.58342954848445,210502.48487283502,210502.48487283502,10,Infeasible,N/A
STR02-WAs,Sacramento River,0.8,Other field and grain,Field and grain,STR,Field and Grain,173.2298426,2.485487486,1808.059201,1808.059201,1609.17268889,1609.17268889,778479.0652375967,778479.0652375967,10,Infeasible,N/A
STR02-WAs,Sacramento River,0.8,Trees and Vine,Trees and vines,STR,Grapes Wine,730.6198687,7.837965954,91.36449699,91.36449699,230.39080660690485,230.39080660690485,523205.52157366945,523205.52157366945,10,Infeasible,N/A
STR02-WAs,Sacramento River,0.8,Trees and Vine,Trees and vines,STR,Orchards,2061.666385,2.066393172,16341.29771,16341.29771,51613.28721975912,51613.28721975912,69617414.51185742,69617414.51185742,10,Infeasible,N/A
STR02-WAs,Sacramento River,0.8,Alfalfa and Pasture,Alfalfa and pasture,STR,Pasture,215.0,3.5,861.130121,861.130121,3456.7198276678764,3456.7198276678764,648000.4160525,648000.4160525,10,Infeasible,N/A
STR02-WAs,Sacramento River,0.8,Corn,Field and grain,STR,Rice,370.9204663,4.450435008,3932.082105,3932.082105,17694.3694725,17694.3694725,6490913.743927923,6490913.743927923,10,Infeasible,N/A
STR02-WAs,Sacramento River,0.8,Other field and grain,Field and grain,STR,Safflower,429.9064999,1.059039203,632.629151,632.629151,1417.08929824,1417.08929824,288028.3577937131,288028.3577937131,10,Infeasible,N/A
STR02-WAs,Sacramento River,0.8,Trees and Vine,Trees and vines,STR,Subtropical,942.1801854,4.535541375,813.1654255,813.1654255,1999.9981495714362,1999.9981495714362,3474897.5469743325,3474897.5469743325,10,Infeasible,N/A
STR02-WAs,Sacramento River,0.8,Other field and grain,Field and grain,STR,Sunflowers,3239.762235,0.609912532,454.893797,454.893797,1098.5685197550001,1098.5685197550001,898857.2183506652,898857.2183506652,10,Infeasible,N/A
STR02-WAs,Sacramento River,0.8,Vegetables and non-tree fruits,Vegetables,STR,Tomatoes Processing,77.35725946,46.64298896,2243.290373,2243.290373,4695.954513398902,4695.954513398902,8094181.547337175,8094181.547337175,10,Infeasible,N/A
STR02-WAs,Sacramento River,0.8,Vegetables and non-tree fruits,Vegetables,STR,Truck,742.4217034,17.44810947,81.029172,81.029172,210.54079855299025,210.54079855299025,1049640.1573225402,1049640.1573225402,10,Infeasible,N/A
STR02-WAs,Sacramento River,0.8,Trees and Vine,Trees and vines,STR,Almonds,5165.974452,0.856578131,8871.071892,8871.071892,31341.9158687086,31341.9158687086,39255031.95888343,39255031.95888343,10,Infeasible,N/A
STR02-WAs,Sacramento River,0.8,Trees and Vine,Trees and vines,STR,Pistachios,3834.493456,1.253131426,80.29259479,80.29259479,322.76558481977895,322.76558481977895,385815.8945219814,385815.8945219814,10,Infeasible,N/A
STR02-WAs,Sacramento River,0.8,Trees and Vine,Trees and vines,STR,Walnuts,1949.323208,2.037882063,19168.8298,19168.8298,66954.92447433359,66954.92447433359,76148000.0382461,76148000.0382461,10,Infeasible,N/A
SYB01-IDs,Sacramento River,0.8,Alfalfa and Pasture,Alfalfa and pasture,SYB,Alfalfa,187.2098036,5.87624882,71.499588,2.453640138304432e-16,254.0618693361668,1.2729133806166504e-07,78656.08096837897,2.699228384165486e-13,6,Good,485.2590495868693
SYB01-IDs,Sacramento River,0.8,Corn,Corn,SYB,Corn,166.7194068,5.454093572,435.800819,309.4445065254318,1060.4486594213997,751.0991709944396,396275.0988709789,281378.89391723875,6,Good,485.2590495868693
SYB01-IDs,Sacramento River,0.8,Vegetables and non-tree fruits,Vegetables,SYB,Cucurbits,161.7514,13.41,447.507629,451.98270858416623,903.96541058,910.7225496989125,970682.6555741843,980389.4892752569,6,Good,485.2590495868693
SYB01-IDs,Sacramento River,0.8,Other field and grain,Field and grain,SYB,Field and Grain,173.2298426,2.485487486,1407.814102,1421.8922566955773,1032.3970076640621,1040.1141712255833,606149.2928700107,612210.7916868757,6,Good,485.2590495868693
SYB01-IDs,Sacramento River,0.8,Trees and Vine,Trees and vines,SYB,Orchards,2061.666385,2.066393172,2838.707815,2867.0949217702187,10010.243202028269,10085.069769929456,12093500.904396905,12214436.03536911,6,Good,485.2590495868693
SYB01-IDs,Sacramento River,0.8,Alfalfa and Pasture,Alfalfa and pasture,SYB,Pasture,215.0,3.5,2980.941423,3.3354024821985505e-17,11357.386821630002,1.2729133439214835e-07,2243158.4208075004,2.509890367854409e-14,6,Good,485.2590495868693
SYB01-IDs,Sacramento River,0.8,Corn,Field and grain,SYB,Rice,370.9204663,4.450435008,8585.116796,7293.3490250384575,38633.025582,32738.020108905643,14171945.324723288,12039550.081034089,6,Good,485.2590495868693
SYB01-IDs,Sacramento River,0.8,Trees and Vine,Trees and vines,SYB,Almonds,5165.974452,0.856578131,572.9881748,578.718062261893,2034.9195906769999,2050.1306145021586,2535507.477300499,2560862.5773578277,6,Good,485.2590495868693
SYB01-IDs,Sacramento River,0.8,Trees and Vine,Trees and vines,SYB,Walnuts,1949.323208,2.037882063,6403.65875,6467.695401980814,22431.629013400496,22599.30543973479,25438475.47438263,25692860.485275898,6,Good,485.2590495868693
SYB02-WAs,Sacramento River,0.8,Alfalfa and Pasture,Alfalfa and pasture,SYB,Alfalfa,187.2098036,5.87624882,147.326956,7.314269339011758e-22,523.5017836042243,7.31426933901338e-09,162073.1154417394,8.04636470567971e-19,3,Good,500.05300183000844
SYB02-WAs,Sacramento River,0.8,Corn,Corn,SYB,Corn,166.7194068,5.454093572,333.681324,169.34409851344813,811.957888288773,411.04045896824795,303417.5106942586,153985.13829234784,3,Good,500.05300183000844
SYB02-WAs,Sacramento River,0.8,Other field and grain,Field and grain,SYB,Field and Grain,173.2298426,2.485487486,797.869302,805.8480030015181,585.1041545340436,589.4569879717776,343531.09016519075,346966.40450336994,3,Good,500.05300183000844
SYB02-WAs,Sacramento River,0.8,Trees and Vine,Trees and vines,SYB,Orchards,2061.666385,2.066393172,3235.269799,3267.6225296654593,11239.103323409434,11323.115620767458,13782939.559129825,13920769.09392555,3,Good,500.05300183000844
SYB02-WAs,Sacramento River,0.8,Alfalfa and Pasture,Alfalfa and pasture,SYB,Pasture,215.0,3.5,1666.307316,7.314261406120117e-22,6348.63087396,7.314261406122075e-09,1253896.25529,5.503981708105388e-19,3,Good,500.05300183000844
SYB02-WAs,Sacramento River,0.8,Corn,Field and grain,SYB,Rice,370.9204663,4.450435008,7399.129409,5645.321262738831,33296.0823405,25340.435564732765,12214167.83563816,9319056.010199973,3,Good,500.05300183000844
SYB02-WAs,Sacramento River,0.8,Trees and Vine,Trees and vines,SYB,Subtropical,942.1801854,4.535541375,1293.988303,1306.9281990057027,3152.5332458794237,3176.0984316831486,5529596.609623904,5584892.631169178,3,Good,500.05300183000844
SYB02-WAs,Sacramento River,0.8,Trees and Vine,Trees and vines,SYB,Almonds,5165.974452,0.856578131,948.7360757,958.2234460312031,3318.6758052286978,3343.482906862952,4198214.76204413,4240196.952031001,3,Good,500.05300183000844
SYB02-WAs,Sacramento River,0.8,Trees and Vine,Trees and vines,SYB,Walnuts,1949.323208,2.037882063,4491.130444,4536.041793780257,15601.116575763022,15717.734922086594,17840974.37296252,18019384.296805896,3,Good,500.05300183000844
TLE01-NC,Tulare Lake,0.8,Alfalfa and Pasture,Alfalfa and pasture,TLE,Alfalfa,199.736451,8.253403632,8263.89024,7.53809651637151e-19,44487.275789245374,3.0249790913684147e-09,13623068.926273651,1.2426593944625332e-15,3,Good,652.9595925440742
TLE01-NC,Tulare Lake,0.8,Other field and grain,Field and grain,TLE,Beans Dry,989.2558964,1.380612025,55.295002,28.292525751533738,131.97073812509834,67.35601540645922,75520.72966499659,38641.32582582299,3,Good,652.9595925440742
TLE01-NC,Tulare Lake,0.8,Corn,Corn,TLE,Corn,50.43552386,24.76768295,37238.2738,9776.697530694333,95702.363666,25063.297121630687,46516974.11848095,12212767.660554795,3,Good,652.9595925440742
TLE01-NC,Tulare Lake,0.8,Other field and grain,Field and grain,TLE,Cotton,2858.852174,0.790424805,3589.866243,1464.1704402353455,13533.79573611,5506.122698240743,8112048.291327311,3308597.1771464385,3,Good,652.9595925440742
TLE01-NC,Tulare Lake,0.8,Other field and grain,Field and grain,TLE,Field and Grain,223.9885826,2.362115685,10806.30462,10914.367775297029,6447.761760202103,6495.958735161694,5717474.689710354,5774649.494329271,3,Good,652.9595925440742
TLE01-NC,Tulare Lake,0.8,Trees and Vine,Trees and vines,TLE,Grapes Table,1745.214488,11.85729761,13878.14778,14016.929397968359,56113.977519173946,56533.42950113993,287187833.81004727,290059715.04872555,3,Good,652.9595925440742
TLE01-NC,Tulare Lake,0.8,Trees and Vine,Trees and vines,TLE,Grapes Wine,361.6777551,11.83919792,20817.22167,19313.369722437445,84170.96627876091,77895.16481341832,89138812.89074922,82699357.16057602,3,Good,652.9595925440742
TLE01-NC,Tulare Lake,0.8,Trees and Vine,Trees and vines,TLE,Orchards,1503.259449,11.50880315,4551.306962,4596.82007758723,20421.005454229442,20573.6524700094,78740874.10252783,79528283.63881916,3,Good,652.9595925440742
TLE01-NC,Tulare Lake,0.8,Alfalfa and Pasture,Alfalfa and pasture,TLE,Pasture,215.0,3.5,386.716065,7.456237399590201e-19,2196.5472492,3.024979087514199e-09,291003.8389125,5.610818643191626e-16,3,Good,652.9595925440742
TLE01-NC,Tulare Lake,0.8,Vegetables and non-tree fruits,Vegetables,TLE,Potatoes,316.2258,23.4875,332.110468,335.43157603318406,611.8883772651653,616.4622428970792,2466701.8394139525,2491368.882713375,3,Good,652.9595925440742
TLE01-NC,Tulare Lake,0.8,Trees and Vine,Trees and vines,TLE,Subtropical,654.5088042,14.79755688,6831.721191,6900.03847188838,25924.080634066646,26117.86313673694,66166116.45706437,66827778.28969968,3,Good,652.9595925440742
TLE01-NC,Tulare Lake,0.8,Vegetables and non-tree fruits,Vegetables,TLE,Tomatoes Processing,75.98456236,53.94007231,143.0566819,144.4872501605176,398.6512869423522,401.6312053168572,586333.9458645171,592197.2912313847,3,Good,652.9595925440742
TLE01-NC,Tulare Lake,0.8,Vegetables and non-tree fruits,Vegetables,TLE,Truck,923.9057692,21.11899336,58.246086,58.82854744720847,63.488233740000005,63.96280829997234,1136495.2888306018,1147860.2531764961,3,Good,652.9595925440742
TLE01-NC,Tulare Lake,0.8,Trees and Vine,Trees and vines,TLE,Almonds,5115.183836,1.143761761,36932.58848,37301.91473780098,171274.90725556502,172555.1871872303,216076017.28672257,218236779.6418513,3,Good,652.9595925440742
TLE01-NC,Tulare Lake,0.8,Vegetables and non-tree fruits,Vegetables,TLE,Berries,6318.852028,4.903289478,1214.865988,1227.0146601497283,3900.7997024932074,3929.958180281942,37640388.088919975,38016792.34996414,3,Good,652.9595925440742
TLE01-NC,Tulare Lake,0.8,Vegetables and non-tree fruits,Vegetables,TLE,Lettuce,479.2433265,17.02508876,165.38035,167.03415516812652,425.3781670327295,428.557868839552,1349364.7648356804,1362858.4260945488,3,Good,652.9595925440742
TLE01-NC,Tulare Lake,0.8,Trees and Vine,Trees and vines,TLE,Pistachios,4379.7619,1.466522812,21298.62793,21511.614424401458,87263.33515859071,87915.62858885509,136801528.87422797,138169545.5445714,3,Good,652.9595925440742
TLE01-NC,Tulare Lake,0.8,Trees and Vine,Trees and vines,TLE,Walnuts,2131.866347,1.870657994,9022.56538,8707.478160674795,38670.36917622998,37226.61727289318,35981925.990910485,34725360.421258576,3,Good,652.9595925440742
TLE02-SW-WA,Tulare Lake,0.8,Alfalfa and Pasture,Alfalfa and pasture,TLE,Alfalfa,199.736451,8.253403632,6085.203945,3.45876219807718e-14,32758.681235221604,3.4589138733485045e-09,10031492.476982286,5.701788680096891e-11,4,Good,630.4828595219055
TLE02-SW-WA,Tulare Lake,0.8,Corn,Corn,TLE,Corn,50.43552386,24.76768295,19004.43333,11715.152891101914,48841.393658099994,30032.672772494294,23739788.21080602,14634230.006371427,4,Good,630.4828595219055
TLE02-SW-WA,Tulare Lake,0.8,Other field and grain,Field and grain,TLE,Cotton,2858.852174,0.790424805,161.395743,93.38275453481663,608.4619511100001,351.17284863747255,364707.1987107047,211017.72686955146,4,Good,630.4828595219055
TLE02-SW-WA,Tulare Lake,0.8,Other field and grain,Field and grain,TLE,Field and Grain,223.9885826,2.362115685,12177.14209,12298.913633845481,7265.694784425714,7320.00580313867,6442766.897735448,6507194.6317616515,4,Good,630.4828595219055
TLE02-SW-WA,Tulare Lake,0.8,Trees and Vine,Trees and vines,TLE,Grapes Table,1745.214488,11.85729761,2111.705778,2132.8228571073037,8538.330361676097,8602.154381140328,43698641.75260862,44135628.611471854,4,Good,630.4828595219055
TLE02-SW-WA,Tulare Lake,0.8,Trees and Vine,Trees and vines,TLE,Grapes Wine,361.6777551,11.83919792,3167.558668,2964.663293108635,12807.49554655748,11957.153989805212,13563405.52563866,12694612.698932895,4,Good,630.4828595219055
TLE02-SW-WA,Tulare Lake,0.8,Trees and Vine,Trees and vines,TLE,Orchards,1503.259449,11.50880315,311.1694116,314.2811088578504,1400.6445323383437,1411.1143502276936,5383453.954638638,5437288.54854129,4,Good,630.4828595219055
TLE02-SW-WA,Tulare Lake,0.8,Alfalfa and Pasture,Alfalfa and pasture,TLE,Pasture,215.0,3.5,700.564936,6.058306431199773e-19,3979.2088364799997,3.458386052432406e-09,527175.11434,4.55887558947783e-16,4,Good,630.4828595219055
TLE02-SW-WA,Tulare Lake,0.8,Vegetables and non-tree fruits,Vegetables,TLE,Truck,923.9057692,21.11899336,57.762665,58.34029223232903,62.961304850000005,63.43194061702035,1127062.7977097088,1138333.4370491866,4,Good,630.4828595219055
TLE02-SW-WA,Tulare Lake,0.8,Trees and Vine,Trees and vines,TLE,Almonds,5115.183836,1.143761761,15212.09211,15364.213184726888,70743.72553024803,71272.53487853036,88999130.93033159,89889123.13843694,4,Good,630.4828595219055
TLE02-SW-WA,Tulare Lake,0.8,Trees and Vine,Trees and vines,TLE,Pistachios,4379.7619,1.466522812,21801.80803,22019.826330485317,89625.4359717176,90295.38610556754,140033465.09121448,141433801.1563815,4,Good,630.4828595219055
TLE03-E-ID,Tulare Lake,0.8,Other field and grain,Field and grain,TLE,Field and Grain,223.9885826,2.362115685,1027.123771,4.682576907022145e-21,612.8505170390413,4.6825769070227304e-08,543437.7773345014,2.477490306813256e-18,8,Good,1385.3667704161737
TLE03-E-ID,Tulare Lake,0.8,Trees and Vine,Trees and vines,TLE,Orchards,1503.259449,11.50880315,156.8516326,158.4201504968836,702.7728600834927,708.0260872117949,2713645.719449619,2740782.203821528,8,Good,1385.3667704161737
TLE03-E-ID,Tulare Lake,0.8,Alfalfa and Pasture,Alfalfa and pasture,TLE,Pasture,215.0,3.5,391.344197,4.682496615690674e-21,2222.83503896,4.682496615693672e-08,294486.5082425,3.523578703307232e-18,8,Good,1385.3667704161737
TLE03-E-ID,Tulare Lake,0.8,Trees and Vine,Trees and vines,TLE,Subtropical,654.5088042,14.79755688,8834.36605,7905.23944506569,33451.59597526193,29858.595929102583,85561994.78086045,76563281.65620473,8,Good,1385.3667704161737
TLE03-E-ID,Tulare Lake,0.8,Trees and Vine,Trees and vines,TLE,Pistachios,4379.7619,1.466522812,2085.891158,1434.0760222885099,8533.483678621995,5852.208539506468,13397722.163956964,9211100.030279726,8,Good,1385.3667704161737
TLE04-E-WAs,Tulare Lake,0.8,Alfalfa and Pasture,Alfalfa and pasture,TLE,Alfalfa,199.736451,8.253403632,521.808593,521.808593,2809.0695921427305,2809.0695921427305,860204.361664038,860204.361664038,10,Infeasible,N/A
TLE04-E-WAs,Tulare Lake,0.8,Corn,Corn,TLE,Corn,50.43552386,24.76768295,51.04041,51.04041,131.1738537,131.1738537,63758.20328617532,63758.20328617532,10,Infeasible,N/A
TLE04-E-WAs,Tulare Lake,0.8,Other field and grain,Field and grain,TLE,Field and Grain,223.9885826,2.362115685,15847.32168,15847.32168,11832.666859682438,11832.666859682438,8384611.001748548,8384611.001748548,10,Infeasible,N/A
TLE04-E-WAs,Tulare Lake,0.8,Trees and Vine,Trees and vines,TLE,Grapes Table,1745.214488,11.85729761,2111.882099,2111.882099,7916.038067047706,7916.038067047706,43702290.45608461,43702290.45608461,10,Infeasible,N/A
TLE04-E-WAs,Tulare Lake,0.8,Trees and Vine,Trees and vines,TLE,Grapes Wine,361.6777551,11.83919792,3167.823149,3167.823149,11874.057102445726,11874.057102445726,13564538.026543241,13564538.026543241,10,Infeasible,N/A
TLE04-E-WAs,Tulare Lake,0.8,Trees and Vine,Trees and vines,TLE,Orchards,1503.259449,11.50880315,193.9716638,193.9716638,837.137472317907,837.137472317907,3355848.8773128055,3355848.8773128055,10,Infeasible,N/A
TLE04-E-WAs,Tulare Lake,0.8,Alfalfa and Pasture,Alfalfa and pasture,TLE,Pasture,215.0,3.5,236.08537,236.08537,1340.9649016,1340.9649016,177654.24092500002,177654.24092500002,10,Infeasible,N/A
TLE04-E-WAs,Tulare Lake,0.8,Trees and Vine,Trees and vines,TLE,Subtropical,654.5088042,14.79755688,18085.89229,18085.89229,71172.1428598609,71172.1428598609,175164240.75773773,175164240.75773773,10,Infeasible,N/A
TLE04-E-WAs,Tulare Lake,0.8,Trees and Vine,Trees and vines,TLE,Almonds,5115.183836,1.143761761,285.6718762,285.6718762,1339.9858105280725,1339.9858105280725,1671338.0729744525,1671338.0729744525,10,Infeasible,N/A
TLE04-E-WAs,Tulare Lake,0.8,Trees and Vine,Trees and vines,TLE,Pistachios,4379.7619,1.466522812,6260.324427,6260.324427,26002.36518512464,26002.36518512464,40210193.61796398,40210193.61796398,10,Infeasible,N/A
TLK01-CC-IDs,Tulare Lake,0.8,Alfalfa and Pasture,Alfalfa and pasture,TLK,Alfalfa,199.736451,8.253403632,5818.213267,5818.213267,30894.712447769998,30894.712447769998,9591356.86246733,9591356.86246733,10,Infeasible,N/A
TLK01-CC-IDs,Tulare Lake,0.8,Corn,Corn,TLK,Corn,50.43552386,24.76768295,25903.67984,25903.67984,66874.66679556789,66874.66679556789,32358127.317134038,32358127.317134038,10,Infeasible,N/A
TLK01-CC-IDs,Tulare Lake,0.8,Other field and grain,Field and grain,TLK,Cotton,2858.852174,0.790424805,59302.27879,59302.27879,222317.65404821135,222317.65404821135,134005814.35820234,134005814.35820234,10,Infeasible,N/A
TLK01-CC-IDs,Tulare Lake,0.8,Other field and grain,Field and grain,TLK,Field and Grain,223.9885826,2.362115685,10838.23456,10838.23456,10296.322832,10296.322832,5734368.404094094,5734368.404094094,10,Infeasible,N/A
TLK01-CC-IDs,Tulare Lake,0.8,Trees and Vine,Trees and vines,TLK,Grapes Table,1745.214488,11.85729761,1224.583689,1224.583689,4462.927221589074,4462.927221589074,25340956.33927791,25340956.33927791,10,Infeasible,N/A
TLK01-CC-IDs,Tulare Lake,0.8,Trees and Vine,Trees and vines,TLK,Grapes Wine,361.6777551,11.83919792,1836.875534,1836.875534,6694.390834205833,6694.390834205833,7865454.243818939,7865454.243818939,10,Infeasible,N/A
TLK01-CC-IDs,Tulare Lake,0.8,Vegetables and non-tree fruits,Vegetables,TLK,Onions and Garlic,426.9855608,22.97465084,229.078777,229.078777,747.5604088669737,747.5604088669737,2247227.1057346887,2247227.1057346887,10,Infeasible,N/A
TLK01-CC-IDs,Tulare Lake,0.8,Trees and Vine,Trees and vines,TLK,Orchards,1503.259449,11.50880315,6992.99252,6992.99252,29076.12632625787,29076.12632625787,120983785.14449205,120983785.14449205,10,Infeasible,N/A
TLK01-CC-IDs,Tulare Lake,0.8,Alfalfa and Pasture,Alfalfa and pasture,TLK,Pasture,215.0,3.5,1999.387071,1999.387071,11167.687563018617,11167.687563018617,1504538.7709275,1504538.7709275,10,Infeasible,N/A
TLK01-CC-IDs,Tulare Lake,0.8,Other field and grain,Field and grain,TLK,Safflower,434.207238,1.140815583,26276.48786,26276.48786,65121.89573760785,65121.89573760785,13016068.334852414,13016068.334852414,10,Infeasible,N/A
TLK01-CC-IDs,Tulare Lake,0.8,Trees and Vine,Trees and vines,TLK,Subtropical,654.5088042,14.79755688,430.6926221,430.6926221,1665.3595998884666,1665.3595998884666,4171314.577153536,4171314.577153536,10,Infeasible,N/A
TLK01-CC-IDs,Tulare Lake,0.8,Vegetables and non-tree fruits,Vegetables,TLK,Tomatoes Fresh,330.145,19.3975,688.923777,688.923777,1229.7289419449999,1229.7289419449999,4411859.351087807,4411859.351087807,10,Infeasible,N/A
TLK01-CC-IDs,Tulare Lake,0.8,Vegetables and non-tree fruits,Vegetables,TLK,Tomatoes Processing,75.98456236,53.94007231,16534.17065,16534.17065,43962.52263011491,43962.52263011491,67767163.26741385,67767163.26741385,10,Infeasible,N/A
TLK01-CC-IDs,Tulare Lake,0.8,Vegetables and non-tree fruits,Vegetables,TLK,Truck,923.9057692,21.11899336,95.625059,95.625059,99.13131119520834,99.13131119520834,1865832.3075588006,1865832.3075588006,10,Infeasible,N/A
TLK01-CC-IDs,Tulare Lake,0.8,Trees and Vine,Trees and vines,TLK,Almonds,5115.183836,1.143761761,16510.42121,16510.42121,77191.95809661048,77191.95809661048,96595072.4172754,96595072.4172754,10,Infeasible,N/A
TLK01-CC-IDs,Tulare Lake,0.8,Trees and Vine,Trees and vines,TLK,Pistachios,4379.7619,1.466522812,17337.19867,17337.19867,71728.95460711802,71728.95460711802,111357186.58719404,111357186.58719404,10,Infeasible,N/A
TLK01-CC-IDs,Tulare Lake,0.8,Trees and Vine,Trees and vines,TLK,Walnuts,2131.866347,1.870657994,14493.10886,14493.10886,62397.555192811305,62397.555192811305,57798414.13337912,57798414.13337912,10,Infeasible,N/A
TLK02-EC-CorcID,Tulare Lake,0.8,Alfalfa and Pasture,Alfalfa and pasture,TLK,Alfalfa,199.736451,8.253403632,3649.636456,1.3860090434276204e-18,19245.74957675679,5.3322794169503725e-09,6016445.953658878,2.2848436006155233e-15,5,Good,547.926130174992
TLK02-EC-CorcID,Tulare Lake,0.8,Corn,Corn,TLK,Corn,50.43552386,24.76768295,3861.070385,3899.681127588232,9729.8973702,9802.628352408863,4823137.402482879,4871368.824898386,5,Good,547.926130174992
TLK02-EC-CorcID,Tulare Lake,0.8,Other field and grain,Field and grain,TLK,Cotton,2858.852174,0.790424805,15561.05109,15144.625079349531,58613.29244418702,56902.1420154168,35163426.534912124,34222425.4837592,5,Good,547.926130174992
TLK02-EC-CorcID,Tulare Lake,0.8,Other field and grain,Field and grain,TLK,Field and Grain,223.9885826,2.362115685,6823.511399,6891.746580394338,6482.33582905,6530.791284345329,3610230.7949498273,3646333.1385620805,5,Good,547.926130174992
TLK02-EC-CorcID,Tulare Lake,0.8,Trees and Vine,Trees and vines,TLK,Grapes Table,1745.214488,11.85729761,63.23969721,63.872094819944365,224.7117240651201,226.39144421601145,1308652.4182078706,1321738.9555891992,5,Good,547.926130174992
TLK02-EC-CorcID,Tulare Lake,0.8,Trees and Vine,Trees and vines,TLK,Grapes Wine,361.6777551,11.83919792,94.85954582,92.76809259830922,337.0675861154468,328.81186250772055,406186.1587387532,397230.6093213823,5,Good,547.926130174992
TLK02-EC-CorcID,Tulare Lake,0.8,Trees and Vine,Trees and vines,TLK,Orchards,1503.259449,11.50880315,363.1197317,366.75093268360365,1458.5309224493733,1469.4334411076654,6282231.74500384,6345054.125888751,5,Good,547.926130174992
TLK02-EC-CorcID,Tulare Lake,0.8,Alfalfa and Pasture,Alfalfa and pasture,TLK,Pasture,215.0,3.5,749.382496,1.3190709553721523e-18,4151.57902784,5.332279410922439e-09,563910.32824,9.926008939175446e-16,5,Good,547.926130174992
TLK02-EC-CorcID,Tulare Lake,0.8,Other field and grain,Field and grain,TLK,Safflower,434.207238,1.140815583,1685.916571,1.173794900133195e-18,4102.396988871362,5.332279408039981e-09,835119.419760844,5.814397537690918e-16,5,Good,547.926130174992
TLK02-EC-CorcID,Tulare Lake,0.8,Vegetables and non-tree fruits,Vegetables,TLK,Tomatoes Processing,75.98456236,53.94007231,371.6371978,375.3535735285158,992.271318126,999.68854623756,1523196.9714523768,1538428.9565388127,5,Good,547.926130174992
TLK02-EC-CorcID,Tulare Lake,0.8,Trees and Vine,Trees and vines,TLK,Almonds,5115.183836,1.143761761,2143.342117,2164.7755598072854,10184.625904454751,10260.755983057534,12539733.806501195,12665131.271156263,5,Good,547.926130174992
TLK02-EC-CorcID,Tulare Lake,0.8,Trees and Vine,Trees and vines,TLK,Pistachios,4379.7619,1.466522812,6738.253981,6805.636588856551,28424.26376376586,28636.735135375322,43279945.05435981,43712744.941967815,5,Good,547.926130174992
TLK03-NC-WAs,Tulare Lake,0.8,Alfalfa and Pasture,Alfalfa and pasture,TLK,Alfalfa,199.736451,8.253403632,4414.413834,2382.9646659824393,23602.39930059147,12709.065326823,7277185.705902833,3928330.477626653,9,Good,245.1058512744891
TLK03-NC-WAs,Tulare Lake,0.8,Corn,Corn,TLK,Corn,50.43552386,24.76768295,5658.056003,5714.636620164501,14956.128032710649,15067.925089761058,7067879.839598439,7138558.709365189,9,Good,245.1058512744891
TLK03-NC-WAs,Tulare Lake,0.8,Other field and grain,Field and grain,TLK,Cotton,2858.852174,0.790424805,5256.747323,5309.314849314874,19958.117338075583,20107.304265183542,11878712.25637795,11997499.498898026,9,Good,245.1058512744891
TLK03-NC-WAs,Tulare Lake,0.8,Other field and grain,Field and grain,TLK,Field and Grain,223.9885826,2.362115685,5208.509166,5260.59431025405,4948.0837077,4985.070630685734,2755754.19858277,2783311.7683954225,9,Good,245.1058512744891
TLK03-NC-WAs,Tulare Lake,0.8,Trees and Vine,Trees and vines,TLK,Grapes Table,1745.214488,11.85729761,275.0186053,277.7687941298866,1090.9071344483395,1099.0616653123602,5691105.093101076,5748016.201495666,9,Good,245.1058512744891
TLK03-NC-WAs,Tulare Lake,0.8,Trees and Vine,Trees and vines,TLK,Grapes Wine,361.6777551,11.83919792,412.527908,416.6531912223082,1636.3607018708428,1648.592498058646,1766433.9932747718,1784098.3509447775,9,Good,245.1058512744891
TLK03-NC-WAs,Tulare Lake,0.8,Vegetables and non-tree fruits,Vegetables,TLK,Onions and Garlic,426.9855608,22.97465084,170.398768,172.10275739977973,594.69170032,599.1370208127374,1671585.3613684897,1688301.2318529459,9,Good,245.1058512744891
TLK03-NC-WAs,Tulare Lake,0.8,Trees and Vine,Trees and vines,TLK,Orchards,1503.259449,11.50880315,374.906157,378.65522235573343,1736.0544229817654,1749.031429826962,6486145.354526306,6551006.873567472,9,Good,245.1058512744891
TLK03-NC-WAs,Tulare Lake,0.8,Alfalfa and Pasture,Alfalfa and pasture,TLK,Pasture,215.0,3.5,1961.241371,2.6673772737683213e-13,11041.78891873,2.1339007988492196e-08,1475834.1316775,2.007201398510662e-10,9,Good,245.1058512744891
TLK03-NC-WAs,Tulare Lake,0.8,Other field and grain,Field and grain,TLK,Safflower,434.207238,1.140815583,282.246538,5.3078102220839615e-08,712.2020974592511,1.734091909259268e-07,139810.93080083796,2.6292258283209167e-05,9,Good,245.1058512744891
TLK03-NC-WAs,Tulare Lake,0.8,Vegetables and non-tree fruits,Vegetables,TLK,Tomatoes Fresh,330.145,19.3975,64.24973844,64.89223646943348,115.22119758098343,116.08247606313438,411454.53068236855,415569.0801199787,9,Good,245.1058512744891
TLK03-NC-WAs,Tulare Lake,0.8,Vegetables and non-tree fruits,Vegetables,TLK,Tomatoes Processing,75.98456236,53.94007231,1541.993723,1557.4136758017478,4189.082947997332,4220.396343064326,6320035.192322654,6383235.608068445,9,Good,245.1058512744891
TLK03-NC-WAs,Tulare Lake,0.8,Trees and Vine,Trees and vines,TLK,Almonds,5115.183836,1.143761761,1051.324284,1061.837537454488,4843.9959450491515,4880.204814757714,6150827.047677738,6212335.380255125,9,Good,245.1058512744891
TLK03-NC-WAs,Tulare Lake,0.8,Trees and Vine,Trees and vines,TLK,Pistachios,4379.7619,1.466522812,4796.249995,4844.212543392249,19498.316958200874,19644.066877501118,30806413.180015977,31114477.622961707,9,Good,245.1058512744891
TLK03-NC-WAs,Tulare Lake,0.8,Trees and Vine,Trees and vines,TLK,Walnuts,2131.866347,1.870657994,352.9631383,356.4927732385762,1507.3718997154942,1518.6395046632163,1407614.4627316743,1421690.6215386032,9,Good,245.1058512744891
TLK04-NC-Lemoore,Tulare Lake,0.8,Alfalfa and Pasture,Alfalfa and pasture,TLK,Alfalfa,199.736451,8.253403632,1155.744298,4.516790600988759e-22,6179.379513691915,4.516790600990574e-09,1905250.8897796972,7.445954374487778e-19,3,Good,581.2340858103502
TLK04-NC-Lemoore,Tulare Lake,0.8,Corn,Corn,TLK,Corn,50.43552386,24.76768295,1934.615199,1662.6916827422601,5113.832842045129,4384.060682800791,2416665.327303729,2076986.3390696496,3,Good,581.2340858103502
TLK04-NC-Lemoore,Tulare Lake,0.8,Other field and grain,Field and grain,TLK,Cotton,2858.852174,0.790424805,1984.846579,1670.3546917346966,7535.800845598283,6325.925466982145,4485173.042622415,3774513.312137631,3,Good,581.2340858103502
TLK04-NC-Lemoore,Tulare Lake,0.8,Other field and grain,Field and grain,TLK,Field and Grain,223.9885826,2.362115685,1004.20659,1014.2486656575443,953.9962605,961.1273816669009,531312.5960690661,536625.727192346,3,Good,581.2340858103502
TLK04-NC-Lemoore,Tulare Lake,0.8,Trees and Vine,Trees and vines,TLK,Grapes Table,1745.214488,11.85729761,314.6746876,317.82143765331097,1248.2095942515584,1257.5399609806725,6511729.325791727,6576846.684799416,3,Good,581.2340858103502
TLK04-NC-Lemoore,Tulare Lake,0.8,Trees and Vine,Trees and vines,TLK,Grapes Wine,361.6777551,11.83919792,472.0120314,450.90884840138614,1872.3143913773374,1784.1335682364304,2021143.4943684803,1930780.2023532167,3,Good,581.2340858103502
TLK04-NC-Lemoore,Tulare Lake,0.8,Trees and Vine,Trees and vines,TLK,Orchards,1503.259449,11.50880315,476.3842301,481.1480772115286,2249.7761905170046,2266.5932675522913,8241788.787247647,8324206.758345717,3,Good,581.2340858103502
TLK04-NC-Lemoore,Tulare Lake,0.8,Alfalfa and Pasture,Alfalfa and pasture,TLK,Pasture,215.0,3.5,348.140123,4.516790600986575e-22,1960.02889249,4.5167906009886995e-09,261975.4425575,3.398884927242398e-19,3,Good,581.2340858103502
TLK04-NC-Lemoore,Tulare Lake,0.8,Trees and Vine,Trees and vines,TLK,Almonds,5115.183836,1.143761761,2730.245716,2757.548200724027,12797.79411674959,12893.457627734395,15973443.63899338,16133178.23664808,3,Good,581.2340858103502
TLK04-NC-Lemoore,Tulare Lake,0.8,Trees and Vine,Trees and vines,TLK,Pistachios,4379.7619,1.466522812,1639.914414,1656.3135746927076,6805.790009562558,6856.663289856528,10533204.288811842,10638536.438018344,3,Good,581.2340858103502
TLK04-NC-Lemoore,Tulare Lake,0.8,Trees and Vine,Trees and vines,TLK,Walnuts,2131.866347,1.870657994,819.5650101,807.0461817429699,3533.5544508939993,3470.8805403070633,3268419.3792074253,3218494.3815527596,3,Good,581.2340858103502
TRC01-CC-IDs,San Joaquin River,0.8,Alfalfa and Pasture,Alfalfa and pasture,TRC,Alfalfa,205.8588937,7.063149253,29234.11206,16626.346927909195,114987.5074262553,65233.47151381818,42506752.4125062,24174909.46667286,8,Good,309.25694677007965
TRC01-CC-IDs,San Joaquin River,0.8,Other field and grain,Field and grain,TRC,Beans Dry,1415.3103,1.200351344,3663.750935,3700.388481347095,5593.326428654584,5635.136543727881,6224235.161583306,6286477.576052381,8,Good,309.25694677007965
TRC01-CC-IDs,San Joaquin River,0.8,Corn,Corn,TRC,Corn,44.88630607,26.76544219,23358.82971,23592.41824301455,37374.12753600001,37653.499139345666,28063340.765840534,28343974.456927106,8,Good,309.25694677007965
TRC01-CC-IDs,San Joaquin River,0.8,Vegetables and non-tree fruits,Vegetables,TRC,Cucurbits,252.19315,13.35,2810.63675,2838.74314587879,4890.507945,4927.064491903322,9462791.528768305,9557419.53960109,8,Good,309.25694677007965
TRC01-CC-IDs,San Joaquin River,0.8,Other field and grain,Field and grain,TRC,Field and Grain,187.333843,2.812754651,15431.46256,15585.77734144016,4423.685939010487,4456.752880138756,8131210.110407677,8212522.293627695,8,Good,309.25694677007965
TRC01-CC-IDs,San Joaquin River,0.8,Trees and Vine,Trees and vines,TRC,Grapes Table,390.5459,12.435,64.21155245,64.85366861905355,148.54272464626283,149.6530815332469,311839.44046955183,314957.8380044819,8,Good,309.25694677007965
TRC01-CC-IDs,San Joaquin River,0.8,Trees and Vine,Trees and vines,TRC,Grapes Wine,510.5784914,8.495282366,2076.173529,2096.9352852475804,4802.881429727942,4838.782968417435,9005420.234941345,9095474.52819444,8,Good,309.25694677007965
TRC01-CC-IDs,San Joaquin River,0.8,Vegetables and non-tree fruits,Vegetables,TRC,Onions and Garlic,248.2454,30.0225,670.874781,677.5835355842936,802.8134881536248,808.8145190051781,4999994.536290806,5049994.532142168,8,Good,309.25694677007965
TRC01-CC-IDs,San Joaquin River,0.8,Trees and Vine,Trees and vines,TRC,Orchards,3117.281059,2.261810582,727.407674,734.681758084631,2190.9614940470665,2207.3389312379436,5128732.767931393,5180020.147395492,8,Good,309.25694677007965
TRC01-CC-IDs,San Joaquin River,0.8,Alfalfa and Pasture,Alfalfa and pasture,TRC,Pasture,215.0,3.5,5464.234998,1.640733666002874e-21,21438.015306998586,1.640733666002981e-08,4111836.835995,1.2346520836671627e-18,8,Good,309.25694677007965
TRC01-CC-IDs,San Joaquin River,0.8,Vegetables and non-tree fruits,Vegetables,TRC,Potatoes,960.1331262,14.27542043,467.000118,471.6701238961515,684.9335065556667,690.0533845458112,6400845.6064874185,6464854.127193299,8,Good,309.25694677007965
TRC01-CC-IDs,San Joaquin River,0.8,Corn,Field and grain,TRC,Rice,356.2897,4.3575,964.789118,974.4370189053843,4341.551031,4374.004124900944,1497866.3337479741,1512845.0121844276,8,Good,309.25694677007965
TRC01-CC-IDs,San Joaquin River,0.8,Other field and grain,Field and grain,TRC,Safflower,447.9696,1.4025,2260.627214,2283.2335089486514,1816.0371944931244,1829.612067996211,1420300.906998584,1434503.9303987292,8,Good,309.25694677007965
TRC01-CC-IDs,San Joaquin River,0.8,Trees and Vine,Trees and vines,TRC,Subtropical,826.2221391,4.405931004,858.2117906,866.7939171440911,2391.0067969901615,2408.8795727441575,3124129.2765414007,3155370.6007518657,8,Good,309.25694677007965
TRC01-CC-IDs,San Joaquin River,0.8,Other field and grain,Field and grain,TRC,Sunflowers,3239.762235,0.609912532,394.692979,398.639912764261,1122.2437034917689,1130.6324751703864,779902.1124187312,787701.1413959453,8,Good,309.25694677007965
TRC01-CC-IDs,San Joaquin River,0.8,Vegetables and non-tree fruits,Vegetables,TRC,Tomatoes Fresh,513.5119746,20.19858006,1438.19966,1452.58167112356,2472.0114150078,2490.4897003605593,14917312.822778936,15066486.10164818,8,Good,309.25694677007965
TRC01-CC-IDs,San Joaquin River,0.8,Vegetables and non-tree fruits,Vegetables,TRC,Tomatoes Processing,78.52090496,49.10025147,12943.79694,13073.23504012993,22047.600783485403,22212.406599367292,49903465.26666094,50402500.42334323,8,Good,309.25694677007965
TRC01-CC-IDs,San Joaquin River,0.8,Vegetables and non-tree fruits,Vegetables,TRC,Truck,548.8387,13.5325,699.025225,706.0154843069605,1612.418185899675,1624.4710118613702,5191771.985820878,5243689.75809226,8,Good,309.25694677007965
TRC01-CC-IDs,San Joaquin River,0.8,Trees and Vine,Trees and vines,TRC,Almonds,5157.824281,1.067695081,24635.60285,24881.959127315276,98495.95762038433,99232.21490360895,135667861.20330054,137024541.1855552,8,Good,309.25694677007965
TRC01-CC-IDs,San Joaquin River,0.8,Vegetables and non-tree fruits,Vegetables,TRC,Berries,5010.1193,4.8075,1017.023146,1027.1933877314273,2063.295124064809,2078.718255145613,24496170.557834737,24741132.510812208,8,Good,309.25694677007965
TRC01-CC-IDs,San Joaquin River,0.8,Trees and Vine,Trees and vines,TRC,Pistachios,4636.170568,1.382293453,288.0747759,290.95552656431715,1080.7292243643567,1088.807675330065,1846141.0932247334,1864602.5227758456,8,Good,309.25694677007965
TRC01-CC-IDs,San Joaquin River,0.8,Trees and Vine,Trees and vines,TRC,Walnuts,2092.008952,1.920558157,3606.398784,3642.4628082552963,13270.609486370686,13369.807292276499,14489878.679621808,14634777.612728309,8,Good,309.25694677007965
TRC02-CC-WAs,San Joaquin River,0.8,Alfalfa and Pasture,Alfalfa and pasture,TRC,Alfalfa,205.8588937,7.063149253,553.800995,534.9143770601197,2178.283913482066,2098.7365372793943,805233.3428821296,777771.9720345251,2,Good,185.09730011884966
TRC02-CC-WAs,San Joaquin River,0.8,Other field and grain,Field and grain,TRC,Beans Dry,1415.3103,1.200351344,142.078237,143.49902079904064,216.9061085340261,218.52748173550555,241372.40061357128,243786.1270474607,2,Good,185.09730011884966
TRC02-CC-WAs,San Joaquin River,0.8,Vegetables and non-tree fruits,Vegetables,TRC,Cucurbits,252.19315,13.35,122.883517,124.11235340395156,213.81731958,215.41560408066232,413721.58949136914,417858.8095407245,2,Good,185.09730011884966
TRC02-CC-WAs,San Joaquin River,0.8,Other field and grain,Field and grain,TRC,Field and Grain,187.333843,2.812754651,612.730252,618.8575606920967,175.64933911091006,176.9623135463493,322862.35997678776,326090.9868287824,2,Good,185.09730011884966
TRC02-CC-WAs,San Joaquin River,0.8,Alfalfa and Pasture,Alfalfa and pasture,TRC,Pasture,215.0,3.5,1509.30547,1019.7016707872972,5921.5084601302315,3990.6279409717536,1135752.366175,767325.5072674411,2,Good,185.09730011884966
TRC02-CC-WAs,San Joaquin River,0.8,Trees and Vine,Trees and vines,TRC,Subtropical,826.2221391,4.405931004,195.182227,197.13405122681522,569.2814954817275,573.5368746674422,710517.5159676366,717622.6982506638,2,Good,185.09730011884966
TRC02-CC-WAs,San Joaquin River,0.8,Vegetables and non-tree fruits,Vegetables,TRC,Tomatoes Processing,78.52090496,49.10025147,226.4845932,228.74944141720374,385.7787570085051,388.6624532625019,873187.8352682218,881919.7224312698,2,Good,185.09730011884966
TRC02-CC-WAs,San Joaquin River,0.8,Vegetables and non-tree fruits,Vegetables,TRC,Berries,5010.1193,4.8075,158.015039,159.59519098545235,320.5744734324961,322.970767669645,3805973.7000783146,3844033.4755074,2,Good,185.09730011884966
TUR01-CW-TID,San Joaquin River,0.8,Alfalfa and Pasture,Alfalfa and pasture,TUR,Alfalfa,205.8588937,7.063149253,9646.866442,3.2402791661366597e-22,47269.645565800005,3.240279166137962e-09,14026660.449443752,4.711405086622392e-19,3,Good,651.6100764824599
TUR01-CW-TID,San Joaquin River,0.8,Other field and grain,Field and grain,TUR,Beans Dry,1415.3103,1.200351344,381.394319,385.2082660197124,821.2691001195352,827.4080866088408,647939.2220879557,654418.6208150173,3,Good,651.6100764824599
TUR01-CW-TID,San Joaquin River,0.8,Corn,Corn,TUR,Corn,44.88630607,26.76544219,45117.58334,37729.288070440314,105123.9691822,87689.46722423492,54204347.20064704,45328035.74145018,3,Good,651.6100764824599
TUR01-CW-TID,San Joaquin River,0.8,Vegetables and non-tree fruits,Vegetables,TUR,Cucurbits,252.19315,13.35,428.020501,432.300710213623,994.4342971806599,1001.8676932893719,1441050.2427971049,1455460.7593777436,3,Good,651.6100764824599
TUR01-CW-TID,San Joaquin River,0.8,Other field and grain,Field and grain,TUR,Field and Grain,187.333843,2.812754651,2295.471876,2318.426617917579,918.1887504000001,925.0521973788101,1209539.5399959858,1221634.947598233,3,Good,651.6100764824599
TUR01-CW-TID,San Joaquin River,0.8,Trees and Vine,Trees and vines,TUR,Grapes Wine,510.5784914,8.495282366,1196.681445,1179.7394173428847,3550.154953898894,3491.1438362667177,5190615.884970108,5117129.696771857,3,Good,651.6100764824599
TUR01-CW-TID,San Joaquin River,0.8,Trees and Vine,Trees and vines,TUR,Orchards,3117.281059,2.261810582,4280.105057,4322.906150795467,16829.37984668999,16955.179461043863,30177733.670740407,30479511.31221758,3,Good,651.6100764824599
TUR01-CW-TID,San Joaquin River,0.8,Alfalfa and Pasture,Alfalfa and pasture,TUR,Pasture,215.0,3.5,5552.495839,3.2402791661352505e-22,29872.42761382,3.2402791661367796e-09,4178253.1188475,2.438310072516776e-19,3,Good,651.6100764824599
TUR01-CW-TID,San Joaquin River,0.8,Vegetables and non-tree fruits,Vegetables,TUR,Potatoes,960.1331262,14.27542043,3467.045555,3501.716045566584,6387.768778650345,6435.51735028366,47520380.51565007,47995584.80075452,3,Good,651.6100764824599
TUR01-CW-TID,San Joaquin River,0.8,Trees and Vine,Trees and vines,TUR,Subtropical,826.2221391,4.405931004,144.7517946,125.84178038895129,461.3190993608225,400.05088249148497,526936.7355412415,458099.0317673879,3,Good,651.6100764824599
TUR01-CW-TID,San Joaquin River,0.8,Vegetables and non-tree fruits,Vegetables,TUR,Truck,548.8387,13.5325,215.554326,217.70987143388257,240.70233077185145,242.50158070475123,1600956.4048984086,1616965.9850931657,3,Good,651.6100764824599
TUR01-CW-TID,San Joaquin River,0.8,Trees and Vine,Trees and vines,TUR,Almonds,5157.824281,1.067695081,56264.81115,56827.45982976154,228522.8928708393,230231.1014950099,309849393.0189379,312947890.07853425,3,Good,651.6100764824599
TUR01-CW-TID,San Joaquin River,0.8,Vegetables and non-tree fruits,Vegetables,TUR,Berries,5010.1193,4.8075,105.266366,106.3190307226633,213.5601146837828,215.15647655394014,2535461.3271893575,2560815.966056717,3,Good,651.6100764824599
TUR01-CW-TID,San Joaquin River,0.8,Trees and Vine,Trees and vines,TUR,Pistachios,4636.170568,1.382293453,109.1731741,110.2649069324717,417.3926013167682,420.5126109829468,699641.5508928567,706637.9733965343,3,Good,651.6100764824599
TUR01-CW-TID,San Joaquin River,0.8,Trees and Vine,Trees and vines,TUR,Walnuts,2092.008952,1.920558157,6309.030745,6265.37923557009,23418.48318466033,23198.311837444264,25348580.55260868,25173196.432963368,3,Good,651.6100764824599
TUR02-SE-MID,San Joaquin River,0.8,Alfalfa and Pasture,Alfalfa and pasture,TUR,Pasture,215.0,3.5,89.662423,4.431195061091412e-21,478.79733882,4.431195061093954e-08,67470.9733075,3.3344742834712874e-18,2,Good,1111.2709848160707
TUR02-SE-MID,San Joaquin River,0.8,Trees and Vine,Trees and vines,TUR,Almonds,5157.824281,1.067695081,3716.255281,3074.3768093771846,15193.919958368053,12538.17393765011,20465356.935998045,16930542.71092172,2,Good,1111.2709848160707
TUR03-E-WA,San Joaquin River,0.8,Alfalfa and Pasture,Alfalfa and pasture,TUR,Alfalfa,205.8588937,7.063149253,445.397606,5.3050839826135925e-21,2189.8715629817993,5.3050839826163334e-08,647613.5045425076,7.713656255872898e-18,10,Good,973.9981971258212
TUR03-E-WA,San Joaquin River,0.8,Corn,Corn,TUR,Corn,44.88630607,26.76544219,6319.753986,5.3050839826150595e-21,15125.277871053415,5.3050839826164796e-08,7592564.005442076,6.3735376062865626e-18,10,Good,973.9981971258212
TUR03-E-WA,San Joaquin River,0.8,Other field and grain,Field and grain,TUR,Field and Grain,187.333843,2.812754651,2911.206386,2940.3184788028366,1377.9710217362644,1388.2713394512691,1533984.9160303178,1549324.7804413002,10,Good,973.9981971258212
TUR03-E-WA,San Joaquin River,0.8,Trees and Vine,Trees and vines,TUR,Grapes Table,390.5459,12.435,222.208946,224.4310370805387,660.701266032597,665.6400062114969,1079144.0285130322,1089935.4766682086,10,Good,973.9981971258212
TUR03-E-WA,San Joaquin River,0.8,Trees and Vine,Trees and vines,TUR,Grapes Wine,510.5784914,8.495282366,7184.75592,6556.167764281129,21362.67426640508,19444.937775517443,31163939.546154678,28437433.10635738,10,Good,973.9981971258212
TUR03-E-WA,San Joaquin River,0.8,Trees and Vine,Trees and vines,TUR,Orchards,3117.281059,2.261810582,1145.238754,1156.6911530435389,4808.479389678488,4844.4227729162685,8074734.065487353,8155481.487250221,10,Good,973.9981971258212
TUR03-E-WA,San Joaquin River,0.8,Alfalfa and Pasture,Alfalfa and pasture,TUR,Pasture,215.0,3.5,4059.724996,5.305083982092603e-21,21678.93147864,5.305083982095533e-08,3054943.05949,3.9920756965246835e-18,10,Good,973.9981971258212
TUR03-E-WA,San Joaquin River,0.8,Vegetables and non-tree fruits,Vegetables,TUR,Potatoes,960.1331262,14.27542043,295.970011,298.92971409511034,545.3023231714067,549.3784580947696,4056654.9590494595,4097221.5495547843,10,Good,973.9981971258212
TUR03-E-WA,San Joaquin River,0.8,Other field and grain,Field and grain,TUR,Safflower,447.9696,1.4025,293.065912,5.3050839819209536e-21,520.9352769441236,5.3050839819219914e-08,184126.678669616,3.3330641799599204e-18,10,Good,973.9981971258212
TUR03-E-WA,San Joaquin River,0.8,Trees and Vine,Trees and vines,TUR,Subtropical,826.2221391,4.405931004,73.51163441,5.305084609891166e-21,234.85839032995202,5.305084609893063e-08,267602.7662893417,1.931198140811258e-17,10,Good,973.9981971258212
TUR03-E-WA,San Joaquin River,0.8,Trees and Vine,Trees and vines,TUR,Almonds,5157.824281,1.067695081,57031.70917,52340.42696793978,234086.43305448478,214294.00327453474,314072687.8482928,288237873.6353083,10,Good,973.9981971258212
TUR03-E-WA,San Joaquin River,0.8,Vegetables and non-tree fruits,Vegetables,TUR,Berries,5010.1193,4.8075,68.32642,69.00968488626339,138.61785720932278,139.654025749556,1645720.3009677131,1662177.5205068323,10,Good,973.9981971258212
TUR03-E-WA,San Joaquin River,0.8,Trees and Vine,Trees and vines,TUR,Pistachios,4636.170568,1.382293453,210.3289894,202.77922312965998,814.3328321996071,783.1395637432831,1347903.4712937162,1299520.4300768236,10,Good,973.9981971258212
TUR03-E-WA,San Joaquin River,0.8,Trees and Vine,Trees and vines,TUR,Walnuts,2092.008952,1.920558157,2232.388477,1985.3379564583527,8334.984228960126,7394.049539312184,8969345.91399743,7976740.191561082,10,Good,973.9981971258212
VNA01-FULL,Sacramento River,0.8,Other field and grain,Field and grain,VNA,Beans Dry,1054.225767,1.083582552,248.788895,237.64688328055848,549.82345795,135.91492775503696,284201.6672782314,271473.69440187427,10,Non-optimal,N/A
VNA01-FULL,Sacramento River,0.8,Other field and grain,Field and grain,VNA,Field and Grain,173.2298426,2.485487486,2257.925053,2157.9538366253596,2158.2000290731917,0.08276928563908742,972173.5790862475,929129.9115830198,10,Non-optimal,N/A
VNA01-FULL,Sacramento River,0.8,Trees and Vine,Trees and vines,VNA,Orchards,2061.666385,2.066393172,3092.683415,2891.184286057061,9250.607232121862,9538.428860685995,13175491.14378149,12317061.866477858,10,Non-optimal,N/A
VNA01-FULL,Sacramento River,0.8,Alfalfa and Pasture,Alfalfa and pasture,VNA,Pasture,215.0,3.5,666.620595,606.6460493498986,2773.1416752,0.060982284413315054,501631.9977375,456501.1521357987,10,Non-optimal,N/A
VNA01-FULL,Sacramento River,0.8,Corn,Field and grain,VNA,Rice,370.9204663,4.450435008,6028.670581,5755.285065032079,27129.0176145,2217.6273484867115,9951872.74499367,9500579.573691234,10,Non-optimal,N/A
VNA01-FULL,Sacramento River,0.8,Other field and grain,Field and grain,VNA,Safflower,429.9064999,1.059039203,75.221546,71.86715200839568,168.49626304000003,0.06015351636133324,34247.4549755363,32720.24019059052,10,Non-optimal,N/A
VNA01-FULL,Sacramento River,0.8,Trees and Vine,Trees and vines,VNA,Subtropical,942.1801854,4.535541375,910.4252301,717.4483259855787,2555.295030881017,2186.2140236986293,3890517.5989655163,3065869.9323267387,10,Non-optimal,N/A
VNA01-FULL,Sacramento River,0.8,Other field and grain,Field and grain,VNA,Sunflowers,3239.762235,0.609912532,68.88697,0.014323438453809905,161.1955098,0.08396345482759589,136118.69549147913,28.30270742471462,10,Non-optimal,N/A
VNA01-FULL,Sacramento River,0.8,Vegetables and non-tree fruits,Vegetables,VNA,Tomatoes Processing,77.35725946,46.64298896,141.393267,132.59512196876574,320.255749755,332.9231872607127,510171.48133997654,478426.24495875096,10,Non-optimal,N/A
VNA01-FULL,Sacramento River,0.8,Vegetables and non-tree fruits,Vegetables,VNA,Truck,742.4217034,17.44810947,242.273543,227.1888811639903,620.22027008,644.6291966803217,3138376.383626494,2942971.8591583613,10,Non-optimal,N/A
VNA01-FULL,Sacramento River,0.8,Trees and Vine,Trees and vines,VNA,Almonds,5165.974452,0.856578131,31932.96029,26256.07722682015,114083.06935528369,99015.87901759462,141305288.9196116,116184736.54612295,10,Non-optimal,N/A
VNA01-FULL,Sacramento River,0.8,Trees and Vine,Trees and vines,VNA,Pistachios,3834.493456,1.253131426,715.3663771,543.8070559775425,2914.353562625358,2402.7110889736773,3437424.3280298105,2613060.4733610055,10,Non-optimal,N/A
VNA01-FULL,Sacramento River,0.8,Trees and Vine,Trees and vines,VNA,Walnuts,1949.323208,2.037882063,26780.71682,22888.66436958412,94120.81118690615,85341.93990564207,106386151.20019574,90925008.64557177,10,Non-optimal,N/A
WST01-ALL,Tulare Lake,0.8,Alfalfa and Pasture,Alfalfa and pasture,WST,Alfalfa,199.736451,8.253403632,3947.61284,3947.61284,19014.335180649203,19014.335180649203,6507661.67648941,6507661.67648941,10,Infeasible,N/A
WST01-ALL,Tulare Lake,0.8,Other field and grain,Field and grain,WST,Beans Dry,989.2558964,1.380612025,8776.171777,8776.171777,18781.00760278,18781.00760278,11986307.483348852,11986307.483348852,10,Infeasible,N/A
WST01-ALL,Tulare Lake,0.8,Corn,Corn,WST,Corn,50.43552386,24.76768295,5584.12171,5584.12171,13811.394360871958,13811.394360871958,6975523.260117325,6975523.260117325,10,Infeasible,N/A
WST01-ALL,Tulare Lake,0.8,Other field and grain,Field and grain,WST,Cotton,2858.852174,0.790424805,42461.81882,42461.81882,147200.9719234873,147200.9719234873,95951297.76132745,95951297.76132745,10,Infeasible,N/A
WST01-ALL,Tulare Lake,0.8,Vegetables and non-tree fruits,Vegetables,WST,Cucurbits,365.85,17.8725,14600.29551,14600.29551,38155.43892793323,38155.43892793323,95466282.46268047,95466282.46268047,10,Infeasible,N/A
WST01-ALL,Tulare Lake,0.8,Other field and grain,Field and grain,WST,Field and Grain,223.9885826,2.362115685,64462.24252,64462.24252,86164.53085655408,86164.53085655408,34106130.912499726,34106130.912499726,10,Infeasible,N/A
WST01-ALL,Tulare Lake,0.8,Trees and Vine,Trees and vines,WST,Grapes Table,1745.214488,11.85729761,7632.892302,7632.892302,29157.64859364,29157.64859364,157951467.34752274,157951467.34752274,10,Infeasible,N/A
WST01-ALL,Tulare Lake,0.8,Trees and Vine,Trees and vines,WST,Grapes Wine,361.6777551,11.83919792,11449.33845,11449.33845,43736.47287899999,43736.47287899999,49025775.581195064,49025775.581195064,10,Infeasible,N/A
WST01-ALL,Tulare Lake,0.8,Vegetables and non-tree fruits,Vegetables,WST,Onions and Garlic,426.9855608,22.97465084,25021.91813,25021.91813,75482.78636717396,75482.78636717396,245461117.7674055,245461117.7674055,10,Infeasible,N/A
WST01-ALL,Tulare Lake,0.8,Trees and Vine,Trees and vines,WST,Orchards,1503.259449,11.50880315,6089.160116,6089.160116,24429.514710231673,24429.514710231673,105346836.43341783,105346836.43341783,10,Infeasible,N/A
WST01-ALL,Tulare Lake,0.8,Alfalfa and Pasture,Alfalfa and pasture,WST,Pasture,215.0,3.5,857.63245,857.63245,4611.203806452544,4611.203806452544,645368.4186249999,645368.4186249999,10,Infeasible,N/A
WST01-ALL,Tulare Lake,0.8,Vegetables and non-tree fruits,Vegetables,WST,Potatoes,316.2258,23.4875,251.766754,251.766754,463.86117089925045,463.86117089925045,1869960.675840787,1869960.675840787,10,Infeasible,N/A
WST01-ALL,Tulare Lake,0.8,Trees and Vine,Trees and vines,WST,Subtropical,654.5088042,14.79755688,4511.785092,4511.785092,18064.611588024578,18064.611588024578,43697230.82666107,43697230.82666107,10,Infeasible,N/A
WST01-ALL,Tulare Lake,0.8,Vegetables and non-tree fruits,Vegetables,WST,Tomatoes Fresh,330.145,19.3975,2523.812927,2523.812927,4433.498042604604,4433.498042604604,16162466.78387069,16162466.78387069,10,Infeasible,N/A
WST01-ALL,Tulare Lake,0.8,Vegetables and non-tree fruits,Vegetables,WST,Tomatoes Processing,75.98456236,53.94007231,60571.51024,60571.51024,159303.07193120001,159303.07193120001,248259166.46674445,248259166.46674445,10,Infeasible,N/A
WST01-ALL,Tulare Lake,0.8,Vegetables and non-tree fruits,Vegetables,WST,Truck,923.9057692,21.11899336,3803.470026,3803.470026,6313.76024316,6313.76024316,74213154.26683618,74213154.26683618,10,Infeasible,N/A
WST01-ALL,Tulare Lake,0.8,Trees and Vine,Trees and vines,WST,Almonds,5115.183836,1.143761761,100665.5661,100665.5661,468664.8294591581,468664.8294591581,588949096.069459,588949096.069459,10,Infeasible,N/A
WST01-ALL,Tulare Lake,0.8,Vegetables and non-tree fruits,Vegetables,WST,Berries,6318.852028,4.903289478,151.217813,151.217813,485.5435955805798,485.5435955805798,4685205.795124893,4685205.795124893,10,Infeasible,N/A
WST01-ALL,Tulare Lake,0.8,Vegetables and non-tree fruits,Vegetables,WST,Lettuce,479.2433265,17.02508876,8100.851828,8100.851828,20836.366001150534,20836.366001150534,66096147.58862169,66096147.58862169,10,Infeasible,N/A
WST01-ALL,Tulare Lake,0.8,Trees and Vine,Trees and vines,WST,Pistachios,4379.7619,1.466522812,75368.22974,75368.22974,310245.88498526125,310245.88498526125,484091702.567061,484091702.567061,10,Infeasible,N/A
WST01-ALL,Tulare Lake,0.8,Trees and Vine,Trees and vines,WST,Walnuts,2131.866347,1.870657994,512.7614458,512.7614458,2202.440466524113,2202.440466524113,2044888.966353809,2044888.966353809,10,Infeasible,N/A
WWS01,Tulare Lake,0.8,Other field and grain,Field and grain,WWS,Beans Dry,989.2558964,1.380612025,184.591374,2.0752094196041157e-17,417.7918097584695,5.1583175865466626e-08,252110.94583818407,2.8342765875327554e-14,4,Good,1039.767549286084
WWS01,Tulare Lake,0.8,Other field and grain,Field and grain,WWS,Cotton,2858.852174,0.790424805,70.740661,7.772271642806641e-18,258.3213137752469,5.158317582551716e-08,159853.2143952124,1.7563061861344488e-14,4,Good,1039.767549286084
WWS01,Tulare Lake,0.8,Other field and grain,Field and grain,WWS,Field and Grain,223.9885826,2.362115685,623.19135,2.940058610245878e-17,996.0675075422697,5.15831758659648e-08,329722.40703607217,1.555546625923803e-14,4,Good,1039.767549286084
WWS01,Tulare Lake,0.8,Trees and Vine,Trees and vines,WWS,Grapes Table,1745.214488,11.85729761,5473.17923,5527.911077571116,20971.398418107725,21128.159621316816,113259385.33260398,114391980.32968439,4,Good,1039.767549286084
WWS01,Tulare Lake,0.8,Trees and Vine,Trees and vines,WWS,Grapes Wine,361.6777551,11.83919792,8209.768845,4300.681131189818,31457.09762716159,16437.579430124926,35154021.057736926,18415407.047731407,4,Good,1039.767549286084
WWS01,Tulare Lake,0.8,Vegetables and non-tree fruits,Vegetables,WWS,Onions and Garlic,426.9855608,22.97465084,554.515739,560.0609019760292,1910.306720855,1924.5862636075783,5439712.991122273,5494110.17583157,4,Good,1039.767549286084
WWS01,Tulare Lake,0.8,Trees and Vine,Trees and vines,WWS,Orchards,1503.259449,11.50880315,552.5905846,558.1164960185924,2375.91215369951,2393.6720970759366,9560213.366296532,9655815.596369341,4,Good,1039.767549286084
WWS01,Tulare Lake,0.8,Vegetables and non-tree fruits,Vegetables,WWS,Potatoes,316.2258,23.4875,1346.223332,1359.6855789071224,3024.5150863420745,3047.1233366549573,9998876.546421837,10098865.412802415,4,Good,1039.767549286084
WWS01,Tulare Lake,0.8,Trees and Vine,Trees and vines,WWS,Subtropical,654.5088042,14.79755688,1632.743973,1550.1245486868693,6834.069354476168,6472.0339479402555,15813339.690209845,15013159.721226355,4,Good,1039.767549286084
WWS01,Tulare Lake,0.8,Vegetables and non-tree fruits,Vegetables,WWS,Tomatoes Processing,75.98456236,53.94007231,171.6998534,173.41685363287002,429.24963349999996,432.4582744866754,703731.2148673646,710768.5339790486,4,Good,1039.767549286084
WWS01,Tulare Lake,0.8,Vegetables and non-tree fruits,Vegetables,WWS,Truck,923.9057692,21.11899336,4719.178603,4766.370436684603,8061.930111885274,8122.193039520397,92080423.21435438,93001228.37633263,4,Good,1039.767549286084
WWS01,Tulare Lake,0.8,Trees and Vine,Trees and vines,WWS,Almonds,5115.183836,1.143761761,7267.156633,5755.675450605414,34319.03050334129,27113.131907553532,42516875.390625976,33673876.63161648,4,Good,1039.767549286084
WWS01,Tulare Lake,0.8,Vegetables and non-tree fruits,Vegetables,WWS,Berries,6318.852028,4.903289478,525.076722,530.3274945200114,1685.9630125423419,1698.5655861149326,16268536.43756627,16431221.966153039,4,Good,1039.767549286084
WWS01,Tulare Lake,0.8,Vegetables and non-tree fruits,Vegetables,WWS,Lettuce,479.2433265,17.02508876,1441.356093,1455.769668465946,3707.3413672289144,3735.0537439574327,11760255.22666641,11877857.897534186,4,Good,1039.767549286084
WWS01,Tulare Lake,0.8,Trees and Vine,Trees and vines,WWS,Pistachios,4379.7619,1.466522812,1726.959204,1541.7610709591136,7231.285667925769,6439.667081940889,11092294.7800713,9902763.331007391,4,Good,1039.767549286084
WYC01-FULL,Sacramento River,0.8,Alfalfa and Pasture,Alfalfa and pasture,WYC,Alfalfa,187.2098036,5.87624882,76.295716,2.7801828554888857e-18,265.50909168,7.4157605381330426e-09,83932.26007451185,3.05845521498995e-15,3,Good,496.99323046459324
WYC01-FULL,Sacramento River,0.8,Other field and grain,Field and grain,WYC,Field and Grain,173.2298426,2.485487486,1479.145114,1493.9365798474385,1315.206531024715,1325.0376979677344,636861.6166221863,643230.2391208517,3,Good,496.99323046459324
WYC01-FULL,Sacramento River,0.8,Trees and Vine,Trees and vines,WYC,Orchards,2061.666385,2.066393172,1247.809144,1260.287248037324,3634.241932012479,3661.4078904564576,5315933.1621732,5369092.54746222,3,Good,496.99323046459324
WYC01-FULL,Sacramento River,0.8,Alfalfa and Pasture,Alfalfa and pasture,WYC,Pasture,215.0,3.5,1753.738535,2.4488426810804763e-18,6922.8828669125,7.415760532262165e-09,1319688.2475875,1.8427541175130583e-15,3,Good,496.99323046459324
WYC01-FULL,Sacramento River,0.8,Corn,Field and grain,WYC,Rice,370.9204663,4.450435008,1458.538538,1140.9745932159494,6563.423421,5121.5496541009015,2407693.3262187666,1883472.285372835,3,Good,496.99323046459324
WYC01-FULL,Sacramento River,0.8,Trees and Vine,Trees and vines,WYC,Subtropical,942.1801854,4.535541375,1707.241767,1724.3142018719077,3744.0862842979673,3772.0733292011964,7295551.4858402265,7368507.074207493,3,Good,496.99323046459324
WYC01-FULL,Sacramento River,0.8,Vegetables and non-tree fruits,Vegetables,WYC,Truck,742.4217034,17.44810947,71.448945,72.16343516983042,201.9623512238163,203.4720198124334,925539.2844237568,934794.6865925734,3,Good,496.99323046459324
WYC01-FULL,Sacramento River,0.8,Trees and Vine,Trees and vines,WYC,Almonds,5165.974452,0.856578131,1034.900582,1045.2495982636365,3433.249754388083,3458.9132962911217,4579497.936130249,4625292.961705277,3,Good,496.99323046459324
WYC01-FULL,Sacramento River,0.8,Trees and Vine,Trees and vines,WYC,Walnuts,1949.323208,2.037882063,4743.942485,4791.381957739579,16011.548370801213,16131.234694809644,18845267.880109053,19033720.74915106,3,Good,496.99323046459324
YLO01-SE-IDs,Sacramento River,0.8,Alfalfa and Pasture,Alfalfa and pasture,YLO,Alfalfa,187.2098036,5.87624882,3349.419348,2759.289728838949,13073.900187243526,10743.501397659458,3684667.377850388,3035470.866304472,2,Good,190.42515243126203
YLO01-SE-IDs,Sacramento River,0.8,Corn,Corn,YLO,Corn,166.7194068,5.454093572,435.499507,439.8545064552196,908.7423047518331,915.5351534999447,396001.11489163485,399961.1300280457,2,Good,190.42515243126203
YLO01-SE-IDs,Sacramento River,0.8,Vegetables and non-tree fruits,Vegetables,YLO,Cucurbits,161.7514,13.41,1022.613098,1032.839239292504,2433.81917324,2452.0119715700794,2218136.0344844167,2240317.417197972,2,Good,190.42515243126203
YLO01-SE-IDs,Sacramento River,0.8,Other field and grain,Field and grain,YLO,Field and Grain,173.2298426,2.485487486,7213.408274,7285.542429565211,6756.559085717803,6807.064360118363,3105809.437663798,3136867.5633961027,2,Good,190.42515243126203
YLO01-SE-IDs,Sacramento River,0.8,Trees and Vine,Trees and vines,YLO,Grapes Wine,730.6198687,7.837965954,9563.735814,9659.37326872742,23526.790102439998,23702.652858488076,54767437.56718023,55315112.495967016,2,Good,190.42515243126203
YLO01-SE-IDs,Sacramento River,0.8,Trees and Vine,Trees and vines,YLO,Orchards,2061.666385,2.066393172,150.236562,151.73892913354402,568.3949928499211,572.6437454547938,640039.8057242399,646440.2102295028,2,Good,190.42515243126203
YLO01-SE-IDs,Sacramento River,0.8,Alfalfa and Pasture,Alfalfa and pasture,YLO,Pasture,215.0,3.5,10057.53895,5124.255989282469,40431.306579,20548.01009879096,7568298.059875,3856002.631935058,2,Good,190.42515243126203
YLO01-SE-IDs,Sacramento River,0.8,Corn,Field and grain,YLO,Rice,370.9204663,4.450435008,1967.324499,1986.9977638516023,8852.9602455,8919.136123345344,3247575.530807797,3280051.3189025624,2,Good,190.42515243126203
YLO01-SE-IDs,Sacramento River,0.8,Other field and grain,Field and grain,YLO,Safflower,429.9064999,1.059039203,3416.014316,3450.174493625362,3632.3618882079954,3659.513793331588,1555269.7691562653,1570822.4825394885,2,Good,190.42515243126203
YLO01-SE-IDs,Sacramento River,0.8,Trees and Vine,Trees and vines,YLO,Subtropical,942.1801854,4.535541375,63.059167,63.689759293526635,208.72584277,210.28606844838993,269470.5626322092,272165.27092304593,2,Good,190.42515243126203
YLO01-SE-IDs,Sacramento River,0.8,Other field and grain,Field and grain,YLO,Sunflowers,3239.762235,0.609912532,131.487665,132.80254297027008,290.14944747716254,292.3183146278142,259815.89018969215,262414.05170040525,2,Good,190.42515243126203
YLO01-SE-IDs,Sacramento River,0.8,Vegetables and non-tree fruits,Vegetables,YLO,Tomatoes Processing,77.35725946,46.64298896,2436.673212,2461.0399687277577,6928.274165307776,6980.06301473379,8791940.440187147,8879859.933378084,2,Good,190.42515243126203
YLO01-SE-IDs,Sacramento River,0.8,Vegetables and non-tree fruits,Vegetables,YLO,Truck,742.4217034,17.44810947,158.273328,159.85606287703501,400.43151983999996,403.42474549478663,2050249.765626162,2070752.2839701842,2,Good,190.42515243126203
YLO01-SE-IDs,Sacramento River,0.8,Trees and Vine,Trees and vines,YLO,Almonds,5165.974452,0.856578131,188.652902,190.5394329208006,686.0729605478766,691.201355959139,834800.5502947742,843148.5642088801,2,Good,190.42515243126203
YLO01-SE-IDs,Sacramento River,0.8,Trees and Vine,Trees and vines,YLO,Walnuts,1949.323208,2.037882063,83.41236,84.24648443584424,296.07371645008254,298.28686750493677,331354.8327540682,334668.38440199237,2,Good,190.42515243126203
YLO02-NE-IDs,Sacramento River,0.8,Alfalfa and Pasture,Alfalfa and pasture,YLO,Alfalfa,187.2098036,5.87624882,694.889143,694.889143,2267.6549030917035,2267.6549030917035,764441.5614794238,764441.5614794238,10,Infeasible,N/A
YLO02-NE-IDs,Sacramento River,0.8,Corn,Corn,YLO,Corn,166.7194068,5.454093572,155.745859,155.745859,396.632787638582,396.632787638582,141620.2149770869,141620.2149770869,10,Infeasible,N/A
YLO02-NE-IDs,Sacramento River,0.8,Vegetables and non-tree fruits,Vegetables,YLO,Cucurbits,161.7514,13.41,1071.608793,1071.608793,2303.95890495,2303.95890495,2324411.923994007,2324411.923994007,10,Infeasible,N/A
YLO02-NE-IDs,Sacramento River,0.8,Other field and grain,Field and grain,YLO,Field and Grain,173.2298426,2.485487486,1152.642527,1152.642527,1106.53682592,1106.53682592,496282.46490810637,496282.46490810637,10,Infeasible,N/A
YLO02-NE-IDs,Sacramento River,0.8,Alfalfa and Pasture,Alfalfa and pasture,YLO,Pasture,215.0,3.5,369.822391,369.822391,1463.2639271799408,1463.2639271799408,278291.3492275,278291.3492275,10,Infeasible,N/A
YLO02-NE-IDs,Sacramento River,0.8,Corn,Field and grain,YLO,Rice,370.9204663,4.450435008,14782.80007,14782.80007,66522.600315,66522.600315,24402817.028181475,24402817.028181475,10,Infeasible,N/A
YLO02-NE-IDs,Sacramento River,0.8,Other field and grain,Field and grain,YLO,Safflower,429.9064999,1.059039203,881.86104,881.86104,1784.2988373060464,1784.2988373060464,401500.60545258684,401500.60545258684,10,Infeasible,N/A
YLO02-NE-IDs,Sacramento River,0.8,Other field and grain,Field and grain,YLO,Sunflowers,3239.762235,0.609912532,2376.610057,2376.610057,5303.801444663869,5303.801444663869,4696113.9479755005,4696113.9479755005,10,Infeasible,N/A
YLO02-NE-IDs,Sacramento River,0.8,Vegetables and non-tree fruits,Vegetables,YLO,Tomatoes Processing,77.35725946,46.64298896,3635.3302,3635.3302,7694.7822578784435,7694.7822578784435,13116903.178239407,13116903.178239407,10,Infeasible,N/A
YLO02-NE-IDs,Sacramento River,0.8,Trees and Vine,Trees and vines,YLO,Walnuts,1949.323208,2.037882063,724.001763,724.001763,2380.1211704781845,2380.1211704781845,2876090.3431160017,2876090.3431160017,10,Infeasible,N/A
YLO03-CC-WAs,Sacramento River,0.8,Alfalfa and Pasture,Alfalfa and pasture,YLO,Alfalfa,187.2098036,5.87624882,19704.07943,4.536418541007503e-18,69161.3187993,8.397831855090048e-09,21676288.07949845,4.990474967043751e-15,6,Good,469.10778663256934
YLO03-CC-WAs,Sacramento River,0.8,Other field and grain,Field and grain,YLO,Beans Dry,1054.225767,1.083582552,1803.026316,8.399632272589176e-14,3615.06776358,8.39961764121094e-09,2059670.2483594671,9.595241364747747e-11,6,Good,469.10778663256934
YLO03-CC-WAs,Sacramento River,0.8,Corn,Corn,YLO,Corn,166.7194068,5.454093572,5673.731706,8.398645609288298e-14,13077.95158233,8.398665092816542e-09,5159142.651272892,7.636915705757389e-11,6,Good,469.10778663256934
YLO03-CC-WAs,Sacramento River,0.8,Vegetables and non-tree fruits,Vegetables,YLO,Cucurbits,161.7514,13.41,3394.808131,3428.7562458076163,7366.733644269999,7421.799976502979,7363631.719815693,7437268.10967307,6,Good,469.10778663256934
YLO03-CC-WAs,Sacramento River,0.8,Other field and grain,Field and grain,YLO,Field and Grain,173.2298426,2.485487486,32313.06143,32636.192371733843,30751.263471654354,30981.12914945617,13912731.310500624,14051858.764585743,6,Good,469.10778663256934
YLO03-CC-WAs,Sacramento River,0.8,Trees and Vine,Trees and vines,YLO,Grapes Wine,730.6198687,7.837965954,11642.14669,11758.568274669133,22585.7645786,22754.59316895108,66669610.536413446,67336307.3161912,6,Good,469.10778663256934
YLO03-CC-WAs,Sacramento River,0.8,Vegetables and non-tree fruits,Vegetables,YLO,Onions and Garlic,341.1902836,26.35761844,256.517987,259.08316946117566,734.0689728838394,739.5561384765623,2306856.845590782,2329925.4373490373,6,Good,469.10778663256934
YLO03-CC-WAs,Sacramento River,0.8,Trees and Vine,Trees and vines,YLO,Orchards,2061.666385,2.066393172,3208.71769,3240.804899303067,10468.879415085074,10547.134288716015,13669821.910138836,13806520.267284203,6,Good,469.10778663256934
YLO03-CC-WAs,Sacramento River,0.8,Alfalfa and Pasture,Alfalfa and pasture,YLO,Pasture,215.0,3.5,7594.949905,4.0470603094344064e-18,29822.83662949832,8.398741340751337e-09,5715199.803512501,3.045412882849391e-15,6,Good,469.10778663256934
YLO03-CC-WAs,Sacramento River,0.8,Corn,Field and grain,YLO,Rice,370.9204663,4.450435008,16624.05958,15157.177770810618,74808.26811,68036.78103813644,27442289.8419357,25020823.798823863,6,Good,469.10778663256934
YLO03-CC-WAs,Sacramento River,0.8,Other field and grain,Field and grain,YLO,Safflower,429.9064999,1.059039203,5052.011037,1.040809033209859e-17,7855.877162535,8.397831882472372e-09,2300119.177629903,4.738676934795531e-15,6,Good,469.10778663256934
YLO03-CC-WAs,Sacramento River,0.8,Trees and Vine,Trees and vines,YLO,Subtropical,942.1801854,4.535541375,4497.98507,4542.964966089036,11544.192251780032,11630.485088756355,19221227.066386346,19413439.531011052,6,Good,469.10778663256934
YLO03-CC-WAs,Sacramento River,0.8,Other field and grain,Field and grain,YLO,Sunflowers,3239.762235,0.609912532,19443.74284,19638.18046516265,41220.7348208,41528.85981365018,38420283.41285133,38804486.63577726,6,Good,469.10778663256934
YLO03-CC-WAs,Sacramento River,0.8,Vegetables and non-tree fruits,Vegetables,YLO,Tomatoes Processing,77.35725946,46.64298896,27976.56978,28256.33576076677,71666.64626242552,72202.35444361315,100944326.06521371,101953770.34685913,6,Good,469.10778663256934
YLO03-CC-WAs,Sacramento River,0.8,Vegetables and non-tree fruits,Vegetables,YLO,Truck,742.4217034,17.44810947,3030.838443,3061.146858062007,7753.8950156647215,7811.855380879202,39261042.18527276,39653653.00392807,6,Good,469.10778663256934
YLO03-CC-WAs,Sacramento River,0.8,Trees and Vine,Trees and vines,YLO,Almonds,5165.974452,0.856578131,41535.67786,41951.035059000555,147661.52438709408,148765.29428274895,183797897.44445315,185635878.27919567,6,Good,469.10778663256934
YLO03-CC-WAs,Sacramento River,0.8,Trees and Vine,Trees and vines,YLO,Pistachios,3834.493456,1.253131426,5119.114168,5170.305361442399,20732.213886748134,20887.18718577272,24597979.63999849,24843959.685123235,6,Good,469.10778663256934
YLO03-CC-WAs,Sacramento River,0.8,Trees and Vine,Trees and vines,YLO,Walnuts,1949.323208,2.037882063,18365.02358,18548.674001911222,64368.04215330176,64849.193270319556,72954887.22385289,73684436.83541654,6,Good,469.10778663256934
