g,i,hr,xland,p,y,xwater,omegaland,omegasupply,omegalabor,theta,sigma,omegaland_init,omegasupply_init,omegalabor_init,omegawater_unit,omegawater,mprof_init,f_adjustment,mprof,lambdaland,lambdacrop,rho,betaland,betawater,betasupply,betalabor,tau,gamma,delta,xlandcalib,xwatercalib,diffland,diffwater,percdiffland,percdiffwater,status,xratio_labor,xratio_supply,,pc,pimarginal
201,Almonds & Pistachios,Sacramento River,438.2654762,4587,0.7,3.61367267,0.287448101,0.311217018,0.03090217,0.4,0.17,2039.310074,2110.873995,639.9084906,50,180.6836335,3029.535573,16.86107941606532,3029.535573,504.4960409,2525.039532,-4.882352941,0.030680373887585363,0.9693156430509374,0.029485513882811506,0.093571993,0.34700947,0.005704305,36339.47647399432,438.2653704637571,1583.7408634235483,0.000105736,0.007110125,2.412607167507023e-07,4.4894295342734395e-06,GOOD,3.0498974152879694,0.9610545813701002,,4587,2557.338924
201,Grain,Sacramento River,866.6494883,210,3.2,0.78906264,0.351483763,0.6729928083090427,0.036299510576689786,0.74,0.17,345.3012994,477.8051109,110.9675411,50,39.453132000000004,631.5960699,15.840043234697086,631.5960699,504.4960409,127.1000289,-4.882352941,0.9798304025709358,0.019240364572250545,0.7081060953572824,3.048970059700104,3.2270357709681083,0.001559282,21160.979382404257,866.6586672559476,683.8450825621998,-0.009178956,-0.00434937,1.0591312948933412e-05,6.360208366553862e-06,GOOD,3.1117324505343373,0.7226823065494933,,210,639.8082314
201,Safflower,Sacramento River,143.5234964,529,1,2.357007476,0.396694215,0.4537037030434028,0.032158708,0.74,0.17,212.2655769,227.006242,60.43672676,10,23.57007476,504.4960409429999,20.560331603459872,504.4960409429999,504.4960409,0,-4.882352941,0.2456270364875981,0.7541116240264397,0.2296772291264866,0.8626900827126852,0.7572961302046994,0.009415541,10.907523508392009,143.51443764623045,338.25763892143846,0.009058754,0.028315075020657332,6.311686934036559e-05,8.370159826663601e-05,GOOD,3.5121951355556216,0.9350649358914657,,529,472.562601
502,Almonds & Pistachios,Sacramento River,32.60965224,4900,0.7,3.61367267,0.287448101,0.311217018,0.03090217,0.4,0.17,2039.310074,2110.873995,639.9084906,50,180.6836335,3248.6355734090002,18.01161743,3248.6355734090002,3248.635573,0,-4.882352941,0.032826179,0.9671698466508318,0.03154775,0.10011647880638153,0.3515732453326973,0.076664418,0.3077722062787585,32.60965118150544,117.83586519734712,1.0584945613345553e-06,0.004743881,3.245954766841007e-08,4.0256755139833946e-05,GOOD,3.0498974152879694,0.9610545813701002,,4900,2776.438924
502,Vineyard,Sacramento River,16.85103927,1849.908129,10.02560391,2.661751325,0.302297005,0.1329510358537938,0.3058799853780738,0.13,0.17,2773.231975,2743.166444,4105.247296,50,133.0875663,18412.55174858718,131.9194759383738,18412.55174858718,3248.635573,15163.91618,-4.882352941,0.5374343884275526,0.46255088449252635,0.8103945494894814,0.5342774490292846,8.841359415424625,0.4564886218028315,15.158746553552406,16.851040820303247,44.85157390240912,-1.55E-06,0.001702202,9.200045296545382e-08,3.795045285982672e-05,GOOD,0.9941259073363267,1.5078948555200695,,1849.908129,18191.45904
503,Alfalfa,Sacramento River,2691.711112,265.8784159,6.37071947,3.537610105,0.306290873,0.13122437452970753,0.081460253,1.86,0.17,739.7198673,484.1807412,381.4811931,50,176.8805053,1516.2915658388877,9.086010704023955,1516.2915658388877,525.4315784,990.8599874,-4.882352941,0.017638603482718524,0.9823572277384688,0.026947841,0.034202539092747244,2.8501131517224754,0.000199737,2898653.1593453856,2691.7090056200245,9522.211522298512,0.00210638,0.012907253474622848,7.825431065167638e-07,1.3554872152105037e-06,GOOD,1.939072961544676,1.5277763122781245,,265.8784159,1067.583563
503,Almonds & Pistachios,Sacramento River,35086.97603,4756.53042,0.765099558,3.61367267,0.287448101,0.311217018,0.03090217,0.4,0.17,2039.310074,2110.873995,639.9084906,50,180.6836335,3457.8548953645545,19.110270017743307,3457.8548953645545,525.4315784,2932.423317,-4.882352941,0.034866366940489224,0.9651296671988281,0.033508481683888175,0.10633884241227999,0.38878959908811117,7.125150933105362e-05,3378616.977722625,35086.973979039714,126792.7701,0.00205096,0.076297327,5.8453606315763376e-08,6.017478847200708e-07,GOOD,3.0498974152879694,0.9610545813701002,,4756.53042,2985.658246
503,Citrus & Subtropical,Sacramento River,4823.898921,1103.5,3.7,2.972946835,0.183365181,0.094855843,0.7506750003126099,0.13,0.17,2549.235389,1743.692937,5418.931559,50,148.6473418,3933.616401,26.039175543474485,3933.616401,525.4315784,3408.184822,-4.882352941,0.1146785655202143,0.8853067741027186,0.15944416948453446,0.056678025,2.3926314625960314,0.001594625,975.3517569651232,4823.898860059392,14341.187194340222,6.094060790928779e-05,0.007835207,1.2633060706142394e-08,5.463426602072976e-07,GOOD,0.49423381869050864,1.3903572019867076,,1103.5,3640.00046
503,Corn,Sacramento River,2768.171547,228.3141834,5.782854585,2.826875063,0.234536008,1.320694044672553,0.033525185,0.3,0.17,423.9938724,1022.014707,159.5840787,50,141.3437532,1178.084208188221,8.841266044442081,1178.084208188221,525.4315784,652.6526298,-4.882352941,0.049595694,0.9503771480525711,0.020900064623705937,0.1311786461867185,3.1993713906758163,0.001204164,19342.121791484253,2768.1711539366843,7825.269515,0.000393063,0.005601192,1.4199384285539158e-07,7.157821559162491e-07,GOOD,2.644960375498291,0.4214088525991567,,228.3141834,919.157836
503,Cucurbits,Sacramento River,139.9933662,203,12,1.97136542,0.087908733,0.5954029958862788,4.8590594140887005,0.05,0.17,920.9338517,2396.72349,6846.813993,50,98.568271,2336.461468,23.307557018376357,2336.461468,525.4315784,1811.02989,-4.882352941,0.46296137435757323,0.5368637974015752,0.17789152624166923,0.062270831,10.336798954200367,0.14286391236158444,2.6129705884943427e-05,139.99336550855784,275.9779656129487,6.914421533110726e-07,0.000115543,4.9391065596869166e-09,4.186677709216013e-07,GOOD,0.13450545739469513,0.38424701518246485,,203,2236.143548
503,Dry Beans,Sacramento River,44.18771134,1188,1.3,2.293810917,0.272510229,0.8579188204514863,0.0413722,1.68,0.17,521.9411016,903.6303871,214.6292221,50,114.6905459,1428.847243,12.728879713666407,1428.847243,525.4315784,903.4156647,-4.882352941,0.17786006362427528,0.8220665455902234,0.10024131380765865,0.4564734694490456,0.9273540274850028,0.013470670401054883,36993.10364543495,44.187692643587845,101.35819086816487,1.8696412155350117e-05,6.380077182654986e-05,4.231133857893559e-07,6.294580745785367e-07,GOOD,2.5664753522934403,0.5635965250716192,,1188,1280.149773
503,Grain,Sacramento River,9684.81857,208.4046716,2.715080733,0.78906264,0.351483763,0.6729928083090427,0.036299510576689786,0.74,0.17,345.3012994,477.8051109,110.9675411,50,39.453132000000004,525.4315784053523,13.337587676809393,525.4315784053523,525.4315784,0,-4.882352941,0.9758561476112637,0.023031521762972434,0.7052339716162108,3.0366032415753956,2.742452617325235,0.000139533,652.1448084936385,9684.830625,7641.933813047846,-0.012055261,-0.005304283,1.244758583080677e-06,6.941026227997611e-07,GOOD,3.1117324505343373,0.7226823065494933,,208.4046716,533.64374
503,Other Deciduous,Sacramento River,22202.87498,1720.599252,2.019983645,3.327741402,0.215021845,0.54254216,0.5586272122329681,0.13,0.17,2284.866179,4950.948854,6009.195442,50,166.3870701,3308.292124673233,19.78644267909044,3308.292124673233,525.4315784,2782.860546,-4.882352941,0.05314616,0.9468427864408419,0.033457727,0.03297252,1.1186188638341508,0.000346455,3665.6481852701068,22202.874580580105,73885.38493301655,0.00039942,0.041381359376828186,1.798955749398474e-08,5.600747189405685e-07,GOOD,0.6204120841421951,0.6295417628777134,,1720.599252,2920.573015
503,Pasture,Sacramento River,14849.15114,289.6489674,5,3.965593094,0.350906068,0.10289172336777223,0.068524209,0.51,0.17,328.209843,177.7241242,145.0367898,10,39.65593094,1407.89292,34.181295162515084,1407.89292,525.4315784,882.4613412,-4.882352941,0.040841709,0.9591482830734535,0.075423924,0.092422419,2.6120937458935507,0.000132047,940984.2311,14849.147004919509,58885.518606793914,0.00413508,0.17260575231193798,2.784725168689748e-07,2.9312002416499186e-06,GOOD,2.262942000342034,1.8467377139832826,,289.6489674,1290.463229
503,Rice,Sacramento River,360.07939,539.1514204,4.682071497,4.534377778,0.381523094,0.7787889472798347,0.016559817107172286,0.2,0.17,851.2633133,1216.2235,177.3500304,50,226.71888889999997,2296.6205078539047,10.557201332058733,2296.6205078539047,525.4315784,1771.188929,-4.882352941,0.006274631,0.9937236629948567,0.004391761,0.030117632487468418,1.6894162126378398,0.013885826678388896,859.6353743169808,360.0793668939109,1632.7349891601827,2.3106089088287263e-05,0.000995172,6.416942965907397e-08,6.095116552709814e-07,GOOD,4.7999050645054355,0.699923421,,539.1514204,1495.139534
503,Safflower,Sacramento River,221.8213511,564,1,2.357007476,0.396694215,0.4537037030434028,0.032158708,0.74,0.17,212.2655769,227.006242,60.43672676,10,23.57007476,539.4960409429999,21.92065600066421,539.4960409429999,525.4315784,14.06446254,-4.882352941,0.2582568985367485,0.7414861373748914,0.24148697027379348,0.9070486227644498,0.7646499335776759,0.006092071,614.5449648,221.81865468074162,522.8269906349176,0.002696419,0.007592244,1.2155814780674182e-05,1.4521312192910584e-05,GOOD,3.5121951355556216,0.9350649358914657,,564,507.562601
503,Sunflowers,Sacramento River,442.0364657,3732,0.6,2.873453662,0.386904762,0.3895547862245365,0.081201103,0.74,0.17,734.0697039,736.5793439,336.2917618,50,143.6726831,2094.5749359479996,14.745517608238785,2094.5749359479996,525.4315784,1569.143358,-4.882352941,0.077725108,0.9222539119221195,0.077460287,0.1696611510016611,0.3604454410755456,0.003057104,132915.33076783724,442.0363998297093,1270.170445967449,6.587029071170036e-05,0.000855136,1.4901551302422416e-07,6.732444298746011e-07,GOOD,2.182835824495322,0.9965928458037955,,3732,1825.505542
503,Tomato Processing,Sacramento River,70.63873048,95,43.2,2.666779844,0.124471553,2.283636824869254,0.28639447182202826,0.74,0.17,657.2463564,2815.18314,996.9547547,50,133.3389922,3969.8145805929994,29.12813811,3969.8145805929994,525.4315784,3444.383002,-4.882352941,0.19854778823932662,0.8014161047332287,0.046353933,0.1308934131011871,31.233969947417997,0.019130459199489157,46614.09979716647,70.63872616361463,188.37786466996283,4.31638537179424e-06,7.797984963531235e-05,6.110508134084235e-08,4.1395424824377643e-07,GOOD,0.6592539471827814,0.23346486717761028,,95,3745.71976
503,Truck Crops,Sacramento River,147.2391075,3471.674408,11.93645592,2.662234731,0.139554281,1.1244727167916924,1.262909809962677,0.316550158,0.17,7441.94487,27484.23099,27982.75263,50,133.1117366,41305.42129646909,294.3760057653536,41305.42129646909,525.4315784,40779.98972,-4.882352941,0.7224964134077712,0.27748931435723645,0.2545263889195432,0.24017130005265122,11.17506803013801,0.021455285062448037,80714.81870398133,147.23910717554642,391.9848948517315,3.244535662361159e-07,0.000170896,2.2035828099278304e-09,4.359763316990563e-07,GOOD,0.332418674,0.35228740820875265,,3471.674408,41082.58691
503,Vineyard,Sacramento River,5.138410038,1821.203208,10.07917802,2.661751325,0.302297005,0.1329510358537938,0.3058799853780738,0.13,0.17,2773.231975,2743.166444,4105.247296,50,133.0875663,18222.336921371087,130.5664921866423,18222.336921371087,525.4315784,17696.90534,-4.882352941,0.5348518905784255,0.4651333001205562,0.806500414,0.531710121,8.879977023268369,1.4970209919840758,5.394486024515116,5.138410027,13.67719581039221,1.0575050168881717e-08,-2.61E-05,2.0580393722330877e-09,1.907072364389373e-06,GOOD,0.9941259073363267,1.5078948555200695,,1821.203208,18001.24421
504,Alfalfa,Sacramento River,70.98981104,280.6850253,5.836221097,3.537610105,0.306290873,0.13122437452970753,0.081460253,1.86,0.17,739.7198673,484.1807412,381.4811931,50,176.8805053,1460.594631279839,8.787243465,1460.594631279839,534.9188056,925.6758257,-4.882352941,0.017001840574898584,0.9829939879441021,0.025975009295459147,0.032967809355279036,2.593515814993639,0.007573402,71420.01000580021,70.98974836699803,251.13393422904224,6.267300197748682e-05,0.000338658,8.828450316929709e-07,1.3485140775777396e-06,GOOD,1.939072961544676,1.5277763122781245,,280.6850253,1011.886628
504,Almonds & Pistachios,Sacramento River,21373.05871,4749.201759,0.821237312,3.61367267,0.287448101,0.311217018,0.03090217,0.4,0.17,2039.310074,2110.873995,639.9084906,50,180.6836335,3718.857260115832,20.48084574,3718.857260115832,534.9188056,3183.938454,-4.882352941,0.037399479,0.9625965657641329,0.03594294,0.11406457367666152,0.4230510423671333,0.00011697,2234571.915458713,21373.057496228823,77235.18930629363,0.001213771,0.048828339,5.67897742091494e-08,6.322028651647225e-07,GOOD,3.0498974152879694,0.9610545813701002,,4749.201759,3246.660611
504,Citrus & Subtropical,Sacramento River,199.9356254,976,3.55,2.972946835,0.183365181,0.094855843,0.7506750003126099,0.13,0.17,2549.235389,1743.692937,5418.931559,50,148.6473418,3315.4664005919994,22.09689940435969,3315.4664005919994,534.9188056,2780.547595,-4.882352941,0.09843197,0.9015531009719329,0.13685559786327403,0.048648408,2.228010486970545,0.038473922,32.98114479523897,199.93562214268016,594.3976690925344,3.2573198325280828e-06,0.000315644,1.6291843067043932e-08,5.310316476763419e-07,GOOD,0.49423381869050864,1.3903572019867076,,976,3021.85046
504,Corn,Sacramento River,677.5969739,222.8912667,5.685966667,2.826875063,0.234536008,1.320694044672553,0.033525185,0.3,0.17,423.9938724,1022.014707,159.5840787,50,141.3437532,1125.128798714607,8.486657148544174,1125.128798714607,534.9188056,590.2099931,-4.882352941,0.047472601401622946,0.9525001802717503,0.020005374486555046,0.12556314962911733,3.1209294020643794,0.004919345,4281.772045114503,677.5968620217933,1915.4805258265494,0.000111878,0.001462456,1.6511025133861731e-07,7.634922340201671e-07,GOOD,2.644960375498291,0.4214088525991567,,222.8912667,866.2024265
504,Cucurbits,Sacramento River,36.94838987,203,12,1.97136542,0.087908733,0.5954029958862788,4.8590594140887005,0.05,0.17,920.9338517,2396.72349,6846.813993,50,98.568271,2336.461468,23.307557018376357,2336.461468,534.9188056,1801.542663,-4.882352941,0.46296137435757295,0.5368637974015756,0.17789152624166912,0.062270831414042035,10.336798954200365,0.5412955766237291,6.860276601557027e-06,36.94838967899731,72.83877105515215,1.91002690996811e-07,7.059244140350529e-06,5.169445587990138e-09,9.691601538487776e-08,GOOD,0.13450545739469513,0.38424701518246485,,203,2236.143548
504,Dry Beans,Sacramento River,85.45005407,1523,1.7,2.293810917,0.272510229,0.8579188204514863,0.0413722,1.68,0.17,521.9411016,903.6303871,214.6292221,50,114.6905459,2473.5472431239996,21.33925308641135,2473.5472431239996,534.9188056,1938.628438,-4.882352941,0.2724537253240344,0.7274813280771879,0.1535539728354432,0.6992457706846613,1.3147327281083463,0.006965918,153485.94990273056,85.45003639997032,196.00614887561483,1.7670029677674393e-05,0.000118008,2.067878115466053e-07,6.020643794465885e-07,GOOD,2.5664753522934403,0.5635965250716192,,1523,2324.849773
504,Grain,Sacramento River,1216.831099,216,2.663531184,0.78906264,0.351483763,0.6729928083090427,0.036299510576689786,0.74,0.17,345.3012994,477.8051109,110.9675411,50,39.453132000000004,534.9188056,13.561215785846976,534.9188056,534.9188056,0,-4.882352941,0.9762739245091105,0.022632992,0.7055358915883699,3.0379032515055093,2.6899275006667773,0.00111055,81.93752709881262,1216.8418260493197,960.1638936710374,-0.010727049,-0.00793426,8.815561443595241e-06,8.263511691209171e-06,GOOD,3.1117324505343373,0.7226823065494933,,216,543.1309672
504,Other Deciduous,Sacramento River,50328.39675,1633.262839,1.968454581,3.327741402,0.215021845,0.54254216,0.5586272122329681,0.13,0.17,2284.866179,4950.948854,6009.195442,50,166.3870701,3047.7134934406154,18.302972102627567,3047.7134934406154,534.9188056,2512.794688,-4.882352941,0.049166158,0.950822742,0.030952149916096426,0.030503279,1.0737432979919905,0.000152842,7502.807966434918,50328.39569324455,167479.7890815917,0.001056755,0.10047966553247534,2.0997200732387736e-08,5.999506316591164e-07,GOOD,0.6204120841421951,0.6295417628777134,,1633.262839,2659.994384
504,Pasture,Sacramento River,7517.628742,269.126027,5,3.965593094,0.350906068,0.10289172336777223,0.068524209,0.51,0.17,328.209843,177.7241242,145.0367898,10,39.65593094,1305.2782176550002,31.759395682906916,1305.2782176550002,534.9188056,770.359412,-4.882352941,0.037978716,0.962011246,0.070136727,0.085943631,2.574641743,0.000260825,415895.6864,7517.6262103093695,29811.762408746396,0.002531691,0.094213785,3.367671798162268e-07,3.1602790092963574e-06,GOOD,2.262942000342034,1.8467377139832826,,269.126027,1187.848527
504,Safflower,Sacramento River,151.5246813,564,1,2.357007476,0.396694215,0.4537037030434028,0.032158708,0.74,0.17,212.2655769,227.006242,60.43672676,10,23.57007476,539.4960409429999,21.92065600066421,539.4960409429999,534.9188056,4.577235322,-4.882352941,0.25825689853674866,0.7414861373748916,0.24148697027379365,0.9070486227644503,0.764649934,0.008918358,144.38773128268824,151.51906882247334,357.1307301784969,0.005612478,0.014076444120519227,3.704002198521006e-05,3.941382839536379e-05,GOOD,3.5121951355556216,0.9350649358914657,,564,507.562601
504,Sunflowers,Sacramento River,101.3126958,3712,0.6,2.873453662,0.386904762,0.3895547862245365,0.081201103,0.74,0.17,734.0697039,736.5793439,336.2917618,50,143.6726831,2082.5749359479996,14.666495541742329,2082.5749359479996,534.9188056,1547.65613,-4.882352941,0.077314318,0.9226646929407505,0.077050896,0.16876446308050513,0.36008179762996023,0.013338421,30046.520478713606,101.31267970583802,291.1171555,1.609416197823066e-05,0.00018123,1.5885631954757104e-07,6.22532357774618e-07,GOOD,2.182835824495322,0.9965928458037955,,3712,1813.505542
504,Truck Crops,Sacramento River,161.4988504,2564.221676,14.84010335,2.662234731,0.139554281,1.1244727167916924,1.262909809962677,0.341527771,0.17,7441.94487,27484.23099,27982.75263,50,133.1117366,37919.247440935214,270.3214537053168,37919.247440935214,534.9188056,37384.32864,-4.882352941,0.7050252739313246,0.29495955527878076,0.2483715264749322,0.23436356702645122,13.824834313697838,0.018130281,110322.45565460273,161.4988499599314,429.94764414820605,4.400686179906188e-07,0.000204403,2.7249024801146123e-09,4.7541404823538094e-07,GOOD,0.332418674,0.35228740820875265,,2564.221676,37696.41306
504,Vineyard,Sacramento River,76.86206361,1803.272902,10.13309673,2.661751325,0.302297005,0.1329510358537938,0.3058799853780738,0.13,0.17,2773.231975,2743.166444,4105.247296,50,133.0875663,18138.844323897807,129.97261562389215,18138.844323897807,534.9188056,17603.92552,-4.882352941,0.5337092041386511,0.46627595017968715,0.8047773632643825,0.5305741468180853,8.923631943845452,0.10007938026929189,80.26858161761989,76.86206344082164,204.58761987023712,1.6917836376251216e-07,7.978591469282037e-05,2.201064554042256e-09,3.899839278065868e-07,GOOD,0.9941259073363267,1.5078948555200695,,1803.272902,17917.75161
506,Alfalfa,Sacramento River,12642.38466,270.2935645,6.452946815,3.537610105,0.306290873,0.13122437452970753,0.081460253,1.86,0.17,739.7198673,484.1807412,381.4811931,50,176.8805053,1566.644761167272,9.356113273239695,1566.644761167272,530.5656128,1036.079148,-4.882352941,0.018213564,0.9817822699257324,0.027826251237071786,0.035317428972633756,2.9039249371265607,4.2526344757030235e-05,14235462.778828515,12642.382118545867,44723.81183670662,0.002541454,0.015887806373939384,2.010264835882502e-07,3.5524254479746433e-07,GOOD,1.939072961544676,1.5277763122781245,,270.2935645,1117.936758
506,Almonds & Pistachios,Sacramento River,213146.605,4607.425785,0.845932913,3.61367267,0.287448101,0.311217018,0.03090217,0.4,0.17,2039.310074,2110.873995,639.9084906,50,180.6836335,3716.208689145362,20.46693756714689,3716.208689145362,530.5656128,3185.643076,-4.882352941,0.03737384,0.9626222041076852,0.0359183,0.11398637903761785,0.4357144490800157,1.1729016279663473e-05,22296593.037458666,213146.60191926663,770241.9378533972,0.003080733,0.12333838816266507,1.445358879807591e-08,1.601293857827307e-07,GOOD,3.0498974152879694,0.9610545813701002,,4607.425785,3244.01204
506,Citrus & Subtropical,Sacramento River,1310.232581,959.6666667,3.766666667,2.972946835,0.183365181,0.094855843,0.7506750003126099,0.13,0.17,2549.235389,1743.692937,5418.931559,50,148.6473418,3465.4108454818884,23.053176048025826,3465.4108454818884,530.5656128,2934.845233,-4.882352941,0.10242743595251928,0.897557701,0.14241072325761742,0.050623103,2.382426664,0.005870948,228.12732094944698,1310.2325758391194,3895.2512421424412,5.1608806188596645e-06,0.000562655,3.938904201970585e-09,1.4444647431841887e-07,GOOD,0.49423381869050864,1.3903572019867076,,959.6666667,3171.794905
506,Corn,Sacramento River,12510.63153,231.6008021,6.049718014,2.826875063,0.234536008,1.320694044672553,0.033525185,0.3,0.17,423.9938724,1022.014707,159.5840787,50,141.3437532,1258.8960304142192,9.382411724,1258.8960304142192,530.5656128,728.3304176,-4.882352941,0.052817429069956755,0.9471555053310604,0.022257732,0.13970000702572716,3.3856324914166227,0.00026644,97548.47656990254,12510.631102599811,35365.98563937519,0.0004274,0.006655163,3.4162958793281745e-08,1.8817974325467258e-07,GOOD,2.644960375498291,0.4214088525991567,,231.6008021,999.9696582
506,Cotton,Sacramento River,1065.945079,1699,0.8,2.633766816,0.148539114,1.334590964860844,0.041198802,0.68,0.17,378.6944542,1135.122209,199.4393382,50,131.6883408,1226.839652,9.779939435872524,1226.839652,530.5656128,696.2740389,-4.882352941,0.076118001,0.9238495249009573,0.025394151053908937,0.14453249283546485,0.4820585822956203,0.00137961,115997.39292477512,1065.945000869995,2807.450157223539,7.813000502210343e-05,0.000619525,7.329646391857251e-08,2.206717799015251e-07,GOOD,1.8987951731454202,0.3336155801462545,,1699,1010.839289
506,Cucurbits,Sacramento River,7516.208627,203,12,1.97136542,0.087908733,0.5954029958862788,4.8590594140887005,0.05,0.17,920.9338517,2396.72349,6846.813993,50,98.568271,2336.461468,23.307557018376357,2336.461468,530.5656128,1805.895856,-4.882352941,0.46296137435757295,0.5368637974015757,0.17789152624166912,0.062270831414042035,10.336798954200363,0.002660916,0.00139892,7516.208617010592,14817.191628613751,9.989407772081904e-06,0.00214816,1.3290487621907657e-09,1.4497750108558882e-07,GOOD,0.13450545739469513,0.38424701518246485,,203,2236.143548
506,Dry Beans,Sacramento River,3373.102493,1260.970919,1.147383701,2.293810917,0.272510229,0.8579188204514863,0.0413722,1.68,0.17,521.9411016,903.6303871,214.6292221,50,114.6905459,1331.2647230195914,11.92460869542926,1331.2647230195914,530.5656128,800.6991102,-4.882352941,0.16775278585837888,0.8321729210996773,0.094544887,0.43053339,0.8096400160228092,0.000176466,2502922.0702863596,3373.102060154532,7737.257179965274,0.000432845,0.002142638,1.283226551256049e-07,2.769246773819522e-07,GOOD,2.5664753522934403,0.5635965250716192,,1260.970919,1182.567252
506,Grain,Sacramento River,26284.9096,181.9223041,3.138535133,0.78906264,0.351483763,0.6729928083090427,0.036299510576689786,0.74,0.17,345.3012994,477.8051109,110.9675411,50,39.453132000000004,530.5656127711599,13.458604531456436,530.5656127711599,530.5656128,0,-4.882352941,0.9760840379105166,0.022814130590167705,0.7053986639033152,3.037312375214743,3.169883065915322,5.141167962591553e-05,1769.942019,26284.926759850023,20740.450623304903,-0.01715985,-0.010462168,6.528403667686608e-07,5.044332462933556e-07,GOOD,3.1117324505343373,0.7226823065494933,,181.9223041,538.7777743
506,Onions & Garlic,Sacramento River,334.0844892,216,21.2,2.113494575,0.178481578,0.8220938475297447,0.4158621200492846,0.41,0.17,887.6914461,1905.136225,1355.002253,50,105.67472874999999,4472.691297649999,40.94635237233136,4472.691297649999,530.5656128,3942.125685,-4.882352941,0.5228803963385494,0.4770429763628308,0.24363426010866662,0.3425503192270514,18.653016746088436,0.007300621,47112.42559704997,334.08448733123464,706.0856679460964,1.8687653664528625e-06,8.756974966672715e-05,5.59369089815518e-09,1.2402140814007952e-07,GOOD,0.6551217479671209,0.46594644170006466,,216,4354.440597
506,Other Deciduous,Sacramento River,81700.08673,1684.534605,1.818560005,3.327741402,0.215021845,0.54254216,0.5586272122329681,0.13,0.17,2284.866179,4950.948854,6009.195442,50,166.3870701,2896.1370357254727,17.44004940616075,2896.1370357254727,530.5656128,2365.571423,-4.882352941,0.046835594035466575,0.9531532784940678,0.029484962434512544,0.029057368507581578,0.9827082533684854,9.415299297941996e-05,11466.070958238408,81700.08627,271876.71968528844,0.000464365,0.041473123361356556,5.683778444553119e-09,1.525438334069009e-07,GOOD,0.6204120841421951,0.6295417628777134,,1684.534605,2508.417927
506,Pasture,Sacramento River,10526.79025,263.4629589,5,3.965593094,0.350906068,0.10289172336777223,0.068524209,0.51,0.17,328.209843,177.7241242,145.0367898,10,39.65593094,1276.9628771550001,31.091100525533868,1276.9628771550001,530.5656128,746.3972644,-4.882352941,0.037185695,0.9628042592914527,0.068672225,0.08414907,2.5638839460569676,0.000186266,564264.2105374947,10526.789318967136,41744.933208769806,0.000931033,0.033508617,8.844413558759526e-08,8.026983696504264e-07,GOOD,2.262942000342034,1.8467377139832826,,263.4629589,1159.533187
506,Rice,Sacramento River,187985.7472,548.1619482,4.836636627,4.534377778,0.381523094,0.7787889472798347,0.016559817107172286,0.2,0.17,851.2633133,1216.2235,177.3500304,50,226.71888889999997,2423.5351660237966,11.087977962808719,2423.5351660237966,530.5656128,1892.969553,-4.882352941,0.006619024,0.99337927,0.00463281,0.031770687,1.7626846449543274,2.6597761130690656e-05,479638.08458918275,187985.74416685742,852398.2514384985,0.003033143,0.1432459072675556,1.613496044388543e-08,1.6805041886615864e-07,GOOD,4.7999050645054355,0.699923421,,548.1619482,1622.054193
506,Safflower,Sacramento River,2307.680114,567.9284206,1.01469544,2.357007476,0.396694215,0.4537037030434028,0.032158708,0.74,0.17,212.2655769,227.006242,60.43672676,10,23.57007476,551.7704195722218,22.397717049517187,551.7704195722218,530.5656128,21.2048068,-4.882352941,0.2625865706254184,0.7371579652263479,0.24553549482781667,0.9222552760128272,0.7783818827039154,0.000585589,9550.075878732614,2307.675073401972,5439.203545903374,0.005040598,0.015735011,2.1842706869164064e-06,2.892880456730735e-06,GOOD,3.5121951355556216,0.9350649358914657,,567.9284206,519.8369796
506,Sunflowers,Sacramento River,16130.53931,3720.650174,0.6,2.873453662,0.386904762,0.3895547862245365,0.081201103,0.74,0.17,734.0697039,736.5793439,336.2917618,50,143.6726831,2087.7650403479997,14.700673272994026,2087.7650403479997,530.5656128,1557.199428,-4.882352941,0.077492033,0.9224869816769884,0.077228006,0.16915238641785887,0.36023929126019094,8.37759559913531e-05,4813359.508679825,16130.538659596068,46350.348515912876,0.000650404,0.008734442,4.0321276276870655e-08,1.884438890820698e-07,GOOD,2.182835824495322,0.9965928458037955,,3720.650174,1818.695646
506,Tomato Processing,Sacramento River,25831.32762,96.05843248,50.08145313,2.666779844,0.124471553,2.283636824869254,0.28639447182202826,0.74,0.17,657.2463564,2815.18314,996.9547547,50,133.3389922,4676.560464581389,34.14426669382678,4676.560464581389,530.5656128,4145.994852,-4.882352941,0.22590907258675208,0.774056053,0.052741831625683196,0.1489314478072178,37.14189838949749,5.2314436610879525e-05,20518037.021015316,25831.327267654433,68886.45307382931,0.000352346,0.010766947190859355,1.3640242277264426e-08,1.5629989682364842e-07,GOOD,0.6592539471827814,0.23346486717761028,,96.05843248,4452.465644
506,Truck Crops,Sacramento River,1278.958937,228.4534977,22.7652794,2.662234731,0.139554281,1.1244727167916924,1.262909809962677,0.409701328,0.17,7441.94487,27484.23099,27982.75263,50,133.1117366,5066.740461832757,36.94526773658161,5066.740461832757,530.5656128,4536.174849,-4.882352941,0.24206464287089952,0.7578963758976909,0.085276326,0.080466808,17.116339402104696,0.001908429,207014.17764843014,1278.9589281944732,3404.888409493978,8.805526931610075e-06,0.00049211,6.884917628602547e-09,1.4453049053527605e-07,GOOD,0.332418674,0.35228740820875265,,228.4534977,4843.90608
506,Vineyard,Sacramento River,2745.0647,1682.761529,10.60448561,2.661751325,0.302297005,0.1329510358537938,0.3058799853780738,0.13,0.17,2773.231975,2743.166444,4105.247296,50,133.0875663,17710.925996686095,126.92886476461847,17710.925996686095,530.5656128,17180.36038,-4.882352941,0.527763431,0.47222153413828627,0.7958117623549751,0.5246633,9.317689882847214,0.002802232,2797.7510320003103,2745.0646984169275,7306.678591914377,1.5830723896215204e-06,0.001010521,5.766976602123514e-10,1.3830103487384803e-07,GOOD,0.9941259073363267,1.5078948555200695,,1682.761529,17489.83329
507,Alfalfa,Sacramento River,3448.830199,276.0093013,6.650916648,3.537610105,0.306290873,0.13122437452970753,0.081460253,1.86,0.17,739.7198673,484.1807412,381.4811931,50,176.8805053,1658.1696220310182,9.847067222,1658.1696220310182,557.7133301,1100.456292,-4.882352941,0.019256922882975328,0.9807389152057616,0.029420270627976277,0.037340578,3.023873048717588,0.000155889,4124646.737093442,3448.8294480585923,12200.611759121904,0.000750941,0.00480329,2.1773800515814005e-07,3.9369237062171106e-07,GOOD,1.939072961544676,1.5277763122781245,,276.0093013,1209.461619
507,Almonds & Pistachios,Sacramento River,106728.7392,4567.321679,0.754238179,3.61367267,0.287448101,0.311217018,0.03090217,0.4,0.17,2039.310074,2110.873995,639.9084906,50,180.6836335,3263.4839594851824,18.089589278375207,3263.4839594851824,557.7133301,2705.770629,-4.882352941,0.032971256,0.9670247699192128,0.031687177,0.1005589497733364,0.3791378873405038,2.3423868947943123e-05,9482924.194152946,106728.7371104239,385682.6551239365,0.002089576,0.072826661,1.9578382663076388e-08,1.88825311303174e-07,GOOD,3.0498974152879694,0.9610545813701002,,4567.321679,2791.28731
507,Citrus & Subtropical,Sacramento River,9229.639459,903.75,3.125,2.972946835,0.183365181,0.094855843,0.7506750003126099,0.13,0.17,2549.235389,1743.692937,5418.931559,50,148.6473418,2674.8851505919997,18.011567078808724,2674.8851505919997,557.7133301,2117.17182,-4.882352941,0.080954492,0.9190302896067274,0.1125556603824259,0.040010448,1.8882650953192064,0.000833435,1159.2978266131627,9229.639401074637,27439.22261763414,5.792536285298411e-05,0.004800191,6.276015776163387e-09,1.7493900073534747e-07,GOOD,0.49423381869050864,1.3903572019867076,,903.75,2381.26921
507,Corn,Sacramento River,8320.410888,246.337215,6.430454237,2.826875063,0.234536008,1.320694044672553,0.033525185,0.3,0.17,423.9938724,1022.014707,159.5840787,50,141.3437532,1441.836674,10.60744954784463,1441.836674,557.7133301,884.1233437,-4.882352941,0.060030669,0.9399424715395174,0.025297455335091167,0.1587787407634252,3.6845332406645808,0.000400621,78749.13737,8320.410618934915,23520.757168809916,0.000269065,0.004884391,3.233795650219052e-08,2.07662955845683e-07,GOOD,2.644960375498291,0.4214088525991567,,246.337215,1182.910302
507,Cotton,Sacramento River,762.1353087,1699,0.8,2.633766816,0.148539114,1.334590964860844,0.041198802,0.68,0.17,378.6944542,1135.122209,199.4393382,50,131.6883408,1226.839652,9.779939435872524,1226.839652,557.7133301,669.1263216,-4.882352941,0.076118001,0.9238495249009571,0.025394151053908944,0.1445324928354649,0.4820585822956203,0.001929563,79703.45573,762.1352419475372,2007.2861721102197,6.675246277154656e-05,0.000513246,8.758610447455649e-08,2.556913071172443e-07,GOOD,1.8987951731454202,0.3336155801462545,,1699,1010.839289
507,Cucurbits,Sacramento River,2238.518205,203,12,1.97136542,0.087908733,0.5954029958862788,4.8590594140887005,0.05,0.17,920.9338517,2396.72349,6846.813993,50,98.568271,2336.461468,23.307557018376357,2336.461468,557.7133301,1778.748138,-4.882352941,0.46296137435757245,0.5368637974015761,0.17789152624166893,0.062270831414041966,10.336798954200361,0.008934482,0.000410371,2238.5182015418163,4412.936654792159,3.458183527982328e-06,0.000726585,1.5448538771130201e-09,1.6464890595578293e-07,GOOD,0.13450545739469513,0.38424701518246485,,203,2236.143548
507,Dry Beans,Sacramento River,4945.705462,1354.663633,1.021259864,2.293810917,0.272510229,0.8579188204514863,0.0413722,1.68,0.17,521.9411016,903.6303871,214.6292221,50,114.6905459,1267.9108407273256,11.40244866752714,1267.9108407273256,557.7133301,710.1975106,-4.882352941,0.1610566804784962,0.8388684287316439,0.090770985,0.41334800077026057,0.7152361574299637,0.000120355,3255177.442489294,4945.704641301286,11344.509332961648,0.000820699,0.00384804,1.6594168827013432e-07,3.391983788712423e-07,GOOD,2.5664753522934403,0.5635965250716192,,1354.663633,1119.21337
507,Grain,Sacramento River,13097.32027,215.5776695,2.774486159,0.78906264,0.351483763,0.6729928083090427,0.036299510576689786,0.74,0.17,345.3012994,477.8051109,110.9675411,50,39.453132000000004,557.7133300942264,14.09851675782654,557.7133300942264,557.7133301,0,-4.882352941,0.9772209563375617,0.021729591094414726,0.7062202947345307,3.0408501611777896,2.8009044696908583,0.000103178,881.9317943360295,13097.342808387864,10334.622136947275,-0.022538388,-0.016027776,1.720839637388498e-06,1.5508840291411682e-06,GOOD,3.1117324505343373,0.7226823065494933,,215.5776695,565.9254916
507,Onions & Garlic,Sacramento River,99.24233767,216,21.2,2.113494575,0.178481578,0.8220938475297447,0.4158621200492846,0.41,0.17,887.6914461,1905.136225,1355.002253,50,105.67472874999999,4472.691297649999,40.94635237233136,4472.691297649999,557.7133301,3914.977968,-4.882352941,0.5228803963385491,0.4770429763628311,0.24363426010866648,0.3425503192270512,18.653016746088433,0.024576450409240974,13898.730358516535,99.24233703012743,209.74812414543834,6.398725673761874e-07,1.81304247917069e-05,6.447576532345375e-09,8.643902441749192e-08,GOOD,0.6551217479671209,0.46594644170006466,,216,4354.440597
507,Other Deciduous,Sacramento River,230270.4789,1737.892306,1.967779227,3.327741402,0.215021845,0.54254216,0.5586272122329681,0.13,0.17,2284.866179,4950.948854,6009.195442,50,166.3870701,3252.4981545439273,19.46880837178231,3252.4981545439273,557.7133301,2694.784824,-4.882352941,0.052296785,0.9476921514412093,0.03292301,0.032445557278741335,1.0863027375414271,3.340553130845854e-05,36814.04826556626,230270.47757862977,766280.4727056895,0.00132137,0.13358820788562298,5.738339647182815e-09,1.743332752889571e-07,GOOD,0.6204120841421951,0.6295417628777134,,1737.892306,2864.779045
507,Pasture,Sacramento River,13344.13999,193.7205886,5,3.965593094,0.350906068,0.10289172336777223,0.068524209,0.51,0.17,328.209843,177.7241242,145.0367898,10,39.65593094,928.2510256550001,22.86084662214044,928.2510256550001,557.7133301,370.5376956,-4.882352941,0.027311107052351395,0.9726787437914776,0.050436451,0.061803451224603505,2.4124241211318367,0.00014694,355260.10871844285,13344.137254981102,52917.37437820533,0.002735019,0.055011508,2.049602971461782e-07,1.0395725668588511e-06,GOOD,2.262942000342034,1.8467377139832826,,193.7205886,810.8213351
507,Rice,Sacramento River,243814.3913,572.7666372,4.421152943,4.534377778,0.381523094,0.7787889472798347,0.016559817107172286,0.2,0.17,851.2633133,1216.2235,177.3500304,50,226.71888889999997,2304.5639135409933,10.590421877014457,2304.5639135409933,557.7133301,1746.850583,-4.882352941,0.006296193,0.9937021009594871,0.004406853,0.030221128387931864,1.5962896296898879,2.0507403083716167e-05,574073.5324171922,243814.38639114224,1105546.341,0.004908858,0.21702482621185482,2.0133584914871985e-08,1.9630546055926606e-07,GOOD,4.7999050645054355,0.699923421,,572.7666372,1503.08294
507,Safflower,Sacramento River,3442.473111,565.2265596,1.067297898,2.357007476,0.396694215,0.4537037030434028,0.032158708,0.74,0.17,212.2655769,227.006242,60.43672676,10,23.57007476,578.7611598978516,23.44675026561893,578.7611598978516,557.7133301,21.0478298,-4.882352941,0.271931776,0.7278159973785846,0.25427386865319457,0.9550774607233455,0.8242894856246289,0.000392552,14142.762637168222,3442.4644205209847,8113.907692251367,0.008690479,0.027166304611455416,2.5244871157566966e-06,3.34810484493958e-06,GOOD,3.5121951355556216,0.9350649358914657,,565.2265596,546.8277199
507,Sunflowers,Sacramento River,10209.69994,3571.153451,0.6,2.873453662,0.386904762,0.3895547862245365,0.081201103,0.74,0.17,734.0697039,736.5793439,336.2917618,50,143.6726831,1998.0670065479999,14.10999627369861,1998.0670065479999,557.7133301,1440.353676,-4.882352941,0.074411002,0.925567943,0.074157473,0.1624270016012717,0.3574701409828433,0.00013236,2818032.8558009868,10209.699428580256,29337.09318513524,0.00051142,0.006495379,5.009155486753433e-08,2.214049451027115e-07,GOOD,2.182835824495322,0.9965928458037955,,3571.153451,1728.997613
507,Tomato Processing,Sacramento River,12520.17871,97.73558263,46.74840433,2.666779844,0.124471553,2.283636824869254,0.28639447182202826,0.74,0.17,657.2463564,2815.18314,996.9547547,50,133.3389922,4434.797114808364,32.42835143026699,4434.797114808364,557.7133301,3877.083785,-4.882352941,0.21676205011071908,0.7832026634508169,0.050606323238245536,0.14290123713492342,34.388434206104094,0.000107934,9299871.366190458,12520.178500254458,33388.554168516544,0.000209746,0.006058589,1.6752599669901992e-08,1.81457042157259e-07,GOOD,0.6592539471827814,0.23346486717761028,,97.73558263,4210.702295
507,Truck Crops,Sacramento River,801.7411904,562.6767062,22.28675143,2.662234731,0.139554281,1.1244727167916924,1.262909809962677,0.405584959,0.17,7441.94487,27484.23099,27982.75263,50,133.1117366,12406.16864331554,89.08277301967759,12406.16864331554,557.7133301,11848.45531,-4.882352941,0.4388295878425975,0.5611415507070282,0.15459413814638384,0.1458751499078267,18.868491281226895,0.003075275,327338.74670667667,801.7411879973102,2134.4229073344172,2.4026898017837084e-06,0.000335022,2.9968396666572318e-09,1.5696125304587114e-07,GOOD,0.332418674,0.35228740820875265,,562.6767062,12183.33426
507,Vineyard,Sacramento River,70.54643096,1751.428469,10.32358893,2.661751325,0.302297005,0.1329510358537938,0.3058799853780738,0.13,0.17,2773.231975,2743.166444,4105.247296,50,133.0875663,17947.133131599247,128.60898833993517,17947.133131599247,557.7133301,17389.4198,-4.882352941,0.5310640631484503,0.4689210069543697,0.8007887687731337,0.5279445436311695,9.082285632,0.10903893489196144,72.77534236623622,70.54643091390965,187.7770429973327,4.609034931490896e-08,1.3084468321267195e-05,6.533335377524954e-10,6.96808683355182e-08,GOOD,0.9941259073363267,1.5078948555200695,,1751.428469,17726.04042
508,Citrus & Subtropical,Sacramento River,599.2401017,862.0203769,3.644323101,2.972946835,0.183365181,0.094855843,0.7506750003126099,0.13,0.17,2549.235389,1743.692937,5418.931559,50,148.6473418,2992.147173661396,20.03491821266583,2992.147173661396,542.7960699,2449.351104,-4.882352941,0.089694489,0.9102904369879865,0.12470737864015614,0.044330049771480806,2.2462075806774524,0.012836770554048674,87.07650563508993,599.2400532,1781.5043857554276,4.8462432914675446e-05,0.004577999,8.087314713616645e-08,2.5697309184089694e-06,GOOD,0.49423381869050864,1.3903572019867076,,862.0203769,2698.531233
508,Grain,Sacramento River,103.3241404,216,2.7,0.78906264,0.351483763,0.6729928083090427,0.036299510576689786,0.74,0.17,345.3012994,477.8051109,110.9675411,50,39.453132000000004,542.7960699,13.74689466439783,542.7960699,542.7960699,0,-4.882352941,0.9766099750902696,0.022312423844847728,0.7057787493974792,3.0389489510039227,2.726385795357192,0.013078757259628277,6.957518229887482,103.32666810676922,81.53104113212756,-0.002527707,-0.001822132,2.4463854810975353e-05,2.2349439811256268e-05,GOOD,3.1117324505343373,0.7226823065494933,,216,551.0082314
508,Other Deciduous,Sacramento River,52.17268849,1664.925551,2.089884341,3.327741402,0.215021845,0.54254216,0.5586272122329681,0.13,0.17,2284.866179,4950.948854,6009.195442,50,166.3870701,3312.2116139996965,19.808756278110685,3312.2116139996965,542.7960699,2769.415544,-4.882352941,0.053205771,0.9467831763436448,0.033495255,0.033009502997092606,1.157580477140391,0.14743935792732027,8.571989466027377,52.17268415,173.61680113588673,4.341679598951487e-06,0.000414406,8.321747881142184e-08,2.3868942594453267e-06,GOOD,0.6204120841421951,0.6295417628777134,,1664.925551,2924.492505
508,Pasture,Sacramento River,709.9432578,190.6261927,5,3.965593094,0.350906068,0.10289172336777223,0.068524209,0.51,0.17,328.209843,177.7241242,145.0367898,10,39.65593094,912.7790461550001,22.495678879417195,912.7790461550001,542.7960699,369.9829763,-4.882352941,0.026868287,0.9731215591723925,0.049618679,0.060801375,2.404704993687731,0.002761889,18872.500937962985,709.9410856572943,2815.302538861939,0.002172143,0.043541401602396945,3.05960044250357e-06,1.546573684409026e-05,GOOD,2.262942000342034,1.8467377139832826,,190.6261927,795.3493556
508,Rice,Sacramento River,979.0495688,608,4.3,4.534377778,0.381523094,0.7787889472798347,0.016559817107172286,0.2,0.17,851.2633133,1216.2235,177.3500304,50,226.71888889999997,2386.6750098320003,10.933823117383298,2386.6750098320003,542.7960699,1843.87894,-4.882352941,0.006519026,0.9934792687130295,0.004562819,0.031290704,1.5626553587843608,0.005106994,2433.2376212746008,979.0492904588974,4439.367765,0.000278341,0.012843586,2.842972525882321e-07,2.893103073474871e-06,GOOD,4.7999050645054355,0.699923421,,608,1585.194036
509,Alfalfa,Sacramento River,28296.69917,270.0185974,5.716976623,3.537610105,0.306290873,0.13122437452970753,0.081460253,1.86,0.17,739.7198673,484.1807412,381.4811931,50,176.8805053,1366.1447741230484,8.28059937,1366.1447741230484,523.016258,843.1285161,-4.882352941,0.015920141,0.9840756833425045,0.024322413675674517,0.030870314154615015,2.5103769567549614,1.899989837585535e-05,25930362.286503047,28296.68746953087,100102.62128044675,0.011700469131028512,0.06764149,4.1349236745723626e-07,6.75721013095328e-07,GOOD,1.939072961544676,1.5277763122781245,,270.0185974,917.4367709
509,Almonds & Pistachios,Sacramento River,41504.50056,4431.719842,0.753100619,3.61367267,0.287448101,0.311217018,0.03090217,0.4,0.17,2039.310074,2110.873995,639.9084906,50,180.6836335,3156.166529653783,17.526043946189453,3156.166529653783,523.016258,2633.150272,-4.882352941,0.031921722,0.9680743,0.030678517613237304,0.097357979,0.37620361523046564,6.023443159822954e-05,3588740.2912932937,41504.49934517455,149983.63814055576,0.001214825,0.041215116,2.926972827652676e-08,2.7479733882686883e-07,GOOD,3.0498974152879694,0.9610545813701002,,4431.719842,2683.969881
509,Citrus & Subtropical,Sacramento River,476.7523346,2502,2.35,2.972946835,0.183365181,0.094855843,0.7506750003126099,0.13,0.17,2549.235389,1743.692937,5418.931559,50,148.6473418,5730.366401,37.498019922596875,5730.366401,523.016258,5207.350143,-4.882352941,0.1587428211960957,0.8412432481037411,0.22070922471367985,0.078456071,1.620466876108368,0.016134808650201192,147.2792181288113,476.7523328279109,1417.359017706051,1.7720890923555999e-06,0.000326522,3.71700139411462e-09,2.3037339211080336e-07,GOOD,0.49423381869050864,1.3903572019867076,,2502,5436.75046
509,Corn,Sacramento River,13140.5216,234.5253856,5.750658145,2.826875063,0.234536008,1.320694044672553,0.033525185,0.3,0.17,423.9938724,1022.014707,159.5840787,50,141.3437532,1206.4518048029058,9.031225903402719,1206.4518048029058,523.016258,683.4355468,-4.882352941,0.050729122160208834,0.9492437525677535,0.021377701,0.13417651799756464,3.194660657543614,0.000253668,96146.20833280325,13140.520798890862,37146.60093810943,0.000801109,0.011887743428815156,6.09647898362682e-08,3.200222718702811e-07,GOOD,2.644960375498291,0.4214088525991567,,234.5253856,947.5254326
509,Cucurbits,Sacramento River,2839.377631,203,12,1.97136542,0.087908733,0.5954029958862788,4.8590594140887005,0.05,0.17,920.9338517,2396.72349,6846.813993,50,98.568271,2336.461468,23.307557018376357,2336.461468,523.016258,1813.44521,-4.882352941,0.46296137435757273,0.5368637974015757,0.17789152624166904,0.062270831,10.336798954200363,0.007043797,0.000530675,2839.3776247007454,5597.449525148018,6.2992544371809345e-06,0.001350927,2.2185335153754807e-09,2.4134680785543783e-07,GOOD,0.13450545739469513,0.38424701518246485,,203,2236.143548
509,Dry Beans,Sacramento River,2757.961406,1371.690262,1.172645027,2.293810917,0.272510229,0.8579188204514863,0.0413722,1.68,0.17,521.9411016,903.6303871,214.6292221,50,114.6905459,1492.953007442627,13.257236721542897,1492.953007442627,523.016258,969.9367494,-4.882352941,0.1843673735814694,0.8155598165275562,0.1039088110870972,0.47317432,0.8421308958893272,0.000215825,2478872.909294317,2757.9609164852923,6326.239293606128,0.000489515,0.002688141,1.7749150026504727e-07,4.249191461817116e-07,GOOD,2.5664753522934403,0.5635965250716192,,1371.690262,1344.255537
509,Grain,Sacramento River,45144.33504,172.9908037,3.256937225,0.78906264,0.351483763,0.6729928083090427,0.036299510576689786,0.74,0.17,345.3012994,477.8051109,110.9675411,50,39.453132000000004,523.0162580301977,13.280654969714016,523.0162580301977,523.016258,0,-4.882352941,0.9757474270274162,0.023135233484393274,0.7051554011739065,3.0362649322065964,3.289916800711832,2.9934018302717067e-05,3039.875607,45144.36577545836,35621.72355764654,-0.030735458,-0.01536994,6.808264721707792e-07,4.31476771169237e-07,GOOD,3.1117324505343373,0.7226823065494933,,172.9908037,531.2284196
509,Onions & Garlic,Sacramento River,87.04164239,216,21.2,2.113494575,0.178481578,0.8220938475297447,0.4158621200492846,0.41,0.17,887.6914461,1905.136225,1355.002253,50,105.67472874999999,4472.691297649999,40.94635237233136,4472.691297649999,523.016258,3949.67504,-4.882352941,0.5228803963385493,0.47704297636283105,0.24363426010866657,0.34255031922705137,18.653016746088436,0.028021350738254406,12298.073668012797,87.04164157617483,183.9620100829316,8.138251814671094e-07,2.8907423427426693e-05,9.349837148300497e-09,1.571379812165611e-07,GOOD,0.6551217479671209,0.46594644170006466,,216,4354.440597
509,Other Deciduous,Sacramento River,26251.4937,1598.091915,1.612435965,3.327741402,0.215021845,0.54254216,0.5586272122329681,0.13,0.17,2284.866179,4950.948854,6009.195442,50,166.3870701,2409.530655155723,14.669805950357528,2409.530655155723,523.016258,1886.514397,-4.882352941,0.039275954,0.9607128307420849,0.024725853,0.024367276188942175,0.8423555449123832,0.000293024,2938.192253157564,26251.49338678949,87358.15972668598,0.000313211,0.022723146190401167,1.1931149977420132e-08,2.601146859190959e-07,GOOD,0.6204120841421951,0.6295417628777134,,1598.091915,2021.811546
509,Pasture,Sacramento River,18574.81511,154.750063,5,3.965593094,0.350906068,0.10289172336777223,0.068524209,0.51,0.17,328.209843,177.7241242,145.0367898,10,39.65593094,733.3983977,18.261959044086705,733.3983977,523.016258,210.3821396,-4.882352941,0.021704682732369453,0.9782851096133354,0.040082856,0.049116438159177336,2.306671817883691,0.000105561,280976.18532971555,18574.805366422177,73660.02977394551,0.009743578,0.12874859732983168,5.245585361048044e-07,1.747872933105753e-06,GOOD,2.262942000342034,1.8467377139832826,,154.750063,615.9687071
509,Rice,Sacramento River,14738.77367,593,4,4.534377778,0.381523094,0.7787889472798347,0.016559817107172286,0.2,0.17,851.2633133,1216.2235,177.3500304,50,226.71888889999997,2144.2750098320003,9.920069015618568,2144.2750098320003,523.016258,1621.258752,-4.882352941,0.005860914,0.9941373794844206,0.004102191,0.028131829204498346,1.4251432702831852,0.000339241,32208.71940247087,14738.773205349022,66831.14854641214,0.000464651,0.019257807,3.1525755748731404e-08,2.8815608038490535e-07,GOOD,4.7999050645054355,0.699923421,,593,1342.794036
509,Safflower,Sacramento River,4448.526361,574.8714139,1.095565446,2.357007476,0.396694215,0.4537037030434028,0.032158708,0.74,0.17,212.2655769,227.006242,60.43672676,10,23.57007476,605.3052979,24.478425652301457,605.3052979,523.016258,82.28903987,-4.882352941,0.2808941783742507,0.7188566998320666,0.26265429689380465,0.9865551668919363,0.851453516,0.000303775,70468.33976334374,4448.522108160368,10485.187295731816,0.00425284,0.022594328,9.560108870623082e-07,2.1548761061741324e-06,GOOD,3.5121951355556216,0.9350649358914657,,574.8714139,573.3718579
509,Sunflowers,Sacramento River,15980.32073,3540.113197,0.63723611,2.873453662,0.386904762,0.3895547862245365,0.081201103,0.74,0.17,734.0697039,736.5793439,336.2917618,50,143.6726831,2111.2628985639435,14.855410715866077,2111.2628985639435,523.016258,1588.246641,-4.882352941,0.078295772,0.9216832613750169,0.078029006,0.1709068157952628,0.3833487720842642,8.456346866771249e-05,4863584.940040948,15980.319672121235,45918.6967,0.001057879,0.014417090016650036,6.61988443198268e-08,3.139698320034736e-07,GOOD,2.182835824495322,0.9965928458037955,,3540.113197,1842.193505
509,Tomato Processing,Sacramento River,24428.51172,97.36737179,48.98099081,2.666779844,0.124471553,2.283636824869254,0.28639447182202826,0.74,0.17,657.2463564,2815.18314,996.9547547,50,133.3389922,4634.9649234328435,33.84904235970075,4634.9649234328435,523.016258,4111.948665,-4.882352941,0.22435056896158478,0.7756144864779252,0.052377976,0.14790399814062757,36.27615055024714,5.5318611581440684e-05,19244433.177321233,24428.511157330842,65145.44561847131,0.000562669,0.017055342461389955,2.303329661673135e-08,2.61803996185994e-07,GOOD,0.6592539471827814,0.23346486717761028,,97.36737179,4410.870103
509,Truck Crops,Sacramento River,3633.717027,360.8853969,22.72850989,2.662234731,0.139554281,1.1244727167916924,1.262909809962677,0.409385031,0.17,7441.94487,27484.23099,27982.75263,50,133.1117366,8068.320069383225,58.26775618890122,8068.320069383225,523.016258,7545.303811,-4.882352941,0.33711979381305635,0.6628461137192008,0.1187630584182707,0.11206491499614771,18.252252173712115,0.000672229,975712.3537659467,3633.7170018278257,9673.805336617692,2.517217444619746e-05,0.002335288,6.927389848785123e-09,2.414031632261304e-07,GOOD,0.332418674,0.35228740820875265,,360.8853969,7845.485688
509,Vineyard,Sacramento River,687.6286486,1722.462379,10.34583221,2.661751325,0.302297005,0.1329510358537938,0.3058799853780738,0.13,0.17,2773.231975,2743.166444,4105.247296,50,133.0875663,17686.412338515427,126.75450095877942,17686.412338515427,523.016258,17163.39608,-4.882352941,0.5274182269693787,0.4725667270579713,0.7952912311546425,0.5243201234316502,9.0892238,0.011186717871585336,700.1343809614368,687.6286479,1830.2960525965043,6.647500185863464e-07,0.000413923,9.667282186973535e-10,2.2615052413805948e-07,GOOD,0.9941259073363267,1.5078948555200695,,1722.462379,17465.31963
510,Alfalfa,Sacramento River,16682.73048,264.7280277,5.73296123,3.537610105,0.306290873,0.13122437452970753,0.081460253,1.86,0.17,739.7198673,484.1807412,381.4811931,50,176.8805053,1340.130284310466,8.141053498689628,1340.130284310466,490.8050823,849.325202,-4.882352941,0.015621787784217188,0.9843740348783493,0.023866597332162787,0.030291786303364463,2.508803735996702,3.222700320230496e-05,15399939.783298777,16682.724373351346,59016.96047999091,0.006106649,0.035445049,3.6604611335474074e-07,6.005905254007046e-07,GOOD,1.939072961544676,1.5277763122781245,,264.7280277,891.422281
510,Almonds & Pistachios,Sacramento River,1566.716076,4646.126106,0.758791503,3.61367267,0.287448101,0.311217018,0.03090217,0.4,0.17,2039.310074,2110.873995,639.9084906,50,180.6836335,3344.0765845082774,18.51279730443132,3344.0765845082774,490.8050823,2853.271502,-4.882352941,0.033757934,0.9662380951500684,0.032443217545919764,0.10295823697740755,0.38317380371705795,0.001595694,146791.50905282114,1566.7160382606287,5661.597707076796,3.773937123696669e-05,0.001358414,2.4088200673423544e-08,2.399346953531492e-07,GOOD,3.0498974152879694,0.9610545813701002,,4646.126106,2871.879936
510,Citrus & Subtropical,Sacramento River,61.97170988,2194,2.5,2.972946835,0.183365181,0.094855843,0.7506750003126099,0.13,0.17,2549.235389,1743.692937,5418.931559,50,148.6473418,5335.666401,34.98080501988943,5335.666401,490.8050823,4844.861318,-4.882352941,0.14944313516554045,0.85054278,0.20777933926488218,0.073859851,1.703370347600933,0.12412611669425978,17.81180099194772,61.971709659500455,184.23857441247543,2.2049954395697569e-07,2.433480881336436e-05,3.558067776150502e-09,1.3208311927482605e-07,GOOD,0.49423381869050864,1.3903572019867076,,2194,5042.05046
510,Corn,Sacramento River,20225.2842,222.7188208,5.08139237,2.826875063,0.234536008,1.320694044672553,0.033525185,0.3,0.17,423.9938724,1022.014707,159.5840787,50,141.3437532,989.4982025615174,7.578424799292171,989.4982025615174,490.8050823,498.6931203,-4.882352941,0.04199138,0.9579812452024177,0.017695539,0.1110655358048421,2.7283766040920705,0.00016481,107995.3839460342,20225.282693974674,57174.33375245139,0.001506025,0.017794616513128858,7.446250493173746e-08,3.1123425157659574e-07,GOOD,2.644960375498291,0.4214088525991567,,222.7188208,730.5718303
510,Cucurbits,Sacramento River,1999.493941,203,12,1.97136542,0.087908733,0.5954029958862788,4.8590594140887005,0.05,0.17,920.9338517,2396.72349,6846.813993,50,98.568271,2336.461468,23.307557018376357,2336.461468,490.8050823,1845.656386,-4.882352941,0.46296137435757256,0.536863797,0.17789152624166898,0.062270831,10.336798954200363,0.010002530935401318,0.00038034,1999.4939371200974,3941.732368702263,3.879902578773908e-06,0.000844085,1.9404422785264685e-09,2.141404837042193e-07,GOOD,0.13450545739469513,0.38424701518246485,,203,2236.143548
510,Dry Beans,Sacramento River,614.849885,1376.284559,1.059719258,2.293810917,0.272510229,0.8579188204514863,0.0413722,1.68,0.17,521.9411016,903.6303871,214.6292221,50,114.6905459,1342.9224947843372,12.020691559015653,1342.9224947843372,490.8050823,852.1174125,-4.882352941,0.1689733116075843,0.830952504,0.095232771,0.4336658394362642,0.7487855035834625,0.000968103,485521.05075224454,614.8497743644263,1410.348823660857,0.000110636,0.000554868,1.7993916306785088e-07,3.934261580698444e-07,GOOD,2.5664753522934403,0.5635965250716192,,1376.284559,1194.225024
510,Grain,Sacramento River,21196.24035,173.9857793,3.053174889,0.78906264,0.351483763,0.6729928083090427,0.036299510576689786,0.74,0.17,345.3012994,477.8051109,110.9675411,50,39.453132000000004,490.80508227885593,12.521389468907945,490.80508227885593,490.8050823,0,-4.882352941,0.974197927,0.024613346737437244,0.7040356047760021,3.0314433020687455,3.086025998005194,6.37542945841974e-05,1427.2872541623547,21196.263032444775,16725.175534623497,-0.022682445,-0.014165978,1.0701164168741712e-06,8.469860266602016e-07,GOOD,3.1117324505343373,0.7226823065494933,,173.9857793,499.0172438
510,Onions & Garlic,Sacramento River,402.1398921,640.1886706,6.549691512,2.113494575,0.178481578,0.8220938475297447,0.4158621200492846,0.41,0.17,887.6914461,1905.136225,1355.002253,50,105.67472874999999,4086.5295995573833,37.493366487723115,4086.5295995573833,490.8050823,3595.724517,-4.882352941,0.500323778,0.49959597162216324,0.2331240842420185,0.32777298825296364,5.713555951,0.006065114,51726.62557342143,402.1398884187646,849.9203072537765,3.681235398289573e-06,0.000173091,9.154116442081705e-09,2.0365512161885023e-07,GOOD,0.6551217479671209,0.46594644170006466,,640.1886706,3968.278898
510,Other Deciduous,Sacramento River,18712.70347,2404.262733,2.387315401,3.327741402,0.215021845,0.54254216,0.5586272122329681,0.13,0.17,2284.866179,4950.948854,6009.195442,50,166.3870701,5572.443226575252,32.676223872772624,5572.443226575252,490.8050823,5081.638144,-4.882352941,0.086374853,0.9136144810611395,0.054376577263199985,0.053588002603941774,1.4544175645284683,0.000411074,5641.248311622636,18712.7034,62271.02454532127,7.391059989458881e-05,0.013535146797948983,3.949755309973328e-09,2.1735861831078766e-07,GOOD,0.6204120841421951,0.6295417628777134,,2404.262733,5184.724117
510,Pasture,Sacramento River,36850.53441,209.3736949,5,3.965593094,0.350906068,0.10289172336777223,0.068524209,0.51,0.17,328.209843,177.7241242,145.0367898,10,39.65593094,1006.5165571550001,24.708059997189828,1006.5165571550001,490.8050823,515.7114749,-4.882352941,0.029544965644959384,0.970444909,0.054561802314886915,0.066858544,2.4499715573651426,5.320911474199405e-05,1365080.807260035,36850.52737,146134.0393684124,0.007040338,0.18539809295907617,1.9105117226607345e-07,1.2686835904135871e-06,GOOD,2.262942000342034,1.8467377139832826,,209.3736949,889.0868666
510,Pasture,San Joaquin River,45.52341361,330,5,4.600187047,0.350906068,0.10289172336777223,0.068524209,0.51,0.17,328.209843,177.7241242,145.0367898,10,46.00187047,1603.302143,33.65097836577262,1603.302143,490.8050823,1112.497061,-4.882352941,0.019848261763112825,0.9801474672102699,0.036654533554952774,0.044915465177530846,2.2534352855370257,0.043071997,3636.4952588750257,45.52340877301856,209.41605002303493,4.836981439382271e-06,0.000167601,1.0625260840104805e-07,8.003244089796617e-07,GOOD,2.262942000342034,1.8467377139832826,,330,1437.860469
510,Potatoes,Sacramento River,218.7230397,209,24.7,4.38175,0.150675135,1.4974640784942694,0.060261523,0.41,0.17,793.9256634,2502.863999,502.0871398,50,219.0875,4942.491530390001,22.36709167394394,4942.491530390001,490.8050823,4451.686448,-4.882352941,0.016346799133785714,0.9836513147314625,0.005185317,0.025848388316814273,10.731028702292326,0.011151200136891215,34830.74970013133,218.72303529507062,958.3894681168778,4.404929370593891e-06,0.000211089,2.0139302090148717e-08,2.202534123557395e-07,GOOD,1.5812507454985842,0.31720687248646934,,209,4200.604946
510,Rice,Sacramento River,4451.257925,566.7347961,4.107644278,4.534377778,0.381523094,0.7787889472798347,0.016559817107172286,0.2,0.17,851.2633133,1216.2235,177.3500304,50,226.71888889999997,2100.2199521756625,9.735823985079811,2100.2199521756625,490.8050823,1609.41487,-4.882352941,0.005741211,0.9942570816593718,0.004018408,0.027557269142249863,1.4579224955088852,0.001123278,9656.312142758443,4451.257798895991,20183.67982503564,0.000126104,0.005194231,2.8329971198839102e-08,2.5734798885013237e-07,GOOD,4.7999050645054355,0.699923421,,566.7347961,1298.738979
510,Rice,San Joaquin River,165.5458752,471,4.5,4.833919598,0.381523094,0.7787889472798347,0.016559817107172286,0.2,0.17,851.2633133,1216.2235,177.3500304,50,241.69597989999997,1876.7979188320003,8.317075069,1876.7979188320003,490.8050823,1385.992837,-4.882352941,0.003529466,0.9964693595844202,0.002470356,0.016941102140839215,1.4512281099275794,0.030203108316407025,309.2832982067301,165.54586931901468,800.2352518185397,5.880985327166854e-06,0.000198679,3.5524807368724186e-08,2.4827543236044364e-07,GOOD,4.7999050645054355,0.699923421,,471,949.9841941
510,Safflower,Sacramento River,6810.6701,561.5987438,1.032516446,2.357007476,0.396694215,0.4537037030434028,0.032158708,0.74,0.17,212.2655769,227.006242,60.43672676,10,23.57007476,555.3559799694405,22.537074914831077,555.3559799694405,490.8050823,64.55089769,-4.882352941,0.26384182041877347,0.7359031502926067,0.246709235,0.926663958,0.7927827342740184,0.000198417,84742.28730771692,6810.662715169029,16052.765657709711,0.007384831,0.034684559957895544,1.0843031394524295e-06,2.1606547903399372e-06,GOOD,3.5121951355556216,0.9350649358914657,,561.5987438,523.42254
510,Sunflowers,Sacramento River,688.5759922,3446.693536,0.687733224,2.873453662,0.386904762,0.3895547862245365,0.081201103,0.74,0.17,734.0697039,736.5793439,336.2917618,50,143.6726831,2225.780594,15.609529458554258,2225.780594,490.8050823,1734.975511,-4.882352941,0.082192862,0.9177862599595461,0.081912818,0.17941352360183993,0.41758171636972374,0.00196253,228922.95787247265,688.5759550071676,1978.5906786694163,3.719283233749593e-05,0.000527683,5.401412880902926e-08,2.6669630165774597e-07,GOOD,2.182835824495322,0.9965928458037955,,3446.693536,1956.7112
510,Tomato Processing,Sacramento River,4041.70381,100.0162422,45.19350981,2.666779844,0.124471553,2.283636824869254,0.28639447182202826,0.74,0.17,657.2463564,2815.18314,996.9547547,50,133.3389922,4385.899603618036,32.081301367135666,4385.899603618036,490.8050823,3895.094521,-4.882352941,0.21488568670631714,0.785078942,0.050168258,0.1416642371542221,33.18772056525947,0.000334352,3016085.492094209,4041.7037224158457,10778.331733895075,8.758415424381383e-05,0.002522031,2.1670107054137107e-08,2.3399078845512083e-07,GOOD,0.6592539471827814,0.23346486717761028,,100.0162422,4161.804783
510,Truck Crops,Sacramento River,402.7464276,347.5260689,22.66687043,2.662234731,0.139554281,1.1244727167916924,1.262909809962677,0.408854799,0.17,7441.94487,27484.23099,27982.75263,50,133.1117366,7743.2611315885515,55.95861688437798,7743.2611315885515,490.8050823,7252.456049,-4.882352941,0.3279927594239959,0.6719726786974648,0.11554771912871645,0.10903091832271547,18.103250576479198,0.006072943,103483.82089041418,402.7464250169359,1072.2053096428374,2.5830640879576094e-06,0.0002177,6.413623836095348e-09,2.030394862868678e-07,GOOD,0.332418674,0.35228740820875265,,347.5260689,7520.42675
510,Vineyard,Sacramento River,38052.28851,1710.018579,10.45667513,2.661751325,0.302297005,0.1329510358537938,0.3058799853780738,0.13,0.17,2773.231975,2743.166444,4105.247296,50,133.0875663,17747.21432421124,127.18698090749545,17747.21432421124,490.8050823,17256.40924,-4.882352941,0.5282735220661597,0.4717114591919203,0.7965809262310302,0.5251703944457781,9.189604705423516,0.000202151,38954.298590455015,38052.28847738893,101285.70811832325,3.2611067581456155e-05,0.021242452,8.570067362147243e-10,2.0972798096453989e-07,GOOD,0.9941259073363267,1.5078948555200695,,1710.018579,17526.12161
510,Vineyard,San Joaquin River,12684.09617,1685.130979,10.67836099,3.098484515,0.302297005,0.1329510358537938,0.3058799853780738,0.13,0.17,2773.231975,2743.166444,4105.247296,50,154.9242258,17838.705827038106,110.04584777732482,17838.705827038106,490.8050823,17347.90074,-4.882352941,0.3153286794062508,0.6846624018215567,0.4754824934746229,0.31347640952390476,8.445266592779221,0.000606453,13053.60873211371,12684.096156654032,39301.46732,1.3345968909561634e-05,0.008250576,1.0521813088367363e-09,2.0993043609662583e-07,GOOD,0.9941259073363267,1.5078948555200695,,1685.130979,17513.66547
511,Alfalfa,Sacramento River,4420.443706,277.3730832,6.753985141,3.537610105,0.306290873,0.13122437452970753,0.081460253,1.86,0.17,739.7198673,484.1807412,381.4811931,50,176.8805053,1695.828447458157,10.04907516652909,1695.828447458157,440.1163598,1255.712088,-4.882352941,0.019685579847459708,0.9803102600603392,0.030075163,0.038171776,3.083256128931187,0.000121625,6032302.970523058,4420.442308833303,15637.796849867671,0.001397167,0.009473062,3.1606933368186646e-07,6.057794413548342e-07,GOOD,1.939072961544676,1.5277763122781245,,277.3730832,1247.120444
511,Alfalfa,San Joaquin River,122.2024668,260,5.8,4.134965358,0.306290873,0.13122437452970753,0.081460253,1.86,0.17,739.7198673,484.1807412,381.4811931,50,206.74826789999997,1300.587002,6.924303165884878,1300.587002,440.1163598,860.4706425,-4.882352941,0.006113677,0.9938846383612135,0.009340331,0.011854865998564609,2.1045594979842144,0.004399538,114285.69679981476,122.20239824524212,505.3025450473067,6.855475787403975e-05,0.000421833,5.609932407194235e-07,8.348117189185165e-07,GOOD,1.939072961544676,1.5277763122781245,,260,652.5840989
511,Almonds & Pistachios,Sacramento River,8968.024185,4692.411059,0.56777195,3.61367267,0.287448101,0.311217018,0.03090217,0.4,0.17,2039.310074,2110.873995,639.9084906,50,180.6836335,2482.8549505789956,13.990349901984919,2482.8549505789956,440.1163598,2042.738591,-4.882352941,0.025284586,0.9747114091702214,0.024299867,0.077115392,0.27121206758534505,0.000278768,601581.4819566046,8968.023799903021,32407.493373077952,0.000385097,0.010528155573410913,4.2941117334763185e-08,3.2486783324926734e-07,GOOD,3.0498974152879694,0.9610545813701002,,4692.411059,2010.658302
511,Citrus & Subtropical,Sacramento River,90.25113441,1059.333333,2.266666667,2.972946835,0.183365181,0.094855843,0.7506750003126099,0.13,0.17,2549.235389,1743.692937,5418.931559,50,148.6473418,2251.8219557451107,15.313464776159588,2251.8219557451107,440.1163598,1811.705596,-4.882352941,0.069035364,0.9309492198115016,0.095983816,0.034119612,1.3283470149694767,0.085232255,9.700649586,90.25113331157074,268.31176036225696,1.0984292657667538e-06,6.403711216762531e-05,1.2170808410858552e-08,2.386667539195335e-07,GOOD,0.49423381869050864,1.3903572019867076,,1059.333333,1958.206015
511,Corn,Sacramento River,2971.953332,229.3619279,5.380592823,2.826875063,0.234536008,1.320694044672553,0.033525185,0.3,0.17,423.9938724,1022.014707,159.5840787,50,141.3437532,1091.8796290211835,8.264008481076464,1091.8796290211835,440.1163598,651.7632692,-4.882352941,0.046134718462190374,0.9538380249813799,0.019441579,0.12202450226726298,2.9381217654994067,0.001121597,20737.72451919871,2971.9531153806747,8401.337668150767,0.000216619,0.00309448,7.288786233497724e-08,3.683316604025948e-07,GOOD,2.644960375498291,0.4214088525991567,,229.3619279,832.9532568
511,Corn,San Joaquin River,39.99894702,220,4.9,2.415829265,0.234536008,1.320694044672553,0.033525185,0.3,0.17,423.9938724,1022.014707,159.5840787,50,120.7914633,956.3287757930001,8.438040081851993,956.3287757930001,440.1163598,516.212416,-4.882352941,0.096456339,0.9034785989777621,0.040647555102985324,0.25512319436379743,3.1102736159530116,0.083335527,221.0788816,39.99894408334981,96.63060638,2.9366501905769837e-06,2.0403929553935996e-05,7.341818746150041e-08,2.1115385705164275e-07,GOOD,2.644960375498291,0.4214088525991567,,220,784.5996929
511,Cucurbits,Sacramento River,313.9772742,203,12,1.97136542,0.087908733,0.5954029958862788,4.8590594140887005,0.05,0.17,920.9338517,2396.72349,6846.813993,50,98.568271,2336.461468,23.307557018376357,2336.461468,440.1163598,1896.345109,-4.882352941,0.46296137435757295,0.5368637974015756,0.17789152624166912,0.062270831414042035,10.336798954200365,0.063698878,6.13643430238606e-05,313.9772734371485,618.9637839129966,7.628515277247061e-07,0.000157111,2.42963930962334e-09,2.5382858529308896e-07,GOOD,0.13450545739469513,0.38424701518246485,,203,2236.143548
511,Dry Beans,Sacramento River,284.0057639,1366.283453,0.938940486,2.293810917,0.272510229,0.8579188204514863,0.0413722,1.68,0.17,521.9411016,903.6303871,214.6292221,50,114.6905459,1167.306092497578,10.573268572448049,1167.306092497578,440.1163598,727.1897327,-4.882352941,0.15019911761479499,0.8497250223624542,0.084651701,0.3854823332945948,0.6492011744328694,0.002095866,191398.38678391435,284.00568708704316,651.4551721682053,7.68129568200493e-05,0.000349557,2.704626686629345e-07,5.365777516746994e-07,GOOD,2.5664753522934403,0.5635965250716192,,1366.283453,1018.608622
511,Grain,Sacramento River,20064.75303,186.8257475,2.759479526,0.78906264,0.351483763,0.6729928083090427,0.036299510576689786,0.74,0.17,345.3012994,477.8051109,110.9675411,50,39.453132000000004,475.1378950328957,12.152090475839335,475.1378950328957,440.1163598,35.02153521,-4.882352941,0.9733703983171749,0.025402750183454687,0.703437565,3.0288682548330867,2.7901027483409573,6.734951331475977e-05,135973.1724018772,20064.752759476116,15832.342285225719,0.000270524,0.004711574,1.3482542424062936e-08,2.975916382373573e-07,GOOD,3.1117324505343373,0.7226823065494933,,186.8257475,483.3500566
511,Grain,San Joaquin River,134.6236207,172,2.7,0.466656841,0.351483763,0.6729928083090427,0.036299510576689786,0.74,0.17,345.3012994,477.8051109,110.9675411,50,23.33284205,440.11635982700005,18.213320207959345,440.11635982700005,440.1163598,0,-4.882352941,0.9973640546150083,0.001278901,0.720777355,3.1035300937420227,2.7279431800835368,0.010037995890503868,9.065125454396787,134.63052930830358,62.826254435310005,-0.006908608,-0.003220875,5.1317950502691e-05,5.126902161978414e-05,GOOD,3.1117324505343373,0.7226823065494933,,172,452.4507936
511,Onions & Garlic,Sacramento River,14.18800314,495.9719202,11.53054091,2.113494575,0.178481578,0.8220938475297447,0.4158621200492846,0.41,0.17,887.6914461,1905.136225,1355.002253,50,105.67472874999999,5612.315813727354,51.13666225341342,5612.315813727354,440.1163598,5172.199454,-4.882352941,0.5789709755098268,0.4209614055607903,0.2697694658864191,0.37929647749822687,10.349197373104204,0.17190751694772338,2625.0679470761315,14.188003024591293,29.986273254981306,1.1540870659132452e-07,-5.59E-06,8.134245915547812e-09,1.8636892080898277e-07,GOOD,0.6551217479671209,0.46594644170006466,,495.9719202,5494.065113
511,Other Deciduous,Sacramento River,15717.03551,1758.299213,1.725065178,3.327741402,0.215021845,0.54254216,0.5586272122329681,0.13,0.17,2284.866179,4950.948854,6009.195442,50,166.3870701,2865.8905208851047,17.26785641169307,2865.8905208851047,440.1163598,2425.774161,-4.882352941,0.046369170662024166,0.9536196964223718,0.029191329,0.028767994,0.9303864350212576,0.000489425,2261.913865979987,15717.035343924312,52302.21467867132,0.000166076,0.015104659862117842,1.0566603851704698e-08,2.887957153010659e-07,GOOD,0.6204120841421951,0.6295417628777134,,1758.299213,2478.171412
511,Pasture,Sacramento River,11176.30227,230.8653018,5,3.965593094,0.350906068,0.10289172336777223,0.068524209,0.51,0.17,328.209843,177.7241242,145.0367898,10,39.65593094,1113.974592,27.24427121023089,1113.974592,440.1163598,673.8582318,-4.882352941,0.032595376,0.9673945302085311,0.06019511,0.073761445,2.4978872122264146,0.000175441,540885.2544378167,11176.300185440028,44320.59849519942,0.00208456,0.068603169,1.8651606959360893e-07,1.5478821416486296e-06,GOOD,2.262942000342034,1.8467377139832826,,230.8653018,996.5449011
511,Pasture,San Joaquin River,740.7498796,330,5,4.600187047,0.350906068,0.10289172336777223,0.068524209,0.51,0.17,328.209843,177.7241242,145.0367898,10,46.00187047,1603.302143,33.65097836577262,1603.302143,440.1163598,1163.185783,-4.882352941,0.019848262,0.9801474672102698,0.036654534,0.044915465,2.253435285537027,0.002647026,61867.70987891229,740.7497835939247,3407.583016140224,9.600607529591798e-05,0.004985063,1.2960660263321355e-07,1.4629299386404522e-06,GOOD,2.262942000342034,1.8467377139832826,,330,1437.860469
511,Rice,Sacramento River,54766.94089,554.3183267,4.349744152,4.534377778,0.381523094,0.7787889472798347,0.016559817107172286,0.2,0.17,851.2633133,1216.2235,177.3500304,50,226.71888889999997,2183.417909741751,10.083770646552875,2183.417909741751,440.1163598,1743.30155,-4.882352941,0.005967245,0.9940310483318122,0.004176615,0.028642209518694072,1.5549221246825726,9.129595187802353e-05,128689.6503892369,54766.93906448436,248333.91932539214,0.001825516,0.080415263,3.333243759000681e-08,3.238189835001967e-07,GOOD,4.7999050645054355,0.699923421,,554.3183267,1381.936936
511,Safflower,Sacramento River,261.7399336,580.9754582,1.033450199,2.357007476,0.396694215,0.4537037030434028,0.032158708,0.74,0.17,212.2655769,227.006242,60.43672676,10,23.57007476,575.9052438339062,23.335751057100282,575.9052438339062,440.1163598,135.788884,-4.882352941,0.2709541712657866,0.7287932633967217,0.25335974478416795,0.9516439222782004,0.7975922242344902,0.005162954,6828.862869477151,261.73976008171303,616.9217970275578,0.000173518,0.001183235,6.629415869250967e-07,1.91796289600652e-06,GOOD,3.5121951355556216,0.9350649358914657,,580.9754582,543.9718038
511,Sunflowers,Sacramento River,417.6073916,3512.820364,0.6,2.873453662,0.386904762,0.3895547862245365,0.081201103,0.74,0.17,734.0697039,736.5793439,336.2917618,50,143.6726831,1963.0671543479998,13.87951621970573,1963.0671543479998,440.1163598,1522.950795,-4.882352941,0.073203206,0.926775712,0.072953791,0.15979058,0.35636150509743714,0.003235937,121874.16460264103,417.6073587363888,1199.9750698805567,3.286361123855386e-05,0.000418791,7.869499414903043e-08,3.4899940503335846e-07,GOOD,2.182835824495322,0.9965928458037955,,3512.820364,1693.99776
511,Tomato Processing,Sacramento River,300.6240857,103.2908517,39.89825454,2.666779844,0.124471553,2.283636824869254,0.28639447182202826,0.74,0.17,657.2463564,2815.18314,996.9547547,50,133.3389922,3986.9392733729915,29.249680607144416,3986.9392733729915,440.1163598,3546.822914,-4.882352941,0.19923360775746274,0.8007303161126358,0.046514047772412144,0.13134554232557333,28.866330732222675,0.004495153,204279.97868486357,300.62407654357963,801.6980239,9.156420389899722e-06,0.00022843,3.045803987587719e-08,2.8493278748998436e-07,GOOD,0.6592539471827814,0.23346486717761028,,103.2908517,3762.844453
511,Truck Crops,Sacramento River,511.4193475,1305.07207,19.53359243,2.662234731,0.139554281,1.1244727167916924,1.262909809962677,0.38190187,0.17,7441.94487,27484.23099,27982.75263,50,133.1117366,25358.678663941428,181.09424079771676,25358.678663941428,440.1163598,24918.5623,-4.882352941,0.6151489340998121,0.38483127269709083,0.21670922365639958,0.2044869932736547,17.70230261054248,0.005120013,354867.0503651166,511.4193463584024,1361.5179994000116,1.1415976359785418e-06,0.00034962,2.2322144079199932e-09,2.56786731318173e-07,GOOD,0.332418674,0.35228740820875265,,1305.07207,25135.84428
511,Vineyard,Sacramento River,60.43230211,1732.281685,10.45176904,2.661751325,0.302297005,0.1329510358537938,0.3058799853780738,0.13,0.17,2773.231975,2743.166444,4105.247296,50,133.0875663,17971.51366118603,128.78240521217535,17971.51366118603,440.1163598,17531.3973,-4.882352941,0.5314021186204758,0.46858296224529283,0.8012985208802812,0.5282806133340268,9.196233098401077,0.12728801359091055,62.850643346921025,60.43230204480144,160.85573110380662,6.51985629929186e-08,2.9110286192235435e-05,1.0788694244055597e-09,1.8097136312365046e-07,GOOD,0.9941259073363267,1.5078948555200695,,1732.281685,17750.42095
511,Vineyard,San Joaquin River,20.1441007,1685.130979,10.67836099,3.098484515,0.302297005,0.1329510358537938,0.3058799853780738,0.13,0.17,2773.231975,2743.166444,4105.247296,50,154.9242258,17838.705827038106,110.04584777732482,17838.705827038106,440.1163598,17398.58947,-4.882352941,0.3153286794062512,0.6846624018215565,0.47548249347462346,0.31347640952390515,8.445266592779223,0.38186404083592035,20.791510345551853,20.144100673052055,62.41618116766226,2.6947944320454553e-08,2.9198884021752747e-06,1.3377586183559217e-09,4.67809502432826e-08,GOOD,0.9941259073363267,1.5078948555200695,,1685.130979,17513.66547
601,Alfalfa,San Joaquin River,68.96354348,281,6.7,4.134965358,0.306290873,0.13122437452970753,0.081460253,1.86,0.17,739.7198673,484.1807412,381.4811931,50,206.74826789999997,1675.287002,8.644818018,1675.287002,378.7025376,1296.584465,-4.882352941,0.007860775,0.9921375438417913,0.012009505230521711,0.015242615,2.543266983132194,0.007795922,97172.69554770387,68.96323823240648,285.1597112278437,0.000305248,0.002152027,4.426216782275406e-06,7.546685445508796e-06,GOOD,1.939072961544676,1.5277763122781245,,281,1027.284099
601,Almonds & Pistachios,San Joaquin River,347.6394954,4837.666667,1.066666667,3.753630493,0.287448101,0.311217018,0.03090217,0.4,0.17,2039.310074,2110.873995,639.9084906,50,187.6815247,4971.815462004889,26.090436172519603,4971.815462004889,378.7025376,4593.112924,-4.882352941,0.039881098983589436,0.9601157460071994,0.038327912888253074,0.12163326070889309,0.5555734406807715,0.007191358,52430.88624750678,347.6394116824819,1304.9060461505144,8.371751806635075e-05,0.004164354,2.4081705092231803e-07,3.191295481815028e-06,GOOD,3.0498974152879694,0.9610545813701002,,4837.666667,4455.061119
601,Citrus & Subtropical,San Joaquin River,26.01542055,1043.5,3.6,3.247465856,0.183365181,0.094855843,0.7506750003126099,0.13,0.17,2549.235389,1743.692937,5418.931559,50,162.3732928,3593.54045,21.94115141164831,3593.54045,378.7025376,3214.837912,-4.882352941,0.065757344,0.9342334541117816,0.091426197,0.032499503,2.080355344725603,0.29568261937275087,4.961708783327394,26.01541808958254,84.48395422727877,2.4604174626574604e-06,0.000235738,9.457534841417201e-08,2.79032475851361e-06,GOOD,0.49423381869050864,1.3903572019867076,,1043.5,3228.26938
601,Corn,San Joaquin River,214.2460672,694,10.5,2.415829265,0.234536008,1.320694044672553,0.033525185,0.3,0.17,423.9938724,1022.014707,159.5840787,50,120.7914633,7165.328776,57.03895925459692,7165.328776,378.7025376,6786.626238,-4.882352941,0.4443468062706407,0.5556131824095317,0.18725167778661048,1.1752796955650602,8.923409968150974,0.015558434172897309,15561.619081735917,214.24605167338214,517.5803997967319,1.5526617858085956e-05,0.001519256,7.247095856182865e-08,2.9352960929788837e-06,GOOD,2.644960375498291,0.4214088525991567,,694,6993.599693
601,Cucurbits,San Joaquin River,11.99504263,203,12,2.299627126,0.087908733,0.5954029958862788,4.8590594140887005,0.05,0.17,920.9338517,2396.72349,6846.813993,50,114.98135629999999,2320.0483831340002,20.00834540048819,2320.0483831340002,378.7025376,1941.345846,-4.882352941,0.25706394645507763,0.7428382916827644,0.098776054,0.034576504,9.176584256961513,1.6673554748341897,2.3999640602675662e-06,11.995042154072594,27.584066481000725,4.7592740592961036e-07,5.89284736562945e-05,3.9677008295018486e-08,2.136318363606852e-06,GOOD,0.13450545739469513,0.38424701518246485,,203,2166.043383
601,Dry Beans,San Joaquin River,173.6421719,1717.086552,1.29051265,2.212101358,0.272510229,0.8579188204514863,0.0413722,1.68,0.17,521.9411016,903.6303871,214.6292221,50,110.6050679,2104.4546375748823,18.932926734848998,2104.4546375748823,378.7025376,1725.7521,-4.882352941,0.2828344888740323,0.7170862667813115,0.15940453509981212,0.7258877444737171,1.006943271551027,0.003427958,277653.3096001758,173.6419237856759,384.1124036,0.000248114,0.001680616,1.4288828650616905e-06,4.375305530976445e-06,GOOD,2.5664753522934403,0.5635965250716192,,1717.086552,1970.080494
601,Grain,San Joaquin River,411.9040655,168.174423,2.396239396,0.466656841,0.351483763,0.6729928083090427,0.036299510576689786,0.74,0.17,345.3012994,477.8051109,110.9675411,50,23.33284205,378.7025376191685,15.804729318497843,378.7025376191685,378.7025376,0,-4.882352941,0.9969382898642754,0.001485472,0.7204696628066218,3.102205227750873,2.4249533579584246,0.003280743,27.73630667128218,411.9048423526428,192.2176540133586,-0.000776853,0.000195988,1.8860038243218246e-06,1.0196135710745888e-06,GOOD,3.1117324505343373,0.7226823065494933,,168.174423,391.0369713
601,Onions & Garlic,San Joaquin River,34.60035632,659,5.9,1.480822037,0.178481578,0.8220938475297447,0.4158621200492846,0.41,0.17,887.6914461,1905.136225,1355.002253,50,74.04110185,3813.224925,49.45507378,3813.224925,378.7025376,3434.522387,-4.882352941,0.8832482943819894,0.11659988265339018,0.4115463999049392,0.578635167,5.774764358,0.070491308,4251.072522045202,34.600352799967574,51.236839755950044,3.5200324290940443e-06,0.000130371,1.0173399361957911e-07,2.5444665807334973e-06,GOOD,0.6551217479671209,0.46594644170006466,,659,3777.041867
601,Other Deciduous,San Joaquin River,592.0629546,3067.845538,2.140904435,3.445837194,0.215021845,0.54254216,0.5586272122329681,0.13,0.17,2284.866179,4950.948854,6009.195442,50,172.2918597,6394.769104633162,36.116535882314814,6394.769104633162,378.7025376,6016.066567,-4.882352941,0.081195347,0.9187959157237652,0.051115862,0.050374575,1.2871298457289704,0.012992381354960206,211.30638076397432,592.0629225348385,2040.1464691080757,3.206516146292415e-05,0.006081042,5.4158364771508966e-08,2.980680114997265e-06,GOOD,0.6204120841421951,0.6295417628777134,,3067.845538,5972.958229
601,Tomato Processing,San Joaquin River,61.64926513,102,42.2,2.379660861,0.124471553,2.283636824869254,0.28639447182202826,0.74,0.17,657.2463564,2815.18314,996.9547547,50,118.9830431,4184.57053,34.210520689413606,4184.57053,378.7025376,3805.867992,-4.882352941,0.33789816957304714,0.662043535,0.078887351,0.22276070203686812,33.986582776741166,0.021919991,44951.38867121822,61.64924584494838,146.7038902496485,1.9285051621409366e-05,0.00045309,3.128188402691081e-07,3.088454058497206e-06,GOOD,0.6592539471827814,0.23346486717761028,,102,4018.566206
601,Truck Crops,San Joaquin River,27.19107642,555,22.8,2.667732673,0.139554281,1.1244727167916924,1.262909809962677,0.41,0.17,7441.94487,27484.23099,27982.75263,50,133.38663365000002,12519.65786,89.70698652835864,12519.65786,378.7025376,12140.95532,-4.882352941,0.4380838744866885,0.5618875742860066,0.154331433,0.1456272608625226,19.29599985330409,0.089699442,11809.004175734319,27.19107472030229,72.53833276258085,1.6996977123540091e-06,0.000190217,6.250939411518925e-08,2.6222906839213923e-06,GOOD,0.332418674,0.35228740820875265,,555,12295.63318
601,Vineyard,San Joaquin River,1703.099706,1723.644613,10.4566394,3.098484515,0.302297005,0.1329510358537938,0.3058799853780738,0.13,0.17,2773.231975,2743.166444,4105.247296,50,154.9242258,17867.79908973755,110.22376903012784,17867.79908973755,378.7025376,17489.09655,-4.882352941,0.3156805994878197,0.6843104863242239,0.4760131519551748,0.3138262623943043,8.271777887771927,0.004516651,1766.9795548099294,1703.0996779713419,5277.012772921481,2.802865810735966e-05,0.015293621,1.6457438169130692e-08,2.8981503184191916e-06,GOOD,0.9941259073363267,1.5078948555200695,,1723.644613,17542.75873
602,Alfalfa,San Joaquin River,38190.69117,276.8728371,6.509902575,4.134965358,0.306290873,0.13122437452970753,0.081460253,1.86,0.17,739.7198673,484.1807412,381.4811931,50,206.74826789999997,1595.0021975468458,8.276173237571246,1595.0021975468458,361.8121674,1233.19003,-4.882352941,0.007486951,0.9925113664601644,0.011438386921200095,0.014517744924001425,2.449337781288576,1.407762970847931e-05,51181930.65362119,38190.67882504941,157917.09845045337,0.012344950591796078,0.086535573,3.232450163534466e-07,5.47980722304827e-07,GOOD,1.939072961544676,1.5277763122781245,,276.8728371,946.9992941
602,Almonds & Pistachios,San Joaquin River,4311.107219,4839.723878,1.07714576,3.753630493,0.287448101,0.311217018,0.03090217,0.4,0.17,2039.310074,2110.873995,639.9084906,50,187.6815247,5024.7257370174575,26.35795644255841,5024.7257370174575,361.8121674,4662.91357,-4.882352941,0.040288393,0.9597084535683448,0.038719344438839565,0.12287546494738072,0.5621560858754032,0.000579897,660080.2638954828,4311.107147983003,16182.29991985692,7.101699702616315e-05,0.003595974,1.6473029646114016e-08,2.2221644211572045e-07,GOOD,3.0498974152879694,0.9610545813701002,,4839.723878,4507.971394
602,Citrus & Subtropical,San Joaquin River,31.6879679,1043.5,3.6,3.247465856,0.183365181,0.094855843,0.7506750003126099,0.13,0.17,2549.235389,1743.692937,5418.931559,50,162.3732928,3593.54045,21.94115141164831,3593.54045,361.8121674,3231.728282,-4.882352941,0.065757344,0.9342334541117816,0.091426197,0.032499503,2.0803553447256036,0.24275168785145393,6.0753378989924425,31.68796769324909,102.9055834239231,2.0675091150224034e-07,1.0377350918133743e-05,6.5245872551594055e-09,1.0084340933082751e-07,GOOD,0.49423381869050864,1.3903572019867076,,1043.5,3228.26938
602,Corn,San Joaquin River,48965.90992,172.4220555,24.13487577,2.415829265,0.234536008,1.320694044672553,0.033525185,0.3,0.17,423.9938724,1022.014707,159.5840787,50,120.7914633,4039.7136652935446,32.573221237123214,4039.7136652935446,361.8121674,3677.901498,-4.882352941,0.31075460867097904,0.6891957603395774,0.13095474307993724,0.8219336264382171,19.11246956252337,6.80745714473457e-05,1927500.9392583289,48965.90946577513,118293.25283878611,0.000454225,0.025333303696243092,9.276349043411124e-09,2.1415674743064353e-07,GOOD,2.644960375498291,0.4214088525991567,,172.4220555,3867.984582
602,Cucurbits,San Joaquin River,5718.171981,203,12,2.299627126,0.087908733,0.5954029958862788,4.8590594140887005,0.05,0.17,920.9338517,2396.72349,6846.813993,50,114.98135629999999,2320.0483831340002,20.00834540048819,2320.0483831340002,361.8121674,1958.236216,-4.882352941,0.25706394645507813,0.742838292,0.098776054,0.034576504,9.176584256961517,0.003497621,0.001154043,5718.1719653887285,13149.660627686797,1.5611271919624414e-05,0.002770954,2.730115843226929e-09,2.1072432617018014e-07,GOOD,0.13450545739469513,0.38424701518246485,,203,2166.043383
602,Dry Beans,San Joaquin River,4363.86967,1713.280346,1.289478355,2.212101358,0.272510229,0.8579188204514863,0.0413722,1.68,0.17,521.9411016,903.6303871,214.6292221,50,110.6050679,2097.7706432879104,18.875818416550846,2097.7706432879104,361.8121674,1735.958476,-4.882352941,0.282189752,0.7177309320851128,0.15904116382346778,0.7242330440222715,1.0056989849789493,0.000136401,7019075.855216564,4363.8692401240205,9653.319061,0.000429876,0.002961684,9.85079784783535e-08,3.06804665181082e-07,GOOD,2.5664753522934403,0.5635965250716192,,1713.280346,1963.3965
602,Grain,San Joaquin River,20998.68256,159.5561052,2.419812185,0.466656841,0.351483763,0.6729928083090427,0.036299510576689786,0.74,0.17,345.3012994,477.8051109,110.9675411,50,23.33284205,361.81216738110186,15.14230528409454,361.81216738110186,361.8121674,0,-4.882352941,0.9967959571768668,0.001554528,0.720366801,3.101762326508692,2.4501245961163387,6.435410161995189e-05,1413.984342373685,20998.698825965046,9799.184395394532,-0.016265965,-0.005526783,7.746183599159238e-07,5.640047203663838e-07,GOOD,3.1117324505343373,0.7226823065494933,,159.5561052,374.1466011
602,Onions & Garlic,San Joaquin River,1735.476541,659,5.9,1.480822037,0.178481578,0.8220938475297447,0.4158621200492846,0.41,0.17,887.6914461,1905.136225,1355.002253,50,74.04110185,3813.224925,49.45507378,3813.224925,361.8121674,3451.412757,-4.882352941,0.8832482943819894,0.11659988265339001,0.4115463999049392,0.578635167,5.774764358,0.001405392,214272.8412,1735.476528838089,2569.931378593807,1.2161910944996634e-05,0.000528016,7.007822150098792e-09,2.0545895615629816e-07,GOOD,0.6551217479671209,0.46594644170006466,,659,3777.041867
602,Other Deciduous,San Joaquin River,922.9231213,1834.904345,2.050331518,3.445837194,0.215021845,0.54254216,0.5586272122329681,0.13,0.17,2284.866179,4950.948854,6009.195442,50,172.2918597,3588.967197502646,20.687729720485265,3588.967197502646,361.8121674,3227.15503,-4.882352941,0.047254265,0.9527366757044343,0.029748532991659967,0.029317116737676546,1.1079265527175541,0.008334722,176.6976848621555,922.9231148306887,3180.2421446822764,6.469311301771086e-06,0.000673896,7.009588504683489e-09,2.1190074977883944e-07,GOOD,0.6204120841421951,0.6295417628777134,,1834.904345,3167.156321
602,Pasture,San Joaquin River,15034.81987,323.702267,5,4.600187047,0.350906068,0.10289172336777223,0.068524209,0.51,0.17,328.209843,177.7241242,145.0367898,10,46.00187047,1571.813478,33.00878176899562,1571.813478,361.8121674,1210.001311,-4.882352941,0.019466116114220534,0.9805296111939564,0.035948811,0.044050692,2.244738711207293,0.000130416,1306238.1621130984,15034.818339434256,69162.90579642293,0.001530566,0.077823529,1.0180140212421492e-07,1.1252193763657643e-06,GOOD,2.262942000342034,1.8467377139832826,,323.702267,1406.371804
602,Potatoes,San Joaquin River,1200.422757,733,17.1,3.305132031,0.150675135,1.4974640784942694,0.060261523,0.41,0.17,793.9256634,2502.863999,502.0871398,50,165.2566016,12368.32243,71.92193793413847,12368.32243,361.8121674,12006.51026,-4.882352941,0.17926409144630215,0.8207276429157281,0.056863802,0.28346147824059165,12.058181664650343,0.002031805,515567.44835339685,1200.422750204209,3967.5548935802676,6.795791023250786e-06,0.000811322,5.661164771846112e-09,2.044890663608767e-07,GOOD,1.5812507454985842,0.31720687248646934,,733,11986.39671
602,Rice,San Joaquin River,4122.956178,579,4.7,4.833919598,0.381523094,0.7787889472798347,0.016559817107172286,0.2,0.17,851.2633133,1216.2235,177.3500304,50,241.69597989999997,2478.5979188320002,10.678582866869956,2478.5979188320002,361.8121674,2116.785751,-4.882352941,0.0046557,0.9953431266351189,0.003258634,0.022346919748700466,1.5949685822659394,0.001212722,11763.091557684893,4122.9560785738595,19930.03384891864,9.942614087776747e-05,0.004821611,2.4115255313239338e-08,2.419268128347541e-07,GOOD,4.7999050645054355,0.699923421,,579,1551.784194
602,Safflower,San Joaquin River,3354.30397,571.9681503,1.259363007,2.40565496,0.396694215,0.4537037030434028,0.032158708,0.74,0.17,212.2655769,227.006242,60.43672676,10,24.0565496,695.3250957730359,27.45109560679906,695.3250957730359,361.8121674,333.5129284,-4.882352941,0.284631487,0.7151487398313257,0.2661489228360791,0.9996813229094768,0.9805453901616182,0.000402871,214574.76010906525,3354.3031289892706,8069.287709984075,0.000841011,0.010272794,2.507258545640173e-07,1.2730716027168716e-06,GOOD,3.5121951355556216,0.9350649358914657,,571.9681503,661.5612152
602,Sunflowers,San Joaquin River,276.2144979,3640,0.6,2.945560199,0.386904762,0.3895547862245365,0.081201103,0.74,0.17,734.0697039,736.5793439,336.2917618,50,147.27801,2035.7696090979998,14.032210178647887,2035.7696090979998,361.8121674,1673.957442,-4.882352941,0.066117107,0.9338645313524984,0.065891836,0.14432278927688127,0.34895046805620894,0.004892398,88600.98188359743,276.2144802333053,813.6062177269405,1.766669470271154e-05,0.000213674,6.396005581541756e-08,2.6262583525837374e-07,GOOD,2.182835824495322,0.9965928458037955,,3640,1749.326095
602,Tomato Processing,San Joaquin River,15569.95568,101.1737629,43.10886085,2.379660861,0.124471553,2.283636824869254,0.28639447182202826,0.74,0.17,657.2463564,2815.18314,996.9547547,50,118.9830431,4241.6561962699925,34.664226287357714,4241.6561962699925,361.8121674,3879.844029,-4.882352941,0.3409360916823431,0.6590058806263833,0.079596599,0.22476346417865536,34.77959009585402,8.679224136053234e-05,11573450.563024372,15569.955348554227,37051.205780936994,0.000331446,0.008358264,2.1287521849590876e-08,2.2558676787369677e-07,GOOD,0.6592539471827814,0.23346486717761028,,101.1737629,4075.651873
602,Truck Crops,San Joaquin River,3002.976307,4635.102035,11.20724358,2.667732673,0.139554281,1.1244727167916924,1.262909809962677,0.306958193,0.17,7441.94487,27484.23099,27982.75263,50,133.38663365000002,51812.37538408369,368.26169504928754,51812.37538408369,361.8121674,51450.56322,-4.882352941,0.7633940644548469,0.2365939134843138,0.2689341164087435,0.2537664430025611,10.609956473530142,0.001084848,1824692.8471032432,3002.9763046982307,8011.1364169660665,2.301769200130366e-06,0.001593463,7.664959576154145e-10,1.9890591206745404e-07,GOOD,0.332418674,0.35228740820875265,,4635.102035,51588.35071
602,Vineyard,San Joaquin River,1966.041494,1723.644613,10.4566394,3.098484515,0.302297005,0.1329510358537938,0.3058799853780738,0.13,0.17,2773.231975,2743.166444,4105.247296,50,154.9242258,17867.79908973755,110.22376903012784,17867.79908973755,361.8121674,17505.98692,-4.882352941,0.31568059948781874,0.6843104863242249,0.47601315195517335,0.31382626239430333,8.271777887771922,0.003912587,2041.7536803036242,1966.0414917561818,6091.747906404928,2.243818244096474e-06,0.001218602,1.1412873283418472e-09,2.000413203672304e-07,GOOD,0.9941259073363267,1.5078948555200695,,1723.644613,17542.75873
603,Alfalfa,Sacramento River,154.5831978,260,5.8,3.537610105,0.306290873,0.13122437452970753,0.081460253,1.86,0.17,739.7198673,484.1807412,381.4811931,50,176.8805053,1330.454765,8.089152470284803,1330.454765,423.9960699,906.4586951,-4.882352941,0.015510776,0.9844850463529824,0.023696995911101835,0.030076526,2.534876492515139,0.003477961,152292.42995216404,154.58310219803727,546.8545511400306,9.560196272673238e-05,0.00053146,6.184498968019951e-07,9.7184881354734e-07,GOOD,1.939072961544676,1.5277763122781245,,260,881.7467617
603,Alfalfa,San Joaquin River,9331.766397,275.1474702,6.319999543,4.134965358,0.306290873,0.13122437452970753,0.081460253,1.86,0.17,739.7198673,484.1807412,381.4811931,50,206.74826789999997,1531.518888283606,7.984676102748765,1531.518888283606,423.9960699,1107.522818,-4.882352941,0.00719116,0.9928071573487288,0.010986484,0.013944183837596914,2.3606317510626336,5.76133591144106e-05,11232021.297511524,9331.760678902623,38586.49137272745,0.005718097,0.039407816,6.127561635212746e-07,1.0212842467867874e-06,GOOD,1.939072961544676,1.5277763122781245,,275.1474702,883.5159848
603,Almonds & Pistachios,San Joaquin River,1100.650224,4804.886397,0.900641398,3.753630493,0.287448101,0.311217018,0.03090217,0.4,0.17,2039.310074,2110.873995,639.9084906,50,187.6815247,4139.117284084263,21.880221023094784,4139.117284084263,423.9960699,3715.121214,-4.882352941,0.033425299,0.9665715244815809,0.032123537021181266,0.10194373392522098,0.4531129787288846,0.002271385,134270.2205184591,1100.6501855481167,4131.432568900182,3.8451883256129804e-05,0.001674033,3.493560662386219e-08,4.051942739898969e-07,GOOD,3.0498974152879694,0.9610545813701002,,4804.886397,3622.362941
603,Citrus & Subtropical,San Joaquin River,11.10171003,1043.4,2.64,3.247465856,0.183365181,0.094855843,0.7506750003126099,0.13,0.17,2549.235389,1743.692937,5418.931559,50,162.3732928,2591.5164495420004,16.08863575863615,2591.5164495420004,423.9960699,2167.52038,-4.882352941,0.048308204536204186,0.9516824217575894,0.06716566,0.023875548402010345,1.4371020770205087,0.6928939480062868,1.4275994630902153,11.101709850627694,36.05243814502056,1.7937230545328475e-07,-1.39E-05,1.615717803550709e-08,3.8497779580029446e-07,GOOD,0.49423381869050864,1.3903572019867076,,1043.4,2226.24538
603,Corn,Sacramento River,206.7285555,220,4.9,2.826875063,0.234536008,1.320694044672553,0.033525185,0.3,0.17,423.9938724,1022.014707,159.5840787,50,141.3437532,935.7764858930001,7.218684428611906,935.7764858930001,423.9960699,511.780416,-4.882352941,0.03980285,0.9601697126663286,0.016773273,0.10527696067207036,2.6061215987167894,0.016124204,1132.8074468525658,206.72852810902904,584.3955090080874,2.739097095627585e-05,0.000289345,1.3249727832725968e-07,4.951179917892647e-07,GOOD,2.644960375498291,0.4214088525991567,,220,676.8501137
603,Corn,San Joaquin River,24409.75519,93.43745315,22.38180946,2.415829265,0.234536008,1.320694044672553,0.033525185,0.3,0.17,423.9938724,1022.014707,159.5840787,50,120.7914633,1969.6280486239766,16.36963552,1969.6280486239766,423.9960699,1545.631979,-4.882352941,0.18021937924796014,0.8197215902182903,0.075946042,0.47667311700775356,15.95108577180505,0.000136557,403839.1280231077,24409.75432495975,58969.77630701143,0.00086504,0.024632476,3.543830087689901e-08,4.1771340278506254e-07,GOOD,2.644960375498291,0.4214088525991567,,93.43745315,1797.898966
603,Cotton,San Joaquin River,65.19424293,3323,0.7,3.634047537,0.148539114,1.334590964860844,0.041198802,0.68,0.17,378.6944542,1135.122209,199.4393382,50,181.70237684999998,2143.725616,12.14717374231644,2143.725616,423.9960699,1719.729546,-4.882352941,0.021208113,0.9787867085732431,0.007075357,0.040269863,0.3232882770282588,0.022557026,17520.539137420685,65.19423489836636,236.9188849608259,8.03163364082593e-06,9.298552026848483e-05,1.2319544303090705e-07,3.9247814199815936e-07,GOOD,1.8987951731454202,0.3336155801462545,,3323,1664.260596
603,Cucurbits,San Joaquin River,3610.15731,203,12,2.299627126,0.087908733,0.5954029958862788,4.8590594140887005,0.05,0.17,920.9338517,2396.72349,6846.813993,50,114.98135629999999,2320.0483831340002,20.00834540048819,2320.0483831340002,423.9960699,1896.052313,-4.882352941,0.2570639464550779,0.7428382916827642,0.098776054,0.034576503697625674,9.176584256961515,0.005539925,0.000705467,3610.1572937897613,8302.012527456156,1.6210238754865713e-05,0.003151747,4.490175181553436e-09,3.7963636254937293e-07,GOOD,0.13450545739469513,0.38424701518246485,,203,2166.043383
603,Dry Beans,San Joaquin River,1057.980906,1636.79586,1.208809388,2.212101358,0.272510229,0.8579188204514863,0.0413722,1.68,0.17,521.9411016,903.6303871,214.6292221,50,110.6050679,1867.1069228815334,16.905018233420883,1867.1069228815334,423.9960699,1443.110853,-4.882352941,0.259206948,0.7407111966200081,0.14608813532087267,0.6652482438849031,0.9276974567313532,0.000562617,1414686.426305165,1057.9807077595945,2340.359694560988,0.00019824,0.00130434,1.8737616570227275e-07,5.57324140648525e-07,GOOD,2.5664753522934403,0.5635965250716192,,1636.79586,1732.73278
603,Grain,Sacramento River,116.040797,172,2.7,0.78906264,0.351483763,0.6729928083090427,0.036299510576689786,0.74,0.17,345.3012994,477.8051109,110.9675411,50,39.453132000000004,423.9960698770001,10.946601306835309,423.9960698770001,423.9960699,0,-4.882352941,0.970256491,0.028373197226634932,0.7011871985217504,3.0191786069276962,2.733384663536861,0.011645484918130571,7.813817346194664,116.03837346023239,91.56153831224576,0.00242354,0.001919316,2.088523890097998e-05,2.0961596777012666e-05,GOOD,3.1117324505343373,0.7226823065494933,,172,432.2082314
603,Grain,San Joaquin River,21100.93031,172.9825353,2.73660649,0.466656841,0.351483763,0.6729928083090427,0.036299510576689786,0.74,0.17,345.3012994,477.8051109,110.9675411,50,23.33284205,449.10148858563406,18.56570829407206,449.10148858563406,423.9960699,25.10541871,-4.882352941,0.9974166143363469,0.0012534,0.7208153394393776,3.103693645532503,2.7643746961749334,6.404226408495975e-05,102909.2579425462,21100.94511960484,9846.896684276071,-0.014809605,-0.00320365,7.018460618613239e-07,3.253462958800427e-07,GOOD,3.1117324505343373,0.7226823065494933,,172.9825353,461.4359223
603,Lettuce,San Joaquin River,99.02341852,1341,12.9,3.326092372,0.164570286,0.680529189,1.2720462492145637,0.25,0.17,2859.243032,5814.317411,7949.261967,50,166.3046186,17131.63862,98.49938185080362,17131.63862,423.9960699,16707.64255,-4.882352941,0.22570125430372426,0.7742883090096917,0.11099062723738128,0.081181717,9.528935855013147,0.040394485,7575.642103761804,99.02341810659814,329.3609425659928,4.1340186385241395e-07,9.442274279081175e-05,4.174788853294518e-09,2.866846171426194e-07,GOOD,0.35968660202607483,0.49175901826412594,,1341,16743.63833
603,Onions & Garlic,San Joaquin River,1196.836168,659,5.9,1.480822037,0.178481578,0.8220938475297447,0.4158621200492846,0.41,0.17,887.6914461,1905.136225,1355.002253,50,74.04110185,3813.224925,49.45507378,3813.224925,423.9960699,3389.228855,-4.882352941,0.8832482943819894,0.1165998826533901,0.4115463999049392,0.578635167,5.774764358,0.002037893,145106.7091405699,1196.8361559230545,1772.3007299348328,1.2076945495209657e-05,0.000642318,1.0090725713437544e-08,3.624204164864354e-07,GOOD,0.6551217479671209,0.46594644170006466,,659,3777.041867
603,Other Deciduous,San Joaquin River,964.1593638,1775.017994,1.545143822,3.445837194,0.215021845,0.54254216,0.5586272122329681,0.13,0.17,2284.866179,4950.948854,6009.195442,50,172.2918597,2569.463073801933,15.081585015191035,2569.463073801933,423.9960699,2145.467004,-4.882352941,0.034292017,0.9656987999194406,0.021588257,0.021275181766822457,0.7847713619314558,0.007978253,122.72435408401985,964.1593467515056,3322.334887891574,1.7048494441951334e-05,0.001308834,1.7682237067904244e-08,3.9394984907249817e-07,GOOD,0.6204120841421951,0.6295417628777134,,1775.017994,2147.652198
603,Pasture,Sacramento River,259.6773362,330,5,3.965593094,0.350906068,0.10289172336777223,0.068524209,0.51,0.17,328.209843,177.7241242,145.0367898,10,39.65593094,1609.648083,38.94309551621063,1609.648083,423.9960699,1185.652013,-4.882352941,0.046421362,0.953568688,0.085728081,0.10504885054365488,2.6796073376486724,0.007550849,22107.12026060325,259.6772974591023,1029.7727314434755,3.874089770761202e-05,0.00191966,1.4918859795209197e-07,1.8641549959914038e-06,GOOD,2.262942000342034,1.8467377139832826,,330,1492.218392
603,Pasture,San Joaquin River,21911.1173,293.7384109,5,4.600187047,0.350906068,0.10289172336777223,0.068524209,0.51,0.17,328.209843,177.7241242,145.0367898,10,46.00187047,1421.994198,29.953287607249482,1421.994198,423.9960699,997.9981277,-4.882352941,0.017643824,0.9823518955657664,0.032583515,0.039926949927598966,2.201357896927333,8.94881026320593e-05,1570215.6235439004,21911.112662565632,100795.02915913869,0.004637434,0.20882961893221363,2.1164755341869504e-07,2.071820287338434e-06,GOOD,2.262942000342034,1.8467377139832826,,293.7384109,1256.552524
603,Potatoes,San Joaquin River,290.4688455,733,17.1,3.305132031,0.150675135,1.4974640784942694,0.060261523,0.41,0.17,793.9256634,2502.863999,502.0871398,50,165.2566016,12368.32243,71.92193793413847,12368.32243,423.9960699,11944.32636,-4.882352941,0.1792640914463021,0.820727643,0.056863802,0.28346147824059154,12.058181664650343,0.008396854,124106.84096033097,290.4688427393015,960.0375522717151,2.7606984644990007e-06,0.000332998,9.50428421935185e-09,3.46859150212662e-07,GOOD,1.5812507454985842,0.31720687248646934,,733,11986.39671
603,Rice,San Joaquin River,282.5940542,500.9823988,4.555522961,4.833919598,0.381523094,0.7787889472798347,0.016559817107172286,0.2,0.17,851.2633133,1216.2235,177.3500304,50,241.69597989999997,2039.5347396222594,8.955666414078058,2039.5347396222594,423.9960699,1615.53867,-4.882352941,0.00383427,0.9961645559532658,0.002683695,0.018404132,1.4914698643992017,0.017693224,615.3759428,282.5940388437479,1366.036341421044,1.5356252106357715e-05,0.000595455,5.434032272840974e-08,4.3589934806752647e-07,GOOD,4.7999050645054355,0.699923421,,500.9823988,1112.721015
603,Safflower,San Joaquin River,662.696933,584.7793923,1.069013022,2.40565496,0.396694215,0.4537037030434028,0.032158708,0.74,0.17,212.2655769,227.006242,60.43672676,10,24.0565496,600.1463514689465,23.823850737007763,600.1463514689465,423.9960699,176.1502816,-4.882352941,0.2556469558184751,0.7441243661373013,0.23904650435325075,0.8978819946452511,0.8151294115668287,0.002039169,22414.163110439553,662.6964288256785,1594.2160998614982,0.000504174,0.004063987,7.607916927892653e-07,2.5492004377416234e-06,GOOD,3.5121951355556216,0.9350649358914657,,584.7793923,566.3824709
603,Sunflowers,San Joaquin River,40.05833006,3640,0.6,2.945560199,0.386904762,0.3895547862245365,0.081201103,0.74,0.17,734.0697039,736.5793439,336.2917618,50,147.27801,2035.7696090979998,14.032210178647887,2035.7696090979998,423.9960699,1611.773539,-4.882352941,0.066117107,0.9338645313524985,0.065891836,0.14432278927688114,0.34895046805620894,0.03373459,12372.241436715107,40.05832567630646,117.99419267085517,4.383693543275058e-06,2.9992286115998468e-05,1.0943275809823056e-07,2.541843612260804e-07,GOOD,2.182835824495322,0.9965928458037955,,3640,1749.326095
603,Tomato Processing,San Joaquin River,2168.815799,101.6535023,42.41777185,2.379660861,0.124471553,2.283636824869254,0.28639447182202826,0.74,0.17,657.2463564,2815.18314,996.9547547,50,118.9830431,4192.085598,34.270248967470366,4192.085598,423.9960699,3768.089528,-4.882352941,0.33829969799746556,0.6616420421883409,0.078981094,0.22302541123557207,34.16993134565235,0.000623083,1565689.0408659216,2168.8157228613645,5161.044003668577,7.613863544975175e-05,0.00206793,3.5106086687886466e-08,4.00680431323635e-07,GOOD,0.6592539471827814,0.23346486717761028,,101.6535023,4026.081275
603,Truck Crops,Sacramento River,5.11933457,320,22.8,2.662234731,0.139554281,1.1244727167916924,1.262909809962677,0.41,0.17,7441.94487,27484.23099,27982.75263,50,133.1117366,7161.932757,51.829002088363936,7161.932757,423.9960699,6737.936687,-4.882352941,0.3110276831064236,0.6889368824873742,0.1095711363627352,0.10339141014098535,18.017657013053366,0.4764338718037533,1233.8957176157578,5.119334505926312,13.62889219257629,6.407368857708207e-08,-2.19E-05,1.2516018967106121e-08,1.6069353416568419e-06,GOOD,0.332418674,0.35228740820875265,,320,6939.098375
603,Truck Crops,San Joaquin River,1225.817576,800.3255221,21.86224335,2.667732673,0.139554281,1.1244727167916924,1.262909809962677,0.401693514,0.17,7441.94487,27484.23099,27982.75263,50,133.38663365000002,17362.569183051004,124.0394490574585,17362.569183051004,423.9960699,16938.57311,-4.882352941,0.5195079264327414,0.4804676595350076,0.1830161009468938,0.17269413628021554,19.148176284641664,0.002030857,691898.2844202061,1225.8175699152064,3270.1524208059677,6.084793540139799e-06,0.001177827,4.963865471724807e-09,3.6017479228468967e-07,GOOD,0.332418674,0.35228740820875265,,800.3255221,17138.54451
603,Vineyard,Sacramento River,459.5396488,1685.130979,10.67836099,2.661751325,0.302297005,0.1329510358537938,0.3058799853780738,0.13,0.17,2773.231975,2743.166444,4105.247296,50,133.0875663,17860.542486538106,127.99307559783026,17860.542486538106,423.9960699,17436.54642,-4.882352941,0.5298594622323464,0.47012556951860834,0.7989723572487857,0.5267470186524694,9.390100504374463,0.016739159966707298,475.34349601096613,459.53964808510665,1223.179849587265,7.148933605094498e-07,0.000419496,1.5556728616916021e-09,3.429553111676503e-07,GOOD,0.9941259073363267,1.5078948555200695,,1685.130979,17639.44978
603,Vineyard,San Joaquin River,1838.158595,1739.856918,10.49114804,3.098484515,0.302297005,0.1329510358537938,0.3058799853780738,0.13,0.17,2773.231975,2743.166444,4105.247296,50,154.9242258,18097.365413000138,111.62769296462157,18097.365413000138,423.9960699,17673.36934,-4.882352941,0.31844485803965467,0.6815462637806043,0.48018136320481414,0.31657428343525945,8.313722691055723,0.00418479,1927.1979706447676,1838.1585915520466,5695.503887248344,3.447953531576786e-06,0.002055473,1.8757649861963004e-09,3.6089389309135476e-07,GOOD,0.9941259073363267,1.5078948555200695,,1739.856918,17772.32505
604,Citrus & Subtropical,San Joaquin River,2.43658537,915,2.1,3.247465856,0.183365181,0.094855843,0.7506750003126099,0.13,0.17,2549.235389,1743.692937,5418.931559,50,162.3732928,1758.4404495420001,11.222893690433432,1758.4404495420001,755.3967666,1003.043683,-4.882352941,0.033297058081768575,0.9666934203594562,0.046294805,0.016456532166912147,1.0652668314929397,3.1570031516308794,0.145009827,2.436586143,7.912707965157032,-7.73E-07,1.9829147094085897e-05,3.1741276525413726e-07,2.5059812001064477e-06,GOOD,0.49423381869050864,1.3903572019867076,,915,1393.16938
604,Other Deciduous,San Joaquin River,12.62672737,1548,1.1,3.445837194,0.215021845,0.54254216,0.5586272122329681,0.13,0.17,2284.866179,4950.948854,6009.195442,50,172.2918597,1529.6049864340002,9.363516029266593,1529.6049864340002,755.3967666,774.2082198,-4.882352941,0.020702531564431585,0.9792881561800038,0.013033108217103765,0.012844100754908577,0.5081719582450739,0.6092083456703076,0.5800771391982972,12.626731792050695,43.50939072883646,-4.42E-06,0.000256081,3.502135245196358e-07,5.88561907794346e-06,GOOD,0.6204120841421951,0.6295417628777134,,1548,1107.79411
604,Pasture,San Joaquin River,129.749422,160.4189247,5,4.600187047,0.350906068,0.10289172336777223,0.068524209,0.51,0.17,328.209843,177.7241242,145.0367898,10,46.00187047,755.3967666249999,16.35834474103093,755.3967666249999,755.3967666,0,-4.882352941,0.009453022,0.9905426621668881,0.017457251331897957,0.021391639,1.9481490333588505,0.015112085152298328,3.268200398145707,129.74941822553163,596.8522713157183,3.774468382289342e-06,0.019339124,2.909044467488527e-08,3.2400811297311336e-05,GOOD,2.262942000342034,1.8467377139832826,,160.4189247,589.9550928
604,Vineyard,San Joaquin River,1.80585985,1783.357682,10.43093354,3.098484515,0.302297005,0.1329510358537938,0.3058799853780738,0.13,0.17,2773.231975,2743.166444,4105.247296,50,154.9242258,18446.354376834453,113.76195182383904,18446.354376834453,755.3967666,17690.95761,-4.882352941,0.32260459215826565,0.6773865838481696,0.48645380488259893,0.32070958289020146,8.287733738034923,4.259637143108138,1.8952188780010342,1.8058598861093949,5.595427473434033,-3.61E-08,1.3080511900298575e-06,1.999567951387917e-08,2.3377139467096474e-07,GOOD,0.9941259073363267,1.5078948555200695,,1783.357682,18121.31402
605,Almonds & Pistachios,San Joaquin River,92.66829985,4618,1.5,3.753630493,0.287448101,0.311217018,0.03090217,0.4,0.17,2039.310074,2110.873995,639.9084906,50,187.6815247,6738.637682,35.02368698931594,6738.637682,6738.637682,0,-4.882352941,0.053297419,0.94669947,0.051221729,0.16255166168869947,0.827455531,0.026977942,0.8746099739742592,92.66829811063731,347.83429737855613,1.7393626876582857e-06,0.008258673,1.8769770142257398e-08,2.3742560326552075e-05,GOOD,3.0498974152879694,0.9610545813701002,,4618,6221.883339
605,Other Deciduous,San Joaquin River,41.1504138,5280,2,3.445837194,0.215021845,0.54254216,0.5586272122329681,0.13,0.17,2284.866179,4950.948854,6009.195442,50,172.2918597,10386.804986433997,58.06831646056801,10386.804986433997,6738.637682,3648.167304,-4.882352941,0.12551909161114314,0.8744725928463705,0.07901951,0.077873561,1.3118903706352543,0.18693147849482117,8.906172824532947,41.15041687620076,141.79432947114668,-3.08E-06,0.003296949,7.475503819741802e-08,2.325109007417117e-05,GOOD,0.6204120841421951,0.6295417628777134,,5280,9964.99411
606,Alfalfa,San Joaquin River,33567.3464,276.8489809,7.090374858,4.134965358,0.306290873,0.13122437452970753,0.081460253,1.86,0.17,739.7198673,484.1807412,381.4811931,50,206.74826789999997,1755.5500559982822,9.013362922286975,1755.5500559982822,721.2095661,1034.34049,-4.882352941,0.008234215,0.991764104,0.012580038930561449,0.015966744,2.7143536957054955,1.6016589521123138e-05,37733788.28580058,33567.34023033879,138799.7607187213,0.006169661,0.053805265,1.837994918225466e-07,3.876465173030497e-07,GOOD,1.939072961544676,1.5277763122781245,,276.8489809,1107.547153
606,Alfalfa,Tulare Lake,128.2301119,264,7.7,4.524530937,0.306290873,0.13122437452970753,0.081460253,1.86,0.17,739.7198673,484.1807412,381.4811931,50,226.22654684999998,1805.908723,8.532721174271856,1805.908723,721.2095661,1084.699157,-4.882352941,0.005003862,0.9949951448780379,0.007644782,0.009702854,2.665486566078016,0.004192731,151162.2082,128.2300849,580.1808919007647,2.7049876990759003e-05,0.000216446,2.1094793250943895e-07,3.730658479201247e-07,GOOD,1.939072961544676,1.5277763122781245,,264,1008.712015
606,Almonds & Pistachios,San Joaquin River,206891.2516,4801.648324,1.195551352,3.753630493,0.287448101,0.311217018,0.03090217,0.4,0.17,2039.310074,2110.873995,639.9084906,50,187.6815247,5552.254827845734,29.025202545478578,5552.254827845734,721.2095661,4831.045262,-4.882352941,0.044330398469735605,0.9556664611417222,0.042603932543301484,0.13520316771153237,0.6358427198590261,1.2083642883235378e-05,32819567.962350782,206891.25019938557,776593.1589576101,0.001400614,0.1517830848461017,6.7698097837479716e-09,1.9544732454794755e-07,GOOD,3.0498974152879694,0.9610545813701002,,4801.648324,5035.500484
606,Almonds & Pistachios,Tulare Lake,51722.81289,4696.304865,1.238983784,3.767767793,0.287448101,0.311217018,0.03090217,0.4,0.17,2039.310074,2110.873995,639.9084906,50,188.3883897,5629.576389714309,29.309732720712184,5629.576389714309,721.2095661,4908.366824,-4.882352941,0.043980781360047905,0.9560161458089738,0.042267931,0.13413687139235542,0.6578298139598086,4.833457154228643e-05,8336204.631217054,51722.81254216382,194879.5105196703,0.000347836,0.038050637,6.7250051529329705e-09,1.9525207877596386e-07,GOOD,3.0498974152879694,0.9610545813701002,,4696.304865,5108.212298
606,Citrus & Subtropical,San Joaquin River,1815.392293,820.5,8.025,3.247465856,0.183365181,0.094855843,0.7506750003126099,0.13,0.17,2549.235389,1743.692937,5418.931559,50,162.3732928,6421.452949542001,38.458123232282105,6421.452949542001,721.2095661,5700.243383,-4.882352941,0.11172103656852686,0.8882702143111463,0.15533214780647164,0.055216315,5.148879626823483,0.00423727,613.8954649345859,1815.3922907401038,5895.423398957281,2.2598962914344156e-06,0.001087806,1.244852861912208e-09,1.8451695359960766e-07,GOOD,0.49423381869050864,1.3903572019867076,,820.5,6056.18188
606,Corn,San Joaquin River,36794.06614,63.97559752,25.98613771,2.415829265,0.234536008,1.320694044672553,0.033525185,0.3,0.17,423.9938724,1022.014707,159.5840787,50,120.7914633,1540.8074630272545,13.013044339617183,1540.8074630272545,721.2095661,819.5978969,-4.882352941,0.14674439883572252,0.8531941601734974,0.061839388738714855,0.3881331202468036,17.814947564125077,9.059431813407435e-05,322831.4684702809,36794.06600610837,88888.16396325061,0.000133892,0.017796106985770166,3.6389463748281435e-09,2.0020779628442227e-07,GOOD,2.644960375498291,0.4214088525991567,,63.97559752,1369.07838
606,Cotton,San Joaquin River,44443.40255,3728.186087,0.8,3.634047537,0.148539114,1.334590964860844,0.041198802,0.68,0.17,378.6944542,1135.122209,199.4393382,50,181.70237684999998,2800.1744852100005,15.57522862902743,2800.1744852100005,721.2095661,2078.964919,-4.882352941,0.027523251447321675,0.9724716035915478,0.009182185,0.052261016997442095,0.388256068,3.3089010987393844e-05,14438631.992445625,44443.40145476383,161509.4022221984,0.001095236,0.035350529,2.4643391529234143e-08,2.1887593155642766e-07,GOOD,1.8987951731454202,0.3336155801462545,,3728.186087,2320.709466
606,Cucurbits,San Joaquin River,8988.142073,453.4191883,16.08971824,2.299627126,0.087908733,0.5954029958862788,4.8590594140887005,0.05,0.17,920.9338517,2396.72349,6846.813993,50,114.98135629999999,7179.435367490504,59.921437854364065,7179.435367490504,721.2095661,6458.225801,-4.882352941,0.5170738467924575,0.48286260566560135,0.19868408225891693,0.069549254,14.10270872362327,0.002225154,0.005982317,8988.142072742205,20669.371512134636,2.577962732175365e-07,0.003811278,2.868182001616837e-11,1.843925120546075e-07,GOOD,0.13450545739469513,0.38424701518246485,,453.4191883,7025.430367
606,Dry Beans,San Joaquin River,5301.274619,1700.988262,1.3,2.212101358,0.272510229,0.8579188204514863,0.0413722,1.68,0.17,521.9411016,903.6303871,214.6292221,50,110.6050679,2099.817462,18.89330651586283,2099.817462,721.2095661,1378.607896,-4.882352941,0.2823873110657976,0.7175333951779225,0.15915250724100194,0.7247400736507903,1.0140402569531368,0.000112282,6771853.654890883,5301.274625428955,11726.954568212543,-6.43E-06,0.002215608,1.2127187638652715e-09,1.889329285954462e-07,GOOD,2.5664753522934403,0.5635965250716192,,1700.988262,1965.443318
606,Grain,San Joaquin River,26610.79157,225.8458173,3.872693913,0.466656841,0.351483763,0.6729928083090427,0.036299510576689786,0.74,0.17,345.3012994,477.8051109,110.9675411,50,23.33284205,850.3480817612201,34.30221278128081,850.3480817612201,721.2095661,129.1385157,-4.882352941,0.9986334459923687,0.000663021,0.7216947221472338,3.107480100083383,3.8936723443947905,5.078208018715285e-05,660147.9926092279,26610.805971660764,12418.112345222955,-0.014401661,-0.004414657,5.411962558472127e-07,3.555016068739575e-07,GOOD,3.1117324505343373,0.7226823065494933,,225.8458173,862.6825155
606,Lettuce,San Joaquin River,1031.061203,790.7620959,12.75008102,3.326092372,0.164570286,0.680529189,1.2720462492145637,0.25,0.17,2859.243032,5814.317411,7949.261967,50,166.3046186,9915.019407,57.40818349651293,9915.019407,721.2095661,9193.809841,-4.882352941,0.14435070640248568,0.8556377603959527,0.070985762,0.051921015,8.606613782,0.003879498,43406.005107392426,1031.061201351411,3429.404183074428,1.6485889773321105e-06,0.000619289,1.5989244600954212e-09,1.8058206924906012e-07,GOOD,0.35968660202607483,0.49175901826412594,,790.7620959,9527.019121
606,Onions & Garlic,San Joaquin River,2137.693582,1952.017522,6.62995836,1.480822037,0.178481578,0.8220938475297447,0.4158621200492846,0.41,0.17,887.6914461,1905.136225,1355.002253,50,74.04110185,12866.919813400384,164.61444436196916,12866.919813400384,721.2095661,12145.71025,-4.882352941,0.962301529,0.037649448,0.4483809733739064,0.63042466,6.585784290845565,0.001140961,928760.5805001205,2137.693584905156,3165.5432101681326,-2.91E-06,0.000554411,1.3590143152809828e-09,1.7513924154338544e-07,GOOD,0.6551217479671209,0.46594644170006466,,1952.017522,12830.73676
606,Other Deciduous,San Joaquin River,6012.887008,3547.679734,4.482608006,3.445837194,0.215021845,0.54254216,0.5586272122329681,0.13,0.17,2284.866179,4950.948854,6009.195442,50,172.2918597,15729.66256478635,87.44812182643055,15729.66256478635,721.2095661,15008.453,-4.882352941,0.1785551027468398,0.8214370860363825,0.11240789415405678,0.11077774342939066,3.156836976693002,0.001279304,5353.5487618434945,6012.8870046021375,20719.42588283538,3.3978622013819404e-06,0.00381265,5.650966327591334e-10,1.8401328845743547e-07,GOOD,0.6204120841421951,0.6295417628777134,,3547.679734,15307.85169
606,Pasture,San Joaquin River,13580.32351,195.9890428,5,4.600187047,0.350906068,0.10289172336777223,0.068524209,0.51,0.17,328.209843,177.7241242,145.0367898,10,46.00187047,933.2473571,19.98552436118571,933.2473571,721.2095661,212.037791,-4.882352941,0.011651687022169926,0.9883440062345091,0.02151761,0.026367092,2.028798506883475,0.000144384,207039.82170194757,13580.319361483294,62471.94951201936,0.004148517,0.078792752,3.0547996170338995e-07,1.2612485036256219e-06,GOOD,2.262942000342034,1.8467377139832826,,195.9890428,767.8056833
606,Rice,San Joaquin River,2000.559108,579,4.7,4.833919598,0.381523094,0.7787889472798347,0.016559817107172286,0.2,0.17,851.2633133,1216.2235,177.3500304,50,241.69597989999997,2478.5979188320002,10.678582866869956,2478.5979188320002,721.2095661,1757.388353,-4.882352941,0.0046557,0.9953431266351186,0.003258634,0.022346919748700445,1.5949685822659392,0.002499301,4738.828492176043,2000.5590761872627,9670.539812525429,3.1812737233849475e-05,0.002066593,1.590192317069468e-08,2.1369983127551736e-07,GOOD,4.7999050645054355,0.699923421,,579,1551.784194
606,Safflower,San Joaquin River,52.20934812,574,1.3,2.40565496,0.396694215,0.4537037030434028,0.032158708,0.74,0.17,212.2655769,227.006242,60.43672676,10,24.0565496,721.2095661029999,28.437548127244778,721.2095661029999,721.2095661,0,-4.882352941,0.29212769314773984,0.7076548363173354,0.2731583626653131,1.026009462834577,1.0173338142640564,0.025883322,3.9678150704299764,52.20845723547014,125.59553096048464,0.000890885,0.002146303,1.706369763153428e-05,1.708871379487949e-05,GOOD,3.5121951355556216,0.9350649358914657,,574,687.4456855
606,Tomato Processing,San Joaquin River,34757.69763,96.22082269,49.71413048,2.379660861,0.124471553,2.283636824869254,0.28639447182202826,0.74,0.17,657.2463564,2815.18314,996.9547547,50,118.9830431,4663.705063846605,38.01858729381002,4663.705063846605,721.2095661,3942.495498,-4.882352941,0.3625596450961773,0.6373842310717438,0.084644939,0.23901887711884323,40.59630990423987,3.8879196364979464e-05,26253257.774203353,34757.69757779295,82711.51708414132,5.2207054977770895e-05,0.015584442153340206,1.5020285731673445e-09,1.884192161664498e-07,GOOD,0.6592539471827814,0.23346486717761028,,96.22082269,4497.700741
606,Tomato Processing,Tulare Lake,74.46436852,93,51.2,2.220206136,0.124471553,2.283636824869254,0.28639447182202826,0.74,0.17,657.2463564,2815.18314,996.9547547,50,111.0103068,4649.743266,40.54165520846828,4649.743266,721.2095661,3928.5337,-4.882352941,0.46025246415060456,0.5396760753504058,0.10745278041108873,0.30342325369188766,43.889156087037684,0.018147624,56045.40844876461,74.46436853029304,165.3262398730963,-1.03E-08,8.028372889157254e-06,1.3822785544939782e-10,4.8560788084551384e-08,GOOD,0.6592539471827814,0.23346486717761028,,93,4512.439733
606,Truck Crops,San Joaquin River,2217.593991,911.4237,18.65380591,2.667732673,0.139554281,1.1244727167916924,1.262909809962677,0.41,0.17,7441.94487,27484.23099,27982.75263,50,133.38663365000002,16867.17866125907,120.52751679377384,16867.17866125907,721.2095661,16145.9691,-4.882352941,0.512278661,0.4876965572739879,0.18046932189515968,0.17029099357113014,16.29197257365522,0.001099852,1280792.9533546155,2217.5939896787613,5915.946875782651,1.3212388694228139e-06,0.001069457,5.95798362903669e-10,1.8077517381023317e-07,GOOD,0.332418674,0.35228740820875265,,911.4237,16643.15398
606,Vineyard,San Joaquin River,11667.71018,1578.409816,10.68932674,3.098484515,0.302297005,0.1329510358537938,0.3058799853780738,0.13,0.17,2773.231975,2743.166444,4105.247296,50,154.9242258,16716.40717069128,103.18237615438477,16716.40717069128,721.2095661,15995.1976,-4.882352941,0.30147115812300734,0.698519743,0.4545868084213602,0.2997002886047679,8.377473904167747,0.000659282,11071.335684688818,11667.71017558166,36152.21266676959,4.418339813128114e-06,0.006651468,3.7868097038455183e-10,1.8398506080247885e-07,GOOD,0.9941259073363267,1.5078948555200695,,1578.409816,16391.36681
607,Alfalfa,San Joaquin River,5184.306367,280.5330961,6.886761579,4.134965358,0.306290873,0.13122437452970753,0.081460253,1.86,0.17,739.7198673,484.1807412,381.4811931,50,206.74826789999997,1724.5515502213948,8.871026681114161,1724.5515502213948,634.5930279,1089.958522,-4.882352941,0.008090022,0.9919082973203014,0.012359743229337982,0.015687141969040544,2.627902883113934,0.000103704,6141068.498939462,5184.303594252276,21436.908790812497,0.002772748,0.018441991,5.348348512291425e-07,8.602908026211155e-07,GOOD,1.939072961544676,1.5277763122781245,,280.5330961,1076.548647
607,Almonds & Pistachios,San Joaquin River,77065.98482,4845.407448,1.15028168,3.753630493,0.287448101,0.311217018,0.03090217,0.4,0.17,2039.310074,2110.873995,639.9084906,50,187.6815247,5385.221101828953,28.18066133908751,5385.221101828953,634.5930279,4750.628074,-4.882352941,0.04305425,0.9569426055477985,0.041377484085167685,0.13131104539615504,0.6082438900936675,3.2439733377042436e-05,12021643.012846522,77065.98299799721,289277.1364988845,0.001822003,0.094094543,2.364211382366808e-08,3.252746248885088e-07,GOOD,3.0498974152879694,0.9610545813701002,,4845.407448,4868.466758
607,Citrus & Subtropical,San Joaquin River,446.1121728,913.5,3.9,3.247465856,0.183365181,0.094855843,0.7506750003126099,0.13,0.17,2549.235389,1743.692937,5418.931559,50,162.3732928,3399.59045,20.808348793246246,3399.59045,634.5930279,2764.997422,-4.882352941,0.062430036,0.9375607295822044,0.08680005,0.030855035,2.2310050911263875,0.017242989905492424,73.17861283834164,446.1121678214778,1448.7336109804285,4.978522213150427e-06,0.000438134,1.1159799074530941e-08,3.0242510257819915e-07,GOOD,0.49423381869050864,1.3903572019867076,,913.5,3034.31938
607,Corn,San Joaquin River,22450.69011,65.2927845,26.97414431,2.415829265,0.234536008,1.320694044672553,0.033525185,0.3,0.17,423.9938724,1022.014707,159.5840787,50,120.7914633,1639.5457672977311,13.785917965821616,1639.5457672977311,634.5930279,1004.952739,-4.882352941,0.1546922109812436,0.8452469203318109,0.065188667,0.40915476844361093,18.67627064141974,0.000148474,241518.0865356572,22450.688997122445,54237.01454295595,0.001112878,0.019644228123070206,4.956985952481218e-08,3.6219215186570866e-07,GOOD,2.644960375498291,0.4214088525991567,,65.2927845,1467.816684
607,Cucurbits,San Joaquin River,1482.551484,334.1251425,12.69013233,2.299627126,0.087908733,0.5954029958862788,4.8590594140887005,0.05,0.17,920.9338517,2396.72349,6846.813993,50,114.98135629999999,4124.140656239107,34.82644939664535,4124.140656239107,634.5930279,3489.547628,-4.882352941,0.3808287607613226,0.6190897634063312,0.1463323146181752,0.051223547,10.472636361776201,0.013490256639208893,0.000533176,1482.5514806836961,3409.314599,3.3163039461214794e-06,0.001009113,2.236889566339997e-09,2.9598698998549036e-07,GOOD,0.13450545739469513,0.38424701518246485,,334.1251425,3970.135656
607,Dry Beans,San Joaquin River,153.1339401,1752,1.3,2.212101358,0.272510229,0.8579188204514863,0.0413722,1.68,0.17,521.9411016,903.6303871,214.6292221,50,110.6050679,2166.1327210739996,19.459906781997343,2166.1327210739996,634.5930279,1531.539693,-4.882352941,0.2887297369606795,0.7111916700994849,0.1627270764358816,0.7410177533837522,1.0183426341729915,0.003887042,217308.96511944855,153.13391515199731,338.7476585000014,2.494800267527353e-05,0.000138351,1.6291622000310255e-07,4.0841918533546444e-07,GOOD,2.5664753522934403,0.5635965250716192,,1752,2031.758578
607,Grain,San Joaquin River,4516.605285,194.3898761,3.389459787,0.466656841,0.351483763,0.6729928083090427,0.036299510576689786,0.74,0.17,345.3012994,477.8051109,110.9675411,50,23.33284205,634.5930278678624,25.840507606764767,634.5930278678624,634.5930279,0,-4.882352941,0.998169939,0.000887904,0.7213597536904346,3.1060377896691374,3.4139618060623578,0.000299196,304.13380150989036,4516.6152680914365,2107.708796327657,-0.009983091,-0.004041986,2.210308585085818e-06,1.9177190943945453e-06,GOOD,3.1117324505343373,0.7226823065494933,,194.3898761,646.9274616
607,Lettuce,San Joaquin River,4.25446108,898,10.5,3.326092372,0.164570286,0.680529189,1.2720462492145637,0.25,0.17,2859.243032,5814.317411,7949.261967,50,166.3046186,9261.738616755001,53.68842362642869,9261.738616755001,634.5930279,8627.145589,-4.882352941,0.13613463725880603,0.8638537187961511,0.066945436,0.048965805093672224,7.004866857262621,0.9401895856572274,168.06684509918807,4.254461050235187,14.15074624082328,2.9764812836674537e-08,-1.57E-05,6.996141762019489e-09,1.109176967812243e-06,GOOD,0.35968660202607483,0.49175901826412594,,898,8873.738331
607,Onions & Garlic,San Joaquin River,212.5921458,905.0903253,5.759910631,1.480822037,0.178481578,0.8220938475297447,0.4158621200492846,0.41,0.17,887.6914461,1905.136225,1355.002253,50,74.04110185,5138.364311260718,66.31031571274958,5138.364311260718,634.5930279,4503.771283,-4.882352941,0.910666835,0.089216997,0.42432197146785045,0.5965976489371148,5.667291289862156,0.011472786922892534,34250.72558650546,212.59214413837046,314.81105874732555,1.6616295397398062e-06,7.564643146906747e-05,7.816043878229703e-09,2.402914738538155e-07,GOOD,0.6551217479671209,0.46594644170006466,,905.0903253,5102.181254
607,Other Deciduous,San Joaquin River,12282.48074,2464.301763,2.109988393,3.445837194,0.215021845,0.54254216,0.5586272122329681,0.13,0.17,2284.866179,4950.948854,6009.195442,50,172.2918597,5026.453103213438,28.592311773555384,5026.453103213438,634.5930279,4391.860075,-4.882352941,0.064950612,0.9350404961566999,0.040889122997530426,0.040296144773118235,1.213622969,0.000626283,3200.1653419026325,12282.480647509925,42323.41590809407,9.249007598555181e-05,0.013060386576398741,7.530243925752072e-09,3.085852657667494e-07,GOOD,0.6204120841421951,0.6295417628777134,,2464.301763,4604.642227
607,Pasture,San Joaquin River,21808.86322,334.3482732,5,4.600187047,0.350906068,0.10289172336777223,0.068524209,0.51,0.17,328.209843,177.7241242,145.0367898,10,46.00187047,1625.043509,34.09438335783828,1625.043509,634.5930279,990.4504813,-4.882352941,0.020111940650287485,0.979883789,0.037141479,0.045512155205921834,2.259360775582332,8.990768083351252e-05,1551072.161252897,21808.859252871724,100324.68156261124,0.003967128,0.16853182748309337,1.819044044465286e-07,1.6798612439933817e-06,GOOD,2.262942000342034,1.8467377139832826,,334.3482732,1459.601835
607,Potatoes,San Joaquin River,265.7172883,733,17.1,3.305132031,0.150675135,1.4974640784942694,0.060261523,0.41,0.17,793.9256634,2502.863999,502.0871398,50,165.2566016,12368.32243,71.92193793413847,12368.32243,634.5930279,11733.7294,-4.882352941,0.17926409144630165,0.8207276429157283,0.056863802,0.28346147824059087,12.058181664650336,0.00917902,111529.6860829208,265.71728605031944,878.2304737490365,2.2496805627270078e-06,0.000247002,8.466444080925116e-09,2.8124927676301313e-07,GOOD,1.5812507454985842,0.31720687248646934,,733,11986.39671
607,Rice,San Joaquin River,391.2631554,579,4.7,4.833919598,0.381523094,0.7787889472798347,0.016559817107172286,0.2,0.17,851.2633133,1216.2235,177.3500304,50,241.69597989999997,2478.5979188320002,10.678582866869956,2478.5979188320002,634.5930279,1844.004891,-4.882352941,0.0046557,0.9953431266351188,0.003258634,0.02234692,1.5949685822659392,0.012779123030095563,972.4750183944452,391.2631395572645,1891.3339746757135,1.58427355358981e-05,0.000660188,4.049125330930176e-08,3.490591531515115e-07,GOOD,4.7999050645054355,0.699923421,,579,1551.784194
607,Safflower,San Joaquin River,26.95222553,574,1.3,2.40565496,0.396694215,0.4537037030434028,0.032158708,0.74,0.17,212.2655769,227.006242,60.43672676,10,24.0565496,721.2095661029999,28.437548127244778,721.2095661029999,634.5930279,86.61653824,-4.882352941,0.2921276931477398,0.7076548363173355,0.27315836266531307,1.026009462834577,1.0173338142640564,0.050138767,449.29048298954757,26.952187757851988,64.83766799,3.777214801203854e-05,8.704201103171272e-05,1.4014482021158178e-06,1.3424587417069163e-06,GOOD,3.5121951355556216,0.9350649358914657,,574,687.4456855
607,Tomato Processing,San Joaquin River,269.5892689,101,43.3,2.379660861,0.124471553,2.283636824869254,0.28639447182202826,0.74,0.17,657.2463564,2815.18314,996.9547547,50,118.9830431,4253.470529742999,34.758124275395524,4253.470529742999,634.5930279,3618.877502,-4.882352941,0.341561335,0.6583806919820689,0.079742572,0.22517565855206312,34.94636489727695,0.00501263,186912.65463190209,269.58925991764846,641.5308382907323,8.982351516806375e-06,0.000193456,3.331865379307157e-08,3.0155392739463133e-07,GOOD,0.6592539471827814,0.23346486717761028,,101,4087.466206
607,Truck Crops,San Joaquin River,1611.140897,957.5320476,19.83761126,2.667732673,0.139554281,1.1244727167916924,1.262909809962677,0.40276606,0.17,7441.94487,27484.23099,27982.75263,50,133.38663365000002,18860.80638896562,134.6607818255372,18860.80638896562,634.5930279,18226.21336,-4.882352941,0.5401235486665955,0.45985308479078707,0.190278725,0.1795471540965194,17.511747739403962,0.001541039,987657.6344,1611.1408903179004,4298.091951738608,6.682099638055661e-06,0.001259995,4.147433443281069e-09,2.931520461400273e-07,GOOD,0.332418674,0.35228740820875265,,957.5320476,18636.78171
607,Vineyard,San Joaquin River,5616.566506,1659.744887,10.99858551,3.098484515,0.302297005,0.1329510358537938,0.3058799853780738,0.13,0.17,2773.231975,2743.166444,4105.247296,50,154.9242258,18099.114982298786,111.63839254014519,18099.114982298786,634.5930279,17464.52195,-4.882352941,0.3184658392437741,0.6815252828497935,0.4802130006545684,0.31659514139384165,8.715958261403525,0.001369575,5819.044708,5616.566496609089,17402.839219901813,9.390911145601422e-06,0.005126407,1.6720021272016292e-09,2.9457292959996615e-07,GOOD,0.9941259073363267,1.5078948555200695,,1659.744887,17774.07462
608,Alfalfa,San Joaquin River,9325.289857,280.2949278,7.055760835,4.134965358,0.306290873,0.13122437452970753,0.081460253,1.86,0.17,739.7198673,484.1807412,381.4811931,50,206.74826789999997,1770.2809761823926,9.081003079625988,1770.2809761823926,785.2804287,985.0005474,-4.882352941,0.008302723,0.9916955958444553,0.012684704056491648,0.016099586,2.7052038031004426,5.7653372371967284e-05,9982863.297057346,9325.280047612283,38559.68766966533,0.009809388,0.062842338,1.0519123659679659e-06,1.6297392386127945e-06,GOOD,1.939072961544676,1.5277763122781245,,280.2949278,1122.278073
608,Almonds & Pistachios,San Joaquin River,86010.27736,4785.513187,1.050031777,3.753630493,0.287448101,0.311217018,0.03090217,0.4,0.17,2039.310074,2110.873995,639.9084906,50,187.6815247,4836.578597861543,25.406663457177725,4836.578597861543,785.2804287,4051.298169,-4.882352941,0.038838497,0.9611583443758861,0.037325915656873786,0.11845343218994182,0.5440632741209153,2.9066293898066788e-05,11441926.548335753,86010.27312221176,322850.6099938009,0.004237788,0.18981608259491622,4.927071932191387e-08,5.879374705179384e-07,GOOD,3.0498974152879694,0.9610545813701002,,4785.513187,4319.824254
608,Citrus & Subtropical,San Joaquin River,243.3127013,883,6,3.247465856,0.183365181,0.094855843,0.7506750003126099,0.13,0.17,2549.235389,1743.692937,5418.931559,50,162.3732928,5134.94045,30.94399728,5134.94045,785.2804287,4349.660021,-4.882352941,0.091384193,0.9086068576035213,0.12705667084084205,0.045165158658539255,3.6990923819709915,0.031614903994770176,62.784865680283126,243.31269823336967,790.1493079,3.066630313242058e-06,0.000381878,1.2603658982277955e-08,4.832984910429571e-07,GOOD,0.49423381869050864,1.3903572019867076,,883,4769.66938
608,Corn,San Joaquin River,51102.0453,66.20942465,26.62094247,2.415829265,0.234536008,1.320694044672553,0.033525185,0.3,0.17,423.9938724,1022.014707,159.5840787,50,120.7914633,1640.88606,13.796409103749173,1640.88606,785.2804287,855.6056316,-4.882352941,0.15479907771038984,0.8451400612978945,0.065233702,0.4094374267076618,18.434116579058585,6.522896126299144e-05,468062.5883875357,51102.040016264225,123453.73507856009,0.005283736,0.081458536,1.0339577880920163e-07,6.598300312812533e-07,GOOD,2.644960375498291,0.4214088525991567,,66.20942465,1469.156977
608,Cucurbits,San Joaquin River,496.5994065,507,13.6,2.299627126,0.087908733,0.5954029958862788,4.8590594140887005,0.05,0.17,920.9338517,2396.72349,6846.813993,50,114.98135629999999,6779.248383,56.63445944394341,6779.248383,785.2804287,5993.967954,-4.882352941,0.5027420154352298,0.4971925511182281,0.19317711883780372,0.067621545,11.854303737421166,0.04027391,0.000306766,496.59940535179203,1141.992911072055,1.1482079571578652e-06,0.000554871,2.3121412191173556e-09,4.858791772786649e-07,GOOD,0.13450545739469513,0.38424701518246485,,507,6625.243383
608,Dry Beans,San Joaquin River,318.3596086,1686.127604,1.3,2.212101358,0.272510229,0.8579188204514863,0.0413722,1.68,0.17,521.9411016,903.6303871,214.6292221,50,110.6050679,2080.498606,18.72824543,2080.498606,785.2804287,1295.218178,-4.882352941,0.2805183148938665,0.7194021848321468,0.1580991474931294,0.7199433410419983,1.0127588013081885,0.001869704,382078.7806983478,318.35949969142024,704.2431488479702,0.000108909,0.000573668,3.420929565800649e-07,8.145879330359988e-07,GOOD,2.5664753522934403,0.5635965250716192,,1686.127604,1946.124463
608,Grain,San Joaquin River,4921.676054,194.690048,4.15822009,0.466656841,0.351483763,0.6729928083090427,0.036299510576689786,0.74,0.17,345.3012994,477.8051109,110.9675411,50,23.33284205,785.2804287436644,31.750322170623758,785.2804287436644,785.2804287,0,-4.882352941,0.9985204326336566,0.000717852,0.7216130493924889,3.107128432747735,4.1825870797828335,0.000274571,331.40997577857115,4921.700938463397,2296.7442364133412,-0.024884463,-0.010436628,5.056095347194772e-06,4.544117545207489e-06,GOOD,3.1117324505343373,0.7226823065494933,,194.690048,797.6148625
608,Onions & Garlic,San Joaquin River,13.33504136,2039,6.5,1.480822037,0.178481578,0.8220938475297447,0.4158621200492846,0.41,0.17,887.6914461,1905.136225,1355.002253,50,74.04110185,13178.62492,168.57920845515423,13178.62492,785.2804287,12393.3445,-4.882352941,0.9631603256956055,0.036791768292752595,0.4487811265445427,0.6309872761422866,6.457691035204279,0.18290339897707694,5911.778669,13.33504129376077,19.746862233364745,6.623922921278336e-08,-3.91E-05,4.967305869142303e-09,1.98123870733194e-06,GOOD,0.6551217479671209,0.46594644170006466,,2039,13142.44187
608,Other Deciduous,San Joaquin River,6690.36543,3088.659825,2.880644778,3.445837194,0.215021845,0.54254216,0.5586272122329681,0.13,0.17,2284.866179,4950.948854,6009.195442,50,172.2918597,8724.136782338643,48.92548090712736,8724.136782338643,785.2804287,7938.856354,-4.882352941,0.10758871276867359,0.8924028011867449,0.067731588,0.066749338,1.8319907666632287,0.001149759,3150.910842,6690.36538,23053.897725578976,4.952889958076412e-05,0.012314567,7.4030185793250635e-09,5.341639142498224e-07,GOOD,0.6204120841421951,0.6295417628777134,,3088.659825,8302.325906
608,Pasture,San Joaquin River,9716.179815,285.6882563,5,4.600187047,0.350906068,0.10289172336777223,0.068524209,0.51,0.17,328.209843,177.7241242,145.0367898,10,46.00187047,1381.7434246249998,29.132391915474553,1381.7434246249998,785.2804287,596.4629959,-4.882352941,0.017153087898760445,0.9828426293303599,0.031677254,0.038816443,2.189088146979558,0.000201806,416242.90406180546,9716.174599084643,44696.10101556258,0.005215915,0.1435157232772326,5.368277919761695e-07,3.2109123435812705e-06,GOOD,2.262942000342034,1.8467377139832826,,285.6882563,1216.301751
608,Potatoes,San Joaquin River,3811.784755,955.5330893,15.96672964,3.305132031,0.150675135,1.4974640784942694,0.060261523,0.41,0.17,793.9256634,2502.863999,502.0871398,50,165.2566016,15090.760927767076,87.54331708968304,15090.760927767076,785.2804287,14305.4805,-4.882352941,0.21041937966917093,0.7895726684580187,0.066746473,0.33272580096922616,11.629016860429141,0.000639864,1950582.9131277006,3811.784707955258,12598.445177031801,4.704474213212961e-05,0.006711996,1.2341919902591565e-08,5.327635684951846e-07,GOOD,1.5812507454985842,0.31720687248646934,,955.5330893,14708.83521
608,Truck Crops,San Joaquin River,493.3746368,3229.74802,13.20055254,2.667732673,0.139554281,1.1244727167916924,1.262909809962677,0.349790895,0.17,7441.94487,27484.23099,27982.75263,50,133.38663365000002,42500.116288655976,302.2450440913202,42500.116288655976,785.2804287,41714.83586,-4.882352941,0.7257681513685267,0.2742179147799801,0.25567898100607594,0.24125888684877111,12.36976011851991,0.005794483,412756.72744380106,493.37463542094986,1316.190999575779,1.3790501611765649e-06,0.000639045,2.795137930318036e-09,4.855258692406643e-07,GOOD,0.332418674,0.35228740820875265,,3229.74802,42276.09161
608,Vineyard,San Joaquin River,8319.692409,1566.015027,10.99745356,3.098484515,0.302297005,0.1329510358537938,0.3058799853780738,0.13,0.17,2773.231975,2743.166444,4105.247296,50,154.9242258,17066.446451538643,105.32305827800995,17066.446451538643,785.2804287,16281.16602,-4.882352941,0.30585306524259837,0.6941378925524883,0.4611942636243583,0.3040564559958948,8.644137692058763,0.00092459,8035.583291280144,8319.692382487574,25778.424573821703,2.6512425392866135e-05,0.013525028,3.186707403291229e-09,5.246643643835115e-07,GOOD,0.9941259073363267,1.5078948555200695,,1566.015027,16741.40609
609,Alfalfa,San Joaquin River,33553.78892,284.7254212,6.973435892,4.134965358,0.306290873,0.13122437452970753,0.081460253,1.86,0.17,739.7198673,484.1807412,381.4811931,50,206.74826789999997,1778.101473922898,9.116912560569872,1778.101473922898,758.6287656,1019.472708,-4.882352941,0.00833909,0.9916592294635265,0.012740263846005372,0.016170103534264575,2.675782087191345,1.602306105829048e-05,37176535.870219804,33553.776882615806,138743.67675626598,0.012037384192808531,0.078057578,3.5874887994045747e-07,5.626024634097485e-07,GOOD,1.939072961544676,1.5277763122781245,,284.7254212,1130.09857
609,Almonds & Pistachios,San Joaquin River,429984.3014,4839.267791,1.075098815,3.753630493,0.287448101,0.311217018,0.03090217,0.4,0.17,2039.310074,2110.873995,639.9084906,50,187.6815247,5014.328749830768,26.305388112132754,5014.328749830768,758.6287656,4255.699984,-4.882352941,0.040208385906304225,0.9597884601599694,0.038642453,0.12263145224853847,0.5608679917986588,5.814165754098853e-06,60086474.53549675,429984.2943,1614001.8524699595,0.007120186,0.33277638303115964,1.655917663541263e-08,2.0618087513950207e-07,GOOD,3.0498974152879694,0.9610545813701002,,4839.267791,4497.574406
609,Citrus & Subtropical,San Joaquin River,22848.46492,1009.333333,4.7,3.247465856,0.183365181,0.094855843,0.7506750003126099,0.13,0.17,2549.235389,1743.692937,5418.931559,50,162.3732928,4580.807114642001,27.707473985952785,4580.807114642001,758.6287656,3822.178349,-4.882352941,0.082334816,0.9176561457166934,0.11447480401450709,0.04069265,2.8385477100583345,0.000336666,5180.902007701146,22848.46480423346,74199.59529398827,0.000115767,0.014395725491340272,5.066709717424347e-09,1.9401349348790362e-07,GOOD,0.49423381869050864,1.3903572019867076,,1009.333333,4215.536045
609,Corn,San Joaquin River,68117.27049,64.57935945,26.51525504,2.415829265,0.234536008,1.320694044672553,0.033525185,0.3,0.17,423.9938724,1022.014707,159.5840787,50,120.7914633,1590.666961929584,13.403319339801701,1590.666961929584,758.6287656,832.0381964,-4.882352941,0.1507763664932392,0.8491624828487805,0.063538496,0.39879751493622584,18.270306447362255,4.893521583227099e-05,606730.5806799342,68117.26792995534,164559.65697845398,0.002560045,0.038523209,3.758290129579233e-08,2.3409868853656611e-07,GOOD,2.644960375498291,0.4214088525991567,,64.57935945,1418.937879
609,Cotton,San Joaquin River,5349.494101,3838.201287,0.792655193,3.634047537,0.148539114,1.334590964860844,0.041198802,0.68,0.17,378.6944542,1135.122209,199.4393382,50,181.70237684999998,2859.9957975298335,15.88762271107136,2859.9957975298335,758.6287656,2101.367032,-4.882352941,0.028094693,0.9719001654841696,0.009372827,0.053346067,0.38621287762689266,0.000274902,1756652.5972728368,5349.493807,19440.311039727887,0.000293845,0.004822207,5.4929409196792643e-08,2.4805189519662106e-07,GOOD,1.8987951731454202,0.3336155801462545,,3838.201287,2380.530778
609,Cucurbits,San Joaquin River,516.4153251,377.3575673,15.49399241,2.299627126,0.087908733,0.5954029958862788,4.8590594140887005,0.05,0.17,920.9338517,2396.72349,6846.813993,50,114.98135629999999,5730.823666736264,48.02311139300139,5730.823666736264,758.6287656,4972.194901,-4.882352941,0.4608213736593071,0.5391076766185801,0.17706923736087207,0.061982989641296816,13.274823748490158,0.038728518,0.000264628,516.4153245911432,1187.5624912186058,5.088568286737427e-07,0.000198663,9.853635319114636e-10,1.6728671622135299e-07,GOOD,0.13450545739469513,0.38424701518246485,,377.3575673,5576.818667
609,Dry Beans,San Joaquin River,317.5918587,1236.402238,1.358343284,2.212101358,0.272510229,0.8579188204514863,0.0413722,1.68,0.17,521.9411016,903.6303871,214.6292221,50,110.6050679,1567.9913973838695,14.349363051109377,1567.9913973838695,758.6287656,809.3626318,-4.882352941,0.22711717259952624,0.772797426,0.12800244926118415,0.5828906255592592,1.0168351111888985,0.001874223,238209.6620090375,317.59179723601756,702.5451336061703,6.146398243345175e-05,0.000248314,1.9353135399957198e-07,3.534488306423638e-07,GOOD,2.5664753522934403,0.5635965250716192,,1236.402238,1433.617254
609,Grain,San Joaquin River,28698.66834,192.3797564,4.069619488,0.466656841,0.351483763,0.6729928083090427,0.036299510576689786,0.74,0.17,345.3012994,477.8051109,110.9675411,50,23.33284205,758.6287655691327,30.705069639460056,758.6287655691327,758.6287656,0,-4.882352941,0.9984685570521218,0.000743021,0.7215755598275717,3.1069670098172826,4.094293690228838,4.708759777079438e-05,1932.4768381914814,28698.700393799918,13392.442367487507,-0.0320538,-0.012459036,1.1169089637897778e-06,9.303043942801175e-07,GOOD,3.1117324505343373,0.7226823065494933,,192.3797564,770.9631993
609,Lettuce,San Joaquin River,400.3198262,674,15.2,3.326092372,0.164570286,0.680529189,1.2720462492145637,0.25,0.17,2859.243032,5814.317411,7949.261967,50,166.3046186,10077.53862,58.333562664973655,10077.53862,758.6287656,9318.909851,-4.882352941,0.14637043162170604,0.8536180624003836,0.07197898,0.052647483,10.289046980676883,0.009992011,17082.12755598766,400.3198245550811,1331.5004912634345,1.6449189388367813e-06,0.000229021,4.109011922919298e-09,1.7200197340279862e-07,GOOD,0.35968660202607483,0.49175901826412594,,674,9689.538331
609,Onions & Garlic,San Joaquin River,356.2387857,2264.083929,7.325996069,1.480822037,0.178481578,0.8220938475297447,0.4158621200492846,0.41,0.17,887.6914461,1905.136225,1355.002253,50,74.04110185,16511.79488829007,210.97579457457906,16511.79488829007,758.6287656,15753.16612,-4.882352941,0.970376626,0.029584852156770498,0.4521435359234341,0.6357148313128833,7.287747213867424,0.0068466,200744.19611067988,356.23878519974187,527.5261702732768,5.002581247026683e-07,7.402540370549104e-05,1.4042775373817705e-09,1.4032553736526244e-07,GOOD,0.6551217479671209,0.46594644170006466,,2264.083929,16475.61183
609,Other Deciduous,San Joaquin River,27697.31963,4031.454169,3.753303135,3.445837194,0.215021845,0.54254216,0.5586272122329681,0.13,0.17,2284.866179,4950.948854,6009.195442,50,172.2918597,14958.074557550517,83.20524146834823,14958.074557550517,758.6287656,14199.44579,-4.882352941,0.17129686189609958,0.8286952578676514,0.10783852841349073,0.1062746430959769,2.621159808737622,0.000277728,23330.94241893103,27697.31958951944,95440.43639235743,4.0480561438016593e-05,0.017762803,1.4615335338864554e-09,1.8611398135403175e-07,GOOD,0.6204120841421951,0.6295417628777134,,4031.454169,14536.26368
609,Pasture,San Joaquin River,13003.84174,192.7388779,5,4.600187047,0.350906068,0.10289172336777223,0.068524209,0.51,0.17,328.209843,177.7241242,145.0367898,10,46.00187047,916.9965326250001,19.65409639532179,916.9965326250001,758.6287656,158.3677671,-4.882352941,0.011451193,0.9885444997817102,0.021147349246928664,0.025913384691514222,2.021945598074131,0.000150785,148153.55192463787,13003.832476325331,59820.00442720196,0.009263675,0.099906384,7.123798377252259e-07,1.6701138371033736e-06,GOOD,2.262942000342034,1.8467377139832826,,192.7388779,751.5548588
609,Potatoes,San Joaquin River,13238.06013,1165,14.9,3.305132031,0.150675135,1.4974640784942694,0.060261523,0.41,0.17,793.9256634,2502.863999,502.0871398,50,165.2566016,17192.522428840002,99.60324546482393,17192.522428840002,758.6287656,16433.89366,-4.882352941,0.23289986849857805,0.7670924060297962,0.073877439,0.3682730906898988,11.077051591625526,0.000184243,7782118.2662610635,13238.060079774712,43753.52834682479,5.022528785048053e-05,0.008217142,3.79400662614157e-09,1.8780521251667507e-07,GOOD,1.5812507454985842,0.31720687248646934,,1165,16810.59671
609,Rice,San Joaquin River,1170.019764,579,4.7,4.833919598,0.381523094,0.7787889472798347,0.016559817107172286,0.2,0.17,851.2633133,1216.2235,177.3500304,50,241.69597989999997,2478.5979188320002,10.678582866869956,2478.5979188320002,758.6287656,1719.969153,-4.882352941,0.0046557,0.9953431266351188,0.003258634,0.02234692,1.5949685822659394,0.004273432,2712.4876318509146,1170.0197321360463,5655.780204352396,3.1863953608990414e-05,0.001262895,2.723368834390939e-08,2.2329266877522335e-07,GOOD,4.7999050645054355,0.699923421,,579,1551.784194
609,Tomato Processing,San Joaquin River,12383.8951,97.51797072,48.68128975,2.379660861,0.124471553,2.283636824869254,0.28639447182202826,0.74,0.17,657.2463564,2815.18314,996.9547547,50,118.9830431,4627.471118195335,37.73060705327432,4627.471118195335,758.6287656,3868.842353,-4.882352941,0.36075904605666564,0.6391846715763944,0.084224563,0.23783182509475165,39.71397404492757,0.000109122,9179088.456011513,12383.89485764685,29469.464398175933,0.000242353,0.006078024,1.9570026040342556e-08,2.062481493231697e-07,GOOD,0.6592539471827814,0.23346486717761028,,97.51797072,4461.466795
609,Truck Crops,San Joaquin River,1934.424846,1174.093404,17.73122884,2.667732673,0.139554281,1.1244727167916924,1.262909809962677,0.403507888,0.17,7441.94487,27484.23099,27982.75263,50,133.38663365000002,20683.776685543573,147.58421882859685,20683.776685543573,758.6287656,19925.14792,-4.882352941,0.5629401096812057,0.43703768309656343,0.1983167122163429,0.18713180506490665,15.78352346309074,0.001281139,1304701.3401820161,1934.424841385275,5160.527427,4.614724957718863e-06,0.000938094,2.385579862283708e-09,1.8178247402930562e-07,GOOD,0.332418674,0.35228740820875265,,1174.093404,20459.75201
609,Vineyard,San Joaquin River,115915.7507,1576.965171,11.00132135,3.098484515,0.302297005,0.1329510358537938,0.3058799853780738,0.13,0.17,2773.231975,2743.166444,4105.247296,50,154.9242258,17192.96952,106.09681622317704,17192.96952,758.6287656,16434.34076,-4.882352941,0.30742342646247944,0.6925675517886909,0.46356220322912517,0.30561759276845485,8.656135084179114,6.636119462501735e-05,113010.63015929905,115915.7505707471,359163.09196664416,0.000129253,0.066621906,1.1150590342169799e-09,1.8549203794254224e-07,GOOD,0.9941259073363267,1.5078948555200695,,1576.965171,16867.92916
610,Almonds & Pistachios,San Joaquin River,45.80785338,4716,1.1,3.753630493,0.287448101,0.311217018,0.03090217,0.4,0.17,2039.310074,2110.873995,639.9084906,50,187.6815247,4999.237682,26.22908598610876,4999.237682,817.2163598,4182.021322,-4.882352941,0.040092233,0.9599046122375813,0.038530825,0.1222771991631508,0.5735315730551123,0.054575795,6290.422554476715,45.80775985853662,171.9414910862327,9.352146337704426e-05,0.00426418,2.041603272723457e-06,2.479956426850141e-05,GOOD,3.0498974152879694,0.9610545813701002,,4716,4482.483339
610,Citrus & Subtropical,San Joaquin River,12.70494312,1017,3.5,3.247465856,0.183365181,0.094855843,0.7506750003126099,0.13,0.17,2549.235389,1743.692937,5418.931559,50,162.3732928,3396.44045,20.789950606868487,3396.44045,817.2163598,2579.22409,-4.882352941,0.0623758,0.937614964,0.086724643,0.030828230023426932,2.0018450589213357,0.6054578615309607,1.9440581183133985,12.704931556894342,41.25790402828999,1.1563105656975381e-05,0.000964956,9.10126519084753e-07,2.3387852257209627e-05,GOOD,0.49423381869050864,1.3903572019867076,,1017,3031.16938
610,Grain,San Joaquin River,51.13722253,187,4.5,0.466656841,0.351483763,0.6729928083090427,0.036299510576689786,0.74,0.17,345.3012994,477.8051109,110.9675411,50,23.33284205,817.2163598,33.002818593879816,817.2163598,817.2163598,0,-4.882352941,0.9985781454916824,0.000689851,0.7216547574538446,3.107308019720867,4.525352332948265,0.026425982571864785,3.4434175459957457,51.1373287,23.863067298811202,-0.000106172,0.000467425,2.076217147558911e-06,1.9587398013043317e-05,GOOD,3.1117324505343373,0.7226823065494933,,187,829.5507936
701,Almonds & Pistachios,Tulare Lake,311.2119287,5057,1.6,3.767767793,0.287448101,0.311217018,0.03090217,0.4,0.17,2039.310074,2110.873995,639.9084906,50,188.3883897,7902.130817259001,40.75706389687442,7902.130817259001,841.972974,7060.157843,-4.882352941,0.060657225,0.9393397556912458,0.058294904,0.18499831398727765,0.9055884200179983,0.008033111,72145.97614248293,311.2117490328556,1172.5600318899046,0.000179667,0.014249863,5.773144529851416e-07,1.2152631683502557e-05,GOOD,3.0498974152879694,0.9610545813701002,,5057,7380.766726
701,Grain,Tulare Lake,520.6817283,303,2.9,0.715524558,0.351483763,0.6729928083090427,0.036299510576689786,0.74,0.17,345.3012994,477.8051109,110.9675411,50,35.7762279,841.9729739769999,22.785867342840877,841.9729739769999,841.972974,0,-4.882352941,0.9910828089107777,0.008212035,0.7162380103251915,3.0839845376543886,2.919859607,0.00259535,35.06104771442716,520.6819162676318,372.5563451617435,-0.000187968,0.004218339,3.6100293428671464e-07,1.1322558540636484e-05,GOOD,3.1117324505343373,0.7226823065494933,,303,852.0404543
702,Alfalfa,Tulare Lake,3596.929519,267.4898752,7.834579157,4.524530937,0.306290873,0.13122437452970753,0.081460253,1.86,0.17,739.7198673,484.1807412,381.4811931,50,226.22654684999998,1868.779324362451,8.796621857058707,1868.779324362451,721.3430379,1147.436286,-4.882352941,0.005177134,0.9948218727045909,0.007909503,0.010038841458153768,2.7289487452971746,0.00014947,4485364.155124905,3596.928409118794,16274.409870798865,0.001109881,0.009016125,3.0856351222082714e-07,5.540059663856994e-07,GOOD,1.939072961544676,1.5277763122781245,,267.4898752,1071.582615
702,Almonds & Pistachios,San Joaquin River,813.938488,4738,1.1,3.753630493,0.287448101,0.311217018,0.03090217,0.4,0.17,2039.310074,2110.873995,639.9084906,50,187.6815247,5023.437682,26.351443893592727,5023.437682,721.3430379,4302.094644,-4.882352941,0.040278482,0.9597183646457575,0.038709819321185605,0.12284523707866621,0.5740557391219729,0.003071485,114980.54130500004,813.9384773726299,3055.2236129767266,1.062737010215642e-05,0.000715006,1.305672389110124e-08,2.340274595926379e-07,GOOD,3.0498974152879694,0.9610545813701002,,4738,4506.683339
702,Almonds & Pistachios,Tulare Lake,260861.4585,5111.337449,1.497503844,3.767767793,0.287448101,0.311217018,0.03090217,0.4,0.17,2039.310074,2110.873995,639.9084906,50,188.3883897,7465.178295117653,38.55604280422866,7465.178295117653,721.3430379,6743.835257,-4.882352941,0.057496112765910316,0.942500858,0.055256903,0.1753572457138555,0.8385701193916121,9.5836311518591e-06,57764253.88368672,260861.45631273845,982865.1715455684,0.002187262,0.23022573767229915,8.384763215721627e-09,2.342393345593299e-07,GOOD,3.0498974152879694,0.9610545813701002,,5111.337449,6943.814203
702,Citrus & Subtropical,San Joaquin River,45.82651778,583,16.5,3.247465856,0.183365181,0.094855843,0.7506750003126099,0.13,0.17,2549.235389,1743.692937,5418.931559,50,162.3732928,9456.440449541999,56.18455678122529,9456.440449541999,721.3430379,8735.097412,-4.882352941,0.15627117363053175,0.8437205160465526,0.21727275172012508,0.077234499,11.321235295660738,0.1678571286877231,23.74708436813278,45.826517706775064,148.8200409034874,7.322493900119298e-08,1.088643952584789e-05,1.5978726411796104e-09,7.315169827527739e-08,GOOD,0.49423381869050864,1.3903572019867076,,583,9091.16938
702,Citrus & Subtropical,Tulare Lake,91.65303556,1164,14.15,3.608433712,0.183365181,0.094855843,0.7506750003126099,0.13,0.17,2549.235389,1743.692937,5418.931559,50,180.4216856,16289.49206,86.61290847933482,16289.49206,721.3430379,15568.14902,-4.882352941,0.14648864123725608,0.8535068363868379,0.203671537,0.072399641,9.569285764013395,0.083928564,84.6458201,91.65303545981702,330.72385185471904,1.0018298723935004e-07,5.1467119760673086e-05,1.0930678577881468e-09,1.556195946036252e-07,GOOD,0.49423381869050864,1.3903572019867076,,1164,15818.53141
702,Corn,Tulare Lake,3788.208598,72.5777026,22.61157082,2.280437339,0.234536008,1.320694044672553,0.033525185,0.3,0.17,423.9938724,1022.014707,159.5840787,50,114.021867,1526.1942343857982,13.60249170311048,1526.1942343857982,721.3430379,804.8511965,-4.882352941,0.1929963351289252,0.8069220848767077,0.081330364,0.510467659,16.384775400760063,0.000879923,32639.913369437527,3788.208534494864,8638.770168572428,6.350513604047592e-05,0.002166228,1.676389628438194e-08,2.507564188572754e-07,GOOD,2.644960375498291,0.4214088525991567,,72.5777026,1379.487384
702,Cotton,Tulare Lake,15385.55246,3627.229376,0.8,3.749301711,0.148539114,1.334590964860844,0.041198802,0.68,0.17,378.6944542,1135.122209,199.4393382,50,187.4650856,2713.6464077100004,14.689306019909646,2713.6464077100004,721.3430379,1992.30337,-4.882352941,0.022316427183818086,0.9776792681633836,0.007445108,0.042374324,0.37223247794539227,9.558241337887697e-05,4790066.030288354,15385.551723968603,57685.06184036922,0.000736031,0.016322589,4.7839126963456636e-08,2.8296033502318614e-07,GOOD,1.8987951731454202,0.3336155801462545,,3627.229376,2197.396006
702,Cucurbits,Tulare Lake,15728.91697,497.5744895,17.10175354,2.442132231,0.087908733,0.5954029958862788,4.8590594140887005,0.05,0.17,920.9338517,2396.72349,6846.813993,50,122.1066116,8386.319415104319,65.84654615346113,8386.319415104319,721.3430379,7664.976377,-4.882352941,0.4675622903364954,0.5323885164359414,0.17965941447367537,0.06288968,14.679539590514612,0.001271543,0.012424959669770431,15728.916964308879,38412.08651380307,5.691121259587817e-06,0.008577357,3.618253736377767e-10,2.2329833275929813e-07,GOOD,0.13450545739469513,0.38424701518246485,,497.5744895,8205.653424
702,Dry Beans,Tulare Lake,1079.877442,1151.19302,1.475467,1.919782133,0.272510229,0.8579188204514863,0.0413722,1.68,0.17,521.9411016,903.6303871,214.6292221,50,95.98910665,1601.695994,16.702551345101572,1601.695994,721.3430379,880.352956,-4.882352941,0.4085825025999588,0.5912670940514153,0.2302756786704026,1.0486169223011648,1.2431380559624774,0.000551209,880980.6529568793,1079.8773974830144,2073.128873067204,4.451698555385519e-05,0.000545914,4.1224109165024297e-08,2.6332853840295507e-07,GOOD,2.5664753522934403,0.5635965250716192,,1151.19302,1513.097338
702,Grain,San Joaquin River,181.0015042,303,2.9,0.466656841,0.351483763,0.6729928083090427,0.036299510576689786,0.74,0.17,345.3012994,477.8051109,110.9675411,50,23.33284205,854.4163598,34.461766724233144,854.4163598,721.3430379,133.0733219,-4.882352941,0.998639941,0.000659869,0.721699416,3.1075003116712776,2.915635442460004,0.007465968,4626.6436163161725,181.00157709425642,84.46562799349353,-7.29E-05,-3.78E-05,4.027273515853536e-07,4.478424081166861e-07,GOOD,3.1117324505343373,0.7226823065494933,,303,866.7507936
702,Grain,Tulare Lake,38500.4595,296.6892741,2.83391151,0.715524558,0.351483763,0.6729928083090427,0.036299510576689786,0.74,0.17,345.3012994,477.8051109,110.9675411,50,35.7762279,804.0641227425349,21.802840080580708,804.0641227425349,721.3430379,82.72108482,-4.882352941,0.9906665000189585,0.008595423,0.7159371512550146,3.082689095766269,2.8542121436667665,3.5099616183836753e-05,612732.3872548356,38500.47884780608,27548.031794603714,-0.019347806,-0.007528069,5.025344199542766e-07,2.7327075219072634e-07,GOOD,3.1117324505343373,0.7226823065494933,,296.6892741,814.131603
702,Lettuce,Tulare Lake,8302.04308,701.9741861,19.41183631,2.300762612,0.164570286,0.680529189,1.2720462492145637,0.25,0.17,2859.243032,5814.317411,7949.261967,50,115.03813060000002,13510.613099173679,111.88183645526217,13510.613099173679,721.3430379,12789.27006,-4.882352941,0.6676746749081273,0.3322861764859191,0.3283350426526401,0.24015363507656845,17.901667274123618,0.000481809,486181.4787470141,8302.043072485169,19101.02608275637,7.514830940635875e-06,0.004238921,9.05178504642965e-10,2.219210631206236e-07,GOOD,0.35968660202607483,0.49175901826412594,,701.9741861,13359.81542
702,Onions & Garlic,Tulare Lake,28276.30372,2292.142984,9.246267568,1.253629891,0.178481578,0.8220938475297447,0.4158621200492846,0.41,0.17,887.6914461,1905.136225,1355.002253,50,62.681494550000004,21130.251866027942,317.7893654282182,21130.251866027942,721.3430379,20408.90883,-4.882352941,0.9911048826431749,0.008864372,0.4618017934191475,0.6492943631359449,9.235021431,8.6256832377945e-05,20643115.582968187,28276.303732238994,35448.01175509408,-1.22E-05,0.007795292,4.3283570318798893e-10,2.1990769914154834e-07,GOOD,0.6551217479671209,0.46594644170006466,,2292.142984,21113.7715
702,Other Deciduous,Tulare Lake,10835.54619,2314.360553,7.593127825,3.502172688,0.215021845,0.54254216,0.5586272122329681,0.13,0.17,2284.866179,4950.948854,6009.195442,50,175.1086344,17397.223723800686,95.08689695319573,17397.223723800686,721.3430379,16675.88069,-4.882352941,0.17934407678360184,0.82064883,0.11290458626002468,0.11126723245587228,5.351256337490986,0.000709914,10719.184724164666,10835.546179512432,37947.94546721065,1.0487567124073394e-05,0.00845897,9.678854152965771e-10,2.2290977316399347e-07,GOOD,0.6204120841421951,0.6295417628777134,,2314.360553,16958.65864
702,Pasture,Tulare Lake,338.6020497,170,5,4.768194291,0.350906068,0.10289172336777223,0.068524209,0.51,0.17,328.209843,177.7241242,145.0367898,10,47.681942910000004,801.6220707,16.73332904045584,801.6220707,721.3430379,80.27903276,-4.882352941,0.008133809,0.9918626910174306,0.015021012008710618,0.018406338,1.888563083819653,0.005790822,1959.7392079295662,338.60160816602036,1614.5164889786292,0.000441534,0.003871322,1.3039908649251775e-06,2.3978154158479997e-06,GOOD,2.262942000342034,1.8467377139832826,,170,622.12091
702,Potatoes,Tulare Lake,217.893609,1165,14.9,1.233512156,0.150675135,1.4974640784942694,0.060261523,0.41,0.17,793.9256634,2502.863999,502.0871398,50,61.6756078,17296.103422590004,264.94890341942494,17296.103422590004,721.3430379,16574.76038,-4.882352941,0.9901306785623302,0.009836675,0.3140762558996624,1.5656448736177038,14.880706775368763,0.011193648136067647,129188.7576097391,217.8936091234768,268.77437853979353,-1.23E-07,3.687641748228998e-05,5.666839417110045e-10,1.3720211213252923e-07,GOOD,1.5812507454985842,0.31720687248646934,,1165,17280.71399
702,Safflower,Tulare Lake,145.8300506,574,1.3,2.392307778,0.396694215,0.4537037030434028,0.032158708,0.74,0.17,212.2655769,227.006242,60.43672676,10,23.92307778,721.3430379,28.59024624,721.3430379,721.3430379,0,-4.882352941,0.29897778069281744,0.7007996904766709,0.279563639,1.0500683069885288,1.0221362177096567,0.009266618,11.082817413508169,145.81586363902738,348.83614301178375,0.014186960972608631,0.034221304729840085,9.728420798208672e-05,9.809175048985449e-05,GOOD,3.5121951355556216,0.9350649358914657,,574,688.0860783
702,Tomato Processing,Tulare Lake,63710.96234,93.8051187,51.8575136,2.220206136,0.124471553,2.283636824869254,0.28639447182202826,0.74,0.17,657.2463564,2815.18314,996.9547547,50,111.0103068,4752.643484727863,41.41777776996542,4752.643484727863,721.3430379,4031.300447,-4.882352941,0.4656945008287182,0.5342347591770293,0.10872330478132022,0.30701093785264755,44.55529839778377,2.1210656717751775e-05,49206222.45220689,63710.961859487645,141451.43658156763,0.000480512,0.032936165283899754,7.542067108782794e-09,2.3284427794347338e-07,GOOD,0.6592539471827814,0.23346486717761028,,93.8051187,4615.339952
702,Truck Crops,Tulare Lake,6982.061246,1201.217711,17.98423068,1.84535452,0.139554281,1.1244727167916924,1.262909809962677,0.406231127,0.17,7441.94487,27484.23099,27982.75263,50,92.26772600000001,21509.753178860577,220.6988822518749,21509.753178860577,721.3430379,20788.41014,-4.882352941,0.9212789091792206,0.078686143,0.32455495915213445,0.30625031380437007,17.700379934302894,0.000352568,5029198.843132847,6982.061243708355,12884.375446565611,2.2916456146049313e-06,0.002832657,3.282190650959711e-10,2.1985207665150038e-07,GOOD,0.332418674,0.35228740820875265,,1201.217711,21430.18281
702,Vineyard,Tulare Lake,33670.65075,1380.403848,11.47105969,4.00891598,0.302297005,0.1329510358537938,0.3058799853780738,0.13,0.17,2773.231975,2743.166444,4105.247296,50,200.44579900000002,15633.442281307689,74.93397696574999,15633.442281307689,721.3430379,14912.09924,-4.882352941,0.081464834,0.918532537,0.12284040348792936,0.080986302,6.881534742707126,0.000228457,29786.238851271384,33670.65070391762,134982.77956604547,4.6082379412837327e-05,0.030282628518762067,1.368621585457101e-09,2.2434433356892776e-07,GOOD,0.9941259073363267,1.5078948555200695,,1380.403848,15030.38344
703,Alfalfa,Tulare Lake,37507.88404,274.8572138,8.061907128,4.524530937,0.306290873,0.13122437452970753,0.081460253,1.86,0.17,739.7198673,484.1807412,381.4811931,50,226.22654684999998,1988.9820545284401,9.30117537,1988.9820545284401,721.3430379,1267.639017,-4.882352941,0.005508247,0.9944907603891285,0.008415369,0.010680893037067582,2.8402005005899413,1.4333903987460193e-05,51670703.282608174,37507.87760794948,169705.5181928201,0.006432051,0.063527568,1.7148529392020511e-07,3.7433988778717177e-07,GOOD,1.939072961544676,1.5277763122781245,,274.8572138,1191.785346
703,Almonds & Pistachios,Tulare Lake,269742.4377,4822.54376,1.25034417,3.767767793,0.287448101,0.311217018,0.03090217,0.4,0.17,2039.310074,2110.873995,639.9084906,50,188.3883897,5840.770292144878,30.373560505959485,5840.770292144878,721.3430379,5119.427254,-4.882352941,0.045555478772833634,0.9544414534575707,0.043781302,0.13893953696147127,0.6685013012466542,9.268100419483975e-06,45343895.21842563,269742.4360913652,1016326.6719070731,0.001608635,0.1972642958862707,5.963595669123255e-09,1.9409532687756656e-07,GOOD,3.0498974152879694,0.9610545813701002,,4822.54376,5319.4062
703,Citrus & Subtropical,Tulare Lake,1247.808329,1164,14.15,3.608433712,0.183365181,0.094855843,0.7506750003126099,0.13,0.17,2549.235389,1743.692937,5418.931559,50,180.4216856,16289.49206,86.61290847933482,16289.49206,721.3430379,15568.14902,-4.882352941,0.1464886412372561,0.853506836,0.20367153735346605,0.072399641,9.569285764013394,0.006164655,1152.408741238436,1247.8083282937905,4502.632830683603,7.062094482535031e-07,0.000809794,5.659598768822636e-10,1.798490502165093e-07,GOOD,0.49423381869050864,1.3903572019867076,,1164,15818.53141
703,Corn,Tulare Lake,69173.71773,73.23913122,23.45331734,2.280437339,0.234536008,1.320694044672553,0.033525185,0.3,0.17,423.9938724,1022.014707,159.5840787,50,114.021867,1602.7989583015617,14.237442497531125,1602.7989583015617,721.3430379,881.4559204,-4.882352941,0.2007376975599702,0.7991815050199321,0.084592643,0.5309432559148811,17.120435917814316,4.818785866539738e-05,652724.9881318371,69173.71781018998,157746.29819798013,-8.02E-05,0.030590958223911002,1.159254928950547e-09,1.9392500896069115e-07,GOOD,2.644960375498291,0.4214088525991567,,73.23913122,1456.092108
703,Cotton,Tulare Lake,88084.51718,3866.163331,0.8,3.749301711,0.148539114,1.334590964860844,0.041198802,0.68,0.17,378.6944542,1135.122209,199.4393382,50,187.4650856,2904.7935717100004,15.656924447011377,2904.7935717100004,721.3430379,2183.450534,-4.882352941,0.023850802831057175,0.9761448992718624,0.007956999,0.045287789,0.3770067336730571,1.669519550511905e-05,30054744.227691967,88084.51511338561,330255.3591693153,0.002066614,0.071806268,2.346172118490214e-08,2.174264550025768e-07,GOOD,1.8987951731454202,0.3336155801462545,,3866.163331,2388.54317
703,Cucurbits,Tulare Lake,574.7683489,521.3111612,16.72752674,2.442132231,0.087908733,0.5954029958862788,4.8590594140887005,0.05,0.17,920.9338517,2396.72349,6846.813993,50,122.1066116,8597.169517,67.47812499627305,8597.169517,721.3430379,7875.826479,-4.882352941,0.4737485851998026,0.526202793,0.1820364798099398,0.06372177,14.395978449348107,0.034796627,0.000466524,574.7683488808838,1403.6600733090677,1.9116214389214292e-08,0.000236898,3.325898934031281e-11,1.6877179898401758e-07,GOOD,0.13450545739469513,0.38424701518246485,,521.3111612,8416.503526
703,Dry Beans,Tulare Lake,308.5720237,1449.735646,1.41503327,1.919782133,0.272510229,0.8579188204514863,0.0413722,1.68,0.17,521.9411016,903.6303871,214.6292221,50,95.98910665,1954.5728541189424,20.17254233966416,1954.5728541189424,721.3430379,1233.229816,-4.882352941,0.4574158066001378,0.5424462088458755,0.25779795911266945,1.173946393388677,1.2175347696709273,0.001929009,352612.07729026786,308.57203327548655,592.3909863607216,-9.58E-06,7.148219094688102e-05,3.103160955266169e-08,1.2066723492952576e-07,GOOD,2.5664753522934403,0.5635965250716192,,1449.735646,1865.974199
703,Grain,Tulare Lake,31555.67697,286.5173587,2.743022464,0.715524558,0.351483763,0.6729928083090427,0.036299510576689786,0.74,0.17,345.3012994,477.8051109,110.9675411,50,35.7762279,749.1965252170459,20.38004982379662,749.1965252170459,721.3430379,27.85348729,-4.882352941,0.9899901182706445,0.009218318,0.7154483421330351,3.080584376731091,2.764075074039208,4.2824349882782796e-05,170510.23177790738,31555.74924917553,22578.909245390936,-0.072279176,-0.047429041,2.2905284395430894e-06,2.100594852370407e-06,GOOD,3.1117324505343373,0.7226823065494933,,286.5173587,759.2640055
703,Lettuce,Tulare Lake,196.1429045,696.8290369,19.47120342,2.300762612,0.164570286,0.680529189,1.2720462492145637,0.25,0.17,2859.243032,5814.317411,7949.261967,50,115.03813060000002,13452.105031197585,111.40145350924246,13452.105031197585,721.3430379,12730.76199,-4.882352941,0.6667110206007411,0.3332497172728483,0.32786115695649387,0.23980702153321692,17.951240527647908,0.020393294420701313,11433.908070315143,196.14290450918253,451.27820085262056,-9.18E-09,6.043006601430534e-05,4.68155743364848e-11,1.339086572496147e-07,GOOD,0.35968660202607483,0.49175901826412594,,696.8290369,13301.30735
703,Onions & Garlic,Tulare Lake,3524.112766,2275.169462,9.601624554,1.253629891,0.178481578,0.8220938475297447,0.4158621200492846,0.41,0.17,887.6914461,1905.136225,1355.002253,50,62.681494550000004,21781.80750270017,327.5590986263994,21781.80750270017,721.3430379,21060.46446,-4.882352941,0.9913686620581252,0.008601504,0.46192470049893736,0.649467171,9.590293309789178,0.000692096,2654913.921726917,3524.112770010586,4417.932322522531,-4.01E-06,0.00078019,1.13804122201432e-09,1.7659610049539206e-07,GOOD,0.6551217479671209,0.46594644170006466,,2275.169462,21765.32714
703,Other Deciduous,Tulare Lake,31591.61187,1885.8819,6.209077567,3.502172688,0.215021845,0.54254216,0.5586272122329681,0.13,0.17,2284.866179,4950.948854,6009.195442,50,175.1086344,11533.575211035335,63.359322283168034,11533.575211035335,721.3430379,10812.23217,-4.882352941,0.12654708873627035,0.8734453611780975,0.079666677,0.078511343,4.078463571592424,0.000243492,20263.40165739045,31591.611846416003,110639.25972803283,2.358399797230959e-05,0.020532977767288685,7.465272132792125e-10,1.855848819591836e-07,GOOD,0.6204120841421951,0.6295417628777134,,1885.8819,11095.01013
703,Pasture,Tulare Lake,2577.584631,180.0011555,4.687463892,4.768194291,0.350906068,0.10289172336777223,0.068524209,0.51,0.17,328.209843,177.7241242,145.0367898,10,47.681942910000004,795.3709876095273,16.61026853461924,795.3709876095273,721.3430379,74.02794969,-4.882352941,0.008070921,0.991925579,0.014904874,0.018264026,1.7678624782646104,0.000760706,13761.785833702525,2577.5823341255873,12290.401616287672,0.002296874,0.022705816,8.910956347479534e-07,1.8474395411952808e-06,GOOD,2.262942000342034,1.8467377139832826,,180.0011555,615.869827
703,Safflower,Tulare Lake,12379.65608,574,1.3,2.392307778,0.396694215,0.4537037030434028,0.032158708,0.74,0.17,212.2655769,227.006242,60.43672676,10,23.92307778,721.3430379,28.59024624,721.3430379,721.3430379,0,-4.882352941,0.29897778069281744,0.7007996904766708,0.279563639,1.0500683069885288,1.0221362177096567,0.000109159,940.8312443983084,12379.596278981218,29615.77669666576,0.059801018782309256,0.17083248323615408,4.830588054778114e-06,5.768259923745985e-06,GOOD,3.5121951355556216,0.9350649358914657,,574,688.0860783
703,Tomato Processing,Tulare Lake,23136.14043,97.55314321,54.91840029,2.220206136,0.124471553,2.283636824869254,0.28639447182202826,0.74,0.17,657.2463564,2815.18314,996.9547547,50,111.0103068,5245.605834347475,45.61500341030369,5245.605834347475,721.3430379,4524.262796,-4.882352941,0.49031355332706333,0.5096189661466011,0.11447098860288497,0.3232411453880817,47.66457389113648,5.840867691134391e-05,20053859.50364599,23136.14045511291,51366.99146350911,-2.51E-05,0.009482535,1.0854407446943899e-09,1.8460362458359637e-07,GOOD,0.6592539471827814,0.23346486717761028,,97.55314321,5108.302301
703,Truck Crops,Tulare Lake,1862.014974,1033.533341,18.99961942,1.84535452,0.139554281,1.1244727167916924,1.262909809962677,0.408268732,0.17,7441.94487,27484.23099,27982.75263,50,92.26772600000001,19543.516904216085,200.6115507753839,19543.516904216085,721.3430379,18822.17387,-4.882352941,0.9140397840004261,0.085922055,0.3220047065051982,0.30384389340812973,18.67120989,0.001315439,1235536.7692046035,1862.0149750799396,3436.077143724166,-1.08E-06,0.000604854,5.799844299356645e-10,1.7603048030610766e-07,GOOD,0.332418674,0.35228740820875265,,1033.533341,19463.94653
703,Vineyard,Tulare Lake,89525.04853,1380.403848,11.47105969,4.00891598,0.302297005,0.1329510358537938,0.3058799853780738,0.13,0.17,2773.231975,2743.166444,4105.247296,50,200.44579900000002,15633.442281307689,74.93397696574999,15633.442281307689,721.3430379,14912.09924,-4.882352941,0.081464834,0.918532537,0.12284040348792936,0.080986302,6.881534742707126,8.592352440590956e-05,79196.99855180961,89525.04846033955,358898.3311482603,6.966045475564897e-05,0.066513932,7.781113319620891e-10,1.853280278906185e-07,GOOD,0.9941259073363267,1.5078948555200695,,1380.403848,15030.38344
704,Alfalfa,Tulare Lake,2320.394205,264,7.7,4.524530937,0.306290873,0.13122437452970753,0.081460253,1.86,0.17,739.7198673,484.1807412,381.4811931,50,226.22654684999998,1805.908723,8.532721174271856,1805.908723,801.6220707,1004.286653,-4.882352941,0.005003862,0.9949951448780376,0.007644782,0.009702854,2.665486566078016,0.0002317,2532638.3729820135,2320.3942680009177,10498.692061736072,-6.30E-05,0.003304822,2.715095456583474e-08,3.1478405963958396e-07,GOOD,1.939072961544676,1.5277763122781245,,264,1008.712015
704,Almonds & Pistachios,Tulare Lake,50706.4314,4734.566574,1.111444753,3.767767793,0.287448101,0.311217018,0.03090217,0.4,0.17,2039.310074,2110.873995,639.9084906,50,188.3883897,5073.139993660487,26.506846406134354,5073.139993660487,801.6220707,4271.517923,-4.882352941,0.039806909083126805,0.9601900046702608,0.038256612,0.12140698912323164,0.5786049966362741,4.930341045455626e-05,7112107.15,50706.431793236734,191049.99995389086,-0.000393237,0.059172993031097576,7.755164813950012e-09,3.097250704947359e-07,GOOD,3.0498974152879694,0.9610545813701002,,4734.566574,4551.775902
704,Citrus & Subtropical,Tulare Lake,15428.8221,583,16.5,3.608433712,0.183365181,0.094855843,0.7506750003126099,0.13,0.17,2549.235389,1743.692937,5418.931559,50,180.4216856,9438.392057,50.585459735344266,9438.392057,801.6220707,8636.769986,-4.882352941,0.090451264,0.909543917,0.12575956621458317,0.044704073570648886,10.125733543193546,0.000498567,7905.1463378570625,15428.82212256647,55673.86453309903,-2.26E-05,0.017268992,1.4626178009973467e-09,3.1018120240361047e-07,GOOD,0.49423381869050864,1.3903572019867076,,583,8967.431411
704,Corn,Tulare Lake,3875.849326,71,20.6,2.280437339,0.234536008,1.320694044672553,0.033525185,0.3,0.17,423.9938724,1022.014707,159.5840787,50,114.021867,1347.6983720930002,12.122999528603893,1347.6983720930002,801.6220707,546.0763014,-4.882352941,0.17436303404742845,0.825553502,0.073478126,0.46118331600710766,14.647543606447167,0.000860027,22661.031948227625,3875.8497874136765,8838.629667,-0.000461414,0.001856512,1.190484040183212e-07,2.100451736887992e-07,GOOD,2.644960375498291,0.4214088525991567,,71,1200.991522
704,Cotton,Tulare Lake,109.1452963,3438,0.8,3.749301711,0.148539114,1.334590964860844,0.041198802,0.68,0.17,378.6944542,1135.122209,199.4393382,50,187.4650856,2562.2629069100003,13.922977805208799,2562.2629069100003,801.6220707,1760.640836,-4.882352941,0.021097815104296484,0.9788978748774658,0.00703856,0.040060429483952706,0.36826385619982926,0.013473675,30029.838056875105,109.14529986671839,409.21855166789516,-3.57E-06,9.44972968568436e-05,3.267862667259262e-08,2.3092128802629695e-07,GOOD,1.8987951731454202,0.3336155801462545,,3438,2046.012505
704,Cucurbits,Tulare Lake,173.6653727,485,17.3,2.442132231,0.087908733,0.5954029958862788,4.8590594140887005,0.05,0.17,920.9338517,2396.72349,6846.813993,50,122.1066116,8267.423128,64.92651497854857,8267.423128,801.6220707,7465.801057,-4.882352941,0.4640093407959982,0.5359411377107051,0.1782942042176454,0.062411789,14.827156298297295,0.11516400586401988,0.000133621,173.6653729352955,424.11369802283247,-2.35E-07,0.000106056,1.3548785478897716e-09,2.5006605304689555e-07,GOOD,0.13450545739469513,0.38424701518246485,,485,8086.757137
704,Grain,Tulare Lake,4084.989811,303,2.9,0.715524558,0.351483763,0.6729928083090427,0.036299510576689786,0.74,0.17,345.3012994,477.8051109,110.9675411,50,35.7762279,841.9729739769999,22.785867342840877,841.9729739769999,801.6220707,40.35090329,-4.882352941,0.9910828089107777,0.008212035,0.7162380103251915,3.0839845376543886,2.9198596066001494,0.000330809,31853.57213438539,4085.016380099677,2922.9286325312646,-0.0265691,-0.018103581,6.504079791226187e-06,6.1936829084225745e-06,GOOD,3.1117324505343373,0.7226823065494933,,303,852.0404543
704,Lettuce,Tulare Lake,57.34568646,703,19.4,2.300762612,0.164570286,0.680529189,1.2720462492145637,0.25,0.17,2859.243032,5814.317411,7949.261967,50,115.03813060000002,13522.2051,111.9770131032709,13522.2051,801.6220707,12720.58303,-4.882352941,0.6678649394503131,0.3320959343572871,0.3284286069571159,0.24022207068323334,17.89176918445735,0.069752413,3340.223080879841,57.34568670254528,131.93879618975004,-2.43E-07,1.5176892617319027e-05,4.2295295649990785e-09,1.1502978130630722e-07,GOOD,0.35968660202607483,0.49175901826412594,,703,13371.40742
704,Onions & Garlic,Tulare Lake,187.8829398,2366,7.7,1.253629891,0.178481578,0.8220938475297447,0.4158621200492846,0.41,0.17,887.6914461,1905.136225,1355.002253,50,62.681494550000004,18154.684531849998,273.1723023073816,18154.684531849998,801.6220707,17353.06246,-4.882352941,0.9896620518382303,0.010302215830494208,0.46112951153960835,0.6483491332969888,7.689111273344549,0.012981617,116626.42590839021,187.88294117322957,235.53562357208193,-1.37E-06,4.5770151643864665e-05,7.308963586993409e-09,1.943236528534478e-07,GOOD,0.6551217479671209,0.46594644170006466,,2366,18138.20417
704,Other Deciduous,Tulare Lake,6387.297921,1824.069063,6.51416843,3.502172688,0.215021845,0.54254216,0.5586272122329681,0.13,0.17,2284.866179,4950.948854,6009.195442,50,175.1086344,11706.281316068278,64.29381653729551,11706.281316068278,801.6220707,10904.65925,-4.882352941,0.12819907003935335,0.8717933941546623,0.080706669,0.079536252,4.290051153934713,0.001204313,4131.943784709115,6387.297929128147,22369.413429715085,-8.13E-06,0.00689933,1.2725485759891557e-09,3.0842686999587933e-07,GOOD,0.6204120841421951,0.6295417628777134,,1824.069063,11267.71624
704,Pasture,Tulare Lake,2594.801811,170,5,4.768194291,0.350906068,0.10289172336777223,0.068524209,0.51,0.17,328.209843,177.7241242,145.0367898,10,47.681942910000004,801.6220707,16.73332904045584,801.6220707,801.6220707,0,-4.882352941,0.008133809,0.9918626910174305,0.015021012008710618,0.018406338,1.8885630838196532,0.000755659,65.35930704816086,2594.7743432872603,12372.368270622805,0.027467712739507988,0.15091086385655217,1.0585668864213688e-05,1.2197262468775496e-05,GOOD,2.262942000342034,1.8467377139832826,,170,622.12091
704,Tomato Processing,Tulare Lake,38.81376533,93,51.2,2.220206136,0.124471553,2.283636824869254,0.28639447182202826,0.74,0.17,657.2463564,2815.18314,996.9547547,50,111.0103068,4649.743266,40.54165520846828,4649.743266,801.6220707,3848.121195,-4.882352941,0.46025246415060456,0.5396760753504058,0.10745278041108873,0.30342325369188766,43.889156087037684,0.034816291,28615.138318545738,38.813766991334624,86.17456201,-1.66E-06,-2.06E-06,4.280271722537107e-08,2.3946977447244052e-08,GOOD,0.6592539471827814,0.23346486717761028,,93,4512.439733
704,Truck Crops,Tulare Lake,4909.182496,1205.208865,18.74686204,1.84535452,0.139554281,1.1244727167916924,1.262909809962677,0.403343817,0.17,7441.94487,27484.23099,27982.75263,50,92.26772600000001,22500.66108887499,230.82212934471744,22500.66108887499,801.6220707,21699.03902,-4.882352941,0.9244838925133052,0.075482583,0.32568403442425137,0.3073157101159774,18.463385567497852,0.000505028,3600747.631,4909.182519,9059.179390810079,-2.34E-05,0.002717688,4.7581383916906736e-09,2.999926894590458e-07,GOOD,0.332418674,0.35228740820875265,,1205.208865,22421.09072
704,Vineyard,Tulare Lake,35000.39906,1492.427601,10.07028874,4.00891598,0.302297005,0.1329510358537938,0.3058799853780738,0.13,0.17,2773.231975,2743.166444,4105.247296,50,200.44579900000002,14827.924210209516,71.12205177070149,14827.924210209516,801.6220707,14026.30214,-4.882352941,0.077593104,0.9224042555012946,0.11700224270976158,0.077137315,5.982099999324599,0.000219778,29123.402613078404,35000.399079820345,140313.61565151918,-1.98E-05,0.043446492,5.662890161729512e-10,3.096383637983603e-07,GOOD,0.9941259073363267,1.5078948555200695,,1492.427601,14224.86537
705,Alfalfa,Tulare Lake,4752.766999,284.4542528,8.772711663,4.524530937,0.306290873,0.13122437452970753,0.081460253,1.86,0.17,739.7198673,484.1807412,381.4811931,50,226.22654684999998,2268.5438645405106,10.474642004982941,2268.5438645405106,745.1185796,1523.425285,-4.882352941,0.006277481,0.9937215268373851,0.009590587,0.012172494506980554,3.166249878977895,0.00011312,7868216.086,4752.765689,21504.03064807501,0.001309713,0.010675253135559615,2.755685331720917e-07,4.964300884215108e-07,GOOD,1.939072961544676,1.5277763122781245,,284.4542528,1471.347156
705,Almonds & Pistachios,Tulare Lake,90857.08356,4744.193678,1.117976375,3.767767793,0.287448101,0.311217018,0.03090217,0.4,0.17,2039.310074,2110.873995,639.9084906,50,188.3883897,5114.827267687357,26.716833909990353,5114.827267687357,745.1185796,4369.708688,-4.882352941,0.040120871,0.9598760437067722,0.038558346936687776,0.12236454093203443,0.5829076259308663,2.7515741228355136e-05,13036578.729699174,90857.08205629971,342328.31589617394,0.0015037,0.077307104,1.655017121038989e-08,2.258273207157711e-07,GOOD,3.0498974152879694,0.9610545813701002,,4744.193678,4593.463176
705,Citrus & Subtropical,Tulare Lake,92123.15049,1047.333333,15.33333333,3.608433712,0.183365181,0.094855843,0.7506750003126099,0.13,0.17,2549.235389,1743.692937,5418.931559,50,180.4216856,15878.00315925089,84.44903769025245,15878.00315925089,745.1185796,15132.88458,-4.882352941,0.14331857019856206,0.8566768906287398,0.19926400625400828,0.070832884,10.3237836,8.350026732034847e-05,82701.29921707368,92123.15035439836,332420.21353574697,0.000135602,0.068348018,1.4719605548060384e-09,2.056072449875622e-07,GOOD,0.49423381869050864,1.3903572019867076,,1047.333333,15407.04251
705,Corn,Tulare Lake,11236.54829,75.63380008,24.86028597,2.280437339,0.234536008,1.320694044672553,0.033525185,0.3,0.17,423.9938724,1022.014707,159.5840787,50,114.021867,1765.3762710796088,15.584991168507436,1765.3762710796088,745.1185796,1020.257692,-4.882352941,0.21668483788028778,0.7832359767959088,0.091312909,0.5731228101646323,18.410607005937823,0.000296651,122720.07317552807,11236.547984502382,25624.23810204538,0.000305498,0.006179947,2.7187852603724107e-08,2.4117578478197505e-07,GOOD,2.644960375498291,0.4214088525991567,,75.63380008,1618.669421
705,Cotton,Tulare Lake,147.1610411,3907,0.8,3.749301711,0.148539114,1.334590964860844,0.041198802,0.68,0.17,378.6944542,1135.122209,199.4393382,50,187.4650856,2937.4629069100006,15.822302002603484,2937.4629069100006,745.1185796,2192.344327,-4.882352941,0.024112564194157665,0.9758831390612736,0.008044327,0.045784820504025665,0.37779820053675534,0.009993054,50416.37284574585,147.1610329017163,551.7510184635485,8.198283694582642e-06,0.000124725,5.570960651883185e-08,2.2605340189582463e-07,GOOD,1.8987951731454202,0.3336155801462545,,3907,2421.212505
705,Cucurbits,Tulare Lake,222.2289176,485,17.3,2.442132231,0.087908733,0.5954029958862788,4.8590594140887005,0.05,0.17,920.9338517,2396.72349,6846.813993,50,122.1066116,8267.423128,64.92651497854857,8267.423128,745.1185796,7522.304548,-4.882352941,0.46400934079599787,0.5359411377107054,0.1782942042176453,0.062411788619176664,14.827156298297293,0.089997288,0.000172281,222.2289174492959,542.7123141600853,1.507040963133477e-07,8.817111790904164e-05,6.781480013533023e-10,1.6246379763997563e-07,GOOD,0.13450545739469513,0.38424701518246485,,485,8086.757137
705,Grain,Tulare Lake,6635.313447,285.1388946,2.741981611,0.715524558,0.351483763,0.6729928083090427,0.036299510576689786,0.74,0.17,345.3012994,477.8051109,110.9675411,50,35.7762279,745.1185795510672,20.274303233405927,745.1185795510672,745.1185796,0,-4.882352941,0.9899359122840853,0.009268237,0.7154091684256396,3.0804157022037013,2.7631385128623016,0.000203661,446.80085495799614,6635.319746024214,4747.733248033686,-0.006299024,-0.003526678,9.493182595612043e-07,7.428134626325381e-07,GOOD,3.1117324505343373,0.7226823065494933,,285.1388946,755.1860598
705,Lettuce,Tulare Lake,5.18773341,703,19.4,2.300762612,0.164570286,0.680529189,1.2720462492145637,0.25,0.17,2859.243032,5814.317411,7949.261967,50,115.03813060000002,13522.2051,111.9770131032709,13522.2051,745.1185796,12777.08653,-4.882352941,0.6678649394503126,0.3320959343572877,0.3284286069571156,0.24022207068323315,17.891769184457345,0.7710496442029006,303.5129045388591,5.187733400755083,11.935763872833192,9.244916832074068e-09,-2.08E-05,1.7820724585140292e-09,1.7428392853606522e-06,GOOD,0.35968660202607483,0.49175901826412594,,703,13371.40742
705,Onions & Garlic,Tulare Lake,14.63609559,2624,7.7,1.253629891,0.178481578,0.8220938475297447,0.4158621200492846,0.41,0.17,887.6914461,1905.136225,1355.002253,50,62.681494550000004,20141.284531849997,302.9603217474933,20141.284531849997,745.1185796,19396.16595,-4.882352941,0.9906721968947886,0.009295562,0.4616001850343126,0.6490109012921417,7.6901778777652785,0.16664446984825293,10154.86485,14.636095580538854,18.348266318740137,9.461146532885323e-09,-1.94E-05,6.464255767330175e-10,1.0572989855315456e-06,GOOD,0.6551217479671209,0.46594644170006466,,2624,20124.80417
705,Other Deciduous,Tulare Lake,87268.38664,1927.49806,7.667137924,3.502172688,0.215021845,0.54254216,0.5586272122329681,0.13,0.17,2284.866179,4950.948854,6009.195442,50,175.1086344,14602.381685996426,79.96430574529474,14602.381685996426,745.1185796,13857.26311,-4.882352941,0.15499870776952984,0.8449939880792864,0.09757816,0.096163071,5.246399177901542,8.814540967784863e-05,71739.39624115141,87268.38650488612,305628.8973166916,0.000135114,0.06289974,1.5482568575098498e-09,2.0580425502379202e-07,GOOD,0.6204120841421951,0.6295417628777134,,1927.49806,14163.81661
705,Pasture,Tulare Lake,4941.329305,206.557189,4.996973981,4.768194291,0.350906068,0.10289172336777223,0.068524209,0.51,0.17,328.209843,177.7241242,145.0367898,10,47.681942910000004,983.7829697064993,20.31939758355231,983.7829697064993,745.1185796,238.6643902,-4.882352941,0.009962923,0.9900335831069993,0.018398906489058387,0.022545518,1.963253990228575,0.000396813,84777.74513524244,4941.326772232183,23561.18128778328,0.002532768,0.036894269,5.125681087903409e-07,1.5658896936053206e-06,GOOD,2.262942000342034,1.8467377139832826,,206.557189,804.2818091
705,Tomato Processing,Tulare Lake,615.1622148,97.50350766,54.97763075,2.220206136,0.124471553,2.283636824869254,0.28639447182202826,0.74,0.17,657.2463564,2815.18314,996.9547547,50,111.0103068,5248.655106954277,45.64096580921615,5248.655106954277,745.1185796,4503.536527,-4.882352941,0.49045877903930907,0.5094737596616813,0.1145048937045052,0.32333688601211213,47.71875692,0.00219674,530765.4310130273,615.1622058156386,1365.786645929804,8.984361443253874e-06,0.000278005,1.4604865557574675e-08,2.0354895845944994e-07,GOOD,0.6592539471827814,0.23346486717761028,,97.50350766,5111.351574
705,Truck Crops,Tulare Lake,5008.579027,3624.488211,13.67542507,1.84535452,0.139554281,1.1244727167916924,1.262909809962677,0.344305506,0.17,7441.94487,27484.23099,27982.75263,50,92.26772600000001,49473.19371396385,506.3771125313588,49473.19371396385,745.1185796,48728.07513,-4.882352941,0.9641800330644279,0.035804064934542176,0.33966848489489676,0.3205114485394636,13.57886027992667,0.000579885,4603363.342465708,5008.579025,9242.602095331004,2.358519850531593e-06,0.001850921,4.708960041994748e-10,2.002596519408615e-07,GOOD,0.332418674,0.35228740820875265,,3624.488211,49393.62334
705,Vineyard,Tulare Lake,150922.9125,1362.788738,11.62835987,4.00891598,0.302297005,0.1329510358537938,0.3058799853780738,0.13,0.17,2773.231975,2743.166444,4105.247296,50,200.44579900000002,15645.745216841146,74.99219772033729,15645.745216841146,745.1185796,14900.62664,-4.882352941,0.081523716,0.918473655,0.12292919161958403,0.081044838,6.9769179204026095,5.096845511981285e-05,133408.98792388692,150922.9122430716,605037.1509339059,0.000256928,0.12473548599518836,1.7023817476702349e-09,2.061616548454563e-07,GOOD,0.9941259073363267,1.5078948555200695,,1362.788738,15042.68638
706,Alfalfa,Tulare Lake,38898.65373,287.4559922,8.89435099,4.524530937,0.306290873,0.13122437452970753,0.081460253,1.86,0.17,739.7198673,484.1807412,381.4811931,50,226.22654684999998,2329.8432122175022,10.73194731878288,2329.8432122175022,666.1779464,1663.665266,-4.882352941,0.006445992,0.9935530165102613,0.009848034,0.012499248652147377,3.226035705245291,1.3821414291968363e-05,70323707.10261585,38898.637350349614,175998.0231451207,0.01637965,0.13906391471391544,4.2108527707898803e-07,7.901441297366919e-07,GOOD,1.939072961544676,1.5277763122781245,,287.4559922,1532.646503
706,Almonds & Pistachios,Tulare Lake,1955.33773,5133.593637,1.357471043,3.767767793,0.287448101,0.311217018,0.03090217,0.4,0.17,2039.310074,2110.873995,639.9084906,50,188.3883897,6779.635526015553,35.10282073,6779.635526015553,666.1779464,6113.45758,-4.882352941,0.052493483301600745,0.9475034712288942,0.050449103,0.1600997390410143,0.7464941819132892,0.001278552,392511.9556936226,1955.337691390722,7367.255851125953,3.86092779081082e-05,0.002672406,1.974558017049474e-08,3.627408714533432e-07,GOOD,3.0498974152879694,0.9610545813701002,,5133.593637,6258.271434
706,Citrus & Subtropical,Tulare Lake,73.96702016,1279.5,14.75,3.608433712,0.183365181,0.094855843,0.7506750003126099,0.13,0.17,2549.235389,1743.692937,5418.931559,50,180.4216856,18691.51706,99.24428629739089,18691.51706,666.1779464,18025.33911,-4.882352941,0.1645353138824604,0.8354602593629006,0.22876285863762233,0.081318916,10.212301823308822,0.10399645241444444,79.09382036682958,73.96702000750233,266.90501869611427,1.5249767670866277e-07,7.042541341206743e-05,2.061698259288951e-09,2.638593877841018e-07,GOOD,0.49423381869050864,1.3903572019867076,,1279.5,18220.55641
706,Corn,Tulare Lake,131386.8972,75.8371281,25.11401033,2.280437339,0.234536008,1.320694044672553,0.033525185,0.3,0.17,423.9938724,1022.014707,159.5840787,50,114.021867,1789.6727905939333,15.786376847858504,1789.6727905939333,666.1779464,1123.494844,-4.882352941,0.21901357836534285,0.7809074717232116,0.092294261,0.5792822364724216,18.636110098828613,2.5370363440878436e-05,1580108.0078313227,131386.89177745397,299619.4666,0.005422546,0.1195927545777522,4.1271589093548236e-08,3.991486540731499e-07,GOOD,2.644960375498291,0.4214088525991567,,75.8371281,1642.96594
706,Cotton,Tulare Lake,8808.005629,3750.989331,0.8,3.749301711,0.148539114,1.334590964860844,0.041198802,0.68,0.17,378.6944542,1135.122209,199.4393382,50,187.4650856,2812.6543717100008,15.190500640805121,2812.6543717100008,666.1779464,2146.476425,-4.882352941,0.023111785152762514,0.9768839136963288,0.007710452,0.043884546,0.3747367215903055,0.00016696,2954434.160740163,8808.004792017404,33023.85560545099,0.000836983,0.014969856340030674,9.5025211240299e-08,4.5330411242660216e-07,GOOD,1.8987951731454202,0.3336155801462545,,3750.989331,2296.40397
706,Cucurbits,Tulare Lake,61.4859183,485,17.3,2.442132231,0.087908733,0.5954029958862788,4.8590594140887005,0.05,0.17,920.9338517,2396.72349,6846.813993,50,122.1066116,8267.423128,64.92651497854857,8267.423128,666.1779464,7601.245182,-4.882352941,0.4640093407959981,0.5359411377107054,0.17829420421764539,0.062411789,14.827156298297295,0.3252777311126212,4.8166578083087854e-05,61.48591823108283,150.15671230410453,6.891717418966437e-08,3.052895820587764e-05,1.1208611027553665e-09,2.0331393469168625e-07,GOOD,0.13450545739469513,0.38424701518246485,,485,8086.757137
706,Dry Beans,Tulare Lake,1840.102989,1466,1.2,1.919782133,0.272510229,0.8579188204514863,0.0413722,1.68,0.17,521.9411016,903.6303871,214.6292221,50,95.98910665,1662.348682,17.298975498025122,1662.348682,666.1779464,996.170736,-4.882352941,0.4175920533950925,0.5822598344746094,0.23535343019099617,1.071739712352111,1.0151414234793614,0.000323481,1698616.585290661,1840.1026201525726,3532.594897456036,0.000368847,0.001943706,2.0044933873704112e-07,5.502201771070269e-07,GOOD,2.5664753522934403,0.5635965250716192,,1466,1573.750027
706,Grain,Tulare Lake,39095.18905,269.7982572,2.605298417,0.715524558,0.351483763,0.6729928083090427,0.036299510576689786,0.74,0.17,345.3012994,477.8051109,110.9675411,50,35.7762279,666.1779464,18.22726693474356,666.1779464,666.1779464,0,-4.882352941,0.9887573693129077,0.010353582937366976,0.7145574562728613,3.076748391795939,2.627716035004588,3.456566867148456e-05,2632.5453999738525,39095.213451057534,27973.575427685577,-0.024401058,-0.007562758,6.241447637505654e-07,2.703537110804232e-07,GOOD,3.1117324505343373,0.7226823065494933,,269.7982572,676.2454267
706,Lettuce,Tulare Lake,249.0466665,703,19.4,2.300762612,0.164570286,0.680529189,1.2720462492145637,0.25,0.17,2859.243032,5814.317411,7949.261967,50,115.03813060000002,13522.2051,111.9770131032709,13522.2051,666.1779464,12856.02716,-4.882352941,0.6678649394503136,0.3320959343572868,0.3284286069571161,0.2402220706832335,17.891769184457353,0.016061247,14660.71511565336,249.04666574180567,572.9970835034942,7.581943179957307e-07,0.000175423,3.044386534664702e-09,3.0614969960724374e-07,GOOD,0.35968660202607483,0.49175901826412594,,703,13371.40742
706,Other Deciduous,Tulare Lake,5692.317592,1889.866332,3.238447135,3.502172688,0.215021845,0.54254216,0.5586272122329681,0.13,0.17,2284.866179,4950.948854,6009.195442,50,175.1086344,5944.22042,33.11592159167302,5944.22042,666.1779464,5278.042474,-4.882352941,0.06948255,0.9305094064457828,0.043742167,0.043107814,1.8867879599451358,0.001351349,1782.3634357789406,5692.317553373347,19935.472181765494,3.862665289489087e-05,0.007020359,6.785751545060817e-09,3.5215400451534634e-07,GOOD,0.6204120841421951,0.6295417628777134,,1889.866332,5505.65534
706,Pasture,Tulare Lake,3652.762468,331.7209827,4.988996586,4.768194291,0.350906068,0.10289172336777223,0.068524209,0.51,0.17,328.209843,177.7241242,145.0367898,10,47.681942910000004,1606.576920879865,32.57988712401057,1606.576920879865,666.1779464,940.3989745,-4.882352941,0.016165882,0.9838306464673062,0.029854144,0.036582453,2.1563508526455157,0.000536795,246665.25077794478,3652.7616742802315,17417.047292395775,0.00079372,0.033853900895337574,2.1729301461744677e-07,1.9437183883440655e-06,GOOD,2.262942000342034,1.8467377139832826,,331.7209827,1427.07576
706,Potatoes,Tulare Lake,398.4454185,445,24,1.233512156,0.150675135,1.4974640784942694,0.060261523,0.41,0.17,793.9256634,2502.863999,502.0871398,50,61.6756078,10617.603422589998,163.0126041143796,10617.603422589998,666.1779464,9951.425476,-4.882352941,0.9840221244663672,0.015925022324216116,0.3121385805594676,1.5559857178995438,23.949610509846828,0.006121351,141837.06337147887,398.44541766374607,491.48712056603387,8.362539460904372e-07,0.000146656,2.098791722185249e-09,2.9839272185059433e-07,GOOD,1.5812507454985842,0.31720687248646934,,445,10602.21399
706,Safflower,Tulare Lake,183.5472791,574,1.3,2.392307778,0.396694215,0.4537037030434028,0.032158708,0.74,0.17,212.2655769,227.006242,60.43672676,10,23.92307778,721.3430379,28.59024624,721.3430379,666.1779464,55.16509155,-4.882352941,0.2989777806928174,0.7007996904766709,0.27956363933650197,1.0500683069885286,1.0221362177096567,0.007362416,1953.7609778380186,183.54687427744318,439.0999581420531,0.000404823,0.00162528,2.2055492121809e-06,3.701374978258291e-06,GOOD,3.5121951355556216,0.9350649358914657,,574,688.0860783
706,Tomato Processing,Tulare Lake,529.4935434,97.87071535,55.25303651,2.220206136,0.124471553,2.283636824869254,0.28639447182202826,0.74,0.17,657.2463564,2815.18314,996.9547547,50,111.0103068,5295.797474486367,46.04234971592753,5295.797474486367,666.1779464,4629.619528,-4.882352941,0.4926935137881656,0.5072393207831154,0.11502662575582419,0.3248101437162023,48.000650990816126,0.002552158,469639.83948818233,529.4935308228663,1175.5844032490832,1.2577133702507126e-05,0.00041078,2.3753138936778065e-08,3.494260679602692e-07,GOOD,0.6592539471827814,0.23346486717761028,,97.87071535,5158.493941
706,Truck Crops,Tulare Lake,2250.376106,5776.167592,9.530204304,1.84535452,0.139554281,1.1244727167916924,1.262909809962677,0.296260403,0.17,7441.94487,27484.23099,27982.75263,50,92.26772600000001,54954.83401323872,562.3782794035011,54954.83401323872,666.1779464,54288.65607,-4.882352941,0.9676373671072805,0.032348265748759916,0.3408864601441652,0.32166073093918063,9.469486366884269,0.001499931,1237990.9397969148,2250.376104630406,4152.740337196335,1.3695939742319752e-06,0.001381711,6.086066993780883e-10,3.32722538076291e-07,GOOD,0.332418674,0.35228740820875265,,5776.167592,54875.26364
706,Vineyard,Tulare Lake,574.5288852,1397.089633,12.23227523,4.00891598,0.302297005,0.1329510358537938,0.3058799853780738,0.13,0.17,2773.231975,2743.166444,4105.247296,50,200.44579900000002,16888.33225642969,80.87244922,16888.33225642969,666.1779464,16222.15431,-4.882352941,0.087432135,0.9125652527723631,0.13183846677472302,0.086918551,7.443774915998722,0.013388896347012931,552.8980495538798,574.5288837006877,2303.2372594094845,1.4993122476880671e-06,0.00076944,2.6096377158933265e-09,3.3406898095344186e-07,GOOD,0.9941259073363267,1.5078948555200695,,1397.089633,16285.27342
707,Almonds & Pistachios,Tulare Lake,3.858575744,4618,1.5,3.767767793,0.287448101,0.311217018,0.03090217,0.4,0.17,2039.310074,2110.873995,639.9084906,50,188.3883897,6737.930817,34.8927454,6737.930817,733.7657677,6004.16505,-4.882352941,0.052187436,0.9478095172870177,0.050154975,0.1591663269592171,0.8239140351541285,0.6479074575346732,760.7189410737162,3.858574942367052,14.538209961324615,8.016329480220463e-07,7.453769597987048e-06,2.0775358609159555e-07,5.127017560108998e-07,GOOD,3.0498974152879694,0.9610545813701002,,4618,6216.566726
707,Citrus & Subtropical,Tulare Lake,3629.655919,819.6666667,16.76666667,3.608433712,0.183365181,0.094855843,0.7506750003126099,0.13,0.17,2549.235389,1743.692937,5418.931559,50,180.4216856,13561.969837810886,72.26985890472109,13561.969837810886,733.7657677,12828.20407,-4.882352941,0.12502742868343544,0.8749679352272679,0.17383278591589393,0.061792783519269534,10.981832541434889,0.002119294,2762.1934641100165,3629.6558100347047,13097.32622062757,0.000108965,0.046560452,3.002083325361187e-08,3.5549459535788075e-06,GOOD,0.49423381869050864,1.3903572019867076,,819.6666667,13091.00919
707,Grain,Tulare Lake,581.0261594,282.9490378,2.723079745,0.715524558,0.351483763,0.6729928083090427,0.036299510576689786,0.74,0.17,345.3012994,477.8051109,110.9675411,50,35.7762279,733.7657676774194,19.979909623162193,733.7657676774194,733.7657677,0,-4.882352941,0.9897818657550438,0.009410102,0.715297842,3.079936350620391,2.7444075924741873,0.002325801,39.12444933407846,581.0266787943941,415.73738784890776,-0.000519394,0.001098042,8.939260061346176e-07,2.641184908403516e-06,GOOD,3.1117324505343373,0.7226823065494933,,282.9490378,743.833248
707,Other Deciduous,Tulare Lake,112.7414189,1855.270456,7.36207796,3.502172688,0.215021845,0.54254216,0.5586272122329681,0.13,0.17,2284.866179,4950.948854,6009.195442,50,175.1086344,13482.633945690748,73.90547054,13482.633945690748,733.7657677,12748.86818,-4.882352941,0.14483462271788167,0.8551579852730645,0.091179444,0.08985715,4.969162617441154,0.068229651,85.26661456587404,112.74141561973362,394.8385606618072,3.2802663838538137e-06,0.001357416,2.9095486076535567e-08,3.4378898324280457e-06,GOOD,0.6204120841421951,0.6295417628777134,,1855.270456,13044.06887
707,Pasture,Tulare Lake,152.5861464,335,5,4.768194291,0.350906068,0.10289172336777223,0.068524209,0.51,0.17,328.209843,177.7241242,145.0367898,10,47.681942910000004,1626.622071,32.974501344427686,1626.622071,733.7657677,892.856303,-4.882352941,0.016364238580933506,0.9836322905704138,0.030220457,0.037031323,2.166352961478366,0.012850342970097383,9783.172089698006,152.58578483303364,727.5458707358586,0.000361567,0.014521414311616354,2.3695923573536285e-06,1.9959050091637066e-05,GOOD,2.262942000342034,1.8467377139832826,,335,1447.12091
708,Alfalfa,Tulare Lake,13617.37082,278,8.6,4.524530937,0.306290873,0.13122437452970753,0.081460253,1.86,0.17,739.7198673,484.1807412,381.4811931,50,226.22654684999998,2163.9087234119997,10.035433777769162,2163.9087234119997,680.872974,1483.035749,-4.882352941,0.00598971,0.9940092982401573,0.009150937,0.011614484203866383,3.076984274694945,3.9481513407310626e-05,21946024.36,13617.366072755629,61612.17717471622,0.004747244,0.038380975,3.4861680965621376e-07,6.229442407167892e-07,GOOD,1.939072961544676,1.5277763122781245,,278,1366.712015
708,Almonds & Pistachios,Tulare Lake,266819.4854,5269.044608,1.304172669,3.767767793,0.287448101,0.311217018,0.03090217,0.4,0.17,2039.310074,2110.873995,639.9084906,50,188.3883897,6682.674786754418,34.61440924061773,6682.674786754418,680.872974,6001.801813,-4.882352941,0.051781639,0.9482153130752493,0.049764982,0.15792868745554153,0.7152393607177732,9.36963054348204e-06,52582808.51452095,266819.4814406442,1005313.5916577342,0.003959356,0.27197721949778497,1.4839080480596949e-08,2.705396089081931e-07,GOOD,3.0498974152879694,0.9610545813701002,,5269.044608,6161.310695
708,Citrus & Subtropical,Tulare Lake,5028.220857,1062,16.1,3.608433712,0.183365181,0.094855843,0.7506750003126099,0.13,0.17,2549.235389,1743.692937,5418.931559,50,180.4216856,16917.09206,89.91322913320478,16917.09206,680.872974,16236.21908,-4.882352941,0.15127868590781834,0.8487168170965853,0.2103314104590203,0.074767043,10.95909788133498,0.001529827,4843.069720135861,5028.220848505017,18143.997081671227,8.49498337629484e-06,0.004570109,1.6894610674208179e-09,2.5187988820213676e-07,GOOD,0.49423381869050864,1.3903572019867076,,1062,16446.13141
708,Corn,Tulare Lake,11459.7622,253,19.9,2.280437339,0.234536008,1.320694044672553,0.033525185,0.3,0.17,423.9938724,1022.014707,159.5840787,50,114.021867,4919.798372,41.730935133776846,4919.798372,680.872974,4238.925398,-4.882352941,0.4352966833149007,0.5646462308310942,0.18343787585595078,1.1513424789537403,16.86237302,0.000290873,519910.2615950931,11459.762107657276,26133.262777660122,9.234272329194937e-05,0.006839281,8.05799646452955e-09,2.6170780635297876e-07,GOOD,2.644960375498291,0.4214088525991567,,253,4773.091522
708,Cotton,Tulare Lake,6101.235793,3766,0.8,3.749301711,0.148539114,1.334590964860844,0.041198802,0.68,0.17,378.6944542,1135.122209,199.4393382,50,187.4650856,2824.6629069100004,15.251289823855828,2824.6629069100004,680.872974,2143.789933,-4.882352941,0.023208165002516636,0.9767875342709265,0.007742605,0.044067552,0.3750358056316038,0.000241031,2043951.958975632,6101.235364730385,22875.366147796056,0.00042827,0.007650113,7.019391301388085e-08,3.344257170965593e-07,GOOD,1.8987951731454202,0.3336155801462545,,3766,2308.412505
708,Cucurbits,Tulare Lake,302.5489449,829,16.1,2.442132231,0.087908733,0.5954029958862788,4.8590594140887005,0.05,0.17,920.9338517,2396.72349,6846.813993,50,122.1066116,13223.823127884001,103.27962609703712,13223.823127884001,680.872974,12542.95015,-4.882352941,0.58065945,0.4193018063084169,0.22311666041865696,0.078101865,14.43098320823027,0.066105007,0.000391092,302.5489447484582,738.8643652255331,1.5154176935539e-07,0.00016457,5.008834831847731e-10,2.2273338793900817e-07,GOOD,0.13450545739469513,0.38424701518246485,,829,13043.15714
708,Dry Beans,Tulare Lake,75.7249257,1205,1.6,1.919782133,0.272510229,0.8579188204514863,0.0413722,1.68,0.17,521.9411016,903.6303871,214.6292221,50,95.98910665,1831.148682,18.958859004202157,1831.148682,680.872974,1150.275708,-4.882352941,0.4412799036302335,0.5585780082952543,0.2487038202699386,1.132533996129419,1.367482920801317,0.007860531,80713.15833780708,75.72491604497147,145.37532496567056,9.655028534893972e-06,3.441594196829101e-05,1.2750132727953238e-07,2.3673848246832972e-07,GOOD,2.5664753522934403,0.5635965250716192,,1205,1742.550027
708,Grain,Tulare Lake,7474.609625,299,2.4,0.715524558,0.351483763,0.6729928083090427,0.036299510576689786,0.74,0.17,345.3012994,477.8051109,110.9675411,50,35.7762279,680.872974,18.608328673293062,680.872974,680.872974,0,-4.882352941,0.9889972212279944,0.010132698096029251,0.7147307930080865,3.077494746783437,2.420217614273831,0.000180792,503.3163840115522,7474.619237853976,5348.272248583767,-0.009612854,-0.005500433,1.2860676956424108e-06,1.0284515253700592e-06,GOOD,3.1117324505343373,0.7226823065494933,,299,690.9404543
708,Lettuce,Tulare Lake,162.0540372,685,16,2.300762612,0.164570286,0.680529189,1.2720462492145637,0.25,0.17,2859.243032,5814.317411,7949.261967,50,115.03813060000002,10844.0051,89.98753967619255,10844.0051,680.872974,10163.13213,-4.882352941,0.617234509,0.3827204008148896,0.3035306359996563,0.22201098306018435,14.525972953340988,0.024683125,7541.479247323566,162.05403674048316,372.8477964310674,4.595168547893991e-07,7.348234981918722e-05,2.8355779512131712e-09,1.970840006039227e-07,GOOD,0.35968660202607483,0.49175901826412594,,685,10693.20742
708,Onions & Garlic,Tulare Lake,986.5654233,2883,7.8,1.253629891,0.178481578,0.8220938475297447,0.4158621200492846,0.41,0.17,887.6914461,1905.136225,1355.002253,50,62.681494550000004,22423.884531849995,337.1867051029746,22423.884531849995,680.872974,21743.01156,-4.882352941,0.9916137339377914,0.00835728,0.46203889086922856,0.6496277226855294,7.791056867076816,0.002472238,767322.9272874055,986.5654225792971,1236.787616,7.20702928447281e-07,0.000288241,7.305171166820082e-10,2.3305628798598029e-07,GOOD,0.6551217479671209,0.46594644170006466,,2883,22407.40417
708,Other Deciduous,Tulare Lake,9187.34411,2950.905891,5.765948821,3.502172688,0.215021845,0.54254216,0.5586272122329681,0.13,0.17,2284.866179,4950.948854,6009.195442,50,175.1086344,16838.760554827404,92.06511250355044,16838.760554827404,680.872974,16157.88758,-4.882352941,0.17459220378774826,0.8254006614263203,0.10991308375724403,0.10831911302693574,4.041538243021344,0.000837272,8806.369688837314,9187.344095,32175.657500302877,1.5022400475572795e-05,0.008116997,1.6351189523010904e-09,2.522712936363074e-07,GOOD,0.6204120841421951,0.6295417628777134,,2950.905891,16400.19548
708,Pasture,Tulare Lake,300.5043649,195,5,4.768194291,0.350906068,0.10289172336777223,0.068524209,0.51,0.17,328.209843,177.7241242,145.0367898,10,47.681942910000004,926.6220707,19.19411272287582,926.6220707,680.872974,245.7490967,-4.882352941,0.009389686,0.990606818,0.017340287385320226,0.021248315,1.9418831532355272,0.006524978,5308.536058434837,300.50418068979724,1432.8605560808296,0.00018421,0.002641056,6.130034177973642e-07,1.8432017351780978e-06,GOOD,2.262942000342034,1.8467377139832826,,195,747.12091
708,Potatoes,Tulare Lake,339.9763888,445,24,1.233512156,0.150675135,1.4974640784942694,0.060261523,0.41,0.17,793.9256634,2502.863999,502.0871398,50,61.6756078,10617.603422589998,163.0126041143796,10617.603422589998,680.872974,9936.730449,-4.882352941,0.9840221244663672,0.015925022324216113,0.3121385805594676,1.5559857178995438,23.949610509846828,0.007174099,120844.77395491654,339.9763882775372,419.3649239755785,5.224628125688469e-07,8.436220372232128e-05,1.5367620510734916e-09,2.0116653045685395e-07,GOOD,1.5812507454985842,0.31720687248646934,,445,10602.21399
708,Safflower,Tulare Lake,15.49429538,574,1.3,2.392307778,0.396694215,0.4537037030434028,0.032158708,0.74,0.17,212.2655769,227.006242,60.43672676,10,23.92307778,721.3430379,28.59024624,721.3430379,680.872974,40.47006395,-4.882352941,0.29897778069281755,0.7007996904766708,0.27956363933650213,1.0500683069885293,1.022136217709657,0.087216057,121.30796115331218,15.494261361776404,37.067103303062716,3.401822359627715e-05,2.0049140751154937e-05,2.195532146636871e-06,5.40887420926963e-07,GOOD,3.5121951355556216,0.9350649358914657,,574,688.0860783
708,Tomato Processing,Tulare Lake,766.0172503,100,56.3,2.220206136,0.124471553,2.283636824869254,0.28639447182202826,0.74,0.17,657.2463564,2815.18314,996.9547547,50,111.0103068,5518.143266,47.93546682,5518.143266,680.872974,4837.270292,-4.882352941,0.5029746873352343,0.4969595084239041,0.11742691857242053,0.33158804795877855,49.109144545494026,0.001764127,709900.3081666544,766.0172374753414,1700.7157609191224,1.282465859731019e-05,0.000438479,1.6741997118586546e-08,2.578200792596146e-07,GOOD,0.6592539471827814,0.23346486717761028,,100,5380.839733
708,Truck Crops,Tulare Lake,783.1658511,1511,21.6,1.84535452,0.139554281,1.1244727167916924,1.262909809962677,0.41,0.17,7441.94487,27484.23099,27982.75263,50,92.26772600000001,32544.376767335005,333.4300654765711,32544.376767335005,680.872974,31863.50379,-4.882352941,0.9465434470277185,0.053432821,0.3334553377103737,0.31464871798700583,21.370807536743598,0.003114314,892643.8095628179,783.1658503,1445.218302376523,8.265620863312506e-07,0.000340861,1.0554112965603621e-09,2.358539385967041e-07,GOOD,0.332418674,0.35228740820875265,,1511,32464.8064
708,Vineyard,Tulare Lake,10844.70239,1595.330286,11.88203482,4.00891598,0.302297005,0.1329510358537938,0.3058799853780738,0.13,0.17,2773.231975,2743.166444,4105.247296,50,200.44579900000002,18754.517352246556,89.70373213999446,18754.517352246556,680.872974,18073.64438,-4.882352941,0.096164277,0.9038331362587585,0.14500561803246612,0.095599399,7.371238275432111,0.000709315,11627.522893578704,10844.702371255808,43475.48972734583,1.874419285741169e-05,0.010982269370288122,1.7284192948158617e-09,2.5260823201650314e-07,GOOD,0.9941259073363267,1.5078948555200695,,1595.330286,18151.45851
709,Alfalfa,Tulare Lake,2791.772247,278,8.6,4.524530937,0.306290873,0.13122437452970753,0.081460253,1.86,0.17,739.7198673,484.1807412,381.4811931,50,226.22654684999998,2163.9087234119997,10.035433777769162,2163.9087234119997,670.3309187,1493.577805,-4.882352941,0.00598971,0.9940092982401575,0.009150937,0.011614484203866366,3.076984274694944,0.000192578,4531251.592243343,2791.7707537976344,12631.44783581993,0.001493202,0.012064789574651513,5.34858231044377e-07,9.55138176393162e-07,GOOD,1.939072961544676,1.5277763122781245,,278,1366.712015
709,Almonds & Pistachios,Tulare Lake,233203.8178,5004.644382,1.1945227,3.767767793,0.287448101,0.311217018,0.03090217,0.4,0.17,2039.310074,2110.873995,639.9084906,50,188.3883897,5789.092136985472,30.113246847675857,5789.092136985472,670.3309187,5118.761218,-4.882352941,0.045170637,0.9548262937069674,0.043411447907580177,0.13776580990695048,0.6375838541616805,1.0720236159015404e-05,39196627.43426256,233203.81152871076,878657.4620836845,0.006271289,0.3718277955194935,2.68918806052635e-08,4.231770106279541e-07,GOOD,3.0498974152879694,0.9610545813701002,,5004.644382,5267.728045
709,Citrus & Subtropical,Tulare Lake,45823.47028,938,16.9,3.608433712,0.183365181,0.094855843,0.7506750003126099,0.13,0.17,2549.235389,1743.692937,5418.931559,50,180.4216856,15671.092056741998,83.36096728693012,15671.092056741998,670.3309187,15000.76114,-4.882352941,0.1417156327891034,0.8582798195449483,0.19703535068243352,0.070040658,11.352768151572901,0.000167868,40777.73964315066,45823.47015047662,165350.8903,0.000129523,0.064624615,2.826572947945397e-09,3.908330321821478e-07,GOOD,0.49423381869050864,1.3903572019867076,,938,15200.13141
709,Corn,Tulare Lake,924.2223984,253,19.9,2.280437339,0.234536008,1.320694044672553,0.033525185,0.3,0.17,423.9938724,1022.014707,159.5840787,50,114.021867,4919.798372,41.730935133776846,4919.798372,670.3309187,4249.467453,-4.882352941,0.4352966833149006,0.5646462308310943,0.18343787585595075,1.151342479,16.86237302,0.003606636,42034.699520975526,924.2223869032355,2107.630455964617,1.1496764500407153e-05,0.000810887,1.2439391774436736e-08,3.847384927750873e-07,GOOD,2.644960375498291,0.4214088525991567,,253,4773.091522
709,Cotton,Tulare Lake,73.77579845,3766,0.8,3.749301711,0.148539114,1.334590964860844,0.041198802,0.68,0.17,378.6944542,1135.122209,199.4393382,50,187.4650856,2824.6629069100004,15.251289823855828,2824.6629069100004,670.3309187,2154.331988,-4.882352941,0.023208165002516608,0.9767875342709263,0.007742605,0.044067551684341004,0.37503580563160377,0.019933206636737085,24836.88054627718,73.77579049269136,276.6076291985249,7.957308639561234e-06,9.816045127308826e-05,1.078579806215738e-07,3.548724115928169e-07,GOOD,1.8987951731454202,0.3336155801462545,,3766,2308.412505
709,Cucurbits,Tulare Lake,137.9567952,829,16.1,2.442132231,0.087908733,0.5954029958862788,4.8590594140887005,0.05,0.17,920.9338517,2396.72349,6846.813993,50,122.1066116,13223.823127884001,103.27962609703712,13223.823127884001,670.3309187,12553.49221,-4.882352941,0.5806594497883272,0.4193018063084167,0.22311666041865705,0.078101865,14.43098320823027,0.14497292410283535,0.000178481,137.95679509322963,336.9086477570153,1.0677035788830835e-07,8.828637078295287e-05,7.739405495287148e-10,2.6204832744848633e-07,GOOD,0.13450545739469513,0.38424701518246485,,829,13043.15714
709,Dry Beans,Tulare Lake,152.4733083,1205,1.6,1.919782133,0.272510229,0.8579188204514863,0.0413722,1.68,0.17,521.9411016,903.6303871,214.6292221,50,95.98910665,1831.148682,18.958859004202157,1831.148682,670.3309187,1160.817764,-4.882352941,0.441279904,0.5585780082952547,0.2487038202699383,1.1325339961294176,1.3674829208013166,0.003903884,164006.27778600945,152.4732784372951,292.7154017653675,2.9862704906236104e-05,0.000131268,1.9585529584941852e-07,4.484503154923154e-07,GOOD,2.5664753522934403,0.5635965250716192,,1205,1742.550027
709,Grain,Tulare Lake,9096.000012,279.3845503,2.530769665,0.715524558,0.351483763,0.6729928083090427,0.036299510576689786,0.74,0.17,345.3012994,477.8051109,110.9675411,50,35.7762279,670.3309187459066,18.334959068175735,670.3309187459066,670.3309187,0,-4.882352941,0.9888262075982149,0.010290188264355607,0.714607204,3.0769625981221687,2.552414832,0.000148565,612.4956438790442,9096.008349738462,6508.414766995492,-0.008337738,-0.003378841,9.166379123466911e-07,5.19149911556879e-07,GOOD,3.1117324505343373,0.7226823065494933,,279.3845503,680.398399
709,Lettuce,Tulare Lake,408.6194499,685,16,2.300762612,0.164570286,0.680529189,1.2720462492145637,0.25,0.17,2859.243032,5814.317411,7949.261967,50,115.03813060000002,10844.0051,89.98753967619255,10844.0051,670.3309187,10173.67419,-4.882352941,0.6172345086239551,0.3827204008148894,0.30353063599965635,0.2220109830601844,14.525972953340988,0.009789059,19035.573519638147,408.61944810796155,940.1360265987818,1.792038460735057e-06,0.000326267,4.385592661273506e-09,3.4704236732877105e-07,GOOD,0.35968660202607483,0.49175901826412594,,685,10693.20742
709,Onions & Garlic,Tulare Lake,1459.03694,2883,7.8,1.253629891,0.178481578,0.8220938475297447,0.4158621200492846,0.41,0.17,887.6914461,1905.136225,1355.002253,50,62.681494550000004,22423.884531849995,337.1867051029746,22423.884531849995,670.3309187,21753.55361,-4.882352941,0.9916137339377914,0.00835728,0.46203889086922856,0.6496277226855294,7.791056867076814,0.001671667,1135348.2269679331,1459.0369383418083,1829.091656150313,1.6581916497671045e-06,0.000663907,1.1364973732379282e-09,3.6297066765245567e-07,GOOD,0.6551217479671209,0.46594644170006466,,2883,22407.40417
709,Other Deciduous,Tulare Lake,3854.135621,2354.683628,5.941130019,3.502172688,0.215021845,0.54254216,0.5586272122329681,0.13,0.17,2284.866179,4950.948854,6009.195442,50,175.1086344,13813.469799292629,75.69558794289313,13813.469799292629,670.3309187,13143.13888,-4.882352941,0.14786301900494297,0.8521296151633172,0.093085946,0.091736004,4.026847449520798,0.001995858,3005.036581311796,3854.1356090238633,13497.84326165466,1.1976136647717794e-05,0.005246059,3.1073469709948733e-09,3.8865893751529207e-07,GOOD,0.6204120841421951,0.6295417628777134,,2354.683628,13374.90472
709,Pasture,Tulare Lake,141.5694386,260.802045,5,4.768194291,0.350906068,0.10289172336777223,0.068524209,0.51,0.17,328.209843,177.7241242,145.0367898,10,47.681942910000004,1255.632296,25.67109666711042,1255.632296,670.3309187,585.3013769,-4.882352941,0.012680105657529235,0.9873164104940185,0.023416829335052028,0.028694343661197552,2.05963838,0.013850336,5951.435331501502,141.56938226981376,675.0291944133261,5.6330186254172077e-05,0.001394499,3.9789792776766774e-07,2.0658312259602777e-06,GOOD,2.262942000342034,1.8467377139832826,,260.802045,1076.131135
709,Potatoes,Tulare Lake,1863.768758,445,24,1.233512156,0.150675135,1.4974640784942694,0.060261523,0.41,0.17,793.9256634,2502.863999,502.0871398,50,61.6756078,10617.603422589998,163.0126041143796,10617.603422589998,670.3309187,9947.272504,-4.882352941,0.9840221244663672,0.015925022324216113,0.3121385805594676,1.5559857178995438,23.949610509846828,0.001308652,663180.3417018806,1863.7687535420287,2298.980568238313,4.4579712721315445e-06,0.000850728,2.391912222477304e-09,3.700454913969888e-07,GOOD,1.5812507454985842,0.31720687248646934,,445,10602.21399
709,Safflower,Tulare Lake,8.07133325,574,1.3,2.392307778,0.396694215,0.4537037030434028,0.032158708,0.74,0.17,212.2655769,227.006242,60.43672676,10,23.92307778,721.3430379,28.59024624,721.3430379,670.3309187,51.01211918,-4.882352941,0.29897778069281755,0.7007996904766707,0.27956363933650213,1.0500683069885293,1.0221362177096567,0.16742603848643609,79.49322991181651,8.071311676245928,19.309272329060253,2.157375407207951e-05,-0.000159016,2.6728860528809796e-06,8.23529556514614e-06,GOOD,3.5121951355556216,0.9350649358914657,,574,688.0860783
709,Tomato Processing,Tulare Lake,259.6436633,100,56.3,2.220206136,0.124471553,2.283636824869254,0.28639447182202826,0.74,0.17,657.2463564,2815.18314,996.9547547,50,111.0103068,5518.143266,47.93546682,5518.143266,670.3309187,4847.812347,-4.882352941,0.5029746873352343,0.496959508,0.11742691857242053,0.33158804795877855,49.109144545494026,0.005204638,241147.05577493488,259.6436565884568,576.4622568,6.7115432216269255e-06,0.000197674,2.5849054570887828e-08,3.4290929527832224e-07,GOOD,0.6592539471827814,0.23346486717761028,,100,5380.839733
709,Truck Crops,Tulare Lake,1943.711424,2153.197236,20.16013549,1.84535452,0.139554281,1.1244727167916924,1.262909809962677,0.395866361,0.17,7441.94487,27484.23099,27982.75263,50,92.26772600000001,43315.52478,443.4695471699881,43315.52478,670.3309187,42645.19386,-4.882352941,0.9592952102829311,0.040686719,0.33794762333764417,0.31888764222542904,19.99806031095123,0.00129963,2624088.2183691952,1943.7114217065996,3586.8353200946585,2.293400484632002e-06,0.001341759,1.179907910358612e-09,3.74078750912178e-07,GOOD,0.332418674,0.35228740820875265,,2153.197236,43235.95441
709,Vineyard,Tulare Lake,64237.57906,1461.444403,11.91249752,4.00891598,0.302297005,0.1329510358537938,0.3058799853780738,0.13,0.17,2773.231975,2743.166444,4105.247296,50,200.44579900000002,17208.200170949378,82.38614904109872,17208.200170949378,670.3309187,16537.86925,-4.882352941,0.088940804,0.9110565885962247,0.13411338023624186,0.088418357,7.274299323114307,0.000119748,63022.151612640395,64237.57887247492,257522.9565,0.000187525,0.10070948238717392,2.919242557453768e-09,3.910697685799514e-07,GOOD,0.9941259073363267,1.5078948555200695,,1461.444403,16605.14133
710,Alfalfa,Tulare Lake,21706.6746,278,8.6,4.524530937,0.306290873,0.13122437452970753,0.081460253,1.86,0.17,739.7198673,484.1807412,381.4811931,50,226.22654684999998,2163.9087234119997,10.035433777769162,2163.9087234119997,680.872974,1483.035749,-4.882352941,0.00598971,0.9940092982401574,0.009150937,0.011614484203866383,3.076984274694945,2.4768160877214725e-05,34982906.448070526,21706.665974092884,98212.45102579583,0.008625907,0.069741296,3.973850105090508e-07,7.101059591696167e-07,GOOD,1.939072961544676,1.5277763122781245,,278,1366.712015
710,Almonds & Pistachios,Tulare Lake,91062.4337,5347.950435,1.258143371,3.767767793,0.287448101,0.311217018,0.03090217,0.4,0.17,2039.310074,2110.873995,639.9084906,50,188.3883897,6539.419205490816,33.89280096506596,6539.419205490816,680.872974,5858.546232,-4.882352941,0.050727958,0.9492689903958221,0.048752337,0.15471506938978824,0.6871811682531512,2.74536919168678e-05,17517584.009651955,91062.43212180602,343101.99890600104,0.001578194,0.10594105673953891,1.733090044592728e-08,3.0877413820228095e-07,GOOD,3.0498974152879694,0.9610545813701002,,5347.950435,6018.055114
710,Citrus & Subtropical,Tulare Lake,37104.33364,1062,16.1,3.608433712,0.183365181,0.094855843,0.7506750003126099,0.13,0.17,2549.235389,1743.692937,5418.931559,50,180.4216856,16917.09206,89.91322913320478,16917.09206,680.872974,16236.21908,-4.882352941,0.1512786859078185,0.8487168170965852,0.2103314104590205,0.074767043,10.959097881334984,0.000207316,35738.06319337305,37104.33356853111,133888.48979009726,7.146888674469665e-05,0.038577774,1.9261600932687346e-09,2.881335306642147e-07,GOOD,0.49423381869050864,1.3903572019867076,,1062,16446.13141
710,Corn,Tulare Lake,29612.58,253,19.9,2.280437339,0.234536008,1.320694044672553,0.033525185,0.3,0.17,423.9938724,1022.014707,159.5840787,50,114.021867,4919.798372,41.730935133776846,4919.798372,680.872974,4238.925398,-4.882352941,0.4352966833149007,0.5646462308310941,0.18343787585595078,1.1513424789537403,16.862373019841897,0.000112565,1343473.2715750085,29612.57972778054,67529.61295936459,0.000272219,0.02017676,9.192696556794213e-09,2.987837946158807e-07,GOOD,2.644960375498291,0.4214088525991567,,253,4773.091522
710,Cotton,Tulare Lake,4414.428171,3766,0.8,3.749301711,0.148539114,1.334590964860844,0.041198802,0.68,0.17,378.6944542,1135.122209,199.4393382,50,187.4650856,2824.6629069100004,15.251289823855828,2824.6629069100004,680.872974,2143.789933,-4.882352941,0.023208165002516636,0.9767875342709263,0.007742605,0.044067552,0.3750358056316038,0.000333132,1478860.908510484,4414.427817737189,16551.016791784252,0.000353263,0.006302833,8.002459140632019e-08,3.8081226831736795e-07,GOOD,1.8987951731454202,0.3336155801462545,,3766,2308.412505
710,Cucurbits,Tulare Lake,1450.157811,829,16.1,2.442132231,0.087908733,0.5954029958862788,4.8590594140887005,0.05,0.17,920.9338517,2396.72349,6846.813993,50,122.1066116,13223.823127884001,103.27962609703712,13223.823127884001,680.872974,12542.95015,-4.882352941,0.58065945,0.4193018063084169,0.22311666041865696,0.078101865,14.43098320823027,0.013791602436846786,0.001874556,1450.1578101712475,3541.476136793007,8.28752490633633e-07,0.000993486,5.714912434682828e-10,2.8052884804573574e-07,GOOD,0.13450545739469513,0.38424701518246485,,829,13043.15714
710,Dry Beans,Tulare Lake,543.8399386,1205,1.6,1.919782133,0.272510229,0.8579188204514863,0.0413722,1.68,0.17,521.9411016,903.6303871,214.6292221,50,95.98910665,1831.148682,18.958859004202157,1831.148682,680.872974,1150.275708,-4.882352941,0.44127990363023334,0.5585780082952543,0.2487038202699385,1.1325339961294185,1.3674829208013168,0.00109451,579664.3399630974,543.8398593332253,1044.0537560043756,7.926677471914445e-05,0.000441332,1.4575386817525736e-07,4.227095898182434e-07,GOOD,2.5664753522934403,0.5635965250716192,,1205,1742.550027
710,Grain,Tulare Lake,13282.98762,299,2.4,0.715524558,0.351483763,0.6729928083090427,0.036299510576689786,0.74,0.17,345.3012994,477.8051109,110.9675411,50,35.7762279,680.872974,18.608328673293062,680.872974,680.872974,0,-4.882352941,0.9889972212279944,0.010132698096029253,0.7147307930080865,3.077494746783437,2.420217614273831,0.000101735,894.4340418003588,13283.002090170674,9504.311387355086,-0.014470171,-0.007541635,1.0893762072203655e-06,7.934968448147166e-07,GOOD,3.1117324505343373,0.7226823065494933,,299,690.9404543
710,Lettuce,Tulare Lake,3607.305843,685,16,2.300762612,0.164570286,0.680529189,1.2720462492145637,0.25,0.17,2859.243032,5814.317411,7949.261967,50,115.03813060000002,10844.0051,89.98753967619255,10844.0051,680.872974,10163.13213,-4.882352941,0.617234509,0.3827204008148894,0.3035306359996563,0.22201098306018435,14.525972953340988,0.001108861,167872.5357527443,3607.3058313236693,8299.552031469893,1.1676330814225366e-05,0.002382154,3.236856347205314e-09,2.870218725098709e-07,GOOD,0.35968660202607483,0.49175901826412594,,685,10693.20742
710,Onions & Garlic,Tulare Lake,5320.943579,2883,7.8,1.253629891,0.178481578,0.8220938475297447,0.4158621200492846,0.41,0.17,887.6914461,1905.136225,1355.002253,50,62.681494550000004,22423.884531849995,337.1867051029746,22423.884531849995,680.872974,21743.01156,-4.882352941,0.9916137339377914,0.00835728,0.46203889086922856,0.6496277226855294,7.791056867076815,0.000458382,4138480.739890945,5320.943574552674,6670.492039177343,4.447325409273617e-06,0.001879782,8.35815178876494e-10,2.818054555195102e-07,GOOD,0.6551217479671209,0.46594644170006466,,2883,22407.40417
710,Other Deciduous,Tulare Lake,5997.419238,3061.595426,6.124241391,3.502172688,0.215021845,0.54254216,0.5586272122329681,0.13,0.17,2284.866179,4950.948854,6009.195442,50,175.1086344,18573.937642139474,101.45397005249164,18573.937642139474,680.872974,17893.06467,-4.882352941,0.1891795957729463,0.8108133955338483,0.11909645622339382,0.1173693072906716,4.362949135883458,0.001282603,6366.062928382172,5997.419227903631,21003.991832240543,1.0096369805978611e-05,0.006021569,1.6834523993266003e-09,2.866867950595356e-07,GOOD,0.6204120841421951,0.6295417628777134,,3061.595426,18135.37256
710,Pasture,Tulare Lake,1877.792604,195,5,4.768194291,0.350906068,0.10289172336777223,0.068524209,0.51,0.17,328.209843,177.7241242,145.0367898,10,47.681942910000004,926.6220707,19.19411272287582,926.6220707,680.872974,245.7490967,-4.882352941,0.009389686,0.9906068184724163,0.017340287385320226,0.021248315,1.9418831532355272,0.001044196,33171.99652628487,1877.7912917687552,8953.660490741697,0.001312231,0.019483333,6.988158553905941e-07,2.1760140170690124e-06,GOOD,2.262942000342034,1.8467377139832826,,195,747.12091
710,Potatoes,Tulare Lake,16533.5371,445,24,1.233512156,0.150675135,1.4974640784942694,0.060261523,0.41,0.17,793.9256634,2502.863999,502.0871398,50,61.6756078,10617.603422589998,163.0126041143796,10617.603422589998,680.872974,9936.730449,-4.882352941,0.9840221244663672,0.015925022324216106,0.3121385805594676,1.5559857178995438,23.949610509846828,0.00014752,5876853.862048929,16533.537070904906,20394.31316764134,2.9095095669617876e-05,0.005826886,1.759762323914214e-09,2.8571121447297133e-07,GOOD,1.5812507454985842,0.31720687248646934,,445,10602.21399
710,Safflower,Tulare Lake,715.2783217,574,1.3,2.392307778,0.396694215,0.4537037030434028,0.032158708,0.74,0.17,212.2655769,227.006242,60.43672676,10,23.92307778,721.3430379,28.59024624,721.3430379,680.872974,40.47006395,-4.882352941,0.29897778069281744,0.7007996904766708,0.279563639,1.0500683069885288,1.0221362177096567,0.001889266,5600.058133,715.2765187340107,1711.1591834803435,0.001802966,0.006708957,2.5206495634345135e-06,3.920693710957049e-06,GOOD,3.5121951355556216,0.9350649358914657,,574,688.0860783
710,Tomato Processing,Tulare Lake,5720.795175,100,56.3,2.220206136,0.124471553,2.283636824869254,0.28639447182202826,0.74,0.17,657.2463564,2815.18314,996.9547547,50,111.0103068,5518.143266,47.93546682,5518.143266,680.872974,4837.270292,-4.882352941,0.5029746873352343,0.496959508,0.11742691857242053,0.33158804795877855,49.109144545494026,0.000236217,5301700.785589747,5720.795065715834,12701.340657945026,0.000109284,0.003892389,1.910296775722535e-08,3.064548916481711e-07,GOOD,0.6592539471827814,0.23346486717761028,,100,5380.839733
710,Truck Crops,Tulare Lake,21615.41183,1833.84999,20.87614101,1.84535452,0.139554281,1.1244727167916924,1.262909809962677,0.402894636,0.17,7441.94487,27484.23099,27982.75263,50,92.26772600000001,38190.48774976209,391.11148673789694,38190.48774976209,680.872974,37509.61478,-4.882352941,0.9540835972580359,0.045896018505289335,0.33611163769251684,0.317155205,20.686435882038783,0.000114827,27300059.459853716,21615.41180825956,39888.08657376726,2.1740441297879443e-05,0.011348384716256987,1.0057842741495174e-09,2.8450553692495395e-07,GOOD,0.332418674,0.35228740820875265,,1833.84999,38110.91738
710,Vineyard,Tulare Lake,44404.94927,1595.330286,11.88203482,4.00891598,0.302297005,0.1329510358537938,0.3058799853780738,0.13,0.17,2773.231975,2743.166444,4105.247296,50,200.44579900000002,18754.517352246556,89.70373213999446,18754.517352246556,680.872974,18073.64438,-4.882352941,0.096164277,0.9038331362587586,0.1450056180324661,0.095599399,7.371238275432112,0.000173231,47610.30276877205,44404.94918250508,178015.65941125786,8.749491826165468e-05,0.051308334,1.9703866280681978e-09,2.8822363081059365e-07,GOOD,0.9941259073363267,1.5078948555200695,,1595.330286,18151.45851