g,i,hr,xland,p,y,xwater,omegaland,omegasupply,omegalabor,theta,sigma,omegaland_init,omegasupply_init,omegalabor_init,omegawater,omegawater,mprof_init,f_adjustment,mprof,lambdaland,lambdacrop,rho,betaland,betawater,betasupply,betalabor,tau,gamma,delta,xlandcalib,xwatercalib,diffland,diffwater,percdiffland,percdiffwater,status,pc,pimarginal
201,Almonds & Pistachios,Sacramento River,438.2654762,4587.35172,0.684,3.61367267,0.287448101,0.299096541,0.094248449,0.4,0.17,2039.310074,2110.873995,639.9084906,50,180.6836335,2956.38415,16.476946630438565,2956.38415,400.9312643,2555.452886,-4.882352941,0.029961827197054102,0.970034187,3.030934812906102e-06,9.550792669865926e-07,0.3375323020471013,0.005704305,36777.12488058575,438.26539709953425,1583.7425210078293,7.910046576853347e-05,0.005452541,1.804852767650729e-07,3.4428082860038062e-06,GOOD,4816.719306,2014.199365
201,Grain,Sacramento River,866.6494883,210.012249,3.226,0.78906264,0.351483763,0.486359995,0.112954365,0.74,0.17,345.3012994,477.8051109,110.9675411,50,39.453132000000004,637.0955852,15.96967501997988,637.0955852,400.9312643,236.1643208,-4.882352941,0.9800009338320137,0.019077689851267822,0.000747722,0.000173654,3.2530286824513706,0.001559282,39269.098957528186,866.6533047547815,683.8415196506312,-0.003816455,-0.000786458,4.403688957310892e-06,1.1500601615310687e-06,GOOD,220.5128615,621.3143324
201,Safflower,Sacramento River,143.5234964,529.2418762,0.982,2.357007476,0.396694215,0.424242424,0.112947658,0.74,0.17,212.2655769,227.006242,60.43672676,50,117.85037380000001,400.93126433139986,4.166942422735261,400.93126433139986,400.9312643,0,-4.882352941,0.04922853,0.9507055764193503,5.203931174652669e-05,1.3854621917071828e-05,0.5587873785842732,0.009415541,10.907523508392009,143.51977352097782,338.2758467214823,0.003722879,0.010107274976803637,2.5939160594317114e-05,2.9877903168599874e-05,GOOD,555.70397,353.7911148
502,Almonds & Pistachios,Sacramento River,32.60965224,4899.886629,0.738,3.61367267,0.287448101,0.299096541,0.094248449,0.4,0.17,2039.310074,2110.873995,639.9084906,50,180.6836335,3434.751906,18.988951588336217,3434.751906,3434.751906,0,-4.882352941,0.034641503,0.965354531,3.0163129233658676e-06,9.504717566288701e-07,0.3745478208273965,0.076664418,0.3077722062787585,32.60965099087734,117.83599125601506,1.249122661306501e-06,0.004617822,3.830530458016626e-08,3.918701637209139e-05,GOOD,5144.88096,3362.478452
502,Vineyard,Sacramento River,16.85103927,1742.211218,9.614595983,2.661751325,0.302297005,0.200476183,0.304083218,0.13,0.17,2773.231975,2743.166444,4105.247296,50,133.0875663,16616.762555464335,119.14616254640546,16616.762555464335,3434.751906,13182.01065,-4.882352941,0.5118476406770436,0.4881368176168081,6.175173665837915e-06,9.366532482398918e-06,8.395947499649226,0.4564886218028315,13.177556187125303,16.851041011082977,44.85161403051359,-1.74E-06,0.001662074,1.0332199383512605e-07,3.7055800162163596e-05,GOOD,1829.321779,16563.52753
503,Alfalfa,Sacramento River,2691.711112,268.0878386,6.327,3.537610105,0.306290873,0.200481491,0.157957374,1.86,0.17,739.7198673,484.1807412,381.4811931,50,176.8805053,1518.64652,9.098643052782966,1518.64652,462.5644357,1056.082084,-4.882352941,0.017665508642779756,0.9823303226925834,2.3316112831240334e-06,1.8370533540726851e-06,2.831343773184278,0.000199737,3089394.351,2691.7101424442135,9522.215855289487,0.000969556,0.008574262,3.602005364344037e-07,9.004474283412485e-07,GOOD,281.4922305,1447.894318
503,Almonds & Pistachios,Sacramento River,35086.97603,4715.418786,1.008,3.61367267,0.287448101,0.299096541,0.094248449,0.4,0.17,2039.310074,2110.873995,639.9084906,50,180.6836335,4571.77771,24.95970196387254,4571.77771,462.5644357,4109.213274,-4.882352941,0.04558541,0.9544106685802307,2.982118115635481e-06,9.396966149917686e-07,0.539780494,7.125150933105362e-05,4734332.848,35086.97529410514,126792.77954045651,0.000735895,0.0668121,2.0973447705697733e-08,5.269390309099536e-07,GOOD,4951.189725,4499.504256
503,Citrus & Subtropical,Sacramento River,4823.898921,1103.604192,3.661,2.972946835,0.183365181,0.131883505,0.371008972,0.13,0.17,2549.235389,1743.692937,5418.931559,50,148.6473418,3890.9613475039996,25.767141250824647,3890.9613475039996,462.5644357,3428.396912,-4.882352941,0.11357631111749923,0.8864090102527804,3.8494692696254e-06,1.0829160450879058e-05,2.3629270519856433,0.001594625,981.1357263061666,4823.898898373531,14341.187742092636,2.2626469217357226e-05,0.007287454,4.690494056344516e-09,5.081483247585112e-07,GOOD,1158.784402,3831.502411
503,Corn,Sacramento River,2768.171547,227.331246,5.7615,2.826875063,0.234536008,0.556552162,0.088672787,0.3,0.17,423.9938724,1022.014707,159.5840787,50,141.3437532,1167.54546,8.770694709,1167.54546,462.5644357,704.981024,-4.882352941,0.049173928538670274,0.9507989017498691,2.3435798131755383e-05,3.7339133288860405e-06,3.182618266180962,0.001204164,20892.37768121939,2768.171426,7825.270535173096,0.000121035,0.004581147,4.372367387671498e-08,5.854295560575959e-07,GOOD,238.6978083,1111.007958
503,Cucurbits,Sacramento River,139.9933662,202.6283347,12.01,1.97136542,0.087908733,0.228781824,0.653570009,0.05,0.17,920.9338517,2396.72349,6846.813993,50,98.568271,2334.027768,23.284271465251383,2334.027768,462.5644357,1871.463332,-4.882352941,0.462702284,0.5371228037884894,4.535245337834478e-05,0.00012956,10.344317035693246,0.14286391236158444,2.700160283024338e-05,139.99336627428897,275.9779715208456,-7.43E-08,0.000109635,5.306606931778581e-10,3.972606473821517e-07,GOOD,212.7597514,2294.60046
503,Dry Beans,Sacramento River,44.18771134,1188.155228,1.27,2.293810917,0.272510229,0.483520066,0.106180731,1.68,0.17,521.9411016,903.6303871,214.6292221,50,114.6905459,1393.404383,12.43676115,1393.404383,462.5644357,930.839947,-4.882352941,0.17421752430732734,0.82570876,6.044275346731609e-05,1.3273194223158477e-05,0.9024725418585405,0.013470670401054883,38115.73570321005,44.18770926274273,101.35822792637858,2.0772572710825443e-06,2.6742558119963178e-05,4.700984070207209e-08,2.638419357881759e-07,GOOD,1247.562989,1347.528164
503,Grain,Sacramento River,9684.81857,199.4660006,2.8535,0.78906264,0.351483763,0.486359995,0.112954365,0.74,0.17,345.3012994,477.8051109,110.9675411,50,39.453132000000004,528.7723025890999,13.416333533216775,528.7723025890999,462.5644357,66.20786687,-4.882352941,0.9760049267063166,0.022889597,0.000897124,0.000208352,2.8820934592669825,0.000139533,123494.56657575774,9684.838928832743,7641.940605897586,-0.020358833,-0.012097132,2.102138785241379e-06,1.5829947043498288e-06,GOOD,209.4393006,512.9910498
503,Other Deciduous,Sacramento River,22202.87498,1905.459404,2.0455,3.327741402,0.215021845,0.341552948,0.346579073,0.13,0.17,2284.866179,4950.948854,6009.195442,50,166.3870701,3730.326987,22.189081365989566,3730.326987,462.5644357,3267.762551,-4.882352941,0.059521991,0.9404670300613618,5.44958649521301e-06,5.529779926666727e-06,1.1580490422780538,0.000346455,4304.322957438214,22202.874825855713,73885.38824800964,0.000154144,0.038066366,6.9425372713723745e-09,5.152080483713569e-07,GOOD,2000.732374,3663.772159
503,Pasture,Sacramento River,14849.15114,245.2727642,5,3.965593094,0.350906068,0.190014026,0.155066311,0.51,0.17,328.209843,177.7241242,145.0367898,50,198.2796547,1027.3881798950001,5.869892099974113,1027.3881798950001,462.5644357,564.8237442,-4.882352941,0.00617677,0.9938211564265743,1.1419949668481538e-06,9.319572371447491e-07,1.828910518,0.000132047,602416.2389356781,14849.147577352916,58885.64291379176,0.003562647,0.048298754467396066,2.3992260903924143e-07,8.202120663416022e-07,GOOD,257.5364024,948.076318
503,Rice,Sacramento River,360.07939,536.9449146,4.726,4.534377778,0.381523094,0.545092624,0.07948555,0.2,0.17,851.2633133,1216.2235,177.3500304,50,226.71888889999997,2309.876676,10.612640668141953,2309.876676,462.5644357,1847.312241,-4.882352941,0.006310614,0.9936876802143372,1.488954346363309e-06,2.1711971495247772e-07,1.7070844487851287,0.013885826678388896,896.5733865220628,360.0793764637555,1632.7350817794713,1.3536244466649805e-05,0.000902552,3.759238890803999e-08,5.527852221741702e-07,GOOD,563.7921603,2219.189121
503,Safflower,Sacramento River,221.8213511,563.5408044,1.0316,2.357007476,0.396694215,0.424242424,0.112947658,0.74,0.17,212.2655769,227.006242,60.43672676,50,117.85037380000001,462.56443572203995,4.661100987242545,462.56443572203995,462.5644357,0,-4.882352941,0.056362595457104134,0.9435720050410428,5.1648837393551925e-05,1.375066445977245e-05,0.5997154436801151,0.006092071,16.85801741509503,221.8066965738684,522.7997591706782,0.014654526,0.034823708442672796,6.606454274535956e-05,6.660559493005845e-05,GOOD,591.7178446,415.4242862
503,Sunflowers,Sacramento River,442.0364657,3732.028857,0.608,2.873453662,0.386904762,0.388227513,0.177248677,0.74,0.17,734.0697039,736.5793439,336.2917618,50,143.6726831,2124.4484810039994,14.942240046897128,2124.4484810039994,462.5644357,1661.884045,-4.882352941,0.078746168,0.9212328750870233,1.4387669431442215e-05,6.5688167026855575e-06,0.366161103,0.003057104,140769.05584887328,442.03644416783015,1270.170609918989,2.1532169853344385e-05,0.000691184,4.871129765108061e-08,5.44166139610256e-07,GOOD,3918.6303,2066.979408
503,Tomato Processing,Sacramento River,70.63873048,94.64475294,43.174,2.666779844,0.124471553,0.533148968,0.188806686,0.74,0.17,657.2463564,2815.18314,996.9547547,50,133.3389922,3952.0071440245597,29.001749835197828,3952.0071440245597,462.5644357,3489.442708,-4.882352941,0.19783337876263016,0.8021304820243476,2.6688043816029505e-05,9.45116920629081e-06,31.193074206071405,0.019130459199489157,47223.88730777057,70.63872928735945,188.37787467618827,1.192640553426827e-06,6.7973624197748e-05,1.688366347077118e-08,3.608364293695914e-07,GOOD,99.37699059,3898.671547
503,Truck Crops,Sacramento River,147.2391075,4569.754449,5.564927083,2.662234731,0.139554281,0.396137579,0.419814805,0.33,0.17,7441.94487,27484.23099,27982.75263,50,133.1117366,25296.28305268484,180.65099761431182,25296.28305268484,462.5644357,24833.71862,-4.882352941,0.614565548,0.3854146284743761,9.623989614273272e-06,1.0199217487614722e-05,5.042244147194352,0.020580829928645353,58282.40011978139,147.23910734525214,391.98490265892355,1.5474785186597728e-07,0.000163089,1.0509969429553714e-09,4.1605926666111485e-07,GOOD,4798.242171,25243.03836
503,Vineyard,Sacramento River,5.138410038,1715.19151,9.664853365,2.661751325,0.302297005,0.200476183,0.304083218,0.13,0.17,2773.231975,2743.166444,4105.247296,50,133.0875663,16443.180014386933,117.91148299434725,16443.180014386933,462.5644357,15980.61558,-4.882352941,0.5092235663452882,0.4907608084037616,6.20836845513102e-06,9.416882495043958e-06,8.431099851112835,1.4970209919840758,4.871324329410863,5.138410034830821,13.677192235427057,3.1691786972487535e-09,-2.25E-05,6.167625148269169e-10,1.6456904247264177e-06,GOOD,1800.951086,16389.94499
504,Alfalfa,Sacramento River,70.98981104,281.5123622,5.816,3.537610105,0.306290873,0.200481491,0.157957374,1.86,0.17,739.7198673,484.1807412,381.4811931,50,176.8805053,1459.7306635671998,8.782609004864433,1459.7306635671998,462.5644357,997.1662278,-4.882352941,0.016991956642634535,0.9830038718344225,2.33320998647521e-06,1.838312956552182e-06,2.5842559829855847,0.007573402,76933.98824394276,70.98978073580753,251.13400947068195,3.0304192478070036e-05,0.000263416,4.268808725380998e-07,1.0489068641086967e-06,GOOD,295.5879803,1388.978461
504,Almonds & Pistachios,Sacramento River,21373.05871,4875.270912,1.0765,3.61367267,0.287448101,0.299096541,0.094248449,0.4,0.17,2039.310074,2110.873995,639.9084906,50,180.6836335,5066.86471,27.559503026800332,5066.86471,462.5644357,4604.300274,-4.882352941,0.050273474,0.9497226237365777,2.9674700150689114e-06,9.350808452654472e-07,0.5876875118039717,0.00011697,3231329.284364393,21373.058256662156,77235.18288990113,0.000453338,0.055244731,2.121071444441313e-08,7.152788373897689e-07,GOOD,5119.034458,4994.591257
504,Citrus & Subtropical,Sacramento River,199.9356254,976.2944426,3.515,2.972946835,0.183365181,0.131883505,0.371008972,0.13,0.17,2549.235389,1743.692937,5418.931559,50,148.6473418,3282.341366,21.885643184713164,3282.341366,462.5644357,2819.776931,-4.882352941,0.097544508,0.9024405480475707,3.919090529531461e-06,1.1025015967966599e-05,2.2021515988638782,0.038473922,33.44642835464734,199.93562431499387,594.3975952700781,1.0850061187284155e-06,0.000389467,5.426777326740568e-09,6.552286641954296e-07,GOOD,1025.109165,3222.88243
504,Corn,Sacramento River,677.5969739,226.6500745,5.869375,2.826875063,0.234536008,0.556552162,0.088672787,0.3,0.17,423.9938724,1022.014707,159.5840787,50,141.3437532,1188.0707669114377,8.908139714155162,1188.0707669114377,462.5644357,725.5063312,-4.882352941,0.049995016,0.9499778377442867,2.3415560108496566e-05,3.7306889016925837e-06,3.251974599566676,0.004919345,5262.910915426955,677.5969489797578,1915.480513237105,2.4920242140069604e-05,0.001475045,3.6777381098144256e-08,7.700647021887177e-07,GOOD,237.9825782,1131.533266
504,Cucurbits,Sacramento River,36.94838987,202.6283347,12.01,1.97136542,0.087908733,0.228781824,0.653570009,0.05,0.17,920.9338517,2396.72349,6846.813993,50,98.568271,2334.027768,23.284271465251383,2334.027768,462.5644357,1871.463332,-4.882352941,0.4627022836259309,0.5371228037884895,4.5352453378344764e-05,0.00012956,10.344317035693244,0.5412955766237291,7.126521602898097e-06,36.948389949157246,72.83875764521908,-7.92E-08,2.0469177215431955e-05,2.1423733583441085e-09,2.810203266079542e-07,GOOD,212.7597514,2294.60046
504,Dry Beans,Sacramento River,85.45005407,1522.772293,1.682,2.293810917,0.272510229,0.483520066,0.106180731,1.68,0.17,521.9411016,903.6303871,214.6292221,50,114.6905459,2445.7502399499995,21.110151357712667,2445.7502399499995,462.5644357,1983.185804,-4.882352941,0.2702195621354576,0.7297152918264916,5.341593021106044e-05,1.1730107839734165e-05,1.298754649314051,0.006965918,157013.16967377896,85.45005525236077,196.00616242512274,-1.18E-06,0.000104459,1.383686399342284e-08,5.329364473273504e-07,GOOD,1598.910908,2399.874022
504,Grain,Sacramento River,1216.831099,215.9600053,2.6543,0.78906264,0.351483763,0.486359995,0.112954365,0.74,0.17,345.3012994,477.8051109,110.9675411,50,39.453132000000004,532.8187119,13.511713442650427,532.8187119,462.5644357,70.25427622,-4.882352941,0.976182696,0.022720017621640644,0.000890478,0.000206808,2.6807040612550623,0.00111055,16459.54089823674,1216.835089725008,960.1584481343182,-0.003990725,-0.002488723,3.2796047136138147e-06,2.5919989897226834e-06,GOOD,226.7580056,517.0374591
504,Other Deciduous,Sacramento River,50328.39675,1888.596785,2.0305,3.327741402,0.215021845,0.341552948,0.346579073,0.13,0.17,2284.866179,4950.948854,6009.195442,50,166.3870701,3667.5055479764997,21.831439775054143,3667.5055479764997,462.5644357,3204.941112,-4.882352941,0.05857837,0.9414106399732124,5.455054293304816e-06,5.5353281861828724e-06,1.145972689746101,0.000152842,9569.271015589717,50328.39636669361,167479.77091883792,0.000383306,0.11864241931471042,7.616105698163149e-09,7.083980030409317e-07,GOOD,1983.026624,3600.95072
504,Pasture,Sacramento River,7517.628742,191.4002352,5,3.965593094,0.350906068,0.190014026,0.155066311,0.51,0.17,328.209843,177.7241242,145.0367898,50,198.2796547,758.0255349,4.580609397044774,758.0255349,462.5644357,295.4610992,-4.882352941,0.004565276,0.9954326470320928,1.1438467227186387e-06,9.334684148075427e-07,1.7389061209628525,0.000260825,159627.98743448858,7517.624677837352,29811.815327911587,0.004064163,0.04129462,5.406176319420225e-07,1.3851743634731703e-06,GOOD,200.970247,678.713673
504,Safflower,Sacramento River,151.5246813,563.5408044,1.0316,2.357007476,0.396694215,0.424242424,0.112947658,0.74,0.17,212.2655769,227.006242,60.43672676,50,117.85037380000001,462.56443572203995,4.661100987242545,462.56443572203995,462.5644357,0,-4.882352941,0.056362595457104134,0.9435720050410424,5.164883739355193e-05,1.3750664459772452e-05,0.5997154436801151,0.008918358,11.515598942594865,151.52575128681428,357.1470646696815,-0.001069987,-0.002258047,7.06146883205155e-06,6.322497267903335e-06,GOOD,591.7178446,415.4242862
504,Sunflowers,Sacramento River,101.3126958,3711.716055,0.583,2.873453662,0.386904762,0.388227513,0.177248677,0.74,0.17,734.0697039,736.5793439,336.2917618,50,143.6726831,2019.3053960129996,14.249854725747014,2019.3053960129996,462.5644357,1556.74096,-4.882352941,0.075142376,0.9248365852798042,1.444395160762437e-05,6.594512823987935e-06,0.34798787504111056,0.013338421,30222.85119005075,101.31269108097074,291.1171452311136,4.719029263355878e-06,0.000191522,4.657885397375714e-08,6.578876083342697e-07,GOOD,3897.301858,1961.836323
504,Truck Crops,Sacramento River,161.4988504,4569.754449,5.564927083,2.662234731,0.139554281,0.396137579,0.419814805,0.33,0.17,7441.94487,27484.23099,27982.75263,50,133.1117366,25296.28305268484,180.65099761431182,25296.28305268484,462.5644357,24833.71862,-4.882352941,0.614565548,0.38541462847437613,9.62398961427327e-06,1.0199217487614722e-05,5.042244147194352,0.018763619820188083,63926.90622562703,161.4988502789232,429.9475876,1.2107682323403424e-07,0.000260926,7.497070284658462e-10,6.068786648438065e-07,GOOD,4798.242171,25243.03836
504,Vineyard,Sacramento River,76.86206361,1697.433086,9.717108041,2.661751325,0.302297005,0.200476183,0.304083218,0.13,0.17,2773.231975,2743.166444,4105.247296,50,133.0875663,16360.24626637404,117.32158148575368,16360.24626637404,462.5644357,15897.68183,-4.882352941,0.5079598589534359,0.49202447556192747,6.224354473550173e-06,9.441130163027058e-06,8.472442072596262,0.10007938026929189,72.48875951,76.86206357467334,204.5875905558193,3.5326664260537655e-08,0.0001091,4.596111866028736e-10,5.332692663929651e-07,GOOD,1782.30474,16307.01124
506,Alfalfa,Sacramento River,12642.38466,269.6555291,6.366,3.537610105,0.306290873,0.200481491,0.157957374,1.86,0.17,739.7198673,484.1807412,381.4811931,50,176.8805053,1539.081863,9.208261493615169,1539.081863,453.1620153,1085.919848,-4.882352941,0.017898919,0.9820969133950637,2.331057274213678e-06,1.8366168559589897e-06,2.855653654792791,4.2526344757030235e-05,14920058.87216999,12642.383172996066,44723.812956924434,0.001487004,0.014767588560061995,1.1762052603267998e-07,3.3019509535334167e-07,GOOD,283.1383056,1468.329661
506,Almonds & Pistachios,Sacramento River,213146.605,4677.600247,1.003444444,3.61367267,0.287448101,0.299096541,0.094248449,0.4,0.17,2039.310074,2110.873995,639.9084906,50,180.6836335,4512.3475525141785,24.647622297745034,4512.3475525141785,453.1620153,4059.185537,-4.882352941,0.045019542,0.9549765338364892,2.9838861983772706e-06,9.402537563601047e-07,0.5360230960023672,1.1729016279663473e-05,28410041.08652148,213146.60346744375,770241.9024308545,0.001532556,0.1587609308771789,7.190150911760238e-09,2.0611823071766585e-07,GOOD,4911.480259,4440.074099
506,Citrus & Subtropical,Sacramento River,1310.232581,959.8107757,3.76,2.972946835,0.183365181,0.131883505,0.371008972,0.13,0.17,2549.235389,1743.692937,5418.931559,50,148.6473418,3459.5549172239994,23.01582963333126,3459.5549172239994,453.1620153,3006.392902,-4.882352941,0.10227206168996743,0.8977130724889115,3.898560196834627e-06,1.096726092400814e-05,2.3775046443934595,0.005870948,233.6884177303881,1310.2325789091674,3895.251051060971,2.0908325950586004e-06,0.000753737,1.5957720983116055e-09,1.9350144686537876e-07,GOOD,1007.801314,3400.095981
506,Corn,Sacramento River,12510.63153,234.0503904,6.094333333,2.826875063,0.234536008,0.556552162,0.088672787,0.3,0.17,423.9938724,1022.014707,159.5840787,50,141.3437532,1284.157581709383,9.551572361443517,1284.157581709383,453.1620153,830.9955664,-4.882352941,0.053820058030401255,0.9461529050205872,2.3321281127930647e-05,3.7156678838381983e-06,3.422363643276406,0.00026644,111294.4422583061,12510.631400419146,35365.98445,0.000129581,0.007844673,1.0357658920166623e-08,2.21814020463076e-07,GOOD,245.7529099,1227.62008
506,Cotton,Sacramento River,1065.945079,1698.847366,0.768,2.633766816,0.148539114,0.445240339,0.078228087,0.68,0.17,378.6944542,1135.122209,199.4393382,50,131.6883408,1172.354429,9.387898396857386,1172.354429,453.1620153,719.1924134,-4.882352941,0.072984624,0.9269827918351218,2.77148114573114e-05,4.8694525000600925e-06,0.45923294909243945,0.00137961,119814.7184650053,1065.9450610450035,2807.4501637325707,1.7954996565094916e-05,0.000613016,1.684420418914933e-08,2.183532952043794e-07,GOOD,1783.789734,1119.679092
506,Cucurbits,Sacramento River,7516.208627,202.6283347,12.01,1.97136542,0.087908733,0.228781824,0.653570009,0.05,0.17,920.9338517,2396.72349,6846.813993,50,98.568271,2334.027768,23.284271465251383,2334.027768,453.1620153,1880.865753,-4.882352941,0.4627022836259309,0.5371228037884896,4.535245337834477e-05,0.00012956,10.344317035693242,0.002660916,0.001456992,7516.208630883884,14817.190859793145,-3.88E-06,0.00291698,5.167345052965185e-10,1.9686455997198346e-07,GOOD,212.7597514,2294.60046
506,Dry Beans,Sacramento River,3373.102493,1266.145204,1.1645,2.293810917,0.272510229,0.483520066,0.106180731,1.68,0.17,521.9411016,903.6303871,214.6292221,50,114.6905459,1358.873333,12.152157696865938,1358.873333,453.1620153,905.7113178,-4.882352941,0.17063751708982183,0.8292884473824135,6.070479038385075e-05,1.33307373807296e-05,0.8243190489079645,0.000176466,2831070.2409645272,3373.102501123902,7737.257767052546,-8.12E-06,0.001555551,2.408436233074128e-09,2.0104674083546033e-07,GOOD,1329.452464,1312.997115
506,Grain,Sacramento River,26284.9096,191.5900547,3.07125,0.78906264,0.351483763,0.486359995,0.112954365,0.74,0.17,345.3012994,477.8051109,110.9675411,50,39.453132000000004,548.0170254,13.869960379881235,548.0170254,453.1620153,94.85501003,-4.882352941,0.9768275085415316,0.022104912370032294,0.00086637,0.000201209,3.1009898540077465,5.141167962591553e-05,479424.6324395634,26284.92716215951,20740.449796329824,-0.01756216,-0.009635192,6.681460875835141e-07,4.645606556798049e-07,GOOD,201.1695574,532.2357726
506,Onions & Garlic,Sacramento River,334.0844892,216.2659801,21.192,2.113494575,0.178481578,0.383051703,0.272440319,0.41,0.17,887.6914461,1905.136225,1355.002253,50,105.67472874999999,4476.5999479291995,40.98130279415883,4476.5999479291995,453.1620153,4023.437933,-4.882352941,0.5230983036421362,0.47682510405602024,4.475845727048598e-05,3.1833844572984626e-05,18.64749174422684,0.007300621,48084.14595611754,334.08448959114145,706.0856472047427,-3.91E-07,0.000108311,1.1707859947364548e-09,1.5339652791164874e-07,GOOD,227.0792791,4434.330056
506,Other Deciduous,Sacramento River,81700.08673,1912.296442,2.071666667,3.327741402,0.215021845,0.341552948,0.346579073,0.13,0.17,2284.866179,4950.948854,6009.195442,50,166.3870701,3794.350572348099,22.55356676043233,3794.350572348099,453.1620153,3341.188557,-4.882352941,0.060481724,0.939507308,5.444025332003073e-06,5.524136928117341e-06,1.176537596604345,9.415299297941996e-05,16194.517734014134,81700.08654919452,271876.7062941786,0.000180805,0.054864233,2.213039025748115e-09,2.0179817116882706e-07,GOOD,2007.911264,3727.795744
506,Pasture,Sacramento River,10526.79025,192.6261375,5,3.965593094,0.350906068,0.190014026,0.155066311,0.51,0.17,328.209843,177.7241242,145.0367898,50,198.2796547,764.1550464,4.609947812378334,764.1550464,453.1620153,310.9930311,-4.882352941,0.004602004,0.9953959184728806,1.1438045181132242e-06,9.334339725476389e-07,1.7411683595256793,0.000186266,235260.35661747496,10526.788650310544,41744.95035307203,0.001599689,0.016364314,1.5196364877417648e-07,3.920068881495033e-07,GOOD,202.2574444,684.8431845
506,Rice,Sacramento River,187985.7472,557.2050126,4.593333333,4.534377778,0.381523094,0.545092624,0.07948555,0.2,0.17,851.2633133,1216.2235,177.3500304,50,226.71888889999997,2331.7033675222656,10.703923249923573,2331.7033675222656,453.1620153,1878.541352,-4.882352941,0.006369855,0.9936284391304846,1.488865578764552e-06,2.1710677083784703e-07,1.6620564844941201,2.6597761130690656e-05,475983.0230351198,187985.74470324386,852398.2044753587,0.002496756,0.1902090470539406,1.3281624723053789e-08,2.2314571242753701e-07,GOOD,585.0652632,2241.015812
506,Safflower,Sacramento River,2307.680114,564.3278475,1.0135,2.357007476,0.396694215,0.424242424,0.112947658,0.74,0.17,212.2655769,227.006242,60.43672676,50,117.85037380000001,453.16201534424994,4.5857148526019325,453.16201534424994,453.1620153,0,-4.882352941,0.05528119,0.944653336,5.1708026813542394e-05,1.3766422681930596e-05,0.5873664168683735,0.000585589,175.3794725,2307.6704076821075,5439.195128281758,0.009706318,0.024152632773621008,4.206093311390198e-06,4.440459471521815e-06,GOOD,592.5442399,406.0218658
506,Sunflowers,Sacramento River,16130.53931,3738.423401,0.600777778,2.873453662,0.386904762,0.388227513,0.177248677,0.74,0.17,734.0697039,736.5793439,336.2917618,50,143.6726831,2101.336640023983,14.790044593998928,2101.336640023983,453.1620153,1648.174625,-4.882352941,0.077956418,0.9220226080252353,1.4400003355644646e-05,6.5744478639863264e-06,0.3611170862804266,8.37759559913531e-05,5094497.267106147,16130.539083225483,46350.347155978445,0.000226775,0.010094376011693384,1.4058706429240194e-08,2.177842116117927e-07,GOOD,3925.344571,2043.867567
506,Tomato Processing,Sacramento River,25831.32762,95.62597678,47.896,2.666779844,0.124471553,0.533148968,0.188806686,0.74,0.17,657.2463564,2815.18314,996.9547547,50,133.3389922,4445.916364,32.507270299457424,4445.916364,453.1620153,3992.754349,-4.882352941,0.2171874824959833,0.7827772502321335,2.60441337420115e-05,9.22313814095195e-06,35.24623558388456,5.2314436610879525e-05,19759690.70668336,25831.32752573152,68886.45005,9.426847827853635e-05,0.013795731094432995,3.6493857251668566e-09,2.0026766254572614e-07,GOOD,100.4072756,4392.580768
506,Truck Crops,Sacramento River,1278.958937,4569.754449,5.564927083,2.662234731,0.139554281,0.396137579,0.419814805,0.33,0.17,7441.94487,27484.23099,27982.75263,50,133.1117366,25296.28305268484,180.65099761431182,25296.28305268484,453.1620153,24843.12104,-4.882352941,0.614565548,0.385414628,9.623989614273268e-06,1.0199217487614718e-05,5.042244147194352,0.002369351,506448.4557,1278.9589366700247,3404.8882745266915,3.299753643659642e-07,0.000627078,2.5800309518925874e-10,1.8416975352240992e-07,GOOD,4798.242171,25243.03836
506,Vineyard,Sacramento River,2745.0647,1577.628699,10.16672654,2.661751325,0.302297005,0.200476183,0.304083218,0.13,0.17,2773.231975,2743.166444,4105.247296,50,133.0875663,15905.425141732974,114.08647305288405,15905.425141732974,453.1620153,15452.26313,-4.882352941,0.5009121302997455,0.49907198,6.313508909772917e-06,9.576360031532625e-06,8.839557112409363,0.002802232,2516.342452166534,2745.0646995519137,7306.678220423247,4.480862116906792e-07,0.001382012,1.6323338815681802e-10,1.8914370899768661e-07,GOOD,1656.510134,15852.19012
507,Alfalfa,Sacramento River,3448.830199,283.3360006,6.468,3.537610105,0.306290873,0.200481491,0.157957374,1.86,0.17,739.7198673,484.1807412,381.4811931,50,176.8805053,1655.0720168927999,9.830451173831644,1655.0720168927999,452.5453896,1202.526627,-4.882352941,0.019221647263380316,0.9807741906756599,2.3279177241603396e-06,1.8341432356786673e-06,2.939713688079732,0.000155889,4507112.567954469,3448.8298957713405,12200.613296895195,0.000303229,0.003265516,8.792217708842449e-08,2.676517494099616e-07,GOOD,297.5028006,1584.319815
507,Almonds & Pistachios,Sacramento River,106728.7392,4843.386549,1.072458333,3.61367267,0.287448101,0.299096541,0.094248449,0.4,0.17,2039.310074,2110.873995,639.9084906,50,180.6836335,5012.965837824163,27.276469245873628,5012.965837824163,452.5453896,4560.420448,-4.882352941,0.049765331,0.9502307641244272,2.9690577327105718e-06,9.355811517038838e-07,0.5843084737354309,2.3423868947943123e-05,15982231.723910531,106728.73863350255,385682.6605742783,0.000566497,0.067376319,5.307824765407763e-09,1.7469363919153792e-07,GOOD,5085.555876,4940.692384
507,Citrus & Subtropical,Sacramento River,9229.639459,903.8507112,3.1205,2.972946835,0.183365181,0.131883505,0.371008972,0.13,0.17,2549.235389,1743.692937,5418.931559,50,148.6473418,2671.1325448915995,17.987634687136485,2671.1325448915995,452.5453896,2218.587155,-4.882352941,0.08085011,0.9191346698059817,3.991589238309321e-06,1.1228966199763982e-05,1.8850764232367974,0.000833435,1214.8249191127388,9229.639442938618,27439.22264807437,1.6061381757026538e-05,0.004769751,1.7401960096463762e-09,1.738296316341676e-07,GOOD,949.0432468,2611.673608
507,Corn,Sacramento River,8320.410888,238.3686598,6.27235,2.826875063,0.234536008,0.556552162,0.088672787,0.3,0.17,423.9938724,1022.014707,159.5840787,50,141.3437532,1352.908149,10.011951443936251,1352.908149,452.5453896,900.3627596,-4.882352941,0.056538044,0.943434997,2.3254288675468798e-05,3.7049942976528346e-06,3.554361867119631,0.000400621,80195.20351524511,8320.410825,23520.757643070036,6.284676055656746e-05,0.004410131,7.553324157008562e-09,1.8749948841869863e-07,GOOD,250.2870928,1296.370648
507,Cotton,Sacramento River,762.1353087,1698.847366,0.768,2.633766816,0.148539114,0.445240339,0.078228087,0.68,0.17,378.6944542,1135.122209,199.4393382,50,131.6883408,1172.354429,9.387898396857386,1172.354429,452.5453896,719.8090392,-4.882352941,0.072984624,0.9269827918351219,2.7714811457311412e-05,4.869452500060095e-06,0.4592329490924395,0.001929563,85739.22366008851,762.1352990705549,2007.2863104654589,9.629445116843272e-06,0.000374891,1.2634823510891448e-08,1.8676481037090992e-07,GOOD,1783.789734,1119.679092
507,Cucurbits,Sacramento River,2238.518205,202.6283347,12.01,1.97136542,0.087908733,0.228781824,0.653570009,0.05,0.17,920.9338517,2396.72349,6846.813993,50,98.568271,2334.027768,23.284271465251383,2334.027768,452.5453896,1881.482379,-4.882352941,0.4627022836259308,0.5371228037884898,4.535245337834476e-05,0.00012956,10.344317035693242,0.008934482,0.000434072,2238.5182060990037,4412.936646025665,-1.10E-06,0.000735352,4.909514859382611e-10,1.6663544987483214e-07,GOOD,212.7597514,2294.60046
507,Dry Beans,Sacramento River,4945.705462,1335.96572,1.238125,2.293810917,0.272510229,0.483520066,0.106180731,1.68,0.17,521.9411016,903.6303871,214.6292221,50,114.6905459,1538.5398001989997,13.632961146256513,1538.5398001989997,452.5453896,1085.994411,-4.882352941,0.18893251981114836,0.810995078,5.936569640726636e-05,1.3036673106442732e-05,0.8932318279739622,0.000120355,4976975.063659138,4945.705484675208,11344.51125467446,-2.27E-05,0.001926328,4.584827847746695e-09,1.6980258538918475e-07,GOOD,1402.764006,1492.663582
507,Grain,Sacramento River,13097.32027,211.8144212,2.83707,0.78906264,0.351483763,0.486359995,0.112954365,0.74,0.17,345.3012994,477.8051109,110.9675411,50,39.453132000000004,560.5284098,14.16487239,560.5284098,452.5453896,107.9830203,-4.882352941,0.9773326937842475,0.021623001499943666,0.000847482,0.000196823,2.863954106873053,0.000103178,271829.4657744092,13097.327009975592,10334.609633649643,-0.006739976,-0.003524478,5.146072213823535e-07,3.4103650326700893e-07,GOOD,222.4051423,544.747157
507,Onions & Garlic,Sacramento River,99.24233767,216.2659801,21.192,2.113494575,0.178481578,0.383051703,0.272440319,0.41,0.17,887.6914461,1905.136225,1355.002253,50,105.67472874999999,4476.5999479291995,40.98130279415883,4476.5999479291995,452.5453896,4024.054558,-4.882352941,0.523098304,0.4768251040560204,4.475845727048597e-05,3.183384457298461e-05,18.647491744226837,0.024576450409240974,14285.950165371523,99.24233779,209.7481217489211,-1.18E-07,2.0526942023479933e-05,1.193905771066483e-09,9.786471432239274e-08,GOOD,227.0792791,4434.330056
507,Other Deciduous,Sacramento River,230270.4789,1900.355052,2.031866667,3.327741402,0.215021845,0.341552948,0.346579073,0.13,0.17,2284.866179,4950.948854,6009.195442,50,166.3870701,3693.9778616578515,21.98214629404773,3693.9778616578515,452.5453896,3241.432472,-4.882352941,0.058976233,0.941012782,5.452748881901742e-06,5.53298884948079e-06,1.1482615453784901,3.340553130845854e-05,44281.32619961773,230270.4784681353,766280.4739185454,0.000431865,0.13237535196822137,1.87546705545372e-09,1.7275049228826555e-07,GOOD,1995.372805,3627.423034
507,Pasture,Sacramento River,13344.13999,184.4500593,5,3.965593094,0.350906068,0.190014026,0.155066311,0.51,0.17,328.209843,177.7241242,145.0367898,50,198.2796547,723.2746554,4.414277098626291,723.2746554,452.5453896,270.7292658,-4.882352941,0.004356994,0.995640929,1.1440860579678727e-06,9.336637310953571e-07,1.7258561618048796,0.00014694,259657.40364130176,13344.138045745805,52917.410673809594,0.001944254,0.018715903635893483,1.4570097404332942e-07,3.5368127007945177e-07,GOOD,193.6725623,643.9627935
507,Rice,Sacramento River,243814.3913,565.7534276,4.556,4.534377778,0.381523094,0.545092624,0.07948555,0.2,0.17,851.2633133,1216.2235,177.3500304,50,226.71888889999997,2349.8476259776003,10.779805330916044,2349.8476259776003,452.5453896,1897.302236,-4.882352941,0.006419096,0.9935791981266271,1.4887917954137354e-06,2.1709601173019768e-07,1.6509179705511137,2.0507403083716167e-05,623506.1816636499,243814.3886070114,1105546.3474459401,0.002692989,0.21042137616313994,1.1045240457586699e-08,1.9033244205387318e-07,GOOD,594.041099,2259.16007
507,Safflower,Sacramento River,3442.473111,561.7793979,1.017,2.357007476,0.396694215,0.424242424,0.112947658,0.74,0.17,212.2655769,227.006242,60.43672676,50,117.85037380000001,452.5453895672999,4.580770909236686,452.5453895672999,452.5453896,0,-4.882352941,0.055210182757184534,0.944724338,5.171191329099075e-05,1.3767457393455961e-05,0.5892736815268769,0.000392552,261.62166702371303,3442.472633548839,8113.932079140178,0.000477451,0.002779416,1.3869423098154043e-07,3.425484489195497e-07,GOOD,589.8683678,405.40524
507,Sunflowers,Sacramento River,10209.69994,3675.136707,0.5774,2.873453662,0.386904762,0.388227513,0.177248677,0.74,0.17,734.0697039,736.5793439,336.2917618,50,143.6726831,1977.3988705697998,13.973893039063014,1977.3988705697998,452.5453896,1524.853481,-4.882352941,0.073698154,0.9262807742338378,1.446650672243746e-05,6.6048105595330265e-06,0.34337731284792605,0.00013236,2983311.2054440174,10209.699816582763,29337.09419499516,0.000123417,0.005485519,1.2088233591470038e-08,1.8698232219265296e-07,GOOD,3858.893542,1919.929797
507,Tomato Processing,Sacramento River,12520.17871,95.84276228,46.93066667,2.666779844,0.124471553,0.533148968,0.188806686,0.74,0.17,657.2463564,2815.18314,996.9547547,50,133.3389922,4363.779309887729,31.924302592582393,4363.779309887729,452.5453896,3911.23392,-4.882352941,0.21403389936440095,0.7859306912884793,2.6149053296833347e-05,9.260293822818538e-06,34.436432343093756,0.000107934,9381783.878308706,12520.178674527788,33388.55452010166,3.547221240296494e-05,0.005707004,2.833203361117594e-09,1.709269351175203e-07,GOOD,100.6349004,4310.443713
507,Truck Crops,Sacramento River,801.7411904,4569.754449,5.564927083,2.662234731,0.139554281,0.396137579,0.419814805,0.33,0.17,7441.94487,27484.23099,27982.75263,50,133.1117366,25296.28305268484,180.65099761431182,25296.28305268484,452.5453896,24843.73766,-4.882352941,0.6145655483185216,0.38541462847437646,9.62398961427328e-06,1.0199217487614732e-05,5.042244147194351,0.003779652,317485.3032440429,801.7411902429523,2134.4229051345155,1.5704779343650443e-07,0.000337222,1.9588340391760472e-10,1.5799193040036679e-07,GOOD,4798.242171,25243.03836
507,Vineyard,Sacramento River,70.54643096,1644.647421,9.897264488,2.661751325,0.302297005,0.200476183,0.304083218,0.13,0.17,2773.231975,2743.166444,4105.247296,50,133.0875663,16143.616092488084,115.78070736099629,16143.616092488084,452.5453896,15691.0707,-4.882352941,0.5046280360863697,0.4953561923510224,6.266502348972674e-06,9.505060258854638e-06,8.618090345810806,0.10903893489196144,65.66781434441441,70.54643095145664,187.77703921599667,8.543352691958717e-09,1.6865804354893044e-05,1.211025501318815e-10,8.98182382172709e-08,GOOD,1726.879792,16090.38107
508,Citrus & Subtropical,Sacramento River,599.2401017,848.1867032,3.251,2.972946835,0.183365181,0.131883505,0.371008972,0.13,0.17,2549.235389,1743.692937,5418.931559,50,148.6473418,2608.1213726951996,17.585778437605594,2608.1213726951996,552.3636119,2055.757761,-4.882352941,0.079093852,0.9208908986353852,3.99921613382936e-06,1.125042185236012e-05,1.9556078183962085,0.012836770554048674,73.08497647706045,599.2400718770741,1781.5063765301506,2.98229258532956e-05,0.002587224,4.9767907335791044e-08,1.4522654643866307e-06,GOOD,890.5960384,2548.662436
508,Grain,Sacramento River,103.3241404,215.8186638,2.7466,0.78906264,0.351483763,0.486359995,0.112954365,0.74,0.17,345.3012994,477.8051109,110.9675411,50,39.453132000000004,552.3636118700799,13.972415912642123,552.3636118700799,552.3636119,0,-4.882352941,0.9770055482034846,0.021935075,0.000859713,0.000199664,2.7729955652602207,0.013078757259628277,6.957518229887482,103.33968413486923,81.54138555530984,-0.015543735,-0.012166556,0.000150437,0.000149229,GOOD,226.609597,536.5823591
508,Other Deciduous,Sacramento River,52.17268849,1780.627633,2.1425,3.327741402,0.215021845,0.341552948,0.346579073,0.13,0.17,2284.866179,4950.948854,6009.195442,50,166.3870701,3647.70448,21.718712564930954,3647.70448,552.3636119,3095.340868,-4.882352941,0.058280551,0.9417084546723518,5.456779996504001e-06,5.537079283980591e-06,1.2079800023782057,0.14743935792732027,9.580726326521468,52.17268646,173.61698404020274,2.02969069817982e-06,0.000231502,3.890331813298932e-08,1.3334024416267081e-06,GOOD,1869.659015,3581.149652
508,Pasture,Sacramento River,709.9432578,155.7560771,5,3.965593094,0.350906068,0.190014026,0.155066311,0.51,0.17,328.209843,177.7241242,145.0367898,50,198.2796547,579.8047444,3.727569872971035,579.8047444,552.3636119,27.44113252,-4.882352941,0.003496173,0.9965017477045928,1.1450752210044264e-06,9.34470965520546e-07,1.667403901543552,0.002761889,1416.3037718561898,709.9279203824491,2815.2802333826735,0.015337417550881582,0.065846881,2.1603723089658987e-05,2.3388556500912464e-05,GOOD,163.543881,500.4928825
508,Rice,Sacramento River,979.0495688,607.6281956,4.292,4.534377778,0.381523094,0.545092624,0.07948555,0.2,0.17,851.2633133,1216.2235,177.3500304,50,226.71888889999997,2380.2152253472004,10.906807304602843,2380.2152253472004,552.3636119,1827.851613,-4.882352941,0.006501499,0.993496796,1.4886683223939738e-06,2.170780068619353e-07,1.5589635964672726,0.005106994,2412.091858766655,979.0494187635051,4439.3734486477315,0.000150036,0.007159679,1.5324708747799252e-07,1.6127654063053394e-06,GOOD,638.0096054,2289.52767
509,Alfalfa,Sacramento River,28296.69917,268.859435,5.696,3.537610105,0.306290873,0.200481491,0.157957374,1.86,0.17,739.7198673,484.1807412,381.4811931,50,176.8805053,1353.8781067720001,8.214799010643045,1353.8781067720001,457.7385312,896.1395756,-4.882352941,0.01577948,0.9842163431360331,2.3360878491472586e-06,1.840580395945924e-06,2.497155306105585,1.899989837585535e-05,27560121.890457306,28296.694313851356,100102.64335429277,0.004856149,0.045567644,1.7161537515611537e-07,4.552089943167653e-07,GOOD,282.3024068,1283.125905
509,Almonds & Pistachios,Sacramento River,41504.50056,4676.398716,0.88475,3.61367267,0.287448101,0.299096541,0.094248449,0.4,0.17,2039.310074,2110.873995,639.9084906,50,180.6836335,3956.0793373900005,21.726546415020046,3956.0793373900005,457.7385312,3498.340806,-4.882352941,0.039690288,0.9603057660819774,3.0005377306210786e-06,9.455008283663717e-07,0.46108911389465324,6.023443159822954e-05,4767786.261401251,41504.50014085383,149983.63848639838,0.000419146,0.040869273,1.0098812530218732e-08,2.724914704601199e-07,GOOD,4910.218652,3883.805884
509,Citrus & Subtropical,Sacramento River,476.7523346,2502.013673,2.347,2.972946835,0.183365181,0.131883505,0.371008972,0.13,0.17,2549.235389,1743.692937,5418.931559,50,148.6473418,5722.892491,37.450354768563805,5722.892491,457.7385312,5265.15396,-4.882352941,0.1585686146998483,0.8414174517152363,3.6540813392461305e-06,1.0279503576115074e-05,1.6180452449342233,0.016134808650201192,148.9140229764777,476.7523341177383,1417.3590071094263,4.82261668821593e-07,0.000337119,1.0115559669492032e-09,2.378497069048722e-07,GOOD,2627.114357,5663.433554
509,Corn,Sacramento River,13140.5216,234.253278,5.762,2.826875063,0.234536008,0.556552162,0.088672787,0.3,0.17,423.9938724,1022.014707,159.5840787,50,141.3437532,1207.543874,9.038538799,1207.543874,457.7385312,749.8053425,-4.882352941,0.050772701758186115,0.9492001742150566,2.3396391843312494e-05,3.7276349139231025e-06,3.2014619955579082,0.000253668,105479.95624509081,13140.521441187597,37146.601989450326,0.000158812,0.010836403,1.2085700102067225e-08,2.9171980194188977e-07,GOOD,245.9659419,1151.006372
509,Cucurbits,Sacramento River,2839.377631,202.6283347,12.01,1.97136542,0.087908733,0.228781824,0.653570009,0.05,0.17,920.9338517,2396.72349,6846.813993,50,98.568271,2334.027768,23.284271465251383,2334.027768,457.7385312,1876.289237,-4.882352941,0.462702284,0.5371228037884896,4.535245337834477e-05,0.00012956,10.344317035693244,0.007043797,0.000549065,2839.3776334950894,5597.449445954748,-2.50E-06,0.00143012,8.787452389948817e-10,2.5549490356451915e-07,GOOD,212.7597514,2294.60046
509,Dry Beans,Sacramento River,2757.961406,1361.815657,1.15075,2.293810917,0.272510229,0.483520066,0.106180731,1.68,0.17,521.9411016,903.6303871,214.6292221,50,114.6905459,1451.55661,12.916049361842322,1451.55661,457.7385312,993.8180792,-4.882352941,0.18017711090105076,0.8197497051516177,6.000654437611512e-05,1.3177402955268133e-05,0.8228688081377129,0.000215825,2539889.417693402,2757.9614487003246,6326.240396581136,-4.27E-05,0.001585166,1.5482567881923275e-08,2.505699809601607e-07,GOOD,1429.90644,1405.680392
509,Grain,Sacramento River,45144.33504,177.3815634,3.243,0.78906264,0.351483763,0.486359995,0.112954365,0.74,0.17,345.3012994,477.8051109,110.9675411,50,39.453132000000004,534.84448,13.559463819602632,534.84448,457.7385312,77.10594876,-4.882352941,0.9762707077245036,0.022636060835013835,0.000887187,0.000206044,3.275143285023056,2.9934018302717067e-05,669905.6528457464,45144.38692318908,35621.73955343332,-0.051883189,-0.031365726,1.1492735253366458e-06,8.805228050000281e-07,GOOD,186.2506416,519.0632272
509,Onions & Garlic,Sacramento River,87.04164239,216.2659801,21.192,2.113494575,0.178481578,0.383051703,0.272440319,0.41,0.17,887.6914461,1905.136225,1355.002253,50,105.67472874999999,4476.5999479291995,40.98130279415883,4476.5999479291995,457.7385312,4018.861417,-4.882352941,0.523098304,0.47682510405602047,4.475845727048598e-05,3.1833844572984626e-05,18.64749174422684,0.028021350738254406,12513.48903916506,87.04164259127626,183.9620215500299,-2.01E-07,1.7440325137840773e-05,2.3124132915098402e-09,9.480393473326936e-08,GOOD,227.0792791,4434.330056
509,Other Deciduous,Sacramento River,26251.4937,1811.388311,2.025,3.327741402,0.215021845,0.341552948,0.346579073,0.13,0.17,2284.866179,4950.948854,6009.195442,50,166.3870701,3500.7711058089994,20.882222880835243,3500.7711058089994,457.7385312,3043.032575,-4.882352941,0.056064698,0.943924283,5.4696197294487005e-06,5.550107960112941e-06,1.1331289209265303,0.000293024,4739.230979480389,26251.49362462998,87358.15924885325,7.537001874879934e-05,0.023200979,2.8710754370826274e-09,2.655844966922067e-07,GOOD,1901.957727,3434.216278
509,Pasture,Sacramento River,18574.81511,133.8824853,5,3.965593094,0.350906068,0.190014026,0.155066311,0.51,0.17,328.209843,177.7241242,145.0367898,50,198.2796547,470.4367854,3.204088906286197,470.4367854,457.7385312,12.69825417,-4.882352941,0.002838963,0.9971589557306523,1.1458304154909585e-06,9.350872633043426e-07,1.6167336713140072,0.000105561,17398.805463681456,18574.73211646363,73659.80316188626,0.082993536,0.3553606565837981,4.4680679660897615e-06,4.824326524834237e-06,GOOD,140.5766096,391.1249235
509,Rice,Sacramento River,14738.77367,593.2115153,3.978,4.534377778,0.381523094,0.545092624,0.07948555,0.2,0.17,851.2633133,1216.2235,177.3500304,50,226.71888889999997,2132.0704176954005,9.869027533197595,2132.0704176954005,457.7385312,1674.331886,-4.882352941,0.005827755,0.994170538,1.4896778662705403e-06,2.1722521881591329e-07,1.4158179603185925,0.000339241,33262.848193527774,14738.773394829814,66831.14802146345,0.00027517,0.019782756047789007,1.86698156140733e-08,2.960109286993484e-07,GOOD,622.8720911,2041.382862
509,Safflower,Sacramento River,4448.526361,553.2848266,1.042,2.357007476,0.396694215,0.424242424,0.112947658,0.74,0.17,212.2655769,227.006242,60.43672676,50,117.85037380000001,457.73853122019995,4.622408153703873,457.73853122019995,457.7385312,0,-4.882352941,0.05580786,0.944126702,5.167920013359608e-05,1.3758748046383413e-05,0.6048008651477377,0.000303775,338.0798759603593,4448.5636313270315,10485.29446297995,-0.037270327,-0.08457292,8.378128846917046e-06,8.065925313882628e-06,GOOD,580.9490679,410.5983817
509,Sunflowers,Sacramento River,15980.32073,3516.323047,0.646166667,2.873453662,0.386904762,0.388227513,0.177248677,0.74,0.17,734.0697039,736.5793439,336.2917618,50,143.6726831,2127.5056793232743,14.962372224303678,2127.5056793232743,457.7385312,1669.767148,-4.882352941,0.078850534,0.9211285117448745,1.4386039501260375e-05,6.568072543761578e-06,0.38924484393640907,8.456346866771249e-05,5113159.119116228,15980.320491697648,45918.698157753155,0.000238302,0.012963799861609004,1.4912238318738933e-08,2.8232063890669926e-07,GOOD,3692.139199,2070.036606
509,Tomato Processing,Sacramento River,24428.51172,97.69481804,48.078,2.666779844,0.124471553,0.533148968,0.188806686,0.74,0.17,657.2463564,2815.18314,996.9547547,50,133.3389922,4562.786042,33.33675278427807,4562.786042,457.7385312,4105.047511,-4.882352941,0.22163122205942226,0.7783337108680628,2.5896290746508724e-05,9.170781768334545e-06,35.521786247549954,5.5318611581440684e-05,19212135.89115876,24428.51163901207,65145.445649741596,8.098792750388384e-05,0.017024072,3.315303381236188e-09,2.6132398910748544e-07,GOOD,102.5795589,4509.450445
509,Truck Crops,Sacramento River,3633.717027,4569.754449,5.564927083,2.662234731,0.139554281,0.396137579,0.419814805,0.33,0.17,7441.94487,27484.23099,27982.75263,50,133.1117366,25296.28305268484,180.65099761431182,25296.28305268484,457.7385312,24838.54452,-4.882352941,0.6145655483185216,0.38541462847437635,9.623989614273284e-06,1.0199217487614735e-05,5.042244147194352,0.00083394,1438632.0885068486,3633.717026128509,9673.805256361486,8.714910109119955e-07,0.002415544,2.398345838260001e-10,2.496994007570436e-07,GOOD,4798.242171,25243.03836
509,Vineyard,Sacramento River,687.6286486,1604.877899,10.05836622,2.661751325,0.302297005,0.200476183,0.304083218,0.13,0.17,2773.231975,2743.166444,4105.247296,50,133.0875663,16008.555223870173,114.82002956626694,16008.555223870173,457.7385312,15550.81669,-4.882352941,0.5025278356443903,0.4974563259272016,6.2930700838501195e-06,9.54535832416898e-06,8.751016241241052,0.011186717871585336,634.3547193394488,687.6286484965516,1830.2960317752336,1.0344842849008273e-07,0.000434744,1.5044228989106537e-10,2.3752642475865536e-07,GOOD,1685.121794,15955.3202
510,Alfalfa,Sacramento River,16682.73048,265.9340588,5.738666667,3.537610105,0.306290873,0.200481491,0.157957374,1.86,0.17,739.7198673,484.1807412,381.4811931,50,176.8805053,1348.5616838675783,8.186280870410696,1348.5616838675783,469.2723737,879.2893102,-4.882352941,0.015718504926350428,0.9842773181466484,2.336232576454821e-06,1.840694425152982e-06,2.514101133915702,3.222700320230496e-05,15943052.256516676,16682.72650878462,59016.96123807403,0.003971215,0.034686965,2.3804348948114426e-07,5.877453591802102e-07,GOOD,279.2307617,1277.809482
510,Almonds & Pistachios,Sacramento River,1566.716076,4752.460005,0.866083333,3.61367267,0.287448101,0.299096541,0.094248449,0.4,0.17,2039.310074,2110.873995,639.9084906,50,180.6836335,3934.6619744885966,21.614079550040362,3934.6619744885966,469.2723737,3465.389601,-4.882352941,0.039483912283450114,0.9605121408299664,3.00118256192363e-06,9.457040214555626e-07,0.4509012506836033,0.001595694,178279.8157514528,1566.716054393274,5661.597184516796,2.1606726022582734e-05,0.001880974,1.379109230674846e-08,3.3223370730431284e-07,GOOD,4990.083005,3862.388521
510,Citrus & Subtropical,Sacramento River,61.97170988,2194.145189,2.488266667,2.972946835,0.183365181,0.131883505,0.371008972,0.13,0.17,2549.235389,1743.692937,5418.931559,50,148.6473418,5310.284736939115,34.81893245337676,5310.284736939115,469.2723737,4841.012363,-4.882352941,0.1488380665124255,0.8511478387707809,3.696338159200156e-06,1.0398378634304741e-05,1.6940127492146972,0.12412611669425978,17.79765110774073,61.97170977871605,184.2385700907333,1.0128395189212824e-07,2.8656550938421788e-05,1.6343578721363537e-09,1.5554043036187712e-07,GOOD,2303.852448,5250.8258
510,Corn,Sacramento River,20225.2842,229.5964804,5.475333333,2.826875063,0.234536008,0.556552162,0.088672787,0.3,0.17,423.9938724,1022.014707,159.5840787,50,141.3437532,1114.8937481666012,8.418119486190793,1114.8937481666012,469.2723737,645.6213745,-4.882352941,0.047061162560102385,0.952911607,2.3487873225675827e-05,3.7422102038718804e-06,3.000594626829437,0.00016481,139798.73865372487,20225.28375058054,57174.330361802124,0.000449419,0.021185266,2.2220674563569407e-08,3.705379284240946e-07,GOOD,241.0763044,1058.356247
510,Cucurbits,Sacramento River,1999.493941,202.6283347,12.01,1.97136542,0.087908733,0.228781824,0.653570009,0.05,0.17,920.9338517,2396.72349,6846.813993,50,98.568271,2334.027768,23.284271465251383,2334.027768,469.2723737,1864.755395,-4.882352941,0.4627022836259312,0.5371228037884893,4.5352453378344736e-05,0.00012956,10.344317035693246,0.010002530935401318,0.000384276,1999.4939426130911,3941.731974522618,-1.61E-06,0.001238264,8.067497173517255e-10,3.1414208797848566e-07,GOOD,212.7597514,2294.60046
510,Dry Beans,Sacramento River,614.849885,1378.816395,1.132625,2.293810917,0.272510229,0.483520066,0.106180731,1.68,0.17,521.9411016,903.6303871,214.6292221,50,114.6905459,1446.129162510875,12.871316564933442,1446.129162510875,469.2723737,976.8567888,-4.882352941,0.17962453436059594,0.8203022323646718,6.0046989951783844e-05,1.3186284780640442e-05,0.8094445231866407,0.000968103,556572.5630400156,614.8498857829135,1410.3489407761383,-7.83E-07,0.000437753,1.273340895098202e-09,3.103862510719534e-07,GOOD,1447.757215,1400.252944
510,Grain,Sacramento River,21196.24035,175.6675181,3.056666667,0.78906264,0.351483763,0.486359995,0.112954365,0.74,0.17,345.3012994,477.8051109,110.9675411,50,39.453132000000004,496.55311692788916,12.656879226877027,496.55311692788916,469.2723737,27.28074326,-4.882352941,0.9744887826530918,0.024335890895329938,0.00095381,0.000221517,3.089192106308404,6.37542945841974e-05,112207.53156897088,21196.31855,16725.21751597736,-0.078201055,-0.056147332,3.6893832778657e-06,3.357057704855601e-06,GOOD,184.450894,480.7718641
510,Onions & Garlic,Sacramento River,402.1398921,437.7307492,13.52225,2.113494575,0.178481578,0.383051703,0.272440319,0.41,0.17,887.6914461,1905.136225,1355.002253,50,105.67472874999999,5812.595921019699,52.92752962028115,5812.595921019699,469.2723737,5343.323547,-4.882352941,0.5874935237210887,0.41244022610453607,3.871479936710848e-05,2.7535375008099186e-05,12.171631322458355,0.006065114,76865.62423655992,402.1398926300575,849.9202434949077,-5.30E-07,0.00023685,1.3180922898859624e-09,2.786725735800197e-07,GOOD,459.6172867,5770.32603
510,Other Deciduous,Sacramento River,18712.70347,2073.56392,1.923888889,3.327741402,0.215021845,0.341552948,0.346579073,0.13,0.17,2284.866179,4950.948854,6009.195442,50,166.3870701,3822.016362353285,22.71106772,3822.016362353285,469.2723737,3352.743989,-4.882352941,0.060895837,0.9390931993460486,5.441625759670385e-06,5.521702044859769e-06,1.0940715651580126,0.000411074,3722.0426759105744,18712.703402195184,62271.01776284399,6.780481635360047e-05,0.020317624,3.6234644802823067e-09,3.2627726631813315e-07,GOOD,2177.242116,3755.461534
510,Pasture,Sacramento River,36896.05782,201.9412427,5,4.124241582,0.350906068,0.190014026,0.155066311,0.51,0.17,328.209843,177.7241242,145.0367898,50,206.21207909999998,802.798148,4.647595360243979,802.798148,469.2723737,333.5257743,-4.882352941,0.00384134,0.9961570091997667,9.088083192774322e-07,7.416586893246585e-07,1.6771979420128782,5.314346381641404e-05,884256.8269135497,36896.04846430051,152168.15810952187,0.009355699,0.097763598,2.535690814541766e-07,6.42470388063818e-07,GOOD,212.0383048,720.3133164
510,Potatoes,Sacramento River,218.7230397,208.9970518,24.678,4.38175,0.150675135,0.475005897,0.095288578,0.41,0.17,793.9256634,2502.863999,502.0871398,50,219.0875,4937.820774710401,22.346854333907096,4937.820774710401,469.2723737,4468.548401,-4.882352941,0.016331603828782452,0.9836665100073291,1.5710111338092726e-06,3.151527547517022e-07,10.719517033861571,0.011151200136891215,34962.676014081786,218.72303589965034,958.3893833840585,3.800349645644019e-06,0.000295821,1.7375168390383426e-08,3.08665068982096e-07,GOOD,219.4469044,4850.185775
510,Rice,Sacramento River,4616.803801,511.8800728,4.300666667,4.634225051,0.381523094,0.545092624,0.07948555,0.2,0.17,851.2633133,1216.2235,177.3500304,50,231.71125254999998,1968.7082127744936,9.009193957004213,1968.7082127744936,469.2723737,1499.435839,-4.882352941,0.004739355,0.9952591420968071,1.3119702974382496e-06,1.9131185432357427e-07,1.4702778307708662,0.001083,9331.197503617186,4616.803670207096,21395.299852082877,0.000130793,0.007978063,2.8329751455550564e-08,3.7288845769388003e-07,GOOD,537.4740764,1876.023712
510,Safflower,Sacramento River,6810.6701,564.7150755,1.041333333,2.357007476,0.396694215,0.424242424,0.112947658,0.74,0.17,212.2655769,227.006242,60.43672676,50,117.85037380000001,469.27237366876165,4.71488347,469.27237366876165,469.2723737,0,-4.882352941,0.057132587,0.9428020665763059,5.160669283398915e-05,1.3739444154987332e-05,0.6066965968599992,0.000198417,517.5984844782013,6810.6060564033205,16052.643210920862,0.064043597,0.15713134880752477,9.40342077055924e-06,9.788407346833563e-06,GOOD,592.9508293,422.1322241
510,Sunflowers,Sacramento River,688.5759922,3516.323047,0.646166667,2.873453662,0.386904762,0.388227513,0.177248677,0.74,0.17,734.0697039,736.5793439,336.2917618,50,143.6726831,2127.5056793232743,14.962372224303678,2127.5056793232743,469.2723737,1658.233306,-4.882352941,0.078850534,0.9211285117448744,1.4386039501260379e-05,6.56807254376158e-06,0.3892448439364092,0.00196253,218799.3937383672,688.5759762078579,1978.5905377953106,1.5992142039067403e-05,0.000668557,2.3224948618920792e-08,3.3789549896025256e-07,GOOD,3692.139199,2070.036606
510,Tomato Processing,Sacramento River,4041.70381,100.8352144,44.26533333,2.666779844,0.124471553,0.533148968,0.188806686,0.74,0.17,657.2463564,2815.18314,996.9547547,50,133.3389922,4329.318957411016,31.679720256765336,4329.318957411016,469.2723737,3860.046584,-4.882352941,0.21270324404450092,0.7872612866596919,2.6193324133516575e-05,9.275971673592524e-06,32.44079764365281,0.000334352,2988947.717220238,4041.7037842355394,10778.330777096646,2.5764460588106886e-05,0.003478829,6.3746533143671614e-09,3.2276131701446624e-07,GOOD,105.8769751,4275.983361
510,Truck Crops,Sacramento River,402.7464276,4569.754449,5.564927083,2.662234731,0.139554281,0.396137579,0.419814805,0.33,0.17,7441.94487,27484.23099,27982.75263,50,133.1117366,25296.28305268484,180.65099761431182,25296.28305268484,469.2723737,24827.01068,-4.882352941,0.6145655483185223,0.38541462847437574,9.623989614273268e-06,1.0199217487614718e-05,5.042244147194353,0.007524097,159378.09239643108,402.7464274244106,1072.2052227272682,1.7558937770445482e-07,0.000304616,4.359799756655987e-10,2.8410190110440917e-07,GOOD,4798.242171,25243.03836
510,Vineyard,Sacramento River,50736.38468,1577.240048,10.29948564,2.770934623,0.302297005,0.200476183,0.304083218,0.13,0.17,2773.231975,2743.166444,4105.247296,50,138.5467312,16105.40763765291,111.02119032743552,16105.40763765291,469.2723737,15636.13526,-4.882352941,0.4451409975828957,0.5548450570476661,5.540902478331323e-06,8.404466959724407e-06,8.74149578,0.000151613,47062.381595119085,50736.384661970114,140587.16102531957,1.8029888451565057e-05,0.043930339,3.553640758063776e-10,3.1247750628067406e-07,GOOD,1656.10205,16049.98895
511,Alfalfa,Sacramento River,4542.646173,272.6760507,6.346166667,3.686948918,0.306290873,0.200481491,0.157957374,1.86,0.17,739.7198673,484.1807412,381.4811931,50,184.3474459,1545.4354882035423,8.907767223706475,1545.4354882035423,477.8077808,1067.627707,-4.882352941,0.014146271080081116,0.9858504485703684,1.8347602145548274e-06,1.445589335779417e-06,2.714987616574951,0.000118353,5270776.620871791,4542.643324435136,16748.486169355543,0.002848565,0.018223044,6.270717013881223e-07,1.0880400554371132e-06,GOOD,286.3098532,1471.69651
511,Almonds & Pistachios,Sacramento River,8968.024185,4813.208316,0.968083333,3.61367267,0.287448101,0.299096541,0.094248449,0.4,0.17,2039.310074,2110.873995,639.9084906,50,180.6836335,4478.222322385598,24.46842387509422,4478.222322385598,477.8077808,4000.414542,-4.882352941,0.044694313,0.9553017611654343,2.9849023922875827e-06,9.40573969691927e-07,0.5163974895298151,0.000278768,1178031.1097473055,8968.02387,32407.488848504257,0.000314835,0.015052729268063558,3.510635821869281e-08,4.6448283440584906e-07,GOOD,5053.868732,4405.948869
511,Citrus & Subtropical,Sacramento River,90.25113441,1059.63041,2.276933333,2.972946835,0.183365181,0.131883505,0.371008972,0.13,0.17,2549.235389,1743.692937,5418.931559,50,148.6473418,2263.374201781456,15.387139683386422,2263.374201781456,477.8077808,1785.566421,-4.882352941,0.069364934,0.9306196549829358,4.041465871995818e-06,1.1369276988371303e-05,1.3355791716803165,0.085232255,9.560703385065214,90.25113261648367,268.31173277355964,1.7935163327820192e-06,9.162580948895993e-05,1.9872507359678062e-08,3.41490017050383e-07,GOOD,1112.611931,2203.915265
511,Corn,Sacramento River,3011.952279,232.4338434,5.52225,2.724113614,0.234536008,0.556552162,0.088672787,0.3,0.17,423.9938724,1022.014707,159.5840787,50,136.20568070000002,1146.4723500586501,8.917329056493005,1146.4723500586501,477.8077808,668.6645692,-4.882352941,0.059391919,0.9405746625022605,2.8825763028116608e-05,4.592670587999007e-06,3.1694240971999292,0.001106702,21561.63467469963,3011.951950883785,8204.895550804742,0.000328116,0.004657137,1.0893805243929857e-07,5.676044032179985e-07,GOOD,244.0555356,1091.990078
511,Cucurbits,Sacramento River,313.9772742,202.6283347,12.01,1.97136542,0.087908733,0.228781824,0.653570009,0.05,0.17,920.9338517,2396.72349,6846.813993,50,98.568271,2334.027768,23.284271465251383,2334.027768,477.8077808,1856.219987,-4.882352941,0.4627022836259304,0.5371228037884899,4.5352453378344804e-05,0.00012956,10.344317035693242,0.063698878,6.006598358626993e-05,313.97727292075837,618.9637029369779,1.2792416441698151e-06,0.000238087,4.074312854104697e-09,3.8465368402180487e-07,GOOD,212.7597514,2294.60046
511,Dry Beans,Sacramento River,284.0057639,1367.469895,0.945875,2.293810917,0.272510229,0.483520066,0.106180731,1.68,0.17,521.9411016,903.6303871,214.6292221,50,114.6905459,1177.902830057125,10.660606436830827,1177.902830057125,477.8077808,700.0950492,-4.882352941,0.15135597278409238,0.8485682704633007,6.21160937999989e-05,1.3640658806802136e-05,0.6549159237176193,0.002095866,184269.66119596767,284.0056341294071,651.4549612932528,0.000129771,0.000560431,4.5692943374018595e-07,8.602759097837882e-07,GOOD,1435.84339,1132.026612
511,Grain,Sacramento River,20199.37665,192.2923111,2.67815,0.72458148,0.351483763,0.486359995,0.112954365,0.74,0.17,345.3012994,477.8051109,110.9675411,50,36.229074,477.8077808494651,13.191665366136087,477.8077808494651,477.8077808,0,-4.882352941,0.9833124081313219,0.015455129611490726,0.001000177,0.000232285,2.7098055373452867,6.69006462311475e-05,1360.1616304831946,20199.392306301612,14636.099092279415,-0.015656302,-0.004864145,7.750883546938381e-07,3.323390037048133e-07,GOOD,201.9069267,463.3161512
511,Onions & Garlic,Sacramento River,14.18800314,437.7307492,13.52225,2.113494575,0.178481578,0.383051703,0.272440319,0.41,0.17,887.6914461,1905.136225,1355.002253,50,105.67472874999999,5812.595921019699,52.92752962028115,5812.595921019699,477.8077808,5334.78814,-4.882352941,0.5874935237210884,0.4124402261045364,3.871479936710852e-05,2.7535375008099213e-05,12.171631322458355,0.17190751694772338,2707.5844132370303,14.188002957505804,29.98628517972113,1.8249419575511183e-07,-1.75E-05,1.2862570860349545e-08,5.840422810210138e-07,GOOD,459.6172867,5770.32603
511,Other Deciduous,Sacramento River,15717.03551,2248.933707,1.722722222,3.327741402,0.215021845,0.341552948,0.346579073,0.13,0.17,2284.866179,4950.948854,6009.195442,50,166.3870701,3706.997848887737,22.056268902912826,3706.997848887737,477.8077808,3229.190068,-4.882352941,0.059171791868170766,0.9408172246771035,5.45161571663986e-06,5.531839009116892e-06,0.9741858559200728,0.000489425,3010.9928779369493,15717.035309855322,52302.20654285879,0.000200145,0.023240472393808886,1.2734251140260552e-08,4.4434955240121843e-07,GOOD,2361.380392,3640.443021
511,Pasture,Sacramento River,11917.05215,206.5137973,5,4.124241582,0.350906068,0.190014026,0.155066311,0.51,0.17,328.209843,177.7241242,145.0367898,50,206.21207909999998,825.660921,4.7528308399275065,825.660921,477.8077808,347.8531401,-4.882352941,0.003950258,0.9960480921556957,9.087089526968141e-07,7.415775984209107e-07,1.6848694937361535,0.000164536,297861.9454467953,11917.044937088524,49148.74689771785,0.007212911,0.055114175,6.052597056074245e-07,1.1213737139305858e-06,GOOD,216.8394872,743.1760894
511,Rice,Sacramento River,54766.94089,552.9129016,4.3535,4.534377778,0.381523094,0.545092624,0.07948555,0.2,0.17,851.2633133,1216.2235,177.3500304,50,226.71888889999997,2179.381326947601,10.066889036137518,2179.381326947601,477.8077808,1701.573546,-4.882352941,0.005956281,0.994042013,1.4894852825508383e-06,2.17197136207183e-07,1.555734267121687,9.129595187802353e-05,125609.98396032883,54766.93790932382,248333.87285287466,0.002980676,0.1268877808470279,5.442473384281371e-08,5.109561356058436e-07,GOOD,580.5585467,2088.693771
511,Safflower,Sacramento River,261.7399336,577.3547758,1.078,2.357007476,0.396694215,0.424242424,0.112947658,0.74,0.17,212.2655769,227.006242,60.43672676,50,117.85037380000001,503.6041902153999,4.990146949191048,503.6041902153999,477.8077808,25.79640937,-4.882352941,0.061053881,0.9388810445023695,5.139206561907461e-05,1.3682303143395196e-05,0.6348586897018668,0.005162954,1313.421838168198,261.73846820581304,616.9192485439861,0.001465394,0.003731719,5.598664929656417e-06,6.04892195119728e-06,GOOD,606.2225146,456.4640407
511,Sunflowers,Sacramento River,417.6073916,3502.540671,0.58725,2.873453662,0.386904762,0.388227513,0.177248677,0.74,0.17,734.0697039,736.5793439,336.2917618,50,143.6726831,1912.2419449927502,13.544823463591825,1912.2419449927502,477.8077808,1434.434164,-4.882352941,0.071443675,0.9285352019776826,1.4501716018602057e-05,6.620885672589933e-06,0.3471842300715041,0.003235937,114792.41878501847,417.60733538021555,1199.9748257451436,5.6219784482891555e-05,0.000662926,1.3462353783416976e-07,5.52449738348865e-07,GOOD,3677.667705,1854.772872
511,Tomato Processing,Sacramento River,300.6240857,102.4202958,40.905,2.666779844,0.124471553,0.533148968,0.188806686,0.74,0.17,657.2463564,2815.18314,996.9547547,50,133.3389922,4055.3167802919993,29.73498993097966,4055.3167802919993,477.8077808,3577.508999,-4.882352941,0.201960369,0.7980036775348573,2.6550739048907635e-05,9.402544788710989e-06,29.673887365537013,0.004495153,206047.28794893716,300.62407103348613,801.6979017263903,1.4666513891370414e-05,0.000350639,4.878688897205156e-08,4.373706657946905e-07,GOOD,107.5413106,4001.981183
511,Truck Crops,Sacramento River,511.4193475,4569.754449,5.564927083,2.662234731,0.139554281,0.396137579,0.419814805,0.33,0.17,7441.94487,27484.23099,27982.75263,50,133.1117366,25296.28305268484,180.65099761431182,25296.28305268484,477.8077808,24818.47527,-4.882352941,0.6145655483185222,0.38541462847437596,9.623989614273265e-06,1.0199217487614715e-05,5.042244147194352,0.00592528,202313.44631725337,511.4193458996827,1361.5178087708891,1.600317318661837e-06,0.000540249,3.129168512072838e-09,3.967988895153768e-07,GOOD,4798.242171,25243.03836
511,Vineyard,Sacramento River,80.57640281,1598.652889,10.22870375,2.770934623,0.302297005,0.200476183,0.304083218,0.13,0.17,2773.231975,2743.166444,4105.247296,50,138.5467312,16212.793213106634,111.75509304509247,16212.793213106634,477.8077808,15734.98543,-4.882352941,0.44678294494691273,0.5532031509510027,5.524505753796014e-06,8.37959633077116e-06,8.687869272667111,0.09546601,75.21407733029424,80.57640264465509,223.27188100456627,1.6534491464881285e-07,6.333845723816012e-05,2.0520265100279777e-09,2.836830100823155e-07,GOOD,1678.585533,16157.37452
601,Alfalfa,San Joaquin River,68.96354348,281.2592654,6.716,4.134965358,0.306290873,0.200481491,0.157957374,1.86,0.17,739.7198673,484.1807412,381.4811931,50,206.74826789999997,1681.524229,8.673457571022627,1681.524229,359.4387264,1322.085502,-4.882352941,0.007889805,0.9921085138163145,9.404989304513561e-07,7.410097588704827e-07,2.551052746121459,0.007795922,99083.42284789431,68.96324736296252,285.15975790076124,0.000296117,0.002105354,4.293819930595212e-06,7.38301377837187e-06,GOOD,295.3222287,1598.824922
601,Almonds & Pistachios,San Joaquin River,347.6394954,4837.609664,1.075111111,3.753630493,0.287448101,0.299096541,0.094248449,0.4,0.17,2039.310074,2110.873995,639.9084906,50,187.6815247,5012.6055827063765,26.29667558636475,5012.6055827063765,359.4387264,4653.166856,-4.882352941,0.040195125,0.9598017215138731,2.398260372158163e-06,7.557169321261714e-07,0.5608379402814586,0.007191358,53116.36554835695,347.63941365870613,1304.9060953850667,8.174129385452034e-05,0.00411512,2.3513235675499814e-07,3.1535652595278867e-06,GOOD,5079.490147,4937.532973
601,Citrus & Subtropical,San Joaquin River,26.01542055,1043.88613,3.565,3.247465856,0.183365181,0.131883505,0.371008972,0.13,0.17,2549.235389,1743.692937,5418.931559,50,162.3732928,3558.394503,21.735874689410316,3558.394503,359.4387264,3198.955777,-4.882352941,0.065156151,0.9348346411485683,2.414734732892094e-06,6.793027307721236e-06,2.0564381260001006,0.29568261937275087,4.937198049702323,26.015418104157934,84.48395564535646,2.4458420675443904e-06,0.00023432,9.401508858346671e-08,2.773539633535154e-06,GOOD,1096.080437,3493.445186
601,Corn,San Joaquin River,214.2460672,694.3579627,10.536,2.415829265,0.234536008,0.556552162,0.088672787,0.3,0.17,423.9938724,1022.014707,159.5840787,50,120.7914633,7194.084271,57.26404276057488,7194.084271,359.4387264,6834.645544,-4.882352941,0.4453358663143672,0.5546241935857641,3.445116151634172e-05,5.488938352271042e-06,8.957960840177169,0.015558434172897309,15671.72273314441,214.2460519497448,517.5804156311921,1.5250255188448136e-05,0.001503422,7.11810274408068e-08,2.9047029450514766e-06,GOOD,729.0758608,7145.767686
601,Cucurbits,San Joaquin River,11.99504263,202.6283347,12.01,2.299627126,0.087908733,0.228781824,0.653570009,0.05,0.17,920.9338517,2396.72349,6846.813993,50,114.98135629999999,2317.614683,19.988355944304576,2317.614683,359.4387264,1958.175957,-4.882352941,0.25686356232816066,0.7430386494414293,2.5355157525906334e-05,7.243307288433464e-05,9.182858544434767,1.6673554748341897,2.420769128418974e-06,11.995042163269531,27.584066124927215,4.667304693839469e-07,5.928454716652709e-05,3.891028016996276e-08,2.1492270023600055e-06,GOOD,212.7597514,2271.62214
601,Dry Beans,San Joaquin River,173.6421719,1568.397301,1.239666667,2.212101358,0.272510229,0.483520066,0.106180731,1.68,0.17,521.9411016,903.6303871,214.6292221,50,110.6050679,1832.8225757364658,16.612091380802052,1832.8225757364658,359.4387264,1473.383849,-4.882352941,0.2556647035218117,0.7442530499648536,6.743731695490758e-05,1.480919637976468e-05,0.9489054505620441,0.003427958,237056.62308994046,173.64188444903604,384.1123195950344,0.000287451,0.001764671,1.655421380689096e-06,4.59413256968271e-06,GOOD,1646.817166,1788.580549
601,Grain,San Joaquin River,411.9040655,165.2669729,2.321833333,0.466656841,0.351483763,0.486359995,0.112954365,0.74,0.17,345.3012994,477.8051109,110.9675411,50,23.33284205,359.4387263502277,15.049221215425245,359.4387263502277,359.4387264,0,-4.882352941,0.9967748891189034,0.00156475,0.001347428,0.000312933,2.3511050665251236,0.003280743,27.73630667128218,411.9048689893352,192.21766976300114,-0.000803489,0.000180238,1.9506710482468015e-06,9.376771508684954e-07,GOOD,173.5303215,350.1055895
601,Onions & Garlic,San Joaquin River,34.60035632,659.1955182,5.8525,1.480822037,0.178481578,0.383051703,0.272440319,0.41,0.17,887.6914461,1905.136225,1355.002253,50,74.04110185,3783.066695,49.07147318802086,3783.066695,359.4387264,3423.627968,-4.882352941,0.8824270292316002,0.11742007983728389,8.93453002807022e-05,6.354563083518074e-05,5.727360916311589,0.070491308,4237.588680291405,34.60035282710218,51.236840158954315,3.4928978251969056e-06,0.000129968,1.0094976458892448e-07,2.536601083013098e-06,GOOD,692.1552941,3753.450254
601,Other Deciduous,San Joaquin River,592.0629546,3191.985676,2.1485,3.445837194,0.215021845,0.341552948,0.346579073,0.13,0.17,2284.866179,4950.948854,6009.195442,50,172.2918597,6684.786211,37.71130909538959,6684.786211,359.4387264,6325.347485,-4.882352941,0.084566219,0.9154250760788682,4.320693501340182e-06,4.384274699369904e-06,1.3021980307469387,0.012992381354960206,222.16907567732696,592.0629244332881,2040.1465460266124,3.0166711894707987e-05,0.006004124,5.0951865270963847e-08,2.942977769307207e-06,GOOD,3351.58496,6615.869467
601,Tomato Processing,San Joaquin River,61.64926513,102.0185065,42.19266667,2.379660861,0.124471553,0.533148968,0.188806686,0.74,0.17,657.2463564,2815.18314,996.9547547,50,118.9830431,4184.603368668729,34.21078168670662,4184.603368668729,359.4387264,3825.164642,-4.882352941,0.3378999252095715,0.6620417797779915,4.304963268608047e-05,1.5245379750929447e-05,33.980711381157384,0.021919991,45179.29538181511,61.64924615034844,146.70389440230826,1.8979651564166033e-05,0.000448937,3.0786500900121974e-07,3.0601477407625297e-06,GOOD,107.1194318,4137.010151
601,Truck Crops,San Joaquin River,27.19107642,4418.633269,3.085,2.667732673,0.139554281,0.396137579,0.419814805,0.41,0.17,7441.94487,27484.23099,27982.75263,50,133.38663365000002,13497.141494549998,96.63658280341203,13497.141494549998,359.4387264,13137.70277,-4.882352941,0.45666769444094574,0.5433046985845366,1.3402939023709198e-05,1.420403549410637e-05,2.6327815177386276,0.089699442,12778.487972165258,27.19107487,72.53833433797543,1.553721503455563e-06,0.000188642,5.714086045938018e-08,2.6005726434548233e-06,GOOD,4639.564932,13443.78684
601,Vineyard,San Joaquin River,1703.099706,1654.801722,10.37616146,3.098484515,0.302297005,0.200476183,0.304083218,0.13,0.17,2773.231975,2743.166444,4105.247296,50,154.9242258,17014.75876960203,105.00695976339331,17014.75876960203,359.4387264,16655.32004,-4.882352941,0.3052094845909203,0.6947814648206555,3.596063055352076e-06,5.4545253687435346e-06,8.152322054424912,0.004516651,1682.741894204349,1703.0996768874134,5277.012926743766,2.9112586616975022e-05,0.015139798286327277,1.7093882709515907e-08,2.869000902670607e-06,GOOD,1737.541808,16952.78908
602,Alfalfa,San Joaquin River,38190.69117,260.8234594,5.115333333,4.134965358,0.306290873,0.200481491,0.157957374,1.86,0.17,739.7198673,484.1807412,381.4811931,50,206.74826789999997,1126.785938259192,6.126258564823052,1126.785938259192,359.4387264,767.3472119,-4.882352941,0.005301212,0.9946971023261747,9.429528603299911e-07,7.42943185830128e-07,1.8104535876251002,1.407762970847931e-05,31852537.924320176,38190.65719758948,157916.98077959742,0.033972411,0.2042064290435519,8.895468890653288e-07,1.2931235385282572e-06,GOOD,273.8646324,1044.086631
602,Almonds & Pistachios,San Joaquin River,4311.107219,4899.650521,1.406305556,3.753630493,0.287448101,0.299096541,0.094248449,0.4,0.17,2039.310074,2110.873995,639.9084906,50,187.6815247,6702.043432399594,34.83866237,6702.043432399594,359.4387264,6342.604706,-4.882352941,0.053023346,0.9469735426657494,2.3662065507398318e-06,7.456164376734432e-07,0.7749749779870417,0.000579897,897842.0426326928,4311.107129592148,16182.297527742943,8.940785210143076e-05,0.005988088,2.0738953489115426e-08,3.700392767352863e-07,GOOD,5144.633047,6626.970823
602,Citrus & Subtropical,San Joaquin River,31.6879679,1043.88613,3.565,3.247465856,0.183365181,0.131883505,0.371008972,0.13,0.17,2549.235389,1743.692937,5418.931559,50,162.3732928,3558.394503,21.735874689410316,3558.394503,359.4387264,3198.955777,-4.882352941,0.065156151,0.9348346411485683,2.4147347328920927e-06,6.793027307721233e-06,2.0564381260001006,0.24275168785145393,6.013732240623328,31.68796754247249,102.90557953046695,3.57527511596345e-07,1.4270807071170566e-05,1.1282752896134591e-08,1.3867863294904661e-07,GOOD,1096.080437,3493.445186
602,Corn,San Joaquin River,48965.90992,379.7694232,18.684,2.415829265,0.234536008,0.556552162,0.088672787,0.3,0.17,423.9938724,1022.014707,159.5840787,50,120.7914633,6973.940678861801,55.540869799035846,6973.940678861801,359.4387264,6614.501953,-4.882352941,0.43767296904629166,0.5622865390660755,3.49271174966057e-05,5.564770136137734e-06,15.830911998877845,6.80745714473457e-05,3466405.4502024436,48965.90948779426,118293.23609252657,0.000432206,0.042079563238075934,8.826666070576983e-09,3.557223528530484e-07,GOOD,398.7578944,6925.624094
602,Cucurbits,San Joaquin River,5718.171981,202.6283347,12.01,2.299627126,0.087908733,0.228781824,0.653570009,0.05,0.17,920.9338517,2396.72349,6846.813993,50,114.98135629999999,2317.614683,19.988355944304576,2317.614683,359.4387264,1958.175957,-4.882352941,0.25686356232816077,0.7430386494414289,2.5355157525906348e-05,7.243307288433468e-05,9.182858544434765,0.003497621,0.001154008,5718.171954287996,13149.658652004935,2.6712004000728484e-05,0.004746636,4.671423680414918e-09,3.6097013870969143e-07,GOOD,212.7597514,2271.62214
602,Dry Beans,San Joaquin River,4363.86967,1568.397301,1.239666667,2.212101358,0.272510229,0.483520066,0.106180731,1.68,0.17,521.9411016,903.6303871,214.6292221,50,110.6050679,1832.8225757364658,16.612091380802052,1832.8225757364658,359.4387264,1473.383849,-4.882352941,0.25566470352181175,0.7442530499648535,6.743731695490759e-05,1.4809196379764685e-05,0.9489054505620441,0.000136401,5957563.167,4363.868803501312,9653.316638105158,0.000866499,0.005385037,1.9856199969489095e-07,5.578428690354858e-07,GOOD,1646.817166,1788.580549
602,Grain,San Joaquin River,20998.68256,165.2669729,2.321833333,0.466656841,0.351483763,0.486359995,0.112954365,0.74,0.17,345.3012994,477.8051109,110.9675411,50,23.33284205,359.4387263502277,15.049221215425245,359.4387263502277,359.4387264,0,-4.882352941,0.9967748891189034,0.00156475,0.001347428,0.000312933,2.351105066525123,6.435410161995189e-05,1413.984342373685,20998.725645314054,9799.195439,-0.043085314,-0.016570342,2.0518103423967613e-06,1.6909928675900824e-06,GOOD,173.5303215,350.1055895
602,Onions & Garlic,San Joaquin River,1735.476541,659.1955182,5.8525,1.480822037,0.178481578,0.383051703,0.272440319,0.41,0.17,887.6914461,1905.136225,1355.002253,50,74.04110185,3783.066695,49.07147318802086,3783.066695,359.4387264,3423.627968,-4.882352941,0.8824270292316002,0.11742007983728385,8.93453002807022e-05,6.354563083518075e-05,5.727360916,0.001405392,212547.97716640626,1735.4765200540924,2569.931004641013,2.0945907635905314e-05,0.000901968,1.2069254260179201e-08,3.5096973536123596e-07,GOOD,692.1552941,3753.450254
602,Other Deciduous,San Joaquin River,922.9231213,3217.887036,2.109388889,3.445837194,0.215021845,0.341552948,0.346579073,0.13,0.17,2284.866179,4950.948854,6009.195442,50,172.2918597,6614.580146229544,37.325253413086195,6614.580146229544,359.4387264,6255.14142,-4.882352941,0.083752484,0.9162388030936446,4.324534192529971e-06,4.388171908280062e-06,1.2760334517362495,0.008334722,342.47916521588814,922.9231155849274,3180.2417087519148,5.715072688872169e-06,0.001109826,6.192360508665229e-09,3.4897530241104365e-07,GOOD,3378.781388,6545.663402
602,Pasture,San Joaquin River,15034.81987,268.0468839,5,4.600187047,0.350906068,0.190014026,0.155066311,0.51,0.17,328.209843,177.7241242,145.0367898,50,230.00935235000003,1109.529081,5.532657977250556,1109.529081,359.4387264,750.0903544,-4.882352941,0.002795186,0.9972039453536444,4.785422487657086e-07,3.90527913838017e-07,1.5585521908765458,0.000130416,809892.3596163983,15034.815641783312,69162.93571081299,0.004228217,0.047909139,2.812282902925935e-07,6.926991394238235e-07,GOOD,281.4492281,1017.52534
602,Potatoes,San Joaquin River,1200.422757,733.033091,17.108,3.305132031,0.150675135,0.475005897,0.095288578,0.41,0.17,793.9256634,2502.863999,502.0871398,50,165.2566016,12374.75255,71.95883403,12374.75255,359.4387264,12015.31382,-4.882352941,0.17934057345957388,0.8206511616727072,6.883918881395148e-06,1.3809488375162096e-06,12.06485995007851,0.002031805,515945.4743464672,1200.4227453730857,3967.5543176199863,1.1626914329099236e-05,0.001387282,9.68568303233128e-09,3.496566012880474e-07,GOOD,769.6847456,12308.64991
602,Rice,San Joaquin River,4122.956178,579.2835722,4.702,4.833919598,0.381523094,0.545092624,0.07948555,0.2,0.17,851.2633133,1216.2235,177.3500304,50,241.69597989999997,2481.089275,10.68835913434123,2481.089275,359.4387264,2121.650549,-4.882352941,0.004660358,0.9953384695008336,1.0237180712786961e-06,1.49278838784152e-07,1.595944858,0.001212722,11790.120625850524,4122.956008084528,19930.030412061504,0.000169915,0.008258468,4.121204916789785e-08,4.1437289750033553e-07,GOOD,608.2477508,2384.410883
602,Safflower,San Joaquin River,3354.30397,569.0539316,1.175666667,2.40565496,0.396694215,0.424242424,0.112947658,0.74,0.17,212.2655769,227.006242,60.43672676,50,120.28274800000001,547.8011068,5.256372326610524,547.8011068,359.4387264,188.3623805,-4.882352941,0.059016513937345985,0.940925655,4.567203458674317e-05,1.2159437743236258e-05,0.6859190023573016,0.000402871,121299.08940814374,3354.3014242145628,8069.288529453643,0.002545785,0.009453325,7.589608634002192e-07,1.1715175927917338e-06,GOOD,597.5066282,499.6880076
602,Sunflowers,San Joaquin River,276.2144979,3639.713227,0.60825,2.945560199,0.386904762,0.388227513,0.177248677,0.74,0.17,734.0697039,736.5793439,336.2917618,50,147.27801,2065.6251794207496,14.224032357115025,2065.6251794207496,359.4387264,1706.186453,-4.882352941,0.067021588,0.932960068,1.2594129870037264e-05,5.74996048111172e-06,0.3546632642846686,0.004892398,90306.43874,276.21446822906813,813.6060708189102,2.9670931894543173e-05,0.000360582,1.0741989330800862e-07,4.431898335309665e-07,GOOD,3821.698888,2006.713975
602,Tomato Processing,San Joaquin River,15569.95568,101.3138638,42.74733333,2.379660861,0.124471553,0.533148968,0.188806686,0.74,0.17,657.2463564,2815.18314,996.9547547,50,118.9830431,4211.068036551819,34.42111763786193,4211.068036551819,359.4387264,3851.62931,-4.882352941,0.33931176007330455,0.6606300692201361,4.295783542670645e-05,1.5212871132575917e-05,34.45560361187987,8.679224136053234e-05,11489289.66021294,15569.95510869006,37051.19980461112,0.00057131,0.01433459,3.6693099945580544e-08,3.868858241882929e-07,GOOD,106.379557,4163.474819
602,Truck Crops,San Joaquin River,3002.976307,5520.08248,3.84325,2.667732673,0.139554281,0.396137579,0.419814805,0.33,0.17,7441.94487,27484.23099,27982.75263,50,133.38663365000002,21080.71485,150.39820070438768,21080.71485,359.4387264,20721.27612,-4.882352941,0.56761129,0.4323667401829489,1.0666178793685326e-05,1.1303698532388266e-05,3.4267942168349372,0.0010091,991839.4631,3002.9762964837782,8011.135254550361,1.0516221664147452e-05,0.002755878,3.5019329455360407e-09,3.44005859606237e-07,GOOD,5796.086604,21027.3602
602,Vineyard,San Joaquin River,1966.041494,1654.801722,10.37616146,3.098484515,0.302297005,0.200476183,0.304083218,0.13,0.17,2773.231975,2743.166444,4105.247296,50,154.9242258,17014.75876960203,105.00695976339331,17014.75876960203,359.4387264,16655.32004,-4.882352941,0.30520948459092023,0.6947814648206557,3.596063055352075e-06,5.454525368743533e-06,8.152322054424912,0.003912587,1942.5406369589894,1966.041489962401,6091.747037964393,4.0375989556196146e-06,0.002087042,2.053669247542145e-09,3.426014483269496e-07,GOOD,1737.541808,16952.78908
603,Alfalfa,San Joaquin River,9486.349595,280.5004532,6.2415,3.985626545,0.306290873,0.200481491,0.157957374,1.86,0.17,739.7198673,484.1807412,381.4811931,50,199.2813273,1550.797522,8.339123371197552,1550.797522,456.4196297,1094.377892,-4.882352941,0.009024021,0.990973893,1.166362466475858e-06,9.189653938511937e-07,2.439412505921435,5.6674530410045515e-05,11282601.668044526,9486.343329566022,37809.005513810924,0.006265434,0.041247171073337086,6.604683830561215e-07,1.0909339062179994e-06,GOOD,294.5254759,1471.084991
603,Almonds & Pistachios,San Joaquin River,1100.650224,4795.22863,1.16484375,3.753630493,0.287448101,0.299096541,0.094248449,0.4,0.17,2039.310074,2110.873995,639.9084906,50,187.6815247,5397.3297817355615,28.241884179408412,5397.3297817355615,456.4196297,4940.910152,-4.882352941,0.043146876,0.9568499801772851,2.390884844361408e-06,7.53392826159996e-07,0.6162056200703381,0.002271385,178568.69908283066,1100.6501916878644,4131.432503860149,3.2312135544998455e-05,0.001739074,2.9357315194621226e-08,4.2093699883345154e-07,GOOD,5034.990062,5322.257172
603,Citrus & Subtropical,San Joaquin River,11.10171003,1043.384079,2.62156,3.247465856,0.183365181,0.131883505,0.371008972,0.13,0.17,2549.235389,1743.692937,5418.931559,50,162.3732928,2572.234416,15.976015297480929,2572.234416,456.4196297,2115.814786,-4.882352941,0.047966034888575725,0.9520245880350114,2.4591374111585554e-06,6.917939001702122e-06,1.4251173099435872,0.6928939480062868,1.3935473570231898,11.101709821929308,36.052423968415866,2.0807069134320955e-07,2.972218666741355e-07,1.8742219962595218e-08,8.244157576871285e-09,GOOD,1095.553283,2507.285099
603,Corn,Sacramento River,24616.48374,142.217485,15.932,2.518590715,0.234536008,0.556552162,0.088672787,0.3,0.17,423.9938724,1022.014707,159.5840787,50,125.92953575000001,2138.999674,17.01699608601499,2138.999674,456.4196297,1682.580045,-4.882352941,0.15743970483316927,0.8425128090033097,4.0960175228496285e-05,6.525988292754359e-06,11.039187927360722,0.000135411,443338.3143078515,24616.482757183003,61998.819856304006,0.000982817,0.027527208,3.9925157760921734e-08,4.4399548751014353e-07,GOOD,149.3283593,2088.62786
603,Cotton,San Joaquin River,65.19424293,3322.553112,0.723,3.634047537,0.148539114,0.445240339,0.078228087,0.68,0.17,378.6944542,1135.122209,199.4393382,50,181.70237684999998,2219.8315155860005,12.544607898123942,2219.8315155860005,456.4196297,1763.411886,-4.882352941,0.021944463549639547,0.9780503619742341,4.401192870777839e-06,7.732832554486681e-07,0.3360678919239154,0.022557026,17965.534719494302,65.19423415435523,236.91886346483196,8.77564477264059e-06,0.000114482,1.3460766439243916e-07,4.83209556258537e-07,GOOD,3488.680768,2147.150565
603,Cucurbits,San Joaquin River,3610.15731,202.6283347,12.01,2.299627126,0.087908733,0.228781824,0.653570009,0.05,0.17,920.9338517,2396.72349,6846.813993,50,114.98135629999999,2317.614683,19.988355944304576,2317.614683,456.4196297,1861.195053,-4.882352941,0.2568635623281612,0.7430386494414284,2.535515752590633e-05,7.243307288433462e-05,9.182858544434769,0.005539925,0.000692499,3610.157290665751,8302.012322310751,1.933424891831237e-05,0.003356892,5.3555142499628e-09,4.0434667541328135e-07,GOOD,212.7597514,2271.62214
603,Dry Beans,San Joaquin River,1057.980906,1562.724051,1.146291667,2.212101358,0.272510229,0.483520066,0.106180731,1.68,0.17,521.9411016,903.6303871,214.6292221,50,110.6050679,1679.870278555783,15.30526074977446,1679.870278555783,456.4196297,1223.450649,-4.882352941,0.23944005738833052,0.7604759033302357,6.890728164550024e-05,1.5131999788282e-05,0.8666486175246654,0.000562617,1199393.4437275436,1057.9806307192944,2340.3594525496105,0.000275281,0.001546351,2.601943986659813e-07,6.607318531803868e-07,GOOD,1640.860254,1635.628251
603,Grain,San Joaquin River,21216.9711,176.1090479,2.744833333,0.520391141,0.351483763,0.486359995,0.112954365,0.74,0.17,345.3012994,477.8051109,110.9675411,50,26.019557049999996,456.41962974581367,17.06953472638252,456.41962974581367,456.4196297,0,-4.882352941,0.9963536793858143,0.002339038,0.001060896,0.000246387,2.774785345414632,6.3692001322062e-05,1428.683196780274,21216.99141,11041.129925358677,-0.020305753,-0.006126066,9.570523947970116e-07,5.548407720416034e-07,GOOD,184.9145003,446.0118069
603,Lettuce,San Joaquin River,99.02341852,961.6863134,15.09063889,3.326092372,0.164570286,0.334656366,0.457537993,0.25,0.17,2859.243032,5814.317411,7949.261967,50,166.3046186,14345.199497729769,82.63348686390368,14345.199497729769,456.4196297,13888.77987,-4.882352941,0.19619379554409755,0.80379537,4.57691434927912e-06,6.257499985827461e-06,10.835927008610032,0.040394485,6297.515378620573,99.02341795932483,329.3609221882341,5.606751756204176e-07,0.000114801,5.662046251283242e-09,3.4855519805249793e-07,GOOD,1009.770629,14278.67765
603,Onions & Garlic,San Joaquin River,1196.836168,659.1955182,5.8525,1.480822037,0.178481578,0.383051703,0.272440319,0.41,0.17,887.6914461,1905.136225,1355.002253,50,74.04110185,3783.066695,49.07147318802086,3783.066695,456.4196297,3326.647065,-4.882352941,0.8824270292316004,0.11742007983728374,8.93453002807021e-05,6.354563083518066e-05,5.727360916,0.002037893,142427.4686006859,1196.8361521584623,1772.3006732141719,1.5841537788219284e-05,0.000699039,1.3236179029157886e-08,3.9442437576690394e-07,GOOD,692.1552941,3753.450254
603,Other Deciduous,San Joaquin River,964.1593638,3005.689104,2.004433333,3.445837194,0.215021845,0.341552948,0.346579073,0.13,0.17,2284.866179,4950.948854,6009.195442,50,172.2918597,5851.5084151265055,33.12920315136226,5851.5084151265055,456.4196297,5395.088785,-4.882352941,0.074813754,0.9251774483107759,4.366723495958143e-06,4.430982048723211e-06,1.1856394995460655,0.007978253,308.58960781536746,964.1593561781663,3322.3348790496043,7.621833788107324e-06,0.001317676,7.905159742542681e-09,3.966112202217828e-07,GOOD,3155.973559,5782.591671
603,Pasture,San Joaquin River,22170.79463,225.3574432,5,4.494421388,0.350906068,0.190014026,0.155066311,0.51,0.17,328.209843,177.7241242,145.0367898,50,224.7210694,901.3701601949999,4.760645453701105,901.3701601949999,456.4196297,444.9505304,-4.882352941,0.002604424,0.9973945796310363,5.488138709064785e-07,4.4787505521880716e-07,1.546956952500763,8.843996556949254e-05,708675.9974721452,22170.783308882535,99644.79518276636,0.011321117464831332,0.098391261,5.106320117869104e-07,9.874190001667458e-07,GOOD,236.6253154,811.4817324
603,Potatoes,San Joaquin River,290.4688455,733.033091,17.108,3.305132031,0.150675135,0.475005897,0.095288578,0.41,0.17,793.9256634,2502.863999,502.0871398,50,165.2566016,12374.75255,71.95883403,12374.75255,456.4196297,11918.33292,-4.882352941,0.17934057345957372,0.8206511616727072,6.88391888139515e-06,1.3809488375162096e-06,12.064859950078509,0.008396854,123836.76102331578,290.4688423798203,960.0375178,3.120179712823301e-06,0.000367479,1.0741873908894995e-08,3.8277522663578217e-07,GOOD,769.6847456,12308.64991
603,Rice,San Joaquin River,282.5940542,525.2489619,4.582,4.833919598,0.381523094,0.545092624,0.07948555,0.2,0.17,851.2633133,1216.2235,177.3500304,50,241.69597989999997,2163.988662,9.444032829383481,2163.988662,456.4196297,1707.569033,-4.882352941,0.004067245,0.9959315814181543,1.0243280943077026e-06,1.493677925029116e-07,1.5164691102392318,0.017693224,650.4230147789643,282.5940381852566,1366.0362953204187,1.601474343715381e-05,0.000641555,5.6670489697634306e-08,4.6964706307897885e-07,GOOD,551.51141,2067.31027
603,Safflower,San Joaquin River,662.696933,580.9760541,1.149,2.40565496,0.396694215,0.424242424,0.112947658,0.74,0.17,212.2655769,227.006242,60.43672676,50,120.28274800000001,546.3248539,5.244773627978844,546.3248539,456.4196297,89.90522412,-4.882352941,0.058866942705980696,0.9410752166292596,4.567929424916368e-05,1.2161370510498275e-05,0.6700794484530412,0.002039169,11464.608314314466,662.6957857267658,1594.2166785974755,0.001147273,0.003485251,1.7312185660835806e-06,2.1861790744029764e-06,GOOD,610.0248568,498.2117547
603,Sunflowers,San Joaquin River,40.05833006,3639.713227,0.60825,2.945560199,0.386904762,0.388227513,0.177248677,0.74,0.17,734.0697039,736.5793439,336.2917618,50,147.27801,2065.6251794207496,14.224032357115025,2065.6251794207496,456.4196297,1609.20555,-4.882352941,0.067021588,0.9329600677172015,1.259412987003726e-05,5.749960481111719e-06,0.35466326428466877,0.03373459,12352.53385314959,40.05832505622095,117.99417478679372,5.003779051548918e-06,4.787634756553416e-05,1.249123227067673e-07,4.057516248250148e-07,GOOD,3821.698888,2006.713975
603,Tomato Processing,San Joaquin River,2168.815799,103.8700557,39.244,2.379660861,0.124471553,0.533148968,0.188806686,0.74,0.17,657.2463564,2815.18314,996.9547547,50,118.9830431,3956.4469956337994,32.397439915464865,3956.4469956337994,456.4196297,3500.027366,-4.882352941,0.32547331671040375,0.6744672941686934,4.3857608627772106e-05,1.553151227499827e-05,31.37460946069315,0.000623083,1454309.4881647227,2168.815703,5161.043828856427,9.553434983899933e-05,0.002242742,4.404908424359893e-08,4.345518882003544e-07,GOOD,109.0635585,3908.853778
603,Truck Crops,San Joaquin River,1230.93691,5275.831841,4.157485417,2.667182879,0.139554281,0.396137579,0.419814805,0.33,0.17,7441.94487,27484.23099,27982.75263,50,133.359144,21799.879290886765,155.52814544106812,21799.879290886765,456.4196297,21343.45966,-4.882352941,0.5761210314392278,0.4238574049404647,1.046894464753669e-05,1.1094675660047413e-05,3.7181348280914603,0.002461786,418768.0183878706,1230.9369054202232,3283.1325921718435,4.579776714308537e-06,0.001259309,3.720561693375932e-09,3.835692897969848e-07,GOOD,5539.623433,21746.53563
603,Vineyard,San Joaquin River,2297.698244,1674.212224,10.46371175,3.011137877,0.302297005,0.200476183,0.304083218,0.13,0.17,2773.231975,2743.166444,4105.247296,50,150.5568939,17367.11037000643,110.2262664521636,17367.11037000643,456.4196297,16910.69074,-4.882352941,0.346624195,0.6533657345129017,4.001165685899382e-06,6.068986945543857e-06,8.437433270915276,0.003347832,2305.041089520593,2297.6982390672542,6918.683547079333,4.932745923724724e-06,0.002665345,2.146820600401139e-09,3.852386671885914e-07,GOOD,1757.922835,17306.88761
604,Citrus & Subtropical,San Joaquin River,2.43658537,914.9462715,2.059,3.247465856,0.183365181,0.131883505,0.371008972,0.13,0.17,2549.235389,1743.692937,5418.931559,50,162.3732928,1720.8148225605003,11.003133913358607,1720.8148225605003,714.2946612,1006.520161,-4.882352941,0.032607899,0.967382572,2.498808018291322e-06,7.0295386378426975e-06,1.0403986198320132,3.1570031516308794,0.14551232858359647,2.436586609244718,7.9126704272299895,-1.24E-06,5.736707413639408e-05,5.085989324290884e-07,7.249974424456888e-06,GOOD,960.6935851,1655.865505
604,Other Deciduous,San Joaquin River,12.62672737,1547.558299,1.132,3.445837194,0.215021845,0.341552948,0.346579073,0.13,0.17,2284.866179,4950.948854,6009.195442,50,172.2918597,1578.640981,9.633159745623265,1578.640981,714.2946612,864.3463197,-4.882352941,0.02135195,0.9786387438778343,4.619054220083853e-06,4.687025947535957e-06,0.5259334722913489,0.6092083456703076,0.647594549,12.626733744444142,43.50921624345215,-6.37E-06,0.000430567,5.048373941655556e-07,9.89588799757403e-06,GOOD,1624.936214,1509.724237
604,Pasture,San Joaquin River,129.749422,189,5,4.600187047,0.350906068,0.190014026,0.155066311,0.51,0.17,328.209843,177.7241242,145.0367898,50,230.00935235000003,714.2946612,3.901080074075635,714.2946612,714.2946612,0,-4.882352941,0.001801598,0.9981975322991838,4.790190552740241e-07,3.9091702525185176e-07,1.4512051905851766,0.015112085152298328,3.268200398145707,129.74941578537812,596.8638120685395,6.214621890876515e-06,0.007798372,4.78971065541742e-08,1.3065408809960144e-05,GOOD,198.45,622.2909203
604,Vineyard,San Joaquin River,1.80585985,1781.816966,10.4185572,3.098484515,0.302297005,0.200476183,0.304083218,0.13,0.17,2773.231975,2743.166444,4105.247296,50,154.9242258,18408.230898045455,113.5288058485175,18408.230898045455,714.2946612,17693.93624,-4.882352941,0.32215265577833624,0.6778385143410149,3.5083694115899693e-06,5.321511237118099e-06,8.275553131007152,4.259637143108138,1.8955379705572106,1.8058599080280553,5.595395869227992,-5.80E-08,3.2912257231565434e-05,3.213319973296515e-08,5.881990195366112e-06,GOOD,1870.907814,18346.26121
605,Almonds & Pistachios,San Joaquin River,92.66829985,4617.615517,1.502,3.753630493,0.287448101,0.299096541,0.094248449,0.4,0.17,2039.310074,2110.873995,639.9084906,50,187.6815247,6747.2961887930005,35.06746536706125,6747.2961887930005,6747.296189,0,-4.882352941,0.053362244381728215,0.9466346449089259,2.3653597455693635e-06,7.453496005055677e-07,0.8287592008295919,0.026977942,0.8746099739742592,92.66829828805375,347.8343065318531,1.5619462487848068e-06,0.00824952,1.6855237997385217e-08,2.371624584375381e-05,GOOD,4848.496293,6672.223579
605,Other Deciduous,San Joaquin River,41.1504138,5279.67179,2.043333333,3.445837194,0.215021845,0.341552948,0.346579073,0.13,0.17,2284.866179,4950.948854,6009.195442,50,172.2918597,10614.934342240775,59.32277551614883,10614.934342240775,6747.296189,3867.638153,-4.882352941,0.12792320376862326,0.8720685035498774,4.1160558241981e-06,4.1766256749358474e-06,1.3454360658696392,0.18693147849482117,9.441929535015266,41.15041669878604,141.7943333158431,-2.90E-06,0.003293105,7.044366674384449e-08,2.3223976105444015e-05,GOOD,5543.65538,10546.0176
606,Alfalfa,San Joaquin River,33695.57651,274.2657929,7.1912,4.212878474,0.306290873,0.200481491,0.157957374,1.86,0.17,739.7198673,484.1807412,381.4811931,50,210.64392370000002,1760.9915164644801,8.889276816786744,1760.9915164644801,601.3490489,1159.642468,-4.882352941,0.007406954,0.9925915386819103,8.431039677963138e-07,6.642732358873285e-07,2.6948051161550213,1.5955637632215436e-05,42465181.33529202,33695.56802137867,141955.29360227965,0.008488621,0.075345719,2.519209406424458e-07,5.307704806528226e-07,GOOD,287.9790825,1676.733947
606,Almonds & Pistachios,San Joaquin River,258614.0645,4778.022051,1.26235,3.756457953,0.287448101,0.299096541,0.094248449,0.4,0.17,2039.310074,2110.873995,639.9084906,50,187.8228977,5843.032445,30.473250189527747,5843.032445,601.3490489,5241.683396,-4.882352941,0.046347692,0.9536491880037601,2.372355893415067e-06,7.475541598803691e-07,0.6772930735625081,9.666914306588302e-06,44511325.52925385,258614.0620601801,971472.6002159661,0.00243982,0.25913271389435977,9.434212022978067e-09,2.6674210339555366e-07,GOOD,5016.923154,5767.903286
606,Citrus & Subtropical,San Joaquin River,1815.392293,820.4193129,8.003666667,3.247465856,0.183365181,0.131883505,0.371008972,0.13,0.17,2549.235389,1743.692937,5418.931559,50,162.3732928,6403.303157162773,38.35211585,6403.303157162773,601.3490489,5801.954108,-4.882352941,0.11144046255494575,0.8885507855612081,2.2951807190168218e-06,6.456703126874371e-06,5.132621680367226,0.00423727,624.8489874484802,1815.3922894899122,5895.423006888446,3.5100879358651582e-06,0.001479875,1.9335148383078204e-09,2.510208730216277e-07,GOOD,861.4402785,6338.35384
606,Corn,San Joaquin River,36794.06614,65.47230098,25.174,2.415829265,0.234536008,0.556552162,0.088672787,0.3,0.17,423.9938724,1022.014707,159.5840787,50,120.7914633,1526.528481,12.901275670309902,1526.528481,601.3490489,925.1794318,-4.882352941,0.14558264429879939,0.8543558310551245,5.3069359520388486e-05,8.455286555831995e-06,17.232519002222997,9.059431813407435e-05,364407.0887795389,36794.065837974085,88888.15715491168,0.000302026,0.024604446,8.208549611946025e-09,2.7680221861874644e-07,GOOD,68.74591603,1478.211895
606,Cotton,San Joaquin River,44443.40255,3682.370931,0.803,3.634047537,0.148539114,0.445240339,0.078228087,0.68,0.17,378.6944542,1135.122209,199.4393382,50,181.70237684999998,2774.5694732030006,15.441516179208795,2774.5694732030006,601.3490489,2173.220424,-4.882352941,0.027278454991558856,0.9727163987521965,4.377190220384217e-06,7.690660243068536e-07,0.38904447757794236,3.3089010987393844e-05,15093199.711201312,44443.400955645026,161509.38891261446,0.001594355,0.048660113,3.5873827877052465e-08,3.012834003770385e-07,GOOD,3866.489478,2701.888522
606,Cucurbits,San Joaquin River,8988.142073,454.7292141,15.44733333,2.299627126,0.087908733,0.228781824,0.653570009,0.05,0.17,920.9338517,2396.72349,6846.813993,50,114.98135629999999,6908.402128225635,57.69527748235066,6908.402128225635,601.3490489,6307.053079,-4.882352941,0.5074594619883608,0.4924757253269479,1.6805047224308657e-05,4.8007637467025506e-05,13.48942677698433,0.002225154,0.005842286,8988.142071803106,20669.370119712396,1.1968950275331736e-06,0.0052037,1.3316378599850971e-10,2.5175895242968476e-07,GOOD,477.4656748,6862.409586
606,Dry Beans,San Joaquin River,5301.274619,1608.447195,1.278888889,2.212101358,0.272510229,0.483520066,0.106180731,1.68,0.17,521.9411016,903.6303871,214.6292221,50,110.6050679,1945.557967302716,17.575307139017365,1945.557967302716,601.3490489,1344.208918,-4.882352941,0.2671870046536702,0.7327320220079987,6.639338812719306e-05,1.4579950203994386e-05,0.9871355219847623,0.000112282,6602915.988,5301.274550258206,11726.953581588183,6.874179416627157e-05,0.003202233,1.2967031347498578e-08,2.7306595459075104e-07,GOOD,1688.869555,1901.31594
606,Grain,San Joaquin River,26610.79157,214.7932149,3.38625,0.466656841,0.351483763,0.486359995,0.112954365,0.74,0.17,345.3012994,477.8051109,110.9675411,50,23.33284205,703.0598837821251,28.525711677390696,703.0598837821251,601.3490489,101.7108349,-4.882352941,0.9983477742915622,0.000801622,0.000690288,0.000160315,3.408379870222504,5.078208018715285e-05,520319.9868945211,26610.814263506134,12418.115360786687,-0.022693506,-0.007430221,8.527933516403173e-07,5.983376129059886e-07,GOOD,225.5328756,693.726747
606,Lettuce,San Joaquin River,1031.061203,786.0637345,12.864,3.326092372,0.164570286,0.334656366,0.457537993,0.25,0.17,2859.243032,5814.317411,7949.261967,50,166.3046186,9944.662497363002,57.576970302289006,9944.662497363002,601.3490489,9343.313449,-4.882352941,0.1447198114857773,0.8552686602877873,4.870009892639057e-06,6.658216542542089e-06,8.687967087049442,0.003879498,44111.83199618333,1031.0612004604682,3429.4039629498425,2.5395318061782746e-06,0.000839414,2.463027217772517e-09,2.4476947153970766e-07,GOOD,825.3669212,9878.14065
606,Onions & Garlic,San Joaquin River,2137.693582,1863.443795,6.58975,1.480822037,0.178481578,0.383051703,0.272440319,0.41,0.17,887.6914461,1905.136225,1355.002253,50,74.04110185,12204.75367265125,156.19195642494927,12204.75367265125,601.3490489,11603.40462,-4.882352941,0.9603373588191328,0.039611064,3.0140180715606778e-05,2.1436794000828545e-05,6.543524653752456,0.001140961,887292.0558875517,2137.6935852672705,3165.5430133474824,-3.27E-06,0.000751232,1.5284092225143196e-09,2.3731517871389863e-07,GOOD,1956.615985,12175.13723
606,Other Deciduous,San Joaquin River,6012.887008,2722.514149,3.2887,3.445837194,0.215021845,0.341552948,0.346579073,0.13,0.17,2284.866179,4950.948854,6009.195442,50,172.2918597,8780.337268250298,49.234521399661034,8780.337268250298,601.3490489,8178.988219,-4.882352941,0.10820678292899061,0.8917847369037304,4.209114014921684e-06,4.2710532641716965e-06,2.0939017787860372,0.001279304,2917.4982966574166,6012.886998,20719.42443336034,9.63830007094657e-06,0.005262125,1.6029404939961531e-09,2.5397057320652416e-07,GOOD,2858.639856,8711.420524
606,Pasture,San Joaquin River,13580.32351,202.2268042,5,4.600187047,0.350906068,0.190014026,0.155066311,0.51,0.17,328.209843,177.7241242,145.0367898,50,230.00935235000003,780.4286822450001,4.174089715918598,780.4286822450001,601.3490489,179.0796334,-4.882352941,0.001967991,0.9980311388782521,4.789392057284989e-07,3.9085186177565857e-07,1.4714006803329602,0.000144384,174911.69448033188,13580.31634949242,62471.975250963245,0.007160508,0.053053808,5.272707660938659e-07,8.49241008699712e-07,GOOD,212.3381444,688.4249413
606,Rice,San Joaquin River,2000.559108,645.1882193,4.402033333,4.833919598,0.381523094,0.545092624,0.07948555,0.2,0.17,851.2633133,1216.2235,177.3500304,50,241.69597989999997,2597.4379662495144,11.144920019793442,2597.4379662495144,601.3490489,1996.088917,-4.882352941,0.004877802,0.9951210254810356,1.0234944273832987e-06,1.4924622697242102e-07,1.5069188978143562,0.002499301,5382.349041979415,2000.5590673894444,9670.539088616248,4.0610555515741e-05,0.002790502,2.0299602922675053e-08,2.885569788978755e-07,GOOD,677.4476303,2500.759574
606,Safflower,San Joaquin River,52.20934812,574.3765351,1.258,2.40565496,0.396694215,0.424242424,0.112947658,0.74,0.17,212.2655769,227.006242,60.43672676,50,120.28274800000001,601.3490488587998,5.677090499353722,601.3490488587998,601.3490489,0,-4.882352941,0.064409939,0.9355325610163853,4.541025667152017e-05,1.2089743623157968e-05,0.74474407,0.025883322,3.9678150704299764,52.206996028369105,125.59202666906148,0.002352092,0.005650594,4.5051158759742426e-05,4.498963919026372e-05,GOOD,603.0953619,553.2359497
606,Tomato Processing,San Joaquin River,34832.162,95.8398186,50.32533333,2.33979718,0.124471553,0.533148968,0.188806686,0.74,0.17,657.2463564,2815.18314,996.9547547,50,116.98985900000001,4705.334531124733,38.982016188435665,4705.334531124733,601.3490489,4103.985482,-4.882352941,0.38793051055896094,0.61200997,4.3954213870001976e-05,1.5565723568145986e-05,41.663272845205626,3.879608022468865e-05,27387141.38209796,34832.16187599008,81500.17334,0.00012401,0.021077384,3.5602129851404627e-09,2.586175897835365e-07,GOOD,100.6318095,4658.538588
606,Truck Crops,San Joaquin River,2217.593991,1517.618416,13.47127778,2.667732673,0.139554281,0.396137579,0.419814805,0.41,0.17,7441.94487,27484.23099,27982.75263,50,133.38663365000002,20309.917105664597,144.9338461167507,20309.917105664597,601.3490489,19708.56806,-4.882352941,0.5584472742959845,0.44153029019866813,1.0892237030290628e-05,1.1543268317104645e-05,11.972137518962539,0.001099852,1563396.7524977906,2217.5939889801025,5915.946493131087,2.019897692662198e-06,0.001452108,9.108509947537091e-10,2.4545653469064584e-07,GOOD,1593.499337,20256.56245
606,Vineyard,San Joaquin River,11667.71018,1577.798267,10.6811207,3.098484515,0.302297005,0.200476183,0.304083218,0.13,0.17,2773.231975,2743.166444,4105.247296,50,154.9242258,16696.922647921823,103.0632176145804,16696.922647921823,601.3490489,16095.5736,-4.882352941,0.3012256184221381,0.6987652790941798,3.6166825566683686e-06,5.4858011253944546e-06,8.369664162548181,0.000659282,11140.811245712277,11667.710172896412,36152.210236728984,7.103588359314017e-06,0.009081509,6.088245465241764e-10,2.5120197454675425e-07,GOOD,1656.68818,16634.95296
607,Alfalfa,San Joaquin River,5184.306367,280.5479948,6.891,4.134965358,0.306290873,0.200481491,0.157957374,1.86,0.17,739.7198673,484.1807412,381.4811931,50,206.74826789999997,1725.8432345288002,8.876957724707722,1725.8432345288002,544.4715375,1181.371697,-4.882352941,0.008096031,0.9919022880513122,9.40303432571119e-07,7.408557280338664e-07,2.629876937681276,0.000103704,6655965.944476841,5184.303431413071,21436.907075516156,0.002935587,0.020157288,5.662448785595848e-07,9.403067639742451e-07,GOOD,294.5753945,1643.143927
607,Almonds & Pistachios,San Joaquin River,77065.98482,4787.88596,1.331875,3.753630493,0.287448101,0.299096541,0.094248449,0.4,0.17,2039.310074,2110.873995,639.9084906,50,187.6815247,6188.503295233999,32.24214597975583,6188.503295233999,544.4715375,5644.031758,-4.882352941,0.049160361301505806,0.9508365141815042,2.3758589730030444e-06,7.486580169052166e-07,0.7230094298511495,3.2439733377042436e-05,14282297.84929138,77065.98306,289277.1242056372,0.001759626,0.10638778994325548,2.2832724417039803e-08,3.6777104691236904e-07,GOOD,5027.280258,6113.430685
607,Citrus & Subtropical,San Joaquin River,446.1121728,913.505926,3.87,3.247465856,0.183365181,0.131883505,0.371008972,0.13,0.17,2549.235389,1743.692937,5418.931559,50,162.3732928,3372.2083831620002,20.648418520018495,3372.2083831620002,544.4715375,2827.736846,-4.882352941,0.061958372717114886,0.9380323880242663,2.4229947075526995e-06,6.816263911173484e-06,2.2105754552109356,0.017242989905492424,74.83896865969724,446.1121672153631,1448.73354,5.584636880939797e-06,0.000508932,1.2518458857305131e-08,3.5129449208535965e-07,GOOD,959.1812223,3307.259066
607,Corn,San Joaquin River,22450.69011,64.15208484,26.962,2.415829265,0.234536008,0.556552162,0.088672787,0.3,0.17,423.9938724,1022.014707,159.5840787,50,120.7914633,1607.997287,13.538972382174098,1607.997287,544.4715375,1063.52575,-4.882352941,0.15216890123906035,0.8477700483762117,5.26602755579384e-05,8.390109169875757e-06,18.610236426969905,0.000148474,255591.52510456735,22450.688904252514,54237.011767952994,0.001205747,0.022419231077947188,5.370647758112573e-08,4.133565084066624e-07,GOOD,67.35968908,1559.680702
607,Cucurbits,San Joaquin River,1482.551484,354.9045387,12.802,2.299627126,0.087908733,0.228781824,0.653570009,0.05,0.17,920.9338517,2396.72349,6846.813993,50,114.98135629999999,4427.536287571399,37.31842172205409,4427.536287571399,544.4715375,3883.06475,-4.882352941,0.39770235123231945,0.6022183933062775,2.0549862700624584e-05,5.87055987026136e-05,10.655096929480775,0.013490256639208893,0.0005933,1482.5514805832447,3409.3144464937204,3.416755362195545e-06,0.001161804,2.304645335470552e-09,3.407734477978636e-07,GOOD,372.6497656,4381.543745
607,Dry Beans,San Joaquin River,153.1339401,1752.304957,1.253333333,2.212101358,0.272510229,0.483520066,0.106180731,1.68,0.17,521.9411016,903.6303871,214.6292221,50,110.6050679,2084.7549332632316,18.764611662168267,2084.7549332632316,544.4715375,1540.283396,-4.882352941,0.2809309275124653,0.7189896178058357,6.514817876198116e-05,1.4306502936872607e-05,0.9766766267140433,0.003887042,218549.3815009801,153.13391165943202,338.74763223422855,2.8440567973575526e-05,0.000164617,1.8572347811989411e-07,4.859570265204734e-07,GOOD,1839.920205,2040.512906
607,Grain,San Joaquin River,4516.605285,184.2122033,3.0875,0.466656841,0.351483763,0.486359995,0.112954365,0.74,0.17,345.3012994,477.8051109,110.9675411,50,23.33284205,544.4715375,22.30602965370374,544.4715375,544.4715375,0,-4.882352941,0.9978678660225956,0.001034463,0.00089079,0.000206881,3.1134440421336045,0.000299196,304.13380150989036,4516.6198089339305,2107.7108136563925,-0.014523934,-0.006059314,3.2156748297370525e-06,2.87484021448311e-06,GOOD,193.4228135,535.1384007
607,Lettuce,San Joaquin River,4.25446108,898.0447685,10.48,3.326092372,0.164570286,0.334656366,0.457537993,0.25,0.17,2859.243032,5814.317411,7949.261967,50,166.3046186,9244.247790635001,53.58883142340538,9244.247790635001,544.4715375,8699.776253,-4.882352941,0.13591249230606275,0.8640758607546274,4.920159226282984e-06,6.726780083525886e-06,6.989233993788998,0.9401895856572274,169.48174804920777,4.254461046042852,14.150742759340424,3.395714731624366e-08,-1.22E-05,7.98153906634014e-09,8.631484787682174e-07,GOOD,942.9470069,9177.725943
607,Onions & Garlic,San Joaquin River,212.5921458,922.4792266,5.725375,1.480822037,0.178481578,0.383051703,0.272440319,0.41,0.17,887.6914461,1905.136225,1355.002253,50,74.04110185,5206.664426544974,67.17906580683912,5206.664426544974,544.4715375,4662.192889,-4.882352941,0.911735222,0.088149999,6.707360593879376e-05,4.770519085368814e-05,5.634447075661808,0.011472786922892534,35455.45814898324,212.59214396215648,314.8110418465111,1.8378435129307036e-06,9.254724591301056e-05,8.644926678804442e-09,2.93977041476732e-07,GOOD,968.6031879,5177.047986
607,Other Deciduous,San Joaquin River,12282.48074,3217.693175,2.229333333,3.445837194,0.215021845,0.341552948,0.346579073,0.13,0.17,2284.866179,4950.948854,6009.195442,50,172.2918597,7000.115636828103,39.445272056538606,7000.115636828103,544.4715375,6455.644099,-4.882352941,0.088203341,0.9117879882574169,4.303526895219601e-06,4.366855477926595e-06,1.3625778470523637,0.000626283,4703.885100905703,12282.480667810874,42323.41421646298,7.218912651296705e-05,0.014752017668797635,5.877406042076728e-09,3.485544065860978e-07,GOOD,3378.577834,6931.198893
607,Pasture,San Joaquin River,21808.86322,263.6327213,5,4.600187047,0.350906068,0.190014026,0.155066311,0.51,0.17,328.209843,177.7241242,145.0367898,50,230.00935235000003,1087.458268,5.441546856813573,1087.458268,544.4715375,542.9867302,-4.882352941,0.002739753,0.9972593774222875,4.785688497302409e-07,3.9054962230620703e-07,1.553278212113958,8.990768083351252e-05,850580.0381414486,21808.854917895704,100324.77122960472,0.008302104,0.078864834,3.806757010593351e-07,7.860947105392851e-07,GOOD,276.8143574,995.4545268
607,Potatoes,San Joaquin River,265.7172883,733.033091,17.108,3.305132031,0.150675135,0.475005897,0.095288578,0.41,0.17,793.9256634,2502.863999,502.0871398,50,165.2566016,12374.75255,71.95883403,12374.75255,544.4715375,11830.28101,-4.882352941,0.1793405734595729,0.8206511616727081,6.883918881395157e-06,1.3809488375162109e-06,12.064859950078498,0.00917902,112447.40220204524,265.7172857401283,878.2304313637061,2.5598716888453055e-06,0.000289387,9.633816848059809e-09,3.295114582163783e-07,GOOD,769.6847456,12308.64991
607,Rice,San Joaquin River,391.2631554,579.2835722,4.702,4.833919598,0.381523094,0.545092624,0.07948555,0.2,0.17,851.2633133,1216.2235,177.3500304,50,241.69597989999997,2481.089275,10.68835913434123,2481.089275,544.4715375,1936.617738,-4.882352941,0.004660358,0.9953384695008335,1.0237180712786955e-06,1.4927883878415189e-07,1.595944858,0.012779123030095563,1021.306260722203,391.26313808690566,1891.3338746886736,1.731309436081574e-05,0.000760175,4.424923257370361e-08,4.019250173194322e-07,GOOD,608.2477508,2384.410883
607,Safflower,San Joaquin River,26.95222553,574.3765351,1.258,2.40565496,0.396694215,0.424242424,0.112947658,0.74,0.17,212.2655769,227.006242,60.43672676,50,120.28274800000001,601.3490488587998,5.677090499353722,601.3490488587998,544.4715375,56.87751134,-4.882352941,0.064409939,0.9355325610163852,4.5410256671520186e-05,1.2089743623157972e-05,0.7447440700240079,0.050138767,295.73381833349106,26.952159690942434,64.83759080793376,6.583905756585295e-05,0.000164221,2.4428059750601587e-06,2.5328043713291113e-06,GOOD,603.0953619,553.2359497
607,Tomato Processing,San Joaquin River,269.5892689,100.6092211,43.302,2.379660861,0.124471553,0.533148968,0.188806686,0.74,0.17,657.2463564,2815.18314,996.9547547,50,118.9830431,4236.751022,34.62524093000922,4236.751022,544.4715375,3692.279484,-4.882352941,0.3406761487495646,0.6592658006723249,4.2869123110259975e-05,1.5181455000348419e-05,34.93018198169165,0.00501263,190703.6885940018,269.58925880538334,641.5308041998235,1.0094616641254106e-05,0.000227547,3.744443049399919e-08,3.546938490992798e-07,GOOD,105.6396822,4189.157805
607,Truck Crops,San Joaquin River,1611.140897,5162.294432,7.961375,2.667732673,0.139554281,0.396137579,0.419814805,0.33,0.17,7441.94487,27484.23099,27982.75263,50,133.38663365000002,40964.61969,291.35957132393327,40964.61969,544.4715375,40420.14816,-4.882352941,0.7183837912652671,0.28160189968036836,6.94691781648449e-06,7.362136548217916e-06,7.444886179580134,0.001880843,1038013.4422966095,1611.140894168813,4298.091777202843,2.831186975527089e-06,0.001434531,1.757255979783554e-09,3.3375976596576737e-07,GOOD,5420.409154,40911.26504
607,Vineyard,San Joaquin River,5616.566506,1659.513824,10.98011384,3.098484515,0.302297005,0.200476183,0.304083218,0.13,0.17,2773.231975,2743.166444,4105.247296,50,154.9242258,18065.919624417722,111.43538472618982,18065.919624417722,544.4715375,17521.44809,-4.882352941,0.3180675331195519,0.6819235837855385,3.52951299133672e-06,5.353581918399134e-06,8.699117934508303,0.001369575,5838.011729736715,5616.566495262764,17402.83845281482,1.0737236152635887e-05,0.005893494,1.9117081834899734e-09,3.3865118355920314e-07,GOOD,1742.489515,18003.94993
608,Alfalfa,San Joaquin River,9325.289857,280.7140207,6.91,4.134965358,0.306290873,0.200481491,0.157957374,1.86,0.17,739.7198673,484.1807412,381.4811931,50,206.74826789999997,1732.320885,8.906701238254156,1732.320885,776.8363539,955.4845315,-4.882352941,0.008126166,0.9918721533443583,9.402748654746118e-07,7.408332203024816e-07,2.638919056812662,5.7653372371967284e-05,9683814.979391517,9325.283057181154,38559.707327157455,0.006799819,0.043184846312215086,7.291804276671994e-07,1.1199462065702814e-06,GOOD,294.7497217,1649.621578
608,Almonds & Pistachios,San Joaquin River,86010.27736,4806.11968,1.097,3.753630493,0.287448101,0.299096541,0.094248449,0.4,0.17,2039.310074,2110.873995,639.9084906,50,187.6815247,5083.950971218999,26.657405852771163,5083.950971218999,776.8363539,4307.114617,-4.882352941,0.040743888268745095,0.9592529595572218,2.3968891784783803e-06,7.55284854653239e-07,0.5737883333015997,2.9066293898066788e-05,12164367.905004976,86010.27468047907,322850.67269553256,0.002679521,0.12711435096571222,3.1153497106964026e-08,3.9372475162076655e-07,GOOD,5046.425664,5008.878361
608,Citrus & Subtropical,San Joaquin River,243.3127013,882.8087925,5.980333333,3.247465856,0.183365181,0.131883505,0.371008972,0.13,0.17,2549.235389,1743.692937,5418.931559,50,162.3732928,5116.431298,30.835890987148996,5116.431298,776.8363539,4339.594944,-4.882352941,0.091084808,0.90890624,2.347760094915385e-06,6.604617152972842e-06,3.684574276012703,0.031614903994770176,62.63958815327006,243.3126992347748,790.1494227796312,2.0652251748742856e-06,0.000267023,8.487946432060289e-09,3.379400751550451e-07,GOOD,926.9492321,5051.481981
608,Corn,San Joaquin River,51102.0453,65.84758713,26.516,2.415829265,0.234536008,0.556552162,0.088672787,0.3,0.17,423.9938724,1022.014707,159.5840787,50,120.7914633,1624.3433961320798,13.666921474880098,1624.3433961320798,776.8363539,847.5070422,-4.882352941,0.15347817300099317,0.8464608708919539,5.257895439401274e-05,8.377152658806857e-06,18.331880247309822,6.522896126299144e-05,463633.43576398474,51102.04172180923,123453.76153298376,0.003578191,0.055004112,7.002050003131087e-08,4.4554403824589106e-07,GOOD,69.13996649,1576.026811
608,Cucurbits,San Joaquin River,496.5994065,507.1807426,13.594,2.299627126,0.087908733,0.228781824,0.653570009,0.05,0.17,920.9338517,2396.72349,6846.813993,50,114.98135629999999,6778.6633980383995,56.62965460656784,6778.6633980383995,776.8363539,6001.827044,-4.882352941,0.5027204427895096,0.49721412092523554,1.6966738365011717e-05,4.846954688988471e-05,11.848973275968397,0.04027391,0.000307168,496.5994057310003,1141.9930824445141,7.689997119086911e-07,0.000383498,1.5485312745912256e-09,3.35814869341527e-07,GOOD,532.5397797,6732.670856
608,Dry Beans,San Joaquin River,318.3596086,1536.518314,1.291666667,2.212101358,0.272510229,0.483520066,0.106180731,1.68,0.17,521.9411016,903.6303871,214.6292221,50,110.6050679,1873.2022105028395,16.95709661808899,1873.2022105028395,776.8363539,1096.365857,-4.882352941,0.25983318405895856,0.7400850300305986,6.705964959916879e-05,1.4726260843626703e-05,0.9917389586640426,0.001869704,323431.3098644365,318.3595223413068,704.2432963199551,8.625869321576829e-05,0.000426196,2.70947352885294e-07,6.05183177061383e-07,GOOD,1613.34423,1828.960183
608,Grain,San Joaquin River,4921.676054,195.9686874,4.088,0.466656841,0.351483763,0.486359995,0.112954365,0.74,0.17,345.3012994,477.8051109,110.9675411,50,23.33284205,776.8363539,31.41915369806529,776.8363539,776.8363539,0,-4.882352941,0.9985043813120612,0.00072564,0.000624859,0.00014512,4.1122124343898765,0.000274571,331.40997577857115,4921.7033974808965,2296.745757208582,-0.027343481,-0.011957424,5.55572544736376e-06,5.20627318585545e-06,GOOD,205.7671218,767.5032171
608,Onions & Garlic,San Joaquin River,13.33504136,2038.966268,6.505,1.480822037,0.178481578,0.383051703,0.272440319,0.41,0.17,887.6914461,1905.136225,1355.002253,50,74.04110185,13188.6005,168.70609375017392,13188.6005,776.8363539,12411.76414,-4.882352941,0.9631871642885786,0.036764964600466646,2.7974574762595906e-05,1.9896536192167713e-05,6.4626897311550335,0.18290339897707694,5920.564942332222,13.33504131567485,19.746840272267377,4.4325149772816985e-08,-1.72E-05,3.3239604269826567e-09,8.691055178692722e-07,GOOD,2140.914581,13158.98406
608,Other Deciduous,San Joaquin River,6690.36543,3082.465282,2.8919,3.445837194,0.215021845,0.341552948,0.346579073,0.13,0.17,2284.866179,4950.948854,6009.195442,50,172.2918597,8740.986335449797,49.018134806964255,8740.986335449797,776.8363539,7964.149982,-4.882352941,0.10777410722808448,0.892217408,4.211156171468447e-06,4.273125472088631e-06,1.8397832425437826,0.001149759,3160.949544,6690.365396822067,23053.90173,3.3177932891703676e-05,0.008311578,4.959061390418502e-09,3.605278968756275e-07,GOOD,3236.588546,8672.069592
608,Pasture,San Joaquin River,9716.179815,231.3223247,5,4.600187047,0.350906068,0.190014026,0.155066311,0.51,0.17,328.209843,177.7241242,145.0367898,50,230.00935235000003,925.9062847,4.774639743788486,925.9062847,776.8363539,149.0699308,-4.882352941,0.002333819,0.9976653118936255,4.787636512005629e-07,3.9070859554632044e-07,1.5123609356121328,0.000201806,104212.32292560913,9716.165801751464,44696.16058538931,0.014013248535775347,0.083945897,1.442259077393922e-06,1.8781420547140494e-06,GOOD,242.8884409,833.9025438
608,Potatoes,San Joaquin River,3811.784755,949.0738881,15.985,3.305132031,0.150675135,0.475005897,0.095288578,0.41,0.17,793.9256634,2502.863999,502.0871398,50,165.2566016,15004.968530118498,87.05103945958787,15004.968530118498,776.8363539,14228.13218,-4.882352941,0.2094737188868612,0.79051832,6.631153700061415e-06,1.3302428676549476e-06,11.631735845958433,0.000639864,1940036.4146879558,3811.784723219117,12598.447353593054,3.178088309141458e-05,0.004535435,8.337533500475574e-09,3.599993850896734e-07,GOOD,996.5275825,14938.86589
608,Truck Crops,San Joaquin River,493.3746368,4406.761774,10.94045833,2.667732673,0.139554281,0.396137579,0.419814805,0.33,0.17,7441.94487,27484.23099,27982.75263,50,133.38663365000002,48077.65141836888,341.7854162062722,48077.65141836888,776.8363539,47300.81506,-4.882352941,0.7496163029741252,0.2503709749103799,6.176473199611596e-06,6.545642295356857e-06,10.319248874306961,0.006141992,371977.59371584904,493.3746360298421,1316.191199068092,7.701578965679801e-07,0.000439553,1.5610001794238566e-09,3.3395803739536076e-07,GOOD,4627.099863,48024.29676
608,Vineyard,San Joaquin River,8319.692409,1564.999586,10.97812427,3.098484515,0.302297005,0.200476183,0.304083218,0.13,0.17,2773.231975,2743.166444,4105.247296,50,154.9242258,17025.02885545055,105.06976696928974,17025.02885545055,776.8363539,16248.1925,-4.882352941,0.3053374558579474,0.6946534952206278,3.5954007078742435e-06,5.4535207169715414e-06,8.626001963,0.00092459,8019.309484071356,8319.692391155342,25778.42897004886,1.7844657122623175e-05,0.009128801,2.1448698155378134e-09,3.5412543806032344e-07,GOOD,1643.249565,16963.05917
609,Alfalfa,San Joaquin River,33553.78892,287.507506,7.11825,4.134965358,0.306290873,0.200481491,0.157957374,1.86,0.17,739.7198673,484.1807412,381.4811931,50,206.74826789999997,1839.1373069464998,9.397171586987476,1839.1373069464998,504.4652792,1334.672028,-4.882352941,0.008622824,0.9913754961299436,9.398040444177886e-07,7.40462265071708e-07,2.7481786130761905,1.602306105829048e-05,48667279.26745071,33553.78984128335,138743.73498997788,-0.000921283,0.019823866,2.7456909740212447e-08,1.4288114351494006e-07,GOOD,301.8828813,1756.438
609,Almonds & Pistachios,San Joaquin River,429984.3014,4938.269533,1.1035,3.753630493,0.287448101,0.299096541,0.094248449,0.4,0.17,2039.310074,2110.873995,639.9084906,50,187.6815247,5261.018111924499,27.552677126361836,5261.018111924499,504.4652792,4756.552833,-4.882352941,0.042103119,0.9578937329407513,2.393492873535396e-06,7.542146434360277e-07,0.5809377699962084,5.814165754098853e-06,67157567.29616882,429984.3027339696,1614001.9341137342,-0.00133397,0.25113260839134455,3.1023681158851233e-09,1.5559620097603188e-07,GOOD,5185.18301,5185.945502
609,Citrus & Subtropical,San Joaquin River,22848.46492,1009.312716,4.677555556,3.247465856,0.183365181,0.131883505,0.371008972,0.13,0.17,2549.235389,1743.692937,5418.931559,50,162.3732928,4558.056752,27.57459607741978,4558.056752,504.4652792,4053.591473,-4.882352941,0.081959433,0.918031525,2.371331261381365e-06,6.670926538967579e-06,2.822448703635401,0.000336666,5494.563771,22848.464963749204,74199.59807242115,-4.37E-05,0.011617292606388219,1.914754689815492e-09,1.5656810938722114e-07,GOOD,1059.778352,4493.107435
609,Corn,San Joaquin River,68117.27049,66.5596776,26.711,2.415829265,0.234536008,0.556552162,0.088672787,0.3,0.17,423.9938724,1022.014707,159.5840787,50,120.7914633,1656.204324,13.91631274371153,1656.204324,504.4652792,1151.739045,-4.882352941,0.15601854546377777,0.8439206813555994,5.242116740777748e-05,8.352013214964737e-06,18.523811421242588,4.893521583227099e-05,839793.9431,68117.27221408533,164559.67262775495,-0.001724085,0.022873908,2.5310546379615118e-08,1.390006700143e-07,GOOD,69.88766148,1607.887739
609,Cotton,San Joaquin River,5349.494101,3322.553112,0.723,3.634047537,0.148539114,0.445240339,0.078228087,0.68,0.17,378.6944542,1135.122209,199.4393382,50,181.70237684999998,2219.8315155860005,12.544607898123942,2219.8315155860005,504.4652792,1715.366236,-4.882352941,0.021944463549639505,0.978050362,4.401192870777838e-06,7.732832554486681e-07,0.33606789192391523,0.000274902,1433995.3162573231,5349.494191,19440.312981801817,-8.97E-05,0.002880133,1.6761084015673684e-08,1.4815259604118656e-07,GOOD,3488.680768,2147.150565
609,Cucurbits,San Joaquin River,516.4153251,400.2229957,15.887,2.299627126,0.087908733,0.228781824,0.653570009,0.05,0.17,920.9338517,2396.72349,6846.813993,50,114.98135629999999,6242.391116,52.224925110945584,6242.391116,504.4652792,5737.925837,-4.882352941,0.4821242093923719,0.5178076440943252,1.766946361942238e-05,5.047704968368054e-05,13.733543196698156,0.038728518,0.00030538,516.4153255609986,1187.562521501206,-4.61E-07,0.000168381,8.926894941705224e-10,1.4178692541253055e-07,GOOD,420.2341455,6196.398573
609,Dry Beans,San Joaquin River,317.5918587,1248.160324,1.3625,2.212101358,0.272510229,0.483520066,0.106180731,1.68,0.17,521.9411016,903.6303871,214.6292221,50,110.6050679,1589.151163,14.530152942730336,1589.151163,504.4652792,1084.685883,-4.882352941,0.22947833859874733,0.7704365213838452,6.980982058273376e-05,1.5330196824661906e-05,1.0219250797108845,0.001874223,319214.86456111306,317.591911,702.5453992141568,-5.23E-05,-1.73E-05,1.6475672028377723e-07,2.4616406502965375e-08,GOOD,1310.56834,1544.909135
609,Grain,San Joaquin River,28698.66834,197.2035867,3.704,0.466656841,0.351483763,0.486359995,0.112954365,0.74,0.17,345.3012994,477.8051109,110.9675411,50,23.33284205,706.158445,28.647234259186128,706.158445,504.4652792,201.6931657,-4.882352941,0.998355009,0.000798112,0.000687266,0.000159614,3.7281017682381488,4.708759777079438e-05,1110852.4674697279,28698.687789882497,13392.436880984449,-0.019449882,-0.006972533,6.777277003334755e-07,5.206324306846801e-07,GOOD,207.063766,696.8253081
609,Lettuce,San Joaquin River,400.3198262,674.0827004,15.248,3.326092372,0.164570286,0.334656366,0.457537993,0.25,0.17,2859.243032,5814.317411,7949.261967,50,166.3046186,10111.15163,58.524954098447026,10111.15163,504.4652792,9606.686353,-4.882352941,0.14678697165465687,0.8532015279819296,4.8582393750855035e-06,6.642124038334284e-06,10.327433368375374,0.009992011,17609.63004098252,400.31982678532387,1331.5005306976973,-5.85E-07,0.000189586,1.462140538570499e-09,1.4238556973421995e-07,GOOD,707.7868354,10044.62979
609,Onions & Garlic,San Joaquin River,356.2387857,2202.284226,7.0855,1.480822037,0.178481578,0.383051703,0.272440319,0.41,0.17,887.6914461,1905.136225,1355.002253,50,74.04110185,15529.40981,198.48025005766928,15529.40981,504.4652792,15024.94453,-4.882352941,0.9685615967791238,0.031397521,2.3890470384115935e-05,1.699177244620838e-05,7.0462155337669765,0.0068466,191464.4995,356.23878705468604,527.5261807625033,-1.35E-06,6.353617720833427e-05,3.8027472107209215e-09,1.2044173706049905e-07,GOOD,2312.398437,15499.79337
609,Other Deciduous,San Joaquin River,27697.31963,3274.287161,3.025566667,3.445837194,0.215021845,0.341552948,0.346579073,0.13,0.17,2284.866179,4950.948854,6009.195442,50,172.2918597,9733.379079,54.47519691702645,9733.379079,504.4652792,9228.9138,-4.882352941,0.11855910563128327,0.8814325126428997,4.160252792679685e-06,4.221473024242748e-06,1.9619939608069454,0.000277728,15164.043418742873,27697.31964980609,95440.43935489314,-1.98E-05,0.014800267192185856,7.150904207687009e-10,1.5507331061233877e-07,GOOD,3438.001519,9664.462335
609,Pasture,San Joaquin River,13003.84174,147.0341236,5,4.600187047,0.350906068,0.190014026,0.155066311,0.51,0.17,328.209843,177.7241242,145.0367898,50,230.00935235000003,504.46527924499986,3.0348777237308675,504.46527924499986,504.4652792,0,-4.882352941,0.001273298,0.9987258312087274,4.792725774841713e-07,3.9112391920969084e-07,1.3786106959206066,0.000150785,327.5479775,13003.817906249707,59819.981375713905,0.02383375,0.1229578720376594,1.8328237738455337e-06,2.0554606750932196e-06,GOOD,154.3858298,412.4615383
609,Potatoes,San Joaquin River,13238.06013,1165.114685,14.862,3.305132031,0.150675135,0.475005897,0.095288578,0.41,0.17,793.9256634,2502.863999,502.0871398,50,165.2566016,17149.956877310004,99.35900390723612,17149.956877310004,504.4652792,16645.4916,-4.882352941,0.23245729372924387,0.7675349763419563,6.438361099741918e-06,1.2915676999372569e-06,11.044551428967345,0.000184243,7882317.591488393,13238.060148621315,43753.52987176377,-1.86E-05,0.006692203,1.4066498024158739e-09,1.529522816852657e-07,GOOD,1223.370419,17083.85424
609,Rice,San Joaquin River,1170.019764,579.2835722,4.702,4.833919598,0.381523094,0.545092624,0.07948555,0.2,0.17,851.2633133,1216.2235,177.3500304,50,241.69597989999997,2481.089275,10.68835913434123,2481.089275,504.4652792,1976.623996,-4.882352941,0.004660358,0.9953384695008334,1.0237180712786957e-06,1.4927883878415189e-07,1.5959448578525297,0.004273432,3117.156921862787,1170.019763,5655.780526527692,1.3953299458080437e-06,0.000940719,1.1925695520200152e-09,1.6632878186698426e-07,GOOD,608.2477508,2384.410883
609,Tomato Processing,San Joaquin River,12383.8951,98.04399144,48.864,2.379660861,0.124471553,0.533148968,0.188806686,0.74,0.17,657.2463564,2815.18314,996.9547547,50,118.9830431,4670.992127,38.07650343560819,4670.992127,504.4652792,4166.526848,-4.882352941,0.3629205418351668,0.6370233661081318,4.142279650780024e-05,1.4669260193503998e-05,39.90991050712644,0.000109122,9885342.203131244,12383.895317345767,29469.46637842517,-0.000217346,0.004097775,1.7550678941186664e-08,1.3905151474366235e-07,GOOD,102.946191,4623.39891
609,Truck Crops,San Joaquin River,1934.424846,4172.931474,7.152333333,2.667732673,0.139554281,0.396137579,0.419814805,0.33,0.17,7441.94487,27484.23099,27982.75263,50,133.38663365000002,29711.854737500023,211.58624792483735,29711.854737500023,504.4652792,29207.38946,-4.882352941,0.6491482657049554,0.35083390735048564,8.654822017771584e-06,9.172122541043964e-06,6.552590555462306,0.001566514,900568.4618214625,1934.4248478761485,5160.527591458039,-1.88E-06,0.000773679,9.698741454450154e-10,1.4992246920770563e-07,GOOD,4381.578048,29658.50008
609,Vineyard,San Joaquin River,115915.7507,1575.327966,10.98601212,3.098484515,0.302297005,0.200476183,0.304083218,0.13,0.17,2773.231975,2743.166444,4105.247296,50,154.9242258,17150.841045294947,105.8391774911091,17150.841045294947,504.4652792,16646.37577,-4.882352941,0.30690133180689216,0.6930896396432874,3.587306474578842e-06,5.441243345810157e-06,8.641119501358698,6.636119462501735e-05,114468.66061368638,115915.75076012716,359163.10325438896,-6.01E-05,0.055334161,5.187143251231654e-10,1.5406413525436162e-07,GOOD,1654.094364,17088.87135
610,Almonds & Pistachios,San Joaquin River,45.80785338,4716.420998,1.124,3.753630493,0.287448101,0.299096541,0.094248449,0.4,0.17,2039.310074,2110.873995,639.9084906,50,187.6815247,5112.894884,26.803749514078092,5112.894884,818.6900789,4294.204805,-4.882352941,0.040966335834301454,0.9590305127226415,2.396333349689655e-06,7.551097071872342e-07,0.5885424045165562,0.054575795,6459.152686251978,45.807762641620336,171.94151942881092,9.073837966155907e-05,0.004235837,1.980847670569432e-06,2.4634729852119654e-05,GOOD,4952.242048,5037.822274
610,Citrus & Subtropical,San Joaquin River,12.70494312,1016.555758,3.464,3.247465856,0.183365181,0.131883505,0.371008972,0.13,0.17,2549.235389,1743.692937,5418.931559,50,162.3732928,3358.289595,20.567123137769638,3358.289595,818.6900789,2539.599516,-4.882352941,0.061718436,0.9382723223078002,2.4236144723994e-06,6.818007406833962e-06,1.9771704257485205,0.6054578615309607,1.9141937115519354,12.70493142033886,41.257906710774265,1.1699661138564466e-05,0.000962274,9.208747357669765e-07,2.3322836314260663e-05,GOOD,1067.383546,3293.340278
610,Grain,San Joaquin River,51.13722253,187.4107868,4.498,0.466656841,0.351483763,0.486359995,0.112954365,0.74,0.17,345.3012994,477.8051109,110.9675411,50,23.33284205,818.6900788534001,33.060616433079616,818.6900788534001,818.6900789,0,-4.882352941,0.9985807002338548,0.000688612,0.000592973,0.000137715,4.523296024871903,0.026425982571864785,3.4434175459957457,51.13732605545008,23.863068159590274,-0.000103525,0.000466564,2.0244636872574653e-06,1.9551327117381342e-05,GOOD,196.7813261,809.356942
701,Almonds & Pistachios,Tulare Lake,311.2119287,5056.531586,1.566,3.767767793,0.287448101,0.299096541,0.094248449,0.4,0.17,2039.310074,2110.873995,639.9084906,50,188.3883897,7729.459280935001,39.88728131343454,7729.459280935001,834.458751,6895.00053,-4.882352941,0.059410578,0.9405863983192265,2.298846150379783e-06,7.243904708443798e-07,0.8826769171838073,0.008033111,70458.34383,311.2117452416962,1172.5600480165242,0.000183458,0.014233737,5.894963749471075e-07,1.213887850825766e-05,GOOD,5309.358165,7654.103925
701,Grain,Tulare Lake,520.6817283,303.3376661,2.872,0.715524558,0.351483763,0.486359995,0.112954365,0.74,0.17,345.3012994,477.8051109,110.9675411,50,35.7762279,834.4587510161999,22.591013481944874,834.4587510161999,834.458751,0,-4.882352941,0.991003266,0.008285288,0.000577358,0.000134088,2.8918409772464284,0.00259535,35.06104771442716,520.6819200587913,372.55635805934725,-0.000191759,0.004205441,3.6828408001679634e-07,1.1287939729547007e-05,GOOD,318.5045494,820.1482599
702,Alfalfa,Tulare Lake,3596.929519,275.7311385,8.212,4.524530937,0.306290873,0.200481491,0.157957374,1.86,0.17,739.7198673,484.1807412,381.4811931,50,226.22654684999998,2037.412833,9.504464590192796,2037.412833,481.0731145,1556.339718,-4.882352941,0.005641593,0.9943574144969827,5.550495111411052e-07,4.3731799271102145e-07,2.905838266416754,0.00014947,6083353.837,3596.929368064502,16274.41468,0.000150935,0.004206382,4.196231733654145e-08,2.584659001814278e-07,GOOD,289.5176954,1946.922214
702,Almonds & Pistachios,San Joaquin River,261675.397,4943.982015,1.317333333,3.765411576,0.287448101,0.299096541,0.094248449,0.4,0.17,2039.310074,2110.873995,639.9084906,50,188.2705788,6323.920934221006,32.827152656021156,6323.920934221006,481.0731145,5842.84782,-4.882352941,0.049310713535340764,0.9506862195002345,2.3320964397519027e-06,7.348679848659261e-07,0.7154835670093516,9.553821370528006e-06,50203340.82,261675.39715392195,985315.3709582083,-0.000153922,0.19805998727679253,5.882171337853201e-10,2.0101173015478355e-07,GOOD,5191.181116,6248.612703
702,Citrus & Subtropical,San Joaquin River,137.4795533,687.833784,17.2308,3.488111093,0.183365181,0.131883505,0.371008972,0.13,0.17,2549.235389,1743.692937,5418.931559,50,174.4055547,11676.834553039198,64.46645774345299,11676.834553039198,481.0731145,11195.76144,-4.882352941,0.13058114997393067,0.8694132263061759,1.4748200153586404e-06,4.148899877837136e-06,11.39051184667639,0.055952376,91.30938748847177,137.47955333930847,479.5438748794648,-3.93E-08,8.004694996088801e-05,2.8592233356830147e-10,1.6692307167790507e-07,GOOD,722.2254732,11607.07233
702,Corn,Tulare Lake,3788.208598,73.19405271,23.145,2.280437339,0.234536008,0.556552162,0.088672787,0.3,0.17,423.9938724,1022.014707,159.5840787,50,114.021867,1579.174722,14.041629148188893,1579.174722,481.0731145,1098.101608,-4.882352941,0.1983662139279477,0.8015527489186921,6.990027737584953e-05,1.113687598430284e-05,16.857741065986488,0.000879923,44528.918013843155,3788.208695,8638.770759395638,-9.74E-05,0.001575404,2.5704255007619083e-08,1.8236438493289106e-07,GOOD,76.85375535,1533.565975
702,Cotton,Tulare Lake,15385.55246,3672.319284,0.832,3.749301711,0.148539114,0.445240339,0.078228087,0.68,0.17,378.6944542,1135.122209,199.4393382,50,187.4650856,2867.2325511980002,15.466784374683872,2867.2325511980002,481.0731145,2386.159437,-4.882352941,0.023549674,0.9764460272762577,3.6567391227728103e-06,6.424838029614723e-07,0.3911317081300415,9.558241337887697e-05,5736937.851028265,15385.55250174158,57685.06630306058,-4.17E-05,0.011859897684189491,2.713037415362566e-09,2.055973236386316e-07,GOOD,3855.935248,2792.246517
702,Cucurbits,Tulare Lake,15728.91697,595.9977966,15.57477778,2.442132231,0.087908733,0.228781824,0.653570009,0.05,0.17,920.9338517,2396.72349,6846.813993,50,122.1066116,9159.456367298639,71.82915599877593,9159.456367298639,481.0731145,8678.383253,-4.882352941,0.4895642342666251,0.5103886053194439,1.2228053613296916e-05,3.493236031764022e-05,13.49196941,0.001271543,0.014067677732969578,15728.916977684015,38412.08750415922,-7.68E-06,0.007587001,4.885279234238132e-10,1.9751592883274102e-07,GOOD,625.7976864,9110.613723
702,Dry Beans,Tulare Lake,1079.877442,1277.076004,1.45225,1.919782133,0.272510229,0.483520066,0.106180731,1.68,0.17,521.9411016,903.6303871,214.6292221,50,95.98910665,1757.7823091330001,18.237415682118215,1757.7823091330001,481.0731145,1276.709195,-4.882352941,0.4312253405306525,0.5686300144194907,0.0001186,2.604459279596586e-05,1.2358872534928118,0.000551209,1277496.7556733263,1079.8776052092255,2073.129319957812,-0.000163209,9.902353167490219e-05,1.5113680423346517e-07,4.7765243582119706e-08,GOOD,1340.929804,1719.386666
702,Grain,San Joaquin River,38681.46101,291.5127455,2.6852,0.665751015,0.351483763,0.486359995,0.112954365,0.74,0.17,345.3012994,477.8051109,110.9675411,50,33.28755075,748.5316753435999,21.773691947702428,748.5316753435999,481.0731145,267.4585608,-4.882352941,0.9931486172515236,0.006056588,0.000644997,0.000149797,2.7058377362261985,3.493537514009612e-05,1984618.4096814294,38681.48100618562,25752.229991224176,-0.019996186,-0.008062134,5.16944942035815e-07,3.130655588974554e-07,GOOD,306.0883828,735.216655
702,Lettuce,Tulare Lake,8302.04308,663.9499631,19.83133333,2.300762612,0.164570286,0.334656366,0.457537993,0.25,0.17,2859.243032,5814.317411,7949.261967,50,115.03813060000002,13051.01814,108.10831274589351,13051.01814,481.0731145,12569.94502,-4.882352941,0.6599514125041706,0.3400085290736996,1.692236990250705e-05,2.3136052227366512e-05,18.246117095931055,0.000481809,477843.9896749931,8302.043095344894,19101.026599297074,-1.53E-05,0.00372238,1.8483275039685353e-09,1.9487850589325782e-07,GOOD,697.1474613,13005.00289
702,Onions & Garlic,Tulare Lake,28276.30372,2162.612475,11.93,1.253629891,0.178481578,0.383051703,0.272440319,0.41,0.17,887.6914461,1905.136225,1355.002253,50,62.681494550000004,25736.451358599996,386.85689791073577,25736.451358599996,481.0731145,25255.37824,-4.882352941,0.9926852363958824,0.007289481,1.4774652808301432e-05,1.0508271057622443e-05,11.918072664319967,8.6256832377945e-05,25545158.81521563,28276.303790339734,35448.01269631218,-7.03E-05,0.006854074,2.4875859029190795e-09,1.9335563461259521e-07,GOOD,2270.743099,25711.37876
702,Other Deciduous,Tulare Lake,10835.54619,2035.248525,4.832444444,3.502172688,0.215021845,0.341552948,0.346579073,0.13,0.17,2284.866179,4950.948854,6009.195442,50,175.1086344,9659.213638529443,53.21735237810885,9659.213638529443,481.0731145,9178.140524,-4.882352941,0.1082071677928352,0.8917851235921239,3.8261556095949095e-06,3.882459431523202e-06,3.0758716745217245,0.000709914,5899.731585,10835.546193645247,37947.946389694705,-3.65E-06,0.007536486,3.364156660706628e-10,1.9860058231891025e-07,GOOD,2137.010951,9589.170185
702,Pasture,Tulare Lake,338.6020497,144.0357631,5,4.768194291,0.350906068,0.190014026,0.155066311,0.51,0.17,328.209843,177.7241242,145.0367898,50,238.40971455000002,481.07311454499995,2.868541333188707,481.07311454499995,481.0731145,0,-4.882352941,0.000983587,0.9990157080330595,3.8821352184892974e-07,3.168126057885402e-07,1.3148177427435377,0.005790822,8.528896211,338.5778734367181,1614.4046329065552,0.024176263,0.11572739388316222,7.14002272086713e-05,7.167911704850044e-05,GOOD,151.2375513,385.7092287
702,Potatoes,Tulare Lake,217.893609,1165.114685,14.862,1.233512156,0.150675135,0.475005897,0.095288578,0.41,0.17,793.9256634,2502.863999,502.0871398,50,61.6756078,17253.537871060005,264.2992104043996,17253.537871060005,481.0731145,16772.46476,-4.882352941,0.9901065714302274,0.009860702,2.7258314002168978e-05,5.468155229963747e-06,14.842708854740652,0.011193648136067647,130729.71201250512,217.89360982254885,268.77437855783717,-8.23E-07,3.685837384637125e-05,3.775002210801645e-09,1.3713497912103785e-07,GOOD,1223.370419,17228.86763
702,Safflower,Tulare Lake,145.8300506,565.3467595,1.069333333,2.392307778,0.396694215,0.424242424,0.112947658,0.74,0.17,212.2655769,227.006242,60.43672676,50,119.61538890000001,483.99486143988435,4.7761077560451275,483.99486143988435,481.0731145,2.921746895,-4.882352941,0.054160282919232125,0.9457796533441425,4.7434951005940684e-05,1.2628785619671417e-05,0.6158239893528468,0.009266618,92.71039386931339,145.8329032746675,348.8771221953142,-0.002852675,-0.006757879,1.9561638055883534e-05,1.937074481477586e-05,GOOD,593.6140975,436.1487059
702,Tomato Processing,Tulare Lake,63710.96234,95.74700826,53.694,2.220206136,0.124471553,0.533148968,0.188806686,0.74,0.17,657.2463564,2815.18314,996.9547547,50,111.0103068,5029.183128,43.77231718,5029.183128,481.0731145,4548.110013,-4.882352941,0.47979032016636447,0.5201408060716799,5.086181527273779e-05,1.8011946682769923e-05,46.403794767367316,2.1210656717751775e-05,55514226.94011848,63710.963351418395,141451.4434728982,-0.001011418,0.026044834725325927,1.587510782773537e-08,1.8412558606936808e-07,GOOD,100.5343587,4984.779005
702,Truck Crops,Tulare Lake,6982.061246,4216.43542,4.6689375,1.84535452,0.139554281,0.396137579,0.419814805,0.33,0.17,7441.94487,27484.23099,27982.75263,50,92.26772600000001,19593.050216101252,201.11758968220127,19593.050216101252,481.0731145,19111.9771,-4.882352941,0.9142384617389189,0.085723465,1.848418838924322e-05,1.9588992197615785e-05,4.588427630941935,0.000434013,2126975.547,6982.061260365365,12884.375786210036,-1.44E-05,0.002493013,2.057467648301892e-09,1.9349112875811832e-07,GOOD,4427.257191,19556.14313
702,Vineyard,Tulare Lake,33670.65075,1361.351528,11.57853123,4.00891598,0.302297005,0.200476183,0.304083218,0.13,0.17,2773.231975,2743.166444,4105.247296,50,200.44579900000002,15561.198526550219,74.59210035388271,15561.198526550219,481.0731145,15080.12541,-4.882352941,0.081118921,0.9188784491555204,1.0450413344640787e-06,1.5851236150423483e-06,6.940039954,0.000228457,30121.85666428686,33670.65074842413,134982.78308910746,1.5758705558255315e-06,0.026759566535474733,4.680249774577141e-11,1.9824425469787037e-07,GOOD,1429.419104,15481.02021
703,Alfalfa,Tulare Lake,37507.88404,274.6972605,8.035,4.524530937,0.306290873,0.200481491,0.157957374,1.86,0.17,739.7198673,484.1807412,381.4811931,50,226.22654684999998,1980.301212,9.264737347035604,1980.301212,479.4180054,1500.883206,-4.882352941,0.005484342,0.9945146653903624,5.551372884636499e-07,4.3738715159095976e-07,2.8284601754555156,1.4333903987460193e-05,61175759.40747197,37507.88322136262,169705.5587,0.000818637,0.022989534510998055,2.1825741314808156e-08,1.3546716777339847e-07,GOOD,288.4321235,1889.810593
703,Almonds & Pistachios,Tulare Lake,269742.4377,4828.718951,1.303,3.767767793,0.287448101,0.299096541,0.094248449,0.4,0.17,2039.310074,2110.873995,639.9084906,50,188.3883897,6102.7516104119995,31.693215109528854,6102.7516104119995,479.4180054,5623.333605,-4.882352941,0.047501662,0.9524952767529293,2.3279521202211285e-06,7.335620664269163e-07,0.7024552589917153,9.268100419483975e-06,49806854.211261675,269742.4378,1016326.762605649,-9.80E-05,0.10656572005245835,3.6313902366960313e-10,1.0485378600621219e-07,GOOD,5070.154899,6027.396255
703,Citrus & Subtropical,Tulare Lake,1247.808329,740.3900908,17.6092,3.608433712,0.183365181,0.131883505,0.371008972,0.13,0.17,2549.235389,1743.692937,5418.931559,50,180.4216856,12856.56924365736,68.56041315880488,12856.56924365736,479.4180054,12377.15124,-4.882352941,0.11930025511336015,0.8806950784516054,1.2237721507472987e-06,3.4426628835121134e-06,11.425126429288076,0.006164655,916.2027273344447,1247.8083291296969,4502.633189903546,-1.30E-07,0.000450574,1.0393976167360582e-10,1.0006908776599063e-07,GOOD,777.4095953,12784.40057
703,Corn,Tulare Lake,69173.71773,74.07582338,23.758,2.280437339,0.234536008,0.556552162,0.088672787,0.3,0.17,423.9938724,1022.014707,159.5840787,50,114.021867,1644.991784,14.587164639953922,1644.991784,479.4180054,1165.573779,-4.882352941,0.20493843667926753,0.7949811905533204,6.932719749663913e-05,1.1045569915379134e-05,17.410459897853432,4.818785866539738e-05,863060.5138058937,69173.71861577497,157746.3136062585,-0.000885775,0.015182679839199409,1.2805079625656957e-08,9.624743698164634e-08,GOOD,77.77961455,1599.383037
703,Cotton,Tulare Lake,88084.51718,3672.319284,0.832,3.749301711,0.148539114,0.445240339,0.078228087,0.68,0.17,378.6944542,1135.122209,199.4393382,50,187.4650856,2867.2325511980002,15.466784374683872,2867.2325511980002,479.4180054,2387.814546,-4.882352941,0.023549674,0.9764460272762578,3.6567391227728095e-06,6.424838029614721e-07,0.3911317081300415,1.669519550511905e-05,32867581.157081746,88084.51732196711,330255.39560711995,-0.000141967,0.035368463,1.6117147670549967e-09,1.070942659801537e-07,GOOD,3855.935248,2792.246517
703,Cucurbits,Tulare Lake,574.7683489,595.9977966,15.57477778,2.442132231,0.087908733,0.228781824,0.653570009,0.05,0.17,920.9338517,2396.72349,6846.813993,50,122.1066116,9159.456367298639,71.82915599877593,9159.456367298639,479.4180054,8680.038362,-4.882352941,0.4895642342666251,0.5103886053194437,1.2228053613296916e-05,3.493236031764021e-05,13.491969413907398,0.034796627,0.000514161,574.7683490487266,1403.6601804043169,-1.49E-07,0.000129803,2.5875920154779503e-10,9.247467182404844e-08,GOOD,625.7976864,9110.613723
703,Dry Beans,Tulare Lake,308.5720237,1277.076004,1.45225,1.919782133,0.272510229,0.483520066,0.106180731,1.68,0.17,521.9411016,903.6303871,214.6292221,50,95.98910665,1757.7823091330001,18.237415682118215,1757.7823091330001,479.4180054,1278.364304,-4.882352941,0.4312253405306525,0.5686300144194907,0.0001186,2.6044592795965866e-05,1.2358872534928118,0.001929009,365514.3354194269,308.57204827621985,592.3910568942201,-2.46E-05,9.486924454904511e-07,7.964500333737946e-08,1.6014631431894787e-09,GOOD,1340.929804,1719.386666
703,Grain,Tulare Lake,31555.67697,292.8121409,2.793,0.715524558,0.351483763,0.486359995,0.112954365,0.74,0.17,345.3012994,477.8051109,110.9675411,50,35.7762279,781.0972835,21.20727919,781.0972835,479.4180054,301.6792781,-4.882352941,0.9903948225564734,0.008845617,0.000616404,0.000143156,2.8135817277608424,4.2824349882782796e-05,1825895.6944893787,31555.684449800905,22578.864773526202,-0.007479801,-0.002957176,2.3703503213254082e-07,1.3097100260334696e-07,GOOD,307.4527479,766.7867924
703,Lettuce,Tulare Lake,196.1429045,663.9499631,19.83133333,2.300762612,0.164570286,0.334656366,0.457537993,0.25,0.17,2859.243032,5814.317411,7949.261967,50,115.03813060000002,13051.01814,108.10831274589351,13051.01814,479.4180054,12571.60013,-4.882352941,0.6599514125041704,0.3400085290736997,1.6922369902507047e-05,2.3136052227366505e-05,18.24611709593106,0.020393294420701313,11290.961515693536,196.1429046918832,451.2782302151648,-1.92E-07,3.106752177473027e-05,9.782826615601192e-10,6.884338209960698e-08,GOOD,697.1474613,13005.00289
703,Onions & Garlic,Tulare Lake,3524.112766,2162.612475,11.93,1.253629891,0.178481578,0.383051703,0.272440319,0.41,0.17,887.6914461,1905.136225,1355.002253,50,62.681494550000004,25736.451358599996,386.85689791073577,25736.451358599996,479.4180054,25257.03335,-4.882352941,0.9926852363958824,0.007289481,1.4774652808301434e-05,1.0508271057622443e-05,11.918072664319968,0.000692096,3183935.243337023,3524.112770610415,4417.932671275444,-4.61E-06,0.000431437,1.3082483283264737e-09,9.765581216747362e-08,GOOD,2270.743099,25711.37876
703,Other Deciduous,Tulare Lake,31591.61187,1854.689891,5.308,3.502172688,0.215021845,0.341552948,0.346579073,0.13,0.17,2284.866179,4950.948854,6009.195442,50,175.1086344,9668.682153161999,53.268585497618766,9668.682153161999,479.4180054,9189.264148,-4.882352941,0.10830174889272744,0.891690543,3.82574981803341e-06,3.882047668532898e-06,3.3791573617663495,0.000243492,17221.82814667728,31591.61187584556,110639.26879787231,-5.85E-06,0.011463138289400376,1.8503515873047697e-10,1.0360821457223451e-07,GOOD,1947.424386,9598.638699
703,Pasture,Tulare Lake,2577.584631,151.2681487,4.75,4.768194291,0.350906068,0.190014026,0.155066311,0.51,0.17,328.209843,177.7241242,145.0367898,50,238.40971455000002,479.41800537000006,2.861948874514217,479.41800537000006,479.4180054,0,-4.882352941,0.000980209,0.999019086,3.8821483460420244e-07,3.168136770995464e-07,1.2484892243440446,0.000760706,64.92563116996742,2577.4912447056054,12289.97718270137,0.093386294,0.4471394021729793,3.623015643081877e-05,3.638112000485025e-05,GOOD,158.8315561,384.0541196
703,Safflower,Tulare Lake,12379.65608,565.3467595,1.069333333,2.392307778,0.396694215,0.424242424,0.112947658,0.74,0.17,212.2655769,227.006242,60.43672676,50,119.61538890000001,483.99486143988435,4.7761077560451275,483.99486143988435,479.4180054,4.57685607,-4.882352941,0.054160283,0.9457796533441424,4.743495100594069e-05,1.2628785619671419e-05,0.6158239893528467,0.000109159,11795.66357831875,12379.741550517001,29616.148250458577,-0.085470517,-0.20072131,6.904110780469343e-06,6.777473838532206e-06,GOOD,593.6140975,436.1487059
703,Tomato Processing,Tulare Lake,23136.14043,95.74700826,53.694,2.220206136,0.124471553,0.533148968,0.188806686,0.74,0.17,657.2463564,2815.18314,996.9547547,50,111.0103068,5029.183128,43.77231718,5029.183128,479.4180054,4549.765122,-4.882352941,0.4797903201663647,0.5201408060716798,5.0861815272737815e-05,1.8011946682769933e-05,46.403794767367316,5.840867691134391e-05,20166895.816970386,23136.140624050535,51366.99603271088,-0.000194051,0.004913333,8.387333917817485e-09,9.565154090304389e-08,GOOD,100.5343587,4984.779005
703,Truck Crops,Tulare Lake,1862.014974,3503.050649,11.1523375,1.84535452,0.139554281,0.396137579,0.419814805,0.33,0.17,7441.94487,27484.23099,27982.75263,50,92.26772600000001,38973.979884577035,399.11574666545675,38973.979884577035,479.4180054,38494.56188,-4.882352941,0.9549650797218279,0.045014927,9.706378493143748e-06,1.0286530767017527e-05,11.052974060874034,0.001627432,1142494.6631898212,1862.0149750028868,3436.077413708547,-1.00E-06,0.00033487,5.386029980151533e-10,9.745706010196318e-08,GOOD,3678.203181,38937.07279
703,Vineyard,Tulare Lake,89525.04853,1361.351528,11.57853123,4.00891598,0.302297005,0.200476183,0.304083218,0.13,0.17,2773.231975,2743.166444,4105.247296,50,200.44579900000002,15561.198526550219,74.59210035388271,15561.198526550219,479.4180054,15081.78052,-4.882352941,0.081118921,0.9188784491555202,1.0450413344640787e-06,1.5851236150423483e-06,6.940039954473649,8.592352440590956e-05,80098.14434482239,89525.04852835271,358898.36056195834,1.647291355766356e-06,0.037100234,1.8400340271408462e-11,1.0337252667331628e-07,GOOD,1429.419104,15481.02021
704,Alfalfa,Tulare Lake,2320.394205,264.3208289,7.71,4.524530937,0.306290873,0.200481491,0.157957374,1.86,0.17,739.7198673,484.1807412,381.4811931,50,226.22654684999998,1811.0223142309999,8.55418558,1811.0223142309999,481.0731145,1329.9492,-4.882352941,0.005017958,0.9949810495019236,5.553976237006096e-07,4.375922671364633e-07,2.6703142410098915,0.0002317,3353652.962349691,2320.394288506068,10498.691315190534,-8.35E-05,0.004051367,3.598787981256087e-08,3.8589246999075377e-07,GOOD,277.5368703,1720.531695
704,Almonds & Pistachios,Tulare Lake,50706.4314,4677.730953,1.32,3.767767793,0.287448101,0.299096541,0.094248449,0.4,0.17,2039.310074,2110.873995,639.9084906,50,188.3883897,5985.535675219001,31.102773968487607,5985.535675219001,481.0731145,5504.462561,-4.882352941,0.046631880695469086,0.9533650549946994,2.330077907247553e-06,7.342319241573835e-07,0.7090168869147446,4.930341045455626e-05,9164830.439299671,50706.4318,191049.98647550703,-0.00040356,0.072651377,7.958753720153302e-09,3.8027403494389103e-07,GOOD,4911.617501,5910.180319
704,Citrus & Subtropical,Tulare Lake,15428.8221,582.7211706,16.474,3.608433712,0.183365181,0.131883505,0.371008972,0.13,0.17,2549.235389,1743.692937,5418.931559,50,180.4216856,9418.640621,50.48159410334662,9418.640621,481.0731145,8937.567507,-4.882352941,0.090279071,0.909716109,1.2640983992666753e-06,3.5561069416434962e-06,10.105914525353734,0.000498567,8180.457355729068,15428.822128538608,55673.86055947341,-2.85E-05,0.021242617222014815,1.849694579303775e-09,3.8155444769466613e-07,GOOD,611.8572291,9346.471947
704,Corn,Tulare Lake,3875.849326,71.20221765,20.602,2.280437339,0.234536008,0.556552162,0.088672787,0.3,0.17,423.9938724,1022.014707,159.5840787,50,114.021867,1352.00646,12.15870782,1352.00646,481.0731145,870.9333456,-4.882352941,0.17482288584053451,0.8250936970112475,7.195319130269955e-05,1.1463956915424814e-05,14.656120523110667,0.000860027,36136.136874310236,3875.8496919962117,8838.628766,-0.000365996,0.002757109,9.442993804156641e-08,3.1193842120826774e-07,GOOD,74.76232853,1306.397713
704,Cotton,Tulare Lake,109.1452963,3437.601669,0.83,3.749301711,0.148539114,0.445240339,0.078228087,0.68,0.17,378.6944542,1135.122209,199.4393382,50,187.4650856,2665.072292,14.443415846686898,2665.072292,481.0731145,2183.999178,-4.882352941,0.021925744316997824,0.9780699493100623,3.6628206255568497e-06,6.435523142512379e-07,0.3848897117768108,0.013473675,37250.11244666228,109.14530009400966,409.21851143099406,-3.79E-06,0.000134734,3.476109173890202e-08,3.292474554112638e-07,GOOD,3609.481752,2590.086258
704,Cucurbits,Tulare Lake,173.6653727,485.0643584,17.348,2.442132231,0.087908733,0.228781824,0.653570009,0.05,0.17,920.9338517,2396.72349,6846.813993,50,122.1066116,8291.819617,65.11529741612107,8291.819617,481.0731145,7810.746503,-4.882352941,0.4647422366315455,0.5352083095892038,1.2822692034518818e-05,3.6631087216109845e-05,14.872970857981862,0.11516400586401988,0.000139795,173.66537298499296,424.1136578639599,-2.85E-07,0.000146215,1.6410464889876762e-09,3.4475496014518167e-07,GOOD,509.3175763,8242.976973
704,Grain,Tulare Lake,4084.989811,303.3376661,2.872,0.715524558,0.351483763,0.486359995,0.112954365,0.74,0.17,345.3012994,477.8051109,110.9675411,50,35.7762279,834.4587510161999,22.591013481944874,834.4587510161999,481.0731145,353.3856365,-4.882352941,0.991003266,0.008285288,0.000577358,0.000134088,2.8918409772464284,0.000330809,276833.6623786721,4084.993635062425,2922.9121331840183,-0.003824062,-0.001604234,9.361253275554053e-07,5.488480484904754e-07,GOOD,318.5045494,820.1482599
704,Lettuce,Tulare Lake,57.34568646,703.180068,19.4,2.300762612,0.164570286,0.334656366,0.457537993,0.25,0.17,2859.243032,5814.317411,7949.261967,50,115.03813060000002,13525.69842,112.00569514707672,13525.69842,481.0731145,13044.62531,-4.882352941,0.6679222340791175,0.33203864647790754,1.6525705437256785e-05,2.2593737537542184e-05,17.892075511313998,0.069752413,3425.310335256372,57.345686759057614,131.93877697325064,-2.99E-07,3.439339201349867e-05,5.2149974851899365e-09,2.6067683691588994e-07,GOOD,738.3390714,13479.68317
704,Onions & Garlic,Tulare Lake,187.8829398,2365.602184,7.666,1.253629891,0.178481578,0.383051703,0.272440319,0.41,0.17,887.6914461,1905.136225,1355.002253,50,62.681494550000004,18071.190874393997,271.9203589411149,18071.190874393997,481.0731145,17590.11776,-4.882352941,0.9896147843038979,0.01034932,2.097647505147773e-05,1.4919232860113748e-05,7.655109650380331,0.012981617,118219.61027777585,187.88294149893312,235.53559742982188,-1.70E-06,7.191241169834939e-05,9.042508704839522e-09,3.0531431565832423e-07,GOOD,2483.882293,18046.11828
704,Other Deciduous,Tulare Lake,6387.297921,1789.318413,4.821,3.502172688,0.215021845,0.341552948,0.346579073,0.13,0.17,2284.866179,4950.948854,6009.195442,50,175.1086344,8450.292280806998,46.676008270625665,8450.292280806998,481.0731145,7969.219166,-4.882352941,0.095964155,0.90402803,3.878683135146121e-06,3.9357599262755485e-06,2.995607657202345,0.001204313,3019.6821397709427,6387.297935476042,22369.411799128375,-1.45E-05,0.008529917,2.2663795741814664e-09,3.8132043121692795e-07,GOOD,1878.784334,8380.248827
704,Pasture,Tulare Lake,2594.801811,144.0357631,5,4.768194291,0.350906068,0.190014026,0.155066311,0.51,0.17,328.209843,177.7241242,145.0367898,50,238.40971455000002,481.07311454499995,2.868541333188707,481.07311454499995,481.0731145,0,-4.882352941,0.000983587,0.9990157080330595,3.882135218489296e-07,3.168126057885401e-07,1.3148177427435375,0.000755659,65.35930704816086,2594.7971276601825,12372.489909849888,0.00468334,0.029271637,1.8048930741044514e-06,2.3658590739423777e-06,GOOD,151.2375513,385.7092287
704,Tomato Processing,Tulare Lake,38.81376533,92.82856275,51.238,2.220206136,0.124471553,0.533148968,0.188806686,0.74,0.17,657.2463564,2815.18314,996.9547547,50,111.0103068,4644.493164,40.496954305911714,4644.493164,481.0731145,4163.42005,-4.882352941,0.45997183055364205,0.5399566717925589,5.279950385629e-05,1.8698149942869877e-05,43.9164821,0.034816291,30959.666477407813,38.81376726921245,86.17454627593803,-1.94E-06,1.367099203264388e-05,4.996197687203435e-08,1.5864301530594478e-07,GOOD,97.46999089,4600.089041
704,Truck Crops,Tulare Lake,4909.182496,4201.383202,4.428,1.84535452,0.139554281,0.396137579,0.419814805,0.33,0.17,7441.94487,27484.23099,27982.75263,50,92.26772600000001,18510.501585791004,190.05812879396444,18510.501585791004,481.0731145,18029.42847,-4.882352941,0.9096759371032909,0.090283964,1.9467549539305275e-05,2.0631129049413624e-05,4.347434073307698,0.000617272,1410797.0856535304,4909.182524967932,9059.178749443694,-2.90E-05,0.003359055,5.900764936526285e-09,3.707900724174534e-07,GOOD,4411.452362,18473.5945
704,Vineyard,Tulare Lake,35000.39906,1492.225912,10.09376385,4.00891598,0.302297005,0.200476183,0.304083218,0.13,0.17,2773.231975,2743.166444,4105.247296,50,200.44579900000002,14860.923311172884,71.27821227024772,14860.923311172884,481.0731145,14379.8502,-4.882352941,0.077752356,0.9222450044401379,1.0488701209922826e-06,1.5909311364701244e-06,5.998527050244872,0.000219778,29857.473532144086,35000.39908620721,140313.60568243996,-2.62E-05,0.053415571,7.487687840925078e-10,3.806868938616918e-07,GOOD,1566.837208,14780.74499
705,Alfalfa,Tulare Lake,4752.766999,279.2312585,8.356666667,4.524530937,0.306290873,0.200481491,0.157957374,1.86,0.17,739.7198673,484.1807412,381.4811931,50,226.22654684999998,2106.551273703411,9.794674664,2106.551273703411,707.4808794,1399.070394,-4.882352941,0.005831892,0.9941671155361987,5.549432864138457e-07,4.3723429930427317e-07,2.9751849933092123,0.00011312,7226074.670565547,4752.767057,21504.036881648273,-5.83E-05,0.00444168,1.2256462340945582e-08,2.06550936492529e-07,GOOD,293.1928214,2016.060655
705,Almonds & Pistachios,Tulare Lake,90857.08356,4800.963464,1.290666667,3.767767793,0.287448101,0.299096541,0.094248449,0.4,0.17,2039.310074,2110.873995,639.9084906,50,188.3883897,6007.374329728655,31.212779831310392,6007.374329728655,707.4808794,5299.89345,-4.882352941,0.046794051127398324,0.9532028850840175,2.32968155484915e-06,7.341070293702955e-07,0.6937382877766544,2.7515741228355136e-05,15811507.243882786,90857.08392633132,342328.3244836624,-0.000366331,0.068719615,4.031951182460828e-09,2.0074179287340264e-07,GOOD,5041.011637,5932.018974
705,Citrus & Subtropical,Tulare Lake,92123.15049,765.0541735,17.63613333,3.608433712,0.183365181,0.131883505,0.371008972,0.13,0.17,2549.235389,1743.692937,5418.931559,50,180.4216856,13311.489465260953,70.95267352085305,13311.489465260953,707.4808794,12604.00859,-4.882352941,0.12300231783736461,0.8769930353431797,1.218627967058975e-06,3.4281914884579396e-06,11.513328944235695,8.350026732034847e-05,68881.14516687207,92123.15054960619,332420.2152035591,-5.96E-05,0.066680206,6.470272343201626e-10,2.0059006580726596e-07,GOOD,803.3068822,13239.32079
705,Corn,Tulare Lake,11236.54829,74.07582338,23.758,2.280437339,0.234536008,0.556552162,0.088672787,0.3,0.17,423.9938724,1022.014707,159.5840787,50,114.021867,1644.991784,14.587164639953922,1644.991784,707.4808794,937.5109045,-4.882352941,0.20493843667926762,0.7949811905533205,6.932719749663913e-05,1.1045569915379136e-05,17.410459897853432,0.000296651,112769.29503139392,11236.548794376526,25624.24001374201,-0.000504377,0.004268251,4.4887140781075466e-08,1.6657078916659861e-07,GOOD,77.77961455,1599.383037
705,Cotton,Tulare Lake,147.1610411,3907.036899,0.834,3.749301711,0.148539114,0.445240339,0.078228087,0.68,0.17,378.6944542,1135.122209,199.4393382,50,187.4650856,3070.3316806760004,16.494905619586223,3070.3316806760004,707.4808794,2362.850801,-4.882352941,0.025175723410219092,0.9748199845262068,3.650649678017733e-06,6.414138962788214e-07,0.39713865034712603,0.009993054,54337.16916504582,147.16104341185354,551.7510588087312,-2.31E-06,8.438004022082168e-05,1.570968456049525e-08,1.5293133736553515e-07,GOOD,4102.388744,2995.345646
705,Cucurbits,Tulare Lake,222.2289176,485.0643584,17.348,2.442132231,0.087908733,0.228781824,0.653570009,0.05,0.17,920.9338517,2396.72349,6846.813993,50,122.1066116,8291.819617,65.11529741612107,8291.819617,707.4808794,7584.338738,-4.882352941,0.46474223663154535,0.53520831,1.2822692034518812e-05,3.663108721610983e-05,14.872970857981864,0.089997288,0.000173702,222.2289177918028,542.7123156,-1.92E-07,8.66959092036268e-05,8.63086585291516e-10,1.5974558316933129e-07,GOOD,509.3175763,8242.976973
705,Grain,Tulare Lake,6635.313447,284.959751,2.724666667,0.715524558,0.351483763,0.486359995,0.112954365,0.74,0.17,345.3012994,477.8051109,110.9675411,50,35.7762279,739.6933089633199,20.133618704088267,739.6933089633199,707.4808794,32.21242955,-4.882352941,0.9898628803421946,0.009335494,0.000650541,0.000151085,2.745840260844789,0.000203661,41394.75515159542,6635.348387453912,4747.753756549789,-0.034940454,-0.024035194,5.265833210604913e-06,5.062460389906165e-06,GOOD,299.2077386,725.3828178
705,Lettuce,Tulare Lake,5.18773341,703.180068,19.4,2.300762612,0.164570286,0.334656366,0.457537993,0.25,0.17,2859.243032,5814.317411,7949.261967,50,115.03813060000002,13525.69842,112.00569514707672,13525.69842,707.4808794,12818.21754,-4.882352941,0.6679222340791168,0.33203864647790843,1.6525705437256826e-05,2.259373753754224e-05,17.892075511313994,0.7710496442029006,304.48993747439613,5.187733424326788,11.935762794581688,-1.43E-08,-1.97E-05,2.761666150486912e-09,1.652501256325384e-06,GOOD,738.3390714,13479.68317
705,Onions & Garlic,Tulare Lake,14.63609559,2624.076001,7.733,1.253629891,0.178481578,0.383051703,0.272440319,0.41,0.17,887.6914461,1905.136225,1355.002253,50,62.681494550000004,20228.464247582997,304.26753561391735,20228.464247582997,707.4808794,19520.98337,-4.882352941,0.9907120237035346,0.009255873,1.8760226918988947e-05,1.3342956489405647e-05,7.7231780041869245,0.16664446984825293,10220.212416662636,14.636095651839016,18.3482653,-6.18E-08,-1.84E-05,4.225103293815328e-09,1.001800117429894e-06,GOOD,2755.279801,20203.39165
705,Other Deciduous,Tulare Lake,87268.38664,1879.357431,5.071333333,3.502172688,0.215021845,0.341552948,0.346579073,0.13,0.17,2284.866179,4950.948854,6009.195442,50,175.1086344,9354.836196185546,51.570398607122385,9354.836196185546,707.4808794,8647.355317,-4.882352941,0.10515601203348131,0.8948362529774316,3.839246314411975e-06,3.895742772706412e-06,3.2094526030461155,8.814540967784863e-05,44767.99236498909,87268.38673044354,305628.8987177614,-9.04E-05,0.061498671,1.0363838180445156e-09,2.0122003693825286e-07,GOOD,1973.325303,9284.792742
705,Pasture,Tulare Lake,4941.329305,195.8454994,4.833333333,4.768194291,0.350906068,0.190014026,0.155066311,0.51,0.17,328.209843,177.7241242,145.0367898,50,238.40971455000002,707.4808794130514,3.770345187593913,707.4808794130514,707.4808794,0,-4.882352941,0.001445487,0.9985538082184156,3.880340294221914e-07,3.166661259256971e-07,1.3440558241054128,0.000396813,124.46494291103697,4941.2933063896435,23561.04031,0.03599861,0.17787402090107207,7.28520771127356e-06,7.549440760094884e-06,GOOD,205.6377744,612.1169936
705,Tomato Processing,Tulare Lake,615.1622148,97.94091108,55.361,2.220206136,0.124471553,0.533148968,0.188806686,0.74,0.17,657.2463564,2815.18314,996.9547547,50,111.0103068,5310.2500442928795,46.16540312275968,5310.2500442928795,707.4808794,4602.769165,-4.882352941,0.49337470214636514,0.506558223,4.9533646356153924e-05,1.754159564274238e-05,48.10750120455665,0.00219674,542460.1952532853,615.1622290262989,1365.7867009353358,-1.42E-05,0.000222999,2.312609341482072e-08,1.6327508353427116e-07,GOOD,102.8379566,5265.845922
705,Truck Crops,Tulare Lake,5008.579027,3985.8669,6.905591667,1.84535452,0.139554281,0.396137579,0.419814805,0.33,0.17,7441.94487,27484.23099,27982.75263,50,92.26772600000001,27431.546017746125,281.19670605044763,27431.546017746125,707.4808794,26724.06514,-4.882352941,0.9372056427269557,0.06276648,1.3534070786870705e-05,1.4343005030195132e-05,6.819200607430678,0.000605023,2133483.927530418,5008.579037,9242.602145262903,-1.02E-05,0.001800989,2.046442830210702e-09,1.9485728917578234e-07,GOOD,4185.160245,27394.63893
705,Vineyard,Tulare Lake,150922.9125,1339.355523,11.74279682,4.00891598,0.302297005,0.200476183,0.304083218,0.13,0.17,2773.231975,2743.166444,4105.247296,50,200.44579900000002,15526.527120927838,74.42802606507189,15526.527120927838,707.4808794,14819.04624,-4.882352941,0.080952817,0.9190445526226084,1.0452302440952317e-06,1.5854101540600638e-06,7.035585549,5.096845511981285e-05,132678.5933234695,150922.91255208172,605037.1541814085,-5.21E-05,0.12148798338603228,3.4508817245328045e-10,2.007942126402415e-07,GOOD,1406.323299,15446.3488
706,Alfalfa,Tulare Lake,38898.65373,283.723947,8.642,4.524530937,0.306290873,0.200481491,0.157957374,1.86,0.17,739.7198673,484.1807412,381.4811931,50,226.22654684999998,2225.051073,10.29208009037635,2225.051073,483.9948614,1741.056212,-4.882352941,0.006157886,0.9938411220690675,5.547613171219909e-07,4.3709092750797093e-07,3.1079376030100354,1.3821414291968363e-05,73594447.04033734,38898.64312255163,175998.04321506905,0.010607448370137718,0.11899396637454629,2.7269448561806867e-07,6.761091416012374e-07,GOOD,297.9101444,2134.560455
706,Almonds & Pistachios,Tulare Lake,1955.33773,5055.636246,1.283333333,3.767767793,0.287448101,0.299096541,0.094248449,0.4,0.17,2039.310074,2110.873995,639.9084906,50,188.3883897,6298.997331273788,32.681745782933554,6298.997331273788,483.9948614,5815.00247,-4.882352941,0.048954322558796434,0.9510426205961502,2.3244017467309262e-06,7.324433065987233e-07,0.6960012771441337,0.001278552,373350.67266538943,1955.3377066316143,7367.255686961434,2.336838565497601e-05,0.00283657,1.1951073871507614e-08,3.850238575766655e-07,GOOD,5308.418058,6223.641975
706,Citrus & Subtropical,Tulare Lake,73.96702016,856.220675,18.2172,3.608433712,0.183365181,0.131883505,0.371008972,0.13,0.17,2549.235389,1743.692937,5418.931559,50,180.4216856,15416.835337351999,82.02392346540681,15416.835337351999,483.9948614,14932.84048,-4.882352941,0.13973767618550056,0.8602577656682413,1.1953734292915522e-06,3.3627728286230596e-06,12.202903169336642,0.10399645241444444,65.52430903585963,73.96702005932524,266.90502058185575,1.0067476807762432e-07,6.853967192910204e-05,1.3610764346035852e-09,2.5679417411892974e-07,GOOD,899.0317088,15344.66666
706,Corn,Tulare Lake,131386.8972,75.51262625,25.336,2.280437339,0.234536008,0.556552162,0.088672787,0.3,0.17,423.9938724,1022.014707,159.5840787,50,114.021867,1798.286271,15.85777108827231,1798.286271,483.9948614,1314.291409,-4.882352941,0.2198358307731791,0.7800853024368649,6.802818540728572e-05,1.0838604548654606e-05,18.814164112222304,2.5370363440878436e-05,1848392.512697459,131386.89679552618,299619.4686,0.000404474,0.11761737958295271,3.0784944262536335e-09,3.925557106022195e-07,GOOD,79.28825756,1752.677524
706,Cotton,Tulare Lake,8808.005629,3805.295579,0.823666667,3.749301711,0.148539114,0.445240339,0.078228087,0.68,0.17,378.6944542,1135.122209,199.4393382,50,187.4650856,2946.1580334147657,15.86631816510324,2946.1580334147657,483.9948614,2462.163172,-4.882352941,0.02418221,0.975813494,3.6543703179845686e-06,6.420676073681511e-07,0.3891904300874186,0.00016696,3388918.8629091866,8808.005211191408,33023.85617262822,0.000417809,0.014402679109480232,4.743509582171456e-08,4.3612934700178453e-07,GOOD,3995.560358,2871.171999
706,Cucurbits,Tulare Lake,61.4859183,485.0643584,17.348,2.442132231,0.087908733,0.228781824,0.653570009,0.05,0.17,920.9338517,2396.72349,6846.813993,50,122.1066116,8291.819617,65.11529741612107,8291.819617,483.9948614,7807.824756,-4.882352941,0.4647422366315455,0.5352083095892038,1.282269203451881e-05,3.6631087216109825e-05,14.87297085798186,0.3252777311126212,4.947558942164108e-05,61.48591828794274,150.15671782334627,1.2057263631959358e-08,2.500971646668404e-05,1.9609796788152317e-10,1.665573985877456e-07,GOOD,509.3175763,8242.976973
706,Dry Beans,Tulare Lake,1840.102989,1466.264232,1.206,1.919782133,0.272510229,0.483520066,0.106180731,1.68,0.17,521.9411016,903.6303871,214.6292221,50,95.98910665,1671.463346,17.38860393459319,1671.463346,483.9948614,1187.468485,-4.882352941,0.41892230494177113,0.5809299212241223,0.000121166,2.6607957472524484e-05,1.0208193429645727,0.000323481,2024717.9763652794,1840.103055064512,3532.5956316250863,-6.61E-05,0.001209537,3.590261659618019e-08,3.4239316393287944e-07,GOOD,1539.577444,1633.067703
706,Grain,Tulare Lake,39095.18905,283.6294651,2.560666667,0.715524558,0.351483763,0.486359995,0.112954365,0.74,0.17,345.3012994,477.8051109,110.9675411,50,35.7762279,689.5534910376098,18.83342610155108,689.5534910376098,483.9948614,205.5586296,-4.882352941,0.9891341560488994,0.010006591843434717,0.000697307,0.000161946,2.5819735420617804,3.456566867148456e-05,1542226.9214065261,39095.21084696696,27973.572713587277,-0.021796967,-0.00484866,5.575357861357963e-07,1.7333003811500236e-07,GOOD,297.8109384,675.2429999
706,Lettuce,Tulare Lake,249.0466665,703.180068,19.4,2.300762612,0.164570286,0.334656366,0.457537993,0.25,0.17,2859.243032,5814.317411,7949.261967,50,115.03813060000002,13525.69842,112.00569514707672,13525.69842,483.9948614,13041.70356,-4.882352941,0.6679222340791174,0.3320386464779077,1.6525705437256802e-05,2.2593737537542207e-05,17.892075511313998,0.016061247,14872.453468821519,249.04666642548878,572.9970777002615,7.451120609403006e-08,0.000181226,2.9918571945242266e-10,3.162775538829728e-07,GOOD,738.3390714,13479.68317
706,Other Deciduous,Tulare Lake,5692.317592,1924.37694,5.1965,3.502172688,0.215021845,0.341552948,0.346579073,0.13,0.17,2284.866179,4950.948854,6009.195442,50,175.1086344,9824.01298,54.10906398305627,9824.01298,483.9948614,9340.018119,-4.882352941,0.10985049112061454,0.8901418144691534,3.819105081106808e-06,3.875305150929593e-06,3.3176177118648487,0.001351349,3154.012483429066,5692.317580501411,19935.47175892853,1.1498589628899936e-05,0.007443196,2.020018989288315e-09,3.733642779686252e-07,GOOD,2020.595787,9753.969527
706,Pasture,Tulare Lake,3652.762468,221.7503675,4.75,4.768194291,0.350906068,0.190014026,0.155066311,0.51,0.17,328.209843,177.7241242,145.0367898,50,238.40971455000002,814.2085447,4.19545172,814.2085447,483.9948614,330.2136832,-4.882352941,0.001663077,0.9983362186904833,3.879494749989961e-07,3.1659712290123814e-07,1.3500439594251044,0.000536795,86674.25742047439,3652.7608813001925,17417.065372018715,0.0015867,0.015774278,4.343835169344866e-07,9.056786164768445e-07,GOOD,232.8378859,718.8446589
706,Potatoes,Tulare Lake,398.4454185,444.581011,23.95,1.233512156,0.150675135,0.475005897,0.095288578,0.41,0.17,793.9256634,2502.863999,502.0871398,50,61.6756078,10585.318636039998,162.51983003864996,10585.318636039998,483.9948614,10101.32377,-4.882352941,0.9839741742539229,0.015972813922168077,4.4154257267828065e-05,8.857566641320037e-06,23.899563962776817,0.006121351,143973.5223728654,398.4454201069763,491.4871186668281,-1.61E-06,0.000148555,4.033115260447411e-09,3.0225692318982947e-07,GOOD,466.8100616,10560.64839
706,Safflower,Tulare Lake,183.5472791,565.3467595,1.069333333,2.392307778,0.396694215,0.424242424,0.112947658,0.74,0.17,212.2655769,227.006242,60.43672676,50,119.61538890000001,483.99486143988435,4.7761077560451275,483.99486143988435,483.9948614,0,-4.882352941,0.054160283,0.9457796533441423,4.7434951005940684e-05,1.262878561967142e-05,0.6158239893528467,0.007362416,13.949257869979261,183.5385663007452,439.08057707264476,0.008712799,0.021006349022115955,4.746896438627101e-05,4.783938344841647e-05,GOOD,593.6140975,436.1487059
706,Tomato Processing,Tulare Lake,529.4935434,97.94091108,55.361,2.220206136,0.124471553,0.533148968,0.188806686,0.74,0.17,657.2463564,2815.18314,996.9547547,50,111.0103068,5310.2500442928795,46.16540312275968,5310.2500442928795,483.9948614,4826.255183,-4.882352941,0.4933747021463648,0.5065582226116363,4.953364635615396e-05,1.7541595642742395e-05,48.107501204556634,0.002552158,489586.50119010796,529.4935428,1175.5844041118078,5.654790129483445e-07,0.000409917,1.067962055433714e-09,3.4869219949875133e-07,GOOD,102.8379566,5265.845922
706,Truck Crops,Tulare Lake,2250.376106,4317.258086,5.3101875,1.84535452,0.139554281,0.396137579,0.419814805,0.33,0.17,7441.94487,27484.23099,27982.75263,50,92.26772600000001,22832.226689886123,234.2094476541189,22832.226689886123,483.9948614,22348.23183,-4.882352941,0.9254988176514696,0.074468108,1.6057243347937106e-05,1.7016988143282823e-05,5.231002049849495,0.001346576,801624.6126,2250.376107109896,4152.740223904422,-1.11E-06,0.001495003,4.932046446075407e-10,3.600037705856305e-07,GOOD,4533.12099,22795.3196
706,Vineyard,Tulare Lake,574.5288852,1366.998887,12.39690226,4.00891598,0.302297005,0.200476183,0.304083218,0.13,0.17,2773.231975,2743.166444,4105.247296,50,200.44579900000002,16745.29893626178,80.19557760311832,16745.29893626178,483.9948614,16261.30407,-4.882352941,0.086755895,0.9132414905052005,1.0386304160279535e-06,1.575399503782745e-06,7.532123468761667,0.013388896347012931,554.2323621738199,574.5288842827401,2303.237202006903,9.172598538498278e-07,0.000826843,1.5965426238413048e-09,3.58991538214747e-07,GOOD,1435.348831,16665.12062
707,Almonds & Pistachios,Tulare Lake,3.858575744,4617.615517,1.502,3.767767793,0.287448101,0.299096541,0.094248449,0.4,0.17,2039.310074,2110.873995,639.9084906,50,188.3883897,6746.589324,34.93636010946545,6746.589324,744.861924,6001.7274,-4.882352941,0.052250992356194154,0.9477459613948878,2.3163445259083863e-06,7.299043920287455e-07,0.8252123653256705,0.6479074575346732,760.4101091880625,3.85857489,14.53820700873482,8.544837197810295e-07,1.0406359391978981e-05,2.214505497552388e-07,7.157933531228281e-07,GOOD,4848.496293,6671.233968
707,Citrus & Subtropical,Tulare Lake,3629.655919,819.7163216,16.76466667,3.608433712,0.183365181,0.131883505,0.371008972,0.13,0.17,2549.235389,1743.692937,5418.931559,50,180.4216856,13561.162952324521,72.26561578675431,13561.162952324521,744.861924,12816.30103,-4.882352941,0.12502092010374255,0.8749744437724749,1.2158230278599213e-06,3.420300754823257e-06,10.98040726262841,0.002119294,2759.6305149840273,3629.655802803151,13097.32316885675,0.000116197,0.049612223,3.201318568879765e-08,3.7879522878340037e-06,GOOD,860.7021377,13488.99428
707,Grain,Tulare Lake,581.0261594,286.2963187,2.73,0.715524558,0.351483763,0.486359995,0.112954365,0.74,0.17,345.3012994,477.8051109,110.9675411,50,35.7762279,744.8619240279999,20.267647812100112,744.8619240279999,744.861924,0,-4.882352941,0.9899324810532036,0.009271397,0.000646075,0.000150047,2.751071528427497,0.002325801,39.12444933407846,581.0271071415203,415.7375967488938,-0.000947742,0.000889142,1.6311512055289306e-06,2.1387056020024663e-06,GOOD,300.6111346,730.5514329
707,Other Deciduous,Tulare Lake,112.7414189,1746.7764,4.535,3.502172688,0.215021845,0.341552948,0.346579073,0.13,0.17,2284.866179,4950.948854,6009.195442,50,175.1086344,7745.619185734001,42.86309755586932,7745.619185734001,744.861924,7000.757262,-4.882352941,0.088671446,0.911320677,3.909971839767355e-06,3.967509060067238e-06,2.7736993212772014,0.068229651,46.82291235612494,112.74141253596308,394.8384457362981,6.364036920558647e-06,0.001472342,5.6448082547226545e-08,3.728958449908076e-06,GOOD,1834.11522,7675.575732
707,Pasture,Tulare Lake,152.5861464,285.0002006,5,4.768194291,0.350906068,0.190014026,0.155066311,0.51,0.17,328.209843,177.7241242,145.0367898,50,238.40971455000002,1185.895302,5.675915743373967,1185.895302,744.861924,441.033378,-4.882352941,0.002420109,0.9975791871457372,3.8765529555839927e-07,3.163570494625258e-07,1.5116137538751029,0.012850342970097383,4834.419566945432,152.58536685408322,727.5534897691954,0.000779546,0.006902381,5.108890519637536e-06,9.487021351443448e-06,GOOD,299.2502106,1090.531416
708,Alfalfa,Tulare Lake,13617.37082,277.7988945,8.566,4.524530937,0.306290873,0.200481491,0.157957374,1.86,0.17,739.7198673,484.1807412,381.4811931,50,226.22654684999998,2152.7340536990005,9.988527864312058,2152.7340536990005,483.9948614,1668.739192,-4.882352941,0.005958967,0.994040041,5.548723535528719e-07,4.3717841200817494e-07,3.0618993334140057,3.9481513407310626e-05,24693504.14749742,13617.368096739012,61612.18223487418,0.002723261,0.033320816881314386,1.9998434530439382e-07,5.408151059134665e-07,GOOD,291.6888392,2062.243435
708,Almonds & Pistachios,Tulare Lake,266819.4854,5254.957539,1.2765,3.767767793,0.287448101,0.299096541,0.094248449,0.4,0.17,2039.310074,2110.873995,639.9084906,50,188.3883897,6518.884116,33.78936143039096,6518.884116,483.9948614,6034.889254,-4.882352941,0.050576725798651266,0.9494202225710136,2.3204365145511567e-06,7.311938204574972e-07,0.6967936948755586,9.36963054348204e-06,52872679.34598697,266819.4834424313,1005313.5367529641,0.001957569,0.32688198960386217,7.336678152702321e-09,3.25154164712244e-07,GOOD,5517.705416,6443.52876
708,Citrus & Subtropical,Tulare Lake,5028.220857,1062.045455,16.13,3.608433712,0.183365181,0.131883505,0.371008972,0.13,0.17,2549.235389,1743.692937,5418.931559,50,180.4216856,16949.685245891997,90.08462488739092,16949.685245891997,483.9948614,16465.69038,-4.882352941,0.1515259794239659,0.8484695248907357,1.1789930484732801e-06,3.316692249794376e-06,10.983146515778204,0.001529827,4911.517488439458,5028.2208531804245,18143.996003977227,3.81957579520531e-06,0.005647803,7.596276901576262e-10,3.1127659795312584e-07,GOOD,1115.147728,16877.51657
708,Corn,Tulare Lake,11459.7622,253.0253431,19.8995,2.280437339,0.234536008,0.556552162,0.088672787,0.3,0.17,423.9938724,1022.014707,159.5840787,50,114.021867,4920.1761871114495,41.734066715405845,4920.1761871114495,483.9948614,4436.181326,-4.882352941,0.4353155589854901,0.5646273570686462,4.9238941449996464e-05,7.845004413622254e-06,16.862093059634685,0.000290873,544102.6446356699,11459.762218942586,26133.261431042512,-1.89E-05,0.008185898,1.6529650496305789e-09,3.13236667050799e-07,GOOD,265.6766103,4874.56744
708,Cotton,Tulare Lake,6101.235793,3766.024208,0.776,3.749301711,0.148539114,0.445240339,0.078228087,0.68,0.17,378.6944542,1135.122209,199.4393382,50,187.4650856,2734.2976923180004,14.793846223969503,2734.2976923180004,483.9948614,2250.302831,-4.882352941,0.022482431461854697,0.9775132646162489,3.660735870596462e-06,6.431860258040114e-07,0.3615777515297293,0.000241031,2145497.432061544,6101.235592024952,22875.365525790916,0.000200975,0.008272118,3.2940055861637334e-08,3.616167543021402e-07,GOOD,3954.325418,2659.311658
708,Cucurbits,Tulare Lake,302.5489449,829.3999693,16.1025,2.442132231,0.087908733,0.228781824,0.653570009,0.05,0.17,920.9338517,2396.72349,6846.813993,50,122.1066116,13232.336133537248,103.34550057282021,13232.336133537248,483.9948614,12748.34127,-4.882352941,0.5808161425918551,0.4191451279821218,1.004201317055212e-05,2.868741285258687e-05,14.434004173000087,0.066105007,0.000397496,302.5489449116407,738.8643301,-1.16E-08,0.000199651,3.8475547745430037e-11,2.7021320691690694e-07,GOOD,870.8699678,13183.49349
708,Dry Beans,Tulare Lake,75.7249257,1204.529622,1.604,1.919782133,0.272510229,0.483520066,0.106180731,1.68,0.17,521.9411016,903.6303871,214.6292221,50,95.98910665,1835.2141960120002,18.99883696104368,1835.2141960120002,483.9948614,1351.219335,-4.882352941,0.4418266808534559,0.55803137,0.00011639,2.555914994579306e-05,1.3712182085770848,0.007860531,94809.73809,75.72493110759955,145.37535448723133,-5.41E-06,4.894381191888897e-06,7.141109080068144e-08,3.366719926064686e-08,GOOD,1264.756103,1796.818553
708,Grain,Tulare Lake,7474.609625,299.3468083,2.38,0.715524558,0.351483763,0.486359995,0.112954365,0.74,0.17,345.3012994,477.8051109,110.9675411,50,35.7762279,675.7183777,18.474663092017018,675.7183777,483.9948614,191.7235163,-4.882352941,0.9889142621152895,0.010209096945880838,0.000711418,0.000165223,2.400197851674878,0.000180792,275046.82908000035,7474.614423526815,5348.268474069662,-0.004798527,-0.001725919,6.41976913240948e-07,3.2270622840779664e-07,GOOD,314.3141487,661.4078866
708,Lettuce,Tulare Lake,162.0540372,684.769363,16.01225,2.300762612,0.164570286,0.334656366,0.457537993,0.25,0.17,2859.243032,5814.317411,7949.261967,50,115.03813060000002,10848.703337451752,90.02611471279903,10848.703337451752,483.9948614,10364.70848,-4.882352941,0.6173368391182871,0.382618082,1.9043065593037726e-05,2.6035440819930008e-05,14.537574373055586,0.024683125,7691.055105339562,162.05403728875163,372.84778443429536,-8.88E-08,8.54791218785067e-05,5.476668210215974e-10,2.2926005155495905e-07,GOOD,719.0078312,10802.68809
708,Onions & Garlic,Tulare Lake,986.5654233,2882.549818,7.8,1.253629891,0.178481578,0.383051703,0.272440319,0.41,0.17,887.6914461,1905.136225,1355.002253,50,62.681494550000004,22420.373112249996,337.1340532176896,22420.373112249996,483.9948614,21936.37825,-4.882352941,0.9916124315298508,0.008358577,1.6941547090127957e-05,1.2049445172648096e-05,7.791055475087415,0.002472238,774146.8890241685,986.5654254713198,1236.7875541420385,-2.17E-06,0.000349934,2.200887802613187e-09,2.82937687532133e-07,GOOD,3026.677309,22395.30051
708,Other Deciduous,Tulare Lake,9187.34411,2358.861787,3.868333333,3.502172688,0.215021845,0.341552948,0.346579073,0.13,0.17,2284.866179,4950.948854,6009.195442,50,175.1086344,8948.851890326043,49.37366096997128,8948.851890326043,483.9948614,8464.857029,-4.882352941,0.10105367872964063,0.8989385508208974,3.856847000374062e-06,3.91360246169643e-06,2.4286639071828158,0.000837272,4613.571020953128,9187.344097786832,32175.65547126984,1.2213167792651802e-05,0.010146029824682046,1.3293469414472385e-09,3.1533239888056584e-07,GOOD,2476.804876,8878.808437
708,Pasture,Tulare Lake,300.5043649,167.5,5,4.768194291,0.350906068,0.190014026,0.155066311,0.51,0.17,328.209843,177.7241242,145.0367898,50,238.40971455000002,598.394299,3.3358428696317888,598.394299,483.9948614,114.3994376,-4.882352941,0.00122299,0.9987763049891346,3.881204907803726e-07,3.1673668515829405e-07,1.3560290979562126,0.006524978,2475.239050122969,300.5040957367246,1432.8613374202803,0.000269163,0.001859716,8.95705044019605e-07,1.2979023289056037e-06,GOOD,175.875,503.0304132
708,Potatoes,Tulare Lake,339.9763888,444.581011,23.95,1.233512156,0.150675135,0.475005897,0.095288578,0.41,0.17,793.9256634,2502.863999,502.0871398,50,61.6756078,10585.318636039998,162.51983003864996,10585.318636039998,483.9948614,10101.32377,-4.882352941,0.9839741742539229,0.015972813922168077,4.4154257267828065e-05,8.857566641320037e-06,23.899563962776817,0.007174099,122846.43252622255,339.97639045061186,419.3649106418643,-1.65E-06,9.769591792974097e-05,4.855077936162578e-09,2.329615394402451e-07,GOOD,466.8100616,10560.64839
708,Safflower,Tulare Lake,15.49429538,565.3467595,1.069333333,2.392307778,0.396694215,0.424242424,0.112947658,0.74,0.17,212.2655769,227.006242,60.43672676,50,119.61538890000001,483.99486143988435,4.7761077560451275,483.99486143988435,483.9948614,0,-4.882352941,0.054160282919232104,0.9457796533441422,4.7434951005940705e-05,1.2628785619671422e-05,0.6158239893528467,0.087216057,1.1775381407397187,15.49474136487746,37.06821387142457,-0.000445985,-0.001090519,2.8783811494545496e-05,2.942012010857687e-05,GOOD,593.6140975,436.1487059
708,Tomato Processing,Tulare Lake,766.0172503,100.1550886,56.328,2.220206136,0.124471553,0.533148968,0.188806686,0.74,0.17,657.2463564,2815.18314,996.9547547,50,111.0103068,5529.679097,48.03368625942327,5529.679097,483.9948614,5045.684235,-4.882352941,0.5034967400253458,0.49643752485156206,4.8543996911435746e-05,1.719112618078334e-05,49.14359244957912,0.001764127,740485.5983349665,766.0172536633253,1700.715701939489,-3.36E-06,0.000497458,4.390665191460494e-09,2.9249937110347174e-07,GOOD,105.162843,5485.274974
708,Truck Crops,Tulare Lake,783.1658511,1276.630474,15.81926667,1.84535452,0.139554281,0.396137579,0.419814805,0.41,0.17,7441.94487,27484.23099,27982.75263,50,92.26772600000001,20102.134674589503,206.3184642663264,20102.134674589503,483.9948614,19618.13981,-4.882352941,0.916228406,0.083734404,1.8055295561048525e-05,1.9134464355321745e-05,15.553026951134678,0.003114314,549596.1475764031,783.1658521474535,1445.2182271988288,-1.05E-06,0.000416038,1.337460578117939e-09,2.878721537107118e-07,GOOD,1340.461998,20065.22758
708,Vineyard,Tulare Lake,10844.70239,1575.156004,12.05608017,4.00891598,0.302297005,0.200476183,0.304083218,0.13,0.17,2773.231975,2743.166444,4105.247296,50,200.44579900000002,18788.95440907484,89.86669742814509,18788.95440907484,483.9948614,18304.95955,-4.882352941,0.096323842,0.9036735709469631,1.0277488120112583e-06,1.5588942355913694e-06,7.481720917,0.000709315,11776.335019438722,10844.702379787243,43475.48712558178,1.0212757842964493e-05,0.013584033418737818,9.417278110261256e-10,3.1245260427175537e-07,GOOD,1653.913804,18708.77609
709,Alfalfa,Tulare Lake,2791.772247,277.7988945,8.566,4.524530937,0.306290873,0.200481491,0.157957374,1.86,0.17,739.7198673,484.1807412,381.4811931,50,226.22654684999998,2152.7340536990005,9.988527864312058,2152.7340536990005,483.9948614,1668.739192,-4.882352941,0.005958967,0.9940400410773902,5.548723535528719e-07,4.3717841200817504e-07,3.0618993334140057,0.000192578,5062551.389061951,2791.7717731030793,12631.454913848289,0.000473897,0.004986761,1.6974770096248422e-07,3.9478898364068357e-07,GOOD,291.6888392,2062.243435
709,Almonds & Pistachios,Tulare Lake,233203.8178,5107.065543,1.249,3.767767793,0.287448101,0.299096541,0.094248449,0.4,0.17,2039.310074,2110.873995,639.9084906,50,188.3883897,6189.65568,32.13096905654405,6189.65568,483.9948614,5705.660819,-4.882352941,0.048145495,0.9518514456641152,2.3263785607664526e-06,7.330662213813112e-07,0.6751445408976224,1.0720236159015404e-05,43690525.90891663,233203.8160551199,878657.6418976674,0.00174488,0.192013813,7.48221060666928e-09,2.1853081505670537e-07,GOOD,5362.41882,6114.300325
709,Citrus & Subtropical,Tulare Lake,45823.47028,938.2138971,16.91,3.608433712,0.183365181,0.131883505,0.371008972,0.13,0.17,2549.235389,1743.692937,5418.931559,50,180.4216856,15684.08906,83.42931379331897,15684.08906,483.9948614,15200.0942,-4.882352941,0.14181649690737788,0.8581789559611076,1.192484813823454e-06,3.3546467005274923e-06,11.361119244072658,0.000167868,41319.59562493803,45823.47024193297,165350.92057810895,3.806703170994297e-05,0.034381073142867535,8.307321876177852e-10,2.0792787771534017e-07,GOOD,985.124592,15611.92038
709,Corn,Tulare Lake,924.2223984,253.0253431,19.8995,2.280437339,0.234536008,0.556552162,0.088672787,0.3,0.17,423.9938724,1022.014707,159.5840787,50,114.021867,4920.1761871114495,41.734066715405845,4920.1761871114495,483.9948614,4436.181326,-4.882352941,0.43531555898549024,0.5646273570686463,4.9238941449996485e-05,7.845004413622256e-06,16.862093059634685,0.003606636,43881.52584884892,924.2223973300835,2107.630838,1.0699164931793348e-06,0.000428832,1.1576396493220227e-09,2.0346646048937816e-07,GOOD,265.6766103,4874.56744
709,Cotton,Tulare Lake,73.77579845,3766.024208,0.776,3.749301711,0.148539114,0.445240339,0.078228087,0.68,0.17,378.6944542,1135.122209,199.4393382,50,187.4650856,2734.2976923180004,14.793846223969503,2734.2976923180004,483.9948614,2250.302831,-4.882352941,0.022482431461854697,0.9775132646162489,3.6607358705964614e-06,6.431860258040114e-07,0.36157775152972943,0.019933206636737085,25943.23371412192,73.7757961,276.6076740008363,2.3518519896015277e-06,5.3358139837200724e-05,3.1878367147668975e-08,1.9290184098130262e-07,GOOD,3954.325418,2659.311658
709,Cucurbits,Tulare Lake,137.9567952,829.3999693,16.1025,2.442132231,0.087908733,0.228781824,0.653570009,0.05,0.17,920.9338517,2396.72349,6846.813993,50,122.1066116,13232.336133537248,103.34550057282021,13232.336133537248,483.9948614,12748.34127,-4.882352941,0.5808161425918552,0.4191451279821216,1.004201317055212e-05,2.8687412852586877e-05,14.434004173000087,0.14497292410283535,0.000181251,137.95679518549582,336.9086814745182,1.4504166756523773e-08,5.456886788124393e-05,1.0513557331841944e-10,1.6196928735684883e-07,GOOD,870.8699678,13183.49349
709,Dry Beans,Tulare Lake,152.4733083,1204.529622,1.604,1.919782133,0.272510229,0.483520066,0.106180731,1.68,0.17,521.9411016,903.6303871,214.6292221,50,95.98910665,1835.2141960120002,18.99883696104368,1835.2141960120002,483.9948614,1351.219335,-4.882352941,0.4418266808534559,0.55803137,0.00011639,2.5559149945793063e-05,1.3712182085770848,0.003903884,190900.87301928905,152.47330918258433,292.7154873938164,-8.83E-07,4.5639924280749256e-05,5.7884512809609305e-09,1.5591903787179086e-07,GOOD,1264.756103,1796.818553
709,Grain,Tulare Lake,9096.000012,284.3008898,2.484,0.715524558,0.351483763,0.486359995,0.112954365,0.74,0.17,345.3012994,477.8051109,110.9675411,50,35.7762279,669.4763842,18.312799844451014,669.4763842,483.9948614,185.4815228,-4.882352941,0.9888121120890734,0.010303169125063849,0.000717973,0.000166745,2.505271517803503,0.000148565,323832.61757948366,9096.002806449527,6508.411999150376,-0.00279445,-0.000610996,3.07217405800253e-07,9.38779133691418e-08,GOOD,298.5159343,655.1658931
709,Lettuce,Tulare Lake,408.6194499,684.769363,16.01225,2.300762612,0.164570286,0.334656366,0.457537993,0.25,0.17,2859.243032,5814.317411,7949.261967,50,115.03813060000002,10848.703337451752,90.02611471279903,10848.703337451752,483.9948614,10364.70848,-4.882352941,0.6173368391182871,0.382618082,1.904306559303773e-05,2.6035440819930008e-05,14.537574373055586,0.009789059,19393.00470753368,408.6194497193246,940.1361729716613,1.8067538576360676e-07,0.000179894,4.421605134259341e-10,1.9134912235147883e-07,GOOD,719.0078312,10802.68809
709,Onions & Garlic,Tulare Lake,1459.03694,2882.549818,7.8,1.253629891,0.178481578,0.383051703,0.272440319,0.41,0.17,887.6914461,1905.136225,1355.002253,50,62.681494550000004,22420.373112249996,337.1340532176896,22420.373112249996,483.9948614,21936.37825,-4.882352941,0.9916124315298508,0.008358577,1.6941547090127957e-05,1.2049445172648096e-05,7.791055475087414,0.001671667,1144890.0208707964,1459.0369412199732,1829.091960898343,-1.22E-06,0.000359159,8.361496510273319e-10,1.9635905016664546e-07,GOOD,3026.677309,22395.30051
709,Other Deciduous,Tulare Lake,3854.135621,2055.510278,4.123166667,3.502172688,0.215021845,0.341552948,0.346579073,0.13,0.17,2284.866179,4950.948854,6009.195442,50,175.1086344,8299.199673659501,45.85846234,8299.199673659501,483.9948614,7815.204812,-4.882352941,0.094410335,0.9055818376078811,3.8853496613107894e-06,3.9425245537566185e-06,2.5536396820285723,0.001995858,1786.881999380711,3854.135615183417,13497.845679505983,5.816582870465936e-06,0.002828208,1.509179604052635e-09,2.0953029181042156e-07,GOOD,2158.285792,8229.15622
709,Pasture,Tulare Lake,141.5694386,226.2501003,5,4.768194291,0.350906068,0.190014026,0.155066311,0.51,0.17,328.209843,177.7241242,145.0367898,50,238.40971455000002,892.1448005450002,4.505879306502878,892.1448005450002,483.9948614,408.1499391,-4.882352941,0.001821908,0.9981773871405971,3.878877536918472e-07,3.1654675348582627e-07,1.4419815996423457,0.013850336,4151.2112792055195,141.56940909399913,675.0302920068998,2.9506000885248795e-05,0.000296906,2.0842069571679995e-07,4.398403571820657e-07,GOOD,237.5626053,796.7809147
709,Potatoes,Tulare Lake,1863.768758,444.581011,23.95,1.233512156,0.150675135,0.475005897,0.095288578,0.41,0.17,793.9256634,2502.863999,502.0871398,50,61.6756078,10585.318636039998,162.51983003864996,10585.318636039998,483.9948614,10101.32377,-4.882352941,0.9839741742539229,0.015972814,4.4154257267828065e-05,8.857566641320037e-06,23.89956396277682,0.001308652,673450.7175109114,1863.7687614758129,2298.980964665891,-3.48E-06,0.0004543,1.8649378743947264e-09,1.9760930959276765e-07,GOOD,466.8100616,10560.64839
709,Safflower,Tulare Lake,8.07133325,565.3467595,1.069333333,2.392307778,0.396694215,0.424242424,0.112947658,0.74,0.17,212.2655769,227.006242,60.43672676,50,119.61538890000001,483.99486143988435,4.7761077560451275,483.99486143988435,483.9948614,0,-4.882352941,0.054160283,0.9457796533441423,4.743495100594069e-05,1.2628785619671419e-05,0.6158239893528467,0.16742603848643609,0.6134065806415313,8.070990292140332,19.308306591312842,0.000342958,0.000806721,4.249085610097411e-05,4.1779313172488736e-05,GOOD,593.6140975,436.1487059
709,Tomato Processing,Tulare Lake,259.6436633,100.1550886,56.328,2.220206136,0.124471553,0.533148968,0.188806686,0.74,0.17,657.2463564,2815.18314,996.9547547,50,111.0103068,5529.679097,48.03368625942327,5529.679097,483.9948614,5045.684235,-4.882352941,0.50349674,0.4964375248515619,4.854399691143575e-05,1.719112618078334e-05,49.14359244957913,0.005204638,250989.63932899185,259.64366278722656,576.4623481209251,5.127734539200901e-07,0.000106311,1.9749122601448446e-09,1.8442008166108545e-07,GOOD,105.162843,5485.274974
709,Truck Crops,Tulare Lake,1943.711424,5028.993738,10.58063333,1.84535452,0.139554281,0.396137579,0.419814805,0.33,0.17,7441.94487,27484.23099,27982.75263,50,92.26772600000001,53116.71552797909,543.5998163151057,53116.71552797909,483.9948614,52632.72067,-4.882352941,0.9665549079314749,0.033430244,7.208422272093801e-06,7.639271179866317e-06,10.510939070451675,0.001559029,1630642.7128520757,1943.7114241107447,3586.835941082231,-1.11E-07,0.000720772,5.6975856083346556e-11,2.0094915765490176e-07,GOOD,5280.443425,53079.80844
709,Vineyard,Tulare Lake,64237.57906,1435.259758,12.06370409,4.00891598,0.302297005,0.200476183,0.304083218,0.13,0.17,2773.231975,2743.166444,4105.247296,50,200.44579900000002,17113.296357391006,81.93703901987207,17113.296357391006,483.9948614,16629.3015,-4.882352941,0.088493707,0.9115036838537237,1.0366540068698448e-06,1.5724016770689237e-06,7.359129303979123,0.000119748,63370.57324501975,64237.57899910658,257523.00361425814,6.089341331971809e-05,0.053595889,9.479406635614592e-10,2.081207400375076e-07,GOOD,1507.022746,17033.11804
710,Alfalfa,Tulare Lake,21706.6746,277.7988945,8.566,4.524530937,0.306290873,0.200481491,0.157957374,1.86,0.17,739.7198673,484.1807412,381.4811931,50,226.22654684999998,2152.7340536990005,9.988527864312058,2152.7340536990005,483.9948614,1668.739192,-4.882352941,0.005958967,0.9940400410773903,5.548723535528721e-07,4.371784120081751e-07,3.061899333414006,2.4768160877214725e-05,39362507.370088406,21706.67107,98212.47955629093,0.00353312,0.041210801,1.6276652518127997e-07,4.1960842511869466e-07,GOOD,291.6888392,2062.243435
710,Almonds & Pistachios,Tulare Lake,91062.4337,5441.749301,1.298,3.767767793,0.287448101,0.299096541,0.094248449,0.4,0.17,2039.310074,2110.873995,639.9084906,50,188.3883897,6874.32141,35.57977329879054,6874.32141,483.9948614,6390.326549,-4.882352941,0.053187595711485604,0.9468093610500209,2.31405542189722e-06,7.291830714078824e-07,0.7156585052847326,2.74536919168678e-05,19107577.323542558,91062.43316,343102.02085329016,0.000537432,0.083993768,5.901795931671201e-09,2.44806914426937e-07,GOOD,5713.836766,6798.966054
710,Citrus & Subtropical,Tulare Lake,37104.33364,1062.045455,16.13,3.608433712,0.183365181,0.131883505,0.371008972,0.13,0.17,2549.235389,1743.692937,5418.931559,50,180.4216856,16949.685245891997,90.08462488739092,16949.685245891997,483.9948614,16465.69038,-4.882352941,0.15152597942396606,0.8484695248907357,1.1789930484732814e-06,3.3166922497943794e-06,10.983146515778207,0.000207316,36243.154139908234,37104.33361557123,133888.49682402625,2.4428765755146742e-05,0.031543845,6.583803927639203e-10,2.3559781993756e-07,GOOD,1115.147728,16877.51657
710,Corn,Tulare Lake,29612.58,253.0253431,19.8995,2.280437339,0.234536008,0.556552162,0.088672787,0.3,0.17,423.9938724,1022.014707,159.5840787,50,114.021867,4920.1761871114495,41.734066715405845,4920.1761871114495,483.9948614,4436.181326,-4.882352941,0.43531555898549024,0.5646273570686462,4.923894144999648e-05,7.845004413622256e-06,16.862093059634688,0.000112565,1405987.5598889254,29612.58001491992,67529.61711573032,-1.49E-05,0.016020394308725372,5.038371736801394e-10,2.37235026531713e-07,GOOD,265.6766103,4874.56744
710,Cotton,Tulare Lake,4414.428171,3766.024208,0.776,3.749301711,0.148539114,0.445240339,0.078228087,0.68,0.17,378.6944542,1135.122209,199.4393382,50,187.4650856,2734.2976923180004,14.793846223969503,2734.2976923180004,483.9948614,2250.302831,-4.882352941,0.022482431461854697,0.9775132646162488,3.660735870596461e-06,6.431860258040113e-07,0.3615777515297293,0.000333132,1552332.1219230634,4414.428046916435,16551.01853215466,0.000124084,0.004562462,2.810863824447906e-08,2.756604358391755e-07,GOOD,3954.325418,2659.311658
710,Cucurbits,Tulare Lake,1450.157811,829.3999693,16.1025,2.442132231,0.087908733,0.228781824,0.653570009,0.05,0.17,920.9338517,2396.72349,6846.813993,50,122.1066116,13232.336133537248,103.34550057282021,13232.336133537248,483.9948614,12748.34127,-4.882352941,0.5808161425918552,0.4191451279821218,1.0042013170552122e-05,2.8687412852586873e-05,14.434004173000087,0.013791602436846786,0.001905251,1450.1578109795005,3541.4763140767336,2.0499555830610916e-08,0.000816203,1.4136086207386511e-11,2.3046958739004253e-07,GOOD,870.8699678,13183.49349
710,Dry Beans,Tulare Lake,543.8399386,1204.529622,1.604,1.919782133,0.272510229,0.483520066,0.106180731,1.68,0.17,521.9411016,903.6303871,214.6292221,50,95.98910665,1835.2141960120002,18.99883696104368,1835.2141960120002,483.9948614,1351.219335,-4.882352941,0.4418266808534557,0.55803137,0.00011639,2.5559149945793053e-05,1.3712182085770848,0.00109451,680902.9083124875,543.8399603258032,1044.0539992853105,-2.17E-05,0.000198051,3.9948892433234186e-08,1.8969397096344815e-07,GOOD,1264.756103,1796.818553
710,Grain,Tulare Lake,13282.98762,299.3468083,2.38,0.715524558,0.351483763,0.486359995,0.112954365,0.74,0.17,345.3012994,477.8051109,110.9675411,50,35.7762279,675.7183777,18.474663092017018,675.7183777,483.9948614,191.7235163,-4.882352941,0.9889142621152895,0.010209096945880838,0.000711418,0.000165223,2.4001978516748785,0.000101735,488780.5261923496,13282.993479467928,9504.305726727553,-0.005859468,-0.001881008,4.411257539462081e-07,1.9791113693354566e-07,GOOD,314.3141487,661.4078866
710,Lettuce,Tulare Lake,3607.305843,684.769363,16.01225,2.300762612,0.164570286,0.334656366,0.457537993,0.25,0.17,2859.243032,5814.317411,7949.261967,50,115.03813060000002,10848.703337451752,90.02611471279903,10848.703337451752,483.9948614,10364.70848,-4.882352941,0.6173368391182872,0.3826180823752999,1.904306559303773e-05,2.603544081993001e-05,14.537574373055586,0.001108861,171202.07863804084,3607.3058435274866,8299.552479219654,-5.27E-07,0.001934404,1.4622726387924644e-10,2.3307322199416479e-07,GOOD,719.0078312,10802.68809
710,Onions & Garlic,Tulare Lake,5320.943579,2882.549818,7.8,1.253629891,0.178481578,0.383051703,0.272440319,0.41,0.17,887.6914461,1905.136225,1355.002253,50,62.681494550000004,22420.373112249996,337.1340532176896,22420.373112249996,483.9948614,21936.37825,-4.882352941,0.9916124315298508,0.008358577,1.694154709012796e-05,1.2049445172648096e-05,7.791055475087414,0.000458382,4175285.106361763,5320.943586726343,6670.492387921827,-7.73E-06,0.001531037,1.4520625738212112e-09,2.2952379722229423e-07,GOOD,3026.677309,22395.30051
710,Other Deciduous,Tulare Lake,5997.419238,2358.861787,3.868333333,3.502172688,0.215021845,0.341552948,0.346579073,0.13,0.17,2284.866179,4950.948854,6009.195442,50,175.1086344,8948.851890326043,49.37366096997128,8948.851890326043,483.9948614,8464.857029,-4.882352941,0.10105367872964065,0.8989385508208972,3.856847000374062e-06,3.913602461696431e-06,2.428663907182816,0.001282603,3011.6994928737454,5997.419230988988,21003.992863899322,7.011012712609954e-06,0.00498991,1.169004939355876e-09,2.375695371584834e-07,GOOD,2476.804876,8878.808437
710,Pasture,Tulare Lake,1877.792604,167.5,5,4.768194291,0.350906068,0.190014026,0.155066311,0.51,0.17,328.209843,177.7241242,145.0367898,50,238.40971455000002,598.394299,3.3358428696317888,598.394299,483.9948614,114.3994376,-4.882352941,0.00122299,0.9987763049891349,3.881204907803727e-07,3.1673668515829405e-07,1.3560290979562126,0.001044196,15467.281425345089,1877.7912459857978,8953.670608610377,0.001358014,0.009365464,7.231971194815188e-07,1.0459905284785346e-06,GOOD,175.875,503.0304132
710,Potatoes,Tulare Lake,16533.5371,444.581011,23.95,1.233512156,0.150675135,0.475005897,0.095288578,0.41,0.17,793.9256634,2502.863999,502.0871398,50,61.6756078,10585.318636039998,162.51983003864996,10585.318636039998,483.9948614,10101.32377,-4.882352941,0.9839741742539229,0.015972813922168073,4.415425726782806e-05,8.857566641320037e-06,23.899563962776813,0.00014752,5974197.375717725,16533.537153058398,20394.314304155152,-5.31E-05,0.004690372,3.2091376616750964e-09,2.299842341883804e-07,GOOD,466.8100616,10560.64839
710,Safflower,Tulare Lake,715.2783217,565.3467595,1.069333333,2.392307778,0.396694215,0.424242424,0.112947658,0.74,0.17,212.2655769,227.006242,60.43672676,50,119.61538890000001,483.99486143988435,4.7761077560451275,483.99486143988435,483.9948614,0,-4.882352941,0.054160283,0.9457796533441422,4.743495100594067e-05,1.2628785619671417e-05,0.6158239893528465,0.001889266,54.35984563281539,715.2780685596455,1711.164809371846,0.00025314,0.001083066,3.53904692532345e-07,6.329402982137722e-07,GOOD,593.6140975,436.1487059
710,Tomato Processing,Tulare Lake,5720.795175,100.1550886,56.328,2.220206136,0.124471553,0.533148968,0.188806686,0.74,0.17,657.2463564,2815.18314,996.9547547,50,111.0103068,5529.679097,48.03368625942327,5529.679097,483.9948614,5045.684235,-4.882352941,0.5034967400253458,0.49643752485156206,4.854399691143574e-05,1.719112618078334e-05,49.14359244957913,0.000236217,5530118.853658487,5720.795184708905,12701.341573831878,-9.71E-06,0.002976502,1.6971250948763262e-09,2.3434545088588607e-07,GOOD,105.162843,5485.274974
710,Truck Crops,Tulare Lake,21615.41183,5028.993738,10.58063333,1.84535452,0.139554281,0.396137579,0.419814805,0.33,0.17,7441.94487,27484.23099,27982.75263,50,92.26772600000001,53116.71552797909,543.5998163151057,53116.71552797909,483.9948614,52632.72067,-4.882352941,0.9665549079314749,0.033430244,7.208422272093801e-06,7.639271179866315e-06,10.510939070451677,0.000140192,18133871.803536862,21615.411835043273,39888.08865329476,-5.04E-06,0.009268857,2.33318331025772e-10,2.3237150162867315e-07,GOOD,5280.443425,53079.80844
710,Vineyard,Tulare Lake,44404.94927,1575.156004,12.05608017,4.00891598,0.302297005,0.200476183,0.304083218,0.13,0.17,2773.231975,2743.166444,4105.247296,50,200.44579900000002,18788.95440907484,89.86669742814509,18788.95440907484,483.9948614,18304.95955,-4.882352941,0.096323842,0.903673571,1.027748812011258e-06,1.5588942355913687e-06,7.481720917,0.000173231,48219.63206725683,44404.94923506318,178015.66875065299,3.493682015687227e-05,0.041968939,7.867776167120993e-10,2.3575974946582104e-07,GOOD,1653.913804,18708.77609