region,crop,hr,xland,p,y,xwater_unit,omegaland,omegawater,omegasupplies,omegalabor,theta,omegawater_unit,CS_land,CS_labor,CS_supplies
1,Alfalfa,Sacramento River,218.8354054,280.6469987,5.962401488,0.296530363,471.6662224,50,252.5143029,311.8836593,1.86,50,0.281872792,0.186385019,0.150905255
1,Almonds,Sacramento River,32.71585715,4683.240486,0.738721068,0.328498172,752.6390797,50,323.8653982,1042.332314,0.4,50,0.217550367,0.301286212,0.093613311
1,Berries,Sacramento River,220.6292491,5808.7562,4.15,0.513302523,1090.53087,50,10044.6968,9336.946257,0.25,50,0.045238346,0.387323291,0.416682812
1,Cucurbits,Sacramento River,17.42837714,202.6283347,12.01,0.515545205,114.0242014,50,1590.573071,556.5629498,0.05,50,0.046854775,0.228702604,0.653597591
1,Field and Grain,Sacramento River,3219.912649,209.6613847,3.03361867,0.371042477,120.4179202,50,72.10238442,309.7467197,0.74,50,0.189326621,0.486998112,0.113362702
1,Grapes,Sacramento River,38.6108022,1768.088912,10.32652959,0.408400486,5707.511085,50,6066.297444,4560.422484,0.13,50,0.312599493,0.249773629,0.332250166
1,Orchards,Sacramento River,484.809818,2309.334094,2.07088168,0.316370406,681.468536,50,1653.290347,1740.896727,0.13,50,0.142496355,0.364024786,0.345706127
1,Pasture,Sacramento River,10143.3774,231.3889922,5,0.280121007,219.0404801,50,131.1544068,563.4300116,0.51,50,0.189326621,0.486998112,0.113362702
1,Pistachios,Sacramento River,7.841825166,4908.224613,1.249825398,0.303044061,1599.315875,50,319.3169032,1583.067859,0.4,50,0.260711671,0.258063009,0.052053284
1,Subtropical,Sacramento River,693.0795889,1426.122657,2.926176068,0.430766831,843.5231851,50,1803.596752,668.3511361,0.13,50,0.202134149,0.160157528,0.432197361
1,Truck,Sacramento River,39.18946079,742.5153484,22.835,0.395701502,945.7732119,50,5245.145436,4255.029217,0.41,50,0.055780263,0.25095514,0.309350686
1,Walnuts,Sacramento River,2185.280515,1941.701849,1.718936287,0.734623408,854.2534686,50,299.3270611,911.6708835,0.13,50,0.25594369,0.273146576,0.089681664
10,Alfalfa,San Joaquin River,37356.60955,290.4258221,6.981811447,0.248041574,571.5529894,50,305.9903334,377.9325916,1.86,50,0.281872792,0.186385019,0.150905255
10,Almonds,San Joaquin River,100166.8964,4775.762292,1.018616781,0.309072179,1058.3111,50,455.3980167,1465.658483,0.4,50,0.217550368,0.301286212,0.093613311
10,Beans Dry,San Joaquin River,7330.340145,1593.773361,1.285477627,0.466247784,174.4872303,50,145.5634062,1032.584352,1.68,50,0.085167238,0.504004546,0.071049516
10,Corn,San Joaquin River,33584.18193,77.55530093,25.22861255,0.418264113,172.4592835,50,171.1787432,1093.099489,0.3,50,0.088141761,0.558669339,0.087487293
10,Cotton,San Joaquin River,56251.23127,3399.208415,0.729719844,0.280759835,368.4467916,50,194.0424101,1104.40523,0.68,50,0.148539114,0.445240339,0.078228087
10,Cucurbits,San Joaquin River,7387.484592,384.0603914,14.86947686,0.435073804,267.5771763,50,3732.550158,1306.069594,0.05,50,0.046854775,0.228702604,0.653597591
10,Field and Grain,San Joaquin River,35945.29395,194.8087562,3.454627792,0.406239765,127.4152527,50,76.29216244,327.7457083,0.74,50,0.189326621,0.486998112,0.113362702
10,Grapes,San Joaquin River,4908.449568,1686.199914,10.80135885,0.348470177,5693.452831,50,6051.355458,4549.18964,0.13,50,0.312599493,0.249773629,0.332250166
10,Lettuce,San Joaquin River,778.8146205,1008,18.9,0.462068172,1600,65,12500,929,0.25,65,0.083984211,0.048763332,0.656126648
10,Onions and Garlic,San Joaquin River,2073.989844,1579.216395,6.547714821,1.004774789,1660.207972,50,2894.594241,4313.35249,0.41,50,0.160557684,0.417141646,0.279934415
10,Orchards,San Joaquin River,10476.06976,4762.917744,3.247388671,0.308872199,2203.997553,50,5347.052266,5630.387791,0.13,50,0.142496355,0.364024786,0.345706127
10,Pasture,San Joaquin River,15491.15011,226.9343417,5,0.235487002,214.8235605,50,128.6294508,552.5829798,0.51,50,0.189326621,0.486998112,0.113362702
10,Pistachios,San Joaquin River,20148.25981,4897.401316,1.414819371,0.285123316,1806.455069,50,360.6739904,1788.10266,0.4,50,0.260711671,0.25806301,0.052053284
10,Potatoes,San Joaquin River,714.5510225,919.9316484,16.13648405,0.332734217,1515.990126,50,1581.902745,9194.809715,0.41,50,0.10212496,0.619410086,0.106565176
10,Rice,San Joaquin River,1892.744493,573.2274458,4.688550562,0.213730412,335.3762222,50,192.0996257,1541.750863,0.2,50,0.124786237,0.573652143,0.071476115
10,Safflower,San Joaquin River,90.20422473,575.1459791,1.245291589,0.46509079,140.0879783,50,80.89587427,303.852797,0.74,50,0.195592287,0.424242424,0.112947658
10,Subtropical,San Joaquin River,1704.416794,950.3385633,4.405405823,0.348142245,846.2602941,50,1809.449159,670.5198376,0.13,50,0.202134149,0.160157528,0.432197361
10,Truck,San Joaquin River,2201.610217,690.3355797,21.20927139,0.370607374,775.1695468,50,4298.997918,3487.484178,0.41,50,0.052943262,0.238191489,0.293617021
10,Walnuts,San Joaquin River,11445.10078,1802.497789,1.658526763,0.688035933,765.1413128,50,268.1025116,816.5691826,0.13,50,0.25594369,0.273146576,0.089681664
11,Alfalfa,San Joaquin River,5309.822233,290.4258221,6.981811447,0.248041574,571.5529894,50,305.9903334,377.9325916,1.86,50,0.281872792,0.186385019,0.150905255
11,Almonds,San Joaquin River,117828.5502,4775.762292,1.018616781,0.309072179,1058.3111,50,455.3980167,1465.658483,0.4,50,0.217550368,0.301286212,0.093613311
11,Beans Dry,San Joaquin River,422.2532085,1593.773361,1.285477627,0.466247784,174.4872303,50,145.5634062,1032.584352,1.68,50,0.085167238,0.504004546,0.071049516
11,Berries,San Joaquin River,76.88491972,6918.471451,4.49116409,0.480750513,1405.645459,50,12947.16439,12034.90563,0.25,50,0.045238346,0.387323291,0.416682812
11,Corn,San Joaquin River,21510.71134,77.55530093,25.22861255,0.418264113,172.4592835,50,171.1787432,1093.099489,0.3,50,0.088141761,0.558669339,0.087487293
11,Cucurbits,San Joaquin River,1179.626916,384.0603914,14.86947686,0.435073804,267.5771763,50,3732.550158,1306.069594,0.05,50,0.046854775,0.228702604,0.653597591
11,Field and Grain,San Joaquin River,5380.950242,194.8087562,3.454627792,0.406239765,127.4152527,50,76.29216244,327.7457083,0.74,50,0.189326621,0.486998112,0.113362702
11,Grapes,San Joaquin River,8159.614574,1686.199914,10.80135885,0.348470177,5693.452831,50,6051.355458,4549.18964,0.13,50,0.312599493,0.249773629,0.332250166
11,Lettuce,San Joaquin River,2.85248003,1008,18.9,0.462068172,1600,65,12500,929,0.25,65,0.083984211,0.048763332,0.656126648
11,Onions and Garlic,San Joaquin River,171.6374832,1579.216395,6.547714821,1.004774789,1660.207972,50,2894.594241,4313.35249,0.41,50,0.160557684,0.417141646,0.279934415
11,Orchards,San Joaquin River,3815.51314,4762.917744,3.247388671,0.308872199,2203.997553,50,5347.052266,5630.387791,0.13,50,0.142496355,0.364024786,0.345706127
11,Pasture,San Joaquin River,22910.01072,226.9343417,5,0.235487002,214.8235605,50,128.6294508,552.5829798,0.51,50,0.189326621,0.486998112,0.113362702
11,Pistachios,San Joaquin River,232.7120763,4897.401316,1.414819371,0.285123316,1806.455069,50,360.6739904,1788.10266,0.4,50,0.260711671,0.25806301,0.052053284
11,Potatoes,San Joaquin River,780.6514587,919.9316484,16.13648405,0.332734217,1515.990126,50,1581.902745,9194.809715,0.41,50,0.10212496,0.619410086,0.106565176
11,Rice,San Joaquin River,351.5468328,573.2274458,4.688550562,0.213730412,335.3762222,50,192.0996257,1541.750863,0.2,50,0.124786237,0.573652143,0.071476115
11,Safflower,San Joaquin River,6.30571216,575.1459791,1.245291589,0.46509079,140.0879783,50,80.89587427,303.852797,0.74,50,0.195592287,0.424242424,0.112947658
11,Subtropical,San Joaquin River,286.7748395,950.3385633,4.405405823,0.348142245,846.2602941,50,1809.449159,670.5198376,0.13,50,0.202134149,0.160157528,0.432197361
11,Truck,San Joaquin River,1929.470914,690.3355797,21.20927139,0.370607374,775.1695468,50,4298.997918,3487.484178,0.41,50,0.052943262,0.238191489,0.293617021
11,Walnuts,San Joaquin River,25596.28964,1802.497789,1.658526763,0.688035933,765.1413128,50,268.1025116,816.5691826,0.13,50,0.25594369,0.273146576,0.089681664
12,Alfalfa,San Joaquin River,10092.25907,290.4258221,6.981811447,0.248041574,571.5529894,50,305.9903334,377.9325916,1.86,50,0.281872792,0.186385019,0.150905255
12,Almonds,San Joaquin River,117053.0121,4775.762292,1.018616781,0.309072179,1058.3111,50,455.3980167,1465.658483,0.4,50,0.217550368,0.301286212,0.093613311
12,Beans Dry,San Joaquin River,393.2915124,1593.773361,1.285477627,0.466247784,174.4872303,50,145.5634062,1032.584352,1.68,50,0.085167238,0.504004546,0.071049516
12,Berries,San Joaquin River,197.6429401,6918.471451,4.49116409,0.480750513,1405.645459,50,12947.16439,12034.90563,0.25,50,0.045238346,0.387323291,0.416682812
12,Corn,San Joaquin River,52613.31545,77.55530093,25.22861255,0.418264113,172.4592835,50,171.1787432,1093.099489,0.3,50,0.088141761,0.558669339,0.087487293
12,Cucurbits,San Joaquin River,485.2556058,384.0603914,14.86947686,0.435073804,267.5771763,50,3732.550158,1306.069594,0.05,50,0.046854775,0.228702604,0.653597591
12,Field and Grain,San Joaquin River,3977.340139,194.8087562,3.454627792,0.406239765,127.4152527,50,76.29216244,327.7457083,0.74,50,0.189326621,0.486998112,0.113362702
12,Grapes,San Joaquin River,8646.868311,1686.199914,10.80135885,0.348470177,5693.452831,50,6051.355458,4549.18964,0.13,50,0.312599493,0.249773629,0.332250166
12,Orchards,San Joaquin River,5421.522265,4762.917744,3.247388671,0.308872199,2203.997553,50,5347.052266,5630.387791,0.13,50,0.142496355,0.364024786,0.345706127
12,Pasture,San Joaquin River,9735.744411,226.9343417,5,0.235487002,214.8235605,50,128.6294508,552.5829798,0.51,50,0.189326621,0.486998112,0.113362702
12,Pistachios,San Joaquin River,318.6874672,4897.401316,1.414819371,0.285123316,1806.455069,50,360.6739904,1788.10266,0.4,50,0.260711671,0.25806301,0.052053284
12,Potatoes,San Joaquin River,3763.01473,919.9316484,16.13648405,0.332734217,1515.990126,50,1581.902745,9194.809715,0.41,50,0.10212496,0.619410086,0.106565176
12,Safflower,San Joaquin River,293.0658075,575.1459791,1.245291589,0.46509079,140.0879783,50,80.89587427,303.852797,0.74,50,0.195592287,0.424242424,0.112947658
12,Subtropical,San Joaquin River,218.0015077,950.3385633,4.405405823,0.348142245,846.2602941,50,1809.449159,670.5198376,0.13,50,0.202134149,0.160157528,0.432197361
12,Truck,San Joaquin River,239.2525348,690.3355797,21.20927139,0.370607374,775.1695468,50,4298.997918,3487.484178,0.41,50,0.052943262,0.238191489,0.293617021
12,Walnuts,San Joaquin River,8533.633905,1802.497789,1.658526763,0.688035933,765.1413128,50,268.1025116,816.5691826,0.13,50,0.25594369,0.273146576,0.089681664
13,Alfalfa,San Joaquin River,36781.65294,290.4258221,6.981811447,0.248041574,571.5529894,50,305.9903334,377.9325916,1.86,50,0.281872792,0.186385019,0.150905255
13,Almonds,San Joaquin River,248123.3746,4775.762292,1.018616781,0.309072179,1058.3111,50,455.3980167,1465.658483,0.4,50,0.217550368,0.301286212,0.093613311
13,Beans Dry,San Joaquin River,454.4272786,1593.773361,1.285477627,0.466247784,174.4872303,50,145.5634062,1032.584352,1.68,50,0.085167238,0.504004546,0.071049516
13,Berries,San Joaquin River,232.5986876,6918.471451,4.49116409,0.480750513,1405.645459,50,12947.16439,12034.90563,0.25,50,0.045238346,0.387323291,0.416682812
13,Corn,San Joaquin River,68264.57163,77.55530093,25.22861255,0.418264113,172.4592835,50,171.1787432,1093.099489,0.3,50,0.088141761,0.558669339,0.087487293
13,Cotton,San Joaquin River,9980.560238,3399.208415,0.729719844,0.280759835,368.4467916,50,194.0424101,1104.40523,0.68,50,0.148539114,0.445240339,0.078228087
13,Cucurbits,San Joaquin River,381.5091794,384.0603914,14.86947686,0.435073804,267.5771763,50,3732.550158,1306.069594,0.05,50,0.046854775,0.228702604,0.653597591
13,Field and Grain,San Joaquin River,29574.5574,194.8087562,3.454627792,0.406239765,127.4152527,50,76.29216244,327.7457083,0.74,50,0.189326621,0.486998112,0.113362702
13,Grapes,San Joaquin River,73495.54151,1686.199914,10.80135885,0.348470177,5693.452831,50,6051.355458,4549.18964,0.13,50,0.312599493,0.249773629,0.332250166
13,Onions and Garlic,San Joaquin River,685.1750378,1579.216395,6.547714821,1.004774789,1660.207972,50,2894.594241,4313.35249,0.41,50,0.160557684,0.417141646,0.279934415
13,Orchards,San Joaquin River,15991.90682,4762.917744,3.247388671,0.308872199,2203.997553,50,5347.052266,5630.387791,0.13,50,0.142496355,0.364024786,0.345706127
13,Pasture,San Joaquin River,17136.07339,226.9343417,5,0.235487002,214.8235605,50,128.6294508,552.5829798,0.51,50,0.189326621,0.486998112,0.113362702
13,Pistachios,San Joaquin River,69324.90596,4897.401316,1.414819371,0.285123316,1806.455069,50,360.6739904,1788.10266,0.4,50,0.260711671,0.25806301,0.052053284
13,Potatoes,San Joaquin River,12938.74405,919.9316484,16.13648405,0.332734217,1515.990126,50,1581.902745,9194.809715,0.41,50,0.10212496,0.619410086,0.106565176
13,Rice,San Joaquin River,1085.172573,573.2274458,4.688550562,0.213730412,335.3762222,50,192.0996257,1541.750863,0.2,50,0.124786237,0.573652143,0.071476115
13,Safflower,San Joaquin River,55.10942187,575.1459791,1.245291589,0.46509079,140.0879783,50,80.89587427,303.852797,0.74,50,0.195592287,0.424242424,0.112947658
13,Subtropical,San Joaquin River,7801.571193,950.3385633,4.405405823,0.348142245,846.2602941,50,1809.449159,670.5198376,0.13,50,0.202134149,0.160157528,0.432197361
13,Truck,San Joaquin River,1579.155421,690.3355797,21.20927139,0.370607374,775.1695468,50,4298.997918,3487.484178,0.41,50,0.052943262,0.238191489,0.293617021
13,Walnuts,San Joaquin River,8524.386869,1802.497789,1.658526763,0.688035933,765.1413128,50,268.1025116,816.5691826,0.13,50,0.25594369,0.273146576,0.089681664
14A,Alfalfa,Tulare Lake,3707.835084,279.620574,8.447932227,0.238722103,665.8443229,50,356.4707563,440.2816103,1.86,50,0.281872792,0.186385019,0.150905255
14A,Almonds,Tulare Lake,100719.4685,4875.001978,1.131453803,0.30102452,1199.972919,50,516.3560009,1661.846397,0.4,50,0.217550368,0.301286212,0.093613311
14A,Beans Dry,Tulare Lake,8765.374646,1326.519215,1.43231235,0.571284481,161.8168882,50,134.9933596,957.6035242,1.68,50,0.085167238,0.504004546,0.071049516
14A,Berries,Tulare Lake,164.466173,7027.33636,10.36058171,0.736063275,3293.681493,50,30337.54741,28199.96017,0.25,50,0.045238346,0.387323291,0.416682812
14A,Corn,Tulare Lake,5551.099301,161.4386617,22.01452234,0.426250886,313.2553801,50,310.929404,1985.508048,0.3,50,0.088141761,0.558669338,0.087487293
14A,Cotton,Tulare Lake,42260.61211,3710.758752,0.813814056,0.277240482,448.5684623,50,236.2384677,1344.566888,0.68,50,0.148539114,0.445240339,0.078228087
14A,Cucurbits,Tulare Lake,14628.32249,654.3961754,16.06524008,0.42118336,492.5857332,50,6871.292169,2404.357717,0.05,50,0.046854775,0.228702604,0.653597591
14A,Field and Grain,Tulare Lake,56440.40665,289.315121,2.652255461,0.309707988,145.2774368,50,86.9874648,373.6919673,0.74,50,0.189326621,0.486998112,0.113362702
14A,Grapes,Tulare Lake,19079.11517,1422.002244,11.72196241,0.258892316,2204.421502,50,7245.758441,5033.018762,0.13,50,0.132249498,0.30194507,0.434693599
14A,Lettuce,Tulare Lake,8100.851812,1008,18.9,0.70745928,1600,65,12500,929,0.25,65,0.083984211,0.048763332,0.656126648
14A,Onions and Garlic,Tulare Lake,25021.873,2408.610949,10.63434095,0.889413482,4112.522919,50,7170.237318,10684.66197,0.41,50,0.160557684,0.417141646,0.279934415
14A,Orchards,Tulare Lake,6296.418218,2277.681025,7.763328774,0.301913406,2519.675644,50,6112.909401,6436.827012,0.13,50,0.142496355,0.364024786,0.345706127
14A,Pasture,Tulare Lake,1010.616404,242.4206904,4.903405501,0.217725727,225.050083,50,134.7527641,578.8882988,0.51,50,0.189326621,0.486998112,0.113362702
14A,Pistachios,Tulare Lake,75513.00454,5088.640658,1.460333567,0.27769924,1937.377826,50,386.8138231,1917.69532,0.4,50,0.260711671,0.258063009,0.052053284
14A,Potatoes,Tulare Lake,251.7669447,697.8686048,20.75531565,0.871185944,1479.227265,50,1543.541499,8971.834969,0.41,50,0.10212496,0.619410086,0.106565176
14A,Subtropical,Tulare Lake,4500.665421,1157.720607,15.10914155,0.300098104,3535.76379,50,7560.067345,2801.501829,0.13,50,0.202134149,0.160157528,0.432197361
14A,Truck,Tulare Lake,3809.439917,1282.087936,19.71342086,0.567426284,1338.105955,50,7420.976145,6020.132457,0.41,50,0.052943262,0.238191489,0.293617021
14A,Walnuts,Tulare Lake,513.1114614,1793.152974,1.862011475,1.053432015,854.5630698,50,299.4355442,912.0012941,0.13,50,0.25594369,0.273146576,0.089681664
14B,Alfalfa,Tulare Lake,50.15064175,279.620574,8.447932227,0.238722103,665.8443229,50,356.4707563,440.2816103,1.86,50,0.281872792,0.186385019,0.150905255
14B,Almonds,Tulare Lake,638.3876459,4875.001978,1.131453803,0.30102452,1199.972919,50,516.3560009,1661.846397,0.4,50,0.217550368,0.301286212,0.093613311
14B,Corn,Tulare Lake,99.46941136,161.4386617,22.01452234,0.426250886,313.2553801,50,310.929404,1985.508048,0.3,50,0.088141761,0.558669338,0.087487293
14B,Cotton,Tulare Lake,450.2242871,3710.758752,0.813814056,0.277240482,448.5684623,50,236.2384677,1344.566888,0.68,50,0.148539114,0.445240339,0.078228087
14B,Field and Grain,Tulare Lake,11855.93684,289.315121,2.652255461,0.309707988,145.2774368,50,86.9874648,373.6919673,0.74,50,0.189326621,0.486998112,0.113362702
14B,Lettuce,Tulare Lake,181.4095698,1008,18.9,0.70745928,1600,65,12500,929,0.25,65,0.083984211,0.048763332,0.656126648
14B,Onions and Garlic,Tulare Lake,432.2515385,2408.610949,10.63434095,0.889413482,4112.522919,50,7170.237318,10684.66197,0.41,50,0.160557684,0.417141646,0.279934415
14B,Orchards,Tulare Lake,107.5092345,2277.681025,7.763328774,0.301913406,2519.675644,50,6112.909401,6436.827012,0.13,50,0.142496355,0.364024786,0.345706127
14B,Pasture,Tulare Lake,10.7815374,242.4206904,4.903405501,0.217725727,225.050083,50,134.7527641,578.8882988,0.51,50,0.189326621,0.486998112,0.113362702
14B,Pistachios,Tulare Lake,15507.66289,5088.640658,1.460333567,0.27769924,1937.377826,50,386.8138231,1917.69532,0.4,50,0.260711671,0.258063009,0.052053284
14B,Subtropical,Tulare Lake,58.54376086,1157.720607,15.10914155,0.300098104,3535.76379,50,7560.067345,2801.501829,0.13,50,0.202134149,0.160157528,0.432197361
14B,Truck,Tulare Lake,1299.455537,1282.087936,19.71342086,0.567426284,1338.105955,50,7420.976145,6020.132457,0.41,50,0.052943262,0.238191489,0.293617021
15A,Alfalfa,Tulare Lake,37960.37557,279.620574,8.447932227,0.238722103,665.8443229,50,356.4707563,440.2816103,1.86,50,0.281872792,0.186385019,0.150905255
15A,Almonds,Tulare Lake,93686.10797,4875.001978,1.131453803,0.30102452,1199.972919,50,516.3560009,1661.846397,0.4,50,0.217550368,0.301286212,0.093613311
15A,Beans Dry,Tulare Lake,805.3403083,1326.519215,1.43231235,0.571284481,161.8168882,50,134.9933596,957.6035242,1.68,50,0.085167238,0.504004546,0.071049516
15A,Berries,Tulare Lake,33.18934584,7027.33636,10.36058171,0.736063275,3293.681493,50,30337.54741,28199.96017,0.25,50,0.045238346,0.387323291,0.416682812
15A,Corn,Tulare Lake,70770.62237,161.4386617,22.01452234,0.426250886,313.2553801,50,310.929404,1985.508048,0.3,50,0.088141761,0.558669338,0.087487293
15A,Cotton,Tulare Lake,95320.14862,3710.758752,0.813814056,0.277240482,448.5684623,50,236.2384677,1344.566888,0.68,50,0.148539114,0.445240339,0.078228087
15A,Cucurbits,Tulare Lake,746.6842079,654.3961754,16.06524008,0.42118336,492.5857332,50,6871.292169,2404.357717,0.05,50,0.046854775,0.228702604,0.653597591
15A,Field and Grain,Tulare Lake,31299.24721,289.315121,2.652255461,0.309707988,145.2774368,50,86.9874648,373.6919673,0.74,50,0.189326621,0.486998112,0.113362702
15A,Grapes,Tulare Lake,52985.24694,1422.002244,11.72196241,0.258892316,2204.421502,50,7245.758441,5033.018762,0.13,50,0.132249498,0.30194507,0.434693599
15A,Lettuce,Tulare Lake,19.64172298,1008,18.9,0.70745928,1600,65,12500,929,0.25,65,0.083984211,0.048763332,0.656126648
15A,Onions and Garlic,Tulare Lake,5000.73711,2408.610949,10.63434095,0.889413482,4112.522919,50,7170.237318,10684.66197,0.41,50,0.160557684,0.417141646,0.279934415
15A,Orchards,Tulare Lake,17441.80348,2277.681025,7.763328774,0.301913406,2519.675644,50,6112.909401,6436.827012,0.13,50,0.142496355,0.364024786,0.345706127
15A,Pasture,Tulare Lake,6265.261445,242.4206904,4.903405501,0.217725727,225.050083,50,134.7527641,578.8882988,0.51,50,0.189326621,0.486998112,0.113362702
15A,Pistachios,Tulare Lake,54606.5439,5088.640658,1.460333567,0.27769924,1937.377826,50,386.8138231,1917.69532,0.4,50,0.260711671,0.258063009,0.052053284
15A,Potatoes,Tulare Lake,21.44721467,697.8686048,20.75531565,0.871185944,1479.227265,50,1543.541499,8971.834969,0.41,50,0.10212496,0.619410086,0.106565176
15A,Safflower,Tulare Lake,27963.26901,574.3765351,1.258,0.464759151,141.3282741,50,81.61210144,306.5430161,0.74,50,0.195592287,0.424242424,0.112947658
15A,Subtropical,Tulare Lake,1238.605094,1157.720607,15.10914155,0.300098104,3535.76379,50,7560.067345,2801.501829,0.13,50,0.202134149,0.160157528,0.432197361
15A,Truck,Tulare Lake,1289.016998,1282.087936,19.71342086,0.567426284,1338.105955,50,7420.976145,6020.132457,0.41,50,0.052943262,0.238191489,0.293617021
15A,Walnuts,Tulare Lake,21785.38503,1793.152974,1.862011475,1.053432015,854.5630698,50,299.4355442,912.0012941,0.13,50,0.25594369,0.273146576,0.089681664
15B,Almonds,Tulare Lake,5486.722153,4875.001978,1.131453803,0.30102452,1199.972919,50,516.3560009,1661.846397,0.4,50,0.217550368,0.301286212,0.093613311
15B,Cotton,Tulare Lake,301.9125279,3710.758752,0.813814056,0.277240482,448.5684623,50,236.2384677,1344.566888,0.68,50,0.148539114,0.445240339,0.078228087
15B,Field and Grain,Tulare Lake,734.8426221,289.315121,2.652255461,0.309707988,145.2774368,50,86.9874648,373.6919673,0.74,50,0.189326621,0.486998112,0.113362702
15B,Grapes,Tulare Lake,1377.301648,1422.002244,11.72196241,0.258892316,2204.421502,50,7245.758441,5033.018762,0.13,50,0.132249498,0.30194507,0.434693599
15B,Orchards,Tulare Lake,2140.512333,2277.681025,7.763328774,0.301913406,2519.675644,50,6112.909401,6436.827012,0.13,50,0.142496355,0.364024786,0.345706127
15B,Pistachios,Tulare Lake,12457.39274,5088.640658,1.460333567,0.27769924,1937.377826,50,386.8138231,1917.69532,0.4,50,0.260711671,0.258063009,0.052053284
15B,Safflower,Tulare Lake,291.3315685,574.3765351,1.258,0.464759151,141.3282741,50,81.61210144,306.5430161,0.74,50,0.195592287,0.424242424,0.112947658
16,Alfalfa,Tulare Lake,2466.454089,279.620574,8.447932227,0.238722103,665.8443229,50,356.4707563,440.2816103,1.86,50,0.281872792,0.186385019,0.150905255
16,Almonds,Tulare Lake,46927.62406,4875.001978,1.131453803,0.30102452,1199.972919,50,516.3560009,1661.846397,0.4,50,0.217550368,0.301286212,0.093613311
16,Beans Dry,Tulare Lake,91.6001467,1326.519215,1.43231235,0.571284481,161.8168882,50,134.9933596,957.6035242,1.68,50,0.085167238,0.504004546,0.071049516
16,Berries,Tulare Lake,249.3732739,7027.33636,10.36058171,0.736063275,3293.681493,50,30337.54741,28199.96017,0.25,50,0.045238346,0.387323291,0.416682812
16,Corn,Tulare Lake,3052.982049,161.4386617,22.01452234,0.426250886,313.2553801,50,310.929404,1985.508048,0.3,50,0.088141761,0.558669338,0.087487293
16,Cotton,Tulare Lake,889.9776911,3710.758752,0.813814056,0.277240482,448.5684623,50,236.2384677,1344.566888,0.68,50,0.148539114,0.445240339,0.078228087
16,Cucurbits,Tulare Lake,209.5085738,654.3961754,16.06524008,0.42118336,492.5857332,50,6871.292169,2404.357717,0.05,50,0.046854775,0.228702604,0.653597591
16,Field and Grain,Tulare Lake,3511.261354,289.315121,2.652255461,0.309707988,145.2774368,50,86.9874648,373.6919673,0.74,50,0.189326621,0.486998112,0.113362702
16,Grapes,Tulare Lake,41070.22305,1422.002244,11.72196241,0.258892316,2204.421502,50,7245.758441,5033.018762,0.13,50,0.132249498,0.30194507,0.434693599
16,Lettuce,Tulare Lake,82.58610222,1008,18.9,0.70745928,1600,65,12500,929,0.25,65,0.083984211,0.048763332,0.656126648
16,Onions and Garlic,Tulare Lake,42.64021801,2408.610949,10.63434095,0.889413482,4112.522919,50,7170.237318,10684.66197,0.41,50,0.160557684,0.417141646,0.279934415
16,Orchards,Tulare Lake,5298.660844,2277.681025,7.763328774,0.301913406,2519.675644,50,6112.909401,6436.827012,0.13,50,0.142496355,0.364024786,0.345706127
16,Pasture,Tulare Lake,2941.584815,242.4206904,4.903405501,0.217725727,225.050083,50,134.7527641,578.8882988,0.51,50,0.189326621,0.486998112,0.113362702
16,Pistachios,Tulare Lake,1165.276016,5088.640658,1.460333567,0.27769924,1937.377826,50,386.8138231,1917.69532,0.4,50,0.260711671,0.258063009,0.052053284
16,Safflower,Tulare Lake,11.31471358,574.3765351,1.258,0.464759151,141.3282741,50,81.61210144,306.5430161,0.74,50,0.195592287,0.424242424,0.112947658
16,Subtropical,Tulare Lake,15179.41306,1157.720607,15.10914155,0.300098104,3535.76379,50,7560.067345,2801.501829,0.13,50,0.202134149,0.160157528,0.432197361
16,Truck,Tulare Lake,4340.480655,1282.087936,19.71342086,0.567426284,1338.105955,50,7420.976145,6020.132457,0.41,50,0.052943262,0.238191489,0.293617021
16,Walnuts,Tulare Lake,1412.119468,1793.152974,1.862011475,1.053432015,854.5630698,50,299.4355442,912.0012941,0.13,50,0.25594369,0.273146576,0.089681664
17,Alfalfa,Tulare Lake,4774.228325,279.620574,8.447932227,0.238722103,665.8443229,50,356.4707563,440.2816103,1.86,50,0.281872792,0.186385019,0.150905255
17,Almonds,Tulare Lake,33063.93584,4875.001978,1.131453803,0.30102452,1199.972919,50,516.3560009,1661.846397,0.4,50,0.217550368,0.301286212,0.093613311
17,Beans Dry,Tulare Lake,53.77919298,1326.519215,1.43231235,0.571284481,161.8168882,50,134.9933596,957.6035242,1.68,50,0.085167238,0.504004546,0.071049516
17,Berries,Tulare Lake,1815.355668,7027.33636,10.36058171,0.736063275,3293.681493,50,30337.54741,28199.96017,0.25,50,0.045238346,0.387323291,0.416682812
17,Corn,Tulare Lake,11457.56345,161.4386617,22.01452234,0.426250886,313.2553801,50,310.929404,1985.508048,0.3,50,0.088141761,0.558669338,0.087487293
17,Cotton,Tulare Lake,186.8571123,3710.758752,0.813814056,0.277240482,448.5684623,50,236.2384677,1344.566888,0.68,50,0.148539114,0.445240339,0.078228087
17,Cucurbits,Tulare Lake,441.0893964,654.3961754,16.06524008,0.42118336,492.5857332,50,6871.292169,2404.357717,0.05,50,0.046854775,0.228702604,0.653597591
17,Field and Grain,Tulare Lake,5052.228033,289.315121,2.652255461,0.309707988,145.2774368,50,86.9874648,373.6919673,0.74,50,0.189326621,0.486998112,0.113362702
17,Grapes,Tulare Lake,63861.60663,1422.002244,11.72196241,0.258892316,2204.421502,50,7245.758441,5033.018762,0.13,50,0.132249498,0.30194507,0.434693599
17,Lettuce,Tulare Lake,2.07427826,1008,18.9,0.70745928,1600,65,12500,929,0.25,65,0.083984211,0.048763332,0.656126648
17,Onions and Garlic,Tulare Lake,33.51575746,2408.610949,10.63434095,0.889413482,4112.522919,50,7170.237318,10684.66197,0.41,50,0.160557684,0.417141646,0.279934415
17,Orchards,Tulare Lake,55461.23436,2277.681025,7.763328774,0.301913406,2519.675644,50,6112.909401,6436.827012,0.13,50,0.142496355,0.364024786,0.345706127
17,Pasture,Tulare Lake,4707.276995,242.4206904,4.903405501,0.217725727,225.050083,50,134.7527641,578.8882988,0.51,50,0.189326621,0.486998112,0.113362702
17,Pistachios,Tulare Lake,1711.496638,5088.640658,1.460333567,0.27769924,1937.377826,50,386.8138231,1917.69532,0.4,50,0.260711671,0.258063009,0.052053284
17,Subtropical,Tulare Lake,59791.93827,1157.720607,15.10914155,0.300098104,3535.76379,50,7560.067345,2801.501829,0.13,50,0.202134149,0.160157528,0.432197361
17,Truck,Tulare Lake,2612.26504,1282.087936,19.71342086,0.567426284,1338.105955,50,7420.976145,6020.132457,0.41,50,0.052943262,0.238191489,0.293617021
17,Walnuts,Tulare Lake,5332.57408,1793.152974,1.862011475,1.053432015,854.5630698,50,299.4355442,912.0012941,0.13,50,0.25594369,0.273146576,0.089681664
18,Alfalfa,Tulare Lake,41477.93063,279.620574,8.447932227,0.238722103,665.8443229,50,356.4707563,440.2816103,1.86,50,0.281872792,0.186385019,0.150905255
18,Almonds,Tulare Lake,74137.86502,4875.001978,1.131453803,0.30102452,1199.972919,50,516.3560009,1661.846397,0.4,50,0.217550368,0.301286212,0.093613311
18,Beans Dry,Tulare Lake,910.5068121,1326.519215,1.43231235,0.571284481,161.8168882,50,134.9933596,957.6035242,1.68,50,0.085167238,0.504004546,0.071049516
18,Berries,Tulare Lake,1574.376586,7027.33636,10.36058171,0.736063275,3293.681493,50,30337.54741,28199.96017,0.25,50,0.045238346,0.387323291,0.416682812
18,Corn,Tulare Lake,131665.7616,161.4386617,22.01452234,0.426250886,313.2553801,50,310.929404,1985.508048,0.3,50,0.088141761,0.558669338,0.087487293
18,Cotton,Tulare Lake,17969.94274,3710.758752,0.813814056,0.277240482,448.5684623,50,236.2384677,1344.566888,0.68,50,0.148539114,0.445240339,0.078228087
18,Cucurbits,Tulare Lake,35.30720929,654.3961754,16.06524008,0.42118336,492.5857332,50,6871.292169,2404.357717,0.05,50,0.046854775,0.228702604,0.653597591
18,Field and Grain,Tulare Lake,39484.0753,289.315121,2.652255461,0.309707988,145.2774368,50,86.9874648,373.6919673,0.74,50,0.189326621,0.486998112,0.113362702
18,Grapes,Tulare Lake,44970.87627,1422.002244,11.72196241,0.258892316,2204.421502,50,7245.758441,5033.018762,0.13,50,0.132249498,0.30194507,0.434693599
18,Lettuce,Tulare Lake,403.3620594,1008,18.9,0.70745928,1600,65,12500,929,0.25,65,0.083984211,0.048763332,0.656126648
18,Orchards,Tulare Lake,15159.21317,2277.681025,7.763328774,0.301913406,2519.675644,50,6112.909401,6436.827012,0.13,50,0.142496355,0.364024786,0.345706127
18,Pasture,Tulare Lake,3371.268029,242.4206904,4.903405501,0.217725727,225.050083,50,134.7527641,578.8882988,0.51,50,0.189326621,0.486998112,0.113362702
18,Pistachios,Tulare Lake,66440.1256,5088.640658,1.460333567,0.27769924,1937.377826,50,386.8138231,1917.69532,0.4,50,0.260711671,0.258063009,0.052053284
18,Potatoes,Tulare Lake,382.9543082,697.8686048,20.75531565,0.871185944,1479.227265,50,1543.541499,8971.834969,0.41,50,0.10212496,0.619410086,0.106565176
18,Subtropical,Tulare Lake,102847.6806,1157.720607,15.10914155,0.300098104,3535.76379,50,7560.067345,2801.501829,0.13,50,0.202134149,0.160157528,0.432197361
18,Truck,Tulare Lake,386.8312028,1282.087936,19.71342086,0.567426284,1338.105955,50,7420.976145,6020.132457,0.41,50,0.052943262,0.238191489,0.293617021
18,Walnuts,Tulare Lake,43380.90748,1793.152974,1.862011475,1.053432015,854.5630698,50,299.4355442,912.0012941,0.13,50,0.25594369,0.273146576,0.089681664
19A,Alfalfa,Tulare Lake,520.2684249,279.620574,8.447932227,0.238722103,665.8443229,50,356.4707563,440.2816103,1.86,50,0.281872792,0.186385019,0.150905255
19A,Almonds,Tulare Lake,28119.1605,4875.001978,1.131453803,0.30102452,1199.972919,50,516.3560009,1661.846397,0.4,50,0.217550368,0.301286212,0.093613311
19A,Cotton,Tulare Lake,185.9464796,3710.758752,0.813814056,0.277240482,448.5684623,50,236.2384677,1344.566888,0.68,50,0.148539114,0.445240339,0.078228087
19A,Field and Grain,Tulare Lake,11177.24182,289.315121,2.652255461,0.309707988,145.2774368,50,86.9874648,373.6919673,0.74,50,0.189326621,0.486998112,0.113362702
19A,Grapes,Tulare Lake,422.0635852,1422.002244,11.72196241,0.258892316,2204.421502,50,7245.758441,5033.018762,0.13,50,0.132249498,0.30194507,0.434693599
19A,Onions and Garlic,Tulare Lake,4.56107042,2408.610949,10.63434095,0.889413482,4112.522919,50,7170.237318,10684.66197,0.41,50,0.160557684,0.417141646,0.279934415
19A,Orchards,Tulare Lake,6034.681968,2277.681025,7.763328774,0.301913406,2519.675644,50,6112.909401,6436.827012,0.13,50,0.142496355,0.364024786,0.345706127
19A,Pasture,Tulare Lake,14.28704366,242.4206904,4.903405501,0.217725727,225.050083,50,134.7527641,578.8882988,0.51,50,0.189326621,0.486998112,0.113362702
19A,Pistachios,Tulare Lake,47130.69976,5088.640658,1.460333567,0.27769924,1937.377826,50,386.8138231,1917.69532,0.4,50,0.260711671,0.258063009,0.052053284
19A,Subtropical,Tulare Lake,3712.349653,1157.720607,15.10914155,0.300098104,3535.76379,50,7560.067345,2801.501829,0.13,50,0.202134149,0.160157528,0.432197361
19A,Truck,Tulare Lake,700.9283807,1282.087936,19.71342086,0.567426284,1338.105955,50,7420.976145,6020.132457,0.41,50,0.052943262,0.238191489,0.293617021
19B,Alfalfa,Tulare Lake,14431.43888,279.620574,8.447932227,0.238722103,665.8443229,50,356.4707563,440.2816103,1.86,50,0.281872792,0.186385019,0.150905255
19B,Almonds,Tulare Lake,52342.85333,4875.001978,1.131453803,0.30102452,1199.972919,50,516.3560009,1661.846397,0.4,50,0.217550368,0.301286212,0.093613311
19B,Beans Dry,Tulare Lake,76.39036342,1326.519215,1.43231235,0.571284481,161.8168882,50,134.9933596,957.6035242,1.68,50,0.085167238,0.504004546,0.071049516
19B,Corn,Tulare Lake,11185.12666,161.4386617,22.01452234,0.426250886,313.2553801,50,310.929404,1985.508048,0.3,50,0.088141761,0.558669338,0.087487293
19B,Cotton,Tulare Lake,9387.836899,3710.758752,0.813814056,0.277240482,448.5684623,50,236.2384677,1344.566888,0.68,50,0.148539114,0.445240339,0.078228087
19B,Cucurbits,Tulare Lake,174.7500419,654.3961754,16.06524008,0.42118336,492.5857332,50,6871.292169,2404.357717,0.05,50,0.046854775,0.228702604,0.653597591
19B,Field and Grain,Tulare Lake,6828.305257,289.315121,2.652255461,0.309707988,145.2774368,50,86.9874648,373.6919673,0.74,50,0.189326621,0.486998112,0.113362702
19B,Grapes,Tulare Lake,10673.03349,1422.002244,11.72196241,0.258892316,2204.421502,50,7245.758441,5033.018762,0.13,50,0.132249498,0.30194507,0.434693599
19B,Lettuce,Tulare Lake,134.1802536,1008,18.9,0.70745928,1600,65,12500,929,0.25,65,0.083984211,0.048763332,0.656126648
19B,Onions and Garlic,Tulare Lake,674.6755068,2408.610949,10.63434095,0.889413482,4112.522919,50,7170.237318,10684.66197,0.41,50,0.160557684,0.417141646,0.279934415
19B,Orchards,Tulare Lake,2696.703913,2277.681025,7.763328774,0.301913406,2519.675644,50,6112.909401,6436.827012,0.13,50,0.142496355,0.364024786,0.345706127
19B,Pasture,Tulare Lake,208.6344674,242.4206904,4.903405501,0.217725727,225.050083,50,134.7527641,578.8882988,0.51,50,0.189326621,0.486998112,0.113362702
19B,Pistachios,Tulare Lake,44641.05235,5088.640658,1.460333567,0.27769924,1937.377826,50,386.8138231,1917.69532,0.4,50,0.260711671,0.258063009,0.052053284
19B,Potatoes,Tulare Lake,337.8563631,697.8686048,20.75531565,0.871185944,1479.227265,50,1543.541499,8971.834969,0.41,50,0.10212496,0.619410086,0.106565176
19B,Subtropical,Tulare Lake,99.21953769,1157.720607,15.10914155,0.300098104,3535.76379,50,7560.067345,2801.501829,0.13,50,0.202134149,0.160157528,0.432197361
19B,Truck,Tulare Lake,1085.711032,1282.087936,19.71342086,0.567426284,1338.105955,50,7420.976145,6020.132457,0.41,50,0.052943262,0.238191489,0.293617021
19B,Walnuts,Tulare Lake,870.1131935,1793.152974,1.862011475,1.053432015,854.5630698,50,299.4355442,912.0012941,0.13,50,0.25594369,0.273146576,0.089681664
2,Alfalfa,Sacramento River,2619.035362,280.6469987,5.962401488,0.296530363,471.6662224,50,252.5143029,311.8836593,1.86,50,0.281872792,0.186385019,0.150905255
2,Almonds,Sacramento River,44619.71975,4683.240486,0.738721068,0.328498172,752.6390797,50,323.8653982,1042.332314,0.4,50,0.217550367,0.301286212,0.093613311
2,Beans Dry,Sacramento River,284.6320574,1370.755748,1.280845402,0.462421635,149.5303492,50,124.7434966,884.8939851,1.68,50,0.085167237,0.504004546,0.071049516
2,Berries,Sacramento River,85.99700287,5808.7562,4.15,0.513302523,1090.53087,50,10044.6968,9336.946257,0.25,50,0.045238346,0.387323291,0.416682812
2,Corn,Sacramento River,2633.224008,229.087221,6.113531918,0.368313957,123.4453601,50,122.5287567,782.4343077,0.3,50,0.088141761,0.558669339,0.087487293
2,Cucurbits,Sacramento River,305.2231259,202.6283347,12.01,0.515545205,114.0242014,50,1590.573071,556.5629498,0.05,50,0.046854775,0.228702604,0.653597591
2,Field and Grain,Sacramento River,16716.28082,209.6613847,3.03361867,0.371042477,120.4179202,50,72.10238442,309.7467197,0.74,50,0.189326621,0.486998112,0.113362702
2,Grapes,Sacramento River,106.5553281,1768.088912,10.32652959,0.408400486,5707.511085,50,6066.297444,4560.422484,0.13,50,0.312599493,0.249773629,0.332250166
2,Orchards,Sacramento River,10391.21761,2309.334094,2.07088168,0.316370406,681.468536,50,1653.290347,1740.896727,0.13,50,0.142496355,0.364024786,0.345706127
2,Pasture,Sacramento River,25123.53831,231.3889922,5,0.280121007,219.0404801,50,131.1544068,563.4300116,0.51,50,0.189326621,0.486998112,0.113362702
2,Pistachios,Sacramento River,1330.567364,4908.224613,1.249825398,0.303044061,1599.315875,50,319.3169032,1583.067859,0.4,50,0.260711671,0.258063009,0.052053284
2,Rice,Sacramento River,301.7095659,774.5349774,3.911625416,0.296213808,378.0637021,50,216.5505211,1737.988565,0.2,50,0.124786237,0.573652143,0.071476115
2,Safflower,Sacramento River,501.0385783,566.272674,1.034446009,0.491036726,114.5737579,50,66.16231052,248.5120939,0.74,50,0.195592287,0.424242424,0.112947658
2,Subtropical,Sacramento River,12516.68901,1426.122657,2.926176068,0.430766831,843.5231851,50,1803.596752,668.3511361,0.13,50,0.202134149,0.160157528,0.432197361
2,Sunflowers,Sacramento River,290.9232235,3637.05749,0.601701512,0.374667829,453.0267168,50,387.8950797,849.6060148,0.74,50,0.207010582,0.388227513,0.177248677
2,Truck,Sacramento River,230.3636995,742.5153484,22.835,0.395701502,945.7732119,50,5245.145436,4255.029217,0.41,50,0.055780263,0.25095514,0.309350686
2,Walnuts,Sacramento River,60877.42345,1941.701849,1.718936287,0.734623408,854.2534686,50,299.3270611,911.6708835,0.13,50,0.25594369,0.273146576,0.089681664
20,Alfalfa,Tulare Lake,2551.143036,279.620574,8.447932227,0.238722103,665.8443229,50,356.4707563,440.2816103,1.86,50,0.281872792,0.186385019,0.150905255
20,Almonds,Tulare Lake,82856.88722,4875.001978,1.131453803,0.30102452,1199.972919,50,516.3560009,1661.846397,0.4,50,0.217550368,0.301286212,0.093613311
20,Beans Dry,Tulare Lake,191.4828215,1326.519215,1.43231235,0.571284481,161.8168882,50,134.9933596,957.6035242,1.68,50,0.085167238,0.504004546,0.071049516
20,Berries,Tulare Lake,171.341345,7027.33636,10.36058171,0.736063275,3293.681493,50,30337.54741,28199.96017,0.25,50,0.045238346,0.387323291,0.416682812
20,Corn,Tulare Lake,1680.222459,161.4386617,22.01452234,0.426250886,313.2553801,50,310.929404,1985.508048,0.3,50,0.088141761,0.558669338,0.087487293
20,Cotton,Tulare Lake,194.2331342,3710.758752,0.813814056,0.277240482,448.5684623,50,236.2384677,1344.566888,0.68,50,0.148539114,0.445240339,0.078228087
20,Cucurbits,Tulare Lake,5.59041716,654.3961754,16.06524008,0.42118336,492.5857332,50,6871.292169,2404.357717,0.05,50,0.046854775,0.228702604,0.653597591
20,Field and Grain,Tulare Lake,19490.77719,289.315121,2.652255461,0.309707988,145.2774368,50,86.9874648,373.6919673,0.74,50,0.189326621,0.486998112,0.113362702
20,Grapes,Tulare Lake,40287.29233,1422.002244,11.72196241,0.258892316,2204.421502,50,7245.758441,5033.018762,0.13,50,0.132249498,0.30194507,0.434693599
20,Lettuce,Tulare Lake,282.9119023,1008,18.9,0.70745928,1600,65,12500,929,0.25,65,0.083984211,0.048763332,0.656126648
20,Onions and Garlic,Tulare Lake,958.4488373,2408.610949,10.63434095,0.889413482,4112.522919,50,7170.237318,10684.66197,0.41,50,0.160557684,0.417141646,0.279934415
20,Orchards,Tulare Lake,2021.919019,2277.681025,7.763328774,0.301913406,2519.675644,50,6112.909401,6436.827012,0.13,50,0.142496355,0.364024786,0.345706127
20,Pasture,Tulare Lake,153.3119947,242.4206904,4.903405501,0.217725727,225.050083,50,134.7527641,578.8882988,0.51,50,0.189326621,0.486998112,0.113362702
20,Pistachios,Tulare Lake,27186.4892,5088.640658,1.460333567,0.27769924,1937.377826,50,386.8138231,1917.69532,0.4,50,0.260711671,0.258063009,0.052053284
20,Potatoes,Tulare Lake,1745.370847,697.8686048,20.75531565,0.871185944,1479.227265,50,1543.541499,8971.834969,0.41,50,0.10212496,0.619410086,0.106565176
20,Safflower,Tulare Lake,163.7428134,574.3765351,1.258,0.464759151,141.3282741,50,81.61210144,306.5430161,0.74,50,0.195592287,0.424242424,0.112947658
20,Subtropical,Tulare Lake,30240.60094,1157.720607,15.10914155,0.300098104,3535.76379,50,7560.067345,2801.501829,0.13,50,0.202134149,0.160157528,0.432197361
20,Truck,Tulare Lake,2530.424001,1282.087936,19.71342086,0.567426284,1338.105955,50,7420.976145,6020.132457,0.41,50,0.052943262,0.238191489,0.293617021
20,Walnuts,Tulare Lake,539.4186145,1793.152974,1.862011475,1.053432015,854.5630698,50,299.4355442,912.0012941,0.13,50,0.25594369,0.273146576,0.089681664
21A,Alfalfa,Tulare Lake,20633.53034,279.620574,8.447932227,0.238722103,665.8443229,50,356.4707563,440.2816103,1.86,50,0.281872792,0.186385019,0.150905255
21A,Almonds,Tulare Lake,36357.36417,4875.001978,1.131453803,0.30102452,1199.972919,50,516.3560009,1661.846397,0.4,50,0.217550368,0.301286212,0.093613311
21A,Beans Dry,Tulare Lake,407.3468483,1326.519215,1.43231235,0.571284481,161.8168882,50,134.9933596,957.6035242,1.68,50,0.085167238,0.504004546,0.071049516
21A,Berries,Tulare Lake,5.73812563,7027.33636,10.36058171,0.736063275,3293.681493,50,30337.54741,28199.96017,0.25,50,0.045238346,0.387323291,0.416682812
21A,Corn,Tulare Lake,29961.586,161.4386617,22.01452234,0.426250886,313.2553801,50,310.929404,1985.508048,0.3,50,0.088141761,0.558669338,0.087487293
21A,Cotton,Tulare Lake,8558.86984,3710.758752,0.813814056,0.277240482,448.5684623,50,236.2384677,1344.566888,0.68,50,0.148539114,0.445240339,0.078228087
21A,Cucurbits,Tulare Lake,522.0101463,654.3961754,16.06524008,0.42118336,492.5857332,50,6871.292169,2404.357717,0.05,50,0.046854775,0.228702604,0.653597591
21A,Field and Grain,Tulare Lake,9639.954052,289.315121,2.652255461,0.309707988,145.2774368,50,86.9874648,373.6919673,0.74,50,0.189326621,0.486998112,0.113362702
21A,Grapes,Tulare Lake,6619.239045,1422.002244,11.72196241,0.258892316,2204.421502,50,7245.758441,5033.018762,0.13,50,0.132249498,0.30194507,0.434693599
21A,Lettuce,Tulare Lake,1687.927871,1008,18.9,0.70745928,1600,65,12500,929,0.25,65,0.083984211,0.048763332,0.656126648
21A,Onions and Garlic,Tulare Lake,1569.637724,2408.610949,10.63434095,0.889413482,4112.522919,50,7170.237318,10684.66197,0.41,50,0.160557684,0.417141646,0.279934415
21A,Orchards,Tulare Lake,335.2914052,2277.681025,7.763328774,0.301913406,2519.675644,50,6112.909401,6436.827012,0.13,50,0.142496355,0.364024786,0.345706127
21A,Pasture,Tulare Lake,1221.281292,242.4206904,4.903405501,0.217725727,225.050083,50,134.7527641,578.8882988,0.51,50,0.189326621,0.486998112,0.113362702
21A,Pistachios,Tulare Lake,17723.08468,5088.640658,1.460333567,0.27769924,1937.377826,50,386.8138231,1917.69532,0.4,50,0.260711671,0.258063009,0.052053284
21A,Potatoes,Tulare Lake,4480.131279,697.8686048,20.75531565,0.871185944,1479.227265,50,1543.541499,8971.834969,0.41,50,0.10212496,0.619410086,0.106565176
21A,Safflower,Tulare Lake,1967.448573,574.3765351,1.258,0.464759151,141.3282741,50,81.61210144,306.5430161,0.74,50,0.195592287,0.424242424,0.112947658
21A,Subtropical,Tulare Lake,71.58145862,1157.720607,15.10914155,0.300098104,3535.76379,50,7560.067345,2801.501829,0.13,50,0.202134149,0.160157528,0.432197361
21A,Truck,Tulare Lake,2757.498238,1282.087936,19.71342086,0.567426284,1338.105955,50,7420.976145,6020.132457,0.41,50,0.052943262,0.238191489,0.293617021
21A,Walnuts,Tulare Lake,43.78235531,1793.152974,1.862011475,1.053432015,854.5630698,50,299.4355442,912.0012941,0.13,50,0.25594369,0.273146576,0.089681664
21B,Alfalfa,Tulare Lake,1052.51468,279.620574,8.447932227,0.238722103,665.8443229,50,356.4707563,440.2816103,1.86,50,0.281872792,0.186385019,0.150905255
21B,Almonds,Tulare Lake,13355.41944,4875.001978,1.131453803,0.30102452,1199.972919,50,516.3560009,1661.846397,0.4,50,0.217550368,0.301286212,0.093613311
21B,Beans Dry,Tulare Lake,408.9427109,1326.519215,1.43231235,0.571284481,161.8168882,50,134.9933596,957.6035242,1.68,50,0.085167238,0.504004546,0.071049516
21B,Berries,Tulare Lake,707.3685603,7027.33636,10.36058171,0.736063275,3293.681493,50,30337.54741,28199.96017,0.25,50,0.045238346,0.387323291,0.416682812
21B,Corn,Tulare Lake,1294.890252,161.4386617,22.01452234,0.426250886,313.2553801,50,310.929404,1985.508048,0.3,50,0.088141761,0.558669338,0.087487293
21B,Cotton,Tulare Lake,109.0138414,3710.758752,0.813814056,0.277240482,448.5684623,50,236.2384677,1344.566888,0.68,50,0.148539114,0.445240339,0.078228087
21B,Cucurbits,Tulare Lake,485.0838606,654.3961754,16.06524008,0.42118336,492.5857332,50,6871.292169,2404.357717,0.05,50,0.046854775,0.228702604,0.653597591
21B,Field and Grain,Tulare Lake,5421.038972,289.315121,2.652255461,0.309707988,145.2774368,50,86.9874648,373.6919673,0.74,50,0.189326621,0.486998112,0.113362702
21B,Grapes,Tulare Lake,30130.53392,1422.002244,11.72196241,0.258892316,2204.421502,50,7245.758441,5033.018762,0.13,50,0.132249498,0.30194507,0.434693599
21B,Lettuce,Tulare Lake,4717.879411,1008,18.9,0.70745928,1600,65,12500,929,0.25,65,0.083984211,0.048763332,0.656126648
21B,Onions and Garlic,Tulare Lake,2631.366063,2408.610949,10.63434095,0.889413482,4112.522919,50,7170.237318,10684.66197,0.41,50,0.160557684,0.417141646,0.279934415
21B,Orchards,Tulare Lake,3160.665613,2277.681025,7.763328774,0.301913406,2519.675644,50,6112.909401,6436.827012,0.13,50,0.142496355,0.364024786,0.345706127
21B,Pasture,Tulare Lake,41.05568954,242.4206904,4.903405501,0.217725727,225.050083,50,134.7527641,578.8882988,0.51,50,0.189326621,0.486998112,0.113362702
21B,Pistachios,Tulare Lake,3186.846401,5088.640658,1.460333567,0.27769924,1937.377826,50,386.8138231,1917.69532,0.4,50,0.260711671,0.258063009,0.052053284
21B,Potatoes,Tulare Lake,11181.6718,697.8686048,20.75531565,0.871185944,1479.227265,50,1543.541499,8971.834969,0.41,50,0.10212496,0.619410086,0.106565176
21B,Safflower,Tulare Lake,27.32702835,574.3765351,1.258,0.464759151,141.3282741,50,81.61210144,306.5430161,0.74,50,0.195592287,0.424242424,0.112947658
21B,Subtropical,Tulare Lake,14933.59468,1157.720607,15.10914155,0.300098104,3535.76379,50,7560.067345,2801.501829,0.13,50,0.202134149,0.160157528,0.432197361
21B,Truck,Tulare Lake,11346.4767,1282.087936,19.71342086,0.567426284,1338.105955,50,7420.976145,6020.132457,0.41,50,0.052943262,0.238191489,0.293617021
21C,Alfalfa,Tulare Lake,2321.888424,279.620574,8.447932227,0.238722103,665.8443229,50,356.4707563,440.2816103,1.86,50,0.281872792,0.186385019,0.150905255
21C,Almonds,Tulare Lake,10968.43863,4875.001978,1.131453803,0.30102452,1199.972919,50,516.3560009,1661.846397,0.4,50,0.217550368,0.301286212,0.093613311
21C,Berries,Tulare Lake,249.6857048,7027.33636,10.36058171,0.736063275,3293.681493,50,30337.54741,28199.96017,0.25,50,0.045238346,0.387323291,0.416682812
21C,Corn,Tulare Lake,153.640081,161.4386617,22.01452234,0.426250886,313.2553801,50,310.929404,1985.508048,0.3,50,0.088141761,0.558669338,0.087487293
21C,Cucurbits,Tulare Lake,548.8050152,654.3961754,16.06524008,0.42118336,492.5857332,50,6871.292169,2404.357717,0.05,50,0.046854775,0.228702604,0.653597591
21C,Field and Grain,Tulare Lake,1449.035877,289.315121,2.652255461,0.309707988,145.2774368,50,86.9874648,373.6919673,0.74,50,0.189326621,0.486998112,0.113362702
21C,Grapes,Tulare Lake,14173.70436,1422.002244,11.72196241,0.258892316,2204.421502,50,7245.758441,5033.018762,0.13,50,0.132249498,0.30194507,0.434693599
21C,Lettuce,Tulare Lake,720.43151,1008,18.9,0.70745928,1600,65,12500,929,0.25,65,0.083984211,0.048763332,0.656126648
21C,Onions and Garlic,Tulare Lake,1650.749423,2408.610949,10.63434095,0.889413482,4112.522919,50,7170.237318,10684.66197,0.41,50,0.160557684,0.417141646,0.279934415
21C,Orchards,Tulare Lake,2513.259579,2277.681025,7.763328774,0.301913406,2519.675644,50,6112.909401,6436.827012,0.13,50,0.142496355,0.364024786,0.345706127
21C,Pasture,Tulare Lake,5.86048671,242.4206904,4.903405501,0.217725727,225.050083,50,134.7527641,578.8882988,0.51,50,0.189326621,0.486998112,0.113362702
21C,Pistachios,Tulare Lake,3348.621351,5088.640658,1.460333567,0.27769924,1937.377826,50,386.8138231,1917.69532,0.4,50,0.260711671,0.258063009,0.052053284
21C,Potatoes,Tulare Lake,878.4384907,697.8686048,20.75531565,0.871185944,1479.227265,50,1543.541499,8971.834969,0.41,50,0.10212496,0.619410086,0.106565176
21C,Subtropical,Tulare Lake,22886.23105,1157.720607,15.10914155,0.300098104,3535.76379,50,7560.067345,2801.501829,0.13,50,0.202134149,0.160157528,0.432197361
21C,Truck,Tulare Lake,2361.541788,1282.087936,19.71342086,0.567426284,1338.105955,50,7420.976145,6020.132457,0.41,50,0.052943262,0.238191489,0.293617021
3A,Alfalfa,Sacramento River,4077.921662,280.6469987,5.962401488,0.296530363,471.6662224,50,252.5143029,311.8836593,1.86,50,0.281872792,0.186385019,0.150905255
3A,Almonds,Sacramento River,32454.41606,4683.240486,0.738721068,0.328498172,752.6390797,50,323.8653982,1042.332314,0.4,50,0.217550367,0.301286212,0.093613311
3A,Beans Dry,Sacramento River,278.1058735,1370.755748,1.280845402,0.462421635,149.5303492,50,124.7434966,884.8939851,1.68,50,0.085167237,0.504004546,0.071049516
3A,Corn,Sacramento River,4392.81599,229.087221,6.113531918,0.368313957,123.4453601,50,122.5287567,782.4343077,0.3,50,0.088141761,0.558669339,0.087487293
3A,Cotton,Sacramento River,280.7883201,1698.847366,0.768,0.39910672,193.801177,50,102.0653411,580.9116495,0.68,50,0.148539114,0.445240339,0.078228087
3A,Cucurbits,Sacramento River,1940.016527,202.6283347,12.01,0.515545205,114.0242014,50,1590.573071,556.5629498,0.05,50,0.046854775,0.228702604,0.653597591
3A,Field and Grain,Sacramento River,4775.065228,209.6613847,3.03361867,0.371042477,120.4179202,50,72.10238442,309.7467197,0.74,50,0.189326621,0.486998112,0.113362702
3A,Grapes,Sacramento River,117.1201881,1768.088912,10.32652959,0.408400486,5707.511085,50,6066.297444,4560.422484,0.13,50,0.312599493,0.249773629,0.332250166
3A,Orchards,Sacramento River,1025.92428,2309.334094,2.07088168,0.316370406,681.468536,50,1653.290347,1740.896727,0.13,50,0.142496355,0.364024786,0.345706127
3A,Pasture,Sacramento River,5642.199965,231.3889922,5,0.280121007,219.0404801,50,131.1544068,563.4300116,0.51,50,0.189326621,0.486998112,0.113362702
3A,Pistachios,Sacramento River,1431.220658,4908.224613,1.249825398,0.303044061,1599.315875,50,319.3169032,1583.067859,0.4,50,0.260711671,0.258063009,0.052053284
3A,Rice,Sacramento River,139101.8114,774.5349774,3.911625416,0.296213808,378.0637021,50,216.5505211,1737.988565,0.2,50,0.124786237,0.573652143,0.071476115
3A,Safflower,Sacramento River,71.98743529,566.272674,1.034446009,0.491036726,114.5737579,50,66.16231052,248.5120939,0.74,50,0.195592287,0.424242424,0.112947658
3A,Subtropical,Sacramento River,926.4934334,1426.122657,2.926176068,0.430766831,843.5231851,50,1803.596752,668.3511361,0.13,50,0.202134149,0.160157528,0.432197361
3A,Sunflowers,Sacramento River,1497.420933,3637.05749,0.601701512,0.374667829,453.0267168,50,387.8950797,849.6060148,0.74,50,0.207010582,0.388227513,0.177248677
3A,Truck,Sacramento River,298.3816225,742.5153484,22.835,0.395701502,945.7732119,50,5245.145436,4255.029217,0.41,50,0.055780263,0.25095514,0.309350686
3A,Walnuts,Sacramento River,15703.83532,1941.701849,1.718936287,0.734623408,854.2534686,50,299.3270611,911.6708835,0.13,50,0.25594369,0.273146576,0.089681664
3B,Alfalfa,Sacramento River,4433.001501,280.6469987,5.962401488,0.296530363,471.6662224,50,252.5143029,311.8836593,1.86,50,0.281872792,0.186385019,0.150905255
3B,Almonds,Sacramento River,94297.53939,4683.240486,0.738721068,0.328498172,752.6390797,50,323.8653982,1042.332314,0.4,50,0.217550367,0.301286212,0.093613311
3B,Beans Dry,Sacramento River,598.2069923,1370.755748,1.280845402,0.462421635,149.5303492,50,124.7434966,884.8939851,1.68,50,0.085167237,0.504004546,0.071049516
3B,Berries,Sacramento River,2.38744199,5808.7562,4.15,0.513302523,1090.53087,50,10044.6968,9336.946257,0.25,50,0.045238346,0.387323291,0.416682812
3B,Corn,Sacramento River,3386.572567,229.087221,6.113531918,0.368313957,123.4453601,50,122.5287567,782.4343077,0.3,50,0.088141761,0.558669339,0.087487293
3B,Cotton,Sacramento River,1682.380172,1698.847366,0.768,0.39910672,193.801177,50,102.0653411,580.9116495,0.68,50,0.148539114,0.445240339,0.078228087
3B,Cucurbits,Sacramento River,2573.835796,202.6283347,12.01,0.515545205,114.0242014,50,1590.573071,556.5629498,0.05,50,0.046854775,0.228702604,0.653597591
3B,Field and Grain,Sacramento River,18184.28517,209.6613847,3.03361867,0.371042477,120.4179202,50,72.10238442,309.7467197,0.74,50,0.189326621,0.486998112,0.113362702
3B,Grapes,Sacramento River,6611.505489,1768.088912,10.32652959,0.408400486,5707.511085,50,6066.297444,4560.422484,0.13,50,0.312599493,0.249773629,0.332250166
3B,Lettuce,Sacramento River,14.04784201,1008,18.9,0.493355185,1600,65,12500,929,0.25,65,0.083984211,0.048763332,0.656126648
3B,Onions and Garlic,Sacramento River,120.3364612,237.8260314,20.6576823,0.667899614,788.809401,50,1375.299473,2049.389626,0.41,50,0.160557684,0.417141646,0.279934415
3B,Orchards,Sacramento River,877.4776763,2309.334094,2.07088168,0.316370406,681.468536,50,1653.290347,1740.896727,0.13,50,0.142496355,0.364024786,0.345706127
3B,Pasture,Sacramento River,4152.018194,231.3889922,5,0.280121007,219.0404801,50,131.1544068,563.4300116,0.51,50,0.189326621,0.486998112,0.113362702
3B,Pistachios,Sacramento River,4359.882715,4908.224613,1.249825398,0.303044061,1599.315875,50,319.3169032,1583.067859,0.4,50,0.260711671,0.258063009,0.052053284
3B,Rice,Sacramento River,6583.353929,774.5349774,3.911625416,0.296213808,378.0637021,50,216.5505211,1737.988565,0.2,50,0.124786237,0.573652143,0.071476115
3B,Safflower,Sacramento River,772.1394843,566.272674,1.034446009,0.491036726,114.5737579,50,66.16231052,248.5120939,0.74,50,0.195592287,0.424242424,0.112947658
3B,Subtropical,Sacramento River,7526.321481,1426.122657,2.926176068,0.430766831,843.5231851,50,1803.596752,668.3511361,0.13,50,0.202134149,0.160157528,0.432197361
3B,Sunflowers,Sacramento River,8323.694569,3637.05749,0.601701512,0.374667829,453.0267168,50,387.8950797,849.6060148,0.74,50,0.207010582,0.388227513,0.177248677
3B,Truck,Sacramento River,1136.469529,742.5153484,22.835,0.395701502,945.7732119,50,5245.145436,4255.029217,0.41,50,0.055780263,0.25095514,0.309350686
3B,Walnuts,Sacramento River,10361.13005,1941.701849,1.718936287,0.734623408,854.2534686,50,299.3270611,911.6708835,0.13,50,0.25594369,0.273146576,0.089681664
4,Alfalfa,Sacramento River,7794.661126,280.6469987,5.962401488,0.296530363,471.6662224,50,252.5143029,311.8836593,1.86,50,0.281872792,0.186385019,0.150905255
4,Almonds,Sacramento River,4581.463992,4683.240486,0.738721068,0.328498172,752.6390797,50,323.8653982,1042.332314,0.4,50,0.217550367,0.301286212,0.093613311
4,Beans Dry,Sacramento River,7873.752261,1370.755748,1.280845402,0.462421635,149.5303492,50,124.7434966,884.8939851,1.68,50,0.085167237,0.504004546,0.071049516
4,Corn,Sacramento River,10015.70748,229.087221,6.113531918,0.368313957,123.4453601,50,122.5287567,782.4343077,0.3,50,0.088141761,0.558669339,0.087487293
4,Cotton,Sacramento River,1256.323403,1698.847366,0.768,0.39910672,193.801177,50,102.0653411,580.9116495,0.68,50,0.148539114,0.445240339,0.078228087
4,Cucurbits,Sacramento River,5113.150981,202.6283347,12.01,0.515545205,114.0242014,50,1590.573071,556.5629498,0.05,50,0.046854775,0.228702604,0.653597591
4,Field and Grain,Sacramento River,12705.13381,209.6613847,3.03361867,0.371042477,120.4179202,50,72.10238442,309.7467197,0.74,50,0.189326621,0.486998112,0.113362702
4,Onions and Garlic,Sacramento River,31.90768587,237.8260314,20.6576823,0.667899614,788.809401,50,1375.299473,2049.389626,0.41,50,0.160557684,0.417141646,0.279934415
4,Orchards,Sacramento River,2542.791189,2309.334094,2.07088168,0.316370406,681.468536,50,1653.290347,1740.896727,0.13,50,0.142496355,0.364024786,0.345706127
4,Pasture,Sacramento River,2392.91361,231.3889922,5,0.280121007,219.0404801,50,131.1544068,563.4300116,0.51,50,0.189326621,0.486998112,0.113362702
4,Rice,Sacramento River,113471.8699,774.5349774,3.911625416,0.296213808,378.0637021,50,216.5505211,1737.988565,0.2,50,0.124786237,0.573652143,0.071476115
4,Safflower,Sacramento River,2635.482416,566.272674,1.034446009,0.491036726,114.5737579,50,66.16231052,248.5120939,0.74,50,0.195592287,0.424242424,0.112947658
4,Subtropical,Sacramento River,205.9524666,1426.122657,2.926176068,0.430766831,843.5231851,50,1803.596752,668.3511361,0.13,50,0.202134149,0.160157528,0.432197361
4,Sunflowers,Sacramento River,17788.77638,3637.05749,0.601701512,0.374667829,453.0267168,50,387.8950797,849.6060148,0.74,50,0.207010582,0.388227513,0.177248677
4,Truck,Sacramento River,122.7592553,742.5153484,22.835,0.395701502,945.7732119,50,5245.145436,4255.029217,0.41,50,0.055780263,0.25095514,0.309350686
4,Walnuts,Sacramento River,41990.71722,1941.701849,1.718936287,0.734623408,854.2534686,50,299.3270611,911.6708835,0.13,50,0.25594369,0.273146576,0.089681664
5,Alfalfa,Sacramento River,938.6716029,280.6469987,5.962401488,0.296530363,471.6662224,50,252.5143029,311.8836593,1.86,50,0.281872792,0.186385019,0.150905255
5,Almonds,Sacramento River,37953.48043,4683.240486,0.738721068,0.328498172,752.6390797,50,323.8653982,1042.332314,0.4,50,0.217550367,0.301286212,0.093613311
5,Beans Dry,Sacramento River,1543.633403,1370.755748,1.280845402,0.462421635,149.5303492,50,124.7434966,884.8939851,1.68,50,0.085167237,0.504004546,0.071049516
5,Berries,Sacramento River,16.22204085,5808.7562,4.15,0.513302523,1090.53087,50,10044.6968,9336.946257,0.25,50,0.045238346,0.387323291,0.416682812
5,Corn,Sacramento River,1094.294324,229.087221,6.113531918,0.368313957,123.4453601,50,122.5287567,782.4343077,0.3,50,0.088141761,0.558669339,0.087487293
5,Cucurbits,Sacramento River,527.730521,202.6283347,12.01,0.515545205,114.0242014,50,1590.573071,556.5629498,0.05,50,0.046854775,0.228702604,0.653597591
5,Field and Grain,Sacramento River,8005.963931,209.6613847,3.03361867,0.371042477,120.4179202,50,72.10238442,309.7467197,0.74,50,0.189326621,0.486998112,0.113362702
5,Grapes,Sacramento River,213.931759,1768.088912,10.32652959,0.408400486,5707.511085,50,6066.297444,4560.422484,0.13,50,0.312599493,0.249773629,0.332250166
5,Orchards,Sacramento River,42051.93875,2309.334094,2.07088168,0.316370406,681.468536,50,1653.290347,1740.896727,0.13,50,0.142496355,0.364024786,0.345706127
5,Pasture,Sacramento River,10510.68152,231.3889922,5,0.280121007,219.0404801,50,131.1544068,563.4300116,0.51,50,0.189326621,0.486998112,0.113362702
5,Pistachios,Sacramento River,488.9088301,4908.224613,1.249825398,0.303044061,1599.315875,50,319.3169032,1583.067859,0.4,50,0.260711671,0.258063009,0.052053284
5,Rice,Sacramento River,163628.855,774.5349774,3.911625416,0.296213808,378.0637021,50,216.5505211,1737.988565,0.2,50,0.124786237,0.573652143,0.071476115
5,Safflower,Sacramento River,538.2207607,566.272674,1.034446009,0.491036726,114.5737579,50,66.16231052,248.5120939,0.74,50,0.195592287,0.424242424,0.112947658
5,Subtropical,Sacramento River,5106.335123,1426.122657,2.926176068,0.430766831,843.5231851,50,1803.596752,668.3511361,0.13,50,0.202134149,0.160157528,0.432197361
5,Sunflowers,Sacramento River,731.92811,3637.05749,0.601701512,0.374667829,453.0267168,50,387.8950797,849.6060148,0.74,50,0.207010582,0.388227513,0.177248677
5,Truck,Sacramento River,358.9825436,742.5153484,22.835,0.395701502,945.7732119,50,5245.145436,4255.029217,0.41,50,0.055780263,0.25095514,0.309350686
5,Walnuts,Sacramento River,66937.28676,1941.701849,1.718936287,0.734623408,854.2534686,50,299.3270611,911.6708835,0.13,50,0.25594369,0.273146576,0.089681664
6,Alfalfa,Sacramento River,30962.24131,280.6469987,5.962401488,0.296530363,471.6662224,50,252.5143029,311.8836593,1.86,50,0.281872792,0.186385019,0.150905255
6,Almonds,Sacramento River,42570.6323,4683.240486,0.738721068,0.328498172,752.6390797,50,323.8653982,1042.332314,0.4,50,0.217550367,0.301286212,0.093613311
6,Beans Dry,Sacramento River,2816.036415,1370.755748,1.280845402,0.462421635,149.5303492,50,124.7434966,884.8939851,1.68,50,0.085167237,0.504004546,0.071049516
6,Berries,Sacramento River,13.28750641,5808.7562,4.15,0.513302523,1090.53087,50,10044.6968,9336.946257,0.25,50,0.045238346,0.387323291,0.416682812
6,Corn,Sacramento River,8080.235918,229.087221,6.113531918,0.368313957,123.4453601,50,122.5287567,782.4343077,0.3,50,0.088141761,0.558669339,0.087487293
6,Cucurbits,Sacramento River,3209.13723,202.6283347,12.01,0.515545205,114.0242014,50,1590.573071,556.5629498,0.05,50,0.046854775,0.228702604,0.653597591
6,Field and Grain,Sacramento River,47807.28798,209.6613847,3.03361867,0.371042477,120.4179202,50,72.10238442,309.7467197,0.74,50,0.189326621,0.486998112,0.113362702
6,Grapes,Sacramento River,4019.630882,1768.088912,10.32652959,0.408400486,5707.511085,50,6066.297444,4560.422484,0.13,50,0.312599493,0.249773629,0.332250166
6,Lettuce,Sacramento River,29.46165931,1008,18.9,0.493355185,1600,65,12500,929,0.25,65,0.083984211,0.048763332,0.656126648
6,Onions and Garlic,Sacramento River,158.0376387,237.8260314,20.6576823,0.667899614,788.809401,50,1375.299473,2049.389626,0.41,50,0.160557684,0.417141646,0.279934415
6,Orchards,Sacramento River,4275.152369,2309.334094,2.07088168,0.316370406,681.468536,50,1653.290347,1740.896727,0.13,50,0.142496355,0.364024786,0.345706127
6,Pasture,Sacramento River,23300.63438,231.3889922,5,0.280121007,219.0404801,50,131.1544068,563.4300116,0.51,50,0.189326621,0.486998112,0.113362702
6,Pistachios,Sacramento River,4222.464934,4908.224613,1.249825398,0.303044061,1599.315875,50,319.3169032,1583.067859,0.4,50,0.260711671,0.258063009,0.052053284
6,Rice,Sacramento River,14404.07892,774.5349774,3.911625416,0.296213808,378.0637021,50,216.5505211,1737.988565,0.2,50,0.124786237,0.573652143,0.071476115
6,Safflower,Sacramento River,6845.820131,566.272674,1.034446009,0.491036726,114.5737579,50,66.16231052,248.5120939,0.74,50,0.195592287,0.424242424,0.112947658
6,Subtropical,Sacramento River,2457.850744,1426.122657,2.926176068,0.430766831,843.5231851,50,1803.596752,668.3511361,0.13,50,0.202134149,0.160157528,0.432197361
6,Sunflowers,Sacramento River,19373.47948,3637.05749,0.601701512,0.374667829,453.0267168,50,387.8950797,849.6060148,0.74,50,0.207010582,0.388227513,0.177248677
6,Truck,Sacramento River,3051.29663,742.5153484,22.835,0.395701502,945.7732119,50,5245.145436,4255.029217,0.41,50,0.055780263,0.25095514,0.309350686
6,Walnuts,Sacramento River,27820.16047,1941.701849,1.718936287,0.734623408,854.2534686,50,299.3270611,911.6708835,0.13,50,0.25594369,0.273146576,0.089681664
7,Alfalfa,Sacramento River,3440.350038,280.6469987,5.962401488,0.296530363,471.6662224,50,252.5143029,311.8836593,1.86,50,0.281872792,0.186385019,0.150905255
7,Almonds,Sacramento River,4182.364391,4683.240486,0.738721068,0.328498172,752.6390797,50,323.8653982,1042.332314,0.4,50,0.217550367,0.301286212,0.093613311
7,Beans Dry,Sacramento River,431.3635937,1370.755748,1.280845402,0.462421635,149.5303492,50,124.7434966,884.8939851,1.68,50,0.085167237,0.504004546,0.071049516
7,Berries,Sacramento River,26.95790066,5808.7562,4.15,0.513302523,1090.53087,50,10044.6968,9336.946257,0.25,50,0.045238346,0.387323291,0.416682812
7,Corn,Sacramento River,1311.538028,229.087221,6.113531918,0.368313957,123.4453601,50,122.5287567,782.4343077,0.3,50,0.088141761,0.558669339,0.087487293
7,Cucurbits,Sacramento River,257.0286545,202.6283347,12.01,0.515545205,114.0242014,50,1590.573071,556.5629498,0.05,50,0.046854775,0.228702604,0.653597591
7,Field and Grain,Sacramento River,15137.14047,209.6613847,3.03361867,0.371042477,120.4179202,50,72.10238442,309.7467197,0.74,50,0.189326621,0.486998112,0.113362702
7,Grapes,Sacramento River,60.33473606,1768.088912,10.32652959,0.408400486,5707.511085,50,6066.297444,4560.422484,0.13,50,0.312599493,0.249773629,0.332250166
7,Orchards,Sacramento River,1810.196469,2309.334094,2.07088168,0.316370406,681.468536,50,1653.290347,1740.896727,0.13,50,0.142496355,0.364024786,0.345706127
7,Pasture,Sacramento River,7085.147314,231.3889922,5,0.280121007,219.0404801,50,131.1544068,563.4300116,0.51,50,0.189326621,0.486998112,0.113362702
7,Pistachios,Sacramento River,353.1721326,4908.224613,1.249825398,0.303044061,1599.315875,50,319.3169032,1583.067859,0.4,50,0.260711671,0.258063009,0.052053284
7,Rice,Sacramento River,51878.90295,774.5349774,3.911625416,0.296213808,378.0637021,50,216.5505211,1737.988565,0.2,50,0.124786237,0.573652143,0.071476115
7,Safflower,Sacramento River,206.5091157,566.272674,1.034446009,0.491036726,114.5737579,50,66.16231052,248.5120939,0.74,50,0.195592287,0.424242424,0.112947658
7,Subtropical,Sacramento River,183.4043279,1426.122657,2.926176068,0.430766831,843.5231851,50,1803.596752,668.3511361,0.13,50,0.202134149,0.160157528,0.432197361
7,Sunflowers,Sacramento River,247.4237138,3637.05749,0.601701512,0.374667829,453.0267168,50,387.8950797,849.6060148,0.74,50,0.207010582,0.388227513,0.177248677
7,Truck,Sacramento River,129.9083724,742.5153484,22.835,0.395701502,945.7732119,50,5245.145436,4255.029217,0.41,50,0.055780263,0.25095514,0.309350686
7,Walnuts,Sacramento River,13230.42878,1941.701849,1.718936287,0.734623408,854.2534686,50,299.3270611,911.6708835,0.13,50,0.25594369,0.273146576,0.089681664
8,Alfalfa,Sacramento River and Delta,11119.68077,280.6469987,5.962401488,0.296530363,471.6662224,50,252.5143029,311.8836593,1.86,50,0.281872792,0.186385019,0.150905255
8,Almonds,Sacramento River and Delta,24249.36292,4683.240486,0.738721068,0.328498172,752.6390797,50,323.8653982,1042.332314,0.4,50,0.217550367,0.301286212,0.093613311
8,Beans Dry,Sacramento River and Delta,1370.959546,1370.755748,1.280845402,0.462421635,149.5303492,50,124.7434966,884.8939851,1.68,50,0.085167237,0.504004546,0.071049516
8,Berries,Sacramento River and Delta,164.5620206,5808.7562,4.15,0.513302523,1090.53087,50,10044.6968,9336.946257,0.25,50,0.045238346,0.387323291,0.416682812
8,Corn,Sacramento River and Delta,25458.84699,229.087221,6.113531918,0.368313957,123.4453601,50,122.5287567,782.4343077,0.3,50,0.088141761,0.558669339,0.087487293
8,Cucurbits,Sacramento River and Delta,3813.429114,202.6283347,12.01,0.515545205,114.0242014,50,1590.573071,556.5629498,0.05,50,0.046854775,0.228702604,0.653597591
8,Field and Grain,Sacramento River and Delta,28656.08674,209.6613847,3.03361867,0.371042477,120.4179202,50,72.10238442,309.7467197,0.74,50,0.189326621,0.486998112,0.113362702
8,Grapes,Sacramento River and Delta,103736.5767,1768.088912,10.32652959,0.408400486,5707.511085,50,6066.297444,4560.422484,0.13,50,0.312599493,0.249773629,0.332250166
8,Lettuce,Sacramento River and Delta,170.9219319,1008,18.9,0.493355185,1600,65,12500,929,0.25,65,0.083984211,0.048763332,0.656126648
8,Onions and Garlic,Sacramento River and Delta,793.4878651,237.8260314,20.6576823,0.667899614,788.809401,50,1375.299473,2049.389626,0.41,50,0.160557684,0.417141646,0.279934415
8,Orchards,Sacramento River and Delta,20931.54279,2309.334094,2.07088168,0.316370406,681.468536,50,1653.290347,1740.896727,0.13,50,0.142496355,0.364024786,0.345706127
8,Pasture,Sacramento River and Delta,28702.16837,231.3889922,5,0.280121007,219.0404801,50,131.1544068,563.4300116,0.51,50,0.189326621,0.486998112,0.113362702
8,Pistachios,Sacramento River and Delta,133.7025216,4908.224613,1.249825398,0.303044061,1599.315875,50,319.3169032,1583.067859,0.4,50,0.260711671,0.258063009,0.052053284
8,Potatoes,Sacramento River and Delta,276.4039181,209.2470536,24.6194334,0,526.1012146,50,548.9751823,3190.918249,0.41,50,0.10212496,0.619410086,0.106565176
8,Rice,Sacramento River and Delta,108.4576058,774.5349774,3.911625416,0.296213808,378.0637021,50,216.5505211,1737.988565,0.2,50,0.124786237,0.573652143,0.071476115
8,Safflower,Sacramento River and Delta,158.1579519,566.272674,1.034446009,0.491036726,114.5737579,50,66.16231052,248.5120939,0.74,50,0.195592287,0.424242424,0.112947658
8,Subtropical,Sacramento River and Delta,2103.178369,1426.122657,2.926176068,0.430766831,843.5231851,50,1803.596752,668.3511361,0.13,50,0.202134149,0.160157528,0.432197361
8,Sunflowers,Sacramento River and Delta,31.62485663,3637.05749,0.601701512,0.374667829,453.0267168,50,387.8950797,849.6060148,0.74,50,0.207010582,0.388227513,0.177248677
8,Truck,Sacramento River and Delta,1352.551035,742.5153484,22.835,0.395701502,945.7732119,50,5245.145436,4255.029217,0.41,50,0.055780263,0.25095514,0.309350686
8,Walnuts,Sacramento River and Delta,66430.94886,1941.701849,1.718936287,0.734623408,854.2534686,50,299.3270611,911.6708835,0.13,50,0.25594369,0.273146576,0.089681664
9,Alfalfa,Sacramento River and Delta,56408.74948,280.6469987,5.962401488,0.296530363,471.6662224,50,252.5143029,311.8836593,1.86,50,0.281872792,0.186385019,0.150905255
9,Almonds,Sacramento River and Delta,22180.68796,4683.240486,0.738721068,0.328498172,752.6390797,50,323.8653982,1042.332314,0.4,50,0.217550367,0.301286212,0.093613311
9,Beans Dry,Sacramento River and Delta,4720.093101,1370.755748,1.280845402,0.462421635,149.5303492,50,124.7434966,884.8939851,1.68,50,0.085167237,0.504004546,0.071049516
9,Berries,Sacramento River and Delta,2005.395013,5808.7562,4.15,0.513302523,1090.53087,50,10044.6968,9336.946257,0.25,50,0.045238346,0.387323291,0.416682812
9,Corn,Sacramento River and Delta,78005.08871,229.087221,6.113531918,0.368313957,123.4453601,50,122.5287567,782.4343077,0.3,50,0.088141761,0.558669339,0.087487293
9,Cotton,Sacramento River and Delta,233.8499336,1698.847366,0.768,0.39910672,193.801177,50,102.0653411,580.9116495,0.68,50,0.148539114,0.445240339,0.078228087
9,Cucurbits,Sacramento River and Delta,5941.900368,202.6283347,12.01,0.515545205,114.0242014,50,1590.573071,556.5629498,0.05,50,0.046854775,0.228702604,0.653597591
9,Field and Grain,Sacramento River and Delta,45991.57016,209.6613847,3.03361867,0.371042477,120.4179202,50,72.10238442,309.7467197,0.74,50,0.189326621,0.486998112,0.113362702
9,Grapes,Sacramento River and Delta,41468.33177,1768.088912,10.32652959,0.408400486,5707.511085,50,6066.297444,4560.422484,0.13,50,0.312599493,0.249773629,0.332250166
9,Lettuce,Sacramento River and Delta,39.19348551,1008,18.9,0.493355185,1600,65,12500,929,0.25,65,0.083984211,0.048763332,0.656126648
9,Onions and Garlic,Sacramento River and Delta,1355.63945,237.8260314,20.6576823,0.667899614,788.809401,50,1375.299473,2049.389626,0.41,50,0.160557684,0.417141646,0.279934415
9,Orchards,Sacramento River and Delta,10303.79692,2309.334094,2.07088168,0.316370406,681.468536,50,1653.290347,1740.896727,0.13,50,0.142496355,0.364024786,0.345706127
9,Pasture,Sacramento River and Delta,55834.05432,231.3889922,5,0.280121007,219.0404801,50,131.1544068,563.4300116,0.51,50,0.189326621,0.486998112,0.113362702
9,Pistachios,Sacramento River and Delta,197.6048427,4908.224613,1.249825398,0.303044061,1599.315875,50,319.3169032,1583.067859,0.4,50,0.260711671,0.258063009,0.052053284
9,Potatoes,Sacramento River and Delta,1669.71946,209.2470536,24.6194334,0,526.1012146,50,548.9751823,3190.918249,0.41,50,0.10212496,0.619410086,0.106565176
9,Rice,Sacramento River and Delta,7990.682377,774.5349774,3.911625416,0.296213808,378.0637021,50,216.5505211,1737.988565,0.2,50,0.124786237,0.573652143,0.071476115
9,Safflower,Sacramento River and Delta,13218.14247,566.272674,1.034446009,0.491036726,114.5737579,50,66.16231052,248.5120939,0.74,50,0.195592287,0.424242424,0.112947658
9,Subtropical,Sacramento River and Delta,2414.565821,1426.122657,2.926176068,0.430766831,843.5231851,50,1803.596752,668.3511361,0.13,50,0.202134149,0.160157528,0.432197361
9,Sunflowers,Sacramento River and Delta,1614.884464,3637.05749,0.601701512,0.374667829,453.0267168,50,387.8950797,849.6060148,0.74,50,0.207010582,0.388227513,0.177248677
9,Truck,Sacramento River and Delta,2637.531344,742.5153484,22.835,0.395701502,945.7732119,50,5245.145436,4255.029217,0.41,50,0.055780263,0.25095514,0.309350686
9,Walnuts,Sacramento River and Delta,6430.04628,1941.701849,1.718936287,0.734623408,854.2534686,50,299.3270611,911.6708835,0.13,50,0.25594369,0.273146576,0.089681664
BUTV,Alfalfa,North Coast,13525.59982,249.0919322,6.085272176,0.404227089,427.2605807,50,228.7410091,282.5209588,1.86,50,0.281872792,0.186385019,0.150905255
BUTV,Berries,North Coast,2694.549509,5808.7562,4.15,0.80640812,1090.53087,50,10044.6968,9336.946257,0.25,50,0.045238346,0.387323291,0.416682812
BUTV,Field and Grain,North Coast,6089.352314,250.0635568,3.303645804,0.444413552,156.406777,50,93.65135638,402.3195719,0.74,50,0.189326621,0.486998112,0.113362702
BUTV,Onions and Garlic,North Coast,189.5076943,203.8780498,28.012,0.697123182,916.9500601,50,1598.714383,2382.30926,0.41,50,0.160557684,0.417141646,0.279934415
BUTV,Pasture,North Coast,2425.138199,152.0683296,4.336874631,0.324112539,124.861149,50,74.76284716,321.1758786,0.51,50,0.189326621,0.486998112,0.113362702
BUTV,Potatoes,North Coast,93.18973485,217.6709989,22.646,0.395357812,503.412474,50,525.2999746,3053.306105,0.41,50,0.10212496,0.619410086,0.106565176
BUTV,Truck,North Coast,100.98869,841.6412216,16.8,0.621654657,788.709074,50,4374.08646,3548.398402,0.41,50,0.055780263,0.25095514,0.309350686
COAC,Alfalfa,Colorado River,416.3458734,258.2888978,7.462469935,0.138068817,543.3022338,50,290.8658248,359.2521167,1.86,50,0.281872792,0.186385019,0.150905255
COAC,Beans Dry,Colorado River,142.8712045,1398.951357,13.24,0.376983209,1577.477458,50,1315.987374,9335.230646,1.68,50,0.085167238,0.504004546,0.071049516
COAC,Berries,Colorado River,10.43353874,3233.710592,18.27412934,1.209942693,2673.28069,50,24623.13974,22888.19036,0.25,50,0.045238346,0.387323291,0.416682812
COAC,Corn,Colorado River,1233.116147,537.3529735,14.39866231,0.271707755,681.9672606,50,676.9035344,4322.516293,0.3,50,0.088141761,0.558669338,0.087487293
COAC,Cucurbits,Colorado River,173.1444964,476.5871364,17.35854775,0.397386406,387.6230202,50,5407.121734,1892.024753,0.05,50,0.046854775,0.228702604,0.653597591
COAC,Field and Grain,Colorado River,12.44593083,215.0815563,8.751417826,0.1799395,356.3635474,50,213.3790505,916.6612378,0.74,50,0.189326621,0.486998112,0.113362702
COAC,Grapes,Colorado River,7596.246812,2172.223292,6.917245821,0.249364739,1987.154836,50,6531.620162,4536.966984,0.13,50,0.132249498,0.30194507,0.434693599
COAC,Lettuce,Colorado River,5341.049255,1008,18.9,1.162923372,1600,65,12500,929,0.25,65,0.083984211,0.048763332,0.656126648
COAC,Onions and Garlic,Colorado River,150.7121,230.8625229,23.68387637,0.283879425,877.8843718,50,1530.602846,2280.813492,0.41,50,0.160557684,0.417141646,0.279934415
COAC,Orchards,Colorado River,9834.489349,3219.761233,3.883095309,0.29064302,1781.580591,50,4322.239161,4551.270755,0.13,50,0.142496355,0.364024786,0.345706127
COAC,Pasture,Colorado River,2027.849626,1469.892989,4.476617648,0.120634227,1245.797356,50,745.9434584,3204.520089,0.51,50,0.189326621,0.486998112,0.113362702
COAC,Potatoes,Colorado River,125.0634267,582.1214152,13.25160821,0.177921854,787.7965292,50,822.0485549,4778.157229,0.41,50,0.10212496,0.619410086,0.106565176
COAC,Subtropical,Colorado River,7524.643223,3010.958159,3.539238296,0.175116175,2154.04224,50,4605.710497,1706.718445,0.13,50,0.202134149,0.160157528,0.432197361
COAC,Truck,Colorado River,11205.8846,187.9449546,36.44564981,0.932736776,362.6494853,50,2011.210823,1631.558344,0.41,50,0.052943262,0.238191489,0.293617021
IMP,Alfalfa,Colorado River,145414.7643,258.2888978,7.462469935,0.138068817,543.3022338,50,290.8658248,359.2521167,1.86,50,0.281872792,0.186385019,0.150905255
IMP,Beans Dry,Colorado River,19.98171416,1398.951357,13.24,0.376983209,1577.477458,50,1315.987374,9335.230646,1.68,50,0.085167238,0.504004546,0.071049516
IMP,Corn,Colorado River,26684.9055,537.3529735,14.39866231,0.271707755,681.9672606,50,676.9035344,4322.516293,0.3,50,0.088141761,0.558669338,0.087487293
IMP,Cotton,Colorado River,58.78676481,2036.354651,1.083835094,0.169405866,327.8366135,50,172.65507,982.6777675,0.68,50,0.148539114,0.445240339,0.078228087
IMP,Cucurbits,Colorado River,5430.479369,476.5871364,17.35854775,0.397386406,387.6230202,50,5407.121734,1892.024753,0.05,50,0.046854775,0.228702604,0.653597591
IMP,Field and Grain,Colorado River,26717.79443,215.0815563,8.751417826,0.1799395,356.3635474,50,213.3790505,916.6612378,0.74,50,0.189326621,0.486998112,0.113362702
IMP,Lettuce,Colorado River,59161.48244,1008,18.9,1.162923372,1600,65,12500,929,0.25,65,0.083984211,0.048763332,0.656126648
IMP,Onions and Garlic,Colorado River,12685.46679,230.8625229,23.68387637,0.283879425,877.8843718,50,1530.602846,2280.813492,0.41,50,0.160557684,0.417141646,0.279934415
IMP,Orchards,Colorado River,1084.35938,3219.761233,3.883095309,0.29064302,1781.580591,50,4322.239161,4551.270755,0.13,50,0.142496355,0.364024786,0.345706127
IMP,Pasture,Colorado River,90296.36006,1469.892989,4.476617648,0.120634227,1245.797356,50,745.9434584,3204.520089,0.51,50,0.189326621,0.486998112,0.113362702
IMP,Potatoes,Colorado River,679.2364573,582.1214152,13.25160821,0.177921854,787.7965292,50,822.0485549,4778.157229,0.41,50,0.10212496,0.619410086,0.106565176
IMP,Safflower,Colorado River,115.8646159,565.3467595,1.069333333,0.427823265,118.2441699,50,68.28184419,256.4732692,0.74,50,0.195592287,0.424242424,0.112947658
IMP,Subtropical,Colorado River,7918.001989,3010.958159,3.539238296,0.175116175,2154.04224,50,4605.710497,1706.718445,0.13,50,0.202134149,0.160157528,0.432197361
IMP,Sunflowers,Colorado River,1171.057586,3639.713227,0.60825,0.181697638,458.2915301,50,392.4029709,859.4796422,0.74,50,0.207010582,0.388227513,0.177248677
IMP,Truck,Colorado River,18319.95294,187.9449546,36.44564981,0.932736776,362.6494853,50,2011.210823,1631.558344,0.41,50,0.052943262,0.238191489,0.293617021
OXNV,Alfalfa,South Coast,12.72970771,266.771587,7.78571868,0.203446044,585.4521929,50,313.4315016,387.123274,1.86,50,0.281872792,0.186385019,0.150905255
OXNV,Beans Dry,South Coast,108.3916919,1601.018386,9.920719374,0.696774194,1352.732884,50,1128.497518,8005.232282,1.68,50,0.085167238,0.504004546,0.071049516
OXNV,Berries,South Coast,13412.30341,3593.648113,21.40120823,0.732000559,3479.209334,50,32046.41321,29788.41908,0.25,50,0.045238346,0.387323291,0.416682812
OXNV,Corn,South Coast,26.40129758,519.8803701,13.68894259,0.366694399,627.2707619,50,622.6131667,3975.833218,0.3,50,0.088141761,0.558669338,0.087487293
OXNV,Cucurbits,South Coast,279.8855846,1033.115317,15.27174185,0.420395733,739.2498265,50,10312.11666,3608.348569,0.05,50,0.046854775,0.228702604,0.653597591
OXNV,Field and Grain,South Coast,3265.88907,209.4121108,5.442696543,0.282361585,215.7881537,50,129.2070182,555.0641684,0.74,50,0.189326621,0.486998112,0.113362702
OXNV,Grapes,South Coast,84.37665106,1957.698082,9.079949308,0.360783942,2350.84054,50,7727.026192,5367.314977,0.13,50,0.132249498,0.30194507,0.434693599
OXNV,Lettuce,South Coast,4664.745011,1008,18.9,0.703554444,1600,65,12500,929,0.25,65,0.083984211,0.048763332,0.656126648
OXNV,Onions and Garlic,South Coast,61.2668274,1171.55245,14.19643845,0.39283319,2670.374889,50,4655.833429,6937.846567,0.41,50,0.160557684,0.417141646,0.279934415
OXNV,Orchards,South Coast,19248.39291,4038.232105,1.94049809,0.440232764,1116.627328,50,2709.016022,2852.564362,0.13,50,0.142496355,0.364024786,0.345706127
OXNV,Pasture,South Coast,2061.242519,2010.02551,5,0.197971088,1902.75669,50,1139.309615,4894.393142,0.51,50,0.189326621,0.486998112,0.113362702
OXNV,Subtropical,South Coast,24456.77659,2644.244895,5.471174567,0.338673153,2924.300085,50,6252.653427,2317.019044,0.13,50,0.202134149,0.160157528,0.432197361
OXNV,Truck,South Coast,14889.51311,673.7006393,24.0003743,0.564294363,856.0431773,50,4747.513434,3851.334265,0.41,50,0.052943262,0.238191489,0.293617021
OXNV,Walnuts,South Coast,144.7119036,1870.546234,1.333556378,1.047617576,638.4461245,50,223.7090151,681.35836,0.13,50,0.25594369,0.273146576,0.089681664
PALV,Alfalfa,Colorado River,45091.16623,258.2888978,7.462469935,0.138068817,543.3022338,50,290.8658248,359.2521167,1.86,50,0.281872792,0.186385019,0.150905255
PALV,Almonds,Colorado River,6.098707983,4727.259845,0.880421053,0.26044293,905.4400824,50,389.6166428,1253.946914,0.4,50,0.217550368,0.301286212,0.093613311
PALV,Corn,Colorado River,1811.61954,537.3529735,14.39866231,0.271707755,681.9672606,50,676.9035344,4322.516293,0.3,50,0.088141761,0.558669338,0.087487293
PALV,Cotton,Colorado River,10909.92628,2036.354651,1.083835094,0.169405866,327.8366135,50,172.65507,982.6777675,0.68,50,0.148539114,0.445240339,0.078228087
PALV,Cucurbits,Colorado River,1766.731696,476.5871364,17.35854775,0.397386406,387.6230202,50,5407.121734,1892.024753,0.05,50,0.046854775,0.228702604,0.653597591
PALV,Field and Grain,Colorado River,7445.166637,215.0815563,8.751417826,0.1799395,356.3635474,50,213.3790505,916.6612378,0.74,50,0.189326621,0.486998112,0.113362702
PALV,Lettuce,Colorado River,1673.302898,1008,18.9,1.162923372,1600,65,12500,929,0.25,65,0.083984211,0.048763332,0.656126648
PALV,Onions and Garlic,Colorado River,1782.613277,230.8625229,23.68387637,0.283879425,877.8843718,50,1530.602846,2280.813492,0.41,50,0.160557684,0.417141646,0.279934415
PALV,Orchards,Colorado River,648.5097905,3219.761233,3.883095309,0.29064302,1781.580591,50,4322.239161,4551.270755,0.13,50,0.142496355,0.364024786,0.345706127
PALV,Pasture,Colorado River,4031.583642,1469.892989,4.476617648,0.120634227,1245.797356,50,745.9434584,3204.520089,0.51,50,0.189326621,0.486998112,0.113362702
PALV,Potatoes,Colorado River,730.3197676,582.1214152,13.25160821,0.177921854,787.7965292,50,822.0485549,4778.157229,0.41,50,0.10212496,0.619410086,0.106565176
PALV,Subtropical,Colorado River,1506.454008,3010.958159,3.539238296,0.175116175,2154.04224,50,4605.710497,1706.718445,0.13,50,0.202134149,0.160157528,0.432197361
PALV,Truck,Colorado River,57.08847397,187.9449546,36.44564981,0.932736776,362.6494853,50,2011.210823,1631.558344,0.41,50,0.052943262,0.238191489,0.293617021
PITRC,Alfalfa,Sacramento River,12236.3104,280.6469987,5.962401488,0.296530363,471.6662224,50,252.5143029,311.8836593,1.86,50,0.281872792,0.186385019,0.150905255
PITRC,Field and Grain,Sacramento River,5183.213892,209.6613847,3.03361867,0.371042477,120.4179202,50,72.10238442,309.7467197,0.74,50,0.189326621,0.486998112,0.113362702
PITRC,Orchards,Sacramento River,1.36562883,2309.334094,2.07088168,0.316370406,681.468536,50,1653.290347,1740.896727,0.13,50,0.142496355,0.364024786,0.345706127
PITRC,Pasture,Sacramento River,11422.66961,231.3889922,5,0.280121007,219.0404801,50,131.1544068,563.4300116,0.51,50,0.189326621,0.486998112,0.113362702
PITRC,Rice,Sacramento River,1290.480633,774.5349774,3.911625416,0.296213808,378.0637021,50,216.5505211,1737.988565,0.2,50,0.124786237,0.573652143,0.071476115
PITREL,Alfalfa,Sacramento River,10999.1602,280.6469987,5.962401488,0.296530363,471.6662224,50,252.5143029,311.8836593,1.86,50,0.281872792,0.186385019,0.150905255
PITREL,Field and Grain,Sacramento River,2205.450515,209.6613847,3.03361867,0.371042477,120.4179202,50,72.10238442,309.7467197,0.74,50,0.189326621,0.486998112,0.113362702
PITREL,Pasture,Sacramento River,11831.99369,231.3889922,5,0.280121007,219.0404801,50,131.1544068,563.4300116,0.51,50,0.189326621,0.486998112,0.113362702
PITREL,Rice,Sacramento River,506.3338709,774.5349774,3.911625416,0.296213808,378.0637021,50,216.5505211,1737.988565,0.2,50,0.124786237,0.573652143,0.071476115
PITREU,Alfalfa,Sacramento River,8606.299339,280.6469987,5.962401488,0.296530363,471.6662224,50,252.5143029,311.8836593,1.86,50,0.281872792,0.186385019,0.150905255
PITREU,Field and Grain,Sacramento River,3464.899252,209.6613847,3.03361867,0.371042477,120.4179202,50,72.10238442,309.7467197,0.74,50,0.189326621,0.486998112,0.113362702
PITREU,Orchards,Sacramento River,21.83113304,2309.334094,2.07088168,0.316370406,681.468536,50,1653.290347,1740.896727,0.13,50,0.142496355,0.364024786,0.345706127
PITREU,Pasture,Sacramento River,30624.36259,231.3889922,5,0.280121007,219.0404801,50,131.1544068,563.4300116,0.51,50,0.189326621,0.486998112,0.113362702
PITREU,Rice,Sacramento River,2107.428498,774.5349774,3.911625416,0.296213808,378.0637021,50,216.5505211,1737.988565,0.2,50,0.124786237,0.573652143,0.071476115
PITREU,Truck,Sacramento River,0.32739123,742.5153484,22.835,0.395701502,945.7732119,50,5245.145436,4255.029217,0.41,50,0.055780263,0.25095514,0.309350686
PITRW,Alfalfa,Sacramento River,6291.354834,280.6469987,5.962401488,0.296530363,471.6662224,50,252.5143029,311.8836593,1.86,50,0.281872792,0.186385019,0.150905255
PITRW,Berries,Sacramento River,243.2498212,5808.7562,4.15,0.513302523,1090.53087,50,10044.6968,9336.946257,0.25,50,0.045238346,0.387323291,0.416682812
PITRW,Field and Grain,Sacramento River,2627.27505,209.6613847,3.03361867,0.371042477,120.4179202,50,72.10238442,309.7467197,0.74,50,0.189326621,0.486998112,0.113362702
PITRW,Onions and Garlic,Sacramento River,95.12116088,237.8260314,20.6576823,0.667899614,788.809401,50,1375.299473,2049.389626,0.41,50,0.160557684,0.417141646,0.279934415
PITRW,Pasture,Sacramento River,18006.70043,231.3889922,5,0.280121007,219.0404801,50,131.1544068,563.4300116,0.51,50,0.189326621,0.486998112,0.113362702
PITRW,Rice,Sacramento River,4943.641141,774.5349774,3.911625416,0.296213808,378.0637021,50,216.5505211,1737.988565,0.2,50,0.124786237,0.573652143,0.071476115
PITRW,Truck,Sacramento River,11.50262236,742.5153484,22.835,0.395701502,945.7732119,50,5245.145436,4255.029217,0.41,50,0.055780263,0.25095514,0.309350686
RUSRL,Berries,North Coast,35.04822376,5808.7562,4.15,0.80640812,1090.53087,50,10044.6968,9336.946257,0.25,50,0.045238346,0.387323291,0.416682812
RUSRL,Corn,North Coast,6.62318171,114.9057173,14.76204445,0.536838208,149.5098721,50,148.3997352,947.6391269,0.3,50,0.088141761,0.558669339,0.087487293
RUSRL,Field and Grain,North Coast,2279.147057,250.0635568,3.303645804,0.444413552,156.406777,50,93.65135638,402.3195719,0.74,50,0.189326621,0.486998112,0.113362702
RUSRL,Grapes,North Coast,22590.82598,1808.397673,9.676478901,0.470001951,10163.318,50,3693.538171,3377.055207,0.13,50,0.580796808,0.192986472,0.211072327
RUSRL,Orchards,North Coast,1757.561972,968.4368182,2.277504558,0.361451205,314.2927061,50,762.4960946,802.9000818,0.13,50,0.142496355,0.364024786,0.345706127
RUSRL,Pasture,North Coast,4857.365854,152.0683296,4.336874631,0.324112539,124.861149,50,74.76284716,321.1758786,0.51,50,0.189326621,0.486998112,0.113362702
RUSRL,Subtropical,North Coast,122.3422982,1582.552973,2.581298779,0.470976253,825.7264995,50,1765.544396,654.2502374,0.13,50,0.202134149,0.160157528,0.432197361
RUSRL,Truck,North Coast,504.8835829,841.6412216,16.8,0.621654657,788.709074,50,4374.08646,3548.398402,0.41,50,0.055780263,0.25095514,0.309350686
RUSRL,Walnuts,North Coast,103.9771732,1865.758744,1.546620722,1.154107479,738.5565215,50,258.7873052,788.197533,0.13,50,0.25594369,0.273146576,0.089681664
RUSRU,Alfalfa,North Coast,119.5214793,249.0919322,6.085272176,0.404227089,427.2605807,50,228.7410091,282.5209588,1.86,50,0.281872792,0.186385019,0.150905255
RUSRU,Berries,North Coast,11.13607598,5808.7562,4.15,0.80640812,1090.53087,50,10044.6968,9336.946257,0.25,50,0.045238346,0.387323291,0.416682812
RUSRU,Cucurbits,North Coast,6.2892958,422.5236393,11.899,0.629844961,235.5674784,50,3286.03299,1149.827221,0.05,50,0.046854775,0.228702604,0.653597591
RUSRU,Field and Grain,North Coast,843.4190492,250.0635568,3.303645804,0.444413552,156.406777,50,93.65135638,402.3195719,0.74,50,0.189326621,0.486998112,0.113362702
RUSRU,Grapes,North Coast,11033.06729,1808.397673,9.676478901,0.470001951,10163.318,50,3693.538171,3377.055207,0.13,50,0.580796808,0.192986472,0.211072327
RUSRU,Orchards,North Coast,1000.843607,968.4368182,2.277504558,0.361451205,314.2927061,50,762.4960946,802.9000818,0.13,50,0.142496355,0.364024786,0.345706127
RUSRU,Pasture,North Coast,2238.215988,152.0683296,4.336874631,0.324112539,124.861149,50,74.76284716,321.1758786,0.51,50,0.189326621,0.486998112,0.113362702
RUSRU,Subtropical,North Coast,30.67084687,1582.552973,2.581298779,0.470976253,825.7264995,50,1765.544396,654.2502374,0.13,50,0.202134149,0.160157528,0.432197361
RUSRU,Truck,North Coast,42.59212388,841.6412216,16.8,0.621654657,788.709074,50,4374.08646,3548.398402,0.41,50,0.055780263,0.25095514,0.309350686
RUSRU,Walnuts,North Coast,49.17931509,1865.758744,1.546620722,1.154107479,738.5565215,50,258.7873052,788.197533,0.13,50,0.25594369,0.273146576,0.089681664
RUSSRC,Field and Grain,North Coast,239.4284279,250.0635568,3.303645804,0.444413552,156.406777,50,93.65135638,402.3195719,0.74,50,0.189326621,0.486998112,0.113362702
RUSSRC,Grapes,North Coast,24974.27496,1808.397673,9.676478901,0.470001951,10163.318,50,3693.538171,3377.055207,0.13,50,0.580796808,0.192986472,0.211072327
RUSSRC,Orchards,North Coast,179.7675847,968.4368182,2.277504558,0.361451205,314.2927061,50,762.4960946,802.9000818,0.13,50,0.142496355,0.364024786,0.345706127
RUSSRC,Pasture,North Coast,380.1607555,152.0683296,4.336874631,0.324112539,124.861149,50,74.76284716,321.1758786,0.51,50,0.189326621,0.486998112,0.113362702
RUSSRC,Subtropical,North Coast,127.9010377,1582.552973,2.581298779,0.470976253,825.7264995,50,1765.544396,654.2502374,0.13,50,0.202134149,0.160157528,0.432197361
RUSSRC,Truck,North Coast,63.36946722,841.6412216,16.8,0.621654657,788.709074,50,4374.08646,3548.398402,0.41,50,0.055780263,0.25095514,0.309350686
SAL,Alfalfa,Central Coast,124.1446052,285.4085125,5.753769454,0.260358462,462.8843905,50,247.8128041,306.0767778,1.86,50,0.281872792,0.186385019,0.150905255
SAL,Berries,Central Coast,8804.511567,3173.779594,32.91702622,1.255554957,4726.112712,50,43531.43094,40464.20108,0.25,50,0.045238346,0.387323291,0.416682812
SAL,Cucurbits,Central Coast,73.5450981,711.6013188,16.77063156,0.598005769,559.1650505,50,7800.035962,2729.337685,0.05,50,0.046854775,0.228702604,0.653597591
SAL,Field and Grain,Central Coast,4465.965288,255.5234925,2.245253001,0.325618028,108.6195012,50,65.03786993,279.3980675,0.74,50,0.189326621,0.486998112,0.113362702
SAL,Grapes,Central Coast,48837.82923,1828.539429,9.7576058,0.417490381,2359.617621,50,7755.875761,5387.354345,0.13,50,0.132249498,0.30194507,0.434693599
SAL,Lettuce,Central Coast,112509.6856,1008,18.9,1.206763109,1600,65,12500,929,0.25,65,0.083984211,0.048763332,0.656126648
SAL,Onions and Garlic,Central Coast,999.4362001,1427.738608,20.08290673,0.648304225,4603.693159,50,8026.599034,11960.76136,0.41,50,0.160557684,0.417141646,0.279934415
SAL,Orchards,Central Coast,237.282651,1190.158285,14.43863271,0.381137183,2448.694178,50,5940.703399,6255.495968,0.13,50,0.142496355,0.364024786,0.345706127
SAL,Pasture,Central Coast,2934.827098,207.2507842,4.78638378,0.25687455,187.8085607,50,112.4537362,483.0932597,0.51,50,0.189326621,0.486998112,0.113362702
SAL,Subtropical,Central Coast,1587.01126,2833.550317,6.019821828,0.430228934,3447.896788,50,7372.192676,2731.881917,0.13,50,0.202134149,0.160157528,0.432197361
SAL,Truck,Central Coast,15837.45299,1187.253943,17.43634578,0.967898968,1095.99807,50,6078.274671,4930.89021,0.41,50,0.052943262,0.238191489,0.293617021
SAL,Walnuts,Central Coast,357.4916673,2279.333378,0.866689676,1.796913166,505.6102861,50,177.1638589,539.5941523,0.13,50,0.25594369,0.273146576,0.089681664
SAN,Alfalfa,South Coast,135.391399,266.771587,7.78571868,0.203446044,585.4521929,50,313.4315016,387.123274,1.86,50,0.281872792,0.186385019,0.150905255
SAN,Berries,South Coast,186.0479637,3593.648113,21.40120823,0.732000559,3479.209334,50,32046.41321,29788.41908,0.25,50,0.045238346,0.387323291,0.416682812
SAN,Cucurbits,South Coast,24.72622728,1033.115317,15.27174185,0.420395733,739.2498265,50,10312.11666,3608.348569,0.05,50,0.046854775,0.228702604,0.653597591
SAN,Field and Grain,South Coast,583.8045473,209.4121108,5.442696543,0.282361585,215.7881537,50,129.2070182,555.0641684,0.74,50,0.189326621,0.486998112,0.113362702
SAN,Grapes,South Coast,707.1787559,1957.698082,9.079949308,0.360783942,2350.84054,50,7727.026192,5367.314977,0.13,50,0.132249498,0.30194507,0.434693599
SAN,Lettuce,South Coast,102.7246933,1008,18.9,0.703554444,1600,65,12500,929,0.25,65,0.083984211,0.048763332,0.656126648
SAN,Orchards,South Coast,21749.0531,4038.232105,1.94049809,0.440232764,1116.627328,50,2709.016022,2852.564362,0.13,50,0.142496355,0.364024786,0.345706127
SAN,Pasture,South Coast,954.0942154,2010.02551,5,0.197971088,1902.75669,50,1139.309615,4894.393142,0.51,50,0.189326621,0.486998112,0.113362702
SAN,Subtropical,South Coast,7328.183118,2644.244895,5.471174567,0.338673153,2924.300085,50,6252.653427,2317.019044,0.13,50,0.202134149,0.160157528,0.432197361
SAN,Truck,South Coast,318.7356346,673.7006393,24.0003743,0.564294363,856.0431773,50,4747.513434,3851.334265,0.41,50,0.052943262,0.238191489,0.293617021
SCOV,Alfalfa,North Coast,12313.28184,249.0919322,6.085272176,0.404227089,427.2605807,50,228.7410091,282.5209588,1.86,50,0.281872792,0.186385019,0.150905255
SCOV,Berries,North Coast,2.05539015,5808.7562,4.15,0.80640812,1090.53087,50,10044.6968,9336.946257,0.25,50,0.045238346,0.387323291,0.416682812
SCOV,Field and Grain,North Coast,2700.73167,250.0635568,3.303645804,0.444413552,156.406777,50,93.65135638,402.3195719,0.74,50,0.189326621,0.486998112,0.113362702
SCOV,Orchards,North Coast,3.81431074,968.4368182,2.277504558,0.361451205,314.2927061,50,762.4960946,802.9000818,0.13,50,0.142496355,0.364024786,0.345706127
SCOV,Pasture,North Coast,15077.43476,152.0683296,4.336874631,0.324112539,124.861149,50,74.76284716,321.1758786,0.51,50,0.189326621,0.486998112,0.113362702
SCOV,Truck,North Coast,4.63451031,841.6412216,16.8,0.621654657,788.709074,50,4374.08646,3548.398402,0.41,50,0.055780263,0.25095514,0.309350686
SHV,Alfalfa,North Coast,5341.341955,249.0919322,6.085272176,0.404227089,427.2605807,50,228.7410091,282.5209588,1.86,50,0.281872792,0.186385019,0.150905255
SHV,Berries,North Coast,115.4261067,5808.7562,4.15,0.80640812,1090.53087,50,10044.6968,9336.946257,0.25,50,0.045238346,0.387323291,0.416682812
SHV,Field and Grain,North Coast,6029.557896,250.0635568,3.303645804,0.444413552,156.406777,50,93.65135638,402.3195719,0.74,50,0.189326621,0.486998112,0.113362702
SHV,Grapes,North Coast,3.75212993,1808.397673,9.676478901,0.470001951,10163.318,50,3693.538171,3377.055207,0.13,50,0.580796808,0.192986472,0.211072327
SHV,Orchards,North Coast,22.20686391,968.4368182,2.277504558,0.361451205,314.2927061,50,762.4960946,802.9000818,0.13,50,0.142496355,0.364024786,0.345706127
SHV,Pasture,North Coast,35109.05705,152.0683296,4.336874631,0.324112539,124.861149,50,74.76284716,321.1758786,0.51,50,0.189326621,0.486998112,0.113362702
SHV,Truck,North Coast,39.92939282,841.6412216,16.8,0.621654657,788.709074,50,4374.08646,3548.398402,0.41,50,0.055780263,0.25095514,0.309350686
TULE,Alfalfa,North Coast,7746.806105,249.0919322,6.085272176,0.404227089,427.2605807,50,228.7410091,282.5209588,1.86,50,0.281872792,0.186385019,0.150905255
TULE,Field and Grain,North Coast,13380.81467,250.0635568,3.303645804,0.444413552,156.406777,50,93.65135638,402.3195719,0.74,50,0.189326621,0.486998112,0.113362702
TULE,Lettuce,North Coast,471.3459526,1008,18.9,0.775070469,1600,65,12500,929,0.25,65,0.083984211,0.048763332,0.656126648
TULE,Onions and Garlic,North Coast,1325.165262,203.8780498,28.012,0.697123182,916.9500601,50,1598.714383,2382.30926,0.41,50,0.160557684,0.417141646,0.279934415
TULE,Pasture,North Coast,516.6373152,152.0683296,4.336874631,0.324112539,124.861149,50,74.76284716,321.1758786,0.51,50,0.189326621,0.486998112,0.113362702
TULE,Potatoes,North Coast,3761.819522,217.6709989,22.646,0.395357812,503.412474,50,525.2999746,3053.306105,0.41,50,0.10212496,0.619410086,0.106565176
WATS,Berries,Central Coast,8593.655816,3173.779594,32.91702622,1.255554957,4726.112712,50,43531.43094,40464.20108,0.25,50,0.045238346,0.387323291,0.416682812
WATS,Field and Grain,Central Coast,1600.18704,255.5234925,2.245253001,0.325618028,108.6195012,50,65.03786993,279.3980675,0.74,50,0.189326621,0.486998112,0.113362702
WATS,Grapes,Central Coast,268.2049628,1828.539429,9.7576058,0.417490381,2359.617621,50,7755.875761,5387.354345,0.13,50,0.132249498,0.30194507,0.434693599
WATS,Lettuce,Central Coast,7616.756561,1008,18.9,1.206763109,1600,65,12500,929,0.25,65,0.083984211,0.048763332,0.656126648
WATS,Onions and Garlic,Central Coast,1.69087963,1427.738608,20.08290673,0.648304225,4603.693159,50,8026.599034,11960.76136,0.41,50,0.160557684,0.417141646,0.279934415
WATS,Orchards,Central Coast,1774.126745,1190.158285,14.43863271,0.381137183,2448.694178,50,5940.703399,6255.495968,0.13,50,0.142496355,0.364024786,0.345706127
WATS,Pasture,Central Coast,502.4778247,207.2507842,4.78638378,0.25687455,187.8085607,50,112.4537362,483.0932597,0.51,50,0.189326621,0.486998112,0.113362702
WATS,Subtropical,Central Coast,76.36745932,2833.550317,6.019821828,0.430228934,3447.896788,50,7372.192676,2731.881917,0.13,50,0.202134149,0.160157528,0.432197361
WATS,Truck,Central Coast,1855.345368,1187.253943,17.43634578,0.967898968,1095.99807,50,6078.274671,4930.89021,0.41,50,0.052943262,0.238191489,0.293617021
WATS,Walnuts,Central Coast,52.41471596,2279.333378,0.866689676,1.796913166,505.6102861,50,177.1638589,539.5941523,0.13,50,0.25594369,0.273146576,0.089681664
OXNV,Tomatoes,South Coast,11.2406011,3627.34533,16.17752947,0.420728275,1860.762692,50,19866.87909,13229.17562,0.74,50,0.031709536,0.225440365,0.338554465
SAN,Tomatoes,South Coast,660.8028395,3627.34533,16.17752947,0.420728275,1860.762692,50,19866.87909,13229.17562,0.74,50,0.031709536,0.225440365,0.338554465
10,Tomatoes,San Joaquin River,37267.21112,99.69467136,46.73447582,0.430606169,122.4440466,50,1913.505271,924.141116,0.74,50,0.026280181,0.198348523,0.410695875
13,Tomatoes,San Joaquin River,12290.43114,99.69467136,46.73447582,0.430606169,122.4440466,50,1913.505271,924.141116,0.74,50,0.026280181,0.198348523,0.410695875
14A,Tomatoes,Tulare Lake,62920.68508,97.3922824,54.70338716,0.474648511,168.9385059,50,1803.712469,1201.075867,0.74,50,0.031709536,0.225440365,0.338554465
14B,Tomatoes,Tulare Lake,543.1809506,97.3922824,54.70338716,0.474648511,168.9385059,50,1803.712469,1201.075867,0.74,50,0.031709536,0.225440365,0.338554465
15A,Tomatoes,Tulare Lake,25754.20591,97.3922824,54.70338716,0.474648511,168.9385059,50,1803.712469,1201.075867,0.74,50,0.031709536,0.225440365,0.338554465
16,Tomatoes,Tulare Lake,319.050942,97.3922824,54.70338716,0.474648511,168.9385059,50,1803.712469,1201.075867,0.74,50,0.031709536,0.225440365,0.338554465
17,Tomatoes,Tulare Lake,199.4263984,97.3922824,54.70338716,0.474648511,168.9385059,50,1803.712469,1201.075867,0.74,50,0.031709536,0.225440365,0.338554465
18,Tomatoes,Tulare Lake,397.2507949,97.3922824,54.70338716,0.474648511,168.9385059,50,1803.712469,1201.075867,0.74,50,0.031709536,0.225440365,0.338554465
19B,Tomatoes,Tulare Lake,907.769775,97.3922824,54.70338716,0.474648511,168.9385059,50,1803.712469,1201.075867,0.74,50,0.031709536,0.225440365,0.338554465
2,Tomatoes,Sacramento River,141.3933554,98.36808723,45.12697659,0.385356423,378.0837203,50,916.1768531,2411.986977,0.74,50,0.085172131,0.543356034,0.206390095
20,Tomatoes,Tulare Lake,154.8813963,97.3922824,54.70338716,0.474648511,168.9385059,50,1803.712469,1201.075867,0.74,50,0.031709536,0.225440365,0.338554465
21A,Tomatoes,Tulare Lake,2377.919626,97.3922824,54.70338716,0.474648511,168.9385059,50,1803.712469,1201.075867,0.74,50,0.031709536,0.225440365,0.338554465
21B,Tomatoes,Tulare Lake,1183.07249,97.3922824,54.70338716,0.474648511,168.9385059,50,1803.712469,1201.075867,0.74,50,0.031709536,0.225440365,0.338554465
21C,Tomatoes,Tulare Lake,1427.251375,97.3922824,54.70338716,0.474648511,168.9385059,50,1803.712469,1201.075867,0.74,50,0.031709536,0.225440365,0.338554465
3A,Tomatoes,Sacramento River,1963.423885,98.36808723,45.12697659,0.385356423,378.0837203,50,916.1768531,2411.986977,0.74,50,0.085172131,0.543356034,0.206390095
3B,Tomatoes,Sacramento River,11778.1278,98.36808723,45.12697659,0.385356423,378.0837203,50,916.1768531,2411.986977,0.74,50,0.085172131,0.543356034,0.206390095
4,Tomatoes,Sacramento River,24558.41527,98.36808723,45.12697659,0.385356423,378.0837203,50,916.1768531,2411.986977,0.74,50,0.085172131,0.543356034,0.206390095
5,Tomatoes,Sacramento River,1175.142397,98.36808723,45.12697659,0.385356423,378.0837203,50,916.1768531,2411.986977,0.74,50,0.085172131,0.543356034,0.206390095
6,Tomatoes,Sacramento River,26420.49272,98.36808723,45.12697659,0.385356423,378.0837203,50,916.1768531,2411.986977,0.74,50,0.085172131,0.543356034,0.206390095
7,Tomatoes,Sacramento River,188.6409119,98.36808723,45.12697659,0.385356423,378.0837203,50,916.1768531,2411.986977,0.74,50,0.085172131,0.543356034,0.206390095
8,Tomatoes,Sacramento River and Delta,2536.156703,98.36808723,45.12697659,0.385356423,378.0837203,50,916.1768531,2411.986977,0.74,50,0.085172131,0.543356034,0.206390095
9,Tomatoes,Sacramento River and Delta,22560.84263,98.36808723,45.12697659,0.385356423,378.0837203,50,916.1768531,2411.986977,0.74,50,0.085172131,0.543356034,0.206390095
COAC,Tomatoes,Colorado River,110.0197816,98.57440504,49.02553846,0.255706913,153.2415104,50,1636.119733,1089.477375,0.74,50,0.031709536,0.225440365,0.338554465
