g,i,hr,xland,p,y,xwater,omegaland,omegawater_x,omegasupply,omegalabor,theta,omegawater,CS_land,CS_labor,CS_supply,mprof_init,f_adjustment,mprof,sigma,lambdaland,lambdacrop,rho,betaland,betawater,betasupply,betalabor,tau,gamma,delta,xlandcalib,xwatercalib,diffland,diffwater,percdiffland,percdiffwater,status,pc,pimarginal
1,Alfalfa,Sacramento River,218.8354054,280.6469987,5.962401488,3.537610105,471.6662224,35.37610105,252.5143029,311.8836593,1.86,10,0.281872792,0.186385019,0.150905255,601.889797,1.487388256,601.889797,0.17,62.62442621,539.2653708,-4.882352941,0.057933256,0.911609636,0.013626653,0.016830455,3.643555099,0.002456798,240359.1416,218.8355078,774.1537273,-0.000102423,0.000614165,4.68E-07,7.93E-07,GOOD,280.6469987,512.1190455
1,Almonds,Sacramento River,32.71585715,4683.240486,0.738721068,3.971676207,752.6390797,198.5838104,323.8653982,1042.332314,0.4,50,0.217550367,0.301286212,0.093613311,1142.187811,1.421781248,1142.187811,0.17,62.62442621,1079.563385,-4.882352941,0.011138281,0.980830857,0.001903764,0.006127098,0.332646308,0.076415543,1968.138028,32.71585874,129.9367664,-1.59E-06,2.50E-05,4.86E-08,1.92E-07,GOOD,4683.240486,552.061027
1,Berries,Sacramento River,220.6292491,5808.7562,4.15,3.453441036,1090.53087,172.6720518,10044.6968,9336.946257,0.25,50,0.045238346,0.387323291,0.416682812,3461.492251,1.112065325,3461.492251,0.17,62.62442621,3398.867825,-4.882352941,0.046810867,0.75387742,0.103294943,0.096016769,3.118772009,0.018129962,4535.376484,220.6292523,761.9299242,-3.20E-06,0.000178404,1.45E-08,2.34E-07,GOOD,5808.7562,3037.851554
1,Cucurbits,Sacramento River,17.42837714,202.6283347,12.01,1.97136542,111.9924863,96.81195395,1562.231795,546.6459553,0.05,50,0.046854775,0.228702604,0.653597591,73.83780655,0.98218172,115.8841095,0.17,62.62442621,53.2596833,-4.882352941,0.045157284,0.536935863,0.309580474,0.108326379,10.34510807,1.147553776,2.97E-07,17.41906804,34.3349541,0.0093091,0.022745918,0.000534135,0.000662033,GOOD,202.6283347,21.8443252
1,Field and Grain,Sacramento River,3219.912649,209.6613847,3.03361867,2.845649619,120.4179202,71.14124048,72.10238442,309.7467197,0.74,25,0.189326621,0.486998112,0.113362702,62.62442621,1.056394644,62.62442621,0.17,62.62442621,0,-4.882352941,0.01487795,0.954084795,0.005860587,0.025176667,1.653693583,0.000419686,74281.81332,3219.918693,9162.755231,-0.006043921,-0.012028133,1.88E-06,1.31E-06,GOOD,209.6613847,-68.67737717
1,Grapes,Sacramento River,38.6108022,1768.088912,10.32652959,2.661751325,5707.511085,133.0875663,6066.297444,4560.422484,0.13,50,0.312599493,0.249773629,0.332250166,1790.903888,1.055957181,1790.903888,0.17,62.62442621,1728.279462,-4.882352941,0.220720588,0.466475188,0.178565303,0.134238921,9.09329252,0.199226829,17.03148598,38.61080242,102.7723316,-2.15E-07,2.23E-05,5.58E-09,2.17E-07,GOOD,1768.088912,1569.745449
1,Orchards,Sacramento River,484.809818,2309.334094,2.07088168,3.327741402,681.468536,166.3870701,1653.290347,1740.896727,0.13,50,0.142496355,0.364024786,0.345706127,540.3149882,1.073687064,540.3149882,0.17,62.62442621,477.690562,-4.882352941,0.019222595,0.927375898,0.026011588,0.027389919,1.219081087,0.01586665,33.33734603,484.8098327,1613.321336,-1.47E-05,0.000367404,3.03E-08,2.28E-07,GOOD,2309.334094,153.0089163
1,Pasture,Sacramento River,10143.3774,231.3889922,5,3.965593094,219.0404801,39.65593094,131.1544068,563.4300116,0.51,10,0.189326621,0.486998112,0.113362702,203.6641316,1.155852829,203.6641316,0.17,62.62442621,141.0397054,-4.882352941,0.012363677,0.96732044,0.003836132,0.016479751,2.499007503,0.000193307,262176.7505,10143.3806,40224.46782,-0.003200699,0.039552014,3.16E-07,9.83E-07,GOOD,231.3889922,86.06077663
1,Pistachios,Sacramento River,7.841825166,4908.224613,1.249825398,3.663925668,1599.315875,183.1962834,319.3169032,1583.067859,0.4,50,0.260711671,0.258063009,0.052053284,2449.52686,1.585474028,2449.52686,0.17,62.62442621,2386.902434,-4.882352941,0.036882585,0.945787804,0.00290879,0.014420821,0.692253099,0.318803333,1026.365444,7.841825359,28.73186097,-1.93E-07,3.54E-06,2.46E-08,1.23E-07,GOOD,4908.224613,1961.505578
1,Subtropical,Sacramento River,693.0795889,1426.122657,2.926176068,2.972946835,843.5231851,148.6473418,1803.596752,668.3511361,0.13,50,0.202134149,0.160157528,0.432197361,708.967574,1.14729554,708.967574,0.17,62.62442621,646.3431478,-4.882352941,0.04513977,0.882986591,0.052440855,0.019432784,1.899693199,0.011098736,61.25576725,693.0796068,2060.488291,-1.79E-05,0.000479719,2.58E-08,2.33E-07,GOOD,1426.122657,415.6942716
1,Truck,Sacramento River,39.18946079,742.5153484,22.835,2.662234731,945.7732119,133.1117366,5245.145436,4255.029217,0.41,50,0.055780263,0.25095514,0.309350686,6376.278379,1.526406084,6376.278379,0.17,62.62442621,6313.653953,-4.882352941,0.224008708,0.485345724,0.160468447,0.130177121,19.96250047,0.062236743,10176.55216,39.1894615,104.3315222,-7.06E-07,2.14E-05,1.80E-08,2.05E-07,GOOD,742.5153484,6155.015428
1,Walnuts,Sacramento River,2185.280515,1941.701849,1.718936287,4.942462794,854.2534686,247.1231397,299.3270611,911.6708835,0.13,50,0.25594369,0.273146576,0.089681664,1025.287214,1.374658568,1025.287214,0.17,62.62442621,962.6627877,-4.882352941,0.003096313,0.994908716,0.000493105,0.001501866,0.59212916,0.003520055,235.5367469,2185.280539,10800.66483,-2.36E-05,0.002807232,1.08E-08,2.60E-07,GOOD,1941.701849,51.01343008
10,Alfalfa,San Joaquin River,37356.60955,290.4258221,6.981811447,4.134965358,571.5529894,41.34965358,305.9903334,377.9325916,1.86,10,0.281872792,0.186385019,0.150905255,730.8727613,1.489129543,730.8727613,0.17,68.61215883,662.2606024,-4.882352941,0.02941147,0.955144134,0.006909895,0.008534501,3.712508039,1.44E-05,50076998.53,37356.60853,154468.2275,0.001022027,0.058843312,2.74E-08,3.81E-07,GOOD,290.4258221,601.2430297
10,Almonds,San Joaquin River,100166.8964,4775.762292,1.018616781,4.125499535,1058.3111,206.2749768,455.3980167,1465.658483,0.4,50,0.217550368,0.301286212,0.093613311,1679.029036,1.454344131,1679.029036,0.17,68.61215883,1610.416877,-4.882352941,0.012832728,0.978161305,0.002134919,0.006871048,0.469576695,2.50E-05,8777125.593,100166.8961,413238.4535,0.00026957,0.031011981,2.69E-09,7.50E-08,GOOD,4775.762292,1034.316692
10,Beans Dry,San Joaquin River,7330.340145,1593.773361,1.285477627,2.212101358,174.4872303,110.6050679,145.5634062,1032.584352,1.68,50,0.085167238,0.504004546,0.071049516,585.5199417,1.333479076,585.5199417,0.17,68.61215883,516.9077828,-4.882352941,0.10447712,0.733564561,0.020010397,0.141947922,0.991633901,8.12E-05,4695166.866,7330.34052,16215.45503,-0.000374785,0.00035543,5.11E-08,2.19E-08,GOOD,1593.773361,451.4553887
10,Corn,San Joaquin River,33584.18193,77.55530093,25.22861255,2.415829265,172.4592835,120.7914633,171.1787432,1093.099489,0.3,50,0.088141761,0.558669339,0.087487293,399.0836594,1.196408306,399.0836594,0.17,68.61215883,330.4715006,-4.882352941,0.052941855,0.829948423,0.015856237,0.101253485,17.78155435,9.93E-05,180765.6782,33584.18227,81133.64438,-0.000338341,0.005171357,1.01E-08,6.37E-08,GOOD,77.55530093,228.0635708
10,Cotton,San Joaquin River,56251.23127,3399.208415,0.729719844,3.634047537,368.4467916,181.7023768,194.0424101,1104.40523,0.68,50,0.148539114,0.445240339,0.078228087,631.8730258,1.277916424,631.8730258,0.17,68.61215883,563.2608669,-4.882352941,0.0098805,0.97729429,0.001916623,0.010908587,0.341372032,2.61E-05,8189403.229,56251.23094,204419.632,0.000325935,0.016465932,5.79E-09,8.05E-08,GOOD,3399.208415,153.2603276
10,Cucurbits,San Joaquin River,7387.484592,384.0603914,14.86947686,2.299627126,267.5771763,114.9813563,3732.550158,1306.069594,0.05,50,0.046854775,0.228702604,0.653597591,289.5988182,1.00325705,289.5988182,0.17,68.61215883,220.9866593,-4.882352941,0.04529776,0.545068317,0.303451984,0.106181938,12.70707858,0.002707281,0.000371962,7387.484607,16988.4588,-1.46E-05,0.001164756,1.97E-09,6.86E-08,GOOD,384.0603914,140.1659285
10,Field and Grain,San Joaquin River,35945.29395,194.8087562,3.454627792,2.917058441,127.4152527,72.92646103,76.29216244,327.7457083,0.74,25,0.189326621,0.486998112,0.113362702,68.61215883,1.060499947,68.61215883,0.17,68.61215883,0,-4.882352941,0.013823801,0.957683556,0.005380103,0.02311254,1.850487538,3.76E-05,877426.4945,35945.29534,104854.5109,-0.001393219,0.012226678,3.88E-08,1.17E-07,GOOD,194.8087562,-71.19212885
10,Grapes,San Joaquin River,4908.449568,1686.199914,10.80135885,3.098484515,5693.452831,154.9242258,6051.355458,4549.18964,0.13,50,0.312599493,0.249773629,0.332250166,1764.328209,1.054534307,1764.328209,0.17,68.61215883,1695.71605,-4.882352941,0.131318485,0.682024451,0.106553789,0.080103276,8.556948336,0.001567156,2151.575024,4908.449568,15208.75392,-2.57E-07,0.001059007,5.24E-11,6.96E-08,GOOD,1686.199914,1439.22212
10,Lettuce,San Joaquin River,778.8146205,1008,18.9,3.326092372,1600,216.1960042,12500,929,0.25,65,0.083984211,0.048763332,0.656126648,3806.003996,1.190145407,3806.003996,0.17,68.61215883,3737.391837,-4.882352941,0.056762599,0.802234003,0.131248975,0.009754424,13.59299947,0.00513601,19033.78959,778.8146204,2590.409231,6.06E-08,0.000137457,7.78E-11,5.31E-08,GOOD,1008,3303.11212
10,Onions and Garlic,San Joaquin River,2073.989844,1579.216395,6.547714821,1.480822037,1660.207972,74.04110185,2894.594241,4313.35249,0.41,50,0.160557684,0.417141646,0.279934415,1398.06279,1.10128044,1398.06279,0.17,68.61215883,1329.450631,-4.882352941,0.283971634,0.04674413,0.26877367,0.400510566,6.493378023,0.001176006,221797.8062,2073.989854,3071.209669,-1.02E-05,0.000196096,4.93E-09,6.38E-08,GOOD,1579.216395,1362.462197
10,Orchards,San Joaquin River,10476.06976,4762.917744,3.247388671,3.445837194,2203.997553,172.2918597,5347.052266,5630.387791,0.13,50,0.142496355,0.364024786,0.345706127,2113.315653,1.103101512,2113.315653,0.17,68.61215883,2044.703494,-4.882352941,0.049250913,0.825520982,0.060997939,0.064230165,2.276276862,0.000734274,2640.408511,10476.06976,36098.82829,1.32E-06,0.00253103,1.26E-10,7.01E-08,GOOD,4762.917744,1691.917814
10,Pasture,San Joaquin River,15491.15011,226.9343417,5,4.600187047,214.8235605,46.00187047,128.6294508,552.5829798,0.51,10,0.189326621,0.486998112,0.113362702,192.6338469,1.14712982,192.6338469,0.17,68.61215883,124.0216881,-4.882352941,0.005075434,0.986439143,0.001602254,0.006883169,2.089814959,0.000126574,376788.3193,15491.14947,71262.1594,0.000644209,0.028681017,4.16E-08,4.02E-07,GOOD,226.9343417,27.01850873
10,Pistachios,San Joaquin River,20148.25981,4897.401316,1.414819371,3.805829794,1806.455069,190.2914897,360.6739904,1788.10266,0.4,50,0.260711671,0.25806301,0.052053284,2783.41504,1.591834969,2783.41504,0.17,68.61215883,2714.802882,-4.882352941,0.033608303,0.950657759,0.002640955,0.013092984,0.768288117,0.00012408,2991028.935,20148.25979,76680.84194,2.04E-05,0.005538034,1.01E-09,7.22E-08,GOOD,4897.401316,2249.489509
10,Potatoes,San Joaquin River,714.5510225,919.9316484,16.13648405,3.305132031,1515.990126,165.2566016,1581.902745,9194.809715,0.41,50,0.10212496,0.619410086,0.106565176,2386.503184,1.134823369,2386.503184,0.17,68.61215883,2317.891025,-4.882352941,0.054728834,0.794137811,0.022184713,0.128948643,11.70070364,0.003413366,97994.32226,714.5510224,2361.68531,9.42E-08,0.000162677,1.32E-10,6.89E-08,GOOD,919.9316484,2005.564898
10,Rice,San Joaquin River,1892.744493,573.2274458,4.688550562,4.833919598,335.3762222,241.6959799,192.0996257,1541.750863,0.2,50,0.124786237,0.573652143,0.071476115,376.6831724,1.107620191,376.6831724,0.17,68.61215883,308.0710135,-4.882352941,0.001337383,0.995406116,0.0003608,0.002895701,1.587048734,0.002641667,1641.203811,1892.744474,9149.373913,1.91E-05,0.00078537,1.01E-08,8.58E-08,GOOD,573.2274458,-549.9597817
10,Safflower,San Joaquin River,90.20422473,575.1459791,1.245291589,2.40565496,140.0879783,24.0565496,80.89587427,303.852797,0.74,10,0.195592287,0.424242424,0.112947658,167.3312511,1.242716297,167.3312511,0.17,68.61215883,98.71909222,-4.882352941,0.125981236,0.716347712,0.033151349,0.124519702,0.968791195,0.014981021,4126.87528,90.20422951,217.0001904,-4.78E-06,5.03E-05,5.30E-08,2.32E-07,GOOD,575.1459791,133.5160428
10,Subtropical,San Joaquin River,1704.416794,950.3385633,4.405405823,3.247465856,846.2602941,162.3732928,1809.449159,670.5198376,0.13,50,0.202134149,0.160157528,0.432197361,698.0244571,1.142940118,698.0244571,0.17,68.61215883,629.4122983,-4.882352941,0.028036452,0.926939772,0.032850505,0.012173271,2.598749769,0.004513161,149.204659,1704.416794,5535.034947,8.89E-09,0.000395833,5.22E-12,7.15E-08,GOOD,950.3385633,333.0960256
10,Truck,San Joaquin River,2201.610217,690.3355797,21.20927139,2.667732673,775.1695468,133.3866337,4298.997918,3487.484178,0.41,50,0.052943262,0.238191489,0.293617021,5946.476384,1.603707682,5946.476384,0.17,68.61215883,5877.864225,-4.882352941,0.21990558,0.525351626,0.140646152,0.114096642,18.24124919,0.001107837,523949.2014,2201.610219,5873.307106,-1.60E-06,0.000403352,7.24E-10,6.87E-08,GOOD,690.3355797,5724.023137
10,Walnuts,San Joaquin River,11445.10078,1802.497789,1.658526763,4.952669773,765.1413128,247.6334887,268.1025116,816.5691826,0.13,50,0.25594369,0.273146576,0.089681664,892.0443277,1.357428723,892.0443277,0.17,68.61215883,823.4321688,-4.882352941,0.002698778,0.9955348,0.000436613,0.001329808,0.557257651,0.000672105,1078.557984,11445.10075,56683.80024,3.26E-05,0.004440738,2.85E-09,7.83E-08,GOOD,1802.497789,-86.76907771
10,Tomatoes,San Joaquin River,37267.21112,99.69467136,46.73447582,2.379660861,122.4440466,118.9830431,1913.505271,924.141116,0.74,50,0.026280181,0.198348523,0.410695875,1580.104731,1.441119419,1580.104731,0.17,68.61215883,1511.492573,-4.882352941,0.133645775,0.643606157,0.150205326,0.072542741,38.03339952,3.63E-05,11665661.88,37267.21142,88683.31811,-0.000297497,0.00559519,7.98E-09,6.31E-08,GOOD,99.69467136,1415.948484
11,Alfalfa,San Joaquin River,5309.822233,290.4258221,6.981811447,4.134965358,571.5529894,41.34965358,305.9903334,377.9325916,1.86,10,0.281872792,0.186385019,0.150905255,730.8727613,1.489129543,730.8727613,0.17,68.61215883,662.2606024,-4.882352941,0.02941147,0.955144134,0.006909895,0.008534501,3.712508039,0.000101253,7117882.575,5309.822123,21955.91718,0.000110249,0.013806334,2.08E-08,6.29E-07,GOOD,290.4258221,601.2430297
11,Almonds,San Joaquin River,117828.5502,4775.762292,1.018616781,4.125499535,1058.3111,206.2749768,455.3980167,1465.658483,0.4,50,0.217550368,0.301286212,0.093613311,1679.029036,1.454344131,1679.029036,0.17,68.61215883,1610.416877,-4.882352941,0.012832728,0.978161305,0.002134919,0.006871048,0.469576695,2.12E-05,10324728.24,117828.55,486101.5675,0.000237382,0.061592314,2.01E-09,1.27E-07,GOOD,4775.762292,1034.316692
11,Beans Dry,San Joaquin River,422.2532085,1593.773361,1.285477627,2.212101358,174.4872303,110.6050679,145.5634062,1032.584352,1.68,50,0.085167238,0.504004546,0.071049516,585.5199417,1.333479076,585.5199417,0.17,68.61215883,516.9077828,-4.882352941,0.10447712,0.733564561,0.020010397,0.141947922,0.991633901,0.001409671,270458.0189,422.2532637,934.0669067,-5.52E-05,-1.08E-05,1.31E-07,1.15E-08,GOOD,1593.773361,451.4553887
11,Berries,San Joaquin River,76.88491972,6918.471451,4.49116409,3.460572945,1405.645459,173.0286473,12947.16439,12034.90563,0.25,50,0.045238346,0.387323291,0.416682812,4511.246412,1.114139416,4511.246412,0.17,68.61215883,4442.634253,-4.882352941,0.056296005,0.706013199,0.123185221,0.114505575,3.499120826,0.052025807,2058.881647,76.88491975,266.0658475,-3.27E-08,2.55E-05,4.26E-10,9.59E-08,GOOD,6918.471451,4085.496804
11,Corn,San Joaquin River,21510.71134,77.55530093,25.22861255,2.415829265,172.4592835,120.7914633,171.1787432,1093.099489,0.3,50,0.088141761,0.558669339,0.087487293,399.0836594,1.196408306,399.0836594,0.17,68.61215883,330.4715006,-4.882352941,0.052941855,0.829948423,0.015856237,0.101253485,17.78155435,0.000154962,115780.6473,21510.71194,51966.2008,-0.000598029,0.005162571,2.78E-08,9.93E-08,GOOD,77.55530093,228.0635708
11,Cucurbits,San Joaquin River,1179.626916,384.0603914,14.86947686,2.299627126,267.5771763,114.9813563,3732.550158,1306.069594,0.05,50,0.046854775,0.228702604,0.653597591,289.5988182,1.00325705,289.5988182,0.17,68.61215883,220.9866593,-4.882352941,0.04529776,0.545068317,0.303451984,0.106181938,12.70707858,0.016954513,5.94E-05,1179.626922,2712.701744,-6.12E-06,0.000310119,5.19E-09,1.14E-07,GOOD,384.0603914,140.1659285
11,Field and Grain,San Joaquin River,5380.950242,194.8087562,3.454627792,2.917058441,127.4152527,72.92646103,76.29216244,327.7457083,0.74,25,0.189326621,0.486998112,0.113362702,68.61215883,1.060499947,68.61215883,0.17,68.61215883,0,-4.882352941,0.013823801,0.957683556,0.005380103,0.02311254,1.850487538,0.000251136,131349.2752,5380.951148,15696.54478,-0.000906391,0.001546411,1.68E-07,9.85E-08,GOOD,194.8087562,-71.19212885
11,Grapes,San Joaquin River,8159.614574,1686.199914,10.80135885,3.098484515,5693.452831,154.9242258,6051.355458,4549.18964,0.13,50,0.312599493,0.249773629,0.332250166,1764.328209,1.054534307,1764.328209,0.17,68.61215883,1695.71605,-4.882352941,0.131318485,0.682024451,0.106553789,0.080103276,8.556948336,0.000942729,3576.694163,8159.614577,25282.43638,-3.25E-06,0.003028672,3.98E-10,1.20E-07,GOOD,1686.199914,1439.22212
11,Lettuce,San Joaquin River,2.85248003,1008,18.9,3.326092372,1600,216.1960042,12500,929,0.25,65,0.083984211,0.048763332,0.656126648,3806.003996,1.190145407,3806.003996,0.17,68.61215883,3737.391837,-4.882352941,0.056762599,0.802234003,0.131248975,0.009754424,13.59299947,1.40228852,69.71300135,2.852480032,9.487616078,-2.13E-09,-4.01E-06,7.46E-10,4.23E-07,GOOD,1008,3303.11212
11,Onions and Garlic,San Joaquin River,171.6374832,1579.216395,6.547714821,1.480822037,1660.207972,74.04110185,2894.594241,4313.35249,0.41,50,0.160557684,0.417141646,0.279934415,1398.06279,1.10128044,1398.06279,0.17,68.61215883,1329.450631,-4.882352941,0.283971634,0.04674413,0.26877367,0.400510566,6.493378023,0.014210325,18355.35374,171.6374851,254.164546,-1.87E-06,2.15E-05,1.09E-08,8.45E-08,GOOD,1579.216395,1362.462197
11,Orchards,San Joaquin River,3815.51314,4762.917744,3.247388671,3.445837194,2203.997553,172.2918597,5347.052266,5630.387791,0.13,50,0.142496355,0.364024786,0.345706127,2113.315653,1.103101512,2113.315653,0.17,68.61215883,2044.703494,-4.882352941,0.049250913,0.825520982,0.060997939,0.064230165,2.276276862,0.002016061,961.6691754,3815.513141,13147.63551,-1.22E-06,0.0015772,3.19E-10,1.20E-07,GOOD,4762.917744,1691.917814
11,Pasture,San Joaquin River,22910.01072,226.9343417,5,4.600187047,214.8235605,46.00187047,128.6294508,552.5829798,0.51,10,0.189326621,0.486998112,0.113362702,192.6338469,1.14712982,192.6338469,0.17,68.61215883,124.0216881,-4.882352941,0.005075434,0.986439143,0.001602254,0.006883169,2.089814959,8.56E-05,557235.8652,22910.00968,105390.2642,0.001038379,0.070330305,4.53E-08,6.67E-07,GOOD,226.9343417,27.01850873
11,Pistachios,San Joaquin River,232.7120763,4897.401316,1.414819371,3.805829794,1806.455069,190.2914897,360.6739904,1788.10266,0.4,50,0.260711671,0.25806301,0.052053284,2783.41504,1.591834969,2783.41504,0.17,68.61215883,2714.802882,-4.882352941,0.033608303,0.950657759,0.002640955,0.013092984,0.768288117,0.010742889,34546.33603,232.7120763,885.6624509,4.52E-08,0.000102466,1.94E-10,1.16E-07,GOOD,4897.401316,2249.489509
11,Potatoes,San Joaquin River,780.6514587,919.9316484,16.13648405,3.305132031,1515.990126,165.2566016,1581.902745,9194.809715,0.41,50,0.10212496,0.619410086,0.106565176,2386.503184,1.134823369,2386.503184,0.17,68.61215883,2317.891025,-4.882352941,0.054728834,0.794137811,0.022184713,0.128948643,11.70070364,0.003124345,107059.4096,780.65146,2580.15584,-1.28E-06,0.000300992,1.64E-09,1.17E-07,GOOD,919.9316484,2005.564898
11,Rice,San Joaquin River,351.5468328,573.2274458,4.688550562,4.833919598,335.3762222,241.6959799,192.0996257,1541.750863,0.2,50,0.124786237,0.573652143,0.071476115,376.6831724,1.107620191,376.6831724,0.17,68.61215883,308.0710135,-4.882352941,0.001337383,0.995406116,0.0003608,0.002895701,1.587048734,0.014222856,304.8271988,351.5468286,1699.348888,4.19E-06,0.000236322,1.19E-08,1.39E-07,GOOD,573.2274458,-549.9597817
11,Safflower,San Joaquin River,6.30571216,575.1459791,1.245291589,2.40565496,140.0879783,24.0565496,80.89587427,303.852797,0.74,10,0.195592287,0.424242424,0.112947658,167.3312511,1.242716297,167.3312511,0.17,68.61215883,98.71909222,-4.882352941,0.125981236,0.716347712,0.033151349,0.124519702,0.968791195,0.214305905,288.4885682,6.305713089,15.16939303,-9.29E-07,-2.53E-05,1.47E-07,1.67E-06,GOOD,575.1459791,133.5160428
11,Subtropical,San Joaquin River,286.7748395,950.3385633,4.405405823,3.247465856,846.2602941,162.3732928,1809.449159,670.5198376,0.13,50,0.202134149,0.160157528,0.432197361,698.0244571,1.142940118,698.0244571,0.17,68.61215883,629.4122983,-4.882352941,0.028036452,0.926939772,0.032850505,0.012173271,2.598749769,0.02682351,25.10427161,286.7748399,931.2913919,-4.40E-07,0.000107739,1.53E-09,1.16E-07,GOOD,950.3385633,333.0960256
11,Truck,San Joaquin River,1929.470914,690.3355797,21.20927139,2.667732673,775.1695468,133.3866337,4298.997918,3487.484178,0.41,50,0.052943262,0.238191489,0.293617021,5946.476384,1.603707682,5946.476384,0.17,68.61215883,5877.864225,-4.882352941,0.21990558,0.525351626,0.140646152,0.114096642,18.24124919,0.00126409,459184.2538,1929.470918,5147.311997,-4.49E-06,0.000602016,2.33E-09,1.17E-07,GOOD,690.3355797,5724.023137
11,Walnuts,San Joaquin River,25596.28964,1802.497789,1.658526763,4.952669773,765.1413128,247.6334887,268.1025116,816.5691826,0.13,50,0.25594369,0.273146576,0.089681664,892.0443277,1.357428723,892.0443277,0.17,68.61215883,823.4321688,-4.882352941,0.002698778,0.9955348,0.000436613,0.001329808,0.557257651,0.000300524,2412.131015,25596.28955,126769.9531,8.90E-05,0.016939819,3.48E-09,1.34E-07,GOOD,1802.497789,-86.76907771
12,Alfalfa,San Joaquin River,10092.25907,290.4258221,6.981811447,4.134965358,571.5529894,41.34965358,305.9903334,377.9325916,1.86,10,0.281872792,0.186385019,0.150905255,730.8727613,1.489129543,730.8727613,0.17,68.61215883,662.2606024,-4.882352941,0.02941147,0.955144134,0.006909895,0.008534501,3.712508039,5.33E-05,13528798.48,10092.25871,41731.11623,0.000362715,0.025406108,3.59E-08,6.09E-07,GOOD,290.4258221,601.2430297
12,Almonds,San Joaquin River,117053.0121,4775.762292,1.018616781,4.125499535,1058.3111,206.2749768,455.3980167,1465.658483,0.4,50,0.217550368,0.301286212,0.093613311,1679.029036,1.454344131,1679.029036,0.17,68.61215883,1610.416877,-4.882352941,0.012832728,0.978161305,0.002134919,0.006871048,0.469576695,2.14E-05,10256771.7,117053.0117,482902.0887,0.000412783,0.058336315,3.53E-09,1.21E-07,GOOD,4775.762292,1034.316692
12,Beans Dry,San Joaquin River,393.2915124,1593.773361,1.285477627,2.212101358,174.4872303,110.6050679,145.5634062,1032.584352,1.68,50,0.085167238,0.504004546,0.071049516,585.5199417,1.333479076,585.5199417,0.17,68.61215883,516.9077828,-4.882352941,0.10447712,0.733564561,0.020010397,0.141947922,0.991633901,0.001513478,251907.7207,393.2915503,870.0006725,-3.79E-05,1.61E-05,9.64E-08,1.85E-08,GOOD,1593.773361,451.4553887
12,Berries,San Joaquin River,197.6429401,6918.471451,4.49116409,3.460572945,1405.645459,173.0286473,12947.16439,12034.90563,0.25,50,0.045238346,0.387323291,0.416682812,4511.246412,1.114139416,4511.246412,0.17,68.61215883,4442.634253,-4.882352941,0.056296005,0.706013199,0.123185221,0.114505575,3.499120826,0.020238517,5292.629861,197.6429401,683.9577371,1.31E-08,7.42E-05,6.65E-11,1.08E-07,GOOD,6918.471451,4085.496804
12,Corn,San Joaquin River,52613.31545,77.55530093,25.22861255,2.415829265,172.4592835,120.7914633,171.1787432,1093.099489,0.3,50,0.088141761,0.558669339,0.087487293,399.0836594,1.196408306,399.0836594,0.17,68.61215883,330.4715006,-4.882352941,0.052941855,0.829948423,0.015856237,0.101253485,17.78155435,6.34E-05,283189.3202,52613.31648,127104.7745,-0.001034005,0.012713213,1.97E-08,1.00E-07,GOOD,77.55530093,228.0635708
12,Cucurbits,San Joaquin River,485.2556058,384.0603914,14.86947686,2.299627126,267.5771763,114.9813563,3732.550158,1306.069594,0.05,50,0.046854775,0.228702604,0.653597591,289.5988182,1.00325705,289.5988182,0.17,68.61215883,220.9866593,-4.882352941,0.04529776,0.545068317,0.303451984,0.106181938,12.70707858,0.041215392,2.44E-05,485.2556076,1115.906834,-1.83E-06,0.000120545,3.77E-09,1.08E-07,GOOD,384.0603914,140.1659285
12,Field and Grain,San Joaquin River,3977.340139,194.8087562,3.454627792,2.917058441,127.4152527,72.92646103,76.29216244,327.7457083,0.74,25,0.189326621,0.486998112,0.113362702,68.61215883,1.060499947,68.61215883,0.17,68.61215883,0,-4.882352941,0.013823801,0.957683556,0.005380103,0.02311254,1.850487538,0.000339763,97087.07962,3977.340518,11602.13181,-0.000378611,0.001811437,9.52E-08,1.56E-07,GOOD,194.8087562,-71.19212885
12,Grapes,San Joaquin River,8646.868311,1686.199914,10.80135885,3.098484515,5693.452831,154.9242258,6051.355458,4549.18964,0.13,50,0.312599493,0.249773629,0.332250166,1764.328209,1.054534307,1764.328209,0.17,68.61215883,1695.71605,-4.882352941,0.131318485,0.682024451,0.106553789,0.080103276,8.556948336,0.000889606,3790.277487,8646.868313,26792.18454,-1.58E-06,0.003026842,1.83E-10,1.13E-07,GOOD,1686.199914,1439.22212
12,Orchards,San Joaquin River,5421.522265,4762.917744,3.247388671,3.445837194,2203.997553,172.2918597,5347.052266,5630.387791,0.13,50,0.142496355,0.364024786,0.345706127,2113.315653,1.103101512,2113.315653,0.17,68.61215883,2044.703494,-4.882352941,0.049250913,0.825520982,0.060997939,0.064230165,2.276276862,0.001418846,1366.450764,5421.522265,18681.68095,1.79E-07,0.002119274,3.29E-11,1.13E-07,GOOD,4762.917744,1691.917814
12,Pasture,San Joaquin River,9735.744411,226.9343417,5,4.600187047,214.8235605,46.00187047,128.6294508,552.5829798,0.51,10,0.189326621,0.486998112,0.113362702,192.6338469,1.14712982,192.6338469,0.17,68.61215883,124.0216881,-4.882352941,0.005075434,0.986439143,0.001602254,0.006883169,2.089814959,0.000201401,236800.6732,9735.743836,44786.21649,0.000574528,0.028839383,5.90E-08,6.44E-07,GOOD,226.9343417,27.01850873
12,Pistachios,San Joaquin River,318.6874672,4897.401316,1.414819371,3.805829794,1806.455069,190.2914897,360.6739904,1788.10266,0.4,50,0.260711671,0.25806301,0.052053284,2783.41504,1.591834969,2783.41504,0.17,68.61215883,2714.802882,-4.882352941,0.033608303,0.950657759,0.002640955,0.013092984,0.768288117,0.007844676,47309.46716,318.6874668,1212.870119,3.65E-07,0.000138275,1.15E-09,1.14E-07,GOOD,4897.401316,2249.489509
12,Potatoes,San Joaquin River,3763.01473,919.9316484,16.13648405,3.305132031,1515.990126,165.2566016,1581.902745,9194.809715,0.41,50,0.10212496,0.619410086,0.106565176,2386.503184,1.134823369,2386.503184,0.17,68.61215883,2317.891025,-4.882352941,0.054728834,0.794137811,0.022184713,0.128948643,11.70070364,0.000648157,516064.0269,3763.014731,12437.25911,-1.44E-06,0.001404684,3.82E-10,1.13E-07,GOOD,919.9316484,2005.564898
12,Safflower,San Joaquin River,293.0658075,575.1459791,1.245291589,2.40565496,140.0879783,24.0565496,80.89587427,303.852797,0.74,10,0.195592287,0.424242424,0.112947658,167.3312511,1.242716297,167.3312511,0.17,68.61215883,98.71909222,-4.882352941,0.125981236,0.716347712,0.033151349,0.124519702,0.968791195,0.004611085,13407.86465,293.0658377,705.0148925,-3.02E-05,0.00032093,1.03E-07,4.55E-07,GOOD,575.1459791,133.5160428
12,Subtropical,San Joaquin River,218.0015077,950.3385633,4.405405823,3.247465856,846.2602941,162.3732928,1809.449159,670.5198376,0.13,50,0.202134149,0.160157528,0.432197361,698.0244571,1.142940118,698.0244571,0.17,68.61215883,629.4122983,-4.882352941,0.028036452,0.926939772,0.032850505,0.012173271,2.598749769,0.035285571,19.08385363,218.0015078,707.9523737,-1.05E-07,7.92E-05,4.83E-10,1.12E-07,GOOD,950.3385633,333.0960256
12,Truck,San Joaquin River,239.2525348,690.3355797,21.20927139,2.667732673,775.1695468,133.3866337,4298.997918,3487.484178,0.41,50,0.052943262,0.238191489,0.293617021,5946.476384,1.603707682,5946.476384,0.17,68.61215883,5877.864225,-4.882352941,0.21990558,0.525351626,0.140646152,0.114096642,18.24124919,0.010194351,56938.40516,239.2525352,638.2617359,-3.63E-07,6.83E-05,1.52E-09,1.07E-07,GOOD,690.3355797,5724.023137
12,Walnuts,San Joaquin River,8533.633905,1802.497789,1.658526763,4.952669773,765.1413128,247.6334887,268.1025116,816.5691826,0.13,50,0.25594369,0.273146576,0.089681664,892.0443277,1.357428723,892.0443277,0.17,68.61215883,823.4321688,-4.882352941,0.002698778,0.9955348,0.000436613,0.001329808,0.557257651,0.000901411,804.1885485,8533.633869,42264.26535,3.55E-05,0.005347939,4.16E-09,1.27E-07,GOOD,1802.497789,-86.76907771
13,Alfalfa,San Joaquin River,36781.65294,290.4258221,6.981811447,4.134965358,571.5529894,41.34965358,305.9903334,377.9325916,1.86,10,0.281872792,0.186385019,0.150905255,730.8727613,1.489129543,730.8727613,0.17,68.61215883,662.2606024,-4.882352941,0.02941147,0.955144134,0.006909895,0.008534501,3.712508039,1.46E-05,49306262.06,36781.65211,152090.8078,0.000827131,0.052942287,2.25E-08,3.48E-07,GOOD,290.4258221,601.2430297
13,Almonds,San Joaquin River,248123.3746,4775.762292,1.018616781,4.125499535,1058.3111,206.2749768,455.3980167,1465.658483,0.4,50,0.217550368,0.301286212,0.093613311,1679.029036,1.454344131,1679.029036,0.17,68.61215883,1610.416877,-4.882352941,0.012832728,0.978161305,0.002134919,0.006871048,0.469576695,1.01E-05,21741813.91,248123.3741,1023632.796,0.000548152,0.070472898,2.21E-09,6.88E-08,GOOD,4775.762292,1034.316692
13,Beans Dry,San Joaquin River,454.4272786,1593.773361,1.285477627,2.212101358,174.4872303,110.6050679,145.5634062,1032.584352,1.68,50,0.085167238,0.504004546,0.071049516,585.5199417,1.333479076,585.5199417,0.17,68.61215883,516.9077828,-4.882352941,0.10447712,0.733564561,0.020010397,0.141947922,0.991633901,0.001309864,291065.8795,454.427302,1005.239187,-2.34E-05,1.28E-05,5.15E-08,1.27E-08,GOOD,1593.773361,451.4553887
13,Berries,San Joaquin River,232.5986876,6918.471451,4.49116409,3.460572945,1405.645459,173.0286473,12947.16439,12034.90563,0.25,50,0.045238346,0.387323291,0.416682812,4511.246412,1.114139416,4511.246412,0.17,68.61215883,4442.634253,-4.882352941,0.056296005,0.706013199,0.123185221,0.114505575,3.499120826,0.017197002,6228.700904,232.5986876,804.9246767,2.24E-08,4.86E-05,9.63E-11,6.04E-08,GOOD,6918.471451,4085.496804
13,Corn,San Joaquin River,68264.57163,77.55530093,25.22861255,2.415829265,172.4592835,120.7914633,171.1787432,1093.099489,0.3,50,0.088141761,0.558669339,0.087487293,399.0836594,1.196408306,399.0836594,0.17,68.61215883,330.4715006,-4.882352941,0.052941855,0.829948423,0.015856237,0.101253485,17.78155435,4.88E-05,367431.6562,68264.57234,164915.5404,-0.000706463,0.009506395,1.03E-08,5.76E-08,GOOD,77.55530093,228.0635708
13,Cotton,San Joaquin River,9980.560238,3399.208415,0.729719844,3.634047537,368.4467916,181.7023768,194.0424101,1104.40523,0.68,50,0.148539114,0.445240339,0.078228087,631.8730258,1.277916424,631.8730258,0.17,68.61215883,563.2608669,-4.882352941,0.0098805,0.97729429,0.001916623,0.010908587,0.341372032,0.000147345,1453031.878,9980.560198,36269.82771,4.02E-05,0.002640131,4.03E-09,7.28E-08,GOOD,3399.208415,153.2603276
13,Cucurbits,San Joaquin River,381.5091794,384.0603914,14.86947686,2.299627126,267.5771763,114.9813563,3732.550158,1306.069594,0.05,50,0.046854775,0.228702604,0.653597591,289.5988182,1.00325705,289.5988182,0.17,68.61215883,220.9866593,-4.882352941,0.04529776,0.545068317,0.303451984,0.106181938,12.70707858,0.052423378,1.92E-05,381.5091802,877.3288055,-7.63E-07,5.22E-05,2.00E-09,5.95E-08,GOOD,384.0603914,140.1659285
13,Field and Grain,San Joaquin River,29574.5574,194.8087562,3.454627792,2.917058441,127.4152527,72.92646103,76.29216244,327.7457083,0.74,25,0.189326621,0.486998112,0.113362702,68.61215883,1.060499947,68.61215883,0.17,68.61215883,0,-4.882352941,0.013823801,0.957683556,0.005380103,0.02311254,1.850487538,4.57E-05,721916.4841,29574.55876,86270.70394,-0.001364102,0.0083626,4.61E-08,9.69E-08,GOOD,194.8087562,-71.19212885
13,Grapes,San Joaquin River,73495.54151,1686.199914,10.80135885,3.098484515,5693.452831,154.9242258,6051.355458,4549.18964,0.13,50,0.312599493,0.249773629,0.332250166,1764.328209,1.054534307,1764.328209,0.17,68.61215883,1695.71605,-4.882352941,0.131318485,0.682024451,0.106553789,0.080103276,8.556948336,0.000104664,32216.11413,73495.54152,227724.7827,-5.87E-06,0.014635436,7.98E-11,6.43E-08,GOOD,1686.199914,1439.22212
13,Onions and Garlic,San Joaquin River,685.1750378,1579.216395,6.547714821,1.480822037,1660.207972,74.04110185,2894.594241,4313.35249,0.41,50,0.160557684,0.417141646,0.279934415,1398.06279,1.10128044,1398.06279,0.17,68.61215883,1329.450631,-4.882352941,0.283971634,0.04674413,0.26877367,0.400510566,6.493378023,0.00355971,73274.38014,685.1750411,1014.622238,-3.28E-06,5.72E-05,4.79E-09,5.64E-08,GOOD,1579.216395,1362.462197
13,Orchards,San Joaquin River,15991.90682,4762.917744,3.247388671,3.445837194,2203.997553,172.2918597,5347.052266,5630.387791,0.13,50,0.142496355,0.364024786,0.345706127,2113.315653,1.103101512,2113.315653,0.17,68.61215883,2044.703494,-4.882352941,0.049250913,0.825520982,0.060997939,0.064230165,2.276276862,0.000481013,4030.630555,15991.90682,55105.50377,9.70E-07,0.003556337,6.07E-11,6.45E-08,GOOD,4762.917744,1691.917814
13,Pasture,San Joaquin River,17136.07339,226.9343417,5,4.600187047,214.8235605,46.00187047,128.6294508,552.5829798,0.51,10,0.189326621,0.486998112,0.113362702,192.6338469,1.14712982,192.6338469,0.17,68.61215883,124.0216881,-4.882352941,0.005075434,0.986439143,0.001602254,0.006883169,2.089814959,0.000114424,416797.4777,17136.07278,78829.11384,0.000609937,0.029004566,3.56E-08,3.68E-07,GOOD,226.9343417,27.01850873
13,Pistachios,San Joaquin River,69324.90596,4897.401316,1.414819371,3.805829794,1806.455069,190.2914897,360.6739904,1788.10266,0.4,50,0.260711671,0.25806301,0.052053284,2783.41504,1.591834969,2783.41504,0.17,68.61215883,2714.802882,-4.882352941,0.033608303,0.950657759,0.002640955,0.013092984,0.768288117,3.61E-05,10291350.3,69324.90591,263838.7751,5.36E-05,0.017512907,7.73E-10,6.64E-08,GOOD,4897.401316,2249.489509
13,Potatoes,San Joaquin River,12938.74405,919.9316484,16.13648405,3.305132031,1515.990126,165.2566016,1581.902745,9194.809715,0.41,50,0.10212496,0.619410086,0.106565176,2386.503184,1.134823369,2386.503184,0.17,68.61215883,2317.891025,-4.882352941,0.054728834,0.794137811,0.022184713,0.128948643,11.70070364,0.000188505,1774433.755,12938.74405,42764.25465,-9.11E-07,0.002753548,7.04E-11,6.44E-08,GOOD,919.9316484,2005.564898
13,Rice,San Joaquin River,1085.172573,573.2274458,4.688550562,4.833919598,335.3762222,241.6959799,192.0996257,1541.750863,0.2,50,0.124786237,0.573652143,0.071476115,376.6831724,1.107620191,376.6831724,0.17,68.61215883,308.0710135,-4.882352941,0.001337383,0.995406116,0.0003608,0.002895701,1.587048734,0.004607562,940.95604,1085.172564,5245.636558,9.46E-06,0.000410133,8.71E-09,7.82E-08,GOOD,573.2274458,-549.9597817
13,Safflower,San Joaquin River,55.10942187,575.1459791,1.245291589,2.40565496,140.0879783,24.0565496,80.89587427,303.852797,0.74,10,0.195592287,0.424242424,0.112947658,167.3312511,1.242716297,167.3312511,0.17,68.61215883,98.71909222,-4.882352941,0.125981236,0.716347712,0.033151349,0.124519702,0.968791195,0.02452124,2521.2756,55.10942487,132.5742335,-3.00E-06,2.05E-05,5.45E-08,1.55E-07,GOOD,575.1459791,133.5160428
13,Subtropical,San Joaquin River,7801.571193,950.3385633,4.405405823,3.247465856,846.2602941,162.3732928,1809.449159,670.5198376,0.13,50,0.202134149,0.160157528,0.432197361,698.0244571,1.142940118,698.0244571,0.17,68.61215883,629.4122983,-4.882352941,0.028036452,0.926939772,0.032850505,0.012173271,2.598749769,0.000985995,682.949601,7801.571194,25335.3344,-1.20E-06,0.001674883,1.53E-10,6.61E-08,GOOD,950.3385633,333.0960256
13,Truck,San Joaquin River,1579.155421,690.3355797,21.20927139,2.667732673,775.1695468,133.3866337,4298.997918,3487.484178,0.41,50,0.052943262,0.238191489,0.293617021,5946.476384,1.603707682,5946.476384,0.17,68.61215883,5877.864225,-4.882352941,0.21990558,0.525351626,0.140646152,0.114096642,18.24124919,0.001544512,375814.5813,1579.155422,4212.764247,-1.23E-06,0.000264906,7.78E-10,6.29E-08,GOOD,690.3355797,5724.023137
13,Walnuts,San Joaquin River,8524.386869,1802.497789,1.658526763,4.952669773,765.1413128,247.6334887,268.1025116,816.5691826,0.13,50,0.25594369,0.273146576,0.089681664,892.0443277,1.357428723,892.0443277,0.17,68.61215883,823.4321688,-4.882352941,0.002698778,0.9955348,0.000436613,0.001329808,0.557257651,0.000902388,803.3171307,8524.386848,42218.47014,2.11E-05,0.003038646,2.48E-09,7.20E-08,GOOD,1802.497789,-86.76907771
13,Tomatoes,San Joaquin River,12290.43114,99.69467136,46.73447582,2.379660861,122.4440466,118.9830431,1913.505271,924.141116,0.74,50,0.026280181,0.198348523,0.410695875,1580.104731,1.441119419,1580.104731,0.17,68.61215883,1511.492573,-4.882352941,0.133645775,0.643606157,0.150205326,0.072542741,38.03339952,0.000109952,3847242.917,12290.43124,29247.05628,-0.00010035,0.001673314,8.16E-09,5.72E-08,GOOD,99.69467136,1415.948484
14A,Alfalfa,Tulare Lake,3707.835084,279.620574,8.447932227,4.524530937,665.8443229,45.24530937,356.4707563,440.2816103,1.86,10,0.281872792,0.186385019,0.150905255,854.3736596,1.49201919,854.3736596,0.17,79.8460651,774.5275945,-4.882352941,0.020502345,0.968752293,0.004807525,0.005937836,4.170426326,0.000145,5802515.94,3707.834876,16776.20404,0.000207923,0.010502768,5.61E-08,6.26E-07,GOOD,279.620574,694.9051669
14A,Almonds,Tulare Lake,100719.4685,4875.001978,1.131453803,4.141037405,1199.972919,207.0518702,516.3560009,1661.846397,0.4,50,0.217550368,0.301286212,0.093613311,1930.61234,1.465229462,1930.61234,0.17,79.8460651,1850.766275,-4.882352941,0.01431943,0.97571738,0.002361834,0.007601356,0.532497484,2.48E-05,10088864.6,100719.4681,417083.0362,0.000406382,0.050292117,4.03E-09,1.21E-07,GOOD,4875.001978,1280.254671
14A,Beans Dry,Tulare Lake,8765.374646,1326.519215,1.43231235,1.919782133,161.8168882,95.98910665,134.9933596,957.6035242,1.68,50,0.085167238,0.504004546,0.071049516,549.5869755,1.339980961,549.5869755,0.17,79.8460651,469.7409104,-4.882352941,0.172577088,0.562373483,0.032747588,0.232301841,1.222194314,6.79E-05,5128427.816,8765.375637,16827.60956,-0.000991424,7.83E-05,1.13E-07,4.66E-09,GOOD,1326.519215,461.2979102
14A,Berries,Tulare Lake,164.466173,7027.33636,10.36058171,2.39378705,3293.681493,119.6893525,30337.54741,28199.96017,0.25,50,0.045238346,0.387323291,0.416682812,10856.41414,1.119278377,10856.41414,0.17,79.8460651,10776.56807,-4.882352941,0.174311302,0.104580559,0.373720257,0.347387883,10.13221967,0.024321111,10595.96386,164.4661731,393.6969573,-7.86E-08,3.78E-05,4.78E-10,9.59E-08,GOOD,7027.33636,10689.59267
14A,Corn,Tulare Lake,5551.099301,161.4386617,22.01452234,2.280437339,313.2553801,114.021867,310.929404,1985.508048,0.3,50,0.088141761,0.558669338,0.087487293,830.2803255,1.242698865,830.2803255,0.17,79.8460651,750.4342604,-4.882352941,0.116425873,0.649768804,0.031656403,0.20214892,17.87660128,0.000600482,63192.69941,5551.099349,12658.93277,-4.79E-05,0.001351417,8.64E-09,1.07E-07,GOOD,161.4386617,684.2824696
14A,Cotton,Tulare Lake,42260.61211,3710.758752,0.813814056,3.749301711,448.5684623,187.4650856,236.2384677,1344.566888,0.68,50,0.148539114,0.445240339,0.078228087,803.0287273,1.297371859,803.0287273,0.17,79.8460651,723.1826622,-4.882352941,0.01028231,0.976730819,0.001940782,0.011046089,0.381690361,3.48E-05,7737696.998,42260.61167,158447.7647,0.000437698,0.020586481,1.04E-08,1.30E-07,GOOD,3710.758752,287.6306468
14A,Cucurbits,Tulare Lake,14628.32249,654.3961754,16.06524008,2.442132231,492.5857332,122.1066116,6871.292169,2404.357717,0.05,50,0.046854775,0.228702604,0.653597591,622.6894345,1.01234223,622.6894345,0.17,79.8460651,542.8433694,-4.882352941,0.055931315,0.478892632,0.34459694,0.120579113,14.09118967,0.001367211,0.001560973,14628.32251,35724.29383,-1.79E-05,0.00400489,1.22E-09,1.12E-07,GOOD,654.3961754,446.5955544
14A,Field and Grain,Tulare Lake,56440.40665,289.315121,2.652255461,3.261387025,145.2774368,81.53467562,86.9874648,373.6919673,0.74,25,0.189326621,0.486998112,0.113362702,79.8460651,1.06299158,79.8460651,0.17,79.8460651,0,-4.882352941,0.008379855,0.974472106,0.003237966,0.013910073,1.280365197,2.39E-05,1570853.151,56440.40615,184073.9621,0.000502489,0.047836053,8.90E-09,2.60E-07,GOOD,289.315121,-104.5353924
14A,Grapes,Tulare Lake,19079.11517,1422.002244,11.72196241,4.00891598,2204.421502,200.445799,7245.758441,5033.018762,0.13,50,0.132249498,0.30194507,0.434693599,1985.012347,1.081128822,1985.012347,0.17,79.8460651,1905.166282,-4.882352941,0.021735984,0.9145582,0.037593072,0.026112744,7.100059424,0.000403179,4651.286165,19079.11515,76486.56095,1.59E-05,0.008742714,8.36E-10,1.14E-07,GOOD,1422.002244,1381.887779
14A,Lettuce,Tulare Lake,8100.851812,1008,18.9,2.300762612,1600,149.5495698,12500,929,0.25,65,0.083984211,0.048763332,0.656126648,3872.65043,1.195371133,3872.65043,0.17,79.8460651,3792.804365,-4.882352941,0.197977064,0.316219205,0.452196488,0.033607243,17.51259963,0.000493775,200035.6651,8100.851823,18638.13538,-1.12E-05,0.001590394,1.39E-09,8.53E-08,GOOD,1008,3678.121941
14A,Onions and Garlic,Tulare Lake,25021.873,2408.610949,10.63434095,1.253629891,4112.522919,62.68149455,7170.237318,10684.66197,0.41,50,0.160557684,0.417141646,0.279934415,3583.886346,1.107315543,3583.886346,0.17,79.8460651,3504.040281,-4.882352941,0.299002342,0.007342148,0.278560777,0.415094733,10.62363202,9.75E-05,6817229.088,25021.87309,31368.16451,-8.69E-05,0.003412495,3.47E-09,1.09E-07,GOOD,2408.610949,3567.988445
14A,Orchards,Tulare Lake,6296.418218,2277.681025,7.763328774,3.502172688,2519.675644,175.1086344,6112.909401,6436.827012,0.13,50,0.142496355,0.364024786,0.345706127,2437.865948,1.104683353,2437.865948,0.17,79.8460651,2358.019883,-4.882352941,0.051048113,0.819726473,0.062945007,0.066280407,5.476887004,0.001221696,1821.901204,6296.418216,22051.14142,1.63E-06,0.002497926,2.58E-10,1.13E-07,GOOD,2277.681025,1999.713906
14A,Pasture,Tulare Lake,1010.616404,242.4206904,4.903405501,4.768194291,225.050083,47.68194291,134.7527641,578.8882988,0.51,10,0.189326621,0.486998112,0.113362702,202.3138581,1.147722722,202.3138581,0.17,79.8460651,122.467793,-4.882352941,0.004319593,0.988467259,0.001362017,0.00585113,1.982375428,0.001940187,25210.17503,1010.616328,4818.812221,7.63E-05,0.003147185,7.55E-08,6.53E-07,GOOD,242.4206904,22.639033
14A,Pistachios,Tulare Lake,75513.00454,5088.640658,1.460333567,3.820163692,1937.377826,191.0081846,386.8138231,1917.69532,0.4,50,0.260711671,0.258063009,0.052053284,2998.21761,1.596530034,2998.21761,0.17,79.8460651,2918.371544,-4.882352941,0.035260819,0.948275335,0.00276347,0.013700375,0.800403283,3.31E-05,12039315.61,75513.00441,288472.0045,0.000125562,0.033689527,1.66E-09,1.17E-07,GOOD,5088.640658,2459.543262
14A,Potatoes,Tulare Lake,251.7669447,697.8686048,20.75531565,1.233512156,1479.227265,61.6756078,1543.541499,8971.834969,0.41,50,0.10212496,0.619410086,0.106565176,2428.203834,1.144195941,2428.203834,0.17,79.8460651,2348.357769,-4.882352941,0.267730538,0.01177374,0.10576084,0.614734883,20.72313242,0.009687628,34470.89664,251.7669465,310.5575603,-1.76E-06,2.65E-05,6.98E-09,8.54E-08,GOOD,697.8686048,2413.80183
14A,Subtropical,Tulare Lake,4500.665421,1157.720607,15.10914155,3.608433712,3535.76379,180.4216856,7560.067345,2801.501829,0.13,50,0.202134149,0.160157528,0.432197361,3414.409877,1.183370838,3414.409877,0.17,79.8460651,3334.563812,-4.882352941,0.061932082,0.845737341,0.067366764,0.024963814,10.32528883,0.001709149,1834.301594,4500.66542,16240.35099,1.12E-06,0.001838639,2.50E-10,1.13E-07,GOOD,1157.720607,2943.79187
14A,Truck,Tulare Lake,3809.439917,1282.087936,19.71342086,1.84535452,1338.105955,92.267726,7420.976145,6020.132457,0.41,50,0.052943262,0.238191489,0.293617021,10402.85678,1.618587754,10402.85678,0.17,79.8460651,10323.01071,-4.882352941,0.43454107,0.067994298,0.274655408,0.222809224,19.44570323,0.000640258,1589023.396,3809.439923,7029.766395,-6.02E-06,0.000774112,1.58E-09,1.10E-07,GOOD,1282.087936,10324.85784
14A,Walnuts,Tulare Lake,513.1114614,1793.152974,1.862011475,3.425917313,854.5630698,171.2958657,299.4355442,912.0012941,0.13,50,0.25594369,0.273146576,0.089681664,1101.57564,1.421304047,1101.57564,0.17,79.8460651,1021.729575,-4.882352941,0.026757538,0.956671517,0.004095905,0.01247504,0.989582614,0.014991495,57.11219611,513.1114611,1757.877237,2.55E-07,0.000202128,4.97E-10,1.15E-07,GOOD,1793.152974,686.0260341
14A,Tomatoes,Tulare Lake,62920.68508,97.3922824,54.70338716,2.220206136,168.9385059,111.0103068,1803.712469,1201.075867,0.74,50,0.031709536,0.225440365,0.338554465,2042.950582,1.544716696,2042.950582,0.17,79.8460651,1963.104517,-4.882352941,0.207320202,0.511041207,0.169061838,0.112576753,47.45087378,2.15E-05,25700211.15,62920.68579,139696.8767,-0.000712095,0.014418122,1.13E-08,1.03E-07,GOOD,97.3922824,1907.495124
14B,Alfalfa,Tulare Lake,50.15064175,279.620574,8.447932227,4.524530937,665.8443229,45.24530937,356.4707563,440.2816103,1.86,10,0.281872792,0.186385019,0.150905255,854.3736596,1.49201919,854.3736596,0.17,79.8460651,774.5275945,-4.882352941,0.020502345,0.968752293,0.004807525,0.005937836,4.170426326,0.010720389,78482.4275,50.150635,226.9077829,6.75E-06,0.000347214,1.35E-07,1.53E-06,GOOD,279.620574,694.9051669
14B,Almonds,Tulare Lake,638.3876459,4875.001978,1.131453803,4.141037405,1199.972919,207.0518702,516.3560009,1661.846397,0.4,50,0.217550368,0.301286212,0.093613311,1930.61234,1.465229462,1930.61234,0.17,79.8460651,1850.766275,-4.882352941,0.01431943,0.97571738,0.002361834,0.007601356,0.532497484,0.003916116,63945.99394,638.3876399,2643.586309,6.01E-06,0.000811122,9.42E-09,3.07E-07,GOOD,4875.001978,1280.254671
14B,Corn,Tulare Lake,99.46941136,161.4386617,22.01452234,2.280437339,313.2553801,114.021867,310.929404,1985.508048,0.3,50,0.088141761,0.558669338,0.087487293,830.2803255,1.242698865,830.2803255,0.17,79.8460651,750.4342604,-4.882352941,0.116425873,0.649768804,0.031656403,0.20214892,17.87660128,0.03351114,1132.341591,99.46941376,226.8337011,-2.40E-06,5.87E-05,2.41E-08,2.59E-07,GOOD,161.4386617,684.2824696
14B,Cotton,Tulare Lake,450.2242871,3710.758752,0.813814056,3.749301711,448.5684623,187.4650856,236.2384677,1344.566888,0.68,50,0.148539114,0.445240339,0.078228087,803.0287273,1.297371859,803.0287273,0.17,79.8460651,723.1826622,-4.882352941,0.01028231,0.976730819,0.001940782,0.011046089,0.381690361,0.003266346,82433.71169,450.224277,1688.026138,1.01E-05,0.000551904,2.25E-08,3.27E-07,GOOD,3710.758752,287.6306468
14B,Field and Grain,Tulare Lake,11855.93684,289.315121,2.652255461,3.261387025,145.2774368,81.53467562,86.9874648,373.6919673,0.74,25,0.189326621,0.486998112,0.113362702,79.8460651,1.06299158,79.8460651,0.17,79.8460651,0,-4.882352941,0.008379855,0.974472106,0.003237966,0.013910073,1.280365197,0.000113981,329975.2226,11855.93699,38666.77421,-0.000152278,0.024365701,1.28E-08,6.30E-07,GOOD,289.315121,-104.5353924
14B,Lettuce,Tulare Lake,181.4095698,1008,18.9,2.300762612,1600,149.5495698,12500,929,0.25,65,0.083984211,0.048763332,0.656126648,3872.65043,1.195371133,3872.65043,0.17,79.8460651,3792.804365,-4.882352941,0.197977064,0.316219205,0.452196488,0.033607243,17.51259963,0.022049553,4479.576319,181.4095705,417.3802667,-7.04E-07,8.90E-05,3.88E-09,2.13E-07,GOOD,1008,3678.121941
14B,Onions and Garlic,Tulare Lake,432.2515385,2408.610949,10.63434095,1.253629891,4112.522919,62.68149455,7170.237318,10684.66197,0.41,50,0.160557684,0.417141646,0.279934415,3583.886346,1.107315543,3583.886346,0.17,79.8460651,3504.040281,-4.882352941,0.299002342,0.007342148,0.278560777,0.415094733,10.62363202,0.005642604,117767.2735,432.2515425,541.8833011,-4.01E-06,0.000148001,9.27E-09,2.73E-07,GOOD,2408.610949,3567.988445
14B,Orchards,Tulare Lake,107.5092345,2277.681025,7.763328774,3.502172688,2519.675644,175.1086344,6112.909401,6436.827012,0.13,50,0.142496355,0.364024786,0.345706127,2437.865948,1.104683353,2437.865948,0.17,79.8460651,2358.019883,-4.882352941,0.051048113,0.819726473,0.062945007,0.066280407,5.476887004,0.071550204,31.10835351,107.5092344,376.5157984,5.10E-08,0.000106352,4.75E-10,2.82E-07,GOOD,2277.681025,1999.713906
14B,Pasture,Tulare Lake,10.7815374,242.4206904,4.903405501,4.768194291,225.050083,47.68194291,134.7527641,578.8882988,0.51,10,0.189326621,0.486998112,0.113362702,202.3138581,1.147722722,202.3138581,0.17,79.8460651,122.467793,-4.882352941,0.004319593,0.988467259,0.001362017,0.00585113,1.982375428,0.181865001,268.9491719,10.78153543,51.40839483,1.97E-06,7.03E-05,1.83E-07,1.37E-06,GOOD,242.4206904,22.639033
14B,Pistachios,Tulare Lake,15507.66289,5088.640658,1.460333567,3.820163692,1937.377826,191.0081846,386.8138231,1917.69532,0.4,50,0.260711671,0.258063009,0.052053284,2998.21761,1.596530034,2998.21761,0.17,79.8460651,2918.371544,-4.882352941,0.035260819,0.948275335,0.00276347,0.013700375,0.800403283,0.000161211,2472443.641,15507.66283,59241.79303,5.71E-05,0.017691153,3.68E-09,2.99E-07,GOOD,5088.640658,2459.543262
14B,Subtropical,Tulare Lake,58.54376086,1157.720607,15.10914155,3.608433712,3535.76379,180.4216856,7560.067345,2801.501829,0.13,50,0.202134149,0.160157528,0.432197361,3414.409877,1.183370838,3414.409877,0.17,79.8460651,3334.563812,-4.882352941,0.061932082,0.845737341,0.067366764,0.024963814,10.32528883,0.13139415,23.86023039,58.54376083,211.251222,2.97E-08,5.83E-05,5.07E-10,2.76E-07,GOOD,1157.720607,2943.79187
14B,Truck,Tulare Lake,1299.455537,1282.087936,19.71342086,1.84535452,1338.105955,92.267726,7420.976145,6020.132457,0.41,50,0.052943262,0.238191489,0.293617021,10402.85678,1.618587754,10402.85678,0.17,79.8460651,10323.01071,-4.882352941,0.43454107,0.067994298,0.274655408,0.222809224,19.44570323,0.001876959,542039.0648,1299.455543,2397.95547,-5.58E-06,0.000678321,4.30E-09,2.83E-07,GOOD,1282.087936,10324.85784
14B,Tomatoes,Tulare Lake,543.1809506,97.3922824,54.70338716,2.220206136,168.9385059,111.0103068,1803.712469,1201.075867,0.74,50,0.031709536,0.225440365,0.338554465,2042.950582,1.544716696,2042.950582,0.17,79.8460651,1963.104517,-4.882352941,0.207320202,0.511041207,0.169061838,0.112576753,47.45087378,0.002487847,221864.4807,543.1809677,1205.973367,-1.71E-05,0.000312932,3.14E-08,2.59E-07,GOOD,97.3922824,1907.495124
15A,Alfalfa,Tulare Lake,37960.37557,279.620574,8.447932227,4.524530937,665.8443229,45.24530937,356.4707563,440.2816103,1.86,10,0.281872792,0.186385019,0.150905255,854.3736596,1.49201919,854.3736596,0.17,79.8460651,774.5275945,-4.882352941,0.020502345,0.968752293,0.004807525,0.005937836,4.170426326,1.42E-05,59405469.59,37960.37444,171752.833,0.001127491,0.060637146,2.97E-08,3.53E-07,GOOD,279.620574,694.9051669
15A,Almonds,Tulare Lake,93686.10797,4875.001978,1.131453803,4.141037405,1199.972919,207.0518702,516.3560009,1661.846397,0.4,50,0.217550368,0.301286212,0.093613311,1930.61234,1.465229462,1930.61234,0.17,79.8460651,1850.766275,-4.882352941,0.01431943,0.97571738,0.002361834,0.007601356,0.532497484,2.67E-05,9384347.162,93686.10778,387957.6511,0.000194628,0.026378226,2.08E-09,6.80E-08,GOOD,4875.001978,1280.254671
15A,Beans Dry,Tulare Lake,805.3403083,1326.519215,1.43231235,1.919782133,161.8168882,95.98910665,134.9933596,957.6035242,1.68,50,0.085167238,0.504004546,0.071049516,549.5869755,1.339980961,549.5869755,0.17,79.8460651,469.7409104,-4.882352941,0.172577088,0.562373483,0.032747588,0.232301841,1.222194314,0.000739114,471186.8922,805.3403632,1546.07794,-5.49E-05,-5.27E-06,6.81E-08,3.41E-09,GOOD,1326.519215,461.2979102
15A,Berries,Tulare Lake,33.18934584,7027.33636,10.36058171,2.39378705,3293.681493,119.6893525,30337.54741,28199.96017,0.25,50,0.045238346,0.387323291,0.416682812,10856.41414,1.119278377,10856.41414,0.17,79.8460651,10776.56807,-4.882352941,0.174311302,0.104580559,0.373720257,0.347387883,10.13221967,0.120520604,2138.270155,33.18934585,79.44822434,-9.92E-09,1.93E-06,2.99E-10,2.42E-08,GOOD,7027.33636,10689.59267
15A,Corn,Tulare Lake,70770.62237,161.4386617,22.01452234,2.280437339,313.2553801,114.021867,310.929404,1985.508048,0.3,50,0.088141761,0.558669338,0.087487293,830.2803255,1.242698865,830.2803255,0.17,79.8460651,750.4342604,-4.882352941,0.116425873,0.649768804,0.031656403,0.20214892,17.87660128,4.71E-05,805639.8245,70770.62275,161387.96,-0.000376785,0.009716849,5.32E-09,6.02E-08,GOOD,161.4386617,684.2824696
15A,Cotton,Tulare Lake,95320.14862,3710.758752,0.813814056,3.749301711,448.5684623,187.4650856,236.2384677,1344.566888,0.68,50,0.148539114,0.445240339,0.078228087,803.0287273,1.297371859,803.0287273,0.17,79.8460651,723.1826622,-4.882352941,0.01028231,0.976730819,0.001940782,0.011046089,0.381690361,1.54E-05,17452620.56,95320.14815,357383.9704,0.000472077,0.025943034,4.95E-09,7.26E-08,GOOD,3710.758752,287.6306468
15A,Cucurbits,Tulare Lake,746.6842079,654.3961754,16.06524008,2.442132231,492.5857332,122.1066116,6871.292169,2404.357717,0.05,50,0.046854775,0.228702604,0.653597591,622.6894345,1.01234223,622.6894345,0.17,79.8460651,542.8433694,-4.882352941,0.055931315,0.478892632,0.34459694,0.120579113,14.09118967,0.026785085,7.97E-05,746.6842085,1823.501458,-5.72E-07,0.000112531,7.66E-10,6.17E-08,GOOD,654.3961754,446.5955544
15A,Field and Grain,Tulare Lake,31299.24721,289.315121,2.652255461,3.261387025,145.2774368,81.53467562,86.9874648,373.6919673,0.74,25,0.189326621,0.486998112,0.113362702,79.8460651,1.06299158,79.8460651,0.17,79.8460651,0,-4.882352941,0.008379855,0.974472106,0.003237966,0.013910073,1.280365197,4.32E-05,871122.7299,31299.2473,102078.9446,-9.11E-05,0.014189697,2.91E-09,1.39E-07,GOOD,289.315121,-104.5353924
15A,Grapes,Tulare Lake,52985.24694,1422.002244,11.72196241,4.00891598,2204.421502,200.445799,7245.758441,5033.018762,0.13,50,0.132249498,0.30194507,0.434693599,1985.012347,1.081128822,1985.012347,0.17,79.8460651,1905.166282,-4.882352941,0.021735984,0.9145582,0.037593072,0.026112744,7.100059424,0.000145178,12917.24191,52985.24692,212413.3894,2.24E-05,0.013728174,4.23E-10,6.46E-08,GOOD,1422.002244,1381.887779
15A,Lettuce,Tulare Lake,19.64172298,1008,18.9,2.300762612,1600,149.5495698,12500,929,0.25,65,0.083984211,0.048763332,0.656126648,3872.65043,1.195371133,3872.65043,0.17,79.8460651,3792.804365,-4.882352941,0.197977064,0.316219205,0.452196488,0.033607243,17.51259963,0.203648122,485.0162934,19.641723,45.19094208,-1.69E-08,-2.15E-07,8.62E-10,4.75E-09,GOOD,1008,3678.121941
15A,Onions and Garlic,Tulare Lake,5000.73711,2408.610949,10.63434095,1.253629891,4112.522919,62.68149455,7170.237318,10684.66197,0.41,50,0.160557684,0.417141646,0.279934415,3583.886346,1.107315543,3583.886346,0.17,79.8460651,3504.040281,-4.882352941,0.299002342,0.007342148,0.278560777,0.415094733,10.62363202,0.000487733,1362454.78,5000.73712,6269.073135,-1.02E-05,0.000382802,2.05E-09,6.11E-08,GOOD,2408.610949,3567.988445
15A,Orchards,Tulare Lake,17441.80348,2277.681025,7.763328774,3.502172688,2519.675644,175.1086344,6112.909401,6436.827012,0.13,50,0.142496355,0.364024786,0.345706127,2437.865948,1.104683353,2437.865948,0.17,79.8460651,2358.019883,-4.882352941,0.051048113,0.819726473,0.062945007,0.066280407,5.476887004,0.000441027,5046.876121,17441.80348,61084.20386,1.82E-06,0.003917743,1.05E-10,6.41E-08,GOOD,2277.681025,1999.713906
15A,Pasture,Tulare Lake,6265.261445,242.4206904,4.903405501,4.768194291,225.050083,47.68194291,134.7527641,578.8882988,0.51,10,0.189326621,0.486998112,0.113362702,202.3138581,1.147722722,202.3138581,0.17,79.8460651,122.467793,-4.882352941,0.004319593,0.988467259,0.001362017,0.00585113,1.982375428,0.000312961,156289.1093,6265.261192,29873.97279,0.00025329,0.011065006,4.04E-08,3.70E-07,GOOD,242.4206904,22.639033
15A,Pistachios,Tulare Lake,54606.5439,5088.640658,1.460333567,3.820163692,1937.377826,191.0081846,386.8138231,1917.69532,0.4,50,0.260711671,0.258063009,0.052053284,2998.21761,1.596530034,2998.21761,0.17,79.8460651,2918.371544,-4.882352941,0.035260819,0.948275335,0.00276347,0.013700375,0.800403283,4.58E-05,8706121.818,54606.54386,208605.9226,4.43E-05,0.013751173,8.12E-10,6.59E-08,GOOD,5088.640658,2459.543262
15A,Potatoes,Tulare Lake,21.44721467,697.8686048,20.75531565,1.233512156,1479.227265,61.6756078,1543.541499,8971.834969,0.41,50,0.10212496,0.619410086,0.106565176,2428.203834,1.144195941,2428.203834,0.17,79.8460651,2348.357769,-4.882352941,0.267730538,0.01177374,0.10576084,0.614734883,20.72313242,0.113722198,2936.464598,21.44721476,26.45540154,-8.84E-08,-1.53E-06,4.12E-09,5.79E-08,GOOD,697.8686048,2413.80183
15A,Safflower,Tulare Lake,27963.26901,574.3765351,1.258,2.392307778,141.3282741,23.92307778,81.61210144,306.5430161,0.74,10,0.195592287,0.424242424,0.112947658,169.1592117,1.243494302,169.1592117,0.17,79.8460651,89.31314664,-4.882352941,0.129889869,0.707728652,0.034141747,0.128239732,0.984596499,4.83E-05,1235584.723,27963.27052,66896.72762,-0.001506322,0.018329695,5.39E-08,2.74E-07,GOOD,574.3765351,135.8509245
15A,Subtropical,Tulare Lake,1238.605094,1157.720607,15.10914155,3.608433712,3535.76379,180.4216856,7560.067345,2801.501829,0.13,50,0.202134149,0.160157528,0.432197361,3414.409877,1.183370838,3414.409877,0.17,79.8460651,3334.563812,-4.882352941,0.061932082,0.845737341,0.067366764,0.024963814,10.32528883,0.00621046,504.8087528,1238.605094,4469.424093,1.38E-07,0.000283908,1.12E-10,6.35E-08,GOOD,1157.720607,2943.79187
15A,Truck,Tulare Lake,1289.016998,1282.087936,19.71342086,1.84535452,1338.105955,92.267726,7420.976145,6020.132457,0.41,50,0.052943262,0.238191489,0.293617021,10402.85678,1.618587754,10402.85678,0.17,79.8460651,10323.01071,-4.882352941,0.43454107,0.067994298,0.274655408,0.222809224,19.44570323,0.001892158,537684.8597,1289.016999,2378.693198,-1.22E-06,0.000146115,9.49E-10,6.14E-08,GOOD,1282.087936,10324.85784
15A,Walnuts,Tulare Lake,21785.38503,1793.152974,1.862011475,3.425917313,854.5630698,171.2958657,299.4355442,912.0012941,0.13,50,0.25594369,0.273146576,0.089681664,1101.57564,1.421304047,1101.57564,0.17,79.8460651,1021.729575,-4.882352941,0.026757538,0.956671517,0.004095905,0.01247504,0.989582614,0.000353095,2424.836075,21785.38503,74634.92274,3.77E-06,0.005001241,1.73E-10,6.70E-08,GOOD,1793.152974,686.0260341
15A,Tomatoes,Tulare Lake,25754.20591,97.3922824,54.70338716,2.220206136,168.9385059,111.0103068,1803.712469,1201.075867,0.74,50,0.031709536,0.225440365,0.338554465,2042.950582,1.544716696,2042.950582,0.17,79.8460651,1963.104517,-4.882352941,0.207320202,0.511041207,0.169061838,0.112576753,47.45087378,5.25E-05,10519410.73,25754.20609,57179.64268,-0.000178788,0.003305075,6.94E-09,5.78E-08,GOOD,97.3922824,1907.495124
15B,Almonds,Tulare Lake,5486.722153,4875.001978,1.131453803,4.141037405,1199.972919,207.0518702,516.3560009,1661.846397,0.4,50,0.217550368,0.301286212,0.093613311,1930.61234,1.465229462,1930.61234,0.17,79.8460651,1850.766275,-4.882352941,0.01431943,0.97571738,0.002361834,0.007601356,0.532497484,0.000455645,549593.8147,5486.722081,22720.70988,7.18E-05,0.01179025,1.31E-08,5.19E-07,GOOD,4875.001978,1280.254671
15B,Cotton,Tulare Lake,301.9125279,3710.758752,0.813814056,3.749301711,448.5684623,187.4650856,236.2384677,1344.566888,0.68,50,0.148539114,0.445240339,0.078228087,803.0287273,1.297371859,803.0287273,0.17,79.8460651,723.1826622,-4.882352941,0.01028231,0.976730819,0.001940782,0.011046089,0.381690361,0.004870908,55278.60445,301.9125202,1131.960548,7.66E-06,0.000609919,2.54E-08,5.39E-07,GOOD,3710.758752,287.6306468
15B,Field and Grain,Tulare Lake,734.8426221,289.315121,2.652255461,3.261387025,145.2774368,81.53467562,86.9874648,373.6919673,0.74,25,0.189326621,0.486998112,0.113362702,79.8460651,1.06299158,79.8460651,0.17,79.8460651,0,-4.882352941,0.008379855,0.974472106,0.003237966,0.013910073,1.280365197,0.001838967,20452.18873,734.84272,2396.603914,-9.79E-05,0.002278948,1.33E-07,9.51E-07,GOOD,289.315121,-104.5353924
15B,Grapes,Tulare Lake,1377.301648,1422.002244,11.72196241,4.00891598,2204.421502,200.445799,7245.758441,5033.018762,0.13,50,0.132249498,0.30194507,0.434693599,1985.012347,1.081128822,1985.012347,0.17,79.8460651,1905.166282,-4.882352941,0.021735984,0.9145582,0.037593072,0.026112744,7.100059424,0.005585057,335.7715514,1377.301644,5521.483856,3.53E-06,0.002730117,2.56E-09,4.94E-07,GOOD,1422.002244,1381.887779
15B,Orchards,Tulare Lake,2140.512333,2277.681025,7.763328774,3.502172688,2519.675644,175.1086344,6112.909401,6436.827012,0.13,50,0.142496355,0.364024786,0.345706127,2437.865948,1.104683353,2437.865948,0.17,79.8460651,2358.019883,-4.882352941,0.051048113,0.819726473,0.062945007,0.066280407,5.476887004,0.003593676,619.3683235,2140.512333,7496.440147,4.75E-07,0.003683479,2.22E-10,4.91E-07,GOOD,2277.681025,1999.713906
15B,Pistachios,Tulare Lake,12457.39274,5088.640658,1.460333567,3.820163692,1937.377826,191.0081846,386.8138231,1917.69532,0.4,50,0.260711671,0.258063009,0.052053284,2998.21761,1.596530034,2998.21761,0.17,79.8460651,2918.371544,-4.882352941,0.035260819,0.948275335,0.00276347,0.013700375,0.800403283,0.000200684,1986127.87,12457.39268,47589.25544,5.53E-05,0.023997883,4.44E-09,5.04E-07,GOOD,5088.640658,2459.543262
15B,Safflower,Tulare Lake,291.3315685,574.3765351,1.258,2.392307778,141.3282741,23.92307778,81.61210144,306.5430161,0.74,10,0.195592287,0.424242424,0.112947658,169.1592117,1.243494302,169.1592117,0.17,79.8460651,89.31314664,-4.882352941,0.129889869,0.707728652,0.034141747,0.128239732,0.984596499,0.004638534,12872.77376,291.3317093,696.9533912,-0.000140849,0.001386106,4.83E-07,1.99E-06,GOOD,574.3765351,135.8509245
16,Alfalfa,Tulare Lake,2466.454089,279.620574,8.447932227,4.524530937,665.8443229,45.24530937,356.4707563,440.2816103,1.86,10,0.281872792,0.186385019,0.150905255,854.3736596,1.49201919,854.3736596,0.17,79.8460651,774.5275945,-4.882352941,0.020502345,0.968752293,0.004807525,0.005937836,4.170426326,0.000217979,3859837.032,2466.453926,11159.53432,0.000163215,0.013514189,6.62E-08,1.21E-06,GOOD,279.620574,694.9051669
16,Almonds,Tulare Lake,46927.62406,4875.001978,1.131453803,4.141037405,1199.972919,207.0518702,516.3560009,1661.846397,0.4,50,0.217550368,0.301286212,0.093613311,1930.61234,1.465229462,1930.61234,0.17,79.8460651,1850.766275,-4.882352941,0.01431943,0.97571738,0.002361834,0.007601356,0.532497484,5.33E-05,4700644.793,46927.6239,194329.0004,0.000159064,0.046110328,3.39E-09,2.37E-07,GOOD,4875.001978,1280.254671
16,Beans Dry,Tulare Lake,91.6001467,1326.519215,1.43231235,1.919782133,161.8168882,95.98910665,134.9933596,957.6035242,1.68,50,0.085167238,0.504004546,0.071049516,549.5869755,1.339980961,549.5869755,0.17,79.8460651,469.7409104,-4.882352941,0.172577088,0.562373483,0.032747588,0.232301841,1.222194314,0.006498222,53593.2301,91.60017625,175.8523467,-2.96E-05,-2.16E-05,3.23E-07,1.23E-07,GOOD,1326.519215,461.2979102
16,Berries,Tulare Lake,249.3732739,7027.33636,10.36058171,2.39378705,3293.681493,119.6893525,30337.54741,28199.96017,0.25,50,0.045238346,0.387323291,0.416682812,10856.41414,1.119278377,10856.41414,0.17,79.8460651,10776.56807,-4.882352941,0.174311302,0.104580559,0.373720257,0.347387883,10.13221967,0.016040211,16066.22292,249.3732743,596.9463863,-3.98E-07,0.000127376,1.60E-09,2.13E-07,GOOD,7027.33636,10689.59267
16,Corn,Tulare Lake,3052.982049,161.4386617,22.01452234,2.280437339,313.2553801,114.021867,310.929404,1985.508048,0.3,50,0.088141761,0.558669338,0.087487293,830.2803255,1.242698865,830.2803255,0.17,79.8460651,750.4342604,-4.882352941,0.116425873,0.649768804,0.031656403,0.20214892,17.87660128,0.001091829,34754.5894,3052.982133,6962.132838,-8.38E-05,0.001421776,2.75E-08,2.04E-07,GOOD,161.4386617,684.2824696
16,Cotton,Tulare Lake,889.9776911,3710.758752,0.813814056,3.749301711,448.5684623,187.4650856,236.2384677,1344.566888,0.68,50,0.148539114,0.445240339,0.078228087,803.0287273,1.297371859,803.0287273,0.17,79.8460651,723.1826622,-4.882352941,0.01028231,0.976730819,0.001940782,0.011046089,0.381690361,0.001652388,162950.2595,889.9776911,3336.794086,-4.78E-08,0.000794102,5.37E-11,2.38E-07,GOOD,3710.758752,287.6306468
16,Cucurbits,Tulare Lake,209.5085738,654.3961754,16.06524008,2.442132231,492.5857332,122.1066116,6871.292169,2404.357717,0.05,50,0.046854775,0.228702604,0.653597591,622.6894345,1.01234223,622.6894345,0.17,79.8460651,542.8433694,-4.882352941,0.055931315,0.478892632,0.34459694,0.120579113,14.09118967,0.095461487,2.24E-05,209.5085747,511.6475327,-8.77E-07,0.000108052,4.18E-09,2.11E-07,GOOD,654.3961754,446.5955544
16,Field and Grain,Tulare Lake,3511.261354,289.315121,2.652255461,3.261387025,145.2774368,81.53467562,86.9874648,373.6919673,0.74,25,0.189326621,0.486998112,0.113362702,79.8460651,1.06299158,79.8460651,0.17,79.8460651,0,-4.882352941,0.008379855,0.974472106,0.003237966,0.013910073,1.280365197,0.000384862,97725.65952,3511.261933,11451.57836,-0.000579455,0.003865646,1.65E-07,3.38E-07,GOOD,289.315121,-104.5353924
16,Grapes,Tulare Lake,41070.22305,1422.002244,11.72196241,4.00891598,2204.421502,200.445799,7245.758441,5033.018762,0.13,50,0.132249498,0.30194507,0.434693599,1985.012347,1.081128822,1985.012347,0.17,79.8460651,1905.166282,-4.882352941,0.021735984,0.9145582,0.037593072,0.026112744,7.100059424,0.000187296,10012.4853,41070.22303,164647.0359,2.22E-05,0.037603001,5.41E-10,2.28E-07,GOOD,1422.002244,1381.887779
16,Lettuce,Tulare Lake,82.58610222,1008,18.9,2.300762612,1600,149.5495698,12500,929,0.25,65,0.083984211,0.048763332,0.656126648,3872.65043,1.195371133,3872.65043,0.17,79.8460651,3792.804365,-4.882352941,0.197977064,0.316219205,0.452196488,0.033607243,17.51259963,0.048434299,2039.312194,82.58610259,190.0109888,-3.68E-07,2.75E-05,4.45E-09,1.44E-07,GOOD,1008,3678.121941
16,Onions and Garlic,Tulare Lake,42.64021801,2408.610949,10.63434095,1.253629891,4112.522919,62.68149455,7170.237318,10684.66197,0.41,50,0.160557684,0.417141646,0.279934415,3583.886346,1.107315543,3583.886346,0.17,79.8460651,3504.040281,-4.882352941,0.299002342,0.007342148,0.278560777,0.415094733,10.62363202,0.057200092,11617.36112,42.64021839,53.45504656,-3.80E-07,5.29E-06,8.91E-09,9.90E-08,GOOD,2408.610949,3567.988445
16,Orchards,Tulare Lake,5298.660844,2277.681025,7.763328774,3.502172688,2519.675644,175.1086344,6112.909401,6436.827012,0.13,50,0.142496355,0.364024786,0.345706127,2437.865948,1.104683353,2437.865948,0.17,79.8460651,2358.019883,-4.882352941,0.051048113,0.819726473,0.062945007,0.066280407,5.476887004,0.001451746,1533.194943,5298.660846,18556.82109,-2.32E-06,0.004205241,4.39E-10,2.27E-07,GOOD,2277.681025,1999.713906
16,Pasture,Tulare Lake,2941.584815,242.4206904,4.903405501,4.768194291,225.050083,47.68194291,134.7527641,578.8882988,0.51,10,0.189326621,0.486998112,0.113362702,202.3138581,1.147722722,202.3138581,0.17,79.8460651,122.467793,-4.882352941,0.004319593,0.988467259,0.001362017,0.00585113,1.982375428,0.000666574,73378.84854,2941.584524,14026.03012,0.000290874,0.017803326,9.89E-08,1.27E-06,GOOD,242.4206904,22.639033
16,Pistachios,Tulare Lake,1165.276016,5088.640658,1.460333567,3.820163692,1937.377826,191.0081846,386.8138231,1917.69532,0.4,50,0.260711671,0.258063009,0.052053284,2998.21761,1.596530034,2998.21761,0.17,79.8460651,2918.371544,-4.882352941,0.035260819,0.948275335,0.00276347,0.013700375,0.800403283,0.002145414,185784.2343,1165.276016,4451.544104,4.42E-07,0.001023915,3.79E-10,2.30E-07,GOOD,5088.640658,2459.543262
16,Safflower,Tulare Lake,11.31471358,574.3765351,1.258,2.392307778,141.3282741,23.92307778,81.61210144,306.5430161,0.74,10,0.195592287,0.424242424,0.112947658,169.1592117,1.243494302,169.1592117,0.17,79.8460651,89.31314664,-4.882352941,0.129889869,0.707728652,0.034141747,0.128239732,0.984596499,0.119433103,499.9518204,11.31471686,27.06828609,-3.28E-06,-8.79E-06,2.90E-07,3.25E-07,GOOD,574.3765351,135.8509245
16,Subtropical,Tulare Lake,15179.41306,1157.720607,15.10914155,3.608433712,3535.76379,180.4216856,7560.067345,2801.501829,0.13,50,0.202134149,0.160157528,0.432197361,3414.409877,1.183370838,3414.409877,0.17,79.8460651,3334.563812,-4.882352941,0.061932082,0.845737341,0.067366764,0.024963814,10.32528883,0.000506759,6186.556646,15179.41306,54773.89337,-2.70E-06,0.012444362,1.78E-10,2.27E-07,GOOD,1157.720607,2943.79187
16,Truck,Tulare Lake,4340.480655,1282.087936,19.71342086,1.84535452,1338.105955,92.267726,7420.976145,6020.132457,0.41,50,0.052943262,0.238191489,0.293617021,10402.85678,1.618587754,10402.85678,0.17,79.8460651,10323.01071,-4.882352941,0.43454107,0.067994298,0.274655408,0.222809224,19.44570323,0.000561925,1810535.265,4340.480674,8009.723828,-1.93E-05,0.001768105,4.44E-09,2.21E-07,GOOD,1282.087936,10324.85784
16,Walnuts,Tulare Lake,1412.119468,1793.152974,1.862011475,3.425917313,854.5630698,171.2958657,299.4355442,912.0012941,0.13,50,0.25594369,0.273146576,0.089681664,1101.57564,1.421304047,1101.57564,0.17,79.8460651,1021.729575,-4.882352941,0.026757538,0.956671517,0.004095905,0.01247504,0.989582614,0.005447349,157.1768515,1412.11947,4837.803399,-2.10E-06,0.00113427,1.49E-09,2.34E-07,GOOD,1793.152974,686.0260341
16,Tomatoes,Tulare Lake,319.050942,97.3922824,54.70338716,2.220206136,168.9385059,111.0103068,1803.712469,1201.075867,0.74,50,0.031709536,0.225440365,0.338554465,2042.950582,1.544716696,2042.950582,0.17,79.8460651,1963.104517,-4.882352941,0.207320202,0.511041207,0.169061838,0.112576753,47.45087378,0.004235535,130317.6621,319.0509532,708.3587276,-1.12E-05,0.000131543,3.52E-08,1.86E-07,GOOD,97.3922824,1907.495124
17,Alfalfa,Tulare Lake,4774.228325,279.620574,8.447932227,4.524530937,665.8443229,45.24530937,356.4707563,440.2816103,1.86,10,0.281872792,0.186385019,0.150905255,854.3736596,1.49201919,854.3736596,0.17,79.8460651,774.5275945,-4.882352941,0.020502345,0.968752293,0.004807525,0.005937836,4.170426326,0.000112612,7471350.621,4774.228164,21601.13084,0.000161412,0.012920112,3.38E-08,5.98E-07,GOOD,279.620574,694.9051669
17,Almonds,Tulare Lake,33063.93584,4875.001978,1.131453803,4.141037405,1199.972919,207.0518702,516.3560009,1661.846397,0.4,50,0.217550368,0.301286212,0.093613311,1930.61234,1.465229462,1930.61234,0.17,79.8460651,1850.766275,-4.882352941,0.01431943,0.97571738,0.002361834,0.007601356,0.532497484,7.56E-05,3311947.301,33063.93578,136918.9791,5.93E-05,0.016010936,1.79E-09,1.17E-07,GOOD,4875.001978,1280.254671
17,Beans Dry,Tulare Lake,53.77919298,1326.519215,1.43231235,1.919782133,161.8168882,95.98910665,134.9933596,957.6035242,1.68,50,0.085167238,0.504004546,0.071049516,549.5869755,1.339980961,549.5869755,0.17,79.8460651,469.7409104,-4.882352941,0.172577088,0.562373483,0.032747588,0.232301841,1.222194314,0.011068186,31465.02236,53.77920139,103.2443412,-8.41E-06,-7.35E-06,1.56E-07,7.12E-08,GOOD,1326.519215,461.2979102
17,Berries,Tulare Lake,1815.355668,7027.33636,10.36058171,2.39378705,3293.681493,119.6893525,30337.54741,28199.96017,0.25,50,0.045238346,0.387323291,0.416682812,10856.41414,1.119278377,10856.41414,0.17,79.8460651,10776.56807,-4.882352941,0.174311302,0.104580559,0.373720257,0.347387883,10.13221967,0.002203425,116956.835,1815.355669,4345.574413,-1.40E-06,0.000476033,7.69E-10,1.10E-07,GOOD,7027.33636,10689.59267
17,Corn,Tulare Lake,11457.56345,161.4386617,22.01452234,2.280437339,313.2553801,114.021867,310.929404,1985.508048,0.3,50,0.088141761,0.558669338,0.087487293,830.2803255,1.242698865,830.2803255,0.17,79.8460651,750.4342604,-4.882352941,0.116425873,0.649768804,0.031656403,0.20214892,17.87660128,0.000290929,130430.8073,11457.5636,26128.25286,-0.000151809,0.002642771,1.32E-08,1.01E-07,GOOD,161.4386617,684.2824696
17,Cotton,Tulare Lake,186.8571123,3710.758752,0.813814056,3.749301711,448.5684623,187.4650856,236.2384677,1344.566888,0.68,50,0.148539114,0.445240339,0.078228087,803.0287273,1.297371859,803.0287273,0.17,79.8460651,723.1826622,-4.882352941,0.01028231,0.976730819,0.001940782,0.011046089,0.381690361,0.007870122,34212.55975,186.8571122,700.583611,9.75E-08,7.99E-05,5.22E-10,1.14E-07,GOOD,3710.758752,287.6306468
17,Cucurbits,Tulare Lake,441.0893964,654.3961754,16.06524008,2.442132231,492.5857332,122.1066116,6871.292169,2404.357717,0.05,50,0.046854775,0.228702604,0.653597591,622.6894345,1.01234223,622.6894345,0.17,79.8460651,542.8433694,-4.882352941,0.055931315,0.478892632,0.34459694,0.120579113,14.09118967,0.045342282,4.71E-05,441.0893973,1077.198516,-8.88E-07,0.000115504,2.01E-09,1.07E-07,GOOD,654.3961754,446.5955544
17,Field and Grain,Tulare Lake,5052.228033,289.315121,2.652255461,3.261387025,145.2774368,81.53467562,86.9874648,373.6919673,0.74,25,0.189326621,0.486998112,0.113362702,79.8460651,1.06299158,79.8460651,0.17,79.8460651,0,-4.882352941,0.008379855,0.974472106,0.003237966,0.013910073,1.280365197,0.000267476,140613.9466,5052.228419,16477.26813,-0.00038598,0.002821343,7.64E-08,1.71E-07,GOOD,289.315121,-104.5353924
17,Grapes,Tulare Lake,63861.60663,1422.002244,11.72196241,4.00891598,2204.421502,200.445799,7245.758441,5033.018762,0.13,50,0.132249498,0.30194507,0.434693599,1985.012347,1.081128822,1985.012347,0.17,79.8460651,1905.166282,-4.882352941,0.021735984,0.9145582,0.037593072,0.026112744,7.100059424,0.000120453,15568.78318,63861.60661,256015.7865,1.89E-05,0.02879601,2.96E-10,1.12E-07,GOOD,1422.002244,1381.887779
17,Lettuce,Tulare Lake,2.07427826,1008,18.9,2.300762612,1600,149.5495698,12500,929,0.25,65,0.083984211,0.048763332,0.656126648,3872.65043,1.195371133,3872.65043,0.17,79.8460651,3792.804365,-4.882352941,0.197977064,0.316219205,0.452196488,0.033607243,17.51259963,1.928381586,51.22049396,2.074278265,4.772423867,-4.54E-09,-2.00E-06,2.19E-09,4.19E-07,GOOD,1008,3678.121941
17,Onions and Garlic,Tulare Lake,33.51575746,2408.610949,10.63434095,1.253629891,4112.522919,62.68149455,7170.237318,10684.66197,0.41,50,0.160557684,0.417141646,0.279934415,3583.886346,1.107315543,3583.886346,0.17,79.8460651,3504.040281,-4.882352941,0.299002342,0.007342148,0.278560777,0.415094733,10.62363202,0.072772468,9131.394626,33.51575761,42.01635399,-1.45E-07,1.38E-06,4.33E-09,3.30E-08,GOOD,2408.610949,3567.988445
17,Orchards,Tulare Lake,55461.23436,2277.681025,7.763328774,3.502172688,2519.675644,175.1086344,6112.909401,6436.827012,0.13,50,0.142496355,0.364024786,0.345706127,2437.865948,1.104683353,2437.865948,0.17,79.8460651,2358.019883,-4.882352941,0.051048113,0.819726473,0.062945007,0.066280407,5.476887004,0.000138697,16047.99525,55461.23437,194234.7985,-1.06E-05,0.021704989,1.91E-10,1.12E-07,GOOD,2277.681025,1999.713906
17,Pasture,Tulare Lake,4707.276995,242.4206904,4.903405501,4.768194291,225.050083,47.68194291,134.7527641,578.8882988,0.51,10,0.189326621,0.486998112,0.113362702,202.3138581,1.147722722,202.3138581,0.17,79.8460651,122.467793,-4.882352941,0.004319593,0.988467259,0.001362017,0.00585113,1.982375428,0.000416543,117424.6494,4707.276759,22445.19723,0.000235742,0.01406738,5.01E-08,6.27E-07,GOOD,242.4206904,22.639033
17,Pistachios,Tulare Lake,1711.496638,5088.640658,1.460333567,3.820163692,1937.377826,191.0081846,386.8138231,1917.69532,0.4,50,0.260711671,0.258063009,0.052053284,2998.21761,1.596530034,2998.21761,0.17,79.8460651,2918.371544,-4.882352941,0.035260819,0.948275335,0.00276347,0.013700375,0.800403283,0.00146071,272870.1939,1711.496638,6538.196573,4.54E-07,0.000742397,2.65E-10,1.14E-07,GOOD,5088.640658,2459.543262
17,Subtropical,Tulare Lake,59791.93827,1157.720607,15.10914155,3.608433712,3535.76379,180.4216856,7560.067345,2801.501829,0.13,50,0.202134149,0.160157528,0.432197361,3414.409877,1.183370838,3414.409877,0.17,79.8460651,3334.563812,-4.882352941,0.061932082,0.845737341,0.067366764,0.024963814,10.32528883,0.000128651,24368.94046,59791.93827,215755.2216,-4.17E-06,0.024146264,6.97E-11,1.12E-07,GOOD,1157.720607,2943.79187
17,Truck,Tulare Lake,2612.26504,1282.087936,19.71342086,1.84535452,1338.105955,92.267726,7420.976145,6020.132457,0.41,50,0.052943262,0.238191489,0.293617021,10402.85678,1.618587754,10402.85678,0.17,79.8460651,10323.01071,-4.882352941,0.43454107,0.067994298,0.274655408,0.222809224,19.44570323,0.000933682,1089648.44,2612.265046,4820.554576,-5.62E-06,0.000522816,2.15E-09,1.08E-07,GOOD,1282.087936,10324.85784
17,Walnuts,Tulare Lake,5332.57408,1793.152974,1.862011475,3.425917313,854.5630698,171.2958657,299.4355442,912.0012941,0.13,50,0.25594369,0.273146576,0.089681664,1101.57564,1.421304047,1101.57564,0.17,79.8460651,1021.729575,-4.882352941,0.026757538,0.956671517,0.004095905,0.01247504,0.989582614,0.001442513,593.5455345,5332.574084,18268.95574,-3.56E-06,0.002119057,6.68E-10,1.16E-07,GOOD,1793.152974,686.0260341
17,Tomatoes,Tulare Lake,199.4263984,97.3922824,54.70338716,2.220206136,168.9385059,111.0103068,1803.712469,1201.075867,0.74,50,0.031709536,0.225440365,0.338554465,2042.950582,1.544716696,2042.950582,0.17,79.8460651,1963.104517,-4.882352941,0.207320202,0.511041207,0.169061838,0.112576753,47.45087378,0.006776191,81456.52802,199.4264018,442.767674,-3.39E-06,3.94E-05,1.70E-08,8.91E-08,GOOD,97.3922824,1907.495124
18,Alfalfa,Tulare Lake,41477.93063,279.620574,8.447932227,4.524530937,665.8443229,45.24530937,356.4707563,440.2816103,1.86,10,0.281872792,0.186385019,0.150905255,854.3736596,1.49201919,854.3736596,0.17,79.8460651,774.5275945,-4.882352941,0.020502345,0.968752293,0.004807525,0.005937836,4.170426326,1.30E-05,64910209.92,41477.92951,187668.1127,0.001118326,0.067680362,2.70E-08,3.61E-07,GOOD,279.620574,694.9051669
18,Almonds,Tulare Lake,74137.86502,4875.001978,1.131453803,4.141037405,1199.972919,207.0518702,516.3560009,1661.846397,0.4,50,0.217550368,0.301286212,0.093613311,1930.61234,1.465229462,1930.61234,0.17,79.8460651,1850.766275,-4.882352941,0.01431943,0.97571738,0.002361834,0.007601356,0.532497484,3.37E-05,7426239.367,74137.86489,307007.6507,0.000131173,0.021424835,1.77E-09,6.98E-08,GOOD,4875.001978,1280.254671
18,Beans Dry,Tulare Lake,910.5068121,1326.519215,1.43231235,1.919782133,161.8168882,95.98910665,134.9933596,957.6035242,1.68,50,0.085167238,0.504004546,0.071049516,549.5869755,1.339980961,549.5869755,0.17,79.8460651,469.7409104,-4.882352941,0.172577088,0.562373483,0.032747588,0.232301841,1.222194314,0.000653744,532717.4993,910.506883,1747.974729,-7.09E-05,-1.89E-05,7.79E-08,1.08E-08,GOOD,1326.519215,461.2979102
18,Berries,Tulare Lake,1574.376586,7027.33636,10.36058171,2.39378705,3293.681493,119.6893525,30337.54741,28199.96017,0.25,50,0.045238346,0.387323291,0.416682812,10856.41414,1.119278377,10856.41414,0.17,79.8460651,10776.56807,-4.882352941,0.174311302,0.104580559,0.373720257,0.347387883,10.13221967,0.002540688,101431.4196,1574.376587,3768.722041,-5.64E-07,0.000242709,3.58E-10,6.44E-08,GOOD,7027.33636,10689.59267
18,Corn,Tulare Lake,131665.7616,161.4386617,22.01452234,2.280437339,313.2553801,114.021867,310.929404,1985.508048,0.3,50,0.088141761,0.558669338,0.087487293,830.2803255,1.242698865,830.2803255,0.17,79.8460651,750.4342604,-4.882352941,0.116425873,0.649768804,0.031656403,0.20214892,17.87660128,2.53E-05,1498858.955,131665.7624,300255.5006,-0.000829408,0.018415804,6.30E-09,6.13E-08,GOOD,161.4386617,684.2824696
18,Cotton,Tulare Lake,17969.94274,3710.758752,0.813814056,3.749301711,448.5684623,187.4650856,236.2384677,1344.566888,0.68,50,0.148539114,0.445240339,0.078228087,803.0287273,1.297371859,803.0287273,0.17,79.8460651,723.1826622,-4.882352941,0.01028231,0.976730819,0.001940782,0.011046089,0.381690361,8.18E-05,3290202.509,17969.94268,67374.73213,6.21E-05,0.004932593,3.45E-09,7.32E-08,GOOD,3710.758752,287.6306468
18,Cucurbits,Tulare Lake,35.30720929,654.3961754,16.06524008,2.442132231,492.5857332,122.1066116,6871.292169,2404.357717,0.05,50,0.046854775,0.228702604,0.653597591,622.6894345,1.01234223,622.6894345,0.17,79.8460651,542.8433694,-4.882352941,0.055931315,0.478892632,0.34459694,0.120579113,14.09118967,0.566456551,3.77E-06,35.30720932,86.22487129,-3.29E-08,2.50E-06,9.31E-10,2.90E-08,GOOD,654.3961754,446.5955544
18,Field and Grain,Tulare Lake,39484.0753,289.315121,2.652255461,3.261387025,145.2774368,81.53467562,86.9874648,373.6919673,0.74,25,0.189326621,0.486998112,0.113362702,79.8460651,1.06299158,79.8460651,0.17,79.8460651,0,-4.882352941,0.008379855,0.974472106,0.003237966,0.013910073,1.280365197,3.42E-05,1098923.41,39484.07599,128772.8343,-0.000692882,0.016600521,1.75E-08,1.29E-07,GOOD,289.315121,-104.5353924
18,Grapes,Tulare Lake,44970.87627,1422.002244,11.72196241,4.00891598,2204.421502,200.445799,7245.758441,5033.018762,0.13,50,0.132249498,0.30194507,0.434693599,1985.012347,1.081128822,1985.012347,0.17,79.8460651,1905.166282,-4.882352941,0.021735984,0.9145582,0.037593072,0.026112744,7.100059424,0.000171051,10963.42324,44970.87625,180284.4525,1.56E-05,0.012006856,3.46E-10,6.66E-08,GOOD,1422.002244,1381.887779
18,Lettuce,Tulare Lake,403.3620594,1008,18.9,2.300762612,1600,149.5495698,12500,929,0.25,65,0.083984211,0.048763332,0.656126648,3872.65043,1.195371133,3872.65043,0.17,79.8460651,3792.804365,-4.882352941,0.197977064,0.316219205,0.452196488,0.033607243,17.51259963,0.009916649,9960.28562,403.3620598,928.0403016,-4.10E-07,4.38E-05,1.02E-09,4.72E-08,GOOD,1008,3678.121941
18,Orchards,Tulare Lake,15159.21317,2277.681025,7.763328774,3.502172688,2519.675644,175.1086344,6112.909401,6436.827012,0.13,50,0.142496355,0.364024786,0.345706127,2437.865948,1.104683353,2437.865948,0.17,79.8460651,2358.019883,-4.882352941,0.051048113,0.819726473,0.062945007,0.066280407,5.476887004,0.000507434,4386.3968,15159.21317,53090.17883,4.81E-07,0.003509332,3.18E-11,6.61E-08,GOOD,2277.681025,1999.713906
18,Pasture,Tulare Lake,3371.268029,242.4206904,4.903405501,4.768194291,225.050083,47.68194291,134.7527641,578.8882988,0.51,10,0.189326621,0.486998112,0.113362702,202.3138581,1.147722722,202.3138581,0.17,79.8460651,122.467793,-4.882352941,0.004319593,0.988467259,0.001362017,0.00585113,1.982375428,0.000581616,84097.44463,3371.267902,16074.8549,0.000126512,0.006069421,3.75E-08,3.78E-07,GOOD,242.4206904,22.639033
18,Pistachios,Tulare Lake,66440.1256,5088.640658,1.460333567,3.820163692,1937.377826,191.0081846,386.8138231,1917.69532,0.4,50,0.260711671,0.258063009,0.052053284,2998.21761,1.596530034,2998.21761,0.17,79.8460651,2918.371544,-4.882352941,0.035260819,0.948275335,0.00276347,0.013700375,0.800403283,3.76E-05,10592793.2,66440.12556,253812.1383,4.00E-05,0.017206175,6.03E-10,6.78E-08,GOOD,5088.640658,2459.543262
18,Potatoes,Tulare Lake,382.9543082,697.8686048,20.75531565,1.233512156,1479.227265,61.6756078,1543.541499,8971.834969,0.41,50,0.10212496,0.619410086,0.106565176,2428.203834,1.144195941,2428.203834,0.17,79.8460651,2348.357769,-4.882352941,0.267730538,0.01177374,0.10576084,0.614734883,20.72313242,0.00636897,52432.53196,382.9543099,472.3787686,-1.74E-06,2.58E-05,4.55E-09,5.46E-08,GOOD,697.8686048,2413.80183
18,Subtropical,Tulare Lake,102847.6806,1157.720607,15.10914155,3.608433712,3535.76379,180.4216856,7560.067345,2801.501829,0.13,50,0.202134149,0.160157528,0.432197361,3414.409877,1.183370838,3414.409877,0.17,79.8460651,3334.563812,-4.882352941,0.061932082,0.845737341,0.067366764,0.024963814,10.32528883,7.48E-05,41916.83825,102847.6806,371119.0133,6.30E-06,0.024571336,6.13E-11,6.62E-08,GOOD,1157.720607,2943.79187
18,Truck,Tulare Lake,386.8312028,1282.087936,19.71342086,1.84535452,1338.105955,92.267726,7420.976145,6020.132457,0.41,50,0.052943262,0.238191489,0.293617021,10402.85678,1.618587754,10402.85678,0.17,79.8460651,10323.01071,-4.882352941,0.43454107,0.067994298,0.274655408,0.222809224,19.44570323,0.006305139,161358.0591,386.8312032,713.8406655,-4.18E-07,4.30E-05,1.08E-09,6.03E-08,GOOD,1282.087936,10324.85784
18,Walnuts,Tulare Lake,43380.90748,1793.152974,1.862011475,3.425917313,854.5630698,171.2958657,299.4355442,912.0012941,0.13,50,0.25594369,0.273146576,0.089681664,1101.57564,1.421304047,1101.57564,0.17,79.8460651,1021.729575,-4.882352941,0.026757538,0.956671517,0.004095905,0.01247504,0.989582614,0.00017732,4828.539375,43380.90748,148619.3917,-8.32E-07,0.010250744,1.92E-11,6.90E-08,GOOD,1793.152974,686.0260341
18,Tomatoes,Tulare Lake,397.2507949,97.3922824,54.70338716,2.220206136,168.9385059,111.0103068,1803.712469,1201.075867,0.74,50,0.031709536,0.225440365,0.338554465,2042.950582,1.544716696,2042.950582,0.17,79.8460651,1963.104517,-4.882352941,0.207320202,0.511041207,0.169061838,0.112576753,47.45087378,0.003401759,162258.7118,397.2507981,881.9786037,-3.24E-06,4.86E-05,8.16E-09,5.51E-08,GOOD,97.3922824,1907.495124
19A,Alfalfa,Tulare Lake,520.2684249,279.620574,8.447932227,4.524530937,665.8443229,45.24530937,356.4707563,440.2816103,1.86,10,0.281872792,0.186385019,0.150905255,854.3736596,1.49201919,854.3736596,0.17,79.8460651,774.5275945,-4.882352941,0.020502345,0.968752293,0.004807525,0.005937836,4.170426326,0.001033379,814185.572,520.268374,2353.967681,5.09E-05,0.002903433,9.78E-08,1.23E-06,GOOD,279.620574,694.9051669
19A,Almonds,Tulare Lake,28119.1605,4875.001978,1.131453803,4.141037405,1199.972919,207.0518702,516.3560009,1661.846397,0.4,50,0.217550368,0.301286212,0.093613311,1930.61234,1.465229462,1930.61234,0.17,79.8460651,1850.766275,-4.882352941,0.01431943,0.97571738,0.002361834,0.007601356,0.532497484,8.89E-05,2816639.198,28119.16031,116442.4674,0.00018562,0.028036307,6.60E-09,2.41E-07,GOOD,4875.001978,1280.254671
19A,Cotton,Tulare Lake,185.9464796,3710.758752,0.813814056,3.749301711,448.5684623,187.4650856,236.2384677,1344.566888,0.68,50,0.148539114,0.445240339,0.078228087,803.0287273,1.297371859,803.0287273,0.17,79.8460651,723.1826622,-4.882352941,0.01028231,0.976730819,0.001940782,0.011046089,0.381690361,0.007908664,34045.82767,185.946477,697.1692834,2.63E-06,0.000170726,1.41E-08,2.45E-07,GOOD,3710.758752,287.6306468
19A,Field and Grain,Tulare Lake,11177.24182,289.315121,2.652255461,3.261387025,145.2774368,81.53467562,86.9874648,373.6919673,0.74,25,0.189326621,0.486998112,0.113362702,79.8460651,1.06299158,79.8460651,0.17,79.8460651,0,-4.882352941,0.008379855,0.974472106,0.003237966,0.013910073,1.280365197,0.000120902,311085.7377,11177.24227,36453.29455,-0.000454267,0.016894237,4.06E-08,4.63E-07,GOOD,289.315121,-104.5353924
19A,Grapes,Tulare Lake,422.0635852,1422.002244,11.72196241,4.00891598,2204.421502,200.445799,7245.758441,5033.018762,0.13,50,0.132249498,0.30194507,0.434693599,1985.012347,1.081128822,1985.012347,0.17,79.8460651,1905.166282,-4.882352941,0.021735984,0.9145582,0.037593072,0.026112744,7.100059424,0.018225471,102.894631,422.0635846,1692.017069,5.55E-07,0.000381954,1.32E-09,2.26E-07,GOOD,1422.002244,1381.887779
19A,Onions and Garlic,Tulare Lake,4.56107042,2408.610949,10.63434095,1.253629891,4112.522919,62.68149455,7170.237318,10684.66197,0.41,50,0.160557684,0.417141646,0.279934415,3583.886346,1.107315543,3583.886346,0.17,79.8460651,3504.040281,-4.882352941,0.299002342,0.007342148,0.278560777,0.415094733,10.62363202,0.534748242,1242.667243,4.561070455,5.717899254,-3.48E-08,-5.04E-06,7.64E-09,8.82E-07,GOOD,2408.610949,3567.988445
19A,Orchards,Tulare Lake,6034.681968,2277.681025,7.763328774,3.502172688,2519.675644,175.1086344,6112.909401,6436.827012,0.13,50,0.142496355,0.364024786,0.345706127,2437.865948,1.104683353,2437.865948,0.17,79.8460651,2358.019883,-4.882352941,0.051048113,0.819726473,0.062945007,0.066280407,5.476887004,0.001274683,1746.166465,6034.681967,21134.49356,1.28E-06,0.004810292,2.13E-10,2.28E-07,GOOD,2277.681025,1999.713906
19A,Pasture,Tulare Lake,14.28704366,242.4206904,4.903405501,4.768194291,225.050083,47.68194291,134.7527641,578.8882988,0.51,10,0.189326621,0.486998112,0.113362702,202.3138581,1.147722722,202.3138581,0.17,79.8460651,122.467793,-4.882352941,0.004319593,0.988467259,0.001362017,0.00585113,1.982375428,0.137242131,356.3952355,14.28704174,68.12334358,1.92E-06,5.64E-05,1.35E-07,8.28E-07,GOOD,242.4206904,22.639033
19A,Pistachios,Tulare Lake,47130.69976,5088.640658,1.460333567,3.820163692,1937.377826,191.0081846,386.8138231,1917.69532,0.4,50,0.260711671,0.258063009,0.052053284,2998.21761,1.596530034,2998.21761,0.17,79.8460651,2918.371544,-4.882352941,0.035260819,0.948275335,0.00276347,0.013700375,0.800403283,5.30E-05,7514220.534,47130.69965,180046.9459,0.000112867,0.042084667,2.39E-09,2.34E-07,GOOD,5088.640658,2459.543262
19A,Subtropical,Tulare Lake,3712.349653,1157.720607,15.10914155,3.608433712,3535.76379,180.4216856,7560.067345,2801.501829,0.13,50,0.202134149,0.160157528,0.432197361,3414.409877,1.183370838,3414.409877,0.17,79.8460651,3334.563812,-4.882352941,0.061932082,0.845737341,0.067366764,0.024963814,10.32528883,0.002072086,1513.013799,3712.349652,13395.76459,1.06E-06,0.003048829,2.84E-10,2.28E-07,GOOD,1157.720607,2943.79187
19A,Truck,Tulare Lake,700.9283807,1282.087936,19.71342086,1.84535452,1338.105955,92.267726,7420.976145,6020.132457,0.41,50,0.052943262,0.238191489,0.293617021,10402.85678,1.618587754,10402.85678,0.17,79.8460651,10323.01071,-4.882352941,0.43454107,0.067994298,0.274655408,0.222809224,19.44570323,0.003479706,292376.7325,700.9283832,1293.461074,-2.51E-06,0.000281725,3.58E-09,2.18E-07,GOOD,1282.087936,10324.85784
19B,Alfalfa,Tulare Lake,14431.43888,279.620574,8.447932227,4.524530937,665.8443229,45.24530937,356.4707563,440.2816103,1.86,10,0.281872792,0.186385019,0.150905255,854.3736596,1.49201919,854.3736596,0.17,79.8460651,774.5275945,-4.882352941,0.020502345,0.968752293,0.004807525,0.005937836,4.170426326,3.73E-05,22584244.51,14431.43835,65295.44939,0.000528523,0.042288493,3.66E-08,6.48E-07,GOOD,279.620574,694.9051669
19B,Almonds,Tulare Lake,52342.85333,4875.001978,1.131453803,4.141037405,1199.972919,207.0518702,516.3560009,1661.846397,0.4,50,0.217550368,0.301286212,0.093613311,1930.61234,1.465229462,1930.61234,0.17,79.8460651,1850.766275,-4.882352941,0.01431943,0.97571738,0.002361834,0.007601356,0.532497484,4.78E-05,5243077.311,52342.85323,216753.6861,0.000101817,0.027423432,1.95E-09,1.27E-07,GOOD,4875.001978,1280.254671
19B,Beans Dry,Tulare Lake,76.39036342,1326.519215,1.43231235,1.919782133,161.8168882,95.98910665,134.9933596,957.6035242,1.68,50,0.085167238,0.504004546,0.071049516,549.5869755,1.339980961,549.5869755,0.17,79.8460651,469.7409104,-4.882352941,0.172577088,0.562373483,0.032747588,0.232301841,1.222194314,0.007792057,44694.3206,76.39037633,146.6528643,-1.29E-05,-9.52E-06,1.69E-07,6.49E-08,GOOD,1326.519215,461.2979102
19B,Corn,Tulare Lake,11185.12666,161.4386617,22.01452234,2.280437339,313.2553801,114.021867,310.929404,1985.508048,0.3,50,0.088141761,0.558669338,0.087487293,830.2803255,1.242698865,830.2803255,0.17,79.8460651,750.4342604,-4.882352941,0.116425873,0.649768804,0.031656403,0.20214892,17.87660128,0.000298015,127329.4367,11185.12682,25506.97769,-0.000160206,0.002791431,1.43E-08,1.09E-07,GOOD,161.4386617,684.2824696
19B,Cotton,Tulare Lake,9387.836899,3710.758752,0.813814056,3.749301711,448.5684623,187.4650856,236.2384677,1344.566888,0.68,50,0.148539114,0.445240339,0.078228087,803.0287273,1.297371859,803.0287273,0.17,79.8460651,723.1826622,-4.882352941,0.01028231,0.976730819,0.001940782,0.011046089,0.381690361,0.000156648,1718863.825,9387.836893,35197.82843,5.56E-06,0.004517509,5.92E-10,1.28E-07,GOOD,3710.758752,287.6306468
19B,Cucurbits,Tulare Lake,174.7500419,654.3961754,16.06524008,2.442132231,492.5857332,122.1066116,6871.292169,2404.357717,0.05,50,0.046854775,0.228702604,0.653597591,622.6894345,1.01234223,622.6894345,0.17,79.8460651,542.8433694,-4.882352941,0.055931315,0.478892632,0.34459694,0.120579113,14.09118967,0.114449186,1.86E-05,174.7500423,426.762662,-3.81E-07,4.77E-05,2.18E-09,1.12E-07,GOOD,654.3961754,446.5955544
19B,Field and Grain,Tulare Lake,6828.305257,289.315121,2.652255461,3.261387025,145.2774368,81.53467562,86.9874648,373.6919673,0.74,25,0.189326621,0.486998112,0.113362702,79.8460651,1.06299158,79.8460651,0.17,79.8460651,0,-4.882352941,0.008379855,0.974472106,0.003237966,0.013910073,1.280365197,0.000197904,190045.846,6828.30582,22269.74204,-0.000563049,0.004132528,8.25E-08,1.86E-07,GOOD,289.315121,-104.5353924
19B,Grapes,Tulare Lake,10673.03349,1422.002244,11.72196241,4.00891598,2204.421502,200.445799,7245.758441,5033.018762,0.13,50,0.132249498,0.30194507,0.434693599,1985.012347,1.081128822,1985.012347,0.17,79.8460651,1905.166282,-4.882352941,0.021735984,0.9145582,0.037593072,0.026112744,7.100059424,0.000720724,2601.972501,10673.03349,42787.28931,3.44E-06,0.005203789,3.22E-10,1.22E-07,GOOD,1422.002244,1381.887779
19B,Lettuce,Tulare Lake,134.1802536,1008,18.9,2.300762612,1600,149.5495698,12500,929,0.25,65,0.083984211,0.048763332,0.656126648,3872.65043,1.195371133,3872.65043,0.17,79.8460651,3792.804365,-4.882352941,0.197977064,0.316219205,0.452196488,0.033607243,17.51259963,0.029810646,3313.335053,134.1802539,308.7168852,-3.12E-07,2.56E-05,2.32E-09,8.29E-08,GOOD,1008,3678.121941
19B,Onions and Garlic,Tulare Lake,674.6755068,2408.610949,10.63434095,1.253629891,4112.522919,62.68149455,7170.237318,10684.66197,0.41,50,0.160557684,0.417141646,0.279934415,3583.886346,1.107315543,3583.886346,0.17,79.8460651,3504.040281,-4.882352941,0.299002342,0.007342148,0.278560777,0.415094733,10.62363202,0.003615107,183815.8754,674.67551,845.7932874,-3.16E-06,9.46E-05,4.68E-09,1.12E-07,GOOD,2408.610949,3567.988445
19B,Orchards,Tulare Lake,2696.703913,2277.681025,7.763328774,3.502172688,2519.675644,175.1086344,6112.909401,6436.827012,0.13,50,0.142496355,0.364024786,0.345706127,2437.865948,1.104683353,2437.865948,0.17,79.8460651,2358.019883,-4.882352941,0.051048113,0.819726473,0.062945007,0.066280407,5.476887004,0.002852485,780.3052362,2696.703914,9444.321653,-5.53E-07,0.00113875,2.05E-10,1.21E-07,GOOD,2277.681025,1999.713906
19B,Pasture,Tulare Lake,208.6344674,242.4206904,4.903405501,4.768194291,225.050083,47.68194291,134.7527641,578.8882988,0.51,10,0.189326621,0.486998112,0.113362702,202.3138581,1.147722722,202.3138581,0.17,79.8460651,122.467793,-4.882352941,0.004319593,0.988467259,0.001362017,0.00585113,1.982375428,0.00939818,5204.458803,208.6344561,994.8090172,1.13E-05,0.000659193,5.42E-08,6.63E-07,GOOD,242.4206904,22.639033
19B,Pistachios,Tulare Lake,44641.05235,5088.640658,1.460333567,3.820163692,1937.377826,191.0081846,386.8138231,1917.69532,0.4,50,0.260711671,0.258063009,0.052053284,2998.21761,1.596530034,2998.21761,0.17,79.8460651,2918.371544,-4.882352941,0.035260819,0.948275335,0.00276347,0.013700375,0.800403283,5.60E-05,7117286.905,44641.05234,170536.1063,1.29E-05,0.021035035,2.90E-10,1.23E-07,GOOD,5088.640658,2459.543262
19B,Potatoes,Tulare Lake,337.8563631,697.8686048,20.75531565,1.233512156,1479.227265,61.6756078,1543.541499,8971.834969,0.41,50,0.10212496,0.619410086,0.106565176,2428.203834,1.144195941,2428.203834,0.17,79.8460651,2348.357769,-4.882352941,0.267730538,0.01177374,0.10576084,0.614734883,20.72313242,0.007219116,46257.90643,337.8563663,416.7498877,-3.17E-06,4.32E-05,9.40E-09,1.04E-07,GOOD,697.8686048,2413.80183
19B,Subtropical,Tulare Lake,99.21953769,1157.720607,15.10914155,3.608433712,3535.76379,180.4216856,7560.067345,2801.501829,0.13,50,0.202134149,0.160157528,0.432197361,3414.409877,1.183370838,3414.409877,0.17,79.8460651,3334.563812,-4.882352941,0.061932082,0.845737341,0.067366764,0.024963814,10.32528883,0.077528155,40.43814394,99.2195377,358.0270845,-7.45E-09,4.02E-05,7.51E-11,1.12E-07,GOOD,1157.720607,2943.79187
19B,Truck,Tulare Lake,1085.711032,1282.087936,19.71342086,1.84535452,1338.105955,92.267726,7420.976145,6020.132457,0.41,50,0.052943262,0.238191489,0.293617021,10402.85678,1.618587754,10402.85678,0.17,79.8460651,10323.01071,-4.882352941,0.43454107,0.067994298,0.274655408,0.222809224,19.44570323,0.002246477,452880.2838,1085.711035,2003.521527,-2.52E-06,0.000233362,2.33E-09,1.16E-07,GOOD,1282.087936,10324.85784
19B,Walnuts,Tulare Lake,870.1131935,1793.152974,1.862011475,3.425917313,854.5630698,171.2958657,299.4355442,912.0012941,0.13,50,0.25594369,0.273146576,0.089681664,1101.57564,1.421304047,1101.57564,0.17,79.8460651,1021.729575,-4.882352941,0.026757538,0.956671517,0.004095905,0.01247504,0.989582614,0.008840583,96.84849995,870.1131941,2980.935483,-6.26E-07,0.000371373,7.20E-10,1.25E-07,GOOD,1793.152974,686.0260341
19B,Tomatoes,Tulare Lake,907.769775,97.3922824,54.70338716,2.220206136,168.9385059,111.0103068,1803.712469,1201.075867,0.74,50,0.031709536,0.225440365,0.338554465,2042.950582,1.544716696,2042.950582,0.17,79.8460651,1963.104517,-4.882352941,0.207320202,0.511041207,0.169061838,0.112576753,47.45087378,0.00148865,370782.2771,907.7697917,2015.435818,-1.67E-05,0.000206645,1.84E-08,1.03E-07,GOOD,97.3922824,1907.495124
2,Alfalfa,Sacramento River,2619.035362,280.6469987,5.962401488,3.537610105,471.6662224,35.37610105,252.5143029,311.8836593,1.86,10,0.281872792,0.186385019,0.150905255,601.889797,1.487388256,601.889797,0.17,62.62442621,539.2653708,-4.882352941,0.057933256,0.911609636,0.013626653,0.016830455,3.643555099,0.00020528,2876632.738,2619.04003,9265.134464,-0.004667677,-0.008502414,1.78E-06,9.18E-07,GOOD,280.6469987,512.1190455
2,Almonds,Sacramento River,44619.71975,4683.240486,0.738721068,3.971676207,752.6390797,198.5838104,323.8653982,1042.332314,0.4,50,0.217550367,0.301286212,0.093613311,1142.187811,1.421781248,1142.187811,0.17,62.62442621,1079.563385,-4.882352941,0.011138281,0.980830857,0.001903764,0.006127098,0.332646308,5.60E-05,2684256.96,44619.72897,177215.0841,-0.009224957,-0.004758655,2.07E-07,2.69E-08,GOOD,4683.240486,552.061027
2,Beans Dry,Sacramento River,284.6320574,1370.755748,1.280845402,2.293810917,149.5303492,114.6905459,124.7434966,884.8939851,1.68,50,0.085167237,0.504004546,0.071049516,481.8678203,1.312642142,481.8678203,0.17,62.62442621,419.2433941,-4.882352941,0.076566469,0.800999889,0.015127014,0.107306627,0.933034072,0.002091255,149976.7759,284.6329239,652.8939931,-0.000866531,-0.00187251,3.04E-06,2.87E-06,GOOD,1370.755748,333.47994
2,Berries,Sacramento River,85.99700287,5808.7562,4.15,3.453441036,1090.53087,172.6720518,10044.6968,9336.946257,0.25,50,0.045238346,0.387323291,0.416682812,3461.492251,1.112065325,3461.492251,0.17,62.62442621,3398.867825,-4.882352941,0.046810867,0.75387742,0.103294943,0.096016769,3.118772009,0.046513249,1767.801804,85.99700753,296.9855472,-4.66E-06,3.15E-05,5.42E-08,1.06E-07,GOOD,5808.7562,3037.851554
2,Corn,Sacramento River,2633.224008,229.087221,6.113531918,2.826875063,123.4453601,141.3437532,122.5287567,782.4343077,0.3,50,0.088141761,0.558669339,0.087487293,230.7798599,1.140275745,230.7798599,0.17,62.62442621,168.1554337,-4.882352941,0.014859243,0.947178848,0.005139907,0.032822003,3.421068354,0.001265875,8217.684996,2633.226728,7443.801573,-0.002720183,-0.006289,1.03E-06,8.45E-07,GOOD,229.087221,-27.437518
2,Cucurbits,Sacramento River,305.2231259,202.6283347,12.01,1.97136542,111.9924863,96.81195395,1562.231795,546.6459553,0.05,50,0.046854775,0.228702604,0.653597591,73.83780655,0.98218172,115.8841095,0.17,62.62442621,53.2596833,-4.882352941,0.045157284,0.536935863,0.309580474,0.108326379,10.34510807,0.065525834,5.20E-06,305.0601588,601.308081,0.162967084,0.398234751,0.000533928,0.000661842,GOOD,202.6283347,21.8443252
2,Field and Grain,Sacramento River,16716.28082,209.6613847,3.03361867,2.845649619,120.4179202,71.14124048,72.10238442,309.7467197,0.74,25,0.189326621,0.486998112,0.113362702,62.62442621,1.056394644,62.62442621,0.17,62.62442621,0,-4.882352941,0.01487795,0.954084795,0.005860587,0.025176667,1.653693583,8.08E-05,385636.44,16716.38387,47568.95323,-0.103050824,-0.275087648,6.16E-06,5.78E-06,GOOD,209.6613847,-68.67737717
2,Grapes,Sacramento River,106.5553281,1768.088912,10.32652959,2.661751325,5707.511085,133.0875663,6066.297444,4560.422484,0.13,50,0.312599493,0.249773629,0.332250166,1790.903888,1.055957181,1790.903888,0.17,62.62442621,1728.279462,-4.882352941,0.220720588,0.466475188,0.178565303,0.134238921,9.09329252,0.072190737,47.00227586,106.55533,283.6237454,-1.89E-06,4.03E-05,1.77E-08,1.42E-07,GOOD,1768.088912,1569.745449
2,Orchards,Sacramento River,10391.21761,2309.334094,2.07088168,3.327741402,681.468536,166.3870701,1653.290347,1740.896727,0.13,50,0.142496355,0.364024786,0.345706127,540.3149882,1.073687064,540.3149882,0.17,62.62442621,477.690562,-4.882352941,0.019222595,0.927375898,0.026011588,0.027389919,1.219081087,0.00074027,714.5391952,10391.21875,34579.28278,-0.001141045,0.002275204,1.10E-07,6.58E-08,GOOD,2309.334094,153.0089163
2,Pasture,Sacramento River,25123.53831,231.3889922,5,3.965593094,219.0404801,39.65593094,131.1544068,563.4300116,0.51,10,0.189326621,0.486998112,0.113362702,203.6641316,1.155852829,203.6641316,0.17,62.62442621,141.0397054,-4.882352941,0.012363677,0.96732044,0.003836132,0.016479751,2.499007503,7.80E-05,649370.2616,25123.57202,99629.77623,-0.033708657,-0.046213835,1.34E-06,4.64E-07,GOOD,231.3889922,86.06077663
2,Pistachios,Sacramento River,1330.567364,4908.224613,1.249825398,3.663925668,1599.315875,183.1962834,319.3169032,1583.067859,0.4,50,0.260711671,0.258063009,0.052053284,2449.52686,1.585474028,2449.52686,0.17,62.62442621,2386.902434,-4.882352941,0.036882585,0.945787804,0.00290879,0.014420821,0.692253099,0.001878898,174149.2999,1330.567492,4875.09954,-0.00012849,0.000378226,9.66E-08,7.76E-08,GOOD,4908.224613,1961.505578
2,Rice,Sacramento River,301.7095659,774.5349774,3.911625416,4.534377778,378.0637021,226.7188889,216.5505211,1737.988565,0.2,50,0.124786237,0.573652143,0.071476115,470.3690261,1.127415808,470.3690261,0.17,62.62442621,407.7445999,-4.882352941,0.002314436,0.992353786,0.000590727,0.004741051,1.464755015,0.016572229,319.494421,301.7096365,1368.065224,-7.06E-05,-7.25E-05,2.34E-07,5.30E-08,GOOD,774.5349774,-330.9411767
2,Safflower,Sacramento River,501.0385783,566.272674,1.034446009,2.357007476,114.5737579,23.57007476,66.16231052,248.5120939,0.74,10,0.195592287,0.424242424,0.112947658,132.9602705,1.232026997,132.9602705,0.17,62.62442621,70.33584434,-4.882352941,0.117186722,0.733841187,0.031322337,0.117649754,0.795460769,0.0026971,17749.16454,501.0406387,1180.955504,-0.002060355,-0.003829053,4.11E-06,3.24E-06,GOOD,566.272674,100.9755029
2,Subtropical,Sacramento River,12516.68901,1426.122657,2.926176068,2.972946835,843.5231851,148.6473418,1803.596752,668.3511361,0.13,50,0.202134149,0.160157528,0.432197361,708.967574,1.14729554,708.967574,0.17,62.62442621,646.3431478,-4.882352941,0.04513977,0.882986591,0.052440855,0.019432784,1.899693199,0.000614564,1106.250135,12516.6901,37211.44767,-0.001088682,0.003303796,8.70E-08,8.88E-08,GOOD,1426.122657,415.6942716
2,Sunflowers,Sacramento River,290.9232235,3637.05749,0.601701512,2.873453662,453.0267168,143.6726831,387.8950797,849.6060148,0.74,50,0.207010582,0.388227513,0.177248677,354.2224966,1.136305643,354.2224966,0.17,62.62442621,291.5980704,-4.882352941,0.030006254,0.923994603,0.014418445,0.031580698,0.359912384,0.004645045,41501.43988,290.9235131,835.9550858,-0.000289632,-0.00068383,9.96E-07,8.18E-07,GOOD,3637.05749,85.05838228
2,Truck,Sacramento River,230.3636995,742.5153484,22.835,2.662234731,945.7732119,133.1117366,5245.145436,4255.029217,0.41,50,0.055780263,0.25095514,0.309350686,6376.278379,1.526406084,6376.278379,0.17,62.62442621,6313.653953,-4.882352941,0.224008708,0.485345724,0.160468447,0.130177121,19.96250047,0.010587711,59819.86375,230.3637127,613.2821749,-1.32E-05,6.66E-05,5.72E-08,1.09E-07,GOOD,742.5153484,6155.015428
2,Walnuts,Sacramento River,60877.42345,1941.701849,1.718936287,4.942462794,854.2534686,247.1231397,299.3270611,911.6708835,0.13,50,0.25594369,0.273146576,0.089681664,1025.287214,1.374658568,1025.287214,0.17,62.62442621,962.6627877,-4.882352941,0.003096313,0.994908716,0.000493105,0.001501866,0.59212916,0.000126357,6561.569638,60877.42736,300884.3646,-0.003914011,0.0357574,6.43E-08,1.19E-07,GOOD,1941.701849,51.01343008
2,Tomatoes,Sacramento River,141.3933554,98.36808723,45.12697659,2.666779844,378.0837203,133.3389922,916.1768531,2411.986977,0.74,50,0.085172131,0.543356034,0.206390095,599.467827,1.101074499,599.467827,0.17,62.62442621,536.8434008,-4.882352941,0.048084345,0.788208095,0.045065413,0.118642147,33.0432184,0.009557389,24783.50847,141.3934711,377.0651962,-0.000115744,-0.000245928,8.19E-07,6.52E-07,GOOD,98.36808723,377.2210824
20,Alfalfa,Tulare Lake,2551.143036,279.620574,8.447932227,4.524530937,665.8443229,45.24530937,356.4707563,440.2816103,1.86,10,0.281872792,0.186385019,0.150905255,854.3736596,1.49201919,854.3736596,0.17,79.8460651,774.5275945,-4.882352941,0.020502345,0.968752293,0.004807525,0.005937836,4.170426326,0.000210743,3992369.616,2551.142902,11542.71773,0.00013419,0.007858892,5.26E-08,6.81E-07,GOOD,279.620574,694.9051669
20,Almonds,Tulare Lake,82856.88722,4875.001978,1.131453803,4.141037405,1199.972919,207.0518702,516.3560009,1661.846397,0.4,50,0.217550368,0.301286212,0.093613311,1930.61234,1.465229462,1930.61234,0.17,79.8460651,1850.766275,-4.882352941,0.01431943,0.97571738,0.002361834,0.007601356,0.532497484,3.02E-05,8299606.113,82856.88693,343113.424,0.00029118,0.045234,3.51E-09,1.32E-07,GOOD,4875.001978,1280.254671
20,Beans Dry,Tulare Lake,191.4828215,1326.519215,1.43231235,1.919782133,161.8168882,95.98910665,134.9933596,957.6035242,1.68,50,0.085167238,0.504004546,0.071049516,549.5869755,1.339980961,549.5869755,0.17,79.8460651,469.7409104,-4.882352941,0.172577088,0.562373483,0.032747588,0.232301841,1.222194314,0.003108572,112032.3851,191.482849,367.6053076,-2.75E-05,-8.14E-06,1.43E-07,2.22E-08,GOOD,1326.519215,461.2979102
20,Berries,Tulare Lake,171.341345,7027.33636,10.36058171,2.39378705,3293.681493,119.6893525,30337.54741,28199.96017,0.25,50,0.045238346,0.387323291,0.416682812,10856.41414,1.119278377,10856.41414,0.17,79.8460651,10776.56807,-4.882352941,0.174311302,0.104580559,0.373720257,0.347387883,10.13221967,0.023345212,11038.90646,171.3413451,410.1546454,-1.12E-07,4.74E-05,6.52E-10,1.16E-07,GOOD,7027.33636,10689.59267
20,Corn,Tulare Lake,1680.222459,161.4386617,22.01452234,2.280437339,313.2553801,114.021867,310.929404,1985.508048,0.3,50,0.088141761,0.558669338,0.087487293,830.2803255,1.242698865,830.2803255,0.17,79.8460651,750.4342604,-4.882352941,0.116425873,0.649768804,0.031656403,0.20214892,17.87660128,0.001983864,19127.34524,1680.222478,3831.641592,-1.93E-05,0.000441665,1.15E-08,1.15E-07,GOOD,161.4386617,684.2824696
20,Cotton,Tulare Lake,194.2331342,3710.758752,0.813814056,3.749301711,448.5684623,187.4650856,236.2384677,1344.566888,0.68,50,0.148539114,0.445240339,0.078228087,803.0287273,1.297371859,803.0287273,0.17,79.8460651,723.1826622,-4.882352941,0.01028231,0.976730819,0.001940782,0.011046089,0.381690361,0.007571253,35563.07077,194.2331328,728.2385245,1.42E-06,9.79E-05,7.29E-09,1.34E-07,GOOD,3710.758752,287.6306468
20,Cucurbits,Tulare Lake,5.59041716,654.3961754,16.06524008,2.442132231,492.5857332,122.1066116,6871.292169,2404.357717,0.05,50,0.046854775,0.228702604,0.653597591,622.6894345,1.01234223,622.6894345,0.17,79.8460651,542.8433694,-4.882352941,0.055931315,0.478892632,0.34459694,0.120579113,14.09118967,3.577550553,5.97E-07,5.59041717,13.65253938,-9.51E-09,-1.45E-06,1.70E-09,1.06E-07,GOOD,654.3961754,446.5955544
20,Field and Grain,Tulare Lake,19490.77719,289.315121,2.652255461,3.261387025,145.2774368,81.53467562,86.9874648,373.6919673,0.74,25,0.189326621,0.486998112,0.113362702,79.8460651,1.06299158,79.8460651,0.17,79.8460651,0,-4.882352941,0.008379855,0.974472106,0.003237966,0.013910073,1.280365197,6.93E-05,542468.607,19490.7777,63566.95194,-0.000511541,0.01589416,2.62E-08,2.50E-07,GOOD,289.315121,-104.5353924
20,Grapes,Tulare Lake,40287.29233,1422.002244,11.72196241,4.00891598,2204.421502,200.445799,7245.758441,5033.018762,0.13,50,0.132249498,0.30194507,0.434693599,1985.012347,1.081128822,1985.012347,0.17,79.8460651,1905.166282,-4.882352941,0.021735984,0.9145582,0.037593072,0.026112744,7.100059424,0.000190936,9821.615089,40287.2923,161508.3497,2.80E-05,0.020300289,6.96E-10,1.26E-07,GOOD,1422.002244,1381.887779
20,Lettuce,Tulare Lake,282.9119023,1008,18.9,2.300762612,1600,149.5495698,12500,929,0.25,65,0.083984211,0.048763332,0.656126648,3872.65043,1.195371133,3872.65043,0.17,79.8460651,3792.804365,-4.882352941,0.197977064,0.316219205,0.452196488,0.033607243,17.51259963,0.014138677,6985.990096,282.9119028,650.9130686,-5.25E-07,5.87E-05,1.86E-09,9.02E-08,GOOD,1008,3678.121941
20,Onions and Garlic,Tulare Lake,958.4488373,2408.610949,10.63434095,1.253629891,4112.522919,62.68149455,7170.237318,10684.66197,0.41,50,0.160557684,0.417141646,0.279934415,3583.886346,1.107315543,3583.886346,0.17,79.8460651,3504.040281,-4.882352941,0.299002342,0.007342148,0.278560777,0.415094733,10.62363202,0.002544762,261130.1437,958.4488413,1201.539971,-4.03E-06,0.000140616,4.20E-09,1.17E-07,GOOD,2408.610949,3567.988445
20,Orchards,Tulare Lake,2021.919019,2277.681025,7.763328774,3.502172688,2519.675644,175.1086344,6112.909401,6436.827012,0.13,50,0.142496355,0.364024786,0.345706127,2437.865948,1.104683353,2437.865948,0.17,79.8460651,2358.019883,-4.882352941,0.051048113,0.819726473,0.062945007,0.066280407,5.476887004,0.003804459,585.0527343,2021.919019,7081.108685,1.94E-07,0.000880902,9.58E-11,1.24E-07,GOOD,2277.681025,1999.713906
20,Pasture,Tulare Lake,153.3119947,242.4206904,4.903405501,4.768194291,225.050083,47.68194291,134.7527641,578.8882988,0.51,10,0.189326621,0.486998112,0.113362702,202.3138581,1.147722722,202.3138581,0.17,79.8460651,122.467793,-4.882352941,0.004319593,0.988467259,0.001362017,0.00585113,1.982375428,0.012789504,3824.420626,153.3119835,731.0208705,1.12E-05,0.000507381,7.28E-08,6.94E-07,GOOD,242.4206904,22.639033
20,Pistachios,Tulare Lake,27186.4892,5088.640658,1.460333567,3.820163692,1937.377826,191.0081846,386.8138231,1917.69532,0.4,50,0.260711671,0.258063009,0.052053284,2998.21761,1.596530034,2998.21761,0.17,79.8460651,2918.371544,-4.882352941,0.035260819,0.948275335,0.00276347,0.013700375,0.800403283,9.20E-05,4334441.806,27186.48917,103856.8257,3.39E-05,0.013292376,1.25E-09,1.28E-07,GOOD,5088.640658,2459.543262
20,Potatoes,Tulare Lake,1745.370847,697.8686048,20.75531565,1.233512156,1479.227265,61.6756078,1543.541499,8971.834969,0.41,50,0.10212496,0.619410086,0.106565176,2428.203834,1.144195941,2428.203834,0.17,79.8460651,2348.357769,-4.882352941,0.267730538,0.01177374,0.10576084,0.614734883,20.72313242,0.001397425,238969.0121,1745.370862,2152.935911,-1.47E-05,0.000245766,8.44E-09,1.14E-07,GOOD,697.8686048,2413.80183
20,Safflower,Tulare Lake,163.7428134,574.3765351,1.258,2.392307778,141.3282741,23.92307778,81.61210144,306.5430161,0.74,10,0.195592287,0.424242424,0.112947658,169.1592117,1.243494302,169.1592117,0.17,79.8460651,89.31314664,-4.882352941,0.129889869,0.707728652,0.034141747,0.128239732,0.984596499,0.00825289,7235.138306,163.7428327,391.7230181,-1.93E-05,0.000188027,1.18E-07,4.80E-07,GOOD,574.3765351,135.8509245
20,Subtropical,Tulare Lake,30240.60094,1157.720607,15.10914155,3.608433712,3535.76379,180.4216856,7560.067345,2801.501829,0.13,50,0.202134149,0.160157528,0.432197361,3414.409877,1.183370838,3414.409877,0.17,79.8460651,3334.563812,-4.882352941,0.061932082,0.845737341,0.067366764,0.024963814,10.32528883,0.00025437,12324.92916,30240.60094,109121.1903,4.27E-06,0.013630495,1.41E-10,1.25E-07,GOOD,1157.720607,2943.79187
20,Truck,Tulare Lake,2530.424001,1282.087936,19.71342086,1.84535452,1338.105955,92.267726,7420.976145,6020.132457,0.41,50,0.052943262,0.238191489,0.293617021,10402.85678,1.618587754,10402.85678,0.17,79.8460651,10323.01071,-4.882352941,0.43454107,0.067994298,0.274655408,0.222809224,19.44570323,0.00096388,1055510.266,2530.424006,4669.528801,-5.04E-06,0.000566459,1.99E-09,1.21E-07,GOOD,1282.087936,10324.85784
20,Walnuts,Tulare Lake,539.4186145,1793.152974,1.862011475,3.425917313,854.5630698,171.2958657,299.4355442,912.0012941,0.13,50,0.25594369,0.273146576,0.089681664,1101.57564,1.421304047,1101.57564,0.17,79.8460651,1021.729575,-4.882352941,0.026757538,0.956671517,0.004095905,0.01247504,0.989582614,0.014260368,60.04033044,539.4186145,1848.003333,3.07E-08,0.000237438,5.69E-11,1.28E-07,GOOD,1793.152974,686.0260341
20,Tomatoes,Tulare Lake,154.8813963,97.3922824,54.70338716,2.220206136,168.9385059,111.0103068,1803.712469,1201.075867,0.74,50,0.031709536,0.225440365,0.338554465,2042.950582,1.544716696,2042.950582,0.17,79.8460651,1963.104517,-4.882352941,0.207320202,0.511041207,0.169061838,0.112576753,47.45087378,0.008725072,63261.93973,154.8813986,343.8685913,-2.31E-06,3.51E-05,1.49E-08,1.02E-07,GOOD,97.3922824,1907.495124
21A,Alfalfa,Tulare Lake,20633.53034,279.620574,8.447932227,4.524530937,665.8443229,45.24530937,356.4707563,440.2816103,1.86,10,0.281872792,0.186385019,0.150905255,854.3736596,1.49201919,854.3736596,0.17,79.8460651,774.5275945,-4.882352941,0.020502345,0.968752293,0.004807525,0.005937836,4.170426326,2.61E-05,32290106.22,20633.52944,93356.98715,0.000896396,0.059211841,4.34E-08,6.34E-07,GOOD,279.620574,694.9051669
21A,Almonds,Tulare Lake,36357.36417,4875.001978,1.131453803,4.141037405,1199.972919,207.0518702,516.3560009,1661.846397,0.4,50,0.217550368,0.301286212,0.093613311,1930.61234,1.465229462,1930.61234,0.17,79.8460651,1850.766275,-4.882352941,0.01431943,0.97571738,0.002361834,0.007601356,0.532497484,6.88E-05,3641843.328,36357.36407,150557.1864,9.80E-05,0.018537846,2.70E-09,1.23E-07,GOOD,4875.001978,1280.254671
21A,Beans Dry,Tulare Lake,407.3468483,1326.519215,1.43231235,1.919782133,161.8168882,95.98910665,134.9933596,957.6035242,1.68,50,0.085167238,0.504004546,0.071049516,549.5869755,1.339980961,549.5869755,0.17,79.8460651,469.7409104,-4.882352941,0.172577088,0.562373483,0.032747588,0.232301841,1.222194314,0.001461256,238329.6769,407.3469081,782.0172239,-5.98E-05,-2.26E-05,1.47E-07,2.88E-08,GOOD,1326.519215,461.2979102
21A,Berries,Tulare Lake,5.73812563,7027.33636,10.36058171,2.39378705,3293.681493,119.6893525,30337.54741,28199.96017,0.25,50,0.045238346,0.387323291,0.416682812,10856.41414,1.119278377,10856.41414,0.17,79.8460651,10776.56807,-4.882352941,0.174311302,0.104580559,0.373720257,0.347387883,10.13221967,0.697091744,369.6867916,5.738125634,13.73585234,-4.01E-09,-1.51E-06,6.99E-10,1.10E-07,GOOD,7027.33636,10689.59267
21A,Corn,Tulare Lake,29961.586,161.4386617,22.01452234,2.280437339,313.2553801,114.021867,310.929404,1985.508048,0.3,50,0.088141761,0.558669338,0.087487293,830.2803255,1.242698865,830.2803255,0.17,79.8460651,750.4342604,-4.882352941,0.116425873,0.649768804,0.031656403,0.20214892,17.87660128,0.000111254,341077.2165,29961.58636,68325.5121,-0.00036231,0.007354212,1.21E-08,1.08E-07,GOOD,161.4386617,684.2824696
21A,Cotton,Tulare Lake,8558.86984,3710.758752,0.813814056,3.749301711,448.5684623,187.4650856,236.2384677,1344.566888,0.68,50,0.148539114,0.445240339,0.078228087,803.0287273,1.297371859,803.0287273,0.17,79.8460651,723.1826622,-4.882352941,0.01028231,0.976730819,0.001940782,0.011046089,0.381690361,0.00017182,1567084.293,8558.869804,32089.78124,3.58E-05,0.004097394,4.18E-09,1.28E-07,GOOD,3710.758752,287.6306468
21A,Cucurbits,Tulare Lake,522.0101463,654.3961754,16.06524008,2.442132231,492.5857332,122.1066116,6871.292169,2404.357717,0.05,50,0.046854775,0.228702604,0.653597591,622.6894345,1.01234223,622.6894345,0.17,79.8460651,542.8433694,-4.882352941,0.055931315,0.478892632,0.34459694,0.120579113,14.09118967,0.038313432,5.57E-05,522.0101472,1274.817659,-9.42E-07,0.000144098,1.80E-09,1.13E-07,GOOD,654.3961754,446.5955544
21A,Field and Grain,Tulare Lake,9639.954052,289.315121,2.652255461,3.261387025,145.2774368,81.53467562,86.9874648,373.6919673,0.74,25,0.189326621,0.486998112,0.113362702,79.8460651,1.06299158,79.8460651,0.17,79.8460651,0,-4.882352941,0.008379855,0.974472106,0.003237966,0.013910073,1.280365197,0.000140182,268299.8423,9639.954515,31439.61443,-0.000462927,0.006639644,4.80E-08,2.11E-07,GOOD,289.315121,-104.5353924
21A,Grapes,Tulare Lake,6619.239045,1422.002244,11.72196241,4.00891598,2204.421502,200.445799,7245.758441,5033.018762,0.13,50,0.132249498,0.30194507,0.434693599,1985.012347,1.081128822,1985.012347,0.17,79.8460651,1905.166282,-4.882352941,0.021735984,0.9145582,0.037593072,0.026112744,7.100059424,0.001162114,1613.700359,6619.239042,26535.97006,3.36E-06,0.00312415,5.08E-10,1.18E-07,GOOD,1422.002244,1381.887779
21A,Lettuce,Tulare Lake,1687.927871,1008,18.9,2.300762612,1600,149.5495698,12500,929,0.25,65,0.083984211,0.048763332,0.656126648,3872.65043,1.195371133,3872.65043,0.17,79.8460651,3792.804365,-4.882352941,0.197977064,0.316219205,0.452196488,0.033607243,17.51259963,0.00236977,41680.28031,1687.927874,3883.520998,-3.30E-06,0.000339072,1.96E-09,8.73E-08,GOOD,1008,3678.121941
21A,Onions and Garlic,Tulare Lake,1569.637724,2408.610949,10.63434095,1.253629891,4112.522919,62.68149455,7170.237318,10684.66197,0.41,50,0.160557684,0.417141646,0.279934415,3583.886346,1.107315543,3583.886346,0.17,79.8460651,3504.040281,-4.882352941,0.299002342,0.007342148,0.278560777,0.415094733,10.62363202,0.001553877,427649.0393,1569.637731,1967.744552,-6.58E-06,0.000217331,4.19E-09,1.10E-07,GOOD,2408.610949,3567.988445
21A,Orchards,Tulare Lake,335.2914052,2277.681025,7.763328774,3.502172688,2519.675644,175.1086344,6112.909401,6436.827012,0.13,50,0.142496355,0.364024786,0.345706127,2437.865948,1.104683353,2437.865948,0.17,79.8460651,2358.019883,-4.882352941,0.051048113,0.819726473,0.062945007,0.066280407,5.476887004,0.022942156,97.01830367,335.2914052,1174.248267,-1.09E-08,0.000134331,3.26E-11,1.14E-07,GOOD,2277.681025,1999.713906
21A,Pasture,Tulare Lake,1221.281292,242.4206904,4.903405501,4.768194291,225.050083,47.68194291,134.7527641,578.8882988,0.51,10,0.189326621,0.486998112,0.113362702,202.3138581,1.147722722,202.3138581,0.17,79.8460651,122.467793,-4.882352941,0.004319593,0.988467259,0.001362017,0.00585113,1.982375428,0.001605514,30465.28337,1221.281217,5823.302625,7.52E-05,0.003858965,6.16E-08,6.63E-07,GOOD,242.4206904,22.639033
21A,Pistachios,Tulare Lake,17723.08468,5088.640658,1.460333567,3.820163692,1937.377826,191.0081846,386.8138231,1917.69532,0.4,50,0.260711671,0.258063009,0.052053284,2998.21761,1.596530034,2998.21761,0.17,79.8460651,2918.371544,-4.882352941,0.035260819,0.948275335,0.00276347,0.013700375,0.800403283,0.000141059,2825656.472,17723.08467,67705.0765,1.41E-05,0.008106736,7.93E-10,1.20E-07,GOOD,5088.640658,2459.543262
21A,Potatoes,Tulare Lake,4480.131279,697.8686048,20.75531565,1.233512156,1479.227265,61.6756078,1543.541499,8971.834969,0.41,50,0.10212496,0.619410086,0.106565176,2428.203834,1.144195941,2428.203834,0.17,79.8460651,2348.357769,-4.882352941,0.267730538,0.01177374,0.10576084,0.614734883,20.72313242,0.000544409,613401.1851,4480.131317,5526.295799,-3.77E-05,0.000593792,8.42E-09,1.07E-07,GOOD,697.8686048,2413.80183
21A,Safflower,Tulare Lake,1967.448573,574.3765351,1.258,2.392307778,141.3282741,23.92307778,81.61210144,306.5430161,0.74,10,0.195592287,0.424242424,0.112947658,169.1592117,1.243494302,169.1592117,0.17,79.8460651,89.31314664,-4.882352941,0.129889869,0.707728652,0.034141747,0.128239732,0.984596499,0.000686855,86933.66285,1967.44882,4706.740308,-0.000246576,0.002215835,1.25E-07,4.71E-07,GOOD,574.3765351,135.8509245
21A,Subtropical,Tulare Lake,71.58145862,1157.720607,15.10914155,3.608433712,3535.76379,180.4216856,7560.067345,2801.501829,0.13,50,0.202134149,0.160157528,0.432197361,3414.409877,1.183370838,3414.409877,0.17,79.8460651,3334.563812,-4.882352941,0.061932082,0.845737341,0.067366764,0.024963814,10.32528883,0.107462293,29.1739046,71.58145862,258.2969213,3.22E-09,2.71E-05,4.50E-11,1.05E-07,GOOD,1157.720607,2943.79187
21A,Truck,Tulare Lake,2757.498238,1282.087936,19.71342086,1.84535452,1338.105955,92.267726,7420.976145,6020.132457,0.41,50,0.052943262,0.238191489,0.293617021,10402.85678,1.618587754,10402.85678,0.17,79.8460651,10323.01071,-4.882352941,0.43454107,0.067994298,0.274655408,0.222809224,19.44570323,0.000884506,1150229.249,2757.498244,5088.561259,-5.60E-06,0.000578656,2.03E-09,1.14E-07,GOOD,1282.087936,10324.85784
21A,Walnuts,Tulare Lake,43.78235531,1793.152974,1.862011475,3.425917313,854.5630698,171.2958657,299.4355442,912.0012941,0.13,50,0.25594369,0.273146576,0.089681664,1101.57564,1.421304047,1101.57564,0.17,79.8460651,1021.729575,-4.882352941,0.026757538,0.956671517,0.004095905,0.01247504,0.989582614,0.175694241,4.87322278,43.78235532,149.994714,-1.17E-08,1.50E-05,2.67E-10,1.00E-07,GOOD,1793.152974,686.0260341
21A,Tomatoes,Tulare Lake,2377.919626,97.3922824,54.70338716,2.220206136,168.9385059,111.0103068,1803.712469,1201.075867,0.74,50,0.031709536,0.225440365,0.338554465,2042.950582,1.544716696,2042.950582,0.17,79.8460651,1963.104517,-4.882352941,0.207320202,0.511041207,0.169061838,0.112576753,47.45087378,0.000568291,971270.9962,2377.919663,5279.471205,-3.71E-05,0.000539591,1.56E-08,1.02E-07,GOOD,97.3922824,1907.495124
21B,Alfalfa,Tulare Lake,1052.51468,279.620574,8.447932227,4.524530937,665.8443229,45.24530937,356.4707563,440.2816103,1.86,10,0.281872792,0.186385019,0.150905255,854.3736596,1.49201919,854.3736596,0.17,79.8460651,774.5275945,-4.882352941,0.020502345,0.968752293,0.004807525,0.005937836,4.170426326,0.000510809,1647115.654,1052.514559,4762.128914,0.000120849,0.006317092,1.15E-07,1.33E-06,GOOD,279.620574,694.9051669
21B,Almonds,Tulare Lake,13355.41944,4875.001978,1.131453803,4.141037405,1199.972919,207.0518702,516.3560009,1661.846397,0.4,50,0.217550368,0.301286212,0.093613311,1930.61234,1.465229462,1930.61234,0.17,79.8460651,1850.766275,-4.882352941,0.01431943,0.97571738,0.002361834,0.007601356,0.532497484,0.00018719,1337785.241,13355.41933,55305.27728,0.000108497,0.014177386,8.12E-09,2.56E-07,GOOD,4875.001978,1280.254671
21B,Beans Dry,Tulare Lake,408.9427109,1326.519215,1.43231235,1.919782133,161.8168882,95.98910665,134.9933596,957.6035242,1.68,50,0.085167238,0.504004546,0.071049516,549.5869755,1.339980961,549.5869755,0.17,79.8460651,469.7409104,-4.882352941,0.172577088,0.562373483,0.032747588,0.232301841,1.222194314,0.001455554,239263.381,408.9428134,785.0809155,-0.000102477,-5.71E-06,2.51E-07,7.28E-09,GOOD,1326.519215,461.2979102
21B,Berries,Tulare Lake,707.3685603,7027.33636,10.36058171,2.39378705,3293.681493,119.6893525,30337.54741,28199.96017,0.25,50,0.045238346,0.387323291,0.416682812,10856.41414,1.119278377,10856.41414,0.17,79.8460651,10776.56807,-4.882352941,0.174311302,0.104580559,0.373720257,0.347387883,10.13221967,0.005654761,45573.2116,707.3685611,1693.289302,-7.65E-07,0.000397274,1.08E-09,2.35E-07,GOOD,7027.33636,10689.59267
21B,Corn,Tulare Lake,1294.890252,161.4386617,22.01452234,2.280437339,313.2553801,114.021867,310.929404,1985.508048,0.3,50,0.088141761,0.558669338,0.087487293,830.2803255,1.242698865,830.2803255,0.17,79.8460651,750.4342604,-4.882352941,0.116425873,0.649768804,0.031656403,0.20214892,17.87660128,0.002574221,14740.79385,1294.890277,2952.915415,-2.51E-05,0.000665376,1.94E-08,2.25E-07,GOOD,161.4386617,684.2824696
21B,Cotton,Tulare Lake,109.0138414,3710.758752,0.813814056,3.749301711,448.5684623,187.4650856,236.2384677,1344.566888,0.68,50,0.148539114,0.445240339,0.078228087,803.0287273,1.297371859,803.0287273,0.17,79.8460651,723.1826622,-4.882352941,0.01028231,0.976730819,0.001940782,0.011046089,0.381690361,0.013489922,19959.86407,109.0138392,408.7256765,2.18E-06,0.00010562,2.00E-08,2.58E-07,GOOD,3710.758752,287.6306468
21B,Cucurbits,Tulare Lake,485.0838606,654.3961754,16.06524008,2.442132231,492.5857332,122.1066116,6871.292169,2404.357717,0.05,50,0.046854775,0.228702604,0.653597591,622.6894345,1.01234223,622.6894345,0.17,79.8460651,542.8433694,-4.882352941,0.055931315,0.478892632,0.34459694,0.120579113,14.09118967,0.041229984,5.18E-05,485.0838619,1184.638654,-1.35E-06,0.000276837,2.78E-09,2.34E-07,GOOD,654.3961754,446.5955544
21B,Field and Grain,Tulare Lake,5421.038972,289.315121,2.652255461,3.261387025,145.2774368,81.53467562,86.9874648,373.6919673,0.74,25,0.189326621,0.486998112,0.113362702,79.8460651,1.06299158,79.8460651,0.17,79.8460651,0,-4.882352941,0.008379855,0.974472106,0.003237966,0.013910073,1.280365197,0.000249279,150878.7172,5421.038969,17680.09671,3.30E-06,0.009453306,6.08E-10,5.35E-07,GOOD,289.315121,-104.5353924
21B,Grapes,Tulare Lake,30130.53392,1422.002244,11.72196241,4.00891598,2204.421502,200.445799,7245.758441,5033.018762,0.13,50,0.132249498,0.30194507,0.434693599,1985.012347,1.081128822,1985.012347,0.17,79.8460651,1905.166282,-4.882352941,0.021735984,0.9145582,0.037593072,0.026112744,7.100059424,0.000255299,7345.504984,30130.53387,120790.7495,5.02E-05,0.029417692,1.67E-09,2.44E-07,GOOD,1422.002244,1381.887779
21B,Lettuce,Tulare Lake,4717.879411,1008,18.9,2.300762612,1600,149.5495698,12500,929,0.25,65,0.083984211,0.048763332,0.656126648,3872.65043,1.195371133,3872.65043,0.17,79.8460651,3792.804365,-4.882352941,0.197977064,0.316219205,0.452196488,0.033607243,17.51259963,0.000847839,116499.3716,4717.879426,10854.71858,-1.47E-05,0.001972763,3.13E-09,1.82E-07,GOOD,1008,3678.121941
21B,Onions and Garlic,Tulare Lake,2631.366063,2408.610949,10.63434095,1.253629891,4112.522919,62.68149455,7170.237318,10684.66197,0.41,50,0.160557684,0.417141646,0.279934415,3583.886346,1.107315543,3583.886346,0.17,79.8460651,3504.040281,-4.882352941,0.299002342,0.007342148,0.278560777,0.415094733,10.62363202,0.000926904,716917.7649,2631.366083,3298.758392,-2.00E-05,0.000759064,7.59E-09,2.30E-07,GOOD,2408.610949,3567.988445
21B,Orchards,Tulare Lake,3160.665613,2277.681025,7.763328774,3.502172688,2519.675644,175.1086344,6112.909401,6436.827012,0.13,50,0.142496355,0.364024786,0.345706127,2437.865948,1.104683353,2437.865948,0.17,79.8460651,2358.019883,-4.882352941,0.051048113,0.819726473,0.062945007,0.066280407,5.476887004,0.002433762,914.5549558,3160.665612,11069.19411,1.44E-06,0.002670905,4.54E-10,2.41E-07,GOOD,2277.681025,1999.713906
21B,Pasture,Tulare Lake,41.05568954,242.4206904,4.903405501,4.768194291,225.050083,47.68194291,134.7527641,578.8882988,0.51,10,0.189326621,0.486998112,0.113362702,202.3138581,1.147722722,202.3138581,0.17,79.8460651,122.467793,-4.882352941,0.004319593,0.988467259,0.001362017,0.00585113,1.982375428,0.047759137,1024.148347,41.05568316,195.761263,6.38E-06,0.00024143,1.55E-07,1.23E-06,GOOD,242.4206904,22.639033
21B,Pistachios,Tulare Lake,3186.846401,5088.640658,1.460333567,3.820163692,1937.377826,191.0081846,386.8138231,1917.69532,0.4,50,0.260711671,0.258063009,0.052053284,2998.21761,1.596530034,2998.21761,0.17,79.8460651,2918.371544,-4.882352941,0.035260819,0.948275335,0.00276347,0.013700375,0.800403283,0.000784475,508090.6243,3186.846391,12174.27189,1.03E-05,0.003019728,3.25E-09,2.48E-07,GOOD,5088.640658,2459.543262
21B,Potatoes,Tulare Lake,11181.6718,697.8686048,20.75531565,1.233512156,1479.227265,61.6756078,1543.541499,8971.834969,0.41,50,0.10212496,0.619410086,0.106565176,2428.203834,1.144195941,2428.203834,0.17,79.8460651,2348.357769,-4.882352941,0.267730538,0.01177374,0.10576084,0.614734883,20.72313242,0.000218127,1530948.605,11181.67197,13792.725,-0.000170607,0.003094079,1.53E-08,2.24E-07,GOOD,697.8686048,2413.80183
21B,Safflower,Tulare Lake,27.32702835,574.3765351,1.258,2.392307778,141.3282741,23.92307778,81.61210144,306.5430161,0.74,10,0.195592287,0.424242424,0.112947658,169.1592117,1.243494302,169.1592117,0.17,79.8460651,89.31314664,-4.882352941,0.129889869,0.707728652,0.034141747,0.128239732,0.984596499,0.04945109,1207.4718,27.32703371,65.37462698,-5.36E-06,3.55E-05,1.96E-07,5.43E-07,GOOD,574.3765351,135.8509245
21B,Subtropical,Tulare Lake,14933.59468,1157.720607,15.10914155,3.608433712,3535.76379,180.4216856,7560.067345,2801.501829,0.13,50,0.202134149,0.160157528,0.432197361,3414.409877,1.183370838,3414.409877,0.17,79.8460651,3334.563812,-4.882352941,0.061932082,0.845737341,0.067366764,0.024963814,10.32528883,0.000515101,6086.370339,14933.59467,53886.87345,6.93E-06,0.013032916,4.64E-10,2.42E-07,GOOD,1157.720607,2943.79187
21B,Truck,Tulare Lake,11346.4767,1282.087936,19.71342086,1.84535452,1338.105955,92.267726,7420.976145,6020.132457,0.41,50,0.052943262,0.238191489,0.293617021,10402.85678,1.618587754,10402.85678,0.17,79.8460651,10323.01071,-4.882352941,0.43454107,0.067994298,0.274655408,0.222809224,19.44570323,0.000214959,4732931.173,11346.47674,20938.26712,-3.97E-05,0.004943497,3.50E-09,2.36E-07,GOOD,1282.087936,10324.85784
21B,Tomatoes,Tulare Lake,1183.07249,97.3922824,54.70338716,2.220206136,168.9385059,111.0103068,1803.712469,1201.075867,0.74,50,0.031709536,0.225440365,0.338554465,2042.950582,1.544716696,2042.950582,0.17,79.8460651,1963.104517,-4.882352941,0.207320202,0.511041207,0.169061838,0.112576753,47.45087378,0.001142239,483230.7969,1183.07252,2626.664233,-3.00E-05,0.000568147,2.54E-08,2.16E-07,GOOD,97.3922824,1907.495124
21C,Alfalfa,Tulare Lake,2321.888424,279.620574,8.447932227,4.524530937,665.8443229,45.24530937,356.4707563,440.2816103,1.86,10,0.281872792,0.186385019,0.150905255,854.3736596,1.49201919,854.3736596,0.17,79.8460651,774.5275945,-4.882352941,0.020502345,0.968752293,0.004807525,0.005937836,4.170426326,0.00023155,3633601.357,2321.888225,10505.44077,0.000198904,0.015241144,8.57E-08,1.45E-06,GOOD,279.620574,694.9051669
21C,Almonds,Tulare Lake,10968.43863,4875.001978,1.131453803,4.141037405,1199.972919,207.0518702,516.3560009,1661.846397,0.4,50,0.217550368,0.301286212,0.093613311,1930.61234,1.465229462,1930.61234,0.17,79.8460651,1850.766275,-4.882352941,0.01431943,0.97571738,0.002361834,0.007601356,0.532497484,0.000227927,1098686.221,10968.43858,45420.70177,5.19E-05,0.012874329,4.73E-09,2.83E-07,GOOD,4875.001978,1280.254671
21C,Berries,Tulare Lake,249.6857048,7027.33636,10.36058171,2.39378705,3293.681493,119.6893525,30337.54741,28199.96017,0.25,50,0.045238346,0.387323291,0.416682812,10856.41414,1.119278377,10856.41414,0.17,79.8460651,10776.56807,-4.882352941,0.174311302,0.104580559,0.373720257,0.347387883,10.13221967,0.01602014,16086.35172,249.6857053,597.6942534,-4.52E-07,0.000153308,1.81E-09,2.56E-07,GOOD,7027.33636,10689.59267
21C,Corn,Tulare Lake,153.640081,161.4386617,22.01452234,2.280437339,313.2553801,114.021867,310.929404,1985.508048,0.3,50,0.088141761,0.558669338,0.087487293,830.2803255,1.242698865,830.2803255,0.17,79.8460651,750.4342604,-4.882352941,0.116425873,0.649768804,0.031656403,0.20214892,17.87660128,0.021695728,1749.010589,153.6400858,350.3664978,-4.80E-06,7.97E-05,3.13E-08,2.28E-07,GOOD,161.4386617,684.2824696
21C,Cucurbits,Tulare Lake,548.8050152,654.3961754,16.06524008,2.442132231,492.5857332,122.1066116,6871.292169,2404.357717,0.05,50,0.046854775,0.228702604,0.653597591,622.6894345,1.01234223,622.6894345,0.17,79.8460651,542.8433694,-4.882352941,0.055931315,0.478892632,0.34459694,0.120579113,14.09118967,0.036442816,5.86E-05,548.8050178,1340.254065,-2.60E-06,0.000351242,4.73E-09,2.62E-07,GOOD,654.3961754,446.5955544
21C,Field and Grain,Tulare Lake,1449.035877,289.315121,2.652255461,3.261387025,145.2774368,81.53467562,86.9874648,373.6919673,0.74,25,0.189326621,0.486998112,0.113362702,79.8460651,1.06299158,79.8460651,0.17,79.8460651,0,-4.882352941,0.008379855,0.974472106,0.003237966,0.013910073,1.280365197,0.000932587,40329.6629,1449.036123,4725.864787,-0.000246334,0.002020927,1.70E-07,4.28E-07,GOOD,289.315121,-104.5353924
21C,Grapes,Tulare Lake,14173.70436,1422.002244,11.72196241,4.00891598,2204.421502,200.445799,7245.758441,5033.018762,0.13,50,0.132249498,0.30194507,0.434693599,1985.012347,1.081128822,1985.012347,0.17,79.8460651,1905.166282,-4.882352941,0.021735984,0.9145582,0.037593072,0.026112744,7.100059424,0.000542717,3455.398975,14173.70435,56821.17443,1.15E-05,0.015475766,8.11E-10,2.72E-07,GOOD,1422.002244,1381.887779
21C,Lettuce,Tulare Lake,720.43151,1008,18.9,2.300762612,1600,149.5495698,12500,929,0.25,65,0.083984211,0.048763332,0.656126648,3872.65043,1.195371133,3872.65043,0.17,79.8460651,3792.804365,-4.882352941,0.197977064,0.316219205,0.452196488,0.033607243,17.51259963,0.005552228,17789.73367,720.4315136,1657.541551,-3.65E-06,0.000331657,5.06E-09,2.00E-07,GOOD,1008,3678.121941
21C,Onions and Garlic,Tulare Lake,1650.749423,2408.610949,10.63434095,1.253629891,4112.522919,62.68149455,7170.237318,10684.66197,0.41,50,0.160557684,0.417141646,0.279934415,3583.886346,1.107315543,3583.886346,0.17,79.8460651,3504.040281,-4.882352941,0.299002342,0.007342148,0.278560777,0.415094733,10.62363202,0.001477526,449747.9858,1650.74944,2069.42829,-1.70E-05,0.000529114,1.03E-08,2.56E-07,GOOD,2408.610949,3567.988445
21C,Orchards,Tulare Lake,2513.259579,2277.681025,7.763328774,3.502172688,2519.675644,175.1086344,6112.909401,6436.827012,0.13,50,0.142496355,0.364024786,0.345706127,2437.865948,1.104683353,2437.865948,0.17,79.8460651,2358.019883,-4.882352941,0.051048113,0.819726473,0.062945007,0.066280407,5.476887004,0.00306069,727.2246686,2513.25958,8801.866679,-9.62E-07,0.002376276,3.83E-10,2.70E-07,GOOD,2277.681025,1999.713906
21C,Pasture,Tulare Lake,5.86048671,242.4206904,4.903405501,4.768194291,225.050083,47.68194291,134.7527641,578.8882988,0.51,10,0.189326621,0.486998112,0.113362702,202.3138581,1.147722722,202.3138581,0.17,79.8460651,122.467793,-4.882352941,0.004319593,0.988467259,0.001362017,0.00585113,1.982375428,0.334577043,146.1918638,5.860485979,27.94392944,7.31E-07,9.84E-06,1.25E-07,3.52E-07,GOOD,242.4206904,22.639033
21C,Pistachios,Tulare Lake,3348.621351,5088.640658,1.460333567,3.820163692,1937.377826,191.0081846,386.8138231,1917.69532,0.4,50,0.260711671,0.258063009,0.052053284,2998.21761,1.596530034,2998.21761,0.17,79.8460651,2918.371544,-4.882352941,0.035260819,0.948275335,0.00276347,0.013700375,0.800403283,0.000746576,533882.9987,3348.621348,12792.27817,2.96E-06,0.003528807,8.84E-10,2.76E-07,GOOD,5088.640658,2459.543262
21C,Potatoes,Tulare Lake,878.4384907,697.8686048,20.75531565,1.233512156,1479.227265,61.6756078,1543.541499,8971.834969,0.41,50,0.10212496,0.619410086,0.106565176,2428.203834,1.144195941,2428.203834,0.17,79.8460651,2348.357769,-4.882352941,0.267730538,0.01177374,0.10576084,0.614734883,20.72313242,0.002776545,120272.1924,878.4385089,1083.564293,-1.82E-05,0.000263304,2.07E-08,2.43E-07,GOOD,697.8686048,2413.80183
21C,Subtropical,Tulare Lake,22886.23105,1157.720607,15.10914155,3.608433712,3535.76379,180.4216856,7560.067345,2801.501829,0.13,50,0.202134149,0.160157528,0.432197361,3414.409877,1.183370838,3414.409877,0.17,79.8460651,3334.563812,-4.882352941,0.061932082,0.845737341,0.067366764,0.024963814,10.32528883,0.000336111,9327.565186,22886.23105,82583.42528,-2.59E-06,0.022380146,1.13E-10,2.71E-07,GOOD,1157.720607,2943.79187
21C,Truck,Tulare Lake,2361.541788,1282.087936,19.71342086,1.84535452,1338.105955,92.267726,7420.976145,6020.132457,0.41,50,0.052943262,0.238191489,0.293617021,10402.85678,1.618587754,10402.85678,0.17,79.8460651,10323.01071,-4.882352941,0.43454107,0.067994298,0.274655408,0.222809224,19.44570323,0.00103281,985064.795,2361.5418,4357.880667,-1.21E-05,0.001145367,5.10E-09,2.63E-07,GOOD,1282.087936,10324.85784
21C,Tomatoes,Tulare Lake,1427.251375,97.3922824,54.70338716,2.220206136,168.9385059,111.0103068,1803.712469,1201.075867,0.74,50,0.031709536,0.225440365,0.338554465,2042.950582,1.544716696,2042.950582,0.17,79.8460651,1963.104517,-4.882352941,0.207320202,0.511041207,0.169061838,0.112576753,47.45087378,0.000946821,582966.6611,1427.251432,3168.791525,-5.72E-05,0.000735064,4.01E-08,2.32E-07,GOOD,97.3922824,1907.495124
3A,Alfalfa,Sacramento River,4077.921662,280.6469987,5.962401488,3.537610105,471.6662224,35.37610105,252.5143029,311.8836593,1.86,10,0.281872792,0.186385019,0.150905255,601.889797,1.487388256,601.889797,0.17,62.62442621,539.2653708,-4.882352941,0.057933256,0.911609636,0.013626653,0.016830455,3.643555099,0.00013184,4479008.999,4078.000937,14426.29638,-0.079275467,-0.199505165,1.94E-05,1.38E-05,GOOD,280.6469987,512.1190455
3A,Almonds,Sacramento River,32454.41606,4683.240486,0.738721068,3.971676207,752.6390797,198.5838104,323.8653982,1042.332314,0.4,50,0.217550367,0.301286212,0.093613311,1142.187811,1.421781248,1142.187811,0.17,62.62442621,1079.563385,-4.882352941,0.011138281,0.980830857,0.001903764,0.006127098,0.332646308,7.70E-05,1952410.115,32454.48993,128898.5752,-0.073869499,-0.143126712,2.28E-06,1.11E-06,GOOD,4683.240486,552.061027
3A,Beans Dry,Sacramento River,278.1058735,1370.755748,1.280845402,2.293810917,149.5303492,114.6905459,124.7434966,884.8939851,1.68,50,0.085167237,0.504004546,0.071049516,481.8678203,1.312642142,481.8678203,0.17,62.62442621,419.2433941,-4.882352941,0.076566469,0.800999889,0.015127014,0.107306627,0.933034072,0.002140329,146538.0345,278.1148831,637.9422117,-0.009009556,-0.019922948,3.24E-05,3.12E-05,GOOD,1370.755748,333.47994
3A,Corn,Sacramento River,4392.81599,229.087221,6.113531918,2.826875063,123.4453601,141.3437532,122.5287567,782.4343077,0.3,50,0.088141761,0.558669339,0.087487293,230.7798599,1.140275745,230.7798599,0.17,62.62442621,168.1554337,-4.882352941,0.014859243,0.947178848,0.005139907,0.032822003,3.421068354,0.000758815,13708.96587,4392.864779,12418.06473,-0.048788649,-0.122749085,1.11E-05,9.88E-06,GOOD,229.087221,-27.437518
3A,Cotton,Sacramento River,280.7883201,1698.847366,0.768,2.633766816,193.801177,131.6883408,102.0653411,580.9116495,0.68,50,0.148539114,0.445240339,0.078228087,296.2482687,1.232153464,296.2482687,0.17,62.62442621,233.6238425,-4.882352941,0.030504037,0.926982792,0.006353247,0.036159924,0.459232949,0.005237355,18753.37922,280.7931705,739.5428377,-0.004850402,-0.011877941,1.73E-05,1.61E-05,GOOD,1698.847366,81.10022743
3A,Cucurbits,Sacramento River,1940.016527,202.6283347,12.01,1.97136542,111.9924863,96.81195395,1562.231795,546.6459553,0.05,50,0.046854775,0.228702604,0.653597591,73.83780655,0.98218172,115.8841095,0.17,62.62442621,53.2596833,-4.882352941,0.045157284,0.536935863,0.309580474,0.108326379,10.34510807,0.010309191,3.30E-05,1938.986646,3821.958298,1.02988075,2.523197669,0.000530862,0.000659749,GOOD,202.6283347,21.8443252
3A,Field and Grain,Sacramento River,4775.065228,209.6613847,3.03361867,2.845649619,120.4179202,71.14124048,72.10238442,309.7467197,0.74,25,0.189326621,0.486998112,0.113362702,62.62442621,1.056394644,62.62442621,0.17,62.62442621,0,-4.882352941,0.01487795,0.954084795,0.005860587,0.025176667,1.653693583,0.000283002,110158.4243,4775.381826,13589.02986,-0.316597568,-0.867314263,6.63E-05,6.38E-05,GOOD,209.6613847,-68.67737717
3A,Grapes,Sacramento River,117.1201881,1768.088912,10.32652959,2.661751325,5707.511085,133.0875663,6066.297444,4560.422484,0.13,50,0.312599493,0.249773629,0.332250166,1790.903888,1.055957181,1790.903888,0.17,62.62442621,1728.279462,-4.882352941,0.220720588,0.466475188,0.178565303,0.134238921,9.09329252,0.065678751,51.66250706,117.1202103,311.7445362,-2.22E-05,0.000279614,1.90E-07,8.97E-07,GOOD,1768.088912,1569.745449
3A,Orchards,Sacramento River,1025.92428,2309.334094,2.07088168,3.327741402,681.468536,166.3870701,1653.290347,1740.896727,0.13,50,0.142496355,0.364024786,0.345706127,540.3149882,1.073687064,540.3149882,0.17,62.62442621,477.690562,-4.882352941,0.019222595,0.927375898,0.026011588,0.027389919,1.219081087,0.007497929,70.5464111,1025.925503,3414.010893,-0.001223499,-0.000191286,1.19E-06,5.60E-08,GOOD,2309.334094,153.0089163
3A,Pasture,Sacramento River,5642.199965,231.3889922,5,3.965593094,219.0404801,39.65593094,131.1544068,563.4300116,0.51,10,0.189326621,0.486998112,0.113362702,203.6641316,1.155852829,203.6641316,0.17,62.62442621,141.0397054,-4.882352941,0.012363677,0.96732044,0.003836132,0.016479751,2.499007503,0.000347521,145834.4291,5642.283295,22374.87241,-0.083329971,-0.203190229,1.48E-05,9.08E-06,GOOD,231.3889922,86.06077663
3A,Pistachios,Sacramento River,1431.220658,4908.224613,1.249825398,3.663925668,1599.315875,183.1962834,319.3169032,1583.067859,0.4,50,0.260711671,0.258063009,0.052053284,2449.52686,1.585474028,2449.52686,0.17,62.62442621,2386.902434,-4.882352941,0.036882585,0.945787804,0.00290879,0.014420821,0.692253099,0.001746761,187323.1543,1431.22217,5243.885711,-0.001511592,0.000394786,1.06E-06,7.53E-08,GOOD,4908.224613,1961.505578
3A,Rice,Sacramento River,139101.8114,774.5349774,3.911625416,4.534377778,378.0637021,226.7188889,216.5505211,1737.988565,0.2,50,0.124786237,0.573652143,0.071476115,470.3690261,1.127415808,470.3690261,0.17,62.62442621,407.7445999,-4.882352941,0.002314436,0.992353786,0.000590727,0.004741051,1.464755015,3.59E-05,147301.4373,139102.1741,630741.0578,-0.362666083,-0.895320534,2.61E-06,1.42E-06,GOOD,774.5349774,-330.9411767
3A,Safflower,Sacramento River,71.98743529,566.272674,1.034446009,2.357007476,114.5737579,23.57007476,66.16231052,248.5120939,0.74,10,0.195592287,0.424242424,0.112947658,132.9602705,1.232026997,132.9602705,0.17,62.62442621,70.33584434,-4.882352941,0.117186722,0.733841187,0.031322337,0.117649754,0.795460769,0.018772045,2550.136635,71.9905891,169.6814183,-0.003153812,-0.006495103,4.38E-05,3.83E-05,GOOD,566.272674,100.9755029
3A,Subtropical,Sacramento River,926.4934334,1426.122657,2.926176068,2.972946835,843.5231851,148.6473418,1803.596752,668.3511361,0.13,50,0.202134149,0.160157528,0.432197361,708.967574,1.14729554,708.967574,0.17,62.62442621,646.3431478,-4.882352941,0.04513977,0.882986591,0.052440855,0.019432784,1.899693199,0.008302604,81.88535201,926.4943023,2754.415172,-0.00086893,0.000548685,9.38E-07,1.99E-07,GOOD,1426.122657,415.6942716
3A,Sunflowers,Sacramento River,1497.420933,3637.05749,0.601701512,2.873453662,453.0267168,143.6726831,387.8950797,849.6060148,0.74,50,0.207010582,0.388227513,0.177248677,354.2224966,1.136305643,354.2224966,0.17,62.62442621,291.5980704,-4.882352941,0.030006254,0.923994603,0.014418445,0.031580698,0.359912384,0.000902453,213613.4891,1497.436976,4302.810708,-0.016042805,-0.041044617,1.07E-05,9.54E-06,GOOD,3637.05749,85.05838228
3A,Truck,Sacramento River,298.3816225,742.5153484,22.835,2.662234731,945.7732119,133.1117366,5245.145436,4255.029217,0.41,50,0.055780263,0.25095514,0.309350686,6376.278379,1.526406084,6376.278379,0.17,62.62442621,6313.653953,-4.882352941,0.224008708,0.485345724,0.160468447,0.130177121,19.96250047,0.008174178,77482.46812,298.3818053,794.3615318,-0.000182827,0.000386728,6.13E-07,4.87E-07,GOOD,742.5153484,6155.015428
3A,Walnuts,Sacramento River,15703.83532,1941.701849,1.718936287,4.942462794,854.2534686,247.1231397,299.3270611,911.6708835,0.13,50,0.25594369,0.273146576,0.089681664,1025.287214,1.374658568,1025.287214,0.17,62.62442621,962.6627877,-4.882352941,0.003096313,0.994908716,0.000493105,0.001501866,0.59212916,0.000489836,1692.611204,15703.84668,77615.58585,-0.011361841,0.035945436,7.24E-07,4.63E-07,GOOD,1941.701849,51.01343008
3A,Tomatoes,Sacramento River,1963.423885,98.36808723,45.12697659,2.666779844,378.0837203,133.3389922,916.1768531,2411.986977,0.74,50,0.085172131,0.543356034,0.206390095,599.467827,1.101074499,599.467827,0.17,62.62442621,536.8434008,-4.882352941,0.048084345,0.788208095,0.045065413,0.118642147,33.0432184,0.000688263,344150.0652,1963.441111,5236.059254,-0.017226003,-0.040012612,8.77E-06,7.64E-06,GOOD,98.36808723,377.2210824
3B,Alfalfa,Sacramento River,4433.001501,280.6469987,5.962401488,3.537610105,471.6662224,35.37610105,252.5143029,311.8836593,1.86,10,0.281872792,0.186385019,0.150905255,601.889797,1.487388256,601.889797,0.17,62.62442621,539.2653708,-4.882352941,0.057933256,0.911609636,0.013626653,0.016830455,3.643555099,0.00012128,4869013.008,4433.062807,15682.37562,-0.061306133,-0.144712419,1.38E-05,9.23E-06,GOOD,280.6469987,512.1190455
3B,Almonds,Sacramento River,94297.53939,4683.240486,0.738721068,3.971676207,752.6390797,198.5838104,323.8653982,1042.332314,0.4,50,0.217550367,0.301286212,0.093613311,1142.187811,1.421781248,1142.187811,0.17,62.62442621,1079.563385,-4.882352941,0.011138281,0.980830857,0.001903764,0.006127098,0.332646308,2.65E-05,5672801.797,94297.69176,374519.5406,-0.152371136,-0.247072117,1.62E-06,6.60E-07,GOOD,4683.240486,552.061027
3B,Beans Dry,Sacramento River,598.2069923,1370.755748,1.280845402,2.293810917,149.5303492,114.6905459,124.7434966,884.8939851,1.68,50,0.085167237,0.504004546,0.071049516,481.8678203,1.312642142,481.8678203,0.17,62.62442621,419.2433941,-4.882352941,0.076566469,0.800999889,0.015127014,0.107306627,0.933034072,0.000995037,315203.9754,598.220856,1372.204214,-0.013863701,-0.030484255,2.32E-05,2.22E-05,GOOD,1370.755748,333.47994
3B,Berries,Sacramento River,2.38744199,5808.7562,4.15,3.453441036,1090.53087,172.6720518,10044.6968,9336.946257,0.25,50,0.045238346,0.387323291,0.416682812,3461.492251,1.112065325,3461.492251,0.17,62.62442621,3398.867825,-4.882352941,0.046810867,0.75387742,0.103294943,0.096016769,3.118772009,1.675433379,49.07757382,2.387442992,8.244892442,-1.00E-06,-2.30E-06,4.20E-07,2.79E-07,GOOD,5808.7562,3037.851554
3B,Corn,Sacramento River,3386.572567,229.087221,6.113531918,2.826875063,123.4453601,141.3437532,122.5287567,782.4343077,0.3,50,0.088141761,0.558669339,0.087487293,230.7798599,1.140275745,230.7798599,0.17,62.62442621,168.1554337,-4.882352941,0.014859243,0.947178848,0.005139907,0.032822003,3.421068354,0.000984279,10568.71215,3386.599411,9573.483835,-0.026844491,-0.066296056,7.93E-06,6.93E-06,GOOD,229.087221,-27.437518
3B,Cotton,Sacramento River,1682.380172,1698.847366,0.768,2.633766816,193.801177,131.6883408,102.0653411,580.9116495,0.68,50,0.148539114,0.445240339,0.078228087,296.2482687,1.232153464,296.2482687,0.17,62.62442621,233.6238425,-4.882352941,0.030504037,0.926982792,0.006353247,0.036159924,0.459232949,0.000874112,112363.3395,1682.400931,4431.047309,-0.020759315,-0.050240219,1.23E-05,1.13E-05,GOOD,1698.847366,81.10022743
3B,Cucurbits,Sacramento River,2573.835796,202.6283347,12.01,1.97136542,111.9924863,96.81195395,1562.231795,546.6459553,0.05,50,0.046854775,0.228702604,0.653597591,73.83780655,0.98218172,115.8841095,0.17,62.62442621,53.2596833,-4.882352941,0.045157284,0.536935863,0.309580474,0.108326379,10.34510807,0.007770503,4.38E-05,2572.466973,5070.619507,1.368823057,3.351377642,0.000531822,0.000660504,GOOD,202.6283347,21.8443252
3B,Field and Grain,Sacramento River,18184.28517,209.6613847,3.03361867,2.845649619,120.4179202,71.14124048,72.10238442,309.7467197,0.74,25,0.189326621,0.486998112,0.113362702,62.62442621,1.056394644,62.62442621,0.17,62.62442621,0,-4.882352941,0.01487795,0.954084795,0.005860587,0.025176667,1.653693583,7.43E-05,419502.5839,18185.14559,51748.44761,-0.860419552,-2.343439467,4.73E-05,4.53E-05,GOOD,209.6613847,-68.67737717
3B,Grapes,Sacramento River,6611.505489,1768.088912,10.32652959,2.661751325,5707.511085,133.0875663,6066.297444,4560.422484,0.13,50,0.312599493,0.249773629,0.332250166,1790.903888,1.055957181,1790.903888,0.17,62.62442621,1728.279462,-4.882352941,0.220720588,0.466475188,0.178565303,0.134238921,9.09329252,0.001163473,2916.379785,6611.506385,17598.16991,-0.000895663,0.013587024,1.35E-07,7.72E-07,GOOD,1768.088912,1569.745449
3B,Lettuce,Sacramento River,14.04784201,1008,18.9,3.319237614,1600,215.7504449,12500,929,0.25,65,0.083984211,0.048763332,0.656126648,3806.449555,1.190180191,3806.449555,0.17,62.62442621,3743.825129,-4.882352941,0.057321691,0.800297809,0.13253081,0.00984969,13.62008532,0.284741243,343.7351407,14.04784699,46.62811431,-4.98E-06,1.13E-05,3.54E-07,2.42E-07,GOOD,1008,3306.073008
3B,Onions and Garlic,Sacramento River,120.3364612,237.8260314,20.6576823,2.113494575,788.809401,105.6747287,1375.299473,2049.389626,0.41,50,0.160557684,0.417141646,0.279934415,593.7613706,1.083305782,593.7613706,0.17,62.62442621,531.1369444,-4.882352941,0.155554362,0.459130585,0.154736262,0.230578791,18.29565508,0.020268374,5681.755441,120.3367563,254.3308537,-0.000295069,-0.000395786,2.45E-06,1.56E-06,GOOD,237.8260314,476.0931334
3B,Orchards,Sacramento River,877.4776763,2309.334094,2.07088168,3.327741402,681.468536,166.3870701,1653.290347,1740.896727,0.13,50,0.142496355,0.364024786,0.345706127,540.3149882,1.073687064,540.3149882,0.17,62.62442621,477.690562,-4.882352941,0.019222595,0.927375898,0.026011588,0.027389919,1.219081087,0.008766386,60.33866445,877.4784215,2920.018552,-0.000745168,0.000240389,8.49E-07,8.23E-08,GOOD,2309.334094,153.0089163
3B,Pasture,Sacramento River,4152.018194,231.3889922,5,3.965593094,219.0404801,39.65593094,131.1544068,563.4300116,0.51,10,0.189326621,0.486998112,0.113362702,203.6641316,1.155852829,203.6641316,0.17,62.62442621,141.0397054,-4.882352941,0.012363677,0.96732044,0.003836132,0.016479751,2.499007503,0.000472248,107317.5724,4152.061729,16465.31052,-0.043534865,-0.095841796,1.05E-05,5.82E-06,GOOD,231.3889922,86.06077663
3B,Pistachios,Sacramento River,4359.882715,4908.224613,1.249825398,3.663925668,1599.315875,183.1962834,319.3169032,1583.067859,0.4,50,0.260711671,0.258063009,0.052053284,2449.52686,1.585474028,2449.52686,0.17,62.62442621,2386.902434,-4.882352941,0.036882585,0.945787804,0.00290879,0.014420821,0.692253099,0.00057341,570636.6646,4359.885989,15974.28335,-0.003273789,0.002839139,7.51E-07,1.78E-07,GOOD,4908.224613,1961.505578
3B,Rice,Sacramento River,6583.353929,774.5349774,3.911625416,4.534377778,378.0637021,226.7188889,216.5505211,1737.988565,0.2,50,0.124786237,0.573652143,0.071476115,470.3690261,1.127415808,470.3690261,0.17,62.62442621,407.7445999,-4.882352941,0.002314436,0.992353786,0.000590727,0.004741051,1.464755015,0.000759491,6971.422485,6583.366081,29851.43979,-0.0121516,-0.026025969,1.85E-06,8.72E-07,GOOD,774.5349774,-330.9411767
3B,Safflower,Sacramento River,772.1394843,566.272674,1.034446009,2.357007476,114.5737579,23.57007476,66.16231052,248.5120939,0.74,10,0.195592287,0.424242424,0.112947658,132.9602705,1.232026997,132.9602705,0.17,62.62442621,70.33584434,-4.882352941,0.117186722,0.733841187,0.031322337,0.117649754,0.795460769,0.001750139,27352.84537,772.1636774,1819.987048,-0.0241931,-0.048510792,3.13E-05,2.67E-05,GOOD,566.272674,100.9755029
3B,Subtropical,Sacramento River,7526.321481,1426.122657,2.926176068,2.972946835,843.5231851,148.6473418,1803.596752,668.3511361,0.13,50,0.202134149,0.160157528,0.432197361,708.967574,1.14729554,708.967574,0.17,62.62442621,646.3431478,-4.882352941,0.04513977,0.882986591,0.052440855,0.019432784,1.899693199,0.001022054,665.1914214,7526.326516,22375.34769,-0.005034514,0.005937527,6.69E-07,2.65E-07,GOOD,1426.122657,415.6942716
3B,Sunflowers,Sacramento River,8323.694569,3637.05749,0.601701512,2.873453662,453.0267168,143.6726831,387.8950797,849.6060148,0.74,50,0.207010582,0.388227513,0.177248677,354.2224966,1.136305643,354.2224966,0.17,62.62442621,291.5980704,-4.882352941,0.030006254,0.923994603,0.014418445,0.031580698,0.359912384,0.00016235,1187410.567,8323.758202,23917.91042,-0.06363258,-0.159780526,7.64E-06,6.68E-06,GOOD,3637.05749,85.05838228
3B,Truck,Sacramento River,1136.469529,742.5153484,22.835,2.662234731,945.7732119,133.1117366,5245.145436,4255.029217,0.41,50,0.055780263,0.25095514,0.309350686,6376.278379,1.526406084,6376.278379,0.17,62.62442621,6313.653953,-4.882352941,0.224008708,0.485345724,0.160468447,0.130177121,19.96250047,0.002146141,295113.564,1136.470026,3025.547233,-0.000497348,0.001418059,4.38E-07,4.69E-07,GOOD,742.5153484,6155.015428
3B,Walnuts,Sacramento River,10361.13005,1941.701849,1.718936287,4.942462794,854.2534686,247.1231397,299.3270611,911.6708835,0.13,50,0.25594369,0.273146576,0.089681664,1025.287214,1.374658568,1025.287214,0.17,62.62442621,962.6627877,-4.882352941,0.003096313,0.994908716,0.000493105,0.001501866,0.59212916,0.00074242,1116.756796,10361.13535,51209.47611,-0.00529618,0.023661803,5.11E-07,4.62E-07,GOOD,1941.701849,51.01343008
3B,Tomatoes,Sacramento River,11778.1278,98.36808723,45.12697659,2.666779844,378.0837203,133.3389922,916.1768531,2411.986977,0.74,50,0.085172131,0.543356034,0.206390095,599.467827,1.101074499,599.467827,0.17,62.62442621,536.8434008,-4.882352941,0.048084345,0.788208095,0.045065413,0.118642147,33.0432184,0.000114734,2064476.999,11778.2016,31409.84145,-0.073802843,-0.167636592,6.27E-06,5.34E-06,GOOD,98.36808723,377.2210824
4,Alfalfa,Sacramento River,7794.661126,280.6469987,5.962401488,3.537610105,471.6662224,35.37610105,252.5143029,311.8836593,1.86,10,0.281872792,0.186385019,0.150905255,601.889797,1.487388256,601.889797,0.17,62.62442621,539.2653708,-4.882352941,0.057933256,0.911609636,0.013626653,0.016830455,3.643555099,6.90E-05,8561311.428,7794.841456,27574.92942,-0.180330371,-0.457450946,2.31E-05,1.66E-05,GOOD,280.6469987,512.1190455
4,Almonds,Sacramento River,4581.463992,4683.240486,0.738721068,3.971676207,752.6390797,198.5838104,323.8653982,1042.332314,0.4,50,0.217550367,0.301286212,0.093613311,1142.187811,1.421781248,1142.187811,0.17,62.62442621,1079.563385,-4.882352941,0.011138281,0.980830857,0.001903764,0.006127098,0.332646308,0.000545677,275614.1606,4581.476405,18196.1161,-0.012413208,-0.024566893,2.71E-06,1.35E-06,GOOD,4683.240486,552.061027
4,Beans Dry,Sacramento River,7873.752261,1370.755748,1.280845402,2.293810917,149.5303492,114.6905459,124.7434966,884.8939851,1.68,50,0.085167237,0.504004546,0.071049516,481.8678203,1.312642142,481.8678203,0.17,62.62442621,419.2433941,-4.882352941,0.076566469,0.800999889,0.015127014,0.107306627,0.933034072,7.56E-05,4148794.724,7874.0556,18061.56994,-0.303339112,-0.671043039,3.85E-05,3.72E-05,GOOD,1370.755748,333.47994
4,Corn,Sacramento River,10015.70748,229.087221,6.113531918,2.826875063,123.4453601,141.3437532,122.5287567,782.4343077,0.3,50,0.088141761,0.558669339,0.087487293,230.7798599,1.140275745,230.7798599,0.17,62.62442621,168.1554337,-4.882352941,0.014859243,0.947178848,0.005139907,0.032822003,3.421068354,0.000332811,31256.71376,10015.83981,28313.48743,-0.13232557,-0.333713852,1.32E-05,1.18E-05,GOOD,229.087221,-27.437518
4,Cotton,Sacramento River,1256.323403,1698.847366,0.768,2.633766816,193.801177,131.6883408,102.0653411,580.9116495,0.68,50,0.148539114,0.445240339,0.078228087,296.2482687,1.232153464,296.2482687,0.17,62.62442621,233.6238425,-4.882352941,0.030504037,0.926982792,0.006353247,0.036159924,0.459232949,0.001170549,83907.72518,1256.349216,3308.926164,-0.025812962,-0.06327537,2.05E-05,1.91E-05,GOOD,1698.847366,81.10022743
4,Cucurbits,Sacramento River,5113.150981,202.6283347,12.01,1.97136542,111.9924863,96.81195395,1562.231795,546.6459553,0.05,50,0.046854775,0.228702604,0.653597591,73.83780655,0.98218172,115.8841095,0.17,62.62442621,53.2596833,-4.882352941,0.045157284,0.536935863,0.309580474,0.108326379,10.34510807,0.003911482,8.71E-05,5110.439876,10073.24335,2.711104988,6.645678509,0.000530222,0.000659301,GOOD,202.6283347,21.8443252
4,Field and Grain,Sacramento River,12705.13381,209.6613847,3.03361867,2.845649619,120.4179202,71.14124048,72.10238442,309.7467197,0.74,25,0.189326621,0.486998112,0.113362702,62.62442621,1.056394644,62.62442621,0.17,62.62442621,0,-4.882352941,0.01487795,0.954084795,0.005860587,0.025176667,1.653693583,0.000106363,293101.2362,12706.13588,36157.10638,-1.002066335,-2.747191308,7.89E-05,7.60E-05,GOOD,209.6613847,-68.67737717
4,Onions and Garlic,Sacramento River,31.90768587,237.8260314,20.6576823,2.113494575,788.809401,105.6747287,1375.299473,2049.389626,0.41,50,0.160557684,0.417141646,0.279934415,593.7613706,1.083305782,593.7613706,0.17,62.62442621,531.1369444,-4.882352941,0.155554362,0.459130585,0.154736262,0.230578791,18.29565508,0.076440028,1506.539797,31.90781582,67.43691372,-0.000129946,-0.000192736,4.07E-06,2.86E-06,GOOD,237.8260314,476.0931334
4,Orchards,Sacramento River,2542.791189,2309.334094,2.07088168,3.327741402,681.468536,166.3870701,1653.290347,1740.896727,0.13,50,0.142496355,0.364024786,0.345706127,540.3149882,1.073687064,540.3149882,0.17,62.62442621,477.690562,-4.882352941,0.019222595,0.927375898,0.026011588,0.027389919,1.219081087,0.003025143,174.8518834,2542.794797,8461.752295,-0.003608407,-0.000778524,1.42E-06,9.20E-08,GOOD,2309.334094,153.0089163
4,Pasture,Sacramento River,2392.91361,231.3889922,5,3.965593094,219.0404801,39.65593094,131.1544068,563.4300116,0.51,10,0.189326621,0.486998112,0.113362702,203.6641316,1.155852829,203.6641316,0.17,62.62442621,141.0397054,-4.882352941,0.012363677,0.96732044,0.003836132,0.016479751,2.499007503,0.000819413,61849.84447,2392.955679,9489.425581,-0.04206933,-0.103894856,1.76E-05,1.09E-05,GOOD,231.3889922,86.06077663
4,Rice,Sacramento River,113471.8699,774.5349774,3.911625416,4.534377778,378.0637021,226.7188889,216.5505211,1737.988565,0.2,50,0.124786237,0.573652143,0.071476115,470.3690261,1.127415808,470.3690261,0.17,62.62442621,407.7445999,-4.882352941,0.002314436,0.992353786,0.000590727,0.004741051,1.464755015,4.41E-05,120160.6892,113472.2222,514525.21,-0.352294728,-0.884669442,3.10E-06,1.72E-06,GOOD,774.5349774,-330.9411767
4,Safflower,Sacramento River,2635.482416,566.272674,1.034446009,2.357007476,114.5737579,23.57007476,66.16231052,248.5120939,0.74,10,0.195592287,0.424242424,0.112947658,132.9602705,1.232026997,132.9602705,0.17,62.62442621,70.33584434,-4.882352941,0.117186722,0.733841187,0.031322337,0.117649754,0.795460769,0.000512753,93361.29606,2635.619727,6212.133956,-0.137310951,-0.282198826,5.21E-05,4.54E-05,GOOD,566.272674,100.9755029
4,Subtropical,Sacramento River,205.9524666,1426.122657,2.926176068,2.972946835,843.5231851,148.6473418,1803.596752,668.3511361,0.13,50,0.202134149,0.160157528,0.432197361,708.967574,1.14729554,708.967574,0.17,62.62442621,646.3431478,-4.882352941,0.04513977,0.882986591,0.052440855,0.019432784,1.899693199,0.037349918,18.20249299,205.9526964,612.2856097,-0.000229792,0.000124036,1.12E-06,2.03E-07,GOOD,1426.122657,415.6942716
4,Sunflowers,Sacramento River,17788.77638,3637.05749,0.601701512,2.873453662,453.0267168,143.6726831,387.8950797,849.6060148,0.74,50,0.207010582,0.388227513,0.177248677,354.2224966,1.136305643,354.2224966,0.17,62.62442621,291.5980704,-4.882352941,0.030006254,0.923994603,0.014418445,0.031580698,0.359912384,7.60E-05,2537644.897,17789.0031,51115.80598,-0.226715667,-0.58134848,1.27E-05,1.14E-05,GOOD,3637.05749,85.05838228
4,Truck,Sacramento River,122.7592553,742.5153484,22.835,2.662234731,945.7732119,133.1117366,5245.145436,4255.029217,0.41,50,0.055780263,0.25095514,0.309350686,6376.278379,1.526406084,6376.278379,0.17,62.62442621,6313.653953,-4.882352941,0.224008708,0.485345724,0.160468447,0.130177121,19.96250047,0.019868354,31877.60025,122.7593448,326.8137754,-8.95E-05,0.00017765,7.29E-07,5.44E-07,GOOD,742.5153484,6155.015428
4,Walnuts,Sacramento River,41990.71722,1941.701849,1.718936287,4.942462794,854.2534686,247.1231397,299.3270611,911.6708835,0.13,50,0.25594369,0.273146576,0.089681664,1025.287214,1.374658568,1025.287214,0.17,62.62442621,962.6627877,-4.882352941,0.003096313,0.994908716,0.000493105,0.001501866,0.59212916,0.000183191,4525.898101,41990.75341,207537.4492,-0.036187347,0.108395646,8.62E-07,5.22E-07,GOOD,1941.701849,51.01343008
4,Tomatoes,Sacramento River,24558.41527,98.36808723,45.12697659,2.666779844,378.0837203,133.3389922,916.1768531,2411.986977,0.74,50,0.085172131,0.543356034,0.206390095,599.467827,1.101074499,599.467827,0.17,62.62442621,536.8434008,-4.882352941,0.048084345,0.788208095,0.045065413,0.118642147,33.0432184,5.50E-05,4304613.12,24558.67155,65492.48376,-0.256281766,-0.596916377,1.04E-05,9.11E-06,GOOD,98.36808723,377.2210824
5,Alfalfa,Sacramento River,938.6716029,280.6469987,5.962401488,3.537610105,471.6662224,35.37610105,252.5143029,311.8836593,1.86,10,0.281872792,0.186385019,0.150905255,601.889797,1.487388256,601.889797,0.17,62.62442621,539.2653708,-4.882352941,0.057933256,0.911609636,0.013626653,0.016830455,3.643555099,0.000572761,1030995.42,938.6752094,3320.663144,-0.003606493,-0.008996236,3.84E-06,2.71E-06,GOOD,280.6469987,512.1190455
5,Almonds,Sacramento River,37953.48043,4683.240486,0.738721068,3.971676207,752.6390797,198.5838104,323.8653982,1042.332314,0.4,50,0.217550367,0.301286212,0.093613311,1142.187811,1.421781248,1142.187811,0.17,62.62442621,1079.563385,-4.882352941,0.011138281,0.980830857,0.001903764,0.006127098,0.332646308,6.59E-05,2283225.77,37953.4975,150738.9674,-0.017067259,-0.032170052,4.50E-07,2.13E-07,GOOD,4683.240486,552.061027
5,Beans Dry,Sacramento River,1543.633403,1370.755748,1.280845402,2.293810917,149.5303492,114.6905459,124.7434966,884.8939851,1.68,50,0.085167237,0.504004546,0.071049516,481.8678203,1.312642142,481.8678203,0.17,62.62442621,419.2433941,-4.882352941,0.076566469,0.800999889,0.015127014,0.107306627,0.933034072,0.000385608,813362.9185,1543.643296,3540.825003,-0.009892748,-0.021851632,6.41E-06,6.17E-06,GOOD,1370.755748,333.47994
5,Berries,Sacramento River,16.22204085,5808.7562,4.15,3.453441036,1090.53087,172.6720518,10044.6968,9336.946257,0.25,50,0.045238346,0.387323291,0.416682812,3461.492251,1.112065325,3461.492251,0.17,62.62442621,3398.867825,-4.882352941,0.046810867,0.75387742,0.103294943,0.096016769,3.118772009,0.246578099,333.4692154,16.22204274,56.02185864,-1.89E-06,2.92E-06,1.17E-07,5.21E-08,GOOD,5808.7562,3037.851554
5,Corn,Sacramento River,1094.294324,229.087221,6.113531918,2.826875063,123.4453601,141.3437532,122.5287567,782.4343077,0.3,50,0.088141761,0.558669339,0.087487293,230.7798599,1.140275745,230.7798599,0.17,62.62442621,168.1554337,-4.882352941,0.014859243,0.947178848,0.005139907,0.032822003,3.421068354,0.003046103,3415.040278,1094.296727,3093.439367,-0.00240338,-0.006031149,2.20E-06,1.95E-06,GOOD,229.087221,-27.437518
5,Cucurbits,Sacramento River,527.730521,202.6283347,12.01,1.97136542,111.9924863,96.81195395,1562.231795,546.6459553,0.05,50,0.046854775,0.228702604,0.653597591,73.83780655,0.98218172,115.8841095,0.17,62.62442621,53.2596833,-4.882352941,0.045157284,0.536935863,0.309580474,0.108326379,10.34510807,0.03789813,8.99E-06,527.4489357,1039.661456,0.281585308,0.688243877,0.000533578,0.000661551,GOOD,202.6283347,21.8443252
5,Field and Grain,Sacramento River,8005.963931,209.6613847,3.03361867,2.845649619,120.4179202,71.14124048,72.10238442,309.7467197,0.74,25,0.189326621,0.486998112,0.113362702,62.62442621,1.056394644,62.62442621,0.17,62.62442621,0,-4.882352941,0.01487795,0.954084795,0.005860587,0.025176667,1.653693583,0.000168793,184693.6805,8006.068899,22782.45549,-0.104968052,-0.287282421,1.31E-05,1.26E-05,GOOD,209.6613847,-68.67737717
5,Grapes,Sacramento River,213.931759,1768.088912,10.32652959,2.661751325,5707.511085,133.0875663,6066.297444,4560.422484,0.13,50,0.312599493,0.249773629,0.332250166,1790.903888,1.055957181,1790.903888,0.17,62.62442621,1728.279462,-4.882352941,0.220720588,0.466475188,0.178565303,0.134238921,9.09329252,0.035956829,94.36674572,213.931767,569.4330397,-8.03E-06,0.000103284,3.75E-08,1.81E-07,GOOD,1768.088912,1569.745449
5,Orchards,Sacramento River,42051.93875,2309.334094,2.07088168,3.327741402,681.468536,166.3870701,1653.290347,1740.896727,0.13,50,0.142496355,0.364024786,0.345706127,540.3149882,1.073687064,540.3149882,0.17,62.62442621,477.690562,-4.882352941,0.019222595,0.927375898,0.026011588,0.027389919,1.219081087,0.000182924,2891.649429,42051.94866,139937.9783,-0.009913251,-0.000699848,2.36E-07,5.00E-09,GOOD,2309.334094,153.0089163
5,Pasture,Sacramento River,10510.68152,231.3889922,5,3.965593094,219.0404801,39.65593094,131.1544068,563.4300116,0.51,10,0.189326621,0.486998112,0.113362702,203.6641316,1.155852829,203.6641316,0.17,62.62442621,141.0397054,-4.882352941,0.012363677,0.96732044,0.003836132,0.016479751,2.499007503,0.000186552,271670.4918,10510.71219,41681.15962,-0.030669771,-0.073573881,2.92E-06,1.77E-06,GOOD,231.3889922,86.06077663
5,Pistachios,Sacramento River,488.9088301,4908.224613,1.249825398,3.663925668,1599.315875,183.1962834,319.3169032,1583.067859,0.4,50,0.260711671,0.258063009,0.052053284,2449.52686,1.585474028,2449.52686,0.17,62.62442621,2386.902434,-4.882352941,0.036882585,0.945787804,0.00290879,0.014420821,0.692253099,0.005113428,63990.09385,488.9089321,1791.325578,-0.000102043,3.42E-05,2.09E-07,1.91E-08,GOOD,4908.224613,1961.505578
5,Rice,Sacramento River,163628.855,774.5349774,3.911625416,4.534377778,378.0637021,226.7188889,216.5505211,1737.988565,0.2,50,0.124786237,0.573652143,0.071476115,470.3690261,1.127415808,470.3690261,0.17,62.62442621,407.7445999,-4.882352941,0.002314436,0.992353786,0.000590727,0.004741051,1.464755015,3.06E-05,173274.275,163628.9392,741955.2473,-0.084247319,-0.203388906,5.15E-07,2.74E-07,GOOD,774.5349774,-330.9411767
5,Safflower,Sacramento River,538.2207607,566.272674,1.034446009,2.357007476,114.5737579,23.57007476,66.16231052,248.5120939,0.74,10,0.195592287,0.424242424,0.112947658,132.9602705,1.232026997,132.9602705,0.17,62.62442621,70.33584434,-4.882352941,0.117186722,0.733841187,0.031322337,0.117649754,0.795460769,0.002510775,19066.33392,538.2254252,1268.599895,-0.004664499,-0.009538376,8.67E-06,7.52E-06,GOOD,566.272674,100.9755029
5,Subtropical,Sacramento River,5106.335123,1426.122657,2.926176068,2.972946835,843.5231851,148.6473418,1803.596752,668.3511361,0.13,50,0.202134149,0.160157528,0.432197361,708.967574,1.14729554,708.967574,0.17,62.62442621,646.3431478,-4.882352941,0.04513977,0.882986591,0.052440855,0.019432784,1.899693199,0.001506424,451.3081626,5106.33607,15180.86215,-0.000946915,0.000687809,1.85E-07,4.53E-08,GOOD,1426.122657,415.6942716
5,Sunflowers,Sacramento River,731.92811,3637.05749,0.601701512,2.873453662,453.0267168,143.6726831,387.8950797,849.6060148,0.74,50,0.207010582,0.388227513,0.177248677,354.2224966,1.136305643,354.2224966,0.17,62.62442621,291.5980704,-4.882352941,0.030006254,0.923994603,0.014418445,0.031580698,0.359912384,0.00184629,104412.6697,731.9296606,2103.165466,-0.001550595,-0.003957519,2.12E-06,1.88E-06,GOOD,3637.05749,85.05838228
5,Truck,Sacramento River,358.9825436,742.5153484,22.835,2.662234731,945.7732119,133.1117366,5245.145436,4255.029217,0.41,50,0.055780263,0.25095514,0.309350686,6376.278379,1.526406084,6376.278379,0.17,62.62442621,6313.653953,-4.882352941,0.224008708,0.485345724,0.160468447,0.130177121,19.96250047,0.00679427,93219.05705,358.9825871,955.6956998,-4.35E-05,9.56E-05,1.21E-07,1.00E-07,GOOD,742.5153484,6155.015428
5,Walnuts,Sacramento River,66937.28676,1941.701849,1.718936287,4.942462794,854.2534686,247.1231397,299.3270611,911.6708835,0.13,50,0.25594369,0.273146576,0.089681664,1025.287214,1.374658568,1025.287214,0.17,62.62442621,962.6627877,-4.882352941,0.003096313,0.994908716,0.000493105,0.001501866,0.59212916,0.000114918,7214.721707,66937.29632,330835.017,-0.009560535,0.03232357,1.43E-07,9.77E-08,GOOD,1941.701849,51.01343008
5,Tomatoes,Sacramento River,1175.142397,98.36808723,45.12697659,2.666779844,378.0837203,133.3389922,916.1768531,2411.986977,0.74,50,0.085172131,0.543356034,0.206390095,599.467827,1.101074499,599.467827,0.17,62.62442621,536.8434008,-4.882352941,0.048084345,0.788208095,0.045065413,0.118642147,33.0432184,0.001149947,205979.6336,1175.144436,3133.850779,-0.002039017,-0.004721177,1.74E-06,1.51E-06,GOOD,98.36808723,377.2210824
6,Alfalfa,Sacramento River,30962.24131,280.6469987,5.962401488,3.537610105,471.6662224,35.37610105,252.5143029,311.8836593,1.86,10,0.281872792,0.186385019,0.150905255,601.889797,1.487388256,601.889797,0.17,62.62442621,539.2653708,-4.882352941,0.057933256,0.911609636,0.013626653,0.016830455,3.643555099,1.74E-05,34007558.01,30962.43819,109532.7726,-0.19687658,-0.434869842,6.36E-06,3.97E-06,GOOD,280.6469987,512.1190455
6,Almonds,Sacramento River,42570.6323,4683.240486,0.738721068,3.971676207,752.6390797,198.5838104,323.8653982,1042.332314,0.4,50,0.217550367,0.301286212,0.093613311,1142.187811,1.421781248,1142.187811,0.17,62.62442621,1079.563385,-4.882352941,0.011138281,0.980830857,0.001903764,0.006127098,0.332646308,5.87E-05,2560986.861,42570.66386,169076.8089,-0.031564581,-0.041492411,7.41E-07,2.45E-07,GOOD,4683.240486,552.061027
6,Beans Dry,Sacramento River,2816.036415,1370.755748,1.280845402,2.293810917,149.5303492,114.6905459,124.7434966,884.8939851,1.68,50,0.085167237,0.504004546,0.071049516,481.8678203,1.312642142,481.8678203,0.17,62.62442621,419.2433941,-4.882352941,0.076566469,0.800999889,0.015127014,0.107306627,0.933034072,0.000211374,1483810.594,2816.066584,6459.521045,-0.030168866,-0.0659734,1.07E-05,1.02E-05,GOOD,1370.755748,333.47994
6,Berries,Sacramento River,13.28750641,5808.7562,4.15,3.453441036,1090.53087,172.6720518,10044.6968,9336.946257,0.25,50,0.045238346,0.387323291,0.416682812,3461.492251,1.112065325,3461.492251,0.17,62.62442621,3398.867825,-4.882352941,0.046810867,0.75387742,0.103294943,0.096016769,3.118772009,0.301034662,273.1453076,13.28750898,45.88761027,-2.57E-06,9.63E-06,1.93E-07,2.10E-07,GOOD,5808.7562,3037.851554
6,Corn,Sacramento River,8080.235918,229.087221,6.113531918,2.826875063,123.4453601,141.3437532,122.5287567,782.4343077,0.3,50,0.088141761,0.558669339,0.087487293,230.7798599,1.140275745,230.7798599,0.17,62.62442621,168.1554337,-4.882352941,0.014859243,0.947178848,0.005139907,0.032822003,3.421068354,0.000412529,25216.55327,8080.26546,22841.88905,-0.029541874,-0.071634782,3.66E-06,3.14E-06,GOOD,229.087221,-27.437518
6,Cucurbits,Sacramento River,3209.13723,202.6283347,12.01,1.97136542,111.9924863,96.81195395,1562.231795,546.6459553,0.05,50,0.046854775,0.228702604,0.653597591,73.83780655,0.98218172,115.8841095,0.17,62.62442621,53.2596833,-4.882352941,0.045157284,0.536935863,0.309580474,0.108326379,10.34510807,0.006232205,5.47E-05,3207.426359,6322.198174,1.710871481,4.183989555,0.000533125,0.000661356,GOOD,202.6283347,21.8443252
6,Field and Grain,Sacramento River,47807.28798,209.6613847,3.03361867,2.845649619,120.4179202,71.14124048,72.10238442,309.7467197,0.74,25,0.189326621,0.486998112,0.113362702,62.62442621,1.056394644,62.62442621,0.17,62.62442621,0,-4.882352941,0.01487795,0.954084795,0.005860587,0.025176667,1.653693583,2.83E-05,1102890.801,47808.33125,136045.6164,-1.043270019,-2.825534452,2.18E-05,2.08E-05,GOOD,209.6613847,-68.67737717
6,Grapes,Sacramento River,4019.630882,1768.088912,10.32652959,2.661751325,5707.511085,133.0875663,6066.297444,4560.422484,0.13,50,0.312599493,0.249773629,0.332250166,1790.903888,1.055957181,1790.903888,0.17,62.62442621,1728.279462,-4.882352941,0.220720588,0.466475188,0.178565303,0.134238921,9.09329252,0.001913685,1773.086367,4019.631133,10699.25346,-0.000251335,0.00436762,6.25E-08,4.08E-07,GOOD,1768.088912,1569.745449
6,Lettuce,Sacramento River,29.46165931,1008,18.9,3.319237614,1600,215.7504449,12500,929,0.25,65,0.083984211,0.048763332,0.656126648,3806.449555,1.190180191,3806.449555,0.17,62.62442621,3743.825129,-4.882352941,0.057321691,0.800297809,0.13253081,0.00984969,13.62008532,0.135769678,720.8941844,29.46166411,97.79023053,-4.80E-06,1.72E-05,1.63E-07,1.76E-07,GOOD,1008,3306.073008
6,Onions and Garlic,Sacramento River,158.0376387,237.8260314,20.6576823,2.113494575,788.809401,105.6747287,1375.299473,2049.389626,0.41,50,0.160557684,0.417141646,0.279934415,593.7613706,1.083305782,593.7613706,0.17,62.62442621,531.1369444,-4.882352941,0.155554362,0.459130585,0.154736262,0.230578791,18.29565508,0.015433187,7461.838287,158.037818,334.0119145,-0.000179267,-0.000222425,1.13E-06,6.66E-07,GOOD,237.8260314,476.0931334
6,Orchards,Sacramento River,4275.152369,2309.334094,2.07088168,3.327741402,681.468536,166.3870701,1653.290347,1740.896727,0.13,50,0.142496355,0.364024786,0.345706127,540.3149882,1.073687064,540.3149882,0.17,62.62442621,477.690562,-4.882352941,0.019222595,0.927375898,0.026011588,0.027389919,1.219081087,0.001799306,293.975552,4275.15404,14226.60021,-0.001670839,0.001328854,3.91E-07,9.34E-08,GOOD,2309.334094,153.0089163
6,Pasture,Sacramento River,23300.63438,231.3889922,5,3.965593094,219.0404801,39.65593094,131.1544068,563.4300116,0.51,10,0.189326621,0.486998112,0.113362702,203.6641316,1.155852829,203.6641316,0.17,62.62442621,141.0397054,-4.882352941,0.012363677,0.96732044,0.003836132,0.016479751,2.499007503,8.42E-05,602253.5065,23300.74649,92401.05568,-0.112110809,-0.220900501,4.81E-06,2.39E-06,GOOD,231.3889922,86.06077663
6,Pistachios,Sacramento River,4222.464934,4908.224613,1.249825398,3.663925668,1599.315875,183.1962834,319.3169032,1583.067859,0.4,50,0.260711671,0.258063009,0.052053284,2449.52686,1.585474028,2449.52686,0.17,62.62442621,2386.902434,-4.882352941,0.036882585,0.945787804,0.00290879,0.014420821,0.692253099,0.000592071,552650.9459,4222.466391,15470.79554,-0.001456959,0.002115485,3.45E-07,1.37E-07,GOOD,4908.224613,1961.505578
6,Rice,Sacramento River,14404.07892,774.5349774,3.911625416,4.534377778,378.0637021,226.7188889,216.5505211,1737.988565,0.2,50,0.124786237,0.573652143,0.071476115,470.3690261,1.127415808,470.3690261,0.17,62.62442621,407.7445999,-4.882352941,0.002314436,0.992353786,0.000590727,0.004741051,1.464755015,0.000347124,15253.15527,14404.09109,65313.55753,-0.01216722,-0.022163062,8.45E-07,3.39E-07,GOOD,774.5349774,-330.9411767
6,Safflower,Sacramento River,6845.820131,566.272674,1.034446009,2.357007476,114.5737579,23.57007476,66.16231052,248.5120939,0.74,10,0.195592287,0.424242424,0.112947658,132.9602705,1.232026997,132.9602705,0.17,62.62442621,70.33584434,-4.882352941,0.117186722,0.733841187,0.031322337,0.117649754,0.795460769,0.000197398,242511.4416,6845.919261,16135.84359,-0.099129724,-0.19435843,1.45E-05,1.20E-05,GOOD,566.272674,100.9755029
6,Subtropical,Sacramento River,2457.850744,1426.122657,2.926176068,2.972946835,843.5231851,148.6473418,1803.596752,668.3511361,0.13,50,0.202134149,0.160157528,0.432197361,708.967574,1.14729554,708.967574,0.17,62.62442621,646.3431478,-4.882352941,0.04513977,0.882986591,0.052440855,0.019432784,1.899693199,0.003129689,217.2297893,2457.851502,7307.058303,-0.000757832,0.001286794,3.08E-07,1.76E-07,GOOD,1426.122657,415.6942716
6,Sunflowers,Sacramento River,19373.47948,3637.05749,0.601701512,2.873453662,453.0267168,143.6726831,387.8950797,849.6060148,0.74,50,0.207010582,0.388227513,0.177248677,354.2224966,1.136305643,354.2224966,0.17,62.62442621,291.5980704,-4.882352941,0.030006254,0.923994603,0.014418445,0.031580698,0.359912384,6.98E-05,2763709.56,19373.54778,55668.96395,-0.068296955,-0.168391479,3.53E-06,3.02E-06,GOOD,3637.05749,85.05838228
6,Truck,Sacramento River,3051.29663,742.5153484,22.835,2.662234731,945.7732119,133.1117366,5245.145436,4255.029217,0.41,50,0.055780263,0.25095514,0.309350686,6376.278379,1.526406084,6376.278379,0.17,62.62442621,6313.653953,-4.882352941,0.224008708,0.485345724,0.160468447,0.130177121,19.96250047,0.00079934,792347.7052,3051.297246,8123.265678,-0.000616323,0.002184597,2.02E-07,2.69E-07,GOOD,742.5153484,6155.015428
6,Walnuts,Sacramento River,27820.16047,1941.701849,1.718936287,4.942462794,854.2534686,247.1231397,299.3270611,911.6708835,0.13,50,0.25594369,0.273146576,0.089681664,1025.287214,1.374658568,1025.287214,0.17,62.62442621,962.6627877,-4.882352941,0.003096313,0.994908716,0.000493105,0.001501866,0.59212916,0.000276501,2998.548722,27820.16696,137500.0707,-0.006494626,0.037333669,2.33E-07,2.72E-07,GOOD,1941.701849,51.01343008
6,Tomatoes,Sacramento River,26420.49272,98.36808723,45.12697659,2.666779844,378.0837203,133.3389922,916.1768531,2411.986977,0.74,50,0.085172131,0.543356034,0.206390095,599.467827,1.101074499,599.467827,0.17,62.62442621,536.8434008,-4.882352941,0.048084345,0.788208095,0.045065413,0.118642147,33.0432184,5.11E-05,4630999.124,26420.56913,70457.80726,-0.076410287,-0.169806108,2.89E-06,2.41E-06,GOOD,98.36808723,377.2210824
7,Alfalfa,Sacramento River,3440.350038,280.6469987,5.962401488,3.537610105,471.6662224,35.37610105,252.5143029,311.8836593,1.86,10,0.281872792,0.186385019,0.150905255,601.889797,1.487388256,601.889797,0.17,62.62442621,539.2653708,-4.882352941,0.057933256,0.911609636,0.013626653,0.016830455,3.643555099,0.000156273,3778728.494,3440.356581,12170.62116,-0.006543306,-0.004105677,1.90E-06,3.37E-07,GOOD,280.6469987,512.1190455
7,Almonds,Sacramento River,4182.364391,4683.240486,0.738721068,3.971676207,752.6390797,198.5838104,323.8653982,1042.332314,0.4,50,0.217550367,0.301286212,0.093613311,1142.187811,1.421781248,1142.187811,0.17,62.62442621,1079.563385,-4.882352941,0.011138281,0.980830857,0.001903764,0.006127098,0.332646308,0.000597748,251604.9134,4182.365299,16610.99535,-0.000908103,0.001793573,2.17E-07,1.08E-07,GOOD,4683.240486,552.061027
7,Beans Dry,Sacramento River,431.3635937,1370.755748,1.280845402,2.293810917,149.5303492,114.6905459,124.7434966,884.8939851,1.68,50,0.085167237,0.504004546,0.071049516,481.8678203,1.312642142,481.8678203,0.17,62.62442621,419.2433941,-4.882352941,0.076566469,0.800999889,0.015127014,0.107306627,0.933034072,0.001379899,227291.7591,431.3650538,989.4695516,-0.001460112,-0.003031136,3.38E-06,3.06E-06,GOOD,1370.755748,333.47994
7,Berries,Sacramento River,26.95790066,5808.7562,4.15,3.453441036,1090.53087,172.6720518,10044.6968,9336.946257,0.25,50,0.045238346,0.387323291,0.416682812,3461.492251,1.112065325,3461.492251,0.17,62.62442621,3398.867825,-4.882352941,0.046810867,0.75387742,0.103294943,0.096016769,3.118772009,0.148379507,554.1614687,26.95790222,93.09750334,-1.56E-06,1.70E-05,5.80E-08,1.83E-07,GOOD,5808.7562,3037.851554
7,Corn,Sacramento River,1311.538028,229.087221,6.113531918,2.826875063,123.4453601,141.3437532,122.5287567,782.4343077,0.3,50,0.088141761,0.558669339,0.087487293,230.7798599,1.140275745,230.7798599,0.17,62.62442621,168.1554337,-4.882352941,0.014859243,0.947178848,0.005139907,0.032822003,3.421068354,0.002541545,4093.007789,1311.539509,3707.557075,-0.001481357,-0.00292936,1.13E-06,7.90E-07,GOOD,229.087221,-27.437518
7,Cucurbits,Sacramento River,257.0286545,202.6283347,12.01,1.97136542,111.9924863,96.81195395,1562.231795,546.6459553,0.05,50,0.046854775,0.228702604,0.653597591,73.83780655,0.98218172,115.8841095,0.17,62.62442621,53.2596833,-4.882352941,0.045157284,0.536935863,0.309580474,0.108326379,10.34510807,0.077812336,4.38E-06,256.8914299,506.3619995,0.137224635,0.335401977,0.000533888,0.000661937,GOOD,202.6283347,21.8443252
7,Field and Grain,Sacramento River,15137.14047,209.6613847,3.03361867,2.845649619,120.4179202,71.14124048,72.10238442,309.7467197,0.74,25,0.189326621,0.486998112,0.113362702,62.62442621,1.056394644,62.62442621,0.17,62.62442621,0,-4.882352941,0.01487795,0.954084795,0.005860587,0.025176667,1.653693583,8.93E-05,349206.4429,15137.24244,43075.25843,-0.101966607,-0.260413918,6.74E-06,6.05E-06,GOOD,209.6613847,-68.67737717
7,Grapes,Sacramento River,60.33473606,1768.088912,10.32652959,2.661751325,5707.511085,133.0875663,6066.297444,4560.422484,0.13,50,0.312599493,0.249773629,0.332250166,1790.903888,1.055957181,1790.903888,0.17,62.62442621,1728.279462,-4.882352941,0.220720588,0.466475188,0.178565303,0.134238921,9.09329252,0.127493848,26.61406012,60.33473723,160.5960235,-1.17E-06,4.02E-05,1.95E-08,2.50E-07,GOOD,1768.088912,1569.745449
7,Orchards,Sacramento River,1810.196469,2309.334094,2.07088168,3.327741402,681.468536,166.3870701,1653.290347,1740.896727,0.13,50,0.142496355,0.364024786,0.345706127,540.3149882,1.073687064,540.3149882,0.17,62.62442621,477.690562,-4.882352941,0.019222595,0.927375898,0.026011588,0.027389919,1.219081087,0.004249432,124.4759158,1810.196683,6023.864538,-0.000213705,0.001197195,1.18E-07,1.99E-07,GOOD,2309.334094,153.0089163
7,Pasture,Sacramento River,7085.147314,231.3889922,5,3.965593094,219.0404801,39.65593094,131.1544068,563.4300116,0.51,10,0.189326621,0.486998112,0.113362702,203.6641316,1.155852829,203.6641316,0.17,62.62442621,141.0397054,-4.882352941,0.012363677,0.96732044,0.003836132,0.016479751,2.499007503,0.000276746,183130.4137,7085.1573,28096.80626,-0.009985868,0.005000522,1.41E-06,1.78E-07,GOOD,231.3889922,86.06077663
7,Pistachios,Sacramento River,353.1721326,4908.224613,1.249825398,3.663925668,1599.315875,183.1962834,319.3169032,1583.067859,0.4,50,0.260711671,0.258063009,0.052053284,2449.52686,1.585474028,2449.52686,0.17,62.62442621,2386.902434,-4.882352941,0.036882585,0.945787804,0.00290879,0.014420821,0.692253099,0.007078701,46224.4012,353.1721688,1293.996172,-3.62E-05,0.000270023,1.03E-07,2.09E-07,GOOD,4908.224613,1961.505578
7,Rice,Sacramento River,51878.90295,774.5349774,3.911625416,4.534377778,378.0637021,226.7188889,216.5505211,1737.988565,0.2,50,0.124786237,0.573652143,0.071476115,470.3690261,1.127415808,470.3690261,0.17,62.62442621,407.7445999,-4.882352941,0.002314436,0.992353786,0.000590727,0.004741051,1.464755015,9.64E-05,54937.00543,51878.91541,235238.5232,-0.012461512,0.021501576,2.40E-07,9.14E-08,GOOD,774.5349774,-330.9411767
7,Safflower,Sacramento River,206.5091157,566.272674,1.034446009,2.357007476,114.5737579,23.57007476,66.16231052,248.5120939,0.74,10,0.195592287,0.424242424,0.112947658,132.9602705,1.232026997,132.9602705,0.17,62.62442621,70.33584434,-4.882352941,0.117186722,0.733841187,0.031322337,0.117649754,0.795460769,0.006543785,7315.53304,206.5100581,486.7450055,-0.000942368,-0.001475912,4.56E-06,3.03E-06,GOOD,566.272674,100.9755029
7,Subtropical,Sacramento River,183.4043279,1426.122657,2.926176068,2.972946835,843.5231851,148.6473418,1803.596752,668.3511361,0.13,50,0.202134149,0.160157528,0.432197361,708.967574,1.14729554,708.967574,0.17,62.62442621,646.3431478,-4.882352941,0.04513977,0.882986591,0.052440855,0.019432784,1.899693199,0.0419418,16.20964317,183.4043453,545.2512008,-1.74E-05,0.000115354,9.46E-08,2.12E-07,GOOD,1426.122657,415.6942716
7,Sunflowers,Sacramento River,247.4237138,3637.05749,0.601701512,2.873453662,453.0267168,143.6726831,387.8950797,849.6060148,0.74,50,0.207010582,0.388227513,0.177248677,354.2224966,1.136305643,354.2224966,0.17,62.62442621,291.5980704,-4.882352941,0.030006254,0.923994603,0.014418445,0.031580698,0.359912384,0.005461689,35296.04911,247.4239827,710.9611225,-0.000268919,-0.000545985,1.09E-06,7.68E-07,GOOD,3637.05749,85.05838228
7,Truck,Sacramento River,129.9083724,742.5153484,22.835,2.662234731,945.7732119,133.1117366,5245.145436,4255.029217,0.41,50,0.055780263,0.25095514,0.309350686,6376.278379,1.526406084,6376.278379,0.17,62.62442621,6313.653953,-4.882352941,0.224008708,0.485345724,0.160468447,0.130177121,19.96250047,0.018774959,33734.05251,129.9083806,345.846502,-8.16E-06,7.89E-05,6.28E-08,2.28E-07,GOOD,742.5153484,6155.015428
7,Walnuts,Sacramento River,13230.42878,1941.701849,1.718936287,4.942462794,854.2534686,247.1231397,299.3270611,911.6708835,0.13,50,0.25594369,0.273146576,0.089681664,1025.287214,1.374658568,1025.287214,0.17,62.62442621,962.6627877,-4.882352941,0.003096313,0.994908716,0.000493105,0.001501866,0.59212916,0.00058141,1426.019284,13230.42964,65390.88458,-0.000858546,0.01741732,6.49E-08,2.66E-07,GOOD,1941.701849,51.01343008
7,Tomatoes,Sacramento River,188.6409119,98.36808723,45.12697659,2.666779844,378.0837203,133.3389922,916.1768531,2411.986977,0.74,50,0.085172131,0.543356034,0.206390095,599.467827,1.101074499,599.467827,0.17,62.62442621,536.8434008,-4.882352941,0.048084345,0.788208095,0.045065413,0.118642147,33.0432184,0.007163618,33065.08728,188.6410816,503.0640815,-0.000169712,-0.00029993,9.00E-07,5.96E-07,GOOD,98.36808723,377.2210824
8,Alfalfa,Sacramento River and Delta,11119.68077,280.6469987,5.962401488,3.537610105,471.6662224,35.37610105,252.5143029,311.8836593,1.86,10,0.281872792,0.186385019,0.150905255,601.889797,1.487388256,601.889797,0.17,62.62442621,539.2653708,-4.882352941,0.057933256,0.911609636,0.013626653,0.016830455,3.643555099,4.83E-05,12213366.11,11119.82456,39337.46339,-0.143792761,-0.368333643,1.29E-05,9.36E-06,GOOD,280.6469987,512.1190455
8,Almonds,Sacramento River and Delta,24249.36292,4683.240486,0.738721068,3.971676207,752.6390797,198.5838104,323.8653982,1042.332314,0.4,50,0.217550367,0.301286212,0.093613311,1142.187811,1.421781248,1142.187811,0.17,62.62442621,1079.563385,-4.882352941,0.011138281,0.980830857,0.001903764,0.006127098,0.332646308,0.000103095,1458806.141,24249.39966,96310.69228,-0.036736263,-0.074531754,1.51E-06,7.74E-07,GOOD,4683.240486,552.061027
8,Beans Dry,Sacramento River and Delta,1370.959546,1370.755748,1.280845402,2.293810917,149.5303492,114.6905459,124.7434966,884.8939851,1.68,50,0.085167237,0.504004546,0.071049516,481.8678203,1.312642142,481.8678203,0.17,62.62442621,419.2433941,-4.882352941,0.076566469,0.800999889,0.015127014,0.107306627,0.933034072,0.000434176,722378.5488,1370.989042,3144.787284,-0.0294956,-0.065310276,2.15E-05,2.08E-05,GOOD,1370.755748,333.47994
8,Berries,Sacramento River and Delta,164.5620206,5808.7562,4.15,3.453441036,1090.53087,172.6720518,10044.6968,9336.946257,0.25,50,0.045238346,0.387323291,0.416682812,3461.492251,1.112065325,3461.492251,0.17,62.62442621,3398.867825,-4.882352941,0.046810867,0.75387742,0.103294943,0.096016769,3.118772009,0.024306945,3382.827624,164.5620852,568.3050611,-6.46E-05,0.000173767,3.92E-07,3.06E-07,GOOD,5808.7562,3037.851554
8,Corn,Sacramento River and Delta,25458.84699,229.087221,6.113531918,2.826875063,123.4453601,141.3437532,122.5287567,782.4343077,0.3,50,0.088141761,0.558669339,0.087487293,230.7798599,1.140275745,230.7798599,0.17,62.62442621,168.1554337,-4.882352941,0.014859243,0.947178848,0.005139907,0.032822003,3.421068354,0.00013093,79451.1915,25459.0349,71969.45497,-0.187910791,-0.475285223,7.38E-06,6.60E-06,GOOD,229.087221,-27.437518
8,Cucurbits,Sacramento River and Delta,3813.429114,202.6283347,12.01,1.97136542,111.9924863,96.81195395,1562.231795,546.6459553,0.05,50,0.046854775,0.228702604,0.653597591,73.83780655,0.98218172,115.8841095,0.17,62.62442621,53.2596833,-4.882352941,0.045157284,0.536935863,0.309580474,0.108326379,10.34510807,0.005244624,6.49E-05,3811.40037,7512.697085,2.028744489,4.965202297,0.000532,0.000660472,GOOD,202.6283347,21.8443252
8,Field and Grain,Sacramento River and Delta,28656.08674,209.6613847,3.03361867,2.845649619,120.4179202,71.14124048,72.10238442,309.7467197,0.74,25,0.189326621,0.486998112,0.113362702,62.62442621,1.056394644,62.62442621,0.17,62.62442621,0,-4.882352941,0.01487795,0.954084795,0.005860587,0.025176667,1.653693583,4.72E-05,661081.9353,28657.34943,81548.64721,-1.262690106,-3.464898543,4.41E-05,4.25E-05,GOOD,209.6613847,-68.67737717
8,Grapes,Sacramento River and Delta,103736.5767,1768.088912,10.32652959,2.661751325,5707.511085,133.0875663,6066.297444,4560.422484,0.13,50,0.312599493,0.249773629,0.332250166,1790.903888,1.055957181,1790.903888,0.17,62.62442621,1728.279462,-4.882352941,0.220720588,0.466475188,0.178565303,0.134238921,9.09329252,7.42E-05,45758.90556,103736.5898,276120.811,-0.013073219,0.15950317,1.26E-07,5.78E-07,GOOD,1768.088912,1569.745449
8,Lettuce,Sacramento River and Delta,170.9219319,1008,18.9,3.319237614,1600,215.7504449,12500,929,0.25,65,0.083984211,0.048763332,0.656126648,3806.449555,1.190180191,3806.449555,0.17,62.62442621,3743.825129,-4.882352941,0.057321691,0.800297809,0.13253081,0.00984969,13.62008532,0.023402497,4182.270435,170.9219885,567.3303872,-5.66E-05,0.000118208,3.31E-07,2.08E-07,GOOD,1008,3306.073008
8,Onions and Garlic,Sacramento River and Delta,793.4878651,237.8260314,20.6576823,2.113494575,788.809401,105.6747287,1375.299473,2049.389626,0.41,50,0.160557684,0.417141646,0.279934415,593.7613706,1.083305782,593.7613706,0.17,62.62442621,531.1369444,-4.882352941,0.155554362,0.459130585,0.154736262,0.230578791,18.29565508,0.003073802,37464.98734,793.4896695,1677.034918,-0.001804412,-0.002619513,2.27E-06,1.56E-06,GOOD,237.8260314,476.0931334
8,Orchards,Sacramento River and Delta,20931.54279,2309.334094,2.07088168,3.327741402,681.468536,166.3870701,1653.290347,1740.896727,0.13,50,0.142496355,0.364024786,0.345706127,540.3149882,1.073687064,540.3149882,0.17,62.62442621,477.690562,-4.882352941,0.019222595,0.927375898,0.026011588,0.027389919,1.219081087,0.000367498,1439.331587,20931.55939,69654.76638,-0.01660013,-0.004832008,7.93E-07,6.94E-08,GOOD,2309.334094,153.0089163
8,Pasture,Sacramento River and Delta,28702.16837,231.3889922,5,3.965593094,219.0404801,39.65593094,131.1544068,563.4300116,0.51,10,0.189326621,0.486998112,0.113362702,203.6641316,1.155852829,203.6641316,0.17,62.62442621,141.0397054,-4.882352941,0.012363677,0.96732044,0.003836132,0.016479751,2.499007503,6.83E-05,741867.4214,28702.45051,113821.8279,-0.282142624,-0.707212773,9.83E-06,6.21E-06,GOOD,231.3889922,86.06077663
8,Pistachios,Sacramento River and Delta,133.7025216,4908.224613,1.249825398,3.663925668,1599.315875,183.1962834,319.3169032,1583.067859,0.4,50,0.260711671,0.258063009,0.052053284,2449.52686,1.585474028,2449.52686,0.17,62.62442621,2386.902434,-4.882352941,0.036882585,0.945787804,0.00290879,0.014420821,0.692253099,0.018698226,17499.45262,133.7026155,489.8760954,-9.39E-05,5.33E-06,7.03E-07,1.09E-08,GOOD,4908.224613,1961.505578
8,Potatoes,Sacramento River and Delta,276.4039181,209.2470536,24.6194334,4.38175,526.1012146,219.0875,548.9751823,3190.918249,0.41,50,0.10212496,0.619410086,0.106565176,666.4617544,1.093900207,666.4617544,0.17,62.62442621,603.8373281,-4.882352941,0.003944303,0.983686308,0.00181569,0.010553698,10.69153566,0.008824131,11171.92575,276.4046056,1211.135,-0.000687505,-0.002132076,2.49E-06,1.76E-06,GOOD,209.2470536,-74.43739877
8,Rice,Sacramento River and Delta,108.4576058,774.5349774,3.911625416,4.534377778,378.0637021,226.7188889,216.5505211,1737.988565,0.2,50,0.124786237,0.573652143,0.071476115,470.3690261,1.127415808,470.3690261,0.17,62.62442621,407.7445999,-4.882352941,0.002314436,0.992353786,0.000590727,0.004741051,1.464755015,0.046100962,114.8508496,108.4577942,491.7882437,-0.000188358,-0.000486102,1.74E-06,9.88E-07,GOOD,774.5349774,-330.9411767
8,Safflower,Sacramento River and Delta,158.1579519,566.272674,1.034446009,2.357007476,114.5737579,23.57007476,66.16231052,248.5120939,0.74,10,0.195592287,0.424242424,0.112947658,132.9602705,1.232026997,132.9602705,0.17,62.62442621,70.33584434,-4.882352941,0.117186722,0.733841187,0.031322337,0.117649754,0.795460769,0.008544315,5602.705327,158.1625539,372.7889815,-0.004601995,-0.00950645,2.91E-05,2.55E-05,GOOD,566.272674,100.9755029
8,Subtropical,Sacramento River and Delta,2103.178369,1426.122657,2.926176068,2.972946835,843.5231851,148.6473418,1803.596752,668.3511361,0.13,50,0.202134149,0.160157528,0.432197361,708.967574,1.14729554,708.967574,0.17,62.62442621,646.3431478,-4.882352941,0.04513977,0.882986591,0.052440855,0.019432784,1.899693199,0.003657468,185.8831319,2103.17968,6252.636847,-0.001311102,0.000628143,6.23E-07,1.00E-07,GOOD,1426.122657,415.6942716
8,Sunflowers,Sacramento River and Delta,31.62485663,3637.05749,0.601701512,2.873453662,453.0267168,143.6726831,387.8950797,849.6060148,0.74,50,0.207010582,0.388227513,0.177248677,354.2224966,1.136305643,354.2224966,0.17,62.62442621,291.5980704,-4.882352941,0.030006254,0.923994603,0.014418445,0.031580698,0.359912384,0.042730671,4511.420815,31.62508181,90.87314251,-0.00022518,-0.000582418,7.12E-06,6.41E-06,GOOD,3637.05749,85.05838228
8,Truck,Sacramento River and Delta,1352.551035,742.5153484,22.835,2.662234731,945.7732119,133.1117366,5245.145436,4255.029217,0.41,50,0.055780263,0.25095514,0.309350686,6376.278379,1.526406084,6376.278379,0.17,62.62442621,6313.653953,-4.882352941,0.224008708,0.485345724,0.160468447,0.130177121,19.96250047,0.001803277,351224.6886,1352.551586,3600.807275,-0.000550635,0.001066253,4.07E-07,2.96E-07,GOOD,742.5153484,6155.015428
8,Walnuts,Sacramento River and Delta,66430.94886,1941.701849,1.718936287,4.942462794,854.2534686,247.1231397,299.3270611,911.6708835,0.13,50,0.25594369,0.273146576,0.089681664,1025.287214,1.374658568,1025.287214,0.17,62.62442621,962.6627877,-4.882352941,0.003096313,0.994908716,0.000493105,0.001501866,0.59212916,0.000115794,7160.146937,66430.98089,328332.4037,-0.032034718,0.089366931,4.82E-07,2.72E-07,GOOD,1941.701849,51.01343008
8,Tomatoes,Sacramento River and Delta,2536.156703,98.36808723,45.12697659,2.666779844,378.0837203,133.3389922,916.1768531,2411.986977,0.74,50,0.085172131,0.543356034,0.206390095,599.467827,1.101074499,599.467827,0.17,62.62442621,536.8434008,-4.882352941,0.048084345,0.788208095,0.045065413,0.118642147,33.0432184,0.000532834,444539.0022,2536.171487,6763.406135,-0.014784002,-0.034557896,5.83E-06,5.11E-06,GOOD,98.36808723,377.2210824
9,Alfalfa,Sacramento River and Delta,56408.74948,280.6469987,5.962401488,3.537610105,471.6662224,35.37610105,252.5143029,311.8836593,1.86,10,0.281872792,0.186385019,0.150905255,601.889797,1.487388256,601.889797,0.17,62.62442621,539.2653708,-4.882352941,0.057933256,0.911609636,0.013626653,0.016830455,3.643555099,9.53E-06,61956878.4,56409.25135,199553.3461,-0.501874797,-1.183926864,8.90E-06,5.93E-06,GOOD,280.6469987,512.1190455
9,Almonds,Sacramento River and Delta,22180.68796,4683.240486,0.738721068,3.971676207,752.6390797,198.5838104,323.8653982,1042.332314,0.4,50,0.217550367,0.301286212,0.093613311,1142.187811,1.421781248,1142.187811,0.17,62.62442621,1079.563385,-4.882352941,0.011138281,0.980830857,0.001903764,0.006127098,0.332646308,0.000112711,1334357.687,22180.71102,88094.54797,-0.023057605,-0.037346287,1.04E-06,4.24E-07,GOOD,4683.240486,552.061027
9,Beans Dry,Sacramento River and Delta,4720.093101,1370.755748,1.280845402,2.293810917,149.5303492,114.6905459,124.7434966,884.8939851,1.68,50,0.085167237,0.504004546,0.071049516,481.8678203,1.312642142,481.8678203,0.17,62.62442621,419.2433941,-4.882352941,0.076566469,0.800999889,0.015127014,0.107306627,0.933034072,0.000126107,2487085.789,4720.163479,10827.1558,-0.070378051,-0.154718134,1.49E-05,1.43E-05,GOOD,1370.755748,333.47994
9,Berries,Sacramento River and Delta,2005.395013,5808.7562,4.15,3.453441036,1090.53087,172.6720518,10044.6968,9336.946257,0.25,50,0.045238346,0.387323291,0.416682812,3461.492251,1.112065325,3461.492251,0.17,62.62442621,3398.867825,-4.882352941,0.046810867,0.75387742,0.103294943,0.096016769,3.118772009,0.00199462,41224.00552,2005.395555,6925.51126,-0.000541625,0.002171322,2.70E-07,3.14E-07,GOOD,5808.7562,3037.851554
9,Corn,Sacramento River and Delta,78005.08871,229.087221,6.113531918,2.826875063,123.4453601,141.3437532,122.5287567,782.4343077,0.3,50,0.088141761,0.558669339,0.087487293,230.7798599,1.140275745,230.7798599,0.17,62.62442621,168.1554337,-4.882352941,0.014859243,0.947178848,0.005139907,0.032822003,3.421068354,4.27E-05,243435.8965,78005.48652,220511.6223,-0.397805945,-0.982219129,5.10E-06,4.45E-06,GOOD,229.087221,-27.437518
9,Cotton,Sacramento River and Delta,233.8499336,1698.847366,0.768,2.633766816,193.801177,131.6883408,102.0653411,580.9116495,0.68,50,0.148539114,0.445240339,0.078228087,296.2482687,1.232153464,296.2482687,0.17,62.62442621,233.6238425,-4.882352941,0.030504037,0.926982792,0.006353247,0.036159924,0.459232949,0.006288598,15618.4434,233.85179,615.9106939,-0.001856448,-0.004498877,7.94E-06,7.30E-06,GOOD,1698.847366,81.10022743
9,Cucurbits,Sacramento River and Delta,5941.900368,202.6283347,12.01,1.97136542,111.9924863,96.81195395,1562.231795,546.6459553,0.05,50,0.046854775,0.228702604,0.653597591,73.83780655,0.98218172,115.8841095,0.17,62.62442621,53.2596833,-4.882352941,0.045157284,0.536935863,0.309580474,0.108326379,10.34510807,0.003365927,0.000101194,5938.735193,11705.91377,3.165174548,7.743141922,0.000532687,0.000661035,GOOD,202.6283347,21.8443252
9,Field and Grain,Sacramento River and Delta,45991.57016,209.6613847,3.03361867,2.845649619,120.4179202,71.14124048,72.10238442,309.7467197,0.74,25,0.189326621,0.486998112,0.113362702,62.62442621,1.056394644,62.62442621,0.17,62.62442621,0,-4.882352941,0.01487795,0.954084795,0.005860587,0.025176667,1.653693583,2.94E-05,1061003.077,45992.97023,130879.7072,-1.4000661,-3.813072461,3.04E-05,2.91E-05,GOOD,209.6613847,-68.67737717
9,Grapes,Sacramento River and Delta,41468.33177,1768.088912,10.32652959,2.661751325,5707.511085,133.0875663,6066.297444,4560.422484,0.13,50,0.312599493,0.249773629,0.332250166,1790.903888,1.055957181,1790.903888,0.17,62.62442621,1728.279462,-4.882352941,0.220720588,0.466475188,0.178565303,0.134238921,9.09329252,0.000185498,18291.9616,41468.33538,110378.3321,-0.003614219,0.054900386,8.72E-08,4.97E-07,GOOD,1768.088912,1569.745449
9,Lettuce,Sacramento River and Delta,39.19348551,1008,18.9,3.319237614,1600,215.7504449,12500,929,0.25,65,0.083984211,0.048763332,0.656126648,3806.449555,1.190180191,3806.449555,0.17,62.62442621,3743.825129,-4.882352941,0.057321691,0.800297809,0.13253081,0.00984969,13.62008532,0.102057777,959.0211968,39.19349445,130.0924671,-8.94E-06,2.42E-05,2.28E-07,1.86E-07,GOOD,1008,3306.073008
9,Onions and Garlic,Sacramento River and Delta,1355.63945,237.8260314,20.6576823,2.113494575,788.809401,105.6747287,1375.299473,2049.389626,0.41,50,0.160557684,0.417141646,0.279934415,593.7613706,1.083305782,593.7613706,0.17,62.62442621,531.1369444,-4.882352941,0.155554362,0.459130585,0.154736262,0.230578791,18.29565508,0.001799169,64007.29874,1355.641589,2865.13945,-0.002138601,-0.002827048,1.58E-06,9.87E-07,GOOD,237.8260314,476.0931334
9,Orchards,Sacramento River and Delta,10303.79692,2309.334094,2.07088168,3.327741402,681.468536,166.3870701,1653.290347,1740.896727,0.13,50,0.142496355,0.364024786,0.345706127,540.3149882,1.073687064,540.3149882,0.17,62.62442621,477.690562,-4.882352941,0.019222595,0.927375898,0.026011588,0.027389919,1.219081087,0.000746551,708.5278198,10303.80255,34288.36973,-0.005629382,0.001876409,5.46E-07,5.47E-08,GOOD,2309.334094,153.0089163
9,Pasture,Sacramento River and Delta,55834.05432,231.3889922,5,3.965593094,219.0404801,39.65593094,131.1544068,563.4300116,0.51,10,0.189326621,0.486998112,0.113362702,203.6641316,1.155852829,203.6641316,0.17,62.62442621,141.0397054,-4.882352941,0.012363677,0.96732044,0.003836132,0.016479751,2.499007503,3.51E-05,1443147.618,55834.43095,221415.9685,-0.376630276,-0.828316839,6.75E-06,3.74E-06,GOOD,231.3889922,86.06077663
9,Pistachios,Sacramento River and Delta,197.6048427,4908.224613,1.249825398,3.663925668,1599.315875,183.1962834,319.3169032,1583.067859,0.4,50,0.260711671,0.258063009,0.052053284,2449.52686,1.585474028,2449.52686,0.17,62.62442621,2386.902434,-4.882352941,0.036882585,0.945787804,0.00290879,0.014420821,0.692253099,0.012651512,25863.2114,197.6049382,724.0093784,-9.55E-05,7.69E-05,4.83E-07,1.06E-07,GOOD,4908.224613,1961.505578
9,Potatoes,Sacramento River and Delta,1669.71946,209.2470536,24.6194334,4.38175,526.1012146,219.0875,548.9751823,3190.918249,0.41,50,0.10212496,0.619410086,0.106565176,666.4617544,1.093900207,666.4617544,0.17,62.62442621,603.8373281,-4.882352941,0.003944303,0.983686308,0.00181569,0.010553698,10.69153566,0.001460739,67488.12376,1669.722302,7316.301271,-0.002842455,-0.008026984,1.70E-06,1.10E-06,GOOD,209.2470536,-74.43739877
9,Rice,Sacramento River and Delta,7990.682377,774.5349774,3.911625416,4.534377778,378.0637021,226.7188889,216.5505211,1737.988565,0.2,50,0.124786237,0.573652143,0.071476115,470.3690261,1.127415808,470.3690261,0.17,62.62442621,407.7445999,-4.882352941,0.002314436,0.992353786,0.000590727,0.004741051,1.464755015,0.000625729,8461.708636,7990.691866,36232.7929,-0.009488543,-0.020303446,1.19E-06,5.60E-07,GOOD,774.5349774,-330.9411767
9,Safflower,Sacramento River and Delta,13218.14247,566.272674,1.034446009,2.357007476,114.5737579,23.57007476,66.16231052,248.5120939,0.74,10,0.195592287,0.424242424,0.112947658,132.9602705,1.232026997,132.9602705,0.17,62.62442621,70.33584434,-4.882352941,0.117186722,0.733841187,0.031322337,0.117649754,0.795460769,0.000102235,468249.344,13218.40893,31155.7945,-0.266456675,-0.533879428,2.02E-05,1.71E-05,GOOD,566.272674,100.9755029
9,Subtropical,Sacramento River and Delta,2414.565821,1426.122657,2.926176068,2.972946835,843.5231851,148.6473418,1803.596752,668.3511361,0.13,50,0.202134149,0.160157528,0.432197361,708.967574,1.14729554,708.967574,0.17,62.62442621,646.3431478,-4.882352941,0.04513977,0.882986591,0.052440855,0.019432784,1.899693199,0.003185793,213.4041808,2414.56686,7178.374591,-0.001039116,0.001223989,4.30E-07,1.71E-07,GOOD,1426.122657,415.6942716
9,Sunflowers,Sacramento River and Delta,1614.884464,3637.05749,0.601701512,2.873453662,453.0267168,143.6726831,387.8950797,849.6060148,0.74,50,0.207010582,0.388227513,0.177248677,354.2224966,1.136305643,354.2224966,0.17,62.62442621,291.5980704,-4.882352941,0.030006254,0.923994603,0.014418445,0.031580698,0.359912384,0.00083681,230370.1633,1614.892406,4640.315624,-0.007942492,-0.019946948,4.92E-06,4.30E-06,GOOD,3637.05749,85.05838228
9,Truck,Sacramento River and Delta,2637.531344,742.5153484,22.835,2.662234731,945.7732119,133.1117366,5245.145436,4255.029217,0.41,50,0.055780263,0.25095514,0.309350686,6376.278379,1.526406084,6376.278379,0.17,62.62442621,6313.653953,-4.882352941,0.224008708,0.485345724,0.160468447,0.130177121,19.96250047,0.000924738,684902.899,2637.532087,7021.725424,-0.000742598,0.002123902,2.82E-07,3.02E-07,GOOD,742.5153484,6155.015428
9,Walnuts,Sacramento River and Delta,6430.04628,1941.701849,1.718936287,4.942462794,854.2534686,247.1231397,299.3270611,911.6708835,0.13,50,0.25594369,0.273146576,0.089681664,1025.287214,1.374658568,1025.287214,0.17,62.62442621,962.6627877,-4.882352941,0.003096313,0.994908716,0.000493105,0.001501866,0.59212916,0.001196307,693.0516117,6430.048394,31780.25504,-0.002114428,0.009460704,3.29E-07,2.98E-07,GOOD,1941.701849,51.01343008
9,Tomatoes,Sacramento River and Delta,22560.84263,98.36808723,45.12697659,2.666779844,378.0837203,133.3389922,916.1768531,2411.986977,0.74,50,0.085172131,0.543356034,0.206390095,599.467827,1.101074499,599.467827,0.17,62.62442621,536.8434008,-4.882352941,0.048084345,0.788208095,0.045065413,0.118642147,33.0432184,5.99E-05,3954477.442,22560.93358,60165.00694,-0.090950768,-0.206554959,4.03E-06,3.43E-06,GOOD,98.36808723,377.2210824
BUTV,Alfalfa,North Coast,13525.59982,249.0919322,6.085272176,2.331077971,427.2605807,23.31077971,228.7410091,282.5209588,1.86,10,0.281872792,0.186385019,0.150905255,553.958876,1.500895821,553.958876,0.17,108.0078086,445.9510674,-4.882352941,0.333190133,0.493201973,0.077672988,0.095934905,5.31132764,3.97E-05,12832088.36,13525.60051,31529.16984,-0.000685063,0.057944656,5.06E-08,1.84E-06,GOOD,249.0919322,522.9304106
BUTV,Berries,North Coast,2694.549509,5808.7562,4.15,2.407763981,1090.53087,120.3881991,10044.6968,9336.946257,0.25,50,0.045238346,0.387323291,0.416682812,3513.776104,1.114888824,3513.776104,0.17,108.0078086,3405.768295,-4.882352941,0.140498264,0.268080002,0.306509204,0.284912529,3.897023053,0.001484478,55475.78398,2694.549511,6487.836839,-2.31E-06,0.002413866,8.56E-10,3.72E-07,GOOD,5808.7562,3344.297934
BUTV,Field and Grain,North Coast,6089.352314,250.0635568,3.303645804,2.557088472,156.406777,63.9272118,93.65135638,402.3195719,0.74,25,0.189326621,0.486998112,0.113362702,109.8165031,1.098390205,109.8165031,0.17,108.0078086,1.808694475,-4.882352941,0.037921803,0.891430311,0.013340037,0.057307849,2.131337509,0.00022192,184572.6452,6089.352287,15570.99999,2.72E-05,0.012614742,4.47E-09,8.10E-07,GOOD,250.0635568,10.27617853
BUTV,Onions and Garlic,North Coast,189.5076943,203.8780498,28.012,1.699157349,916.9500601,84.95786745,1598.714383,2382.30926,0.41,50,0.160557684,0.417141646,0.279934415,728.1003604,1.091541787,728.1003604,0.17,108.0078086,620.0925518,-4.882352941,0.243472665,0.167323247,0.236614784,0.352589304,27.06383629,0.012870319,10419.37762,189.507699,322.0032847,-4.70E-06,0.000106756,2.48E-08,3.32E-07,GOOD,203.8780498,668.7014431
BUTV,Pasture,North Coast,2425.138199,152.0683296,4.336874631,3.069359746,124.861149,30.69359746,74.76284716,321.1758786,0.51,10,0.189326621,0.486998112,0.113362702,108.0078086,1.138900984,108.0078086,0.17,108.0078086,0,-4.882352941,0.029266535,0.920972627,0.009396055,0.040364783,2.604112669,0.000808525,21735.82796,2425.137634,7443.605344,0.000564801,0.016222741,2.33E-07,2.18E-06,GOOD,152.0683296,44.49171356
BUTV,Potatoes,North Coast,93.18973485,217.6709989,22.646,2.70089927,503.412474,135.0449635,525.2999746,3053.306105,0.41,50,0.10212496,0.619410086,0.106565176,712.313924,1.113249815,712.313924,0.17,108.0078086,604.3061154,-4.882352941,0.055102914,0.782696429,0.023809271,0.138391387,16.66022804,0.026172672,3692.551344,93.18973428,251.695996,5.74E-07,9.09E-05,6.16E-09,3.61E-07,GOOD,217.6709989,482.6160442
BUTV,Truck,North Coast,100.98869,841.6412216,16.8,1.856129243,788.709074,92.80646215,4374.08646,3548.398402,0.41,50,0.055780263,0.25095514,0.309350686,5335.572125,1.529561442,5335.572125,0.17,108.0078086,5227.564316,-4.882352941,0.384017443,0.1192104,0.274273085,0.222499072,16.39093809,0.024151461,21733.48264,100.9886905,187.4479983,-5.22E-07,6.24E-05,5.17E-09,3.33E-07,GOOD,841.6412216,5256.117799
COAC,Alfalfa,Colorado River,416.3458734,258.2888978,7.462469935,6.349688555,543.3022338,63.49688555,290.8658248,359.2521167,1.86,10,0.281872792,0.186385019,0.150905255,670.5560735,1.460469236,670.5560735,0.17,340.9536766,329.6023969,-4.882352941,0.002293837,0.996477631,0.000549651,0.000678881,2.362690218,0.001291317,394859.28,416.3456735,2643.66101,0.000199866,0.005616797,4.80E-07,2.12E-06,GOOD,258.2888978,330.8675116
COAC,Beans Dry,Colorado River,142.8712045,1398.951357,13.24,2.712448276,1577.477458,27.12448276,1315.987374,9335.230646,1.68,10,0.085167238,0.504004546,0.071049516,6266.296006,1.439325194,6266.296006,0.17,340.9536766,5925.342329,-4.882352941,0.355945035,0.160710032,0.0597186,0.423626334,12.77715204,0.004166257,993047.1808,142.8712085,387.5302374,-3.96E-06,0.000514894,2.77E-08,1.33E-06,GOOD,1398.951357,6219.846732
COAC,Berries,Colorado River,10.43353874,3233.710592,18.27412934,1.515428762,2673.28069,15.15428762,24623.13974,22888.19036,0.25,10,0.045238346,0.387323291,0.416682812,8893.480529,1.121106472,8893.480529,0.17,340.9536766,8552.526852,-4.882352941,0.195406167,0.001948499,0.415977582,0.386667752,18.26779028,0.383379034,536.3043336,10.4335388,15.81148584,-5.58E-08,-0.000201147,5.35E-09,1.27E-05,GOOD,3233.710592,8885.669573
COAC,Corn,Colorado River,1233.116147,537.3529735,14.39866231,3.708931611,681.9672606,37.08931611,676.9035344,4322.516293,0.3,10,0.088141761,0.558669338,0.087487293,2018.687603,1.288582326,2018.687603,0.17,340.9536766,1677.733926,-4.882352941,0.089988075,0.743427082,0.022554991,0.144029852,10.90798576,0.002703179,31141.10202,1233.116151,4573.536087,-4.40E-06,0.007371133,3.57E-09,1.61E-06,GOOD,537.3529735,1918.215182
COAC,Cucurbits,Colorado River,173.1444964,476.5871364,17.35854775,2.811221224,387.6230202,28.11221224,5407.121734,1892.024753,0.05,10,0.046854775,0.228702604,0.653597591,557.9788448,1.021261908,557.9788448,0.17,340.9536766,217.0251682,-4.882352941,0.074955391,0.346460327,0.428608421,0.149975862,15.92136536,0.115510458,1.08E-05,173.144498,486.7467987,-1.64E-06,0.000684413,9.45E-09,1.41E-06,GOOD,476.5871364,507.0614093
COAC,Field and Grain,Colorado River,12.44593083,215.0815563,8.751417826,5.491105357,356.3635474,54.91105357,213.3790505,916.6612378,0.74,10,0.189326621,0.486998112,0.113362702,340.9536766,1.163056778,340.9536766,0.17,340.9536766,0,-4.882352941,0.003082958,0.991920942,0.000943385,0.004052715,3.281701946,0.108577765,849.7045448,12.44592716,68.34189545,3.67E-06,2.20E-05,2.95E-07,3.22E-07,GOOD,215.0815563,94.34234973
COAC,Grapes,Colorado River,7596.246812,2172.223292,6.917245821,4.088997246,1987.154836,40.88997246,6531.620162,4536.966984,0.13,10,0.132249498,0.30194507,0.434693599,1929.170534,1.092669332,1929.170534,0.17,340.9536766,1588.216858,-4.882352941,0.071741308,0.725498491,0.119649654,0.083110548,5.311029879,0.001012646,1611.153181,7596.24681,31060.98159,2.33E-06,0.050699359,3.06E-10,1.63E-06,GOOD,2172.223292,1802.861522
COAC,Lettuce,Colorado River,5341.049255,1008,18.9,1.456538014,1600,14.56538014,12500,929,0.25,10,0.083984211,0.048763332,0.656126648,4007.63462,1.206097062,4007.63462,0.17,340.9536766,3666.680943,-4.882352941,0.293163877,0.004775813,0.65349273,0.04856758,18.88443527,0.000748917,128802.9096,5341.049317,7779.428774,-6.19E-05,0.012500173,1.16E-08,1.61E-06,GOOD,1008,4000.98497
COAC,Onions and Garlic,Colorado River,150.7121,230.8625229,23.68387637,3.522556052,877.8843718,35.22556052,1530.602846,2280.813492,0.41,10,0.160557684,0.417141646,0.279934415,743.1931805,1.102195556,743.1931805,0.17,340.9536766,402.2395039,-4.882352941,0.073998302,0.752019686,0.069868348,0.104113665,17.82348718,0.016183335,6901.271956,150.7121022,530.8910642,-2.22E-06,0.000755763,1.47E-08,1.42E-06,GOOD,230.8625229,654.3347296
COAC,Orchards,Colorado River,9834.489349,3219.761233,3.883095309,3.064182243,1781.580591,30.64182243,4322.239161,4551.270755,0.13,10,0.142496355,0.364024786,0.345706127,1816.907411,1.114315386,1816.907411,0.17,340.9536766,1475.953734,-4.882352941,0.182408714,0.367789723,0.219095933,0.230705631,3.536787203,0.000782177,1900.454093,9834.489384,30134.61858,-3.53E-05,0.049053423,3.59E-09,1.63E-06,GOOD,3219.761233,1753.657105
COAC,Pasture,Colorado River,2027.849626,1469.892989,4.476617648,8.233264788,1245.797356,82.33264788,745.9434584,3204.520089,0.51,10,0.189326621,0.486998112,0.113362702,1301.555344,1.187211785,1301.555344,0.17,340.9536766,960.6016674,-4.882352941,0.001045229,0.997333818,0.000306075,0.001314878,1.333038314,0.000966928,321167.9296,2027.849436,16695.79389,0.000190313,0.029033471,9.38E-08,1.74E-06,GOOD,1469.892989,706.0215011
COAC,Potatoes,Colorado River,125.0634267,582.1214152,13.25160821,5.581382827,787.7965292,55.81382827,822.0485549,4778.157229,0.41,10,0.10212496,0.619410086,0.106565176,1270.228784,1.140117795,1270.228784,0.17,340.9536766,929.2751069,-4.882352941,0.008083289,0.969920829,0.003228753,0.018767129,6.47491451,0.019502299,7681.530533,125.0634222,698.0257981,4.52E-06,0.001064018,3.62E-08,1.52E-06,GOOD,582.1214152,1014.524269
COAC,Subtropical,Colorado River,7524.643223,3010.958159,3.539238296,5.958172293,2154.04224,59.58172293,4605.710497,1706.718445,0.13,10,0.202134149,0.160157528,0.432197361,2130.445519,1.190356925,2130.445519,0.17,340.9536766,1789.491842,-4.882352941,0.011478941,0.971608887,0.012339556,0.004572617,1.708403619,0.001022282,1760.305638,7524.643176,44833.04706,4.66E-05,0.07370155,6.19E-09,1.64E-06,GOOD,3010.958159,1835.029071
COAC,Truck,Colorado River,11205.8846,187.9449546,36.44564981,1.168233956,362.6494853,11.68233956,2011.210823,1631.558344,0.41,10,0.052943262,0.238191489,0.293617021,2832.675007,1.623956232,2832.675007,0.17,340.9536766,2491.72133,-4.882352941,0.465583533,0.003636779,0.293048998,0.23773069,36.43119755,0.000217656,1144156.839,11205.88504,13091.07413,-0.000437465,0.02076899,3.90E-08,1.59E-06,GOOD,187.9449546,2830.709641
COAC,Tomatoes,Colorado River,110.0197816,98.57440504,49.02553846,3.924449153,153.2415104,39.24449153,1636.119733,1089.477375,0.74,10,0.031709536,0.225440365,0.338554465,1914.580176,1.577246531,1914.580176,0.17,340.9536766,1573.626499,-4.882352941,0.057603669,0.866468898,0.045577672,0.030349761,32.51247988,0.012282803,36397.97375,110.019782,431.7664382,-3.52E-07,0.000600508,3.20E-09,1.39E-06,GOOD,98.57440504,1799.811656
IMP,Alfalfa,Colorado River,145414.7643,258.2888978,7.462469935,6.349688555,543.3022338,63.49688555,290.8658248,359.2521167,1.86,10,0.281872792,0.186385019,0.150905255,670.5560735,1.460469236,670.5560735,0.17,138.0844487,532.4716249,-4.882352941,0.002293837,0.996477631,0.000549651,0.000678881,2.362690218,3.70E-06,16996158.1,145414.7637,923338.1525,0.000575805,0.312146018,3.96E-09,3.38E-07,GOOD,258.2888978,330.8675116
IMP,Beans Dry,Colorado River,19.98171416,1398.951357,13.24,2.712448276,1577.477458,27.12448276,1315.987374,9335.230646,1.68,10,0.085167238,0.504004546,0.071049516,6266.296006,1.439325194,6266.296006,0.17,138.0844487,6128.211557,-4.882352941,0.355945035,0.160710032,0.0597186,0.423626334,12.77715204,0.029789141,142641.1664,19.98171445,54.19939277,-2.92E-07,-2.66E-05,1.46E-08,4.92E-07,GOOD,1398.951357,6219.846732
IMP,Corn,Colorado River,26684.9055,537.3529735,14.39866231,3.708931611,681.9672606,37.08931611,676.9035344,4322.516293,0.3,10,0.088141761,0.558669338,0.087487293,2018.687603,1.288582326,2018.687603,0.17,138.0844487,1880.603154,-4.882352941,0.089988075,0.743427082,0.022554991,0.144029852,10.90798576,0.000124915,731837.1618,26684.90565,98972.45801,-0.00014966,0.03153769,5.61E-09,3.19E-07,GOOD,537.3529735,1918.215182
IMP,Cotton,Colorado River,58.78676481,2036.354651,1.083835094,5.971693969,327.8366135,59.71693969,172.65507,982.6777675,0.68,10,0.148539114,0.445240339,0.078228087,664.1862439,1.362364689,664.1862439,0.17,138.0844487,526.1017952,-4.882352941,0.002683564,0.994191096,0.000467057,0.002658284,0.379705192,0.025015635,7844.164005,58.78676504,351.0564982,-2.33E-07,7.06E-05,3.97E-09,2.01E-07,GOOD,2036.354651,367.291895
IMP,Cucurbits,Colorado River,5430.479369,476.5871364,17.35854775,2.811221224,387.6230202,28.11221224,5407.121734,1892.024753,0.05,10,0.046854775,0.228702604,0.653597591,557.9788448,1.021261908,557.9788448,0.17,138.0844487,419.8943961,-4.882352941,0.074955391,0.346460327,0.428608421,0.149975862,15.92136536,0.003682916,0.000451929,5430.479391,15266.27401,-2.18E-05,0.004845088,4.02E-09,3.17E-07,GOOD,476.5871364,507.0614093
IMP,Field and Grain,Colorado River,26717.79443,215.0815563,8.751417826,5.491105357,356.3635474,54.91105357,213.3790505,916.6612378,0.74,10,0.189326621,0.486998112,0.113362702,340.9536766,1.163056778,340.9536766,0.17,138.0844487,202.8692279,-4.882352941,0.003082958,0.991920942,0.000943385,0.004052715,3.281701946,5.06E-05,2862467.109,26717.79493,146710.1781,-0.000496027,0.046064609,1.86E-08,3.14E-07,GOOD,215.0815563,94.34234973
IMP,Lettuce,Colorado River,59161.48244,1008,18.9,1.456538014,1600,14.56538014,12500,929,0.25,10,0.083984211,0.048763332,0.656126648,4007.63462,1.206097062,4007.63462,0.17,138.0844487,3869.550171,-4.882352941,0.293163877,0.004775813,0.65349273,0.04856758,18.88443527,6.76E-05,1481674.27,59161.48269,86170.92067,-0.000245321,0.027466149,4.15E-09,3.19E-07,GOOD,1008,4000.98497
IMP,Onions and Garlic,Colorado River,12685.46679,230.8625229,23.68387637,3.522556052,877.8843718,35.22556052,1530.602846,2280.813492,0.41,10,0.160557684,0.417141646,0.279934415,743.1931805,1.102195556,743.1931805,0.17,138.0844487,605.1087318,-4.882352941,0.073998302,0.752019686,0.069868348,0.104113665,17.82348718,0.000192269,672937.3087,12685.46697,44685.25396,-0.00018044,0.013854118,1.42E-08,3.10E-07,GOOD,230.8625229,654.3347296
IMP,Orchards,Colorado River,1084.35938,3219.761233,3.883095309,3.064182243,1781.580591,30.64182243,4322.239161,4551.270755,0.13,10,0.142496355,0.364024786,0.345706127,1816.907411,1.114315386,1816.907411,0.17,138.0844487,1678.822962,-4.882352941,0.182408714,0.367789723,0.219095933,0.230705631,3.536787203,0.007093873,222.5955912,1084.359382,3322.673732,-2.45E-06,0.001025357,2.26E-09,3.09E-07,GOOD,3219.761233,1753.657105
IMP,Pasture,Colorado River,90296.36006,1469.892989,4.476617648,8.233264788,1245.797356,82.33264788,745.9434584,3204.520089,0.51,10,0.189326621,0.486998112,0.113362702,1301.555344,1.187211785,1301.555344,0.17,138.0844487,1163.470895,-4.882352941,0.001045229,0.997333818,0.000306075,0.001314878,1.333038314,2.17E-05,15615926.99,90296.35933,743433.5925,0.000728135,0.249230632,8.06E-09,3.35E-07,GOOD,1469.892989,706.0215011
IMP,Potatoes,Colorado River,679.2364573,582.1214152,13.25160821,5.581382827,787.7965292,55.81382827,822.0485549,4778.157229,0.41,10,0.10212496,0.619410086,0.106565176,1270.228784,1.140117795,1270.228784,0.17,138.0844487,1132.144335,-4.882352941,0.008083289,0.969920829,0.003228753,0.018767129,6.47491451,0.003590833,46648.51931,679.2364591,3791.077518,-1.79E-06,0.001180334,2.63E-09,3.11E-07,GOOD,582.1214152,1014.524269
IMP,Safflower,Colorado River,115.8646159,565.3467595,1.069333333,2.346040268,118.2441699,23.46040268,68.28184419,256.4732692,0.74,10,0.195592287,0.424242424,0.112947658,138.0844487,1.234310994,138.0844487,0.17,138.0844487,0,-4.882352941,0.122690386,0.721867236,0.032682756,0.122759622,0.829480023,0.011663193,2624.68898,115.8646695,271.8231339,-5.36E-05,-7.94E-05,4.62E-07,2.92E-07,GOOD,565.3467595,106.505802
IMP,Subtropical,Colorado River,7918.001989,3010.958159,3.539238296,5.958172293,2154.04224,59.58172293,4605.710497,1706.718445,0.13,10,0.202134149,0.160157528,0.432197361,2130.445519,1.190356925,2130.445519,0.17,138.0844487,1992.36107,-4.882352941,0.011478941,0.971608887,0.012339556,0.004572617,1.708403619,0.000971496,1947.617721,7918.00199,47176.80479,-1.28E-06,0.015279357,1.62E-10,3.24E-07,GOOD,3010.958159,1835.029071
IMP,Sunflowers,Colorado River,1171.057586,3639.713227,0.60825,5.544757405,458.2915301,55.44757405,392.4029709,859.4796422,0.74,10,0.207010582,0.388227513,0.177248677,448.2338531,1.19415946,448.2338531,0.17,138.0844487,310.1494044,-4.882352941,0.003781571,0.9909962,0.001636909,0.00358532,0.233005048,0.001153958,172399.5103,1171.057601,6493.228195,-1.47E-05,0.002026288,1.25E-08,3.12E-07,GOOD,3639.713227,196.2380803
IMP,Truck,Colorado River,18319.95294,187.9449546,36.44564981,1.168233956,362.6494853,11.68233956,2011.210823,1631.558344,0.41,10,0.052943262,0.238191489,0.293617021,2832.675007,1.623956232,2832.675007,0.17,138.0844487,2694.590558,-4.882352941,0.465583533,0.003636779,0.293048998,0.23773069,36.43119755,0.000133135,2003470.333,18319.95318,21401.98449,-0.000236352,0.006608171,1.29E-08,3.09E-07,GOOD,187.9449546,2830.709641
OXNV,Alfalfa,South Coast,12.72970771,266.771587,7.78571868,4.861060872,585.4521929,48.61060872,313.4315016,387.123274,1.86,10,0.281872792,0.186385019,0.150905255,742.390951,1.482149939,742.390951,0.17,153.1144768,589.2764741,-4.882352941,0.011901022,0.981820136,0.002809184,0.003469659,3.442991167,0.042234623,16247.15359,12.72970507,61.87980291,2.64E-06,8.11E-05,2.07E-07,1.31E-06,GOOD,266.771587,554.7024317
OXNV,Beans Dry,South Coast,108.3916919,1601.018386,9.920719374,1.559609211,1352.732884,77.98046055,1128.497518,8005.232282,1.68,50,0.085167238,0.504004546,0.071049516,5318.810976,1.431869951,5318.810976,0.17,153.1144768,5165.696499,-4.882352941,0.40462601,0.041417556,0.068442846,0.485513588,9.845058939,0.005491547,654545.169,108.3916962,169.0486429,-4.26E-06,3.82E-05,3.93E-08,2.26E-07,GOOD,1601.018386,5275.172392
OXNV,Berries,South Coast,13412.30341,3593.648113,21.40120823,2.270858762,3479.209334,113.5429381,32046.41321,29788.41908,0.25,50,0.045238346,0.387323291,0.416682812,11480.82701,1.119498859,11480.82701,0.17,153.1144768,11327.71253,-4.882352941,0.180196191,0.074992699,0.386004517,0.358806592,21.06859569,0.000298234,909348.2495,13412.30343,30457.43786,-2.07E-05,0.008861381,1.54E-09,2.91E-07,GOOD,3593.648113,11336.52997
OXNV,Corn,South Coast,26.40129758,519.8803701,13.68894259,2.879812638,627.2707619,143.9906319,622.6131667,3975.833218,0.3,50,0.088141761,0.558669338,0.087487293,1746.904761,1.262215098,1746.904761,0.17,153.1144768,1593.790285,-4.882352941,0.07383324,0.783162087,0.01936232,0.123642353,10.05115153,0.126256421,627.5650504,26.40129772,76.03077299,-1.40E-07,1.74E-05,5.30E-09,2.29E-07,GOOD,519.8803701,1476.229352
OXNV,Cucurbits,South Coast,279.8855846,1033.115317,15.27174185,2.078707055,739.2498265,103.9353528,10312.11666,3608.348569,0.05,50,0.046854775,0.228702604,0.653597591,1013.820014,1.017780961,1013.820014,0.17,153.1144768,860.7055374,-4.882352941,0.090482271,0.191032199,0.532245617,0.186239913,14.64262812,0.071457771,4.61E-05,279.8855855,581.7999749,-9.44E-07,0.000164404,3.37E-09,2.83E-07,GOOD,1033.115317,901.704216
OXNV,Field and Grain,South Coast,3265.88907,209.4121108,5.442696543,3.463710175,215.7881537,86.59275438,129.2070182,555.0641684,0.74,25,0.189326621,0.486998112,0.113362702,153.1144768,1.100177032,153.1144768,0.17,153.1144768,0,-4.882352941,0.009618461,0.972540419,0.003368837,0.014472283,2.648848294,0.000413777,135013.2256,3265.888946,11312.08563,0.000123946,0.007573655,3.80E-08,6.70E-07,GOOD,209.4121108,-60.2249732
OXNV,Grapes,South Coast,84.37665106,1957.698082,9.079949308,2.882762464,2350.84054,144.1381232,7727.026192,5367.314977,0.13,50,0.132249498,0.30194507,0.434693599,2186.479513,1.08595711,2186.479513,0.17,153.1144768,2033.365036,-4.882352941,0.105599929,0.589647157,0.179835985,0.124916928,7.578353046,0.091166307,21.94470579,84.37665116,243.2377759,-9.73E-08,6.66E-05,1.15E-09,2.74E-07,GOOD,1957.698082,1915.101665
OXNV,Lettuce,South Coast,4664.745011,1008,18.9,2.182611413,1600,141.8697418,12500,929,0.25,65,0.083984211,0.048763332,0.656126648,3880.330258,1.195976256,3880.330258,0.17,153.1144768,3727.215781,-4.882352941,0.216444143,0.253181178,0.493684078,0.036690601,17.83030312,0.000857496,113786.3793,4664.745033,10181.32345,-2.17E-05,0.002254713,4.65E-09,2.21E-07,GOOD,1008,3712.553482
OXNV,Onions and Garlic,South Coast,61.2668274,1171.55245,14.19643845,2.418056426,2670.374889,120.9028213,4655.833429,6937.846567,0.41,50,0.160557684,0.417141646,0.279934415,2246.914541,1.101141808,2246.914541,0.17,153.1144768,2093.800064,-4.882352941,0.192687384,0.353006255,0.18244205,0.271864311,13.00460241,0.039809869,10441.00049,61.26682782,148.1466079,-4.16E-07,3.78E-05,6.79E-09,2.55E-07,GOOD,1171.55245,2075.467518
OXNV,Orchards,South Coast,19248.39291,4038.232105,1.94049809,2.23900313,1116.627328,111.9501565,2709.016022,2852.564362,0.13,50,0.142496355,0.364024786,0.345706127,1046.023818,1.099095238,1046.023818,0.17,153.1144768,892.9093414,-4.882352941,0.160747534,0.425866179,0.201358247,0.212028041,1.737138409,0.000399634,2294.599946,19248.39303,43097.19946,-0.000117285,0.012508585,6.09E-09,2.90E-07,GOOD,4038.232105,907.3172239
OXNV,Pasture,South Coast,2061.242519,2010.02551,5,5.664931619,1902.75669,56.64931619,1139.309615,4894.393142,0.51,10,0.189326621,0.486998112,0.113362702,2057.018787,1.197475267,2057.018787,0.17,153.1144768,1903.90431,-4.882352941,0.014167744,0.964244175,0.004076354,0.017511727,2.530290316,0.000951263,563229.8502,2061.242464,11676.78047,5.53E-05,0.017446575,2.68E-08,1.49E-06,GOOD,2010.02551,1792.753601
OXNV,Subtropical,South Coast,24456.77659,2644.244895,5.471174567,3.277692314,2924.300085,163.8846157,6252.653427,2317.019044,0.13,50,0.202134149,0.160157528,0.432197361,2809.268247,1.181882269,2809.268247,0.17,153.1144768,2656.15377,-4.882352941,0.084045233,0.790336638,0.091654217,0.033963911,3.982251771,0.000314527,8096.276025,24456.77659,80161.76498,-2.80E-06,0.023678553,1.15E-10,2.95E-07,GOOD,2644.244895,2435.989517
OXNV,Truck,South Coast,14889.51311,673.7006393,24.0003743,1.75058992,856.0431773,87.529496,4747.513434,3851.334265,0.41,50,0.052943262,0.238191489,0.293617021,6626.647137,1.613753253,6626.647137,0.17,153.1144768,6473.53266,-4.882352941,0.429327947,0.077303294,0.272394034,0.220974725,23.63438239,0.000163808,3903807.212,14889.51322,26065.42411,-0.00011341,0.007454759,7.62E-09,2.86E-07,GOOD,673.7006393,6560.94838
OXNV,Walnuts,South Coast,144.7119036,1870.546234,1.333556378,3.249985978,638.4461245,162.4992989,223.7090151,681.35836,0.13,50,0.25594369,0.273146576,0.089681664,788.4660622,1.392541812,788.4660622,0.17,153.1144768,635.3515854,-4.882352941,0.026610298,0.956511219,0.00417192,0.012706563,0.711404808,0.053156012,10.93506298,144.7119037,470.311516,-1.08E-07,0.000141588,7.47E-10,3.01E-07,GOOD,1870.546234,422.8449182
OXNV,Tomatoes,South Coast,11.2406011,3627.34533,16.17752947,2.605312983,1860.762692,130.2656492,19866.87909,13229.17562,0.74,50,0.031709536,0.225440365,0.338554465,23594.40292,1.592812073,23594.40292,0.17,153.1144768,23441.28845,-4.882352941,0.3510017,0.192636254,0.273944724,0.182417322,15.4908722,0.120220559,54486.95649,11.24060112,29.28528021,-2.07E-08,3.77E-06,1.84E-09,1.29E-07,GOOD,3627.34533,23385.28578
PALV,Alfalfa,Colorado River,45091.16623,258.2888978,7.462469935,6.349688555,543.3022338,63.49688555,290.8658248,359.2521167,1.86,10,0.281872792,0.186385019,0.150905255,670.5560735,1.460469236,670.5560735,0.17,340.9536766,329.6023969,-4.882352941,0.002293837,0.996477631,0.000549651,0.000678881,2.362690218,1.19E-05,42764121.29,45091.16566,286314.6374,0.000572302,0.224792117,1.27E-08,7.85E-07,GOOD,258.2888978,330.8675116
PALV,Almonds,Colorado River,6.098707983,4727.259845,0.880421053,5.171405369,905.4400824,51.71405369,389.6166428,1253.946914,0.4,10,0.217550368,0.301286212,0.093613311,1561.261398,1.524113756,1561.261398,0.17,340.9536766,1220.307721,-4.882352941,0.015248997,0.974590595,0.002408586,0.007751823,0.416020497,0.40992289,425.6703148,6.098708037,31.5389211,-5.38E-08,-2.99E-05,8.82E-09,9.48E-07,GOOD,4727.259845,1345.541116
PALV,Corn,Colorado River,1811.61954,537.3529735,14.39866231,3.708931611,681.9672606,37.08931611,676.9035344,4322.516293,0.3,10,0.088141761,0.558669338,0.087487293,2018.687603,1.288582326,2018.687603,0.17,340.9536766,1677.733926,-4.882352941,0.089988075,0.743427082,0.022554991,0.144029852,10.90798576,0.001839974,45750.62053,1811.619565,6719.168082,-2.54E-05,0.004897469,1.40E-08,7.29E-07,GOOD,537.3529735,1918.215182
PALV,Cotton,Colorado River,10909.92628,2036.354651,1.083835094,5.971693969,327.8366135,59.71693969,172.65507,982.6777675,0.68,10,0.148539114,0.445240339,0.078228087,664.1862439,1.362364689,664.1862439,0.17,340.9536766,323.2325673,-4.882352941,0.002683564,0.994191096,0.000467057,0.002658284,0.379705192,0.000134794,1109914.464,10909.9264,65150.69172,-0.000121436,0.049252879,1.11E-08,7.56E-07,GOOD,2036.354651,367.291895
PALV,Cucurbits,Colorado River,1766.731696,476.5871364,17.35854775,2.811221224,387.6230202,28.11221224,5407.121734,1892.024753,0.05,10,0.046854775,0.228702604,0.653597591,557.9788448,1.021261908,557.9788448,0.17,340.9536766,217.0251682,-4.882352941,0.074955391,0.346460327,0.428608421,0.149975862,15.92136536,0.011320338,0.000110091,1766.731718,4966.670032,-2.19E-05,0.003609237,1.24E-08,7.27E-07,GOOD,476.5871364,507.0614093
PALV,Field and Grain,Colorado River,7445.166637,215.0815563,8.751417826,5.491105357,356.3635474,54.91105357,213.3790505,916.6612378,0.74,10,0.189326621,0.486998112,0.113362702,340.9536766,1.163056778,340.9536766,0.17,340.9536766,0,-4.882352941,0.003082958,0.991920942,0.000943385,0.004052715,3.281701946,0.000181507,508293.997,7445.167128,40882.16569,-0.000491321,0.028711524,6.60E-08,7.02E-07,GOOD,215.0815563,94.34234973
PALV,Lettuce,Colorado River,1673.302898,1008,18.9,1.456538014,1600,14.56538014,12500,929,0.25,10,0.083984211,0.048763332,0.656126648,4007.63462,1.206097062,4007.63462,0.17,340.9536766,3666.680943,-4.882352941,0.293163877,0.004775813,0.65349273,0.04856758,18.88443527,0.002390482,40352.79803,1673.302915,2437.227534,-1.66E-05,0.001745433,9.93E-09,7.16E-07,GOOD,1008,4000.98497
PALV,Onions and Garlic,Colorado River,1782.613277,230.8625229,23.68387637,3.522556052,877.8843718,35.22556052,1530.602846,2280.813492,0.41,10,0.160557684,0.417141646,0.279934415,743.1931805,1.102195556,743.1931805,0.17,340.9536766,402.2395039,-4.882352941,0.073998302,0.752019686,0.069868348,0.104113665,17.82348718,0.00136823,81627.81234,1782.613345,6279.350756,-6.75E-05,0.00443114,3.79E-08,7.06E-07,GOOD,230.8625229,654.3347296
PALV,Orchards,Colorado River,648.5097905,3219.761233,3.883095309,3.064182243,1781.580591,30.64182243,4322.239161,4551.270755,0.13,10,0.142496355,0.364024786,0.345706127,1816.907411,1.114315386,1816.907411,0.17,340.9536766,1475.953734,-4.882352941,0.182408714,0.367789723,0.219095933,0.230705631,3.536787203,0.011861514,125.3204963,648.5097941,1987.15076,-3.58E-06,0.001424527,5.53E-09,7.17E-07,GOOD,3219.761233,1753.657105
PALV,Pasture,Colorado River,4031.583642,1469.892989,4.476617648,8.233264788,1245.797356,82.33264788,745.9434584,3204.520089,0.51,10,0.189326621,0.486998112,0.113362702,1301.555344,1.187211785,1301.555344,0.17,340.9536766,960.6016674,-4.882352941,0.001045229,0.997333818,0.000306075,0.001314878,1.333038314,0.000486356,638516.4633,4031.583559,33193.0699,8.27E-05,0.025742503,2.05E-08,7.76E-07,GOOD,1469.892989,706.0215011
PALV,Potatoes,Colorado River,730.3197676,582.1214152,13.25160821,5.581382827,787.7965292,55.81382827,822.0485549,4778.157229,0.41,10,0.10212496,0.619410086,0.106565176,1270.228784,1.140117795,1270.228784,0.17,340.9536766,929.2751069,-4.882352941,0.008083289,0.969920829,0.003228753,0.018767129,6.47491451,0.003339666,44857.02768,730.3197725,4076.191222,-4.85E-06,0.002987589,6.64E-09,7.33E-07,GOOD,582.1214152,1014.524269
PALV,Subtropical,Colorado River,1506.454008,3010.958159,3.539238296,5.958172293,2154.04224,59.58172293,4605.710497,1706.718445,0.13,10,0.202134149,0.160157528,0.432197361,2130.445519,1.190356925,2130.445519,0.17,340.9536766,1789.491842,-4.882352941,0.011478941,0.971608887,0.012339556,0.004572617,1.708403619,0.005106235,352.4179692,1506.454009,8975.705843,-5.59E-07,0.006687697,3.71E-10,7.45E-07,GOOD,3010.958159,1835.029071
PALV,Truck,Colorado River,57.08847397,187.9449546,36.44564981,1.168233956,362.6494853,11.68233956,2011.210823,1631.558344,0.41,10,0.052943262,0.238191489,0.293617021,2832.675007,1.623956232,2832.675007,0.17,340.9536766,2491.72133,-4.882352941,0.465583533,0.003636779,0.293048998,0.23773069,36.43119755,0.042723587,5828.916703,57.08847579,66.69269884,-1.82E-06,-5.05E-06,3.19E-08,7.57E-08,GOOD,187.9449546,2830.709641
PITRC,Alfalfa,Sacramento River,12236.3104,280.6469987,5.962401488,3.537610105,471.6662224,35.37610105,252.5143029,311.8836593,1.86,10,0.281872792,0.186385019,0.150905255,601.889797,1.487388256,601.889797,0.17,62.62442621,539.2653708,-4.882352941,0.057933256,0.911609636,0.013626653,0.016830455,3.643555099,4.39E-05,13439822.77,12236.31009,43287.23886,0.000314336,0.056462592,2.57E-08,1.30E-06,GOOD,280.6469987,512.1190455
PITRC,Field and Grain,Sacramento River,5183.213892,209.6613847,3.03361867,2.845649619,120.4179202,71.14124048,72.10238442,309.7467197,0.74,25,0.189326621,0.486998112,0.113362702,62.62442621,1.056394644,62.62442621,0.17,62.62442621,0,-4.882352941,0.01487795,0.954084795,0.005860587,0.025176667,1.653693583,0.000260717,119574.2148,5183.215071,14749.60569,-0.001178989,0.004950206,2.27E-07,3.36E-07,GOOD,209.6613847,-68.67737717
PITRC,Orchards,Sacramento River,1.36562883,2309.334094,2.07088168,3.327741402,681.468536,166.3870701,1653.290347,1740.896727,0.13,50,0.142496355,0.364024786,0.345706127,540.3149882,1.073687064,540.3149882,0.17,62.62442621,477.690562,-4.882352941,0.019222595,0.927375898,0.026011588,0.027389919,1.219081087,5.632795327,0.093905773,1.365628831,4.544464918,-6.43E-10,-5.32E-06,4.71E-10,1.17E-06,GOOD,2309.334094,153.0089163
PITRC,Pasture,Sacramento River,11422.66961,231.3889922,5,3.965593094,219.0404801,39.65593094,131.1544068,563.4300116,0.51,10,0.189326621,0.486998112,0.113362702,203.6641316,1.155852829,203.6641316,0.17,62.62442621,141.0397054,-4.882352941,0.012363677,0.96732044,0.003836132,0.016479751,2.499007503,0.000171657,295242.7266,11422.66887,45297.59809,0.00073598,0.061629133,6.44E-08,1.36E-06,GOOD,231.3889922,86.06077663
PITRC,Rice,Sacramento River,1290.480633,774.5349774,3.911625416,4.534377778,378.0637021,226.7188889,216.5505211,1737.988565,0.2,50,0.124786237,0.573652143,0.071476115,470.3690261,1.127415808,470.3690261,0.17,62.62442621,407.7445999,-4.882352941,0.002314436,0.992353786,0.000590727,0.004741051,1.464755015,0.003874525,1366.550515,1290.480604,5851.524998,2.87E-05,0.001707573,2.22E-08,2.92E-07,GOOD,774.5349774,-330.9411767
PITREL,Alfalfa,Sacramento River,10999.1602,280.6469987,5.962401488,3.537610105,471.6662224,35.37610105,252.5143029,311.8836593,1.86,10,0.281872792,0.186385019,0.150905255,601.889797,1.487388256,601.889797,0.17,62.62442621,539.2653708,-4.882352941,0.057933256,0.911609636,0.013626653,0.016830455,3.643555099,4.89E-05,12080991.64,10999.16019,38910.69766,1.24E-05,0.04261389,1.13E-09,1.10E-06,GOOD,280.6469987,512.1190455
PITREL,Field and Grain,Sacramento River,2205.450515,209.6613847,3.03361867,2.845649619,120.4179202,71.14124048,72.10238442,309.7467197,0.74,25,0.189326621,0.486998112,0.113362702,62.62442621,1.056394644,62.62442621,0.17,62.62442621,0,-4.882352941,0.01487795,0.954084795,0.005860587,0.025176667,1.653693583,0.000612733,50878.667,2205.451098,6275.938061,-0.000582948,0.001356244,2.64E-07,2.16E-07,GOOD,209.6613847,-68.67737717
PITREL,Pasture,Sacramento River,11831.99369,231.3889922,5,3.965593094,219.0404801,39.65593094,131.1544068,563.4300116,0.51,10,0.189326621,0.486998112,0.113362702,203.6641316,1.155852829,203.6641316,0.17,62.62442621,141.0397054,-4.882352941,0.012363677,0.96732044,0.003836132,0.016479751,2.499007503,0.000165719,305822.5614,11831.99323,46920.81859,0.000462415,0.05387217,3.91E-08,1.15E-06,GOOD,231.3889922,86.06077663
PITREL,Rice,Sacramento River,506.3338709,774.5349774,3.911625416,4.534377778,378.0637021,226.7188889,216.5505211,1737.988565,0.2,50,0.124786237,0.573652143,0.071476115,470.3690261,1.127415808,470.3690261,0.17,62.62442621,407.7445999,-4.882352941,0.002314436,0.992353786,0.000590727,0.004741051,1.464755015,0.009874907,536.1807022,506.3338627,2295.90849,8.18E-06,0.000562206,1.61E-08,2.45E-07,GOOD,774.5349774,-330.9411767
PITREU,Alfalfa,Sacramento River,8606.299339,280.6469987,5.962401488,3.537610105,471.6662224,35.37610105,252.5143029,311.8836593,1.86,10,0.281872792,0.186385019,0.150905255,601.889797,1.487388256,601.889797,0.17,62.62442621,539.2653708,-4.882352941,0.057933256,0.911609636,0.013626653,0.016830455,3.643555099,6.25E-05,9452778.985,8606.299392,30445.71091,-5.31E-05,0.020598609,6.17E-09,6.77E-07,GOOD,280.6469987,512.1190455
PITREU,Field and Grain,Sacramento River,3464.899252,209.6613847,3.03361867,2.845649619,120.4179202,71.14124048,72.10238442,309.7467197,0.74,25,0.189326621,0.486998112,0.113362702,62.62442621,1.056394644,62.62442621,0.17,62.62442621,0,-4.882352941,0.01487795,0.954084795,0.005860587,0.025176667,1.653693583,0.000390012,79933.53468,3464.899904,9859.888132,-0.000651532,0.001104115,1.88E-07,1.12E-07,GOOD,209.6613847,-68.67737717
PITREU,Orchards,Sacramento River,21.83113304,2309.334094,2.07088168,3.327741402,681.468536,166.3870701,1653.290347,1740.896727,0.13,50,0.142496355,0.364024786,0.345706127,540.3149882,1.073687064,540.3149882,0.17,62.62442621,477.690562,-4.882352941,0.019222595,0.927375898,0.026011588,0.027389919,1.219081087,0.352354945,1.501190796,21.83113307,72.6483618,-2.89E-08,3.47E-06,1.32E-09,4.78E-08,GOOD,2309.334094,153.0089163
PITREU,Pasture,Sacramento River,30624.36259,231.3889922,5,3.965593094,219.0404801,39.65593094,131.1544068,563.4300116,0.51,10,0.189326621,0.486998112,0.113362702,203.6641316,1.155852829,203.6641316,0.17,62.62442621,141.0397054,-4.882352941,0.012363677,0.96732044,0.003836132,0.016479751,2.499007503,6.40E-05,791550.5412,30624.362,121443.6743,0.000585447,0.086460983,1.91E-08,7.12E-07,GOOD,231.3889922,86.06077663
PITREU,Rice,Sacramento River,2107.428498,774.5349774,3.911625416,4.534377778,378.0637021,226.7188889,216.5505211,1737.988565,0.2,50,0.124786237,0.573652143,0.071476115,470.3690261,1.127415808,470.3690261,0.17,62.62442621,407.7445999,-4.882352941,0.002314436,0.992353786,0.000590727,0.004741051,1.464755015,0.00237256,2231.654955,2107.428479,9555.875487,1.93E-05,0.001463193,9.13E-09,1.53E-07,GOOD,774.5349774,-330.9411767
PITREU,Truck,Sacramento River,0.32739123,742.5153484,22.835,2.662234731,945.7732119,133.1117366,5245.145436,4255.029217,0.41,50,0.055780263,0.25095514,0.309350686,6376.278379,1.526406084,6376.278379,0.17,62.62442621,6313.653953,-4.882352941,0.224008708,0.485345724,0.160468447,0.130177121,19.96250047,7.449876987,85.01555936,0.327391231,0.871598541,-9.08E-10,-6.24E-06,2.77E-09,7.16E-06,GOOD,742.5153484,6155.015428
PITRW,Alfalfa,Sacramento River,6291.354834,280.6469987,5.962401488,3.537610105,471.6662224,35.37610105,252.5143029,311.8836593,1.86,10,0.281872792,0.186385019,0.150905255,601.889797,1.487388256,601.889797,0.17,62.62442621,539.2653708,-4.882352941,0.057933256,0.911609636,0.013626653,0.016830455,3.643555099,8.55E-05,6910146.21,6291.354868,22256.33613,-3.40E-05,0.024304045,5.41E-09,1.09E-06,GOOD,280.6469987,512.1190455
PITRW,Berries,Sacramento River,243.2498212,5808.7562,4.15,3.453441036,1090.53087,172.6720518,10044.6968,9336.946257,0.25,50,0.045238346,0.387323291,0.416682812,3461.492251,1.112065325,3461.492251,0.17,62.62442621,3398.867825,-4.882352941,0.046810867,0.75387742,0.103294943,0.096016769,3.118772009,0.016444,5000.377436,243.2498213,840.0487392,-1.12E-07,0.000175307,4.61E-10,2.09E-07,GOOD,5808.7562,3037.851554
PITRW,Field and Grain,Sacramento River,2627.27505,209.6613847,3.03361867,2.845649619,120.4179202,71.14124048,72.10238442,309.7467197,0.74,25,0.189326621,0.486998112,0.113362702,62.62442621,1.056394644,62.62442621,0.17,62.62442621,0,-4.882352941,0.01487795,0.954084795,0.005860587,0.025176667,1.653693583,0.000514355,60609.95315,2627.275804,7476.302784,-0.00075435,0.001461023,2.87E-07,1.95E-07,GOOD,209.6613847,-68.67737717
PITRW,Onions and Garlic,Sacramento River,95.12116088,237.8260314,20.6576823,2.113494575,788.809401,105.6747287,1375.299473,2049.389626,0.41,50,0.160557684,0.417141646,0.279934415,593.7613706,1.083305782,593.7613706,0.17,62.62442621,531.1369444,-4.882352941,0.155554362,0.459130585,0.154736262,0.230578791,18.29565508,0.025641239,4491.200489,95.12116363,201.0380255,-2.75E-06,3.20E-05,2.89E-08,1.59E-07,GOOD,237.8260314,476.0931334
PITRW,Pasture,Sacramento River,18006.70043,231.3889922,5,3.965593094,219.0404801,39.65593094,131.1544068,563.4300116,0.51,10,0.189326621,0.486998112,0.113362702,203.6641316,1.155852829,203.6641316,0.17,62.62442621,141.0397054,-4.882352941,0.012363677,0.96732044,0.003836132,0.016479751,2.499007503,0.000108892,465420.7391,18006.69981,71407.16493,0.000615657,0.081942461,3.42E-08,1.15E-06,GOOD,231.3889922,86.06077663
PITRW,Rice,Sacramento River,4943.641141,774.5349774,3.911625416,4.534377778,378.0637021,226.7188889,216.5505211,1737.988565,0.2,50,0.124786237,0.573652143,0.071476115,470.3690261,1.127415808,470.3690261,0.17,62.62442621,407.7445999,-4.882352941,0.002314436,0.992353786,0.000590727,0.004741051,1.464755015,0.0010114,5235.053649,4943.641065,22416.33098,7.57E-05,0.00554863,1.53E-08,2.48E-07,GOOD,774.5349774,-330.9411767
PITRW,Truck,Sacramento River,11.50262236,742.5153484,22.835,2.662234731,945.7732119,133.1117366,5245.145436,4255.029217,0.41,50,0.055780263,0.25095514,0.309350686,6376.278379,1.526406084,6376.278379,0.17,62.62442621,6313.653953,-4.882352941,0.224008708,0.485345724,0.160468447,0.130177121,19.96250047,0.212040725,2986.951954,11.5026224,30.62268053,-3.81E-08,2.10E-07,3.31E-09,6.85E-09,GOOD,742.5153484,6155.015428
RUSRL,Berries,North Coast,35.04822376,5808.7562,4.15,2.407763981,1090.53087,120.3881991,10044.6968,9336.946257,0.25,50,0.045238346,0.387323291,0.416682812,3513.776104,1.114888824,3513.776104,0.17,108.0078086,3405.768295,-4.882352941,0.140498264,0.268080002,0.306509204,0.284912529,3.897023053,0.114128466,721.5780166,35.04830017,84.38803789,-7.64E-05,-0.000187127,2.18E-06,2.22E-06,GOOD,5808.7562,3344.297934
RUSRL,Corn,North Coast,6.62318171,114.9057173,14.76204445,2.492780338,149.5098721,124.6390169,148.3997352,947.6391269,0.3,50,0.088141761,0.558669339,0.087487293,326.0555552,1.17901347,326.0555552,0.17,108.0078086,218.0477466,-4.882352941,0.038518835,0.872706544,0.012019766,0.076754855,9.830650575,0.503282785,26.05344043,6.623393665,16.51066906,-0.000211955,-0.000531921,3.20E-05,3.22E-05,GOOD,114.9057173,139.9968815
RUSRL,Field and Grain,North Coast,2279.147057,250.0635568,3.303645804,2.557088472,156.406777,63.9272118,93.65135638,402.3195719,0.74,25,0.189326621,0.486998112,0.113362702,109.8165031,1.098390205,109.8165031,0.17,108.0078086,1.808694475,-4.882352941,0.037921803,0.891430311,0.013340037,0.057307849,2.131337509,0.00059292,69082.58538,2279.564986,5829.049322,-0.417928544,-1.06865629,0.000183371,0.000183366,GOOD,250.0635568,10.27617853
RUSRL,Grapes,North Coast,22590.82598,1808.397673,9.676478901,2.243317817,9764.639905,107.7659416,3548.65116,3244.582924,0.13,50,0.580796808,0.192986472,0.211072327,152.8446586,0.960772841,833.2819965,0.17,108.0078086,725.2741879,-4.882352941,0.457084957,0.249925046,0.153052181,0.139937816,9.134993505,0.000340506,14057.90519,22589.60487,50673.48319,1.221107279,4.919236505,5.41E-05,9.71E-05,GOOD,1808.397673,699.2946813
RUSRL,Orchards,North Coast,1757.561972,968.4368182,2.277504558,2.875298636,314.2927061,143.7649318,762.4960946,802.9000818,0.13,50,0.142496355,0.364024786,0.345706127,182.1654533,1.038120941,182.1654533,0.17,108.0078086,74.15764468,-4.882352941,0.018377921,0.923674139,0.028226131,0.029721809,1.363340915,0.004376692,40.50071904,1757.585034,5053.581841,-0.023061881,-0.066300016,1.31E-05,1.31E-05,GOOD,968.4368182,-87.43672722
RUSRL,Pasture,North Coast,4857.365854,152.0683296,4.336874631,3.069359746,124.861149,30.69359746,74.76284716,321.1758786,0.51,10,0.189326621,0.486998112,0.113362702,108.0078086,1.138900984,108.0078086,0.17,108.0078086,0,-4.882352941,0.029266535,0.920972627,0.009396055,0.040364783,2.604112669,0.000403672,43535.1967,4858.143661,14911.39042,-0.777807418,-2.387195129,0.000160129,0.000160118,GOOD,152.0683296,44.49171356
RUSRL,Subtropical,North Coast,122.3422982,1582.552973,2.581298779,2.262567308,825.7264995,113.1283654,1765.544396,654.2502374,0.13,50,0.202134149,0.160157528,0.432197361,726.3925586,1.158357324,726.3925586,0.17,108.0078086,618.38475,-4.882352941,0.154204407,0.605386846,0.175408404,0.065000342,2.145974473,0.062875292,10.48078601,122.34273,276.8086641,-0.000431834,-0.000979787,3.53E-06,3.54E-06,GOOD,1582.552973,583.5603828
RUSRL,Truck,North Coast,504.8835829,841.6412216,16.8,1.856129243,788.709074,92.80646215,4374.08646,3548.398402,0.41,50,0.055780263,0.25095514,0.309350686,5335.572125,1.529561442,5335.572125,0.17,108.0078086,5227.564316,-4.882352941,0.384017443,0.1192104,0.274273085,0.222499072,16.39093809,0.004830865,108654.5294,504.884932,937.1316877,-0.001349126,-0.002505186,2.67E-06,2.67E-06,GOOD,841.6412216,5256.117799
RUSRL,Walnuts,North Coast,103.9771732,1865.758744,1.546620722,3.445920684,738.5565215,172.2960342,258.7873052,788.197533,0.13,50,0.25594369,0.273146576,0.089681664,927.7837418,1.403697066,927.7837418,0.17,108.0078086,819.7759332,-4.882352941,0.022191701,0.963864944,0.003446433,0.010496922,0.793407282,0.073980735,9.612020542,103.9775133,358.2982664,-0.000340102,-0.001174578,3.27E-06,3.28E-06,GOOD,1865.758744,506.361308
RUSRU,Alfalfa,North Coast,119.5214793,249.0919322,6.085272176,2.331077971,427.2605807,23.31077971,228.7410091,282.5209588,1.86,10,0.281872792,0.186385019,0.150905255,553.958876,1.500895821,553.958876,0.17,108.0078086,445.9510674,-4.882352941,0.333190133,0.493201973,0.077672988,0.095934905,5.31132764,0.004498224,113393.1363,119.532566,278.6397043,-0.011086663,-0.025816809,9.28E-05,9.27E-05,GOOD,249.0919322,522.9304106
RUSRU,Berries,North Coast,11.13607598,5808.7562,4.15,2.407763981,1090.53087,120.3881991,10044.6968,9336.946257,0.25,50,0.045238346,0.387323291,0.416682812,3513.776104,1.114888824,3513.776104,0.17,108.0078086,3405.768295,-4.882352941,0.140498264,0.268080002,0.306509204,0.284912529,3.897023053,0.359192952,229.27118,11.13610294,26.81311324,-2.70E-05,-7.06E-05,2.42E-06,2.63E-06,GOOD,5808.7562,3344.297934
RUSRU,Cucurbits,North Coast,6.2892958,422.5236393,11.899,1.932083333,235.5674784,96.60416665,3286.03299,1149.827221,0.05,50,0.046854775,0.228702604,0.653597591,259.576928,1.004229625,259.576928,0.17,108.0078086,151.5691194,-4.882352941,0.067476764,0.328017788,0.447810515,0.156694933,11.01224412,3.180006258,2.51E-07,6.289331176,12.15151989,-3.54E-05,-7.63E-05,5.62E-06,6.28E-06,GOOD,422.5236393,169.5337943
RUSRU,Field and Grain,North Coast,843.4190492,250.0635568,3.303645804,2.557088472,156.406777,63.9272118,93.65135638,402.3195719,0.74,25,0.189326621,0.486998112,0.113362702,109.8165031,1.098390205,109.8165031,0.17,108.0078086,1.808694475,-4.882352941,0.037921803,0.891430311,0.013340037,0.057307849,2.131337509,0.00160223,25564.63757,843.5908043,2157.136132,-0.17175509,-0.439004443,0.000203641,0.000203554,GOOD,250.0635568,10.27617853
RUSRU,Grapes,North Coast,11033.06729,1808.397673,9.676478901,2.243317817,9764.639905,107.7659416,3548.65116,3244.582924,0.13,50,0.580796808,0.192986472,0.211072327,152.8446586,0.960772841,833.2819965,0.17,108.0078086,725.2741879,-4.882352941,0.457084957,0.249925046,0.153052181,0.139937816,9.134993505,0.000697205,6865.699116,11032.47151,24748.27425,0.595779493,2.402175649,5.40E-05,9.71E-05,GOOD,1808.397673,699.2946813
RUSRU,Orchards,North Coast,1000.843607,968.4368182,2.277504558,2.875298636,314.2927061,143.7649318,762.4960946,802.9000818,0.13,50,0.142496355,0.364024786,0.345706127,182.1654533,1.038120941,182.1654533,0.17,108.0078086,74.15764468,-4.882352941,0.018377921,0.923674139,0.028226131,0.029721809,1.363340915,0.007685824,23.06313312,1000.85819,2877.766063,-0.014583183,-0.041804477,1.46E-05,1.45E-05,GOOD,968.4368182,-87.43672722
RUSRU,Pasture,North Coast,2238.215988,152.0683296,4.336874631,3.069359746,124.861149,30.69359746,74.76284716,321.1758786,0.51,10,0.189326621,0.486998112,0.113362702,108.0078086,1.138900984,108.0078086,0.17,108.0078086,0,-4.882352941,0.029266535,0.920972627,0.009396055,0.040364783,2.604112669,0.000876048,20060.49703,2238.613955,6871.11003,-0.397966935,-1.219973271,0.000177805,0.000177583,GOOD,152.0683296,44.49171356
RUSRU,Subtropical,North Coast,30.67084687,1582.552973,2.581298779,2.262567308,825.7264995,113.1283654,1765.544396,654.2502374,0.13,50,0.202134149,0.160157528,0.432197361,726.3925586,1.158357324,726.3925586,0.17,108.0078086,618.38475,-4.882352941,0.154204407,0.605386846,0.175408404,0.065000342,2.145974473,0.250801933,2.627501588,30.67096711,69.39513135,-0.000120239,-0.000275917,3.92E-06,3.98E-06,GOOD,1582.552973,583.5603828
RUSRU,Truck,North Coast,42.59212388,841.6412216,16.8,1.856129243,788.709074,92.80646215,4374.08646,3548.398402,0.41,50,0.055780263,0.25095514,0.309350686,5335.572125,1.529561442,5335.572125,0.17,108.0078086,5227.564316,-4.882352941,0.384017443,0.1192104,0.274273085,0.222499072,16.39093809,0.057264681,9166.127267,42.5922503,79.05672467,-0.00012642,-0.000238018,2.97E-06,3.01E-06,GOOD,841.6412216,5256.117799
RUSRU,Walnuts,North Coast,49.17931509,1865.758744,1.546620722,3.445920684,738.5565215,172.2960342,258.7873052,788.197533,0.13,50,0.25594369,0.273146576,0.089681664,927.7837418,1.403697066,927.7837418,0.17,108.0078086,819.7759332,-4.882352941,0.022191701,0.963864944,0.003446433,0.010496922,0.793407282,0.156413477,4.546311198,49.17949369,169.4686339,-0.000178604,-0.000614833,3.63E-06,3.63E-06,GOOD,1865.758744,506.361308
RUSSRC,Field and Grain,North Coast,239.4284279,250.0635568,3.303645804,2.557088472,156.406777,63.9272118,93.65135638,402.3195719,0.74,25,0.189326621,0.486998112,0.113362702,109.8165031,1.098390205,109.8165031,0.17,108.0078086,1.808694475,-4.882352941,0.037921803,0.891430311,0.013340037,0.057307849,2.131337509,0.005644072,7257.247733,239.9272342,613.5151737,-0.498806315,-1.275500855,0.002083321,0.002083336,GOOD,250.0635568,10.27617853
RUSSRC,Grapes,North Coast,24974.27496,1808.397673,9.676478901,2.243317817,9764.639905,107.7659416,3548.65116,3244.582924,0.13,50,0.580796808,0.192986472,0.211072327,152.8446586,0.960772841,833.2819965,0.17,108.0078086,725.2741879,-4.882352941,0.457084957,0.249925046,0.153052181,0.139937816,9.134993505,0.000308009,15541.0869,24973.05099,56020.08022,1.223972068,5.155766662,4.90E-05,9.20E-05,GOOD,1808.397673,699.2946813
RUSSRC,Orchards,North Coast,179.7675847,968.4368182,2.277504558,2.875298636,314.2927061,143.7649318,762.4960946,802.9000818,0.13,50,0.142496355,0.364024786,0.345706127,182.1654533,1.038120941,182.1654533,0.17,108.0078086,74.15764468,-4.882352941,0.018377921,0.923674139,0.028226131,0.029721809,1.363340915,0.042790293,4.142509088,179.7944044,516.9626107,-0.026819739,-0.077119632,0.000149191,0.000149201,GOOD,968.4368182,-87.43672722
RUSSRC,Pasture,North Coast,380.1607555,152.0683296,4.336874631,3.069359746,124.861149,30.69359746,74.76284716,321.1758786,0.51,10,0.189326621,0.486998112,0.113362702,108.0078086,1.138900984,108.0078086,0.17,108.0078086,0,-4.882352941,0.029266535,0.920972627,0.009396055,0.040364783,2.604112669,0.005157777,3407.273359,380.8521403,1168.972238,-0.691384839,-2.122117977,0.001818664,0.001818672,GOOD,152.0683296,44.49171356
RUSSRC,Subtropical,North Coast,127.9010377,1582.552973,2.581298779,2.262567308,825.7264995,113.1283654,1765.544396,654.2502374,0.13,50,0.202134149,0.160157528,0.432197361,726.3925586,1.158357324,726.3925586,0.17,108.0078086,618.38475,-4.882352941,0.154204407,0.605386846,0.175408404,0.065000342,2.145974473,0.060142653,10.95699056,127.9061726,289.3963304,-0.005134936,-0.011623832,4.01E-05,4.02E-05,GOOD,1582.552973,583.5603828
RUSSRC,Truck,North Coast,63.36946722,841.6412216,16.8,1.856129243,788.709074,92.80646215,4374.08646,3548.398402,0.41,50,0.055780263,0.25095514,0.309350686,5335.572125,1.529561442,5335.572125,0.17,108.0078086,5227.564316,-4.882352941,0.384017443,0.1192104,0.274273085,0.222499072,16.39093809,0.038488952,13637.55898,63.37139344,117.6255029,-0.001926221,-0.003581631,3.04E-05,3.05E-05,GOOD,841.6412216,5256.117799
SAL,Alfalfa,Central Coast,124.1446052,285.4085125,5.753769454,3.906073496,462.8843905,39.06073496,247.8128041,306.0767778,1.86,10,0.281872792,0.186385019,0.150905255,586.3400738,1.481269721,586.3400738,0.17,48.56613578,537.773938,-4.882352941,0.03293222,0.949682736,0.00777815,0.009606894,3.134587891,0.004330711,134969.2869,124.1445905,484.9174012,1.47E-05,0.000550831,1.19E-07,1.14E-06,GOOD,285.4085125,472.8267072
SAL,Berries,Central Coast,8804.511567,3173.779594,32.91702622,1.420392307,4726.112712,71.01961535,43531.43094,40464.20108,0.25,50,0.045238346,0.387323291,0.416682812,15678.62176,1.120548042,15678.62176,0.17,48.56613578,15630.05563,-4.882352941,0.194712143,0.003759686,0.415398603,0.386129568,32.89622186,0.000454313,820660.2216,8804.511576,12505.85795,-9.30E-06,0.002548923,1.06E-09,2.04E-07,GOOD,3173.779594,15648.76566
SAL,Cucurbits,Central Coast,73.5450981,711.6013188,16.77063156,1.662176564,559.1650505,83.1088282,7800.035962,2729.337685,0.05,50,0.046854775,0.228702604,0.653597591,762.3560095,1.017371666,762.3560095,0.17,48.56613578,713.7898737,-4.882352941,0.102888763,0.077332984,0.607282073,0.21249618,16.52005886,0.271941985,9.65E-06,73.54509831,122.2449167,-2.06E-07,2.18E-05,2.81E-09,1.78E-07,GOOD,711.6013188,707.3232912
SAL,Field and Grain,Central Coast,4465.965288,255.5234925,2.245253001,2.883732558,108.6195012,72.09331395,65.03786993,279.3980675,0.74,25,0.189326621,0.486998112,0.113362702,48.56613578,1.04045783,48.56613578,0.17,48.56613578,0,-4.882352941,0.011913035,0.961982308,0.004929193,0.021175464,1.181310423,0.000302589,92933.10165,4465.965219,12878.64327,6.85E-05,0.006229079,1.53E-08,4.84E-07,GOOD,255.5234925,-87.23838692
SAL,Grapes,Central Coast,48837.82923,1828.539429,9.7576058,2.457170381,2359.617621,122.8585191,7755.875761,5387.354345,0.13,50,0.132249498,0.30194507,0.434693599,2216.460692,1.087473403,2216.460692,0.17,48.56613578,2167.894556,-4.882352941,0.165682269,0.35845171,0.280810555,0.195055466,8.922257482,0.000157507,13116.94047,48837.82926,120002.8428,-3.29E-05,0.024685044,6.74E-10,2.06E-07,GOOD,1828.539429,2037.434897
SAL,Lettuce,Central Coast,112509.6856,1008,18.9,1.36519475,1600,88.73765875,12500,929,0.25,65,0.083984211,0.048763332,0.656126648,3933.462341,1.200179578,3933.462341,0.17,48.56613578,3884.896205,-4.882352941,0.285699286,0.020945366,0.645389966,0.047965382,18.83623839,3.56E-05,2825663.265,112509.6861,153597.6084,-0.000457939,0.023704837,4.07E-09,1.54E-07,GOOD,1008,3901.055814
SAL,Onions and Garlic,Central Coast,999.4362001,1427.738608,20.08290673,1.590455311,4603.693159,79.52276555,8026.599034,11960.76136,0.41,50,0.160557684,0.417141646,0.279934415,4002.564981,1.10689565,4002.564981,0.17,48.56613578,3953.998845,-4.882352941,0.293129645,0.026099717,0.273386422,0.407384216,19.98578273,0.0024404,305943.1617,999.4362037,1589.558295,-3.63E-06,0.000317868,3.63E-09,2.00E-07,GOOD,1427.738608,3955.610341
SAL,Orchards,Central Coast,237.282651,1190.158285,14.43863271,2.717713319,2448.694178,135.885666,5940.703399,6255.495968,0.13,50,0.142496355,0.364024786,0.345706127,2403.479133,1.107246113,2403.479133,0.17,48.56613578,2354.912997,-4.882352941,0.138796394,0.512331382,0.169933792,0.178938432,12.48401284,0.032418332,67.61608777,237.282651,644.866091,-4.99E-08,0.000129986,2.10E-10,2.02E-07,GOOD,1190.158285,2170.066515
SAL,Pasture,Central Coast,2934.827098,207.2507842,4.78638378,4.185193859,187.8085607,41.85193859,112.4537362,483.0932597,0.51,10,0.189326621,0.486998112,0.113362702,166.7742967,1.144856983,166.7742967,0.17,48.56613578,118.2081609,-4.882352941,0.007648462,0.979505405,0.002425662,0.010420471,2.177875627,0.000668109,64467.38393,2934.826703,12282.80557,0.000394786,0.014779417,1.35E-07,1.20E-06,GOOD,207.2507842,33.46775891
SAL,Subtropical,Central Coast,1587.01126,2833.550317,6.019821828,2.611553899,3447.896788,130.577695,7372.192676,2731.881917,0.13,50,0.202134149,0.160157528,0.432197361,3374.918973,1.187293945,3374.918973,0.17,48.56613578,3326.352837,-4.882352941,0.219417242,0.455642402,0.23708484,0.087855515,5.323180704,0.00484704,637.7607277,1587.01126,4144.564592,-4.31E-07,0.000851872,2.72E-10,2.06E-07,GOOD,2833.550317,3164.48598
SAL,Truck,Central Coast,15837.45299,1187.253943,17.43634578,1.094970985,1095.99807,54.74854925,6078.274671,4930.89021,0.41,50,0.052943262,0.238191489,0.293617021,8541.458779,1.621359723,8541.458779,0.17,48.56613578,8492.892643,-4.882352941,0.464861634,0.004112551,0.293184887,0.237840928,17.4310866,0.000154004,5432287.298,15837.45306,17341.54802,-7.15E-05,0.00348274,4.51E-09,2.01E-07,GOOD,1187.253943,8536.259255
SAL,Walnuts,Central Coast,357.4916673,2279.333378,0.866689676,2.032823511,505.6102861,101.6411756,177.1638589,539.5941523,0.13,50,0.25594369,0.273146576,0.089681664,651.465234,1.420990198,651.465234,0.17,48.56613578,602.8990982,-4.882352941,0.226007728,0.633990305,0.03460483,0.105397138,0.713111009,0.021517446,23.50833473,357.4916694,726.7173167,-2.06E-06,0.000149602,5.75E-09,2.06E-07,GOOD,2279.333378,546.4878382
SAN,Alfalfa,South Coast,135.391399,266.771587,7.78571868,4.861060872,585.4521929,48.61060872,313.4315016,387.123274,1.86,10,0.281872792,0.186385019,0.150905255,742.390951,1.482149939,742.390951,0.17,153.1144768,589.2764741,-4.882352941,0.011901022,0.981820136,0.002809184,0.003469659,3.442991167,0.003970964,172802.4637,135.3913614,658.144329,3.76E-05,0.001503086,2.78E-07,2.28E-06,GOOD,266.771587,554.7024317
SAN,Berries,South Coast,186.0479637,3593.648113,21.40120823,2.270858762,3479.209334,113.5429381,32046.41321,29788.41908,0.25,50,0.045238346,0.387323291,0.416682812,11480.82701,1.119498859,11480.82701,0.17,153.1144768,11327.71253,-4.882352941,0.180196191,0.074992699,0.386004517,0.358806592,21.06859569,0.021499832,12613.9698,186.0479641,422.4884854,-4.04E-07,0.00016316,2.17E-09,3.86E-07,GOOD,3593.648113,11336.52997
SAN,Cucurbits,South Coast,24.72622728,1033.115317,15.27174185,2.078707055,739.2498265,103.9353528,10312.11666,3608.348569,0.05,50,0.046854775,0.228702604,0.653597591,1013.820014,1.017780961,1013.820014,0.17,153.1144768,860.7055374,-4.882352941,0.090482271,0.191032199,0.532245617,0.186239913,14.64262812,0.808857727,4.08E-06,24.7262274,51.39856746,-1.17E-07,1.56E-05,4.72E-09,3.04E-07,GOOD,1033.115317,901.704216
SAN,Field and Grain,South Coast,583.8045473,209.4121108,5.442696543,3.463710175,215.7881537,86.59275438,129.2070182,555.0641684,0.74,25,0.189326621,0.486998112,0.113362702,153.1144768,1.100177032,153.1144768,0.17,153.1144768,0,-4.882352941,0.009618461,0.972540419,0.003368837,0.014472283,2.648848294,0.002314732,24134.72515,583.8045242,2022.127935,2.31E-05,0.001816083,3.96E-08,8.98E-07,GOOD,209.4121108,-60.2249732
SAN,Grapes,South Coast,707.1787559,1957.698082,9.079949308,2.882762464,2350.84054,144.1381232,7727.026192,5367.314977,0.13,50,0.132249498,0.30194507,0.434693599,2186.479513,1.08595711,2186.479513,0.17,153.1144768,2033.365036,-4.882352941,0.105599929,0.589647157,0.179835985,0.124916928,7.578353046,0.010877459,183.9232719,707.1787571,2038.627561,-1.19E-06,0.000811858,1.68E-09,3.98E-07,GOOD,1957.698082,1915.101665
SAN,Lettuce,South Coast,102.7246933,1008,18.9,2.182611413,1600,141.8697418,12500,929,0.25,65,0.083984211,0.048763332,0.656126648,3880.330258,1.195976256,3880.330258,0.17,153.1144768,3727.215781,-4.882352941,0.216444143,0.253181178,0.493684078,0.036690601,17.83030312,0.038939031,2505.747021,102.724694,224.2080238,-6.69E-07,6.42E-05,6.51E-09,2.86E-07,GOOD,1008,3712.553482
SAN,Orchards,South Coast,21749.0531,4038.232105,1.94049809,2.23900313,1116.627328,111.9501565,2709.016022,2852.564362,0.13,50,0.142496355,0.364024786,0.345706127,1046.023818,1.099095238,1046.023818,0.17,153.1144768,892.9093414,-4.882352941,0.160747534,0.425866179,0.201358247,0.212028041,1.737138409,0.000353685,2592.703521,21749.05329,48696.17868,-0.000185973,0.019290067,8.55E-09,3.96E-07,GOOD,4038.232105,907.3172239
SAN,Pasture,South Coast,954.0942154,2010.02551,5,5.664931619,1902.75669,56.64931619,1139.309615,4894.393142,0.51,10,0.189326621,0.486998112,0.113362702,2057.018787,1.197475267,2057.018787,0.17,153.1144768,1903.90431,-4.882352941,0.014167744,0.964244175,0.004076354,0.017511727,2.530290316,0.002055127,260704.0836,954.0941809,5404.867473,3.45E-05,0.011015359,3.62E-08,2.04E-06,GOOD,2010.02551,1792.753601
SAN,Subtropical,South Coast,7328.183118,2644.244895,5.471174567,3.277692314,2924.300085,163.8846157,6252.653427,2317.019044,0.13,50,0.202134149,0.160157528,0.432197361,2809.268247,1.181882269,2809.268247,0.17,153.1144768,2656.15377,-4.882352941,0.084045233,0.790336638,0.091654217,0.033963911,3.982251771,0.001049688,2425.953112,7328.18312,24019.5198,-1.76E-06,0.009682996,2.40E-10,4.03E-07,GOOD,2644.244895,2435.989517
SAN,Truck,South Coast,318.7356346,673.7006393,24.0003743,1.75058992,856.0431773,87.529496,4747.513434,3851.334265,0.41,50,0.052943262,0.238191489,0.293617021,6626.647137,1.613753253,6626.647137,0.17,153.1144768,6473.53266,-4.882352941,0.429327947,0.077303294,0.272394034,0.220974725,23.63438239,0.007652186,83567.707,318.735638,557.9751759,-3.38E-06,0.000213164,1.06E-08,3.82E-07,GOOD,673.7006393,6560.94838
SAN,Tomatoes,South Coast,660.8028395,3627.34533,16.17752947,2.605312983,1860.762692,130.2656492,19866.87909,13229.17562,0.74,50,0.031709536,0.225440365,0.338554465,23594.40292,1.592812073,23594.40292,0.17,153.1144768,23441.28845,-4.882352941,0.3510017,0.192636254,0.273944724,0.182417322,15.4908722,0.002045014,3203132.577,660.8028412,1721.597538,-1.72E-06,0.000679203,2.61E-09,3.95E-07,GOOD,3627.34533,23385.28578
SCOV,Alfalfa,North Coast,12313.28184,249.0919322,6.085272176,2.331077971,427.2605807,23.31077971,228.7410091,282.5209588,1.86,10,0.281872792,0.186385019,0.150905255,553.958876,1.500895821,553.958876,0.17,108.0078086,445.9510674,-4.882352941,0.333190133,0.493201973,0.077672988,0.095934905,5.31132764,4.37E-05,11681930.76,12313.28264,28703.19161,-0.00079802,0.028440565,6.48E-08,9.91E-07,GOOD,249.0919322,522.9304106
SCOV,Berries,North Coast,2.05539015,5808.7562,4.15,2.407763981,1090.53087,120.3881991,10044.6968,9336.946257,0.25,50,0.045238346,0.387323291,0.416682812,3513.776104,1.114888824,3513.776104,0.17,108.0078086,3405.768295,-4.882352941,0.140498264,0.268080002,0.306509204,0.284912529,3.897023053,1.946102544,42.31667653,2.055390153,4.948896702,-3.05E-09,-2.33E-06,1.48E-09,4.71E-07,GOOD,5808.7562,3344.297934
SCOV,Field and Grain,North Coast,2700.73167,250.0635568,3.303645804,2.557088472,156.406777,63.9272118,93.65135638,402.3195719,0.74,25,0.189326621,0.486998112,0.113362702,109.8165031,1.098390205,109.8165031,0.17,108.0078086,1.808694475,-4.882352941,0.037921803,0.891430311,0.013340037,0.057307849,2.131337509,0.000500365,81861.11801,2700.73188,6906.007249,-0.000209688,0.002570444,7.76E-08,3.72E-07,GOOD,250.0635568,10.27617853
SCOV,Orchards,North Coast,3.81431074,968.4368182,2.277504558,2.875298636,314.2927061,143.7649318,762.4960946,802.9000818,0.13,50,0.142496355,0.364024786,0.345706127,182.1654533,1.038120941,182.1654533,0.17,108.0078086,74.15764468,-4.882352941,0.018377921,0.923674139,0.028226131,0.029721809,1.363340915,2.01669665,0.087895807,3.814310737,10.96728359,3.00E-09,-1.13E-06,7.87E-10,1.03E-07,GOOD,968.4368182,-87.43672722
SCOV,Pasture,North Coast,15077.43476,152.0683296,4.336874631,3.069359746,124.861149,30.69359746,74.76284716,321.1758786,0.51,10,0.189326621,0.486998112,0.113362702,108.0078086,1.138900984,108.0078086,0.17,108.0078086,0,-4.882352941,0.029266535,0.920972627,0.009396055,0.040364783,2.604112669,0.000130048,135134.7845,15077.43385,46278.01808,0.000907735,0.053247452,6.02E-08,1.15E-06,GOOD,152.0683296,44.49171356
SCOV,Truck,North Coast,4.63451031,841.6412216,16.8,1.856129243,788.709074,92.80646215,4374.08646,3548.398402,0.41,50,0.055780263,0.25095514,0.309350686,5335.572125,1.529561442,5335.572125,0.17,108.0078086,5227.564316,-4.882352941,0.384017443,0.1192104,0.274273085,0.222499072,16.39093809,0.526274456,997.3795024,4.634510329,8.602251711,-1.89E-08,-1.60E-06,4.08E-09,1.86E-07,GOOD,841.6412216,5256.117799
SHV,Alfalfa,North Coast,5341.341955,249.0919322,6.085272176,2.331077971,427.2605807,23.31077971,228.7410091,282.5209588,1.86,10,0.281872792,0.186385019,0.150905255,553.958876,1.500895821,553.958876,0.17,108.0078086,445.9510674,-4.882352941,0.333190133,0.493201973,0.077672988,0.095934905,5.31132764,0.000100655,5067470.045,5341.342278,12451.07597,-0.000323162,0.008600911,6.05E-08,6.91E-07,GOOD,249.0919322,522.9304106
SHV,Berries,North Coast,115.4261067,5808.7562,4.15,2.407763981,1090.53087,120.3881991,10044.6968,9336.946257,0.25,50,0.045238346,0.387323291,0.416682812,3513.776104,1.114888824,3513.776104,0.17,108.0078086,3405.768295,-4.882352941,0.140498264,0.268080002,0.306509204,0.284912529,3.897023053,0.034654205,2376.409763,115.4261069,277.9187845,-1.61E-07,3.77E-05,1.39E-09,1.35E-07,GOOD,5808.7562,3344.297934
SHV,Field and Grain,North Coast,6029.557896,250.0635568,3.303645804,2.557088472,156.406777,63.9272118,93.65135638,402.3195719,0.74,25,0.189326621,0.486998112,0.113362702,109.8165031,1.098390205,109.8165031,0.17,108.0078086,1.808694475,-4.882352941,0.037921803,0.891430311,0.013340037,0.057307849,2.131337509,0.000224121,182760.2334,6029.558419,15418.10938,-0.000523175,0.003608618,8.68E-08,2.34E-07,GOOD,250.0635568,10.27617853
SHV,Grapes,North Coast,3.75212993,1808.397673,9.676478901,2.243317817,9764.639905,107.7659416,3548.65116,3244.582924,0.13,50,0.580796808,0.192986472,0.211072327,152.8446586,0.960772841,833.2819965,0.17,108.0078086,725.2741879,-4.882352941,0.457084957,0.249925046,0.153052181,0.139937816,9.134993505,2.050117623,2.334889697,3.751925293,8.416401074,0.000204637,0.000818849,5.45E-05,9.73E-05,GOOD,1808.397673,699.2946813
SHV,Orchards,North Coast,22.20686391,968.4368182,2.277504558,2.875298636,314.2927061,143.7649318,762.4960946,802.9000818,0.13,50,0.142496355,0.364024786,0.345706127,182.1654533,1.038120941,182.1654533,0.17,108.0078086,74.15764468,-4.882352941,0.018377921,0.923674139,0.028226131,0.029721809,1.363340915,0.346393247,0.511728161,22.20686395,63.85135906,-3.54E-08,6.45E-06,1.60E-09,1.01E-07,GOOD,968.4368182,-87.43672722
SHV,Pasture,North Coast,35109.05705,152.0683296,4.336874631,3.069359746,124.861149,30.69359746,74.76284716,321.1758786,0.51,10,0.189326621,0.486998112,0.113362702,108.0078086,1.138900984,108.0078086,0.17,108.0078086,0,-4.882352941,0.029266535,0.920972627,0.009396055,0.040364783,2.604112669,5.58E-05,314672.5511,35109.05651,107762.241,0.000542039,0.085403345,1.54E-08,7.93E-07,GOOD,152.0683296,44.49171356
SHV,Truck,North Coast,39.92939282,841.6412216,16.8,1.856129243,788.709074,92.80646215,4374.08646,3548.398402,0.41,50,0.055780263,0.25095514,0.309350686,5335.572125,1.529561442,5335.572125,0.17,108.0078086,5227.564316,-4.882352941,0.384017443,0.1192104,0.274273085,0.222499072,16.39093809,0.061083433,8593.08865,39.92939295,74.11410622,-1.34E-07,7.45E-06,3.35E-09,1.00E-07,GOOD,841.6412216,5256.117799
TULE,Alfalfa,North Coast,7746.806105,249.0919322,6.085272176,2.331077971,427.2605807,23.31077971,228.7410091,282.5209588,1.86,10,0.281872792,0.186385019,0.150905255,553.958876,1.500895821,553.958876,0.17,108.0078086,445.9510674,-4.882352941,0.333190133,0.493201973,0.077672988,0.095934905,5.31132764,6.94E-05,7349596.452,7746.806382,18058.38452,-0.000276975,0.024534905,3.58E-08,1.36E-06,GOOD,249.0919322,522.9304106
TULE,Field and Grain,North Coast,13380.81467,250.0635568,3.303645804,2.557088472,156.406777,63.9272118,93.65135638,402.3195719,0.74,25,0.189326621,0.486998112,0.113362702,109.8165031,1.098390205,109.8165031,0.17,108.0078086,1.808694475,-4.882352941,0.037921803,0.891430311,0.013340037,0.057307849,2.131337509,0.000100992,405582.1098,13380.81458,34215.90633,9.26E-05,0.020610147,6.92E-09,6.02E-07,GOOD,250.0635568,10.27617853
TULE,Lettuce,North Coast,471.3459526,1008,18.9,2.314196388,1600,150.4227652,12500,929,0.25,65,0.083984211,0.048763332,0.656126648,3871.777235,1.19530237,3871.777235,0.17,108.0078086,3763.769426,-4.882352941,0.195794616,0.32368036,0.447282956,0.033242069,17.47345497,0.008486336,11576.35839,471.345953,1090.786872,-3.99E-07,0.000228876,8.46E-10,2.10E-07,GOOD,1008,3674.09218
TULE,Onions and Garlic,North Coast,1325.165262,203.8780498,28.012,1.699157349,916.9500601,84.95786745,1598.714383,2382.30926,0.41,50,0.160557684,0.417141646,0.279934415,728.1003604,1.091541787,728.1003604,0.17,108.0078086,620.0925518,-4.882352941,0.243472665,0.167323247,0.236614784,0.352589304,27.06383629,0.001840544,72859.29646,1325.165286,2251.66371,-2.40E-05,0.000583897,1.81E-08,2.59E-07,GOOD,203.8780498,668.7014431
TULE,Pasture,North Coast,516.6373152,152.0683296,4.336874631,3.069359746,124.861149,30.69359746,74.76284716,321.1758786,0.51,10,0.189326621,0.486998112,0.113362702,108.0078086,1.138900984,108.0078086,0.17,108.0078086,0,-4.882352941,0.029266535,0.920972627,0.009396055,0.040364783,2.604112669,0.003795282,4630.474174,516.6372247,1585.743233,9.05E-05,0.002545149,1.75E-07,1.61E-06,GOOD,152.0683296,44.49171356
TULE,Potatoes,North Coast,3761.819522,217.6709989,22.646,2.70089927,503.412474,135.0449635,525.2999746,3053.306105,0.41,50,0.10212496,0.619410086,0.106565176,712.313924,1.113249815,712.313924,0.17,108.0078086,604.3061154,-4.882352941,0.055102914,0.782696429,0.023809271,0.138391387,16.66022804,0.000648363,149058.3888,3761.819504,10160.29268,1.82E-05,0.002916276,4.85E-09,2.87E-07,GOOD,217.6709989,482.6160442
WATS,Berries,Central Coast,8593.655816,3173.779594,32.91702622,1.420392307,4726.112712,71.01961535,43531.43094,40464.20108,0.25,50,0.045238346,0.387323291,0.416682812,15678.62176,1.120548042,15678.62176,0.17,48.56613578,15630.05563,-4.882352941,0.194712143,0.003759686,0.415398603,0.386129568,32.89622186,0.00046546,801006.5559,8593.655853,12206.35313,-3.68E-05,0.009479166,4.28E-09,7.77E-07,GOOD,3173.779594,15648.76566
WATS,Field and Grain,Central Coast,1600.18704,255.5234925,2.245253001,2.883732558,108.6195012,72.09331395,65.03786993,279.3980675,0.74,25,0.189326621,0.486998112,0.113362702,48.56613578,1.04045783,48.56613578,0.17,48.56613578,0,-4.882352941,0.011913035,0.961982308,0.004929193,0.021175464,1.181310423,0.000844496,33298.5895,1600.187179,4614.503639,-0.000138957,0.007827029,8.68E-08,1.70E-06,GOOD,255.5234925,-87.23838692
WATS,Grapes,Central Coast,268.2049628,1828.539429,9.7576058,2.457170381,2359.617621,122.8585191,7755.875761,5387.354345,0.13,50,0.132249498,0.30194507,0.434693599,2216.460692,1.087473403,2216.460692,0.17,48.56613578,2167.894556,-4.882352941,0.165682269,0.35845171,0.280810555,0.195055466,8.922257482,0.028680706,72.03490789,268.2049637,659.0247809,-8.53E-07,0.000509741,3.18E-09,7.73E-07,GOOD,1828.539429,2037.434897
WATS,Lettuce,Central Coast,7616.756561,1008,18.9,1.36519475,1600,88.73765875,12500,929,0.25,65,0.083984211,0.048763332,0.656126648,3933.462341,1.200179578,3933.462341,0.17,48.56613578,3884.896205,-4.882352941,0.285699286,0.020945366,0.645389966,0.047965382,18.83623839,0.000525158,191293.6571,7616.756686,10398.34997,-0.000125499,0.006098805,1.65E-08,5.87E-07,GOOD,1008,3901.055814
WATS,Onions and Garlic,Central Coast,1.69087963,1427.738608,20.08290673,1.590455311,4603.693159,79.52276555,8026.599034,11960.76136,0.41,50,0.160557684,0.417141646,0.279934415,4002.564981,1.10689565,4002.564981,0.17,48.56613578,3953.998845,-4.882352941,0.293129645,0.026099717,0.273386422,0.407384216,19.98578273,1.442458911,517.6048857,1.690879655,2.689272711,-2.53E-08,-4.22E-06,1.49E-08,1.57E-06,GOOD,1427.738608,3955.610341
WATS,Orchards,Central Coast,1774.126745,1190.158285,14.43863271,2.717713319,2448.694178,135.885666,5940.703399,6255.495968,0.13,50,0.142496355,0.364024786,0.345706127,2403.479133,1.107246113,2403.479133,0.17,48.56613578,2354.912997,-4.882352941,0.138796394,0.512331382,0.169933792,0.178938432,12.48401284,0.004335828,505.5553332,1774.126747,4821.564103,-2.44E-06,0.003781927,1.38E-09,7.84E-07,GOOD,1190.158285,2170.066515
WATS,Pasture,Central Coast,502.4778247,207.2507842,4.78638378,4.185193859,187.8085607,41.85193859,112.4537362,483.0932597,0.51,10,0.189326621,0.486998112,0.113362702,166.7742967,1.144856983,166.7742967,0.17,48.56613578,118.2081609,-4.882352941,0.007648462,0.979505405,0.002425662,0.010420471,2.177875627,0.003902231,11037.5943,502.4775851,2102.957564,0.00023962,0.009542031,4.77E-07,4.54E-06,GOOD,207.2507842,33.46775891
WATS,Subtropical,Central Coast,76.36745932,2833.550317,6.019821828,2.611553899,3447.896788,130.577695,7372.192676,2731.881917,0.13,50,0.202134149,0.160157528,0.432197361,3374.918973,1.187293945,3374.918973,0.17,48.56613578,3326.352837,-4.882352941,0.219417242,0.455642402,0.23708484,0.087855515,5.323180704,0.100727558,30.6892381,76.36745943,199.4375858,-1.10E-07,0.000150311,1.45E-09,7.54E-07,GOOD,2833.550317,3164.48598
WATS,Truck,Central Coast,1855.345368,1187.253943,17.43634578,1.094970985,1095.99807,54.74854925,6078.274671,4930.89021,0.41,50,0.052943262,0.238191489,0.293617021,8541.458779,1.621359723,8541.458779,0.17,48.56613578,8492.892643,-4.882352941,0.464861634,0.004112551,0.293184887,0.237840928,17.4310866,0.001314593,636388.2553,1855.345402,2031.547798,-3.36E-05,0.001547437,1.81E-08,7.62E-07,GOOD,1187.253943,8536.259255
WATS,Walnuts,Central Coast,52.41471596,2279.333378,0.866689676,2.032823511,505.6102861,101.6411756,177.1638589,539.5941523,0.13,50,0.25594369,0.273146576,0.089681664,651.465234,1.420990198,651.465234,0.17,48.56613578,602.8990982,-4.882352941,0.226007728,0.633990305,0.03460483,0.105397138,0.713111009,0.14675855,3.446745198,52.41471724,106.5497884,-1.28E-06,7.85E-05,2.44E-08,7.37E-07,GOOD,2279.333378,546.4878382