g,i,hr,xland,p,y,xwater,omegaland,omegawater,omegasupply,omegalabor,theta,sigma,omegawater,mprof_init,f_adjustment,mprof,lambdaland,lambdacrop,rho,betaland,betawater,betasupply,betalabor,tau,gamma,delta,xlandcalib,xwatercalib,diffland,diffwater,percdiffland,percdiffwater,status,pc,pimarginal
1,Alfalfa,Sacramento River,218.8354054,187.2098036,5.87624882,3.537610105,310.085831,35.37610105,166.0095709,205.0405538,1.86,0.17,10,383.57933074693176,1.4622309191594929,383.57933074693176,20.502886,363.0764447,-4.882352941,0.038627787833785586,0.9407097278971251,0.009244493,0.011417991628067135,3.3165839818639204,0.002456798,160051.0933029221,218.80930729524968,774.0620455643542,0.026098105,0.09229591,0.000119259,0.000119222,GOOD,187.2098036,383.5793307
1,Almonds,Sacramento River,32.71585715,5165.974452,0.856578131,3.971676207,962.6735903,198.5838104,414.244587,1333.209787,0.4,0.17,50,1516.3489662379095,1.448869427173648,1516.3489662379095,20.502886,1495.84608,-4.882352941,0.014490099332559559,0.9752958800682342,0.002421295,0.007792725,0.40519065141912164,0.076415543,2640.923233001583,32.71562741199723,129.93588545647913,0.000229738,0.000905978,7.02222172300934e-06,6.97245004041054e-06,GOOD,5165.974452,1516.348966
1,Berries,Sacramento River,220.6292491,5388.84825,4.3725,3.453441036,1065.939344,172.6720518,9818.188327,9126.397598,0.25,0.17,50,3379.5416523249987,1.1118507849498191,3379.5416523249987,20.502886,3359.038766,-4.882352941,0.045972229,0.7581153754652818,0.10153321942496672,0.094379177,3.274425879,0.018129962442953354,4470.296141776101,220.62871110509934,761.9282503165134,0.000537995,0.001852267,2.4384568359031856e-06,2.4310199668790765e-06,GOOD,5388.84825,3379.541652
1,Cucurbits,Sacramento River,17.42837714,161.7514,13.41,1.97136542,99.31530719991646,96.32136948676522,1385.3923311586225,484.7674435832669,0.05,0.17,50,55.100711499999974,0.9772046167550735,103.28982257142881,20.502886,82.78693657,-4.882352941,0.042365651,0.5665754677629986,0.28969181299321867,0.1013670687019599,11.407597285715426,1.147553776197432,3.2707896326114194e-07,17.417349003742313,34.32965485472764,0.011028136257685617,0.028045166,0.000632769,0.00081627,GOOD,161.7514,103.2898226
1,Field and Grain,Sacramento River,3219.912649,173.2298426,2.485487486,1.383894155,81.68685006672595,69.33923636310766,48.91146320881593,210.12017034615968,0.74,0.17,50,21.357597944049672,1.002088723513796,20.502885999240448,20.502886,0,-4.882352941,0.14613647964219814,0.48343521218352276,0.069945861,0.30048244743860614,2.2503177152008176,0.000419686,50389.903238023704,3222.8676815446643,4460.411071993847,-2.955032545,-4.392777432,0.000917737,0.000985808,GOOD,173.2298426,20.502886
1,Grapes,Sacramento River,38.6108022,730.6198686,7.837965954,2.661751325,3142.1571406119238,125.73214139727372,1141.918156826933,1044.0722329760158,0.13,0.17,50,-46.36207985,0.9447324415046452,272.6939835906081,20.502886,252.1910976,-4.882352941,0.1592143418077375,0.7388658354966848,0.053240900151968654,0.048678922543608984,5.9821152371441615,0.19922682912575412,7.774666869840012,38.59984960422287,102.72025902615647,0.010952595777133922,0.052094889,0.000283667,0.000506896,GOOD,730.6198686,272.6939836
1,Orchards,Sacramento River,484.809818,2061.666385,2.066393172,3.327741402,607.0648734,166.3870701,1472.781853,1550.82325,0.13,0.17,50,463.1562944059234,1.0685501927599292,463.1562944059234,20.502886,442.6534084,-4.882352941,0.0169775,0.9350574076633489,0.023363539,0.024601552544906445,1.189980662739726,0.015866649986671044,30.189834733081238,484.80722659811204,1613.3130850323153,0.002591402,0.008618422,5.3451926750561675e-06,5.34203584516426e-06,GOOD,2061.666385,463.1562944
1,Pasture,Sacramento River,10143.3774,173.2298426,2.485487486,3.965593094,81.51658446,39.65593094,48.80951363,209.6822022,0.74,0.17,10,50.89637475404967,1.0800536006679988,50.89637475404967,20.502886,30.39348875,-4.882352941,0.003957014,0.9883182481846073,0.001458618,0.00626612,1.0190485612869495,0.000133225,217469.84702540055,10140.481960977982,40213.025078767445,2.8954390220169444,11.482288508224883,0.000285451,0.000285455,GOOD,173.2298426,50.89637475
1,Pistachios,Sacramento River,7.841825166,3834.493456,1.253131426,3.663925668,1252.751973,183.1962834,250.122497,1240.024825,0.4,0.17,50,1879.0286741049485,1.563964227857457,1879.0286741049485,20.502886,1858.525788,-4.882352941,0.028878379,0.9573808631312168,0.002306398,0.011434359879822576,0.6618672354925599,0.3188033330351859,801.0870786935666,7.841781652896806,28.731719015326476,4.351310319350432e-05,0.000145494,5.5488489315172685e-06,5.06386730433486e-06,GOOD,3834.493456,1879.028674
1,Subtropical,Sacramento River,693.0795889,942.1801854,4.535541375,2.972946835,863.7792973,148.6473418,1846.907779,684.4007169,0.13,0.17,50,729.5620786368713,1.1484512005269143,729.5620786368713,20.502886,709.0591926,-4.882352941,0.046192938,0.8804212960750113,0.053544142,0.019841623709938954,2.957087416736654,0.011098736444563752,64.66716263578502,693.0771164287049,2060.4814243704263,0.002472471,0.007345853,3.5673699451663755e-06,3.5651021428441767e-06,GOOD,942.1801854,729.5620786
1,Truck,Sacramento River,39.18946079,750.0942005,17.60330131,2.662234731,736.5300735,133.1117366,4084.707976,3313.645347,0.41,0.17,50,4936.139089235053,1.5209691979277695,4936.139089235053,20.502886,4915.636203,-4.882352941,0.19604696699087185,0.5482665672393403,0.14116716254119138,0.1145193032285967,14.990241570903274,0.062236742763918565,7923.430272,39.18933809661296,104.33122324603654,0.000122693,0.000320358,3.130775074930419e-06,3.070579165995893e-06,GOOD,750.0942005,4936.139089
1,Walnuts,Sacramento River,2185.280515,1949.323208,2.037882063,4.942462794,1016.733954,247.1231397,356.2595846,1085.072261,0.13,0.17,50,1267.3018612728183,1.3985435608623673,1267.3018612728183,20.502886,1246.798975,-4.882352941,0.003758739,0.9938693239131875,0.000586281,0.001785656,0.7273296470272368,0.003520055,293.4340978815298,2185.2750980369174,10800.640863511595,0.005416963,0.026776329,2.4788410665679157e-06,2.479136471554576e-06,GOOD,1949.323208,1267.301861
10,Alfalfa,San Joaquin River,37418.86257,205.8588937,7.063149253,4.134965358,409.846448,41.349653579999995,219.4180648,271.0060707,1.86,0.17,10,512.3918541805614,1.4706283549537853,512.3918541805614,64.81689691,447.5749573,-4.882352941,0.021099394,0.9676804565093561,0.005019948,0.006200202,3.5178266505955857,1.4368005109625932e-05,34858298.98869996,37419.41725,154727.9927801879,-0.554675181,-2.292317475,1.4823411055523895e-05,1.481536337027769e-05,GOOD,205.8588937,512.3918542
10,Almonds,San Joaquin River,100217.7711,5157.824281,1.067695081,4.125499535,1198.04631,206.2749768,515.5269696,1659.178231,0.4,0.17,50,1927.9571261360625,1.4654114232167907,1927.9571261360625,64.81689691,1863.140229,-4.882352941,0.014610796863303533,0.9752247306488444,0.002409549,0.007754923,0.5045533819266457,2.494567552800024e-05,10072988.104820384,100217.86058412369,413448.73656144016,-0.089484124,-0.368489654,8.928967657685765e-07,8.912591804522795e-07,GOOD,5157.824281,1927.957126
10,Beans Dry,San Joaquin River,7330.340145,1415.3103,1.200351344,2.212101358,144.6880326,110.6050679,120.7038647,856.238012,1.68,0.17,50,466.6346435820433,1.3130377706758296,466.6346435820433,64.81689691,401.8177467,-4.882352941,0.088284039,0.7706310994256601,0.017431423934428772,0.12365343738612299,0.9001644800978461,8.120197473293312e-05,3711244.3368430277,7330.494146208281,16215.796031477905,-0.154001208,-0.340642121,2.100873973571022e-05,2.1007249769333177e-05,GOOD,1415.3103,466.6346436
10,Corn,San Joaquin River,33495.4245,44.88630607,26.76544219,2.415829265,105.8936729,120.7914633,105.1073939,671.1863659,0.3,0.17,50,198.4229342892312,1.1407939129085103,198.4229342892312,64.81689691,133.6060374,-4.882352941,0.030309024496526064,0.8923744373112359,0.010468382274320556,0.066848156,17.32677169346654,9.951607967629528e-05,85854.57846741746,33495.71123301617,80919.91930966901,-0.286733016,-0.692558971,8.560363704839752e-06,8.558645439718235e-06,GOOD,44.88630607,198.4229343
10,Cotton,San Joaquin River,56278.45394,2462.1839,0.78,3.634047537,285.2698798,181.70237684999998,150.2373098,855.0856041,0.68,0.17,50,448.2082714500001,1.2423126379335911,448.2082714500001,64.81689691,383.3913745,-4.882352941,0.007285107,0.9827297478630833,0.001492198,0.008492946,0.34665738424719866,2.613057275635098e-05,5880156.3491076045,56278.84504086891,204519.9978516399,-0.391100869,-1.420924815,6.949389002887445e-06,6.947656473667555e-06,GOOD,2462.1839,448.2082715
10,Cucurbits,San Joaquin River,7387.484592,252.19315,13.35,2.299627126,155.96046449341188,113.67724543155478,2175.5602197305484,761.2578346301987,0.05,0.17,50,123.53817229999996,0.9886580667474244,160.32278821428608,64.81689691,95.50589131,-4.882352941,0.031762985669367895,0.6733048325738872,0.21848228602230518,0.076449896,10.691978016303098,0.002707281,0.000191451,7385.574116563004,16982.908899755086,1.9104754369955117,5.551060915153357,0.00025861,0.000326755,GOOD,252.19315,160.3227882
10,Field and Grain,San Joaquin River,35945.29395,187.333843,2.812754652,0.483631303,99.76076638,24.18156515,59.73354402,256.6110606,0.74,0.17,50,86.63720222528774,1.1397851526700795,86.63720222528774,64.81689691,21.82030532,-4.882352941,0.370249012,0.001384284,0.11865089416575451,0.5097158103128504,2.8391441466752245,3.759466686323625e-05,837250.2607350112,35946.789272699985,17384.992509007607,-1.4953227,-0.723159251,4.159995748166613e-05,4.159848403987256e-05,GOOD,187.333843,86.63720223
10,Grapes,San Joaquin River,4908.059924,447.1747228,10.57632504,3.098484515,1478.428428,154.9242258,1571.365603,1181.295692,0.13,0.17,50,343.4512692546987,1.0269581084801613,343.4512692546987,64.81689691,278.6343723,-4.882352941,0.042068194,0.8943713581525444,0.036283687209651444,0.027276760614338553,6.719687444202011,0.001567281,511.5801785247689,4908.062405572934,15207.55534061977,-0.002481573,-0.007667414,5.05611783949054e-07,5.041847546613249e-07,GOOD,447.1747228,343.4512693
10,Lettuce,San Joaquin River,778.8146205,479.2433265,17.02508876,3.326092372,664.3923981,156.45289728960964,4093.644279594328,2856.139159562179,0.25,0.17,50,-100.7792122,0.9407609879188866,388.5314367285805,64.81689691,323.7145398,-4.882352941,0.015768261,0.8801539394920446,0.061305146,0.042772654,11.07142029843673,0.00513601,3523.709729,776.8649889490293,2583.383679056069,1.9496315509707074,7.025689391055948,0.002503332,0.002712193,GOOD,479.2433265,388.5314367
10,Onions and Garlic,San Joaquin River,2073.989844,248.2454,30.0225,1.480822037,1196.627996,74.04110185,2086.336507,3108.934795,0.41,0.17,50,987.0071216499999,1.0977591532913127,987.0071216499999,64.81689691,922.1902247,-4.882352941,0.2770293660867202,0.0638666,0.26468546659013387,0.3944185676912364,29.680032972714216,0.001176006,157191.6045882646,2073.9925868746564,3071.213925430802,-0.002742875,-0.004059921,1.3225111319195897e-06,1.3219290075228615e-06,GOOD,248.2454,987.0071217
10,Orchards,San Joaquin River,10479.36517,3117.281059,2.261810582,3.445837194,1004.69895,172.2918597,2437.46994,2566.6293,0.13,0.17,50,869.6092366,1.0863701462459177,869.6092366,64.81689691,804.7923397,-4.882352941,0.023652602917364873,0.9131987787667725,0.030759353784807986,0.032389264531054715,1.3779913754390842,0.000734043,1124.8847772504564,10479.370314849533,36110.20394515819,-0.00514485,-0.017672864,4.90950496592929e-07,4.894149236685842e-07,GOOD,3117.281059,869.6092366
10,Pasture,San Joaquin River,15475.32521,187.333843,2.812754652,4.600187047,99.76076638,46.00187047,59.73354402,256.6110606,0.74,0.17,10,64.81689690528773,1.0859654809606532,64.81689690528773,64.81689691,0,-4.882352941,0.002065675,0.9939637657980912,0.000749738,0.003220821,1.006272959,8.732296950232242e-05,295765.04522110673,15476.109568027136,71192.99817,-0.784358027,-3.607592904,5.068442934096234e-05,5.0675990832058475e-05,GOOD,187.333843,64.81689691
10,Pistachios,San Joaquin River,20146.66039,4636.170568,1.382293453,3.805829794,1670.783317,190.2914897,333.5859804,1653.809241,0.4,0.17,50,2560.0781950376904,1.5859235528837905,2560.0781950376904,64.81689691,2495.261298,-4.882352941,0.031098039200129116,0.9542940389084548,0.002451952,0.01215597,0.7392956464716355,0.00012409,2755819.499731206,20146.673608427413,76674.81054698699,-0.013218427,-0.050185125,6.561101024063978e-07,6.545194935635182e-07,GOOD,4636.170568,2560.078195
10,Potatoes,San Joaquin River,714.5510225,960.1331262,14.27542043,3.305132031,1399.755757,165.2566016,1460.614703,8489.822961,0.41,0.17,50,2190.8540227252483,1.1335747083005903,2190.8540227252483,64.81689691,2126.037126,-4.882352941,0.051171741391058116,0.8070191358952464,0.020816018013411753,0.12099310470028365,10.217095692131519,0.003413366,90119.56040229216,714.5515903267768,2361.687348336764,-0.000567827,-0.001876088,7.946623248635437e-07,7.943852956721983e-07,GOOD,960.1331262,2190.854023
10,Rice,San Joaquin River,1892.744493,356.2897,4.3575,4.833919598,193.7346724,241.69597989999997,110.9689819,890.6135194,0.2,0.17,50,115.51921414999995,1.0289413505337868,115.51921414999995,64.81689691,50.70231724,-4.882352941,0.000582079,0.9975327399775926,0.000208866,0.001676315,1.318758753350584,0.002641667,623.4713537,1892.755074801621,9149.425836799912,-0.010581802,-0.051138081,5.590718483273253e-06,5.589243234895263e-06,GOOD,356.2897,115.5192142
10,Safflower,San Joaquin River,90.20422473,447.9696,1.4025,2.40565496,122.8862062,24.0565496,70.96245709,266.541912,0.74,0.17,10,143.8302391,1.2351387046038915,143.8302391,64.81689691,79.0133422,-4.882352941,0.11338772654760258,0.7431308579494319,0.030167887361856733,0.11331352814110864,1.0702207222186673,0.014981020627317921,3489.0686174417083,90.20648416384365,217.00569035017347,-0.002259434,-0.005449715,2.504798251313217e-05,2.511386843784213e-05,GOOD,447.9696,143.8302391
10,Subtropical,San Joaquin River,1704.281493,826.2221391,4.405931004,3.247465856,735.8244443,162.3732928,1573.318433,583.0178829,0.13,0.17,50,585.7436858518913,1.1350114681006451,585.7436858518913,64.81689691,520.9267889,-4.882352941,0.024233407206327537,0.9362261598604182,0.028849716773760366,0.010690716159493685,2.5308378724351774,0.004513519,127.05952179361178,1704.2826977356915,5534.599863932043,-0.001204736,-0.003906402,7.06887739198466e-07,7.058151798298889e-07,GOOD,826.2221391,585.7436859
10,Tomatoes,San Joaquin River,37388.86291,395.6381338,28.03035237,2.379660861,291.4439575,118.9830431,4554.566446,2199.660588,0.973286429,0.17,50,3925.2222668732065,1.474151704018707,3925.2222668732065,64.81689691,3860.40537,-4.882352941,0.21996216034236618,0.4277039600505769,0.2375887067120025,0.1147451728950543,25.05786886157046,2.748002191919487e-05,54076683.15958912,37388.922809638905,88972.95610573812,-0.059899639,-0.142401517,1.6020716930034464e-06,1.6005059367099374e-06,GOOD,395.6381338,3925.222267
10,Truck,San Joaquin River,2211.434604,548.8387,13.5325,2.667732673,393.2180654,133.38663365000002,2180.74051,1769.086233,0.41,0.17,50,2950.728265700001,1.580161681804525,2950.728265700001,64.81689691,2885.911369,-4.882352941,0.14319927075975739,0.6876555776077019,0.093386801,0.075758351,10.702403486344545,0.001102915,259395.04948759347,2211.4364936165716,5899.5213819218625,-0.001889617,-0.005034628,8.544754469206559e-07,8.533967784315442e-07,GOOD,548.8387,2950.728266
10,Walnuts,San Joaquin River,11490.16867,2092.008952,1.920558157,4.952669773,1028.336919,247.6334887,360.3252181,1097.455103,0.13,0.17,50,1284.0741285306221,1.3997252287250195,1284.0741285306221,64.81689691,1219.257232,-4.882352941,0.003759537,0.9938703917157244,0.00058582,0.001784252,0.6853457099516485,0.000669469,1532.0074088593096,11490.173211070678,56907.03345625634,-0.004541071,-0.022397676,3.9521357860946753e-07,3.93583766032637e-07,GOOD,2092.008952,1284.074129
11,Alfalfa,San Joaquin River,5239.502225,205.8588937,7.063149253,4.134965358,409.846448,41.349653579999995,219.4180648,271.0060707,1.86,0.17,10,512.3918541805614,1.4706283549537853,512.3918541805614,64.81689691,447.5749573,-4.882352941,0.021099394,0.9676804565093559,0.005019948,0.006200202,3.5178266505955853,0.000102612,4880964.373765804,5239.515599229256,21665.192585659228,-0.013374229,-0.03239212,2.5525763099628332e-06,1.4951248926652918e-06,GOOD,205.8588937,512.3918542
11,Almonds,San Joaquin River,117692.653,5157.824281,1.067695081,4.125499535,1198.04631,206.2749768,515.5269696,1659.178231,0.4,0.17,50,1927.9571261360625,1.4654114232167907,1927.9571261360625,64.81689691,1863.140229,-4.882352941,0.014610796863303533,0.9752247306488443,0.002409549,0.007754923,0.5045533819266456,2.124176774229059e-05,11829405.91,117692.67110468424,485540.95619706553,-0.018104684,0.029027351,1.538301990146237e-07,5.978352347284163e-08,GOOD,5157.824281,1927.957126
11,Beans Dry,San Joaquin River,422.2532085,1415.3103,1.200351344,2.212101358,144.6880326,110.6050679,120.7038647,856.238012,1.68,0.17,50,466.6346435820433,1.3130377706758296,466.6346435820433,64.81689691,401.8177467,-4.882352941,0.088284039,0.770631099,0.017431424,0.12365343738612296,0.90016448,0.001409671,213780.64288439968,422.2548868312753,934.0704065,-0.001678331,-0.003510511,3.974703427946557e-06,3.7583082786417196e-06,GOOD,1415.3103,466.6346436
11,Berries,San Joaquin River,74.76634867,5010.1193,4.8075,3.460572945,1089.617527,173.0286473,10036.28409,9329.126312,0.25,0.17,50,3458.091958500004,1.112038305495303,3458.091958500004,64.81689691,3393.275062,-4.882352941,0.046349680317054553,0.7562805043499466,0.1022885390163606,0.095081276,3.6056528841918865,0.053500004629823524,1534.7109294251018,74.76635374638593,258.7343705022226,-5.08E-06,3.290161612312659e-05,6.789666771695294e-08,1.271636693469518e-07,GOOD,5010.1193,3458.091959
11,Corn,San Joaquin River,21503.32131,44.88630607,26.76544219,2.415829265,105.8936729,120.7914633,105.1073939,671.1863659,0.3,0.17,50,198.4229342892312,1.1407939129085103,198.4229342892312,64.81689691,133.6060374,-4.882352941,0.030309024,0.8923744373112358,0.010468382274320552,0.066848156,17.32677169346654,0.000155015,55116.73950331586,21503.355804649273,51948.42437645317,-0.034494649,-0.071461057,1.6041544827409769e-06,1.375617377992386e-06,GOOD,44.88630607,198.4229343
11,Cucurbits,San Joaquin River,1179.626916,252.19315,13.35,2.299627126,155.96046449341188,113.67724543155478,2175.5602197305484,761.2578346301987,0.05,0.17,50,123.53817229999996,0.9886580667474244,160.32278821428608,64.81689691,95.50589131,-4.882352941,0.031762985669367874,0.6733048325738872,0.21848228602230507,0.076449896,10.691978016303098,0.016954513099631578,3.057066794768786e-05,1179.3205453103453,2711.8120892019997,0.30637068965461367,0.8899653913235852,0.000259718,0.000328073,GOOD,252.19315,160.3227882
11,Field and Grain,San Joaquin River,5380.726305,187.333843,2.812754652,0.483631303,99.76076638,24.18156515,59.73354402,256.6110606,0.74,0.17,50,86.63720222528774,1.1397851526700795,86.63720222528774,64.81689691,21.82030532,-4.882352941,0.370249012,0.001384284,0.1186508941657545,0.5097158103128503,2.8391441466752245,0.000251147,125329.74436296086,5380.772072502792,2602.3092509930043,-0.045767503,-0.021577019,8.505822485229008e-06,8.291558114203652e-06,GOOD,187.333843,86.63720223
11,Grapes,San Joaquin River,8159.822739,447.1747228,10.57632504,3.098484515,1478.428428,154.9242258,1571.365603,1181.295692,0.13,0.17,50,343.4512692546987,1.0269581084801613,343.4512692546987,64.81689691,278.6343723,-4.882352941,0.042068194,0.8943713581525445,0.036283687,0.027276760614338563,6.719687444202011,0.000942705,850.5200910721586,8159.823487232894,25283.081348785625,-0.000748233,0.003053151,9.169719952466807e-08,1.2075863503463963e-07,GOOD,447.1747228,343.4512693
11,Lettuce,San Joaquin River,2.85248003,479.2433265,17.02508876,3.326092372,664.3923981,156.45289728960964,4093.644279594328,2856.139159562179,0.25,0.17,50,-100.7792122,0.9407609879188866,388.5314367285805,64.81689691,323.7145398,-4.882352941,0.015768260577516638,0.8801539394920445,0.061305146275135475,0.042772654,11.071420298436731,1.4022885201408404,12.905910302328236,2.8453352378777237,9.461868252417915,0.007144792,0.025743817,0.002504765,0.002713414,GOOD,479.2433265,388.5314367
11,Onions and Garlic,San Joaquin River,171.6374832,248.2454,30.0225,1.480822037,1196.627996,74.04110185,2086.336507,3108.934795,0.41,0.17,50,987.0071216499999,1.0977591532913127,987.0071216499999,64.81689691,922.1902247,-4.882352941,0.2770293660867202,0.0638666,0.2646854665901339,0.3944185676912364,29.68003297271422,0.014210325,13008.728788982107,171.63752761208082,254.16458360418991,-4.44E-05,-1.61E-05,2.587551390138049e-07,6.337001569040446e-08,GOOD,248.2454,987.0071217
11,Orchards,San Joaquin River,3827.164118,3117.281059,2.261810582,3.445837194,1004.69895,172.2918597,2437.46994,2566.6293,0.13,0.17,50,869.6092366,1.0863701462459177,869.6092366,64.81689691,804.7923397,-4.882352941,0.023652602917364873,0.9131987787667724,0.030759353784807993,0.032389264531054715,1.377991375439084,0.002009924,410.8186504180548,3827.164452996225,13187.782843282963,-0.000334996,0.001622064,8.753118876959558e-08,1.2299743348351847e-07,GOOD,3117.281059,869.6092366
11,Pasture,San Joaquin River,23071.12955,187.333843,2.812754652,4.600187047,99.76076638,46.00187047,59.73354402,256.6110606,0.74,0.17,10,64.81689690528773,1.0859654809606532,64.81689690528773,64.81689691,0,-4.882352941,0.002065675,0.9939637657980912,0.000749738,0.003220821,1.0062729593898403,5.857326354232844e-05,440936.36689769843,23071.326106940396,106132.29598029242,-0.19655694,-0.784664723,8.519606288399408e-06,7.393324694454539e-06,GOOD,187.333843,64.81689691
11,Pistachios,San Joaquin River,232.7180132,4636.170568,1.382293453,3.805829794,1670.783317,190.2914897,333.5859804,1653.809241,0.4,0.17,50,2560.0781950376904,1.5859235528837905,2560.0781950376904,64.81689691,2495.261298,-4.882352941,0.031098039200129123,0.9542940389084541,0.002451952,0.012155969761672422,0.7392956464716355,0.010742614916755398,31833.00985,232.71803993709327,885.6850654964217,-2.67E-05,8.274062361124379e-05,1.1489051877453968e-07,9.341990635830222e-08,GOOD,4636.170568,2560.078195
11,Potatoes,San Joaquin River,780.6514587,960.1331262,14.27542043,3.305132031,1399.755757,165.2566016,1460.614703,8489.822961,0.41,0.17,50,2190.8540227252483,1.1335747083005903,2190.8540227252483,64.81689691,2126.037126,-4.882352941,0.051171741391058144,0.8070191358952465,0.020816018013411763,0.12099310470028372,10.217095692131517,0.003124345,98456.18307187039,780.6515700739426,2580.155975430814,-0.000111374,0.000165765,1.4266794908009315e-07,6.42462782211279e-08,GOOD,960.1331262,2190.854023
11,Rice,San Joaquin River,351.5468328,356.2897,4.3575,4.833919598,193.7346724,241.69597989999997,110.9689819,890.6135194,0.2,0.17,50,115.51921414999995,1.0289413505337868,115.51921414999995,64.81689691,50.70231724,-4.882352941,0.000582079,0.9975327399775927,0.000208866,0.001676315,1.3187587533505845,0.014222856056406491,115.79977146012129,351.5471591016023,1699.350291822289,-0.000326302,-0.001167136,9.281881440566888e-07,6.868132762653856e-07,GOOD,356.2897,115.5192142
11,Safflower,San Joaquin River,6.30571216,447.9696,1.4025,2.40565496,122.8862062,24.0565496,70.96245709,266.541912,0.74,0.17,10,143.8302391,1.2351387046038915,143.8302391,64.81689691,79.0133422,-4.882352941,0.1133877265476026,0.743130858,0.030167887361856733,0.11331352814110865,1.0702207222186673,0.214305905,243.9027936,6.305741778737949,15.16943886776943,-2.96E-05,-7.11E-05,4.69712812729741e-06,4.689301120691813e-06,GOOD,447.9696,143.8302391
11,Subtropical,San Joaquin River,286.7821556,826.2221391,4.405931004,3.247465856,735.8244443,162.3732928,1573.318433,583.0178829,0.13,0.17,50,585.7436858518913,1.1350114681006451,585.7436858518913,64.81689691,520.9267889,-4.882352941,0.024233407,0.9362261598604186,0.028849716773760352,0.010690716159493683,2.5308378724351774,0.026822825416783682,21.380507679711744,286.7821920988806,931.3151797525272,-3.65E-05,7.866855196425604e-05,1.272704033056845e-07,8.447037805181897e-08,GOOD,826.2221391,585.7436859
11,Truck,San Joaquin River,1929.470914,548.8387,13.5325,2.667732673,393.2180654,133.38663365000002,2180.74051,1769.086233,0.41,0.17,50,2950.728265700001,1.580161681804525,2950.728265700001,64.81689691,2885.911369,-4.882352941,0.14319927075975739,0.6876555776077018,0.093386801,0.075758351,10.702403486344545,0.00126409,226321.50293597477,1929.4712192795107,5147.312338696532,-0.00030528,0.000260184,1.582192861769944e-07,5.054762785194265e-08,GOOD,548.8387,2950.728266
11,Walnuts,San Joaquin River,25623.24038,2092.008952,1.920558157,4.952669773,1028.336919,247.6334887,360.3252181,1097.455103,0.13,0.17,50,1284.0741285306221,1.3997252287250195,1284.0741285306221,64.81689691,1219.257232,-4.882352941,0.003759537,0.9938703917157247,0.00058582,0.001784252,0.6853457099516487,0.000300208,3416.3984209940336,25623.24205060321,126903.42858596702,-0.001670603,0.019530372010194696,6.519874872656611e-08,1.5389945899886174e-07,GOOD,2092.008952,1284.074129
12,Alfalfa,San Joaquin River,10092.25907,205.8588937,7.063149253,4.134965358,409.846448,41.349653579999995,219.4180648,271.0060707,1.86,0.17,10,512.3918541805614,1.4706283549537853,512.3918541805614,64.81689691,447.5749573,-4.882352941,0.021099394,0.9676804565093561,0.005019948,0.006200202,3.517826650595585,5.327195872332581e-05,9401648.258959332,10092.271876550205,41731.16846758292,-0.01280655,-0.026829172,1.2689478258621383e-06,6.429052876784495e-07,GOOD,205.8588937,512.3918542
12,Almonds,San Joaquin River,117068.3818,5157.824281,1.067695081,4.125499535,1198.04631,206.2749768,515.5269696,1659.178231,0.4,0.17,50,1927.9571261360625,1.4654114232167907,1927.9571261360625,64.81689691,1863.140229,-4.882352941,0.014610796863303537,0.9752247306488442,0.002409549,0.007754923,0.5045533819266457,2.1355040204373953e-05,11766659.788764454,117068.39075336844,482965.5305442663,-0.008953368,0.024134836217854172,7.647981717278648e-08,4.997216878932519e-08,GOOD,5157.824281,1927.957126
12,Beans Dry,San Joaquin River,393.2915124,1415.3103,1.200351344,2.212101358,144.6880326,110.6050679,120.7038647,856.238012,1.68,0.17,50,466.6346435820433,1.3130377706758296,466.6346435820433,64.81689691,401.8177467,-4.882352941,0.088284039,0.7706310994256601,0.017431423934428782,0.12365343738612306,0.9001644800978461,0.001513478,199117.75841923498,393.2923029,870.0023272669893,-0.000790452,-0.001638597,2.009838074533759e-06,1.8834434234797272e-06,GOOD,1415.3103,466.6346436
12,Berries,San Joaquin River,197.6429401,5010.1193,4.8075,3.460572945,1089.617527,173.0286473,10036.28409,9329.126312,0.25,0.17,50,3458.091958500004,1.112038305495303,3458.091958500004,64.81689691,3393.275062,-4.882352941,0.04634968,0.7562805043499468,0.10228853901636058,0.095081276,3.6056528841918865,0.020238516984093378,4056.9692875330925,197.64294681366582,683.9577538,-6.71E-06,5.750544255533896e-05,3.396865988905923e-08,8.407747028679044e-08,GOOD,5010.1193,3458.091959
12,Corn,San Joaquin River,52729.48862,44.88630607,26.76544219,2.415829265,105.8936729,120.7914633,105.1073939,671.1863659,0.3,0.17,50,198.4229342892312,1.1407939129085103,198.4229342892312,64.81689691,133.6060374,-4.882352941,0.030309024,0.8923744373112357,0.010468382274320552,0.066848156,17.326771693466537,6.321573412849332e-05,135154.81848192672,52729.531321281924,127385.52766029125,-0.042701282,-0.085923611,8.098178655784804e-07,6.745167234777469e-07,GOOD,44.88630607,198.4229343
12,Cucurbits,San Joaquin River,485.2556058,252.19315,13.35,2.299627126,155.96046449341188,113.67724543155478,2175.5602197305484,761.2578346301987,0.05,0.17,50,123.53817229999996,0.9886580667474244,160.32278821428608,64.81689691,95.50589131,-4.882352941,0.031762986,0.6733048325738872,0.218482286,0.076449896,10.691978016303096,0.041215392,1.2575660824160032e-05,485.1295142593281,1115.5408116055717,0.12609154067189365,0.3661425356713153,0.000259846,0.000328112,GOOD,252.19315,160.3227882
12,Field and Grain,San Joaquin River,3979.009651,187.333843,2.812754652,0.483631303,99.76076638,24.18156515,59.73354402,256.6110606,0.74,0.17,50,86.63720222528774,1.1397851526700795,86.63720222528774,64.81689691,21.82030532,-4.882352941,0.37024901181642006,0.001384284,0.11865089416575451,0.5097158103128504,2.8391441466752245,0.00033962,92680.47362196843,3979.026983,1924.3817623708483,-0.017332359,-0.008140208,4.355947954490298e-06,4.230055977308522e-06,GOOD,187.333843,86.63720223
12,Grapes,San Joaquin River,8580.61997,447.1747228,10.57632504,3.098484515,1478.428428,154.9242258,1571.365603,1181.295692,0.13,0.17,50,343.4512692546987,1.0269581084801613,343.4512692546987,64.81689691,278.6343723,-4.882352941,0.042068194023465566,0.8943713581525442,0.036283687,0.027276760614338556,6.719687444202011,0.000896475,894.3809089698873,8580.620364921444,26586.915987192486,-0.000394921,0.002118952,4.602481471277957e-08,7.969905610006443e-08,GOOD,447.1747228,343.4512693
12,Orchards,San Joaquin River,5404.046108,3117.281059,2.261810582,3.445837194,1004.69895,172.2918597,2437.46994,2566.6293,0.13,0.17,50,869.6092366,1.0863701462459177,869.6092366,64.81689691,804.7923397,-4.882352941,0.023652603,0.9131987787667724,0.030759354,0.032389265,1.3779913754390842,0.001423435,580.0856353256338,5404.046344685827,18621.46157237498,-0.000236686,0.001504662,4.379789186583011e-08,8.080258533614556e-08,GOOD,3117.281059,869.6092366
12,Pasture,San Joaquin River,9887.190142,187.333843,2.812754652,4.600187047,99.76076638,46.00187047,59.73354402,256.6110606,0.74,0.17,10,64.81689690528773,1.0859654809606532,64.81689690528773,64.81689691,0,-4.882352941,0.002065675,0.9939637657980914,0.000749738,0.003220821,1.0062729593898403,0.000136677,188964.38037816918,9887.231821646421,45483.08544431615,-0.041679646,-0.161421862,4.215519861848255e-06,3.5490651739964337e-06,GOOD,187.333843,64.81689691
12,Pistachios,San Joaquin River,318.6936471,4636.170568,1.382293453,3.805829794,1670.783317,190.2914897,333.5859804,1653.809241,0.4,0.17,50,2560.0781950376904,1.5859235528837905,2560.0781950376904,64.81689691,2495.261298,-4.882352941,0.031098039,0.9542940389084544,0.002451952,0.012155969761672424,0.7392956464716356,0.007844524,43593.436833559295,318.6936653599719,1212.8936978211252,-1.83E-05,7.947057656565448e-05,5.729631581597154e-08,6.552146449551926e-08,GOOD,4636.170568,2560.078195
12,Potatoes,San Joaquin River,3763.01473,960.1331262,14.27542043,3.305132031,1399.755757,165.2566016,1460.614703,8489.822961,0.41,0.17,50,2190.8540227252483,1.1335747083005903,2190.8540227252483,64.81689691,2126.037126,-4.882352941,0.051171741,0.8070191358952467,0.020816018,0.1209931047002837,10.217095692131517,0.000648157,474593.44760079763,3763.0149989696383,12437.259876997392,-0.00026897,0.00064025,7.147716864106426e-08,5.1478412245559985e-08,GOOD,960.1331262,2190.854023
12,Safflower,San Joaquin River,293.0658075,447.9696,1.4025,2.40565496,122.8862062,24.0565496,70.96245709,266.541912,0.74,0.17,10,143.8302391,1.2351387046038915,143.8302391,64.81689691,79.0133422,-4.882352941,0.11338772654760258,0.743130858,0.030167887361856733,0.11331352814110864,1.0702207222186673,0.004611085,11335.685383407465,293.0665023343327,705.0164548756799,-0.000694834,-0.001241457,2.370915729243988e-06,1.760893773605693e-06,GOOD,447.9696,143.8302391
12,Subtropical,San Joaquin River,218.0057352,826.2221391,4.405931004,3.247465856,735.8244443,162.3732928,1573.318433,583.0178829,0.13,0.17,50,585.7436858518913,1.1350114681006451,585.7436858518913,64.81689691,520.9267889,-4.882352941,0.024233407206327526,0.9362261598604183,0.028849717,0.010690716159493683,2.5308378724351774,0.035284887,16.253010184378464,218.00574910797545,707.9661396801342,-1.39E-05,4.179404311344115e-05,6.379637412088092e-08,5.9033954173368324e-08,GOOD,826.2221391,585.7436859
12,Truck,San Joaquin River,239.2525348,548.8387,13.5325,2.667732673,393.2180654,133.38663365000002,2180.74051,1769.086233,0.41,0.17,50,2950.728265700001,1.580161681804525,2950.728265700001,64.81689691,2885.911369,-4.882352941,0.14319927075975744,0.6876555776077017,0.093386801,0.075758351,10.702403486344545,0.010194351,28063.64836302354,239.25255387031572,638.2617790979683,-1.91E-05,2.5086061214096844e-05,7.970789413725276e-08,3.9303716828500364e-08,GOOD,548.8387,2950.728266
12,Walnuts,San Joaquin River,8540.768872,2092.008952,1.920558157,4.952669773,1028.336919,247.6334887,360.3252181,1097.455103,0.13,0.17,50,1284.0741285306221,1.3997252287250195,1284.0741285306221,64.81689691,1219.257232,-4.882352941,0.003759537,0.9938703917157242,0.00058582,0.001784252,0.6853457099516486,0.000900658,1138.757973450965,8540.769146505287,42299.603706394984,-0.000274505,0.004124139,3.214058245303282e-08,9.749827342003017e-08,GOOD,2092.008952,1284.074129
13,Alfalfa,San Joaquin River,36719.39993,205.8588937,7.063149253,4.134965358,409.846448,41.349653579999995,219.4180648,271.0060707,1.86,0.17,10,512.3918541805614,1.4706283549537853,512.3918541805614,64.81689691,447.5749573,-4.882352941,0.021099393684595364,0.9676804565093559,0.005019948,0.006200202,3.5178266505955853,1.4641699200615191e-05,34206700.40547383,36719.41217,151833.43865485443,-0.012244724,0.008022243,3.3346743199826335e-07,5.28358103020199e-08,GOOD,205.8588937,512.3918542
13,Almonds,San Joaquin River,247944.9751,5157.824281,1.067695081,4.125499535,1198.04631,206.2749768,515.5269696,1659.178231,0.4,0.17,50,1927.9571261360625,1.4654114232167907,1927.9571261360625,64.81689691,1863.140229,-4.882352941,0.014610796863303537,0.9752247306488444,0.002409549,0.007754923,0.5045533819266457,1.0082882296734233e-05,24921196.68417057,247944.9800871269,1022896.8202474419,-0.004987127,0.059233195,2.011384535487802e-08,5.7907298367394935e-08,GOOD,5157.824281,1927.957126
13,Beans Dry,San Joaquin River,454.4272786,1415.3103,1.200351344,2.212101358,144.6880326,110.6050679,120.7038647,856.238012,1.68,0.17,50,466.6346435820433,1.3130377706758296,466.6346435820433,64.81689691,401.8177467,-4.882352941,0.088284039,0.770631099,0.017431423934428772,0.12365343738612297,0.90016448,0.001309864,230069.9054683825,454.42755268731423,1005.2397323728873,-0.000274087,-0.00053227,6.031489021843061e-07,5.294954502731063e-07,GOOD,1415.3103,466.6346436
13,Berries,San Joaquin River,232.5986876,5010.1193,4.8075,3.460572945,1089.617527,173.0286473,10036.28409,9329.126312,0.25,0.17,50,3458.091958500004,1.112038305495303,3458.091958500004,64.81689691,3393.275062,-4.882352941,0.04634968,0.7562805043499468,0.10228853901636059,0.095081276,3.6056528841918865,0.017197002,4774.497543075683,232.59868978743515,804.9246783544495,-2.19E-06,4.6996617470540514e-05,9.404331407936974e-09,5.8386350910071736e-08,GOOD,5010.1193,3458.091959
13,Corn,San Joaquin River,68254.51047,44.88630607,26.76544219,2.415829265,105.8936729,120.7914633,105.1073939,671.1863659,0.3,0.17,50,198.4229342892312,1.1407939129085103,198.4229342892312,64.81689691,133.6060374,-4.882352941,0.030309024496526046,0.8923744373112357,0.010468382274320549,0.066848156,17.326771693466537,4.883682133796035e-05,174948.1403020217,68254.52685936044,164891.2696941107,-0.01638936,-0.025832436,2.401212804075518e-07,1.5666347818462954e-07,GOOD,44.88630607,198.4229343
13,Cotton,San Joaquin River,9953.337568,2462.1839,0.78,3.634047537,285.2698798,181.70237684999998,150.2373098,855.0856041,0.68,0.17,50,448.2082714500001,1.2423126379335911,448.2082714500001,64.81689691,383.3913745,-4.882352941,0.007285107,0.9827297478630834,0.001492198,0.008492946,0.34665738424719866,0.000147748,1039957.1594074679,9953.339235993113,36170.90494192925,-0.001667993,-0.003068009,1.6758128626528807e-07,8.481981692648425e-08,GOOD,2462.1839,448.2082715
13,Cucurbits,San Joaquin River,381.5091794,252.19315,13.35,2.299627126,155.96046449341188,113.67724543155478,2175.5602197305484,761.2578346301987,0.05,0.17,50,123.53817229999996,0.9886580667474244,160.32278821428608,64.81689691,95.50589131,-4.882352941,0.031762985669367874,0.6733048325738873,0.21848228602230502,0.076449896,10.691978016303098,0.052423378,9.887016211854796e-06,381.4100111118387,877.0409621621574,0.099168288,0.28789560408301895,0.000259937,0.00032815,GOOD,252.19315,160.3227882
13,Field and Grain,San Joaquin River,29481.60877,187.333843,2.812754652,0.483631303,99.76076638,24.18156515,59.73354402,256.6110606,0.74,0.17,50,86.63720222528774,1.1397851526700795,86.63720222528774,64.81689691,21.82030532,-4.882352941,0.3702490118164201,0.001384284,0.11865089416575454,0.5097158103128504,2.839144146675225,4.583709667589322e-05,686695.8624,29481.650826583686,14258.248088061953,-0.042056584,-0.019224091,1.4265362523038612e-06,1.3482804076692935e-06,GOOD,187.333843,86.63720223
13,Grapes,San Joaquin River,73566.55637,447.1747228,10.57632504,3.098484515,1478.428428,154.9242258,1571.365603,1181.295692,0.13,0.17,50,343.4512692546987,1.0269581084801613,343.4512692546987,64.81689691,278.6343723,-4.882352941,0.042068194023465545,0.8943713581525442,0.036283687,0.027276761,6.719687444,0.000104563,7668.038415175852,73566.55733132246,227944.82101990448,-0.000961322,0.014714415156049654,1.3067384165290842e-08,6.455252696841087e-08,GOOD,447.1747228,343.4512693
13,Onions and Garlic,San Joaquin River,685.1750378,248.2454,30.0225,1.480822037,1196.627996,74.04110185,2086.336507,3108.934795,0.41,0.17,50,987.0071216499999,1.0977591532913127,987.0071216499999,64.81689691,922.1902247,-4.882352941,0.2770293660867202,0.0638666,0.26468546659013387,0.39441856769123645,29.68003297271422,0.00355971,51930.709268992374,685.1750659550422,1014.6222662438302,-2.82E-05,2.893271789616847e-05,4.109175118761025e-08,2.8515752151034755e-08,GOOD,248.2454,987.0071217
13,Orchards,San Joaquin River,15993.26345,3117.281059,2.261810582,3.445837194,1004.69895,172.2918597,2437.46994,2566.6293,0.13,0.17,50,869.6092366,1.0863701462459177,869.6092366,64.81689691,804.7923397,-4.882352941,0.023652602917364866,0.9131987787667726,0.030759353784807972,0.032389265,1.377991375439084,0.000480972,1716.7622562637637,15993.263644118762,55110.17848207179,-0.000194119,0.003567379,1.2137532944251952e-08,6.473175813637006e-08,GOOD,3117.281059,869.6092366
13,Pasture,San Joaquin River,17083.86758,187.333843,2.812754652,4.600187047,99.76076638,46.00187047,59.73354402,256.6110606,0.74,0.17,10,64.81689690528773,1.0859654809606532,64.81689690528773,64.81689691,0,-4.882352941,0.002065675,0.9939637657980914,0.000749738,0.003220821,1.0062729593898403,7.91010200133705e-05,326507.5724602558,17083.88575789487,78589.03767527368,-0.018177895,-0.051321094,1.0640386192790452e-06,6.53031637498444e-07,GOOD,187.333843,64.81689691
13,Pistachios,San Joaquin River,69326.68265,4636.170568,1.382293453,3.805829794,1670.783317,190.2914897,333.5859804,1653.809241,0.4,0.17,50,2560.0781950376904,1.5859235528837905,2560.0781950376904,64.81689691,2495.261298,-4.882352941,0.031098039200129123,0.9542940389084543,0.002451952,0.012155969761672422,0.7392956464716355,3.606115141296177e-05,9483051.791222807,69326.68372162008,263845.5380109355,-0.00107162,0.016337617416866124,1.545754155178327e-08,6.192113965006714e-08,GOOD,4636.170568,2560.078195
13,Potatoes,San Joaquin River,12938.74405,960.1331262,14.27542043,3.305132031,1399.755757,165.2566016,1460.614703,8489.822961,0.41,0.17,50,2190.8540227252483,1.1335747083005903,2190.8540227252483,64.81689691,2126.037126,-4.882352941,0.051171741,0.8070191358952464,0.020816018013411753,0.12099310470028363,10.217095692131517,0.000188505,1631841.3790301082,12938.74430886906,42764.25501151792,-0.000258869,0.002389048,2.0007278868543284e-08,5.586552628721407e-08,GOOD,960.1331262,2190.854023
13,Rice,San Joaquin River,1085.172573,356.2897,4.3575,4.833919598,193.7346724,241.69597989999997,110.9689819,890.6135194,0.2,0.17,50,115.51921414999995,1.0289413505337868,115.51921414999995,64.81689691,50.70231724,-4.882352941,0.000582079,0.9975327399775927,0.000208866,0.001676315,1.3187587533505845,0.004607562,357.4566010090703,1085.1726957827966,5245.637102181541,-0.000122783,-0.000134345,1.1314587154812014e-07,2.5610761191237358e-08,GOOD,356.2897,115.5192142
13,Safflower,San Joaquin River,55.10942187,447.9696,1.4025,2.40565496,122.8862062,24.0565496,70.96245709,266.541912,0.74,0.17,10,143.8302391,1.2351387046038915,143.8302391,64.81689691,79.0133422,-4.882352941,0.11338772654760262,0.7431308579494319,0.030167887361856743,0.11331352814110869,1.0702207222186675,0.024521239844234124,2131.6136239462003,55.109460649018125,132.57432823541438,-3.88E-05,-7.42E-05,7.036731072576135e-07,5.594684800085184e-07,GOOD,447.9696,143.8302391
13,Subtropical,San Joaquin River,7801.771135,826.2221391,4.405931004,3.247465856,735.8244443,162.3732928,1573.318433,583.0178829,0.13,0.17,50,585.7436858518913,1.1350114681006451,585.7436858518913,64.81689691,520.9267889,-4.882352941,0.024233407206327537,0.9362261598604183,0.028849717,0.010690716,2.5308378724351774,0.000985969,581.6464672225974,7801.771274878898,25335.98385,-0.000139879,0.00153087,1.7929120930725195e-08,6.042273624575161e-08,GOOD,826.2221391,585.7436859
13,Tomatoes,San Joaquin River,12168.77935,395.6381338,28.03035237,2.379660861,291.4439575,118.9830431,4554.566446,2199.660588,0.973286429,0.17,50,3925.2222668732065,1.474151704018707,3925.2222668732065,64.81689691,3860.40537,-4.882352941,0.2199621603423662,0.4277039600505769,0.23758870671200255,0.11474517289505431,25.057868861570462,8.443301852626429e-05,17600086.606883675,12168.779899120276,28957.567059966794,-0.00054912,0.000885373,4.5125337533263105e-08,3.057484766962748e-08,GOOD,395.6381338,3925.222267
13,Truck,San Joaquin River,1569.331034,548.8387,13.5325,2.667732673,393.2180654,133.38663365000002,2180.74051,1769.086233,0.41,0.17,50,2950.728265700001,1.580161681804525,2950.728265700001,64.81689691,2885.911369,-4.882352941,0.14319927075975739,0.6876555776077018,0.093386801,0.075758351,10.702403486344545,0.001554181,184078.1095179274,1569.3310705230251,4186.555457801719,-3.65E-05,0.000216353,2.3272989753174264e-08,5.167803131931514e-08,GOOD,548.8387,2950.728266
13,Walnuts,San Joaquin River,8555.769072,2092.008952,1.920558157,4.952669773,1028.336919,247.6334887,360.3252181,1097.455103,0.13,0.17,50,1284.0741285306221,1.3997252287250195,1284.0741285306221,64.81689691,1219.257232,-4.882352941,0.003759537,0.9938703917157244,0.00058582,0.001784252,0.6853457099516485,0.000899078,1140.7579804303562,8555.769139132592,42373.89581532317,-6.71E-05,0.003052339,7.846470829643667e-09,7.203348217883337e-08,GOOD,2092.008952,1284.074129
14,Alfalfa,Tulare Lake,3768.866029,199.736451,8.253403631,4.524530937,464.6688622,45.24530937,248.7681497,307.2567376,1.86,0.17,10,582.5664910564534,1.4728846575043426,582.5664910564534,63.59168943,518.9748016,-4.882352941,0.014260753762433718,0.9781675633499388,0.003387607,0.004184076,3.7924924563899185,0.000142652,4027817.5141613446,3769.020030040672,17053.04772460128,-0.154001041,-0.696778982,4.086137301964269e-05,4.08611683319731e-05,GOOD,199.736451,582.5664911
14,Almonds,Tulare Lake,101460.1773,5115.183836,1.143761761,4.141037405,1272.789667,207.05187024999998,547.6895131,1762.69055,0.4,0.17,50,2060.3300717520947,1.4700865967615286,2060.3300717520947,63.59168943,1996.738382,-4.882352941,0.015222525754641957,0.9742258521104995,0.002501326,0.008050297,0.5446538370745727,2.4640209257745898e-05,10891920.706599543,101460.44553323777,420151.49990989565,-0.268233238,-1.110592664,2.643729243448989e-06,2.64332175347204e-06,GOOD,5115.183836,2060.330072
14,Beans Dry,Tulare Lake,8765.374646,989.2558964,1.380612025,1.919782133,116.3195893,95.98910665,97.0379078,688.3586163,1.68,0.17,50,368.0733663219941,1.3037332918487525,368.0733663219941,63.59168943,304.4816769,-4.882352941,0.1350025972550377,0.6461036938295877,0.027044921758560877,0.1918487871568139,1.132804601383921,6.7907889768263e-05,3417025.208541476,8766.130852537122,16829.06138560887,-0.756206537,-1.451751167,8.627201547708096e-05,8.62719779224961e-05,GOOD,989.2558964,368.0733663
14,Berries,Tulare Lake,164.466173,6318.852028,4.903289478,2.39378705,1401.62695,119.68935249999998,12910.1505,12000.49974,0.25,0.17,50,4551.194119,1.116366881,4551.194119,63.59168943,4487.60243,-4.882352941,0.15126718418354185,0.21572808175247526,0.32805993842971215,0.3049447956342707,4.6689214007900555,0.024321111,4435.035882442783,164.4663238708996,393.69736238517504,-0.000150871,-0.000367295,9.173369626759103e-07,9.32937563689064e-07,GOOD,6318.852028,4551.194119
14,Corn,Tulare Lake,5650.568712,50.43552386,24.76768296,2.280437339,110.1041373,114.021867,109.2865949,697.8735724,0.3,0.17,50,217.88489333599557,1.1535951526187738,217.88489333599557,63.59168943,154.2932039,-4.882352941,0.043631909,0.8489927362420415,0.014538238401859815,0.092837117,17.149143593154324,0.000589911,15989.033986167415,5650.707255632597,12886.083818626616,-0.138543633,-0.315941197,2.4518528958353506e-05,2.451861617269587e-05,GOOD,50.43552386,217.8848933
14,Cotton,Tulare Lake,42787.83393,2858.852174,0.790424805,3.749301711,335.6549753,187.4650856,176.7726076,1006.11301,0.68,0.17,50,553.7019937077761,1.2614861557011177,553.7019937077761,63.59168943,490.1103043,-4.882352941,0.007352295,0.9828688159305891,0.001461375,0.008317514,0.3497919118304784,3.436930782006795e-05,5520996.564812449,42788.595327323244,160427.35360748883,-0.761397323,-2.854643756,1.7794715303638823e-05,1.7794313053245716e-05,GOOD,2858.852174,553.7019937
14,Cucurbits,Tulare Lake,14628.32249,365.85,17.8725,2.442132231,306.3671659,122.1066116,4273.648587,1495.407224,0.05,0.17,50,341.12453655000013,1.004801922117904,341.12453655000013,63.59168943,277.5328471,-4.882352941,0.040555153,0.5981043964627824,0.2676767489959501,0.093663701,14.885962280023728,0.001367211,0.000880265,14628.34955858771,35724.36393490672,-0.027068588,-0.066096616,1.8504232271294793e-06,1.8501865550302854e-06,GOOD,365.85,341.1245366
14,Field and Grain,Tulare Lake,68296.34349,223.9885825,2.362115684,0.732562279,100.1702431,36.62811395,59.97872552,257.6643428,0.74,0.17,50,74.64551839017798,1.1088168887340837,74.64551839017798,63.59168943,11.05382896,-4.882352941,0.3493000614713061,0.016016073,0.11984372766230063,0.5148401380504837,2.3891672303198312,1.9786584204895495e-05,1455269.838958533,68306.16187148314,50038.51759512767,-9.818381483,-7.192560726,0.000143761,0.000143761,GOOD,223.9885825,74.64551839
14,Grapes,Tulare Lake,19109.96245,1508.011287,11.85419447,4.00891598,2364.126279,200.44579900000002,7770.695391,5397.648302,0.13,0.17,50,2143.3432880529836,1.0821267256163145,2143.3432880529836,63.59168943,2079.751599,-4.882352941,0.023240434035620955,0.9088638168299837,0.040065569,0.027830179981032755,7.274442658548343,0.000402529,5037.772109434892,19109.974530469754,76610.28224733094,-0.01208047,-0.048404326,6.321555987378311e-07,6.318258481977061e-07,GOOD,1508.011287,2143.343288
14,Lettuce,Tulare Lake,8282.261381,479.2433265,17.02508876,2.300762612,668.5417978322613,108.89928428038655,4119.210746672234,2873.9769057866993,0.25,0.17,50,-49.5127242,0.9466364214404797,388.5314367285794,63.59168943,324.9397473,-4.882352941,0.071548298,0.4551158372591274,0.27880993303865736,0.1945259317708797,15.077923077975669,0.00048296,37676.523055162375,8269.472736361304,19023.62644627646,12.788644638696496,31.89088193983116,0.001544101,0.001673577,GOOD,479.2433265,388.5314367
14,Onions and Garlic,Tulare Lake,25454.12453,426.9855608,22.97465084,1.253629891,1575.045865,62.681494550000004,2746.112992,4092.094542,0.41,0.17,50,1333.9092795515899,1.1022629189137385,1333.9092795515899,63.59168943,1270.31759,-4.882352941,0.29276476610759117,0.019020349,0.27637591088804075,0.41183897377126927,22.914528320640038,9.582039984794174e-05,2590746.598246526,25454.20378981886,31910.150715738266,-0.079259819,-0.099355694,3.113830089367035e-06,3.11361748731173e-06,GOOD,426.9855608,1333.90928
14,Orchards,Tulare Lake,6411.553084,1503.259449,11.50880315,3.502172688,2465.289127,175.1086344,5980.963891,6297.889837,0.13,0.17,50,2381.4655925184657,1.104403489884033,2381.4655925184657,63.59168943,2317.873903,-4.882352941,0.050104247336015366,0.8229607704349706,0.06182935,0.065105632,8.089565828775827,0.001199757,1819.2609368566812,6411.556849611119,22454.379283355167,-0.003765611,-0.013184908,5.873165315243291e-07,5.871868366815595e-07,GOOD,1503.259449,2381.465593
14,Pasture,Tulare Lake,1021.397942,223.9885825,2.362115684,4.768194291,100.1702431,47.681942910000004,59.97872552,257.6643428,0.74,0.17,10,63.59168943017798,1.0824864973455244,63.59168943017798,63.59168943,0,-4.882352941,0.001666338,0.9951015274793626,0.000610306,0.002621829,0.8101809360953482,0.001323041,19601.124669900488,1021.5609778740549,4871.001246190118,-0.163035874,-0.777410307,0.00015962,0.000159625,GOOD,223.9885825,63.59168943
14,Pistachios,Tulare Lake,90860.51559,4379.7619,1.466522812,3.820163692,1674.55647,191.0081846,334.3393222,1657.544061,0.4,0.17,50,2565.5726996784624,1.5858055759089673,2565.5726996784624,63.59168943,2501.98101,-4.882352941,0.030512026,0.955154355,0.00240591,0.011927708973392523,0.781304868,2.75147018896638e-05,12459923.232809223,90860.70363506573,347102.76091675914,-0.188045066,-0.718223441,2.0696015701929406e-06,2.069199695987231e-06,GOOD,4379.7619,2565.5727
14,Potatoes,Tulare Lake,251.7669447,316.2258,23.4875,1.233512156,758.5181794,61.6756078,791.4972307,4600.577654,0.41,0.17,50,1215.0848056000002,1.1386613091233178,1215.0848056000002,63.59168943,1151.493116,-4.882352941,0.26183748014224695,0.022797113908011778,0.10500776600013853,0.6103576399496027,23.416781397374823,0.009687628,17201.394969426034,251.76811257124794,310.55903355340325,-0.001167871,-0.001446787,4.638699688400744e-06,4.658675347585609e-06,GOOD,316.2258,1215.084806
14,Subtropical,Tulare Lake,4565.094868,654.5088042,14.79755688,3.608433712,1957.695769,180.4216856,4185.888173,1551.146678,0.13,0.17,50,1809.9789530102828,1.1712706210711223,1809.9789530102828,63.59168943,1746.387264,-4.882352941,0.036083489,0.9089722150295484,0.040088771,0.014855524535285162,9.092461553024448,0.001685027,1003.1066026332217,4565.098330230401,16472.85471294769,-0.00346223,-0.012492778,7.584136805840902e-07,7.583863265947605e-07,GOOD,654.5088042,1809.978953
14,Tomatoes,Tulare Lake,63363.65349,230.9595433,32.87764995,2.220206136,240.7834131,111.0103068,2570.781849,1711.860449,0.935120824,0.17,50,2958.970999329268,1.5604522705573929,2958.970999329268,63.59168943,2895.37931,-4.882352941,0.24737811859550918,0.42152397270828484,0.19875124623776497,0.132346662,29.479644455228158,1.6876876072499e-05,63779405.22598075,63364.06176799536,140681.27868730717,-0.408277995,-0.906409431,6.44340994991685e-06,6.443041176881117e-06,GOOD,230.9595433,2958.970999
14,Truck,Tulare Lake,5108.895454,923.9057691,21.11899335,1.84535452,1033.026808,92.26772600000001,5729.043516,4647.582765,0.41,0.17,50,8010.038978649539,1.6156274373633648,8010.038978649539,63.59168943,7946.447289,-4.882352941,0.4254189966165896,0.086426428,0.26951522875656303,0.2186393467907523,20.751732598718075,0.000477407,1640993.800665655,5108.900494904669,9427.732622946416,-0.005040905,-0.0093047,9.866916859659492e-07,9.869509051858339e-07,GOOD,923.9057691,8010.038979
14,Walnuts,Tulare Lake,513.9410645,2131.866347,1.870657994,3.425917313,1020.701599,171.2958657,357.6498318,1089.306585,0.13,0.17,50,1349.0389427051284,1.4392401590096626,1349.0389427051284,63.59168943,1285.447253,-4.882352941,0.032129809,0.9482518261577032,0.004849147,0.014769217242287096,1.029154385800413,0.014967295325566832,70.31002039446423,513.9416906,1760.7217413557535,-0.000626055,-0.002150624,1.218145980478459e-06,1.221445802619064e-06,GOOD,2131.866347,1349.038943
15,Alfalfa,Tulare Lake,37949.49526,199.736451,8.253403631,4.524530937,464.6688622,45.24530937,248.7681497,307.2567376,1.86,0.17,10,582.5664910564534,1.4728846575043426,582.5664910564534,63.59168943,518.9748016,-4.882352941,0.014260753762433718,0.978167563,0.003387607,0.004184076,3.7924924563899185,1.4167103012008556e-05,40556931.58,37949.49616086786,171703.61704007737,-0.000900868,0.048307327495422214,2.3738599085871144e-08,2.8134127129833184e-07,GOOD,199.736451,582.5664911
15,Almonds,Tulare Lake,99517.83192,5115.183836,1.143761761,4.141037405,1272.789667,207.05187024999998,547.6895131,1762.69055,0.4,0.17,50,2060.3300717520947,1.4700865967615286,2060.3300717520947,63.59168943,1996.738382,-4.882352941,0.015222525754641957,0.9742258521104994,0.002501326,0.008050297,0.5446538370745726,2.5121126051155234e-05,10683406.662698006,99517.83215436243,412107.04005903983,-0.000234362,0.024386183,2.354979323171618e-09,5.917438736586371e-08,GOOD,5115.183836,2060.330072
15,Beans Dry,Tulare Lake,805.3403083,989.2558964,1.380612025,1.919782133,116.3195893,95.98910665,97.0379078,688.3586163,1.68,0.17,50,368.0733663219941,1.3037332918487525,368.0733663219941,63.59168943,304.4816769,-4.882352941,0.13500259725503766,0.6461036938295878,0.027044922,0.1918487871568138,1.1328046013839208,0.000739114,313947.5773772493,805.3404948844164,1546.078197676549,-0.000186584,-0.000262817,2.3168394102939397e-07,1.69989812019595e-07,GOOD,989.2558964,368.0733663
15,Berries,Tulare Lake,33.18934584,6318.852028,4.903289478,2.39378705,1401.62695,119.68935249999998,12910.1505,12000.49974,0.25,0.17,50,4551.194119,1.116366881,4551.194119,63.59168943,4487.60243,-4.882352941,0.15126718418354188,0.2157280817524753,0.3280599384297122,0.3049447956342707,4.668921400790055,0.1205206037890381,894.9921861147888,33.189345910175234,79.44822480945882,-7.02E-08,1.4603045457306507e-06,2.114390355091487e-09,1.8380580842324198e-08,GOOD,6318.852028,4551.194119
15,Corn,Tulare Lake,70770.62237,50.43552386,24.76768296,2.280437339,110.1041373,114.021867,109.2865949,697.8735724,0.3,0.17,50,217.88489333599557,1.1535951526187738,217.88489333599557,63.59168943,154.2932039,-4.882352941,0.043631909,0.8489927362420417,0.014538238401859806,0.092837117,17.149143593154324,4.710052309425993e-05,200254.86707082982,70770.62652415206,161387.96869135418,-0.004154152,0.001065463,5.869882054360531e-08,6.6018706917611325e-09,GOOD,50.43552386,217.8848933
15,Cotton,Tulare Lake,95545.06362,2858.852174,0.790424805,3.749301711,335.6549753,187.4650856,176.7726076,1006.11301,0.68,0.17,50,553.7019937077761,1.2614861557011177,553.7019937077761,63.59168943,490.1103043,-4.882352941,0.007352295,0.9828688159305894,0.001461375,0.008317514,0.34979191183047836,1.539156686464633e-05,12328363.45,95545.06567261288,358227.25501951674,-0.002052613,0.015488553151953965,2.148319129662968e-08,4.323666685114932e-08,GOOD,2858.852174,553.7019937
15,Cucurbits,Tulare Lake,746.6842079,365.85,17.8725,2.442132231,306.3671659,122.1066116,4273.648587,1495.407224,0.05,0.17,50,341.12453655000013,1.004801922117904,341.12453655000013,63.59168943,277.5328471,-4.882352941,0.040555153,0.5981043964627822,0.2676767489959502,0.093663701,14.88596228002373,0.026785085031125373,4.493200695757381e-05,746.6842110274127,1823.5014709800278,-3.13E-06,9.951126708074298e-05,4.188400750577633e-09,5.4571528037638196e-08,GOOD,365.85,341.1245366
15,Field and Grain,Tulare Lake,32034.08983,223.9885825,2.362115684,0.732562279,100.1702431,36.62811395,59.97872552,257.6643428,0.74,0.17,50,74.64551839017798,1.1088168887340837,74.64551839017798,63.59168943,11.05382896,-4.882352941,0.34930006147130604,0.016016072815909624,0.11984372766230061,0.5148401380504837,2.389167230319831,4.2184789969771755e-05,682587.7106424177,32034.106615400393,23466.976654639235,-0.0167854,-0.010803084,5.239855566737447e-07,4.603528116613904e-07,GOOD,223.9885825,74.64551839
15,Grapes,Tulare Lake,54464.91898,1508.011287,11.85419447,4.00891598,2364.126279,200.44579900000002,7770.695391,5397.648302,0.13,0.17,50,2143.3432880529836,1.0821267256163145,2143.3432880529836,63.59168943,2079.751599,-4.882352941,0.023240434035620955,0.9088638168299837,0.040065569153362686,0.02783018,7.274442658548342,0.000141234,14358.052795654505,54464.919014344945,218345.27108133287,-3.43E-05,0.012966994458111003,6.305883397245676e-10,5.938756366838205e-08,GOOD,1508.011287,2143.343288
15,Lettuce,Tulare Lake,19.64172298,479.2433265,17.02508876,2.300762612,668.5417978322613,108.89928428038655,4119.210746672234,2873.9769057866993,0.25,0.17,50,-49.5127242,0.9466364214404797,388.5314367285794,63.59168943,324.9397473,-4.882352941,0.071548298,0.45511583725912724,0.27880993303865736,0.1945259317708797,15.077923077975669,0.2036481221160161,89.35142162945493,19.611286968195206,45.115065575161395,0.030436012,0.075876292,0.001549559,0.001679016,GOOD,479.2433265,388.5314367
15,Onions and Garlic,Tulare Lake,5000.73711,426.9855608,22.97465084,1.253629891,1575.045865,62.681494550000004,2746.112992,4092.094542,0.41,0.17,50,1333.9092795515899,1.1022629189137385,1333.9092795515899,63.59168943,1270.31759,-4.882352941,0.29276476610759117,0.019020349,0.2763759108880407,0.41183897377126927,22.914528320640038,0.000487733,508980.0924478176,5000.737160195151,6269.073209647849,-5.02E-05,0.000308481,1.0037550411051817e-08,4.9206809590106414e-08,GOOD,426.9855608,1333.90928
15,Orchards,Tulare Lake,19537.02272,1503.259449,11.50880315,3.502172688,2465.289127,175.1086344,5980.963891,6297.889837,0.13,0.17,50,2381.4655925184657,1.104403489884033,2381.4655925184657,63.59168943,2317.873903,-4.882352941,0.050104247336015345,0.8229607704349708,0.061829350038207324,0.065105632,8.089565828775825,0.00039373,5543.577631085153,19537.02273614367,68422.02333146802,-1.61E-05,0.004043351,8.263116356586878e-10,5.9094294725454054e-08,GOOD,1503.259449,2381.465593
15,Pasture,Tulare Lake,6317.467262,223.9885825,2.362115684,4.768194291,100.1702431,47.681942910000004,59.97872552,257.6643428,0.74,0.17,10,63.59168943017798,1.0824864973455244,63.59168943017798,63.59168943,0,-4.882352941,0.001666338,0.9951015274793628,0.000610306,0.002621829,0.8101809360953481,0.000213907,121235.2779544536,6317.467649366565,30122.903370385695,-0.000387367,0.007961862,6.131675061297571e-08,2.6431250358079333e-07,GOOD,223.9885825,63.59168943
15,Pistachios,Tulare Lake,66888.30312,4379.7619,1.466522812,3.820163692,1674.55647,191.0081846,334.3393222,1657.544061,0.4,0.17,50,2565.5726996784624,1.5858055759089673,2565.5726996784624,63.59168943,2501.98101,-4.882352941,0.030512026,0.9551543552909129,0.00240591,0.011927708973392522,0.7813048678524769,3.7375742594559636e-05,9172555.500442255,66888.30327919933,255524.2519772342,-0.000159199,0.015021280094515532,2.3800773469267232e-09,5.878611949839923e-08,GOOD,4379.7619,2565.5727
15,Potatoes,Tulare Lake,21.44721467,316.2258,23.4875,1.233512156,758.5181794,61.6756078,791.4972307,4600.577654,0.41,0.17,50,1215.0848056000002,1.1386613091233178,1215.0848056000002,63.59168943,1151.493116,-4.882352941,0.26183748014224695,0.022797113908011788,0.10500776600013854,0.6103576399496027,23.416781397374823,0.11372219785982597,1465.3314038994988,21.447214992706687,26.45540194224182,-3.23E-07,-1.93E-06,1.5046554586573204e-08,7.312137750684093e-08,GOOD,316.2258,1215.084806
15,Safflower,Tulare Lake,28254.60058,447.9696,1.4025,2.392307778,122.8862062,23.92307778,70.96245709,266.541912,0.74,0.17,10,143.96371093000002,1.2354790960213353,143.96371093000002,63.59168943,80.3720215,-4.882352941,0.11621866781299116,0.7367911866454041,0.030905620344332422,0.11608452519727236,1.0755297698795452,4.7827657217278254e-05,1100232.8089402656,28254.605700643166,67593.69214233878,-0.005120643,0.008589479,1.8123219093739606e-07,1.2707513328551487e-07,GOOD,447.9696,143.9637109
15,Subtropical,Tulare Lake,1240.848025,654.5088042,14.79755688,3.608433712,1957.695769,180.4216856,4185.888173,1551.146678,0.13,0.17,50,1809.9789530102828,1.1712706210711223,1809.9789530102828,63.59168943,1746.387264,-4.882352941,0.036083489,0.9089722150295487,0.040088771,0.014855524535285162,9.092461553024448,0.006199234,272.65651267554233,1240.848026243296,4477.517581690007,-1.24E-06,0.000263189,1.001972891060189e-09,5.8780025215579274e-08,GOOD,654.5088042,1809.978953
15,Tomatoes,Tulare Lake,25854.41845,230.9595433,32.87764995,2.220206136,240.7834131,111.0103068,2570.781849,1711.860449,0.935120824,0.17,50,2958.970999329268,1.5604522705573929,2958.970999329268,63.59168943,2895.37931,-4.882352941,0.24737811859550923,0.4215239727082848,0.19875124623776502,0.13234666245844107,29.47964445522816,4.13616159852746e-05,26024058.59,25854.418856919707,57402.13593408181,-0.00040692,0.00255132,1.573888449657264e-08,4.4446424214310753e-08,GOOD,230.9595433,2958.970999
15,Truck,Tulare Lake,1289.016998,923.9057691,21.11899335,1.84535452,1033.026808,92.26772600000001,5729.043516,4647.582765,0.41,0.17,50,8010.038978649539,1.6156274373633648,8010.038978649539,63.59168943,7946.447289,-4.882352941,0.4254189966165896,0.086426428,0.269515229,0.21863934679075228,20.751732598718075,0.001892158,414036.44324224856,1289.0170014919358,2378.6932113001453,-3.49E-06,0.000132316,2.7089912633253136e-09,5.5625491289502366e-08,GOOD,923.9057691,8010.038979
15,Walnuts,Tulare Lake,21772.91403,2131.866347,1.870657994,3.425917313,1020.701599,171.2958657,357.6498318,1089.306585,0.13,0.17,50,1349.0389427051284,1.4392401590096626,1349.0389427051284,63.59168943,1285.447253,-4.882352941,0.032129809,0.9482518261577033,0.004849147,0.014769217242287103,1.0291543858004133,0.000353297,2978.656766774503,21772.914068949412,74592.19864004382,-3.89E-05,0.004489794,1.788892956725951e-09,6.01911940993171e-08,GOOD,2131.866347,1349.038943
16,Alfalfa,Tulare Lake,2466.454089,199.736451,8.253403631,4.524530937,464.6688622,45.24530937,248.7681497,307.2567376,1.86,0.17,10,582.5664910564534,1.4728846575043426,582.5664910564534,63.59168943,518.9748016,-4.882352941,0.014260754,0.9781675633499387,0.003387607,0.004184076,3.792492456389919,0.000217979,2635919.3723277515,2466.4630884626345,11159.576276401875,-0.008999463,-0.028446031,3.6487452471772745e-06,2.54903080818513e-06,GOOD,199.736451,582.5664911
16,Almonds,Tulare Lake,46803.97708,5115.183836,1.143761761,4.141037405,1272.789667,207.05187024999998,547.6895131,1762.69055,0.4,0.17,50,2060.3300717520947,1.4700865967615286,2060.3300717520947,63.59168943,1996.738382,-4.882352941,0.015222525754641957,0.9742258521104993,0.002501326,0.008050297,0.5446538370745727,5.341426425636563e-05,5024485.672,46803.98826741394,193817.02308637698,-0.011187414,-0.003295334,2.390269938190084e-07,1.7002296034738552e-08,GOOD,5115.183836,2060.330072
16,Beans Dry,Tulare Lake,91.6001467,989.2558964,1.380612025,1.919782133,116.3195893,95.98910665,97.0379078,688.3586163,1.68,0.17,50,368.0733663219941,1.3037332918487525,368.0733663219941,63.59168943,304.4816769,-4.882352941,0.1350025972550377,0.6461036938295877,0.027044921758560877,0.1918487871568139,1.132804601383921,0.006498222,35708.68593994805,91.60091237471657,175.85375775937865,-0.000765675,-0.001432745,8.358880898772667e-06,8.147430178330625e-06,GOOD,989.2558964,368.0733663
16,Berries,Tulare Lake,249.3732739,6318.852028,4.903289478,2.39378705,1401.62695,119.68935249999998,12910.1505,12000.49974,0.25,0.17,50,4551.194119,1.116366881,4551.194119,63.59168943,4487.60243,-4.882352941,0.15126718418354188,0.2157280817524753,0.3280599384297122,0.3049447956342707,4.6689214007900555,0.016040211276225298,6724.661963580392,249.3732957477803,596.9464407313004,-2.18E-05,7.294662248114037e-05,8.76107530516326e-08,1.2219959545738809e-07,GOOD,6318.852028,4551.194119
16,Corn,Tulare Lake,3052.982049,50.43552386,24.76768296,2.280437339,110.1041373,114.021867,109.2865949,697.8735724,0.3,0.17,50,217.88489333599557,1.1535951526187738,217.88489333599557,63.59168943,154.2932039,-4.882352941,0.043631909,0.8489927362420415,0.014538238401859813,0.092837117,17.149143593154324,0.001091829,8638.817830310465,3052.9892229978577,6962.148982135269,-0.007173998,-0.014722299,2.349832964096521e-06,2.1146243940924183e-06,GOOD,50.43552386,217.8848933
16,Cotton,Tulare Lake,889.9776911,2858.852174,0.790424805,3.749301711,335.6549753,187.4650856,176.7726076,1006.11301,0.68,0.17,50,553.7019937077761,1.2614861557011177,553.7019937077761,63.59168943,490.1103043,-4.882352941,0.007352295,0.9828688159305892,0.001461375,0.008317514,0.3497919118304784,0.001652388,114835.53440357144,889.9791410551928,3336.7995403463065,-0.001449955,-0.004660353,1.6292039759097544e-06,1.3966555975117145e-06,GOOD,2858.852174,553.7019937
16,Cucurbits,Tulare Lake,209.5085738,365.85,17.8725,2.442132231,306.3671659,122.1066116,4273.648587,1495.407224,0.05,0.17,50,341.12453655000013,1.004801922117904,341.12453655000013,63.59168943,277.5328471,-4.882352941,0.040555153,0.5981043964627825,0.267676749,0.093663701,14.885962280023726,0.095461487,1.2607258324276346e-05,209.50861077153243,511.64762251849885,-3.70E-05,1.8229323302421108e-05,1.7646787321217207e-07,3.562866678282187e-08,GOOD,365.85,341.1245366
16,Field and Grain,Tulare Lake,3602.540471,223.9885825,2.362115684,0.732562279,100.1702431,36.62811395,59.97872552,257.6643428,0.74,0.17,50,74.64551839017798,1.1088168887340837,74.64551839017798,63.59168943,11.05382896,-4.882352941,0.3493000614713061,0.016016073,0.11984372766230063,0.5148401380504837,2.389167230319831,0.000375111,76763.53115216781,3602.592445862718,2639.122728475662,-0.051974863,-0.03747085,1.4427280730470355e-05,1.419842351068597e-05,GOOD,223.9885825,74.64551839
16,Grapes,Tulare Lake,41023.70268,1508.011287,11.85419447,4.00891598,2364.126279,200.44579900000002,7770.695391,5397.648302,0.13,0.17,50,2143.3432880529836,1.0821267256163145,2143.3432880529836,63.59168943,2079.751599,-4.882352941,0.023240434035620955,0.9088638168299837,0.040065569,0.02783018,7.274442658548343,0.000187509,10814.676675989662,41023.70503469309,164460.55105138282,-0.002354693,0.026181238,5.739835597229527e-08,1.59194613533489e-07,GOOD,1508.011287,2143.343288
16,Lettuce,Tulare Lake,82.58610222,479.2433265,17.02508876,2.300762612,668.5417978322613,108.89928428038655,4119.210746672234,2873.9769057866993,0.25,0.17,50,-49.5127242,0.9466364214404797,388.5314367285794,63.59168943,324.9397473,-4.882352941,0.071548298,0.4551158372591271,0.27880993303865736,0.19452593177087968,15.077923077975669,0.048434299385439625,375.6893245926679,82.45817237278636,189.69204056265178,0.1279298472136361,0.31897569593442654,0.001549048,0.001678722,GOOD,479.2433265,388.5314367
16,Onions and Garlic,Tulare Lake,42.64021801,426.9855608,22.97465084,1.253629891,1575.045865,62.681494550000004,2746.112992,4092.094542,0.41,0.17,50,1333.9092795515899,1.1022629189137385,1333.9092795515899,63.59168943,1270.31759,-4.882352941,0.29276476610759117,0.019020349,0.2763759108880407,0.4118389737712694,22.91452832064004,0.057200091933674015,4339.964614681554,42.64023113216382,53.455059897689765,-1.31E-05,-8.04E-06,3.0774148054882144e-07,1.5043661818881175e-07,GOOD,426.9855608,1333.90928
16,Orchards,Tulare Lake,5313.305722,1503.259449,11.50880315,3.502172688,2465.289127,175.1086344,5980.963891,6297.889837,0.13,0.17,50,2381.4655925184657,1.104403489884033,2381.4655925184657,63.59168943,2317.873903,-4.882352941,0.050104247,0.8229607704349706,0.06182935,0.065105632,8.089565828775825,0.001447744,1507.6362027998885,5313.306009952053,18608.11116786988,-0.000287952,0.003014713,5.419451987091622e-08,1.6201064826682231e-07,GOOD,1503.259449,2381.465593
16,Pasture,Tulare Lake,2943.60105,223.9885825,2.362115684,4.768194291,100.1702431,47.681942910000004,59.97872552,257.6643428,0.74,0.17,10,63.59168943017798,1.0824864973455244,63.59168943017798,63.59168943,0,-4.882352941,0.001666338,0.9951015274793629,0.000610306,0.002621829,0.8101809360953481,0.000459081,56489.139821959805,2943.6426763246886,14035.843700992762,-0.041626325,-0.181979401,1.4141292920255872e-05,1.2965502073448113e-05,GOOD,223.9885825,63.59168943
16,Pistachios,Tulare Lake,1164.734089,4379.7619,1.466522812,3.820163692,1674.55647,191.0081846,334.3393222,1657.544061,0.4,0.17,50,2565.5726996784624,1.5858055759089673,2565.5726996784624,63.59168943,2501.98101,-4.882352941,0.030512026,0.9551543552909131,0.00240591,0.011927708973392518,0.7813048678524769,0.002146413,159722.81514516537,1164.7343091977466,4449.474739801244,-0.000220198,0.000137831,1.8905409280715234e-07,3.097697064874218e-08,GOOD,4379.7619,2565.5727
16,Safflower,Tulare Lake,11.31471358,447.9696,1.4025,2.392307778,122.8862062,23.92307778,70.96245709,266.541912,0.74,0.17,10,143.96371093000002,1.2354790960213353,143.96371093000002,63.59168943,80.3720215,-4.882352941,0.11621866781299116,0.7367911866454042,0.030905620344332425,0.11608452519727236,1.0755297698795454,0.11943310290593775,440.5944111377691,11.314798606203041,27.06846666432413,-8.50E-05,-0.000189361,7.514658010622763e-06,6.995681542031634e-06,GOOD,447.9696,143.9637109
16,Subtropical,Tulare Lake,15228.57499,654.5088042,14.79755688,3.608433712,1957.695769,180.4216856,4185.888173,1551.146678,0.13,0.17,50,1809.9789530102828,1.1712706210711223,1809.9789530102828,63.59168943,1746.387264,-4.882352941,0.036083489,0.9089722150295486,0.040088771,0.014855524535285162,9.092461553024448,0.000505123,3346.2358533321412,15228.57605215686,54951.29522245358,-0.001062157,0.008157182,6.974762001255871e-08,1.4844383996700778e-07,GOOD,654.5088042,1809.978953
16,Tomatoes,Tulare Lake,319.050942,230.9595433,32.87764995,2.220206136,240.7834131,111.0103068,2570.781849,1711.860449,0.935120824,0.17,50,2958.970999329268,1.5604522705573929,2958.970999329268,63.59168943,2895.37931,-4.882352941,0.24737811859550923,0.4215239727082847,0.198751246,0.13234666245844104,29.479644455228158,0.003351755,321144.3500611961,319.0511394,708.3591465161844,-0.000197378,-0.000287391,6.186421915300414e-07,4.0571413856417686e-07,GOOD,230.9595433,2958.970999
16,Truck,Tulare Lake,4343.275908,923.9057691,21.11899335,1.84535452,1033.026808,92.26772600000001,5729.043516,4647.582765,0.41,0.17,50,8010.038978649539,1.6156274373633648,8010.038978649539,63.59168943,7946.447289,-4.882352941,0.4254189966165896,0.086426428,0.26951522875656303,0.21863934679075228,20.751732598718075,0.000561563,1395074.3176841082,4343.276324,8014.882874651964,-0.000416135,0.000953783,9.581142640134521e-08,1.1900146783203164e-07,GOOD,923.9057691,8010.038979
16,Walnuts,Tulare Lake,1390.367178,2131.866347,1.870657994,3.425917313,1020.701599,171.2958657,357.6498318,1089.306585,0.13,0.17,50,1349.0389427051284,1.4392401590096626,1349.0389427051284,63.59168943,1285.447253,-4.882352941,0.032129809,0.9482518261577031,0.004849147,0.014769217242287101,1.0291543858004133,0.005532573,190.21002872397185,1390.3673346598966,4763.282460471169,-0.00015666,0.000526066,1.12675197712904e-07,1.1044189168191813e-07,GOOD,2131.866347,1349.038943
17,Alfalfa,Tulare Lake,4847.141477,199.736451,8.253403631,4.524530937,464.6688622,45.24530937,248.7681497,307.2567376,1.86,0.17,10,582.5664910564534,1.4728846575043426,582.5664910564534,63.59168943,518.9748016,-4.882352941,0.014260753762433711,0.9781675633499388,0.003387607,0.004184076,3.792492456389918,0.000110918,5180179.179746188,4847.141351855521,21931.029391984874,0.000125144,0.012176717500551604,2.5818202287755927e-08,5.552275053789013e-07,GOOD,199.736451,582.5664911
17,Almonds,Tulare Lake,33045.9966,5115.183836,1.143761761,4.141037405,1272.789667,207.05187024999998,547.6895131,1762.69055,0.4,0.17,50,2060.3300717520947,1.4700865967615286,2060.3300717520947,63.59168943,1996.738382,-4.882352941,0.015222526,0.9742258521104995,0.002501326,0.008050297,0.5446538370745726,7.565212906909275e-05,3547543.3240521066,33045.99659182013,136844.69334672022,8.179871656466275e-06,0.014659382577519864,2.4752988252944005e-10,1.0712421978982269e-07,GOOD,5115.183836,2060.330072
17,Beans Dry,Tulare Lake,53.77919298,989.2558964,1.380612025,1.919782133,116.3195893,95.98910665,97.0379078,688.3586163,1.68,0.17,50,368.0733663219941,1.3037332918487525,368.0733663219941,63.59168943,304.4816769,-4.882352941,0.13500259725503763,0.6461036938295875,0.027044922,0.19184878715681378,1.1328046013839208,0.011068185710028393,20964.86066,53.77920701709224,103.24435263518853,-1.40E-05,-1.88E-05,2.610134415287236e-07,1.823347084697574e-07,GOOD,989.2558964,368.0733663
17,Berries,Tulare Lake,1815.355668,6318.852028,4.903289478,2.39378705,1401.62695,119.68935249999998,12910.1505,12000.49974,0.25,0.17,50,4551.194119,1.116366881,4551.194119,63.59168943,4487.60243,-4.882352941,0.15126718418354188,0.2157280817524753,0.32805993842971226,0.3049447956342707,4.6689214007900555,0.002203425,48953.33417271091,1815.3556719278163,4345.574451870819,-3.93E-06,0.000437332,2.163662152004824e-09,1.0063839441910043e-07,GOOD,6318.852028,4551.194119
17,Corn,Tulare Lake,11256.28657,50.43552386,24.76768296,2.280437339,110.1041373,114.021867,109.2865949,697.8735724,0.3,0.17,50,217.88489333599557,1.1535951526187738,217.88489333599557,63.59168943,154.2932039,-4.882352941,0.043631909,0.8489927362420416,0.014538238401859806,0.092837117,17.14914359315432,0.000296131,31851.156529351832,11256.28726487493,25669.25487,-0.000694875,0.001324787,6.173216417670755e-08,5.1609860807301185e-08,GOOD,50.43552386,217.8848933
17,Cotton,Tulare Lake,186.8571123,2858.852174,0.790424805,3.749301711,335.6549753,187.4650856,176.7726076,1006.11301,0.68,0.17,50,553.7019937077761,1.2614861557011177,553.7019937077761,63.59168943,490.1103043,-4.882352941,0.007352295,0.9828688159305892,0.001461375,0.008317514,0.3497919118304784,0.007870122,24110.532839937907,186.8571138182908,700.5836211479505,-1.52E-06,6.971095876906475e-05,8.125410741011438e-09,9.950411303979935e-08,GOOD,2858.852174,553.7019937
17,Cucurbits,Tulare Lake,441.0893964,365.85,17.8725,2.442132231,306.3671659,122.1066116,4273.648587,1495.407224,0.05,0.17,50,341.12453655000013,1.004801922117904,341.12453655000013,63.59168943,277.5328471,-4.882352941,0.040555153,0.5981043964627822,0.26767674899594995,0.093663701,14.885962280023726,0.045342282,2.65427226373202e-05,441.08939826989206,1077.1985262289825,-1.87E-06,0.000105472,4.23925869703383e-09,9.791304021863295e-08,GOOD,365.85,341.1245366
17,Field and Grain,Tulare Lake,5019.079689,223.9885825,2.362115684,0.732562279,100.1702431,36.62811395,59.97872552,257.6643428,0.74,0.17,50,74.64551839017798,1.1088168887340837,74.64551839017798,63.59168943,11.05382896,-4.882352941,0.3493000614713061,0.016016072815909634,0.11984372766230063,0.5148401380504837,2.3891672303198312,0.000269243,106947.38425931321,5019.083073425729,3676.7905307443534,-0.003384426,-0.002075288,6.743120130314005e-07,5.644295087766995e-07,GOOD,223.9885825,74.64551839
17,Grapes,Tulare Lake,63871.25966,1508.011287,11.85419447,4.00891598,2364.126279,200.44579900000002,7770.695391,5397.648302,0.13,0.17,50,2143.3432880529836,1.0821267256163145,2143.3432880529836,63.59168943,2079.751599,-4.882352941,0.023240434035620962,0.9088638168299835,0.040065569,0.027830179981032762,7.274442658548343,0.000120435,16837.754200276915,63871.25966370661,256054.48682872046,-3.71E-06,0.026684982934966683,5.803244932133363e-11,1.0421602247420868e-07,GOOD,1508.011287,2143.343288
17,Lettuce,Tulare Lake,2.07427826,479.2433265,17.02508876,2.300762612,668.5417978322613,108.89928428038655,4119.210746672234,2873.9769057866993,0.25,0.17,50,-49.5127242,0.9466364214404797,388.5314367285794,63.59168943,324.9397473,-4.882352941,0.071548298,0.45511583725912735,0.27880993303865736,0.19452593177087968,15.077923077975669,1.9283815856026956,9.436021044,2.0710640447983413,4.764411913929948,0.003214215,0.008009954,0.001549558,0.001678383,GOOD,479.2433265,388.5314367
17,Onions and Garlic,Tulare Lake,33.51575746,426.9855608,22.97465084,1.253629891,1575.045865,62.681494550000004,2746.112992,4092.094542,0.41,0.17,50,1333.9092795515899,1.1022629189137385,1333.9092795515899,63.59168943,1270.31759,-4.882352941,0.29276476610759117,0.019020349,0.27637591088804075,0.41183897377126927,22.91452832064004,0.072772468,3411.2677701726707,33.51575787340674,42.016354643077214,-4.13E-07,7.28285030504594e-07,1.2334697751317993e-08,1.733336992386976e-08,GOOD,426.9855608,1333.90928
17,Orchards,Tulare Lake,55538.02191,1503.259449,11.50880315,3.502172688,2465.289127,175.1086344,5980.963891,6297.889837,0.13,0.17,50,2381.4655925184657,1.104403489884033,2381.4655925184657,63.59168943,2317.873903,-4.882352941,0.050104247,0.8229607704349707,0.061829350038207324,0.065105632,8.089565828775825,0.000138505,15758.764288062079,55538.02193619277,194503.72331190022,-2.62E-05,0.020166847,4.716185879556581e-10,1.0368359512522655e-07,GOOD,1503.259449,2381.465593
17,Pasture,Tulare Lake,4702.077441,223.9885825,2.362115684,4.768194291,100.1702431,47.681942910000004,59.97872552,257.6643428,0.74,0.17,10,63.59168943017798,1.0824864973455244,63.59168943017798,63.59168943,0,-4.882352941,0.001666338,0.9951015274793626,0.000610306,0.002621829,0.8101809360953481,0.000287395,90235.15942,4702.076710023138,22420.40263700838,0.000730977,0.016173007712495746,1.5545827811513186e-07,7.213517218184443e-07,GOOD,223.9885825,63.59168943
17,Pistachios,Tulare Lake,1711.931043,4379.7619,1.466522812,3.820163692,1674.55647,191.0081846,334.3393222,1657.544061,0.4,0.17,50,2565.5726996784624,1.5858055759089673,2565.5726996784624,63.59168943,2501.98101,-4.882352941,0.030512026,0.9551543552909133,0.00240591,0.011927708973392525,0.781304868,0.001460339,234761.26276781375,1711.9310442640074,6539.856126654854,-1.26E-06,0.000687021,7.383517746620032e-10,1.0505144930647828e-07,GOOD,4379.7619,2565.5727
17,Subtropical,Tulare Lake,59539.13598,654.5088042,14.79755688,3.608433712,1957.695769,180.4216856,4185.888173,1551.146678,0.13,0.17,50,1809.9789530102828,1.1712706210711223,1809.9789530102828,63.59168943,1746.387264,-4.882352941,0.036083489,0.9089722150295488,0.040088771,0.014855524535285167,9.092461553024448,0.000129198,13082.773117216893,59539.13600952578,214843.00298879427,-2.95E-05,0.022464789886726066,4.959053789529888e-10,1.0456373828890937e-07,GOOD,654.5088042,1809.978953
17,Tomatoes,Tulare Lake,162.2701745,230.9595433,32.87764995,2.220206136,240.7834131,111.0103068,2570.781849,1711.860449,0.935120824,0.17,50,2958.970999329268,1.5604522705573929,2958.970999329268,63.59168943,2895.37931,-4.882352941,0.2473781185955093,0.4215239727082848,0.19875124623776505,0.13234666245844107,29.479644455228165,0.006590124,163334.88751811726,162.27017722133976,360.2732085951007,-2.72E-06,2.8519589989173255e-05,1.677042486104539e-08,7.916100073815426e-08,GOOD,230.9595433,2958.970999
17,Truck,Tulare Lake,2609.469788,923.9057691,21.11899335,1.84535452,1033.026808,92.26772600000001,5729.043516,4647.582765,0.41,0.17,50,8010.038978649539,1.6156274373633648,8010.038978649539,63.59168943,7946.447289,-4.882352941,0.42541899661658955,0.086426428,0.26951522875656303,0.21863934679075225,20.751732598718075,0.000934682,838170.1648992724,2609.469796054616,4815.3963871534625,-8.05E-06,0.000480936,3.0866868369882455e-09,9.987458830088001e-08,GOOD,923.9057691,8010.038979
17,Walnuts,Tulare Lake,5385.165444,2131.866347,1.870657994,3.425917313,1020.701599,171.2958657,357.6498318,1089.306585,0.13,0.17,50,1349.0389427051284,1.4392401590096626,1349.0389427051284,63.59168943,1285.447253,-4.882352941,0.032129809,0.948251826,0.004849147,0.014769217242287089,1.0291543858004129,0.001428426,736.7208389225797,5385.16545,18449.129563854578,-5.97E-06,0.001964114,1.1085675272415082e-09,1.0646107392005538e-07,GOOD,2131.866347,1349.038943
18,Alfalfa,Tulare Lake,41405.01748,199.736451,8.253403631,4.524530937,464.6688622,45.24530937,248.7681497,307.2567376,1.86,0.17,10,582.5664910564534,1.4728846575043426,582.5664910564534,63.59168943,518.9748016,-4.882352941,0.014260754,0.978167563,0.003387607,0.004184076,3.7924924563899185,1.2984764681281579e-05,44249876.03614835,41405.10357,187338.64219525908,-0.086091079,-0.359659973,2.079242660282367e-06,1.919842375150352e-06,GOOD,199.736451,582.5664911
18,Almonds,Tulare Lake,74132.22675,5115.183836,1.143761761,4.141037405,1272.789667,207.05187024999998,547.6895131,1762.69055,0.4,0.17,50,2060.3300717520947,1.4700865967615286,2060.3300717520947,63.59168943,1996.738382,-4.882352941,0.015222525754641957,0.9742258521104992,0.002501326,0.008050297,0.5446538370745727,3.372352497154687e-05,7958219.2447505025,74132.23675442032,306984.3554470747,-0.01000442,-0.031559383,1.3495372730908705e-07,1.028045430715282e-07,GOOD,5115.183836,2060.330072
18,Beans Dry,Tulare Lake,910.5068121,989.2558964,1.380612025,1.919782133,116.3195893,95.98910665,97.0379078,688.3586163,1.68,0.17,50,368.0733663219941,1.3037332918487525,368.0733663219941,63.59168943,304.4816769,-4.882352941,0.13500259725503763,0.6461036938295875,0.027044922,0.19184878715681383,1.1328046013839206,0.000653744,354944.86603766755,910.5108956,1747.982494275368,-0.004083498,-0.007784431,4.484863147245115e-06,4.453400244192674e-06,GOOD,989.2558964,368.0733663
18,Berries,Tulare Lake,1574.376586,6318.852028,4.903289478,2.39378705,1401.62695,119.68935249999998,12910.1505,12000.49974,0.25,0.17,50,4551.194119,1.116366881,4551.194119,63.59168943,4487.60243,-4.882352941,0.15126718418354182,0.21572808175247535,0.32805993842971215,0.30494479563427057,4.6689214007900555,0.002540688,42455.032083635604,1574.3766607880348,3768.7223481577585,-7.48E-05,-6.48E-05,4.750326913255465e-08,1.718559824582608e-08,GOOD,6318.852028,4551.194119
18,Corn,Tulare Lake,131867.0385,50.43552386,24.76768296,2.280437339,110.1041373,114.021867,109.2865949,697.8735724,0.3,0.17,50,217.88489333599557,1.1535951526187738,217.88489333599557,63.59168943,154.2932039,-4.882352941,0.043631909,0.8489927362420414,0.014538238401859818,0.092837117,17.149143593154324,2.5277987367050288e-05,373135.2838439293,131867.20608773688,300714.8902898338,-0.167587737,-0.371911083,1.270884208743594e-06,1.2367579899200776e-06,GOOD,50.43552386,217.8848933
18,Cotton,Tulare Lake,17969.94274,2858.852174,0.790424805,3.749301711,335.6549753,187.4650856,176.7726076,1006.11301,0.68,0.17,50,553.7019937077761,1.2614861557011177,553.7019937077761,63.59168943,490.1103043,-4.882352941,0.007352295,0.982868816,0.001461375,0.008317514,0.34979191183047836,8.183600006808466e-05,2318696.2981048585,17969.95911622029,67374.79618527406,-0.01637622,-0.05912362,9.113117680481014e-07,8.775339631083183e-07,GOOD,2858.852174,553.7019937
18,Cucurbits,Tulare Lake,35.30720929,365.85,17.8725,2.442132231,306.3671659,122.1066116,4273.648587,1495.407224,0.05,0.17,50,341.12453655000013,1.004801922117904,341.12453655000013,63.59168943,277.5328471,-4.882352941,0.040555153,0.5981043964627824,0.26767674899595006,0.093663701,14.885962280023726,0.5664565510042892,2.1246247833906933e-06,35.30721267208723,86.22488248033872,-3.38E-06,-8.69E-06,9.579027334512139e-08,1.0074316960982986e-07,GOOD,365.85,341.1245366
18,Field and Grain,Tulare Lake,39430.43577,223.9885825,2.362115684,0.732562279,100.1702431,36.62811395,59.97872552,257.6643428,0.74,0.17,50,74.64551839017798,1.1088168887340837,74.64551839017798,63.59168943,11.05382896,-4.882352941,0.34930006147130604,0.016016073,0.11984372766230059,0.5148401380504837,2.389167230319831,3.427178333087317e-05,840190.2793152404,39430.73331096908,28885.466897530634,-0.297540969,-0.217007896,7.545972122142901e-06,7.512758142745517e-06,GOOD,223.9885825,74.64551839
18,Grapes,Tulare Lake,45041.01532,1508.011287,11.85419447,4.00891598,2364.126279,200.44579900000002,7770.695391,5397.648302,0.13,0.17,50,2143.3432880529836,1.0821267256163145,2143.3432880529836,63.59168943,2079.751599,-4.882352941,0.023240434035620962,0.9088638168299835,0.040065569,0.027830179981032765,7.2744426585483435,0.000170785,11873.721434744404,45041.01677503599,180565.6462430818,-0.001455036,-0.000171309,3.2304688995779156e-08,9.487352190231218e-10,GOOD,1508.011287,2143.343288
18,Lettuce,Tulare Lake,403.3620594,479.2433265,17.02508876,2.300762612,668.5417978322613,108.89928428038655,4119.210746672234,2873.9769057866993,0.25,0.17,50,-49.5127242,0.9466364214404797,388.5314367285794,63.59168943,324.9397473,-4.882352941,0.071548298,0.4551158372591272,0.2788099330386573,0.19452593177087968,15.077923077975667,0.009916649,1834.9191400099182,402.73713514526867,926.4823584607414,0.6249242547313543,1.5579869061019735,0.001549289,0.001678792,GOOD,479.2433265,388.5314367
18,Orchards,Tulare Lake,15128.64924,1503.259449,11.50880315,3.502172688,2465.289127,175.1086344,5980.963891,6297.889837,0.13,0.17,50,2381.4655925184657,1.104403489884033,2381.4655925184657,63.59168943,2317.873903,-4.882352941,0.050104247336015345,0.8229607704349708,0.06182935,0.065105632,8.089565828775825,0.00050846,4292.713517169792,15128.649695960494,52983.14211421569,-0.00045596,6.044426845619455e-05,3.013887663690389e-08,1.1408207587413151e-09,GOOD,1503.259449,2381.465593
18,Pasture,Tulare Lake,3371.268029,223.9885825,2.362115684,4.768194291,100.1702431,47.681942910000004,59.97872552,257.6643428,0.74,0.17,10,63.59168943017798,1.0824864973455244,63.59168943017798,63.59168943,0,-4.882352941,0.001666338,0.9951015274793628,0.000610306,0.002621829,0.8101809360953481,0.000400844,64696.27773352092,3371.295358734423,16074.988559478137,-0.027329734,-0.12759017,8.10666318674568e-06,7.93724871133264e-06,GOOD,223.9885825,63.59168943
18,Pistachios,Tulare Lake,66537.59063,4379.7619,1.466522812,3.820163692,1674.55647,191.0081846,334.3393222,1657.544061,0.4,0.17,50,2565.5726996784624,1.5858055759089673,2565.5726996784624,63.59168943,2501.98101,-4.882352941,0.030512026,0.955154355,0.00240591,0.011927708973392518,0.7813048678524769,3.7572746117332616e-05,9124461.444693046,66537.59767809534,254184.50667909157,-0.007048095,-0.018801206,1.0592651856415093e-07,7.396677231464801e-08,GOOD,4379.7619,2565.5727
18,Potatoes,Tulare Lake,382.9543082,316.2258,23.4875,1.233512156,758.5181794,61.6756078,791.4972307,4600.577654,0.41,0.17,50,1215.0848056000002,1.1386613091233178,1215.0848056000002,63.59168943,1151.493116,-4.882352941,0.26183748014224695,0.022797113908011774,0.10500776600013856,0.6103576399496028,23.416781397374827,0.00636897,26164.468566121144,382.9544010597154,472.3788972440701,-9.29E-05,-0.000102887,2.424824930594689e-07,2.1780571202908092e-07,GOOD,316.2258,1215.084806
18,Subtropical,Tulare Lake,102923.7726,654.5088042,14.79755688,3.608433712,1957.695769,180.4216856,4185.888173,1551.146678,0.13,0.17,50,1809.9789530102828,1.1712706210711223,1809.9789530102828,63.59168943,1746.387264,-4.882352941,0.036083489,0.9089722150295487,0.040088771,0.014855524535285157,9.092461553024448,7.473791037764285e-05,22615.853306069857,102923.77660218641,371393.6135209548,-0.004002186,-0.002704893,3.888495641410305e-08,7.283089452328138e-09,GOOD,654.5088042,1809.978953
18,Tomatoes,Tulare Lake,434.4070189,230.9595433,32.87764995,2.220206136,240.7834131,111.0103068,2570.781849,1711.860449,0.935120824,0.17,50,2958.970999329268,1.5604522705573929,2958.970999329268,63.59168943,2895.37931,-4.882352941,0.24737811859550923,0.4215239727082847,0.198751246,0.13234666245844104,29.47964445522816,0.002461702,437257.31969994365,434.4071640520835,964.4734239273047,-0.000145152,-0.000295044,3.3413843963585144e-07,3.0591215860186197e-07,GOOD,230.9595433,2958.970999
18,Truck,Tulare Lake,386.8312028,923.9057691,21.11899335,1.84535452,1033.026808,92.26772600000001,5729.043516,4647.582765,0.41,0.17,50,8010.038978649539,1.6156274373633648,8010.038978649539,63.59168943,7946.447289,-4.882352941,0.42541899661658966,0.086426428,0.26951522875656303,0.21863934679075234,20.75173259871808,0.006305139,124251.43779402127,386.8312226534257,713.8407260596127,-1.99E-05,-1.75E-05,5.1323227097440055e-08,2.450910378470173e-08,GOOD,923.9057691,8010.038979
18,Walnuts,Tulare Lake,43377.60831,2131.866347,1.870657994,3.425917313,1020.701599,171.2958657,357.6498318,1089.306585,0.13,0.17,50,1349.0389427051284,1.4392401590096626,1349.0389427051284,63.59168943,1285.447253,-4.882352941,0.032129809,0.9482518261577034,0.004849147,0.014769217242287096,1.0291543858004133,0.000177334,5934.300128179738,43377.61102326886,148608.10378748178,-0.002713269,-0.00448172,6.254998745426792e-08,3.015798007487803e-08,GOOD,2131.866347,1349.038943
19,Alfalfa,Tulare Lake,15098.39435,199.736451,8.253403631,4.524530937,464.6688622,45.24530937,248.7681497,307.2567376,1.86,0.17,10,582.5664910564534,1.4728846575043426,582.5664910564534,63.59168943,518.9748016,-4.882352941,0.014260753762433723,0.9781675633499389,0.003387607,0.004184076,3.792492456389919,3.560871415457171e-05,16135775.782611322,15098.423932143281,68313.26309845538,-0.029582143,-0.110762854,1.959290676561537e-06,1.621398670625938e-06,GOOD,199.736451,582.5664911
19,Almonds,Tulare Lake,80203.69359,5115.183836,1.143761761,4.141037405,1272.789667,207.05187024999998,547.6895131,1762.69055,0.4,0.17,50,2060.3300717520947,1.4700865967615286,2060.3300717520947,63.59168943,1996.738382,-4.882352941,0.015222525754641947,0.9742258521104994,0.002501326,0.008050297,0.5446538370745726,3.1170634270036986e-05,8610001.423274534,80203.70382979672,332126.51493699144,-0.010239797,-0.019761643,1.276723835175493e-07,5.950035007522818e-08,GOOD,5115.183836,2060.330072
19,Beans Dry,Tulare Lake,76.39036342,989.2558964,1.380612025,1.919782133,116.3195893,95.98910665,97.0379078,688.3586163,1.68,0.17,50,368.0733663219941,1.3037332918487525,368.0733663219941,63.59168943,304.4816769,-4.882352941,0.1350025972550377,0.6461036938295875,0.027044921758560873,0.19184878715681386,1.1328046013839208,0.007792057,29779.422789977652,76.39069479896865,146.65348395594557,-0.000331379,-0.000629129,4.337968217679995e-06,4.289918894175525e-06,GOOD,989.2558964,368.0733663
19,Corn,Tulare Lake,11264.00406,50.43552386,24.76768296,2.280437339,110.1041373,114.021867,109.2865949,697.8735724,0.3,0.17,50,217.88489333599557,1.1535951526187738,217.88489333599557,63.59168943,154.2932039,-4.882352941,0.043631908606395896,0.8489927362420414,0.014538238,0.092837117,17.14914359315432,0.000295928,31872.994191397374,11264.017857608565,25686.885053970444,-0.013797609,-0.029608899,1.2249292962492819e-06,1.1526867860641057e-06,GOOD,50.43552386,217.8848933
19,Cotton,Tulare Lake,9573.783379,2858.852174,0.790424805,3.749301711,335.6549753,187.4650856,176.7726076,1006.11301,0.68,0.17,50,553.7019937077761,1.2614861557011177,553.7019937077761,63.59168943,490.1103043,-4.882352941,0.007352295,0.9828688159305892,0.001461375,0.008317514,0.3497919118304784,0.000153606,1235323.6958475201,9573.791666049328,35895.030903312756,-0.008287049,-0.028499685,8.655981653080176e-07,7.93973611395259e-07,GOOD,2858.852174,553.7019937
19,Cucurbits,Tulare Lake,174.7500419,365.85,17.8725,2.442132231,306.3671659,122.1066116,4273.648587,1495.407224,0.05,0.17,50,341.12453655000013,1.004801922117904,341.12453655000013,63.59168943,277.5328471,-4.882352941,0.040555153,0.5981043964627824,0.267676749,0.093663701,14.885962280023724,0.11444918572005215,1.0515650412066407e-05,174.75005800794662,426.76272358132445,-1.61E-05,-1.39E-05,9.217706863840464e-08,3.254439434882973e-08,GOOD,365.85,341.1245366
19,Field and Grain,Tulare Lake,18078.18202,223.9885825,2.362115684,0.732562279,100.1702431,36.62811395,59.97872552,257.6643428,0.74,0.17,50,74.64551839017798,1.1088168887340837,74.64551839017798,63.59168943,11.05382896,-4.882352941,0.3493000614713061,0.016016072815909638,0.11984372766230066,0.5148401380504838,2.389167230319831,7.475040077903538e-05,385212.9073463586,18078.315468712917,13243.49104777418,-0.133448713,-0.096827026,7.381755132755083e-06,7.311345153717939e-06,GOOD,223.9885825,74.64551839
19,Grapes,Tulare Lake,11060.20714,1508.011287,11.85419447,4.00891598,2364.126279,200.44579900000002,7770.695391,5397.648302,0.13,0.17,50,2143.3432880529836,1.0821267256163145,2143.3432880529836,63.59168943,2079.751599,-4.882352941,0.023240434035620965,0.9088638168299835,0.040065569,0.027830179981032765,7.274442658548342,0.000695494,2915.694010401609,11060.207478476808,44339.43955649223,-0.000338477,0.001589164,3.060311652383083e-08,3.584086374497592e-08,GOOD,1508.011287,2143.343288
19,Lettuce,Tulare Lake,134.1802536,479.2433265,17.02508876,2.300762612,668.5417978322613,108.89928428038655,4119.210746672234,2873.9769057866993,0.25,0.17,50,-49.5127242,0.9466364214404797,388.5314367285794,63.59168943,324.9397473,-4.882352941,0.071548298,0.455115837,0.2788099330386574,0.1945259317708797,15.077923077975669,0.029810645699957155,610.3943338356147,133.97236827526478,308.19862756805816,0.2078853247352015,0.5182831835002162,0.001549299,0.00167883,GOOD,479.2433265,388.5314367
19,Onions and Garlic,Tulare Lake,679.2365772,426.9855608,22.97465084,1.253629891,1575.045865,62.681494550000004,2746.112992,4092.094542,0.41,0.17,50,1333.9092795515899,1.1022629189137385,1333.9092795515899,63.59168943,1270.31759,-4.882352941,0.29276476610759117,0.019020349233098862,0.27637591088804075,0.41183897377126927,22.914528320640038,0.003590832,69133.38738920336,679.2366848052741,851.5113578864652,-0.000107605,-8.16E-05,1.5842090611214495e-07,9.588600679693071e-08,GOOD,426.9855608,1333.90928
19,Orchards,Tulare Lake,8749.001214,1503.259449,11.50880315,3.502172688,2465.289127,175.1086344,5980.963891,6297.889837,0.13,0.17,50,2381.4655925184657,1.104403489884033,2381.4655925184657,63.59168943,2317.873903,-4.882352941,0.050104247,0.8229607704349707,0.06182935,0.065105632,8.089565828775825,0.000879221,2482.5055546778467,8749.001465,30640.51194562705,-0.000251085,0.001153323,2.8698753605670686e-08,3.764044641936141e-08,GOOD,1503.259449,2381.465593
19,Pasture,Tulare Lake,222.921511,223.9885825,2.362115684,4.768194291,100.1702431,47.681942910000004,59.97872552,257.6643428,0.74,0.17,10,63.59168943017798,1.0824864973455244,63.59168943017798,63.59168943,0,-4.882352941,0.001666338,0.9951015274793629,0.000610306,0.002621829,0.8101809360953484,0.006062005,4277.972520835167,222.92320959567036,1062.9408081619629,-0.001698596,-0.007732071,7.6197028394801846e-06,7.2742779795396885e-06,GOOD,223.9885825,63.59168943
19,Pistachios,Tulare Lake,91828.08776,4379.7619,1.466522812,3.820163692,1674.55647,191.0081846,334.3393222,1657.544061,0.4,0.17,50,2565.5726996784624,1.5858055759089673,2565.5726996784624,63.59168943,2501.98101,-4.882352941,0.030512025553640545,0.9551543552909129,0.00240591,0.011927709,0.7813048678524768,2.7224785585581926e-05,12592608.75503104,91828.09699244285,350798.33826048113,-0.009232443,-0.01149394,1.0054051086489127e-07,3.276509230547739e-08,GOOD,4379.7619,2565.5727
19,Potatoes,Tulare Lake,337.8563631,316.2258,23.4875,1.233512156,758.5181794,61.6756078,791.4972307,4600.577654,0.41,0.17,50,1215.0848056000002,1.1386613091233178,1215.0848056000002,63.59168943,1151.493116,-4.882352941,0.26183748014224695,0.022797114,0.10500776600013853,0.6103576399496028,23.416781397374827,0.007219116,23083.255633665063,337.85644286293615,416.75000473552313,-7.98E-05,-7.39E-05,2.3608534528337796e-07,1.7725191490021498e-07,GOOD,316.2258,1215.084806
19,Subtropical,Tulare Lake,3827.779258,654.5088042,14.79755688,3.608433712,1957.695769,180.4216856,4185.888173,1551.146678,0.13,0.17,50,1809.9789530102828,1.1712706210711223,1809.9789530102828,63.59168943,1746.387264,-4.882352941,0.036083489,0.9089722150295487,0.040088771318608676,0.014855525,9.092461553024448,0.002009601,841.0932868092794,3827.779399578811,13812.287305031496,-0.000141579,0.00041163,3.698719322896694e-08,2.980172858802619e-08,GOOD,654.5088042,1809.978953
19,Tomatoes,Tulare Lake,907.769775,230.9595433,32.87764995,2.220206136,240.7834131,111.0103068,2570.781849,1711.860449,0.935120824,0.17,50,2958.970999329268,1.5604522705573929,2958.970999329268,63.59168943,2895.37931,-4.882352941,0.24737811859550923,0.42152397270828473,0.198751246,0.13234666245844104,29.479644455228165,0.001178031,913725.9792123513,907.7700675241404,2015.4365426147476,-0.000292524,-0.000518084,3.222448559463016e-07,2.5705822568167604e-07,GOOD,230.9595433,2958.970999
19,Truck,Tulare Lake,1786.639413,923.9057691,21.11899335,1.84535452,1033.026808,92.26772600000001,5729.043516,4647.582765,0.41,0.17,50,8010.038978649539,1.6156274373633648,8010.038978649539,63.59168943,7946.447289,-4.882352941,0.42541899661658955,0.086426428,0.269515229,0.21863934679075223,20.75173259871808,0.001365146,573874.3779660687,1786.6395017545235,3296.983065413218,-8.88E-05,5.0976479087694315e-05,4.9676796984228644e-08,1.5461552967706796e-08,GOOD,923.9057691,8010.038979
19,Walnuts,Tulare Lake,867.1153965,2131.866347,1.870657994,3.425917313,1020.701599,171.2958657,357.6498318,1089.306585,0.13,0.17,50,1349.0389427051284,1.4392401590096626,1349.0389427051284,63.59168943,1285.447253,-4.882352941,0.032129809,0.9482518261577031,0.004849147,0.014769217242287101,1.029154385800413,0.008871146,118.6262500187295,867.1154481862194,2970.665625398127,-5.17E-05,2.384008257649839e-05,5.960708301383942e-08,8.02516519575735e-09,GOOD,2131.866347,1349.038943
2,Alfalfa,Sacramento River,2589.075961,187.2098036,5.87624882,3.537610105,310.085831,35.37610105,166.0095709,205.0405538,1.86,0.17,10,383.57933074693176,1.4622309191594929,383.57933074693176,20.502886,363.0764447,-4.882352941,0.038627788,0.9407097278971253,0.009244493,0.011417991628067139,3.316583982,0.000207655,1893589.556246293,2588.629571755709,9157.562153566785,0.44638924429091276,1.5791286794010375,0.000172413,0.00017241,GOOD,187.2098036,383.5793307
2,Almonds,Sacramento River,44645.7564,5165.974452,0.856578131,3.971676207,962.6735903,198.5838104,414.244587,1333.209787,0.4,0.17,50,1516.3489662379095,1.448869427173648,1516.3489662379095,20.502886,1495.84608,-4.882352941,0.014490099332559556,0.97529588,0.002421295,0.007792725,0.4051906514191216,5.59963634080125e-05,3603940.8899206887,44645.30316041475,177316.68828194943,0.45323958525113994,1.800155448523583,1.0151907410647879e-05,1.015210238022712e-05,GOOD,5165.974452,1516.348966
2,Beans Dry,Sacramento River,284.6320574,1054.225767,1.083582552,2.293810917,97.28999715,114.6905459,81.16275023,575.7448786,1.68,0.17,50,273.4524752,1.252109890082247,273.4524752,20.502886,252.9495892,-4.882352941,0.048570876,0.8653678256257594,0.010633110948499265,0.075428188,0.7343556186573437,0.002091255,92352.72294972719,284.54686094362745,652.6967033176242,0.085196456,0.19541727466651082,0.000299321,0.00029931,GOOD,1054.225767,273.4524752
2,Berries,Sacramento River,85.99700287,5388.84825,4.3725,3.453441036,1065.939344,172.6720518,9818.188327,9126.397598,0.25,0.17,50,3379.5416523249987,1.1118507849498191,3379.5416523249987,20.502886,3359.038766,-4.882352941,0.045972229,0.7581153754652816,0.10153321942496671,0.094379177,3.2744258788276306,0.046513249,1742.4347483493711,85.99669971094191,296.98453887324945,0.000303159,0.001039811,3.5252281820801425e-06,3.5012172071296163e-06,GOOD,5388.84825,3379.541652
2,Corn,Sacramento River,2633.224008,166.7194068,5.454093572,2.826875063,80.14758921,141.3437532,79.5524794,507.9998424,0.3,0.17,50,100.25958079553305,1.070403401938732,100.25958079553305,20.502886,79.7566948,-4.882352941,0.00772705,0.9671073986717988,0.003407326,0.021758226142328325,2.805584750447814,0.001265875,4506.308156,2632.915697005252,7442.923732360771,0.30831099474835355,0.871551147,0.000117085,0.000117084,GOOD,166.7194068,100.2595808
2,Cucurbits,Sacramento River,305.2231259,161.7514,13.41,1.97136542,99.31530719991646,96.32136948676522,1385.3923311586225,484.7674435832669,0.05,0.17,50,55.100711499999974,0.9772046167550735,103.28982257142881,20.502886,82.78693657,-4.882352941,0.042365650541822716,0.5665754677629988,0.28969181299321856,0.10136706870195986,11.407597285715426,0.065525834,5.728133077495284e-06,305.02835746454537,601.2115024831141,0.19476843545464817,0.4948133004522788,0.000638118,0.00082235,GOOD,161.7514,103.2898226
2,Field and Grain,Sacramento River,16716.28082,173.2298426,2.485487486,1.383894155,81.68685006672595,69.33923636310766,48.91146320881593,210.12017034615968,0.74,0.17,50,21.357597944049672,1.002088723513796,20.502885999240448,20.502886,0,-4.882352941,0.14613647964219814,0.483435212,0.069945861,0.30048244743860614,2.250317715200817,8.084043130781476e-05,261600.81494168256,16728.71228728046,23152.34159182656,-12.43146728,-18.77827169,0.000743674,0.000811733,GOOD,173.2298426,20.502886
2,Grapes,Sacramento River,106.5481767,730.6198686,7.837965954,2.661751325,3142.1571406119238,125.73214139727372,1141.918156826933,1044.0722329760158,0.13,0.17,50,-46.36207985,0.9447324415046452,272.6939835906081,20.502886,252.1910976,-4.882352941,0.15921434180773752,0.7388658354966847,0.0532409,0.048678923,5.9821152371441615,0.072195583,21.454529101479004,106.5178738720198,283.46076952583695,0.030302828,0.14398098172216578,0.000284405,0.000507682,GOOD,730.6198686,272.6939836
2,Orchards,Sacramento River,10390.52022,2061.666385,2.066393172,3.327741402,607.0648734,166.3870701,1472.781853,1550.82325,0.13,0.17,50,463.1562944059234,1.0685501927599292,463.1562944059234,20.502886,442.6534084,-4.882352941,0.0169775,0.9350574076633491,0.023363539425762546,0.024601553,1.189980662739726,0.00074032,647.0332831265775,10390.439927250478,34576.69712946333,0.08029275,0.2671949488139944,7.727500435239415e-06,7.727542137796884e-06,GOOD,2061.666385,463.1562944
2,Pasture,Sacramento River,25102.19846,173.2298426,2.485487486,3.965593094,81.51658446,39.65593094,48.80951363,209.6822022,0.74,0.17,10,50.89637475404967,1.0800536006679988,50.89637475404967,20.502886,30.39348875,-4.882352941,0.003957014,0.9883182481846075,0.001458618,0.00626612,1.0190485612869495,5.3833984043457814e-05,538180.8291089953,25091.838663418126,99504.02203233041,10.359796581873525,41.08282486302778,0.000412705,0.000412706,GOOD,173.2298426,50.89637475
2,Pistachios,Sacramento River,1330.478064,3834.493456,1.253131426,3.663925668,1252.751973,183.1962834,250.122497,1240.024825,0.4,0.17,50,1879.0286741049485,1.563964227857457,1879.0286741049485,20.502886,1858.525788,-4.882352941,0.028878379095081137,0.9573808631312172,0.002306398,0.011434359879822581,0.6618672354925598,0.001879024,135915.90771199187,1330.4673909399025,4874.733629551848,0.010673060097360576,0.039099849,8.021973744740054e-06,8.020855713421269e-06,GOOD,3834.493456,1879.028674
2,Rice,Sacramento River,301.7095659,370.9204664,4.450435008,4.534377778,205.9918082,226.71888889999997,117.9897276,946.9605361,0.2,0.17,50,153.0964681,1.0497368719543454,153.0964681,20.502886,132.5935821,-4.882352941,0.000983254,0.9961007043848786,0.000323079,0.002592963,1.472758391015586,0.016572228941714173,137.66225546362662,301.6984448220724,1368.0147310214986,0.011121077927555234,0.050420005,3.6860209898817914e-05,3.685497393881066e-05,GOOD,370.9204664,153.0964681
2,Safflower,Sacramento River,501.0385783,429.9064999,1.059039203,2.357007476,89.05078906,23.57007476,51.42369509,193.1524157,0.74,0.17,10,98.09086240861554,1.2139169552056832,98.09086240861554,20.502886,77.58797641,-4.882352941,0.094429485,0.782160274,0.025947794254406506,0.097462447,0.7835707889042941,0.0026971,15995.377370526581,500.89972275898344,1180.6244288533067,0.13885554101653952,0.32724596420484886,0.000277135,0.000277104,GOOD,429.9064999,98.09086241
2,Subtropical,Sacramento River,12557.89365,942.1801854,4.535541375,2.972946835,863.7792973,148.6473418,1846.907779,684.4007169,0.13,0.17,50,729.5620786368713,1.1484512005269143,729.5620786368713,20.502886,709.0591926,-4.882352941,0.046192938,0.8804212960750112,0.053544142,0.019841623709938958,2.9570874167366545,0.000612548,1171.7028809293245,12557.828885052506,37333.75763621936,0.064764947,0.19254481474490603,5.157309760625407e-06,5.157365181322819e-06,GOOD,942.1801854,729.5620786
2,Sunflowers,Sacramento River,290.9232235,3239.762235,0.609912532,2.873453662,409.0470283,143.6726831,350.2383501,767.1265354,0.74,0.17,50,305.88699092682907,1.1268157949515534,305.88699092682907,20.502886,285.3841049,-4.882352941,0.026786339003885405,0.9313494975780571,0.013122334265315706,0.028741829152741722,0.3578529785838015,0.004645045,38703.911587154726,290.9038790812238,835.8988235488779,0.019344418776199745,0.055578378041673204,6.649320925113339e-05,6.648493974499335e-05,GOOD,3239.762235,305.8869909
2,Tomatoes,Sacramento River,141.3933554,77.35725946,46.64298895,2.666779844,307.3158515,133.3389922,744.6913332,1960.523005,0.74,0.17,50,462.30461629506283,1.0923391277845722,462.30461629506283,20.502886,441.8017303,-4.882352941,0.039469633,0.8217946893853109,0.038191154,0.1005445238635511,33.01489712761656,0.009557389,20292.06644140393,141.38464006926125,377.0417155,0.008715331,0.023234715755563684,6.163889890074851e-05,6.161992977542375e-05,GOOD,77.35725946,462.3046163
2,Truck,Sacramento River,230.3636995,750.0942005,17.60330131,2.662234731,736.5300735,133.1117366,4084.707976,3313.645347,0.41,0.17,50,4936.139089235053,1.5209691979277695,4936.139089235053,20.502886,4915.636203,-4.882352941,0.19604696699087182,0.5482665672393401,0.14116716254119135,0.11451930322859671,14.990241570903272,0.010587711499414874,46575.55050235395,230.36265684532427,613.2794723965947,0.001042655,0.002769174,4.526124029054009e-06,4.515333666824339e-06,GOOD,750.0942005,4936.139089
2,Walnuts,Sacramento River,60902.63232,1949.323208,2.037882063,4.942462794,1016.733954,247.1231397,356.2595846,1085.072261,0.13,0.17,50,1267.3018612728183,1.3985435608623673,1267.3018612728183,20.502886,1246.798975,-4.882352941,0.003758739,0.9938693239131876,0.000586281,0.001785656,0.7273296470272367,0.000126305,8177.855817942767,60902.41406969516,301007.9155398133,0.2182503048388753,1.078758448595181,3.583593951935037e-06,3.583808022448219e-06,GOOD,1949.323208,1267.301861
20,Alfalfa,Tulare Lake,2404.455992,199.736451,8.253403631,4.524530937,464.6688622,45.24530937,248.7681497,307.2567376,1.86,0.17,10,582.5664910564534,1.4728846575043426,582.5664910564534,63.59168943,518.9748016,-4.882352941,0.014260754,0.9781675633499387,0.003387607,0.004184076,3.792492456389918,0.000223599,2569661.506163288,2404.4688694611664,10879.093025168691,-0.012877461,-0.05750271,5.355665152147466e-06,5.2856440765130225e-06,GOOD,199.736451,582.5664911
20,Almonds,Tulare Lake,83191.08787,5115.183836,1.143761761,4.141037405,1272.789667,207.05187024999998,547.6895131,1762.69055,0.4,0.17,50,2060.3300717520947,1.4700865967615286,2060.3300717520947,63.59168943,1996.738382,-4.882352941,0.015222525754641954,0.9742258521104994,0.002501326,0.008050297,0.5446538370745726,3.005129592615339e-05,8930703.225,83191.11671235578,344497.52110716223,-0.028842356,-0.11447485,3.4670006749472466e-07,3.322952459729444e-07,GOOD,5115.183836,2060.330072
20,Beans Dry,Tulare Lake,191.4828215,989.2558964,1.380612025,1.919782133,116.3195893,95.98910665,97.0379078,688.3586163,1.68,0.17,50,368.0733663219941,1.3037332918487525,368.0733663219941,63.59168943,304.4816769,-4.882352941,0.13500259725503766,0.6461036938295877,0.027044921758560873,0.19184878715681386,1.132804601383921,0.003108572,74646.16796119862,191.48499485708004,367.6094696942325,-0.002173357,-0.004170202,1.1350141297345023e-05,1.1344238263069163e-05,GOOD,989.2558964,368.0733663
20,Berries,Tulare Lake,171.341345,6318.852028,4.903289478,2.39378705,1401.62695,119.68935249999998,12910.1505,12000.49974,0.25,0.17,50,4551.194119,1.116366881,4551.194119,63.59168943,4487.60243,-4.882352941,0.15126718418354185,0.21572808175247535,0.32805993842971215,0.3049447956342706,4.668921400790055,0.023345211863488056,4620.433487079488,171.34136566417428,410.15473963708536,-2.07E-05,-4.68E-05,1.2060238167481812e-07,1.1421666989688342e-07,GOOD,6318.852028,4551.194119
20,Corn,Tulare Lake,1627.579367,50.43552386,24.76768296,2.280437339,110.1041373,114.021867,109.2865949,697.8735724,0.3,0.17,50,217.88489333599557,1.1535951526187738,217.88489333599557,63.59168943,154.2932039,-4.882352941,0.043631908606395896,0.8489927362420415,0.014538238,0.092837117,17.149143593154324,0.002048031,4605.451794415391,1627.5846144446064,3711.6046737760694,-0.005247445,-0.011913083,3.2240790911375237e-06,3.209695689325074e-06,GOOD,50.43552386,217.8848933
20,Cotton,Tulare Lake,194.2331342,2858.852174,0.790424805,3.749301711,335.6549753,187.4650856,176.7726076,1006.11301,0.68,0.17,50,553.7019937077761,1.2614861557011177,553.7019937077761,63.59168943,490.1103043,-4.882352941,0.007352295,0.982868816,0.001461375,0.008317514,0.3497919118304784,0.007571253,25062.27514216577,194.2335877246767,728.2403151219827,-0.000453525,-0.001692733,2.3349501030436354e-06,2.32442083954232e-06,GOOD,2858.852174,553.7019937
20,Cucurbits,Tulare Lake,5.59041716,365.85,17.8725,2.442132231,306.3671659,122.1066116,4273.648587,1495.407224,0.05,0.17,50,341.12453655000013,1.004801922117904,341.12453655000013,63.59168943,277.5328471,-4.882352941,0.040555153,0.5981043964627822,0.267676749,0.093663701,14.885962280023726,3.5775505525959708,3.3640548450235826e-07,5.5904185200879715,13.652544211944488,-1.36E-06,-6.28E-06,2.432891736358689e-07,4.600443546684208e-07,GOOD,365.85,341.1245366
20,Field and Grain,Tulare Lake,19418.14225,223.9885825,2.362115684,0.732562279,100.1702431,36.62811395,59.97872552,257.6643428,0.74,0.17,50,74.64551839017798,1.1088168887340837,74.64551839017798,63.59168943,11.05382896,-4.882352941,0.34930006147130604,0.016016072815909634,0.11984372766230063,0.5148401380504837,2.389167230319831,6.959220578123798e-05,413765.00264862686,19418.510162999763,14225.26785061638,-0.367913,-0.26931001,1.894686911986941e-05,1.8932164345809464e-05,GOOD,223.9885825,74.64551839
20,Grapes,Tulare Lake,40213.73389,1508.011287,11.85419447,4.00891598,2364.126279,200.44579900000002,7770.695391,5397.648302,0.13,0.17,50,2143.3432880529836,1.0821267256163145,2143.3432880529836,63.59168943,2079.751599,-4.882352941,0.023240434035620955,0.9088638168299836,0.040065569,0.027830179981032755,7.2744426585483435,0.000191286,10601.152542153663,40213.737224398385,161213.49151060762,-0.003334398,-0.011103519,8.291690571516907e-08,6.887463136932903e-08,GOOD,1508.011287,2143.343288
20,Lettuce,Tulare Lake,282.9119023,479.2433265,17.02508876,2.300762612,668.5417978322613,108.89928428038655,4119.210746672234,2873.9769057866993,0.25,0.17,50,-49.5127242,0.9466364214404797,388.5314367285794,63.59168943,324.9397473,-4.882352941,0.071548298,0.4551158372591273,0.2788099330386573,0.19452593177087968,15.077923077975667,0.014138676978525975,1286.9838706175694,282.4737134246201,649.8206754628735,0.4381888753799217,1.0924518387633952,0.001548853,0.001678337,GOOD,479.2433265,388.5314367
20,Onions and Garlic,Tulare Lake,958.4488373,426.9855608,22.97465084,1.253629891,1575.045865,62.681494550000004,2746.112992,4092.094542,0.41,0.17,50,1333.9092795515899,1.1022629189137385,1333.9092795515899,63.59168943,1270.31759,-4.882352941,0.29276476610759117,0.019020349,0.27637591088804075,0.4118389737712693,22.914528320640038,0.002544762,97551.89426773466,958.4492303068365,1201.5405904186064,-0.000393007,-0.000478985,4.100446692411585e-07,3.986426469887043e-07,GOOD,426.9855608,1333.90928
20,Orchards,Tulare Lake,1999.720184,1503.259449,11.50880315,3.502172688,2465.289127,175.1086344,5980.963891,6297.889837,0.13,0.17,50,2381.4655925184657,1.104403489884033,2381.4655925184657,63.59168943,2317.873903,-4.882352941,0.050104247336015345,0.8229607704349706,0.061829350038207324,0.065105632,8.089565828775825,0.003846692,567.4152218241315,1999.7203381618071,7003.365856703305,-0.000154162,-0.000444656,7.709168930979735e-08,6.349178494847059e-08,GOOD,1503.259449,2381.465593
20,Pasture,Tulare Lake,153.3119947,223.9885825,2.362115684,4.768194291,100.1702431,47.681942910000004,59.97872552,257.6643428,0.74,0.17,10,63.59168943017798,1.0824864973455244,63.59168943017798,63.59168943,0,-4.882352941,0.001666338,0.9951015274793626,0.000610306,0.002621829,0.8101809360953482,0.008814388,2942.131953,153.31520134419486,731.0366289134925,-0.003206644,-0.015251043,2.0915807671291656e-05,2.0862649974098426e-05,GOOD,223.9885825,63.59168943
20,Pistachios,Tulare Lake,27103.30742,4379.7619,1.466522812,3.820163692,1674.55647,191.0081846,334.3393222,1657.544061,0.4,0.17,50,2565.5726996784624,1.5858055759089673,2565.5726996784624,63.59168943,2501.98101,-4.882352941,0.030512026,0.9551543552909127,0.00240591,0.011927709,0.781304868,9.223966511759397e-05,3716742.3893156517,27103.314779460827,103539.09757280003,-0.007359461,-0.026633802,2.715336808028065e-07,2.572343135726606e-07,GOOD,4379.7619,2565.5727
20,Potatoes,Tulare Lake,1745.370847,316.2258,23.4875,1.233512156,758.5181794,61.6756078,791.4972307,4600.577654,0.41,0.17,50,1215.0848056000002,1.1386613091233178,1215.0848056000002,63.59168943,1151.493116,-4.882352941,0.26183748014224695,0.022797113908011788,0.10500776600013853,0.6103576399496028,23.416781397374827,0.001397425,119248.43169202852,1745.371913186112,2152.937444590619,-0.001066186,-0.001288088,6.108650856732683e-07,5.982936833716308e-07,GOOD,316.2258,1215.084806
20,Safflower,Tulare Lake,163.7428134,447.9696,1.4025,2.392307778,122.8862062,23.92307778,70.96245709,266.541912,0.74,0.17,10,143.96371093000002,1.2354790960213353,143.96371093000002,63.59168943,80.3720215,-4.882352941,0.1162186678129912,0.7367911866454042,0.030905620344332436,0.11608452519727239,1.0755297698795454,0.00825289,6376.137401793126,163.74450702885912,391.72724553607026,-0.001693629,-0.004039448,1.0343225598501921e-05,1.0311994757671768e-05,GOOD,447.9696,143.9637109
20,Subtropical,Tulare Lake,30202.52078,654.5088042,14.79755688,3.608433712,1957.695769,180.4216856,4185.888173,1551.146678,0.13,0.17,50,1809.9789530102828,1.1712706210711223,1809.9789530102828,63.59168943,1746.387264,-4.882352941,0.036083489,0.9089722150295483,0.040088771,0.014855525,9.092461553024446,0.000254691,6636.521011,30202.52379,108983.80347669881,-0.003006205,-0.009306766,9.953488725675498e-08,8.53958733299431e-08,GOOD,654.5088042,1809.978953
20,Tomatoes,Tulare Lake,154.8813963,230.9595433,32.87764995,2.220206136,240.7834131,111.0103068,2570.781849,1711.860449,0.935120824,0.17,50,2958.970999329268,1.5604522705573929,2958.970999329268,63.59168943,2895.37931,-4.882352941,0.24737811859550923,0.4215239727082848,0.19875124623776497,0.13234666245844104,29.479644455228165,0.006904512,155897.6288850262,154.8815275354956,343.8689160749509,-0.000131235,-0.000289657,8.473289802536097e-07,8.423491442706321e-07,GOOD,230.9595433,2958.970999
20,Truck,Tulare Lake,2530.424001,923.9057691,21.11899335,1.84535452,1033.026808,92.26772600000001,5729.043516,4647.582765,0.41,0.17,50,8010.038978649539,1.6156274373633648,8010.038978649539,63.59168943,7946.447289,-4.882352941,0.4254189966165896,0.086426428,0.26951522875656303,0.21863934679075228,20.75173259871808,0.00096388,812780.4015729978,2530.4243295048814,4669.529911844625,-0.000328505,-0.000544083,1.2982206988982264e-07,1.1651769312889455e-07,GOOD,923.9057691,8010.038979
20,Walnuts,Tulare Lake,539.4306341,2131.866347,1.870657994,3.425917313,1020.701599,171.2958657,357.6498318,1089.306585,0.13,0.17,50,1349.0389427051284,1.4392401590096626,1349.0389427051284,63.59168943,1285.447253,-4.882352941,0.032129809,0.9482518261577032,0.004849147,0.014769217,1.029154385800413,0.014260049774781028,73.79713649048134,539.4307203618961,1848.0450204360536,-8.63E-05,-0.00027191,1.5991286108940693e-07,1.4713404294619702e-07,GOOD,2131.866347,1349.038943
21,Alfalfa,Tulare Lake,24007.93345,199.736451,8.253403631,4.524530937,464.6688622,45.24530937,248.7681497,307.2567376,1.86,0.17,10,582.5664910564534,1.4728846575043426,582.5664910564534,63.59168943,518.9748016,-4.882352941,0.014260753762433723,0.978167563,0.003387607,0.004184076,3.7924924563899185,2.239403111150121e-05,25657472.06,24010.029779914345,108634.12120310236,-2.096329914,-9.48357514,8.731821581853379e-05,8.730593120788145e-05,GOOD,199.736451,582.5664911
21,Almonds,Tulare Lake,60134.51659,5115.183836,1.143761761,4.141037405,1272.789667,207.05187024999998,547.6895131,1762.69055,0.4,0.17,50,2060.3300717520947,1.4700865967615286,2060.3300717520947,63.59168943,1996.738382,-4.882352941,0.015222525754641943,0.9742258521104992,0.002501326,0.008050297,0.5446538370745726,4.157346132912515e-05,6455541.5125218285,60134.85632334686,249020.68875406214,-0.339733347,-1.406223279,5.6495564631620054e-06,5.6470457420502625e-06,GOOD,5115.183836,2060.330072
21,Beans Dry,Tulare Lake,816.2895592,989.2558964,1.380612025,1.919782133,116.3195893,95.98910665,97.0379078,688.3586163,1.68,0.17,50,368.0733663219941,1.3037332918487525,368.0733663219941,63.59168943,304.4816769,-4.882352941,0.13500259725503763,0.6461036938295875,0.027044921758560866,0.19184878715681378,1.1328046013839206,0.0007292,318215.9478520948,816.4400500965188,1567.3870234690382,-0.150490897,-0.288912362,0.00018436,0.000184361,GOOD,989.2558964,368.0733663
21,Berries,Tulare Lake,962.7923907,6318.852028,4.903289478,2.39378705,1401.62695,119.68935249999998,12910.1505,12000.49974,0.25,0.17,50,4551.194119,1.116366881,4551.194119,63.59168943,4487.60243,-4.882352941,0.15126718418354185,0.21572808175247532,0.3280599384297122,0.3049447956342706,4.668921400790055,0.004154582,25962.89998246247,962.7942781125735,2304.724475401557,-0.001887413,-0.004518705,1.960352607313221e-06,1.9606309839955388e-06,GOOD,6318.852028,4551.194119
21,Corn,Tulare Lake,31383.88203,50.43552386,24.76768296,2.280437339,110.1041373,114.021867,109.2865949,697.8735724,0.3,0.17,50,217.88489333599557,1.1535951526187738,217.88489333599557,63.59168943,154.2932039,-4.882352941,0.043631908606395896,0.8489927362420416,0.014538238401859811,0.092837117,17.149143593154324,0.000106212,88804.85876224822,31385.52635628894,71572.72602122375,-1.644326289,-3.749597241,5.239397367632301e-05,5.239137721356628e-05,GOOD,50.43552386,217.8848933
21,Cotton,Tulare Lake,8667.883681,2858.852174,0.790424805,3.749301711,335.6549753,187.4650856,176.7726076,1006.11301,0.68,0.17,50,553.7019937077761,1.2614861557011177,553.7019937077761,63.59168943,490.1103043,-4.882352941,0.007352295,0.9828688159305893,0.001461375,0.008317514,0.3497919118304784,0.000169659,1118433.7142488973,8668.213289,32499.746837686307,-0.329608481,-1.235721764,3.802640792737099e-05,3.802395007030378e-05,GOOD,2858.852174,553.7019937
21,Cucurbits,Tulare Lake,1555.899022,365.85,17.8725,2.442132231,306.3671659,122.1066116,4273.648587,1495.407224,0.05,0.17,50,341.12453655000013,1.004801922117904,341.12453655000013,63.59168943,277.5328471,-4.882352941,0.040555153,0.5981043964627822,0.26767674899595006,0.093663701,14.885962280023726,0.012854305,9.362681698920933e-05,1555.9051744737812,3799.726171885383,-0.006152474,-0.015022078,3.954288610115925e-06,3.953478886243363e-06,GOOD,365.85,341.1245366
21,Field and Grain,Tulare Lake,16510.0289,223.9885825,2.362115684,0.732562279,100.1702431,36.62811395,59.97872552,257.6643428,0.74,0.17,50,74.64551839017798,1.1088168887340837,74.64551839017798,63.59168943,11.05382896,-4.882352941,0.34930006147130604,0.016016072815909627,0.11984372766230061,0.5148401380504837,2.389167230319831,8.18503322759993e-05,351798.4400148994,16515.100630696357,12098.339730875774,-5.071730696,-3.715333536,0.000307191,0.000307189,GOOD,223.9885825,74.64551839
21,Grapes,Tulare Lake,51245.46541,1508.011287,11.85419447,4.00891598,2364.126279,200.44579900000002,7770.695391,5397.648302,0.13,0.17,50,2143.3432880529836,1.0821267256163145,2143.3432880529836,63.59168943,2079.751599,-4.882352941,0.023240434,0.9088638168299836,0.040065569,0.02783018,7.274442658548343,0.000150107,13509.339803936062,51245.534637366865,205439.0422093096,-0.069227367,-0.277024623,1.3508974172528668e-06,1.3484535068480742e-06,GOOD,1508.011287,2143.343288
21,Lettuce,Tulare Lake,7126.238792,479.2433265,17.02508876,2.300762612,668.5417978322613,108.89928428038655,4119.210746672234,2873.9769057866993,0.25,0.17,50,-49.5127242,0.9466364214404797,388.5314367285794,63.59168943,324.9397473,-4.882352941,0.071548298,0.4551158372591274,0.27880993303865736,0.1945259317708797,15.077923077975667,0.000561306,32417.704270879072,7115.279495877113,16368.446119150074,10.959296122887281,27.337657667572785,0.001537879,0.001667359,GOOD,479.2433265,388.5314367
21,Onions and Garlic,Tulare Lake,5851.75321,426.9855608,22.97465084,1.253629891,1575.045865,62.681494550000004,2746.112992,4092.094542,0.41,0.17,50,1333.9092795515899,1.1022629189137385,1333.9092795515899,63.59168943,1270.31759,-4.882352941,0.29276476610759117,0.019020349233098862,0.2763759108880407,0.4118389737712693,22.914528320640038,0.000416802,595597.3738054816,5851.792149523327,7335.981542813812,-0.038939523,-0.048804003,6.654334509591694e-06,6.652733108221809e-06,GOOD,426.9855608,1333.90928
21,Orchards,Tulare Lake,6056.107449,1503.259449,11.50880315,3.502172688,2465.289127,175.1086344,5980.963891,6297.889837,0.13,0.17,50,2381.4655925184657,1.104403489884033,2381.4655925184657,63.59168943,2317.873903,-4.882352941,0.050104247336015345,0.8229607704349708,0.06182935,0.065105632,8.089565828775825,0.001270174,1718.404194276568,6056.115049925399,21209.560677145713,-0.007600925,-0.026573665,1.2550843034005184e-06,1.252911281786718e-06,GOOD,1503.259449,2381.465593
21,Pasture,Tulare Lake,1268.197469,223.9885825,2.362115684,4.768194291,100.1702431,47.681942910000004,59.97872552,257.6643428,0.74,0.17,10,63.59168943017798,1.0824864973455244,63.59168943017798,63.59168943,0,-4.882352941,0.001666338,0.9951015274793626,0.000610306,0.002621829,0.8101809360953481,0.001065569,24337.32796371862,1268.6300008244646,6049.074280483228,-0.432531824,-2.062348937,0.00034106,0.000341053,GOOD,223.9885825,63.59168943
21,Pistachios,Tulare Lake,23980.50321,4379.7619,1.466522812,3.820163692,1674.55647,191.0081846,334.3393222,1657.544061,0.4,0.17,50,2565.5726996784624,1.5858055759089673,2565.5726996784624,63.59168943,2501.98101,-4.882352941,0.030512026,0.9551543552909131,0.00240591,0.011927708973392518,0.781304868,0.000104251,3288504.6616840945,23980.609268179694,91609.85261376384,-0.10605818,-0.404935032,4.422683659586873e-06,4.420232221149327e-06,GOOD,4379.7619,2565.5727
21,Potatoes,Tulare Lake,16540.24157,316.2258,23.4875,1.233512156,758.5181794,61.6756078,791.4972307,4600.577654,0.41,0.17,50,1215.0848056000002,1.1386613091233178,1215.0848056000002,63.59168943,1151.493116,-4.882352941,0.26183748014224695,0.022797113908011788,0.10500776600013853,0.6103576399496028,23.416781397374823,0.00014746,1130073.8008888005,16540.405533317567,20402.791246503337,-0.163963318,-0.202206732,9.912994128606402e-06,9.910836875641694e-06,GOOD,316.2258,1215.084806
21,Safflower,Tulare Lake,1994.775601,447.9696,1.4025,2.392307778,122.8862062,23.92307778,70.96245709,266.541912,0.74,0.17,10,143.96371093000002,1.2354790960213353,143.96371093000002,63.59168943,80.3720215,-4.882352941,0.11621866781299117,0.736791187,0.030905620344332432,0.11608452519727239,1.0755297698795452,0.000677445,77676.46746516974,1995.1109389089602,4772.919389052086,-0.335337909,-0.802203415,0.000168108,0.000168102,GOOD,447.9696,143.9637109
21,Subtropical,Tulare Lake,38230.48043,654.5088042,14.79755688,3.608433712,1957.695769,180.4216856,4185.888173,1551.146678,0.13,0.17,50,1809.9789530102828,1.1712706210711223,1809.9789530102828,63.59168943,1746.387264,-4.882352941,0.036083489,0.9089722150295486,0.040088771,0.014855524535285167,9.092461553024446,0.000201209,8400.536779638553,38230.54239062495,137952.37765278752,-0.061960625,-0.223243219,1.6207126943929181e-06,1.6182655516294625e-06,GOOD,654.5088042,1809.978953
21,Tomatoes,Tulare Lake,4988.243491,230.9595433,32.87764995,2.220206136,240.7834131,111.0103068,2570.781849,1711.860449,0.935120824,0.17,50,2958.970999329268,1.5604522705573929,2958.970999329268,63.59168943,2895.37931,-4.882352941,0.24737811859550923,0.421523973,0.19875124623776494,0.13234666245844104,29.47964445522816,0.00021438,5020973.151880512,4988.312177136953,11075.08128283152,-0.068686137,-0.152476251,1.376960388502957e-05,1.3767695839952208e-05,GOOD,230.9595433,2958.970999
21,Truck,Tulare Lake,16465.51673,923.9057691,21.11899335,1.84535452,1033.026808,92.26772600000001,5729.043516,4647.582765,0.41,0.17,50,8010.038978649539,1.6156274373633648,8010.038978649539,63.59168943,7946.447289,-4.882352941,0.4254189966165896,0.086426428,0.269515229,0.21863934679075228,20.751732598718075,0.000148129,5288777.412254837,16465.551448842623,30384.779722016177,-0.034718843,-0.064000175,2.108578989247923e-06,2.1063279197317698e-06,GOOD,923.9057691,8010.038979
21,Walnuts,Tulare Lake,42.99896185,2131.866347,1.870657994,3.425917313,1020.701599,171.2958657,357.6498318,1089.306585,0.13,0.17,50,1349.0389427051284,1.4392401590096626,1349.0389427051284,63.59168943,1285.447253,-4.882352941,0.032129809321127134,0.9482518261577033,0.004849147,0.014769217242287108,1.0291543858004133,0.17889519563616377,5.882499168568168,42.99907378290681,147.31127749961243,-0.000111933,-0.000389657,2.603153704088174e-06,2.6451315081908728e-06,GOOD,2131.866347,1349.038943
3,Alfalfa,Sacramento River,8540.882564,187.2098036,5.87624882,3.537610105,310.085831,35.37610105,166.0095709,205.0405538,1.86,0.17,10,383.57933074693176,1.4622309191594929,383.57933074693176,20.502886,363.0764447,-4.882352941,0.038627788,0.9407097278971251,0.009244493,0.011417991628067139,3.316583982,6.294834340285755e-05,6246601.593747703,8539.577113610027,30209.69429861291,1.3054503899729752,4.618165411797236,0.000152847,0.000152847,GOOD,187.2098036,383.5793307
3,Almonds,Sacramento River,126972.3732,5165.974452,0.856578131,3.971676207,962.6735903,198.5838104,414.244587,1333.209787,0.4,0.17,50,1516.3489662379095,1.448869427173648,1516.3489662379095,20.502886,1495.84608,-4.882352941,0.014490099332559552,0.9752958800682341,0.002421295,0.007792725,0.40519065141912164,1.9689322464361088e-05,10249595.136565987,126971.23046064796,504288.61492162064,1.142739352042554,4.538663143815938,8.999905438032357e-06,9.000049101505507e-06,GOOD,5165.974452,1516.348966
3,Beans Dry,Sacramento River,876.3128658,1054.225767,1.083582552,2.293810917,97.28999715,114.6905459,81.16275023,575.7448786,1.68,0.17,50,273.4524752,1.252109890082247,273.4524752,20.502886,252.9495892,-4.882352941,0.048570876,0.8653678256257594,0.010633110948499266,0.075428188,0.7343556186573437,0.000679253,284331.56845286844,876.0803332897495,2009.5626393143432,0.23253251025050758,0.5333789652529504,0.000265353,0.00026535,GOOD,1054.225767,273.4524752
3,Berries,Sacramento River,2.38744199,5388.84825,4.3725,3.453441036,1065.939344,172.6720518,9818.188327,9126.397598,0.25,0.17,50,3379.5416523249987,1.1118507849498191,3379.5416523249987,20.502886,3359.038766,-4.882352941,0.045972229,0.7581153754652818,0.10153321942496674,0.094379177,3.2744258788276306,1.6754333788022215,48.37333563046268,2.3874345290261076,8.244877620782622,7.4609738924813485e-06,1.2518552880536049e-05,3.1250911744587974e-06,1.5183407745861102e-06,GOOD,5388.84825,3379.541652
3,Corn,Sacramento River,7779.388557,166.7194068,5.454093572,2.826875063,80.14758921,141.3437532,79.5524794,507.9998424,0.3,0.17,50,100.25958079553305,1.070403401938732,100.25958079553305,20.502886,79.7566948,-4.882352941,0.00772705,0.9671073986717985,0.003407326,0.021758226,2.8055847504478146,0.000428483,13313.080086093169,7778.581083822213,21989.07689491829,0.8074731777869602,2.2826222525654885,0.000103796,0.000103796,GOOD,166.7194068,100.2595808
3,Cotton,Sacramento River,1963.168492,1657.32655,0.8275,2.633766816,203.7121439,131.6883408,107.2849489,610.6193958,0.68,0.17,50,318.1328907249999,1.2400314947457598,318.1328907249999,20.502886,297.6300047,-4.882352941,0.032348859,0.9231486844454493,0.006650529,0.037851928,0.4994679601301738,0.000749089,153791.50612861122,1963.0211920804509,5170.140080896121,0.14729991954914112,0.38794755024082406,7.503172557495443e-05,7.503054777122916e-05,GOOD,1657.32655,318.1328907
3,Cucurbits,Sacramento River,4513.852324,161.7514,13.41,1.97136542,99.31530719991646,96.32136948676522,1385.3923311586225,484.7674435832669,0.05,0.17,50,55.100711499999974,0.9772046167550735,103.28982257142881,20.502886,82.78693657,-4.882352941,0.042365651,0.5665754677629987,0.28969181299321867,0.10136706870195988,11.407597285715426,0.004430805,8.471162441506682e-05,4510.98084,8891.152133303201,2.871483676470234,7.300249217034434,0.000636149,0.000820395,GOOD,161.7514,103.2898226
3,Field and Grain,Sacramento River,22975.96108,173.2298426,2.485487486,1.383894155,81.68685006672595,69.33923636310766,48.91146320881593,210.12017034615968,0.74,0.17,50,21.357597944049672,1.002088723513796,20.502885999240448,20.502886,0,-4.882352941,0.14613647964219817,0.48343521218352287,0.069945861,0.3004824474386062,2.250317715200817,5.8815879198527585e-05,359561.44834592333,22994.51985715058,31824.14577595994,-18.55877715,-27.84753184,0.000807748,0.00087581,GOOD,173.2298426,20.502886
3,Grapes,Sacramento River,6869.829368,730.6198686,7.837965954,2.661751325,3142.1571406119238,125.73214139727372,1141.918156826933,1044.0722329760158,0.13,0.17,50,-46.36207985,0.9447324415046452,272.6939835906081,20.502886,252.1910976,-4.882352941,0.15921434180773747,0.7388658354966847,0.0532409,0.048678923,5.982115237144161,0.001119723,1383.3080833747479,6867.877421539883,18276.49836466111,1.9519464601171421,9.279058136802632,0.000284133,0.000507447,GOOD,730.6198686,272.6939836
3,Lettuce,Sacramento River,14.04784201,479.2433265,17.02508876,3.319237614,664.4199675656041,156.13694158999436,4093.8141483063173,2856.2576771096647,0.25,0.17,50,-100.4364743,0.9408000254723214,388.5314367285801,20.502886,368.0285507,-4.882352941,0.015937802321636142,0.8788637332260526,0.061965253,0.043233211,11.095631648888782,0.28474124332780704,66.41101236791631,14.014071719668156,46.50632930205878,0.03377029,0.12179629306258022,0.002403949,0.002612078,GOOD,479.2433265,388.5314367
3,Onions and Garlic,Sacramento River,120.3364612,248.2454,30.0225,2.113494575,1196.627996,105.67472874999999,2086.336507,3108.934795,0.41,0.17,50,955.3734948,1.0924146811331945,955.3734948,20.502886,934.8706088,-4.882352941,0.18830895179500234,0.3570835131380394,0.18256299654694674,0.2720445385200114,27.505749159995357,0.020268374,9175.110668120333,120.33518079444663,254.32775812116918,0.001280406,0.0026998,1.0640212788420424e-05,1.0615322092596395e-05,GOOD,248.2454,955.3734948
3,Orchards,Sacramento River,1890.379759,2061.666385,2.066393172,3.327741402,607.0648734,166.3870701,1472.781853,1550.82325,0.13,0.17,50,463.1562944059234,1.0685501927599292,463.1562944059234,20.502886,442.6534084,-4.882352941,0.0169775,0.935057408,0.023363539,0.024601553,1.189980662739726,0.004069186,117.7167837532776,1890.3668087661176,6290.6519000519565,0.012950233882293105,0.043089475,6.850599103506961e-06,6.849716159662383e-06,GOOD,2061.666385,463.1562944
3,Pasture,Sacramento River,9802.239154,173.2298426,2.485487486,3.965593094,81.51658446,39.65593094,48.80951363,209.6822022,0.74,0.17,10,50.89637475404967,1.0800536006679988,50.89637475404967,20.502886,30.39348875,-4.882352941,0.003957014,0.9883182481846072,0.001458618,0.00626612,1.0190485612869495,0.000137861,210155.98308772105,9798.652892609402,38857.47024398579,3.5862613905992475,14.221650853018218,0.000365861,0.000365861,GOOD,173.2298426,50.89637475
3,Pistachios,Sacramento River,5798.660482,3834.493456,1.253131426,3.663925668,1252.751973,183.1962834,250.122497,1240.024825,0.4,0.17,50,1879.0286741049485,1.563964227857457,1879.0286741049485,20.502886,1858.525788,-4.882352941,0.028878379,0.9573808631312174,0.002306398,0.011434359879822583,0.6618672354925599,0.000431134,592366.1759256832,5798.619243829121,21245.709889646212,0.041238170879296376,0.151090371,7.111671912385019e-06,7.111520261876049e-06,GOOD,3834.493456,1879.028674
3,Rice,Sacramento River,145699.9137,370.9204664,4.450435008,4.534377778,205.9918082,226.71888889999997,117.9897276,946.9605361,0.2,0.17,50,153.0964681,1.0497368719543454,153.0964681,20.502886,132.5935821,-4.882352941,0.000983254,0.9961007043848786,0.000323079,0.002592963,1.4727583910155857,3.431711023724511e-05,66479.09449263423,145695.1526416395,660636.8624,4.761058360512834,21.588544569793157,3.2677152920735285e-05,3.267731539519164e-05,GOOD,370.9204664,153.0964681
3,Safflower,Sacramento River,844.1269196,429.9064999,1.059039203,2.357007476,89.05078906,23.57007476,51.42369509,193.1524157,0.74,0.17,10,98.09086240861554,1.2139169552056832,98.09086240861554,20.502886,77.58797641,-4.882352941,0.094429485,0.7821602735576709,0.025947794,0.097462447,0.7835707889042941,0.001600886,26948.281454562297,843.9195325248457,1989.124679,0.20738707515420174,0.48878134828100883,0.000245682,0.000245666,GOOD,429.9064999,98.09086241
3,Subtropical,Sacramento River,8344.074891,942.1801854,4.535541375,2.972946835,863.7792973,148.6473418,1846.907779,684.4007169,0.13,0.17,50,729.5620786368713,1.1484512005269143,729.5620786368713,20.502886,709.0591926,-4.882352941,0.046192938,0.880421296,0.053544142010639555,0.019841623709938968,2.9570874167366545,0.000921889,778.5363422371985,8344.036741270545,24806.377623742646,0.038149729454744374,0.11341445877405931,4.572074190740191e-06,4.571967014577099e-06,GOOD,942.1801854,729.5620786
3,Sunflowers,Sacramento River,9821.115502,3239.762235,0.609912532,2.873453662,409.0470283,143.6726831,350.2383501,767.1265354,0.74,0.17,50,305.88699092682907,1.1268157949515534,305.88699092682907,20.502886,285.3841049,-4.882352941,0.026786339003885423,0.9313494975780571,0.013122334265315713,0.028741829152741736,0.35785297858380155,0.000137597,1306583.852274147,9820.536570704324,28218.856774111875,0.578931296,1.6635300349953468,5.8947610946927946e-05,5.894753240077218e-05,GOOD,3239.762235,305.8869909
3,Tomatoes,Sacramento River,13741.55169,77.35725946,46.64298895,2.666779844,307.3158515,133.3389922,744.6913332,1960.523005,0.74,0.17,50,462.30461629506283,1.0923391277845722,462.30461629506283,20.502886,441.8017303,-4.882352941,0.039469633,0.821794689,0.038191153753845956,0.10054452386355113,33.014897127616564,9.834052091327914e-05,1972118.6976051251,13740.800793907982,36643.6906,0.7508960920185928,2.002473738139088,5.464419950223196e-05,5.4644176989505483e-05,GOOD,77.35725946,462.3046163
3,Truck,Sacramento River,1434.851152,750.0942005,17.60330131,2.662234731,736.5300735,133.1117366,4084.707976,3313.645347,0.41,0.17,50,4936.139089235053,1.5209691979277695,4936.139089235053,20.502886,4915.636203,-4.882352941,0.19604696699087185,0.548266567,0.14116716254119138,0.1145193032285967,14.990241570903272,0.001699845,290102.0535717553,1434.8453946293807,3819.895249,0.005757371,0.015321706709528371,4.012521167228046e-06,4.0110118878625885e-06,GOOD,750.0942005,4936.139089
3,Walnuts,Sacramento River,25831.11216,1949.323208,2.037882063,4.942462794,1016.733954,247.1231397,356.2595846,1085.072261,0.13,0.17,50,1267.3018612728183,1.3985435608623673,1267.3018612728183,20.502886,1246.798975,-4.882352941,0.003758739,0.9938693239131875,0.000586281,0.001785656,0.7273296470272366,0.000297792,3468.5382686195853,25831.03009612154,127668.90516709478,0.082063878,0.4056113461992936,3.1769394191178384e-06,3.177046572321495e-06,GOOD,1949.323208,1267.301861
4,Alfalfa,Sacramento River,7794.661126,187.2098036,5.87624882,3.537610105,310.085831,35.37610105,166.0095709,205.0405538,1.86,0.17,10,383.57933074693176,1.4622309191594929,383.57933074693176,20.502886,363.0764447,-4.882352941,0.038627788,0.940709728,0.009244493,0.011417991628067139,3.3165839818639204,6.897469946561349e-05,5700832.701,7793.802644740656,27571.43498664311,0.8584812593435345,3.0369777451669506,0.000110137,0.000110137,GOOD,187.2098036,383.5793307
4,Almonds,Sacramento River,4522.404719,5165.974452,0.856578131,3.971676207,962.6735903,198.5838104,414.244587,1333.209787,0.4,0.17,50,1516.3489662379095,1.448869427173648,1516.3489662379095,20.502886,1495.84608,-4.882352941,0.014490099,0.9752958800682339,0.002421295,0.007792725,0.4051906514191216,0.000552803,365062.2276739921,4522.375390692002,17961.410738701416,0.029328307998184755,0.11648217540641781,6.485113522672484e-06,6.485093053280552e-06,GOOD,5165.974452,1516.348966
4,Beans Dry,Sacramento River,7854.25666,1054.225767,1.083582552,2.293810917,97.28999715,114.6905459,81.16275023,575.7448786,1.68,0.17,50,273.4524752,1.252109890082247,273.4524752,20.502886,252.9495892,-4.882352941,0.048570875558332255,0.8653678256257594,0.010633110948499268,0.075428188,0.7343556186573436,7.57854143307427e-05,2548419.8650107137,7852.754899101987,18012.734916467012,1.5017608980133446,3.4447551609446236,0.000191203,0.000191203,GOOD,1054.225767,273.4524752
4,Corn,Sacramento River,10015.70748,166.7194068,5.454093572,2.826875063,80.14758921,141.3437532,79.5524794,507.9998424,0.3,0.17,50,100.25958079553305,1.070403401938732,100.25958079553305,20.502886,79.7566948,-4.882352941,0.00772705,0.9671073986717986,0.003407326,0.021758226,2.805584750447814,0.000332811,17140.153730994876,10014.958407037435,28311.036176380803,0.7490729625642416,2.1175371337667457,7.478982029577422e-05,7.478987170390675e-05,GOOD,166.7194068,100.2595808
4,Cotton,Sacramento River,1256.323403,1657.32655,0.8275,2.633766816,203.7121439,131.6883408,107.2849489,610.6193958,0.68,0.17,50,318.1328907249999,1.2400314947457598,318.1328907249999,20.502886,297.6300047,-4.882352941,0.032348858644621246,0.9231486844454493,0.006650529,0.037851927698407103,0.4994679601301739,0.001170549,98418.38289445825,1256.2554794303442,3308.6839970055034,0.06792357,0.17889198009152096,5.406535410686106e-05,5.406448864563387e-05,GOOD,1657.32655,318.1328907
4,Cucurbits,Sacramento River,5113.150981,161.7514,13.41,1.97136542,99.31530719991646,96.32136948676522,1385.3923311586225,484.7674435832669,0.05,0.17,50,55.100711499999974,0.9772046167550735,103.28982257142881,20.502886,82.78693657,-4.882352941,0.042365651,0.5665754677629988,0.2896918129932186,0.10136706870195987,11.407597285715426,0.003911482,9.595868326861125e-05,5109.920230395476,10071.662847233942,3.230750604523564,8.226183948534526,0.000631851,0.000816099,GOOD,161.7514,103.2898226
4,Field and Grain,Sacramento River,12702.2223,173.2298426,2.485487486,1.383894155,81.68685006672595,69.33923636310766,48.91146320881593,210.12017034615968,0.74,0.17,50,21.357597944049672,1.002088723513796,20.502885999240448,20.502886,0,-4.882352941,0.14613647964219817,0.48343521218352264,0.069945861,0.3004824474386062,2.2503177152008176,0.000106387,198782.9554331699,12714.258933686635,17596.385236196304,-12.03663369,-17.85403972,0.000947601,0.001015673,GOOD,173.2298426,20.502886
4,Onions and Garlic,Sacramento River,31.90768587,248.2454,30.0225,2.113494575,1196.627996,105.67472874999999,2086.336507,3108.934795,0.41,0.17,50,955.3734948,1.0924146811331945,955.3734948,20.502886,934.8706088,-4.882352941,0.18830895179500234,0.35708351313803943,0.18256299654694674,0.2720445385200114,27.505749159995357,0.076440028,2432.8166717010754,31.90744123172613,67.43620709914467,0.000244638,0.000513888,7.667064132132284e-06,7.620297917331141e-06,GOOD,248.2454,955.3734948
4,Orchards,Sacramento River,2543.290824,2061.666385,2.066393172,3.327741402,607.0648734,166.3870701,1472.781853,1550.82325,0.13,0.17,50,463.1562944059234,1.0685501927599292,463.1562944059234,20.502886,442.6534084,-4.882352941,0.0169775,0.935057408,0.023363539425762542,0.024601553,1.1899806627397258,0.003024549,158.37453534144788,2543.2782694167427,8463.372395819792,0.012554583257497143,0.041776532,4.936353774025625e-06,4.936132257338815e-06,GOOD,2061.666385,463.1562944
4,Pasture,Sacramento River,2392.91361,173.2298426,2.485487486,3.965593094,81.51658446,39.65593094,48.80951363,209.6822022,0.74,0.17,10,50.89637475404967,1.0800536006679988,50.89637475404967,20.502886,30.39348875,-4.882352941,0.003957014,0.9883182481846075,0.001458618,0.00626612,1.0190485612869495,0.000564731,51303.08537190965,2392.2828056722788,9486.820182,0.6308043277213073,2.5015042247687234,0.000263613,0.000263613,GOOD,173.2298426,50.89637475
4,Rice,Sacramento River,113417.2722,370.9204664,4.450435008,4.534377778,205.9918082,226.71888889999997,117.9897276,946.9605361,0.2,0.17,50,153.0964681,1.0497368719543454,153.0964681,20.502886,132.5935821,-4.882352941,0.000983254,0.9961007043848785,0.000323079,0.002592963,1.4727583910155857,4.408499607699082e-05,51749.361850724345,113414.60168770864,514264.6495060202,2.6705122913699597,12.10919903696049,2.3545904777720087e-05,2.3546074816702416e-05,GOOD,370.9204664,153.0964681
4,Safflower,Sacramento River,2635.482416,429.9064999,1.059039203,2.357007476,89.05078906,23.57007476,51.42369509,193.1524157,0.74,0.17,10,98.09086240861554,1.2139169552056832,98.09086240861554,20.502886,77.58797641,-4.882352941,0.094429485,0.7821602735576709,0.025947794,0.097462447,0.7835707889042941,0.000512753,84136.30730858857,2635.0158697384095,6210.752115665505,0.46654626159033796,1.099641713037272,0.000177025,0.000177023,GOOD,429.9064999,98.09086241
4,Subtropical,Sacramento River,205.9929344,942.1801854,4.535541375,2.972946835,863.7792973,148.6473418,1846.907779,684.4007169,0.13,0.17,50,729.5620786368713,1.1484512005269143,729.5620786368713,20.502886,709.0591926,-4.882352941,0.046192938,0.8804212960750113,0.053544142,0.019841623709938975,2.957087416736655,0.03734258,19.21998397,205.9922557525386,612.4040278826112,0.000678647,0.002014474,3.2945181511958487e-06,3.2894421217996885e-06,GOOD,942.1801854,729.5620786
4,Sunflowers,Sacramento River,17788.77638,3239.762235,0.609912532,2.873453662,409.0470283,143.6726831,350.2383501,767.1265354,0.74,0.17,50,305.88699092682907,1.1268157949515534,305.88699092682907,20.502886,285.3841049,-4.882352941,0.026786339003885405,0.9313494975780571,0.013122334265315705,0.028741829,0.35785297858380144,7.596651520509762e-05,2366587.3764635585,17788.02079,51113.053463183096,0.7555936520002433,2.1711684270121623,4.2475864323628276e-05,4.247596372039599e-05,GOOD,3239.762235,305.8869909
4,Tomatoes,Sacramento River,24535.9756,77.35725946,46.64298895,2.666779844,307.3158515,133.3389922,744.6913332,1960.523005,0.74,0.17,50,462.30461629506283,1.0923391277845722,462.30461629506283,20.502886,441.8017303,-4.882352941,0.039469633,0.8217946893853109,0.038191154,0.1005445238635511,33.014897127616564,5.50763243892104e-05,3521280.371848831,24535.00949631564,65429.46878996101,0.9661036843608599,2.576392994807975,3.937498553596784e-05,3.937509499518275e-05,GOOD,77.35725946,462.3046163
4,Truck,Sacramento River,122.7592553,750.0942005,17.60330131,2.662234731,736.5300735,133.1117366,4084.707976,3313.645347,0.41,0.17,50,4936.139089235053,1.5209691979277695,4936.139089235053,20.502886,4915.636203,-4.882352941,0.19604696699087185,0.548266567,0.14116716254119138,0.1145193032285967,14.990241570903272,0.019868354400516652,24819.79542465419,122.75890036268125,326.81301116000145,0.000354937,0.000941851,2.8913283800363455e-06,2.88191904193995e-06,GOOD,750.0942005,4936.139089
4,Walnuts,Sacramento River,41858.30566,1949.323208,2.037882063,4.942462794,1016.733954,247.1231397,356.2595846,1085.072261,0.13,0.17,50,1267.3018612728183,1.3985435608623673,1267.3018612728183,20.502886,1246.798975,-4.882352941,0.003758739,0.9938693239131877,0.000586281,0.001785656,0.7273296470272368,0.00018377,5620.6304297695315,41858.20983689451,206882.64471190734,0.095823105,0.47363252224749885,2.2892256143491067e-06,2.289372501911786e-06,GOOD,1949.323208,1267.301861
5,Alfalfa,Sacramento River,938.6716029,187.2098036,5.87624882,3.537610105,310.085831,35.37610105,166.0095709,205.0405538,1.86,0.17,10,383.57933074693176,1.4622309191594929,383.57933074693176,20.502886,363.0764447,-4.882352941,0.038627788,0.9407097278971248,0.009244493,0.011417991628067132,3.316583982,0.000572761,686522.4391909634,938.5751125306381,3320.312815727301,0.096490369,0.341331968,0.000102795,0.000102791,GOOD,187.2098036,383.5793307
5,Almonds,Sacramento River,37924.95873,5165.974452,0.856578131,3.971676207,962.6735903,198.5838104,414.244587,1333.209787,0.4,0.17,50,1516.3489662379095,1.448869427173648,1516.3489662379095,20.502886,1495.84608,-4.882352941,0.014490099332559563,0.97529588,0.002421295,0.007792725,0.40519065141912164,6.591964984848911e-05,3061417.714396739,37924.72917853285,150624.74451420817,0.22955146714957664,0.9117251897405367,6.0527809346828165e-06,6.052920946558268e-06,GOOD,5165.974452,1516.348966
5,Beans Dry,Sacramento River,1563.129003,1054.225767,1.083582552,2.293810917,97.28999715,114.6905459,81.16275023,575.7448786,1.68,0.17,50,273.4524752,1.252109890082247,273.4524752,20.502886,252.9495892,-4.882352941,0.048570876,0.8653678256257595,0.010633110948499265,0.075428188,0.7343556186573438,0.000380799,507178.35885179625,1562.850052976586,3584.8825159762196,0.27895002341392683,0.6398557845063806,0.000178456,0.000178455,GOOD,1054.225767,273.4524752
5,Berries,Sacramento River,16.22204085,5388.84825,4.3725,3.453441036,1065.939344,172.6720518,9818.188327,9126.397598,0.25,0.17,50,3379.5416523249987,1.1118507849498191,3379.5416523249987,20.502886,3359.038766,-4.882352941,0.045972229,0.7581153754652816,0.10153321942496678,0.094379177,3.274425878827631,0.2465780993271263,328.68410203681054,16.222006754271344,56.02174697700082,3.409572865464838e-05,0.000114582,2.1018149917091586e-06,2.0453097114283275e-06,GOOD,5388.84825,3379.541652
5,Corn,Sacramento River,1094.294324,166.7194068,5.454093572,2.826875063,80.14758921,141.3437532,79.5524794,507.9998424,0.3,0.17,50,100.25958079553305,1.070403401938732,100.25958079553305,20.502886,79.7566948,-4.882352941,0.00772705,0.9671073986717986,0.003407326,0.021758226142328335,2.8055847504478146,0.003046103,1872.6957609104518,1094.2179385629966,3093.2174071093873,0.076385437,0.21592898865492316,6.980337494961695e-05,6.980237334847146e-05,GOOD,166.7194068,100.2595808
5,Cucurbits,Sacramento River,527.730521,161.7514,13.41,1.97136542,99.31530719991646,96.32136948676522,1385.3923311586225,484.7674435832669,0.05,0.17,50,55.100711499999974,0.9772046167550735,103.28982257142881,20.502886,82.78693657,-4.882352941,0.042365651,0.5665754677629988,0.28969181299321856,0.10136706870195983,11.407597285715424,0.03789813,9.903937142476955e-06,527.3974637565849,1039.501444277216,0.3330572434150554,0.8482559007677537,0.000631112,0.000815357,GOOD,161.7514,103.2898226
5,Field and Grain,Sacramento River,8008.875436,173.2298426,2.485487486,1.383894155,81.68685006672595,69.33923636310766,48.91146320881593,210.12017034615968,0.74,0.17,50,21.357597944049672,1.002088723513796,20.502885999240448,20.502886,0,-4.882352941,0.14613647964219817,0.48343521218352287,0.069945861,0.3004824474386062,2.250317715200817,0.000168732,125334.59825090591,8016.657187793559,11094.95952022335,-7.781751794,-11.52361622,0.000971641,0.001039715,GOOD,173.2298426,20.502886
5,Grapes,Sacramento River,213.9194229,730.6198686,7.837965954,2.661751325,3142.1571406119238,125.73214139727372,1141.918156826933,1044.0722329760158,0.13,0.17,50,-46.36207985,0.9447324415046452,272.6939835906081,20.502886,252.1910976,-4.882352941,0.15921434180773752,0.7388658354966848,0.0532409,0.048678923,5.9821152371441615,0.035958903,43.074791386642694,213.85879002111994,569.1117666198068,0.060632879,0.2885407275035732,0.000283438,0.000506745,GOOD,730.6198686,272.6939836
5,Orchards,Sacramento River,42049.51387,2061.666385,2.066393172,3.327741402,607.0648734,166.3870701,1472.781853,1550.82325,0.13,0.17,50,463.1562944059234,1.0685501927599292,463.1562944059234,20.502886,442.6534084,-4.882352941,0.016977500365982116,0.935057408,0.023363539425762542,0.024601553,1.189980662739726,0.000182935,2618.486316095409,42049.320136693066,139929.26352558122,0.1937333069363376,0.6447135910275392,4.6072662703136645e-06,4.60740380051973e-06,GOOD,2061.666385,463.1562944
5,Pasture,Sacramento River,10539.23114,173.2298426,2.485487486,3.965593094,81.51658446,39.65593094,48.80951363,209.6822022,0.74,0.17,10,50.89637475404967,1.0800536006679988,50.89637475404967,20.502886,30.39348875,-4.882352941,0.003957014,0.9883182481846072,0.001458618,0.00626612,1.0190485612869495,0.000128221,225956.7886906326,10536.638101133925,41784.01926937314,2.593038866074494,10.282955480608507,0.000246037,0.000246037,GOOD,173.2298426,50.89637475
5,Pistachios,Sacramento River,488.8806378,3834.493456,1.253131426,3.663925668,1252.751973,183.1962834,250.122497,1240.024825,0.4,0.17,50,1879.0286741049485,1.563964227857457,1879.0286741049485,20.502886,1858.525788,-4.882352941,0.028878379095081137,0.9573808631312173,0.002306398,0.011434359879822581,0.6618672354925599,0.005113723,49941.94000435965,488.87829954538176,1791.2137531618273,0.002338255,0.008564262,4.7828742589309095e-06,4.781238889447827e-06,GOOD,3834.493456,1879.028674
5,Rice,Sacramento River,163607.852,370.9204664,4.450435008,4.534377778,205.9918082,226.71888889999997,117.9897276,946.9605361,0.2,0.17,50,153.0964681,1.0497368719543454,153.0964681,20.502886,132.5935821,-4.882352941,0.000983254,0.9961007043848786,0.000323079,0.002592963,1.4727583910155857,3.056088041544607e-05,74650.02261593589,163604.25653182773,741843.5050750527,3.595468172279652,16.30334006017074,2.1976134570116183e-05,2.1976308562935505e-05,GOOD,370.9204664,153.0964681
5,Safflower,Sacramento River,538.2207607,429.9064999,1.059039203,2.357007476,89.05078906,23.57007476,51.42369509,193.1524157,0.74,0.17,10,98.09086240861554,1.2139169552056832,98.09086240861554,20.502886,77.58797641,-4.882352941,0.094429485,0.7821602735576708,0.025947794,0.097462447,0.7835707889042942,0.002510775,17182.397821058927,538.1318346339377,1268.3807725884058,0.088926066,0.20958411990136483,0.000165222,0.00016521,GOOD,429.9064999,98.09086241
5,Subtropical,Sacramento River,5110.316048,942.1801854,4.535541375,2.972946835,863.7792973,148.6473418,1846.907779,684.4007169,0.13,0.17,50,729.5620786368713,1.1484512005269143,729.5620786368713,20.502886,709.0591926,-4.882352941,0.046192938204410276,0.8804212960750112,0.053544142,0.019841623709938958,2.9570874167366545,0.001505251,476.8134053994764,5110.300334354415,15192.651205695622,0.015713646,0.046715056,3.0748872353467778e-06,3.0748360778725605e-06,GOOD,942.1801854,729.5620786
5,Sunflowers,Sacramento River,731.92811,3239.762235,0.609912532,2.873453662,409.0470283,143.6726831,350.2383501,767.1265354,0.74,0.17,50,305.88699092682907,1.1268157949515534,305.88699092682907,20.502886,285.3841049,-4.882352941,0.026786339003885405,0.9313494975780573,0.013122334265315705,0.028741829152741722,0.3578529785838015,0.00184629,97374.42242,731.8990933445715,2103.0781329721185,0.029016655428449667,0.083375028,3.964413312183033e-05,3.964271303141525e-05,GOOD,3239.762235,305.8869909
5,Tomatoes,Sacramento River,1197.582062,77.35725946,46.64298895,2.666779844,307.3158515,133.3389922,744.6913332,1960.523005,0.74,0.17,50,462.30461629506283,1.0923391277845722,462.30461629506283,20.502886,441.8017303,-4.882352941,0.039469632997291976,0.8217946893853109,0.038191154,0.10054452386355112,33.014897127616564,0.0011284,171870.98150679807,1197.538050876649,3193.570339202001,0.044011123350855996,0.11736527555740395,3.674998544764108e-05,3.674913968352558e-05,GOOD,77.35725946,462.3046163
5,Truck,Sacramento River,358.9825436,750.0942005,17.60330131,2.662234731,736.5300735,133.1117366,4084.707976,3313.645347,0.41,0.17,50,4936.139089235053,1.5209691979277695,4936.139089235053,20.502886,4915.636203,-4.882352941,0.19604696699087185,0.5482665672393401,0.1411671625411914,0.11451930322859671,14.990241570903274,0.00679427,72580.0533,358.98157485761647,955.6932193515568,0.000968742,0.002576043,2.698577969294587e-06,2.6954634490535826e-06,GOOD,750.0942005,4936.139089
5,Walnuts,Sacramento River,67085.35939,1949.323208,2.037882063,4.942462794,1016.733954,247.1231397,356.2595846,1085.072261,0.13,0.17,50,1267.3018612728183,1.3985435608623673,1267.3018612728183,20.502886,1246.798975,-4.882352941,0.003758739,0.9938693239131874,0.000586281,0.001785656,0.7273296470272366,0.000114664,9008.057216701474,67085.21605450987,331566.18432562175,0.14333549012371805,0.7084815717535093,2.1366135834562465e-06,2.136768136755717e-06,GOOD,1949.323208,1267.301861
6,Alfalfa,Sacramento River,30767.07214,187.2098036,5.87624882,3.537610105,310.085831,35.37610105,166.0095709,205.0405538,1.86,0.17,10,383.57933074693176,1.4622309191594929,383.57933074693176,20.502886,363.0764447,-4.882352941,0.038627788,0.940709728,0.009244493,0.011417991628067134,3.3165839818639204,1.74743442000507e-05,22502316.408699717,30760.729607316585,108819.46786836241,6.342532683414902,22.437435365573037,0.000206147,0.000206147,GOOD,187.2098036,383.5793307
6,Almonds,Sacramento River,42492.44889,5165.974452,0.856578131,3.971676207,962.6735903,198.5838104,414.244587,1333.209787,0.4,0.17,50,1516.3489662379095,1.448869427173648,1516.3489662379095,20.502886,1495.84608,-4.882352941,0.014490099332559563,0.97529588,0.002421295,0.007792725,0.40519065141912164,5.8833982632343404e-05,3430119.375635353,42491.93311054751,168764.19971229776,0.5157794524930068,2.048521278775297,1.2138143740037262e-05,1.2138216617460705e-05,GOOD,5165.974452,1516.348966
6,Beans Dry,Sacramento River,2816.036415,1054.225767,1.083582552,2.293810917,97.28999715,114.6905459,81.16275023,575.7448786,1.68,0.17,50,273.4524752,1.252109890082247,273.4524752,20.502886,252.9495892,-4.882352941,0.048570876,0.8653678256257594,0.010633110948499266,0.075428188,0.7343556186573437,0.000211374,913701.1242741275,2815.0285841599957,6457.143304,1.007830840004317,2.3117671267928017,0.00035789,0.000357889,GOOD,1054.225767,273.4524752
6,Berries,Sacramento River,13.28750641,5388.84825,4.3725,3.453441036,1065.939344,172.6720518,9818.188327,9126.397598,0.25,0.17,50,3379.5416523249987,1.1118507849498191,3379.5416523249987,20.502886,3359.038766,-4.882352941,0.045972228522866684,0.7581153754652817,0.10153321942496676,0.094379177,3.274425878827631,0.30103466192796363,269.2258115401808,13.28745040427701,45.88745291900386,5.6005722990803974e-05,0.000166983,4.214915971641963e-06,3.6389641375633274e-06,GOOD,5388.84825,3379.541652
6,Corn,Sacramento River,8042.790786,166.7194068,5.454093572,2.826875063,80.14758921,141.3437532,79.5524794,507.9998424,0.3,0.17,50,100.25958079553305,1.070403401938732,100.25958079553305,20.502886,79.7566948,-4.882352941,0.00772705,0.9671073986717985,0.003407326,0.021758226142328328,2.8055847504478146,0.00041445,13763.847513872182,8041.664811828185,22732.78173,1.1259741718149598,3.1829837382683763,0.000139998,0.000139998,GOOD,166.7194068,100.2595808
6,Cucurbits,Sacramento River,3209.13723,161.7514,13.41,1.97136542,99.31530719991646,96.32136948676522,1385.3923311586225,484.7674435832669,0.05,0.17,50,55.100711499999974,0.9772046167550735,103.28982257142881,20.502886,82.78693657,-4.882352941,0.042365651,0.5665754677629987,0.28969181299321867,0.10136706870195988,11.407597285715426,0.006232205,6.022599061975136e-05,3207.078525875733,6321.158102523257,2.058704124267024,5.224060733,0.000641513,0.000825758,GOOD,161.7514,103.2898226
6,Field and Grain,Sacramento River,48027.61397,173.2298426,2.485487486,1.383894155,81.68685006672595,69.33923636310766,48.91146320881593,210.12017034615968,0.74,0.17,50,21.357597944049672,1.002088723513796,20.502885999240448,20.502886,0,-4.882352941,0.14613647964219814,0.4834352121835228,0.069945861,0.30048244743860614,2.250317715200817,2.8136966208553696e-05,751606.3584684704,48058.02444202941,66511.74214,-30.41047203,-46.60789173,0.000633187,0.000701238,GOOD,173.2298426,20.502886
6,Grapes,Sacramento River,3937.795411,730.6198686,7.837965954,2.661751325,3142.1571406119238,125.73214139727372,1141.918156826933,1044.0722329760158,0.13,0.17,50,-46.36207985,0.9447324415046452,272.6939835906081,20.502886,252.1910976,-4.882352941,0.15921434180773752,0.7388658354966846,0.0532409,0.048678923,5.9821152371441615,0.001953455,792.9140493773458,3936.673637,10476.10563027691,1.1217736017001698,5.326522531258888,0.000284874,0.000508187,GOOD,730.6198686,272.6939836
6,Lettuce,Sacramento River,29.46165931,479.2433265,17.02508876,3.319237614,664.4199675656041,156.13694158999436,4093.8141483063173,2856.2576771096647,0.25,0.17,50,-100.4364743,0.9408000254723214,388.5314367285801,20.502886,368.0285507,-4.882352941,0.015937802,0.8788637332260529,0.061965253,0.043233211,11.095631648888782,0.13576967807248735,139.2796572899204,29.390696063929163,97.53435631777296,0.070963246,0.25589143483233556,0.002408664,0.002616738,GOOD,479.2433265,388.5314367
6,Onions and Garlic,Sacramento River,158.0376387,248.2454,30.0225,2.113494575,1196.627996,105.67472874999999,2086.336507,3108.934795,0.41,0.17,50,955.3734948,1.0924146811331945,955.3734948,20.502886,934.8706088,-4.882352941,0.18830895179500232,0.35708351313803943,0.1825629965469467,0.27204453852001137,27.505749159995357,0.015433186741506932,12049.654862219902,158.03537078987532,334.00690594296753,0.00226791,0.004786095,1.4350442991568963e-05,1.432912501743752e-05,GOOD,248.2454,955.3734948
6,Orchards,Sacramento River,4275.274872,2061.666385,2.066393172,3.327741402,607.0648734,166.3870701,1472.781853,1550.82325,0.13,0.17,50,463.1562944059234,1.0685501927599292,463.1562944059234,20.502886,442.6534084,-4.882352941,0.0169775,0.9350574076633492,0.023363539,0.024601552544906445,1.1899806627397258,0.001799255,266.22778052769297,4275.235370887489,14226.87775196482,0.039501112511061365,0.13144451983134786,9.239432245576879e-06,9.239083071923962e-06,GOOD,2061.666385,463.1562944
6,Pasture,Sacramento River,23375.03186,173.2298426,2.485487486,3.965593094,81.51658446,39.65593094,48.80951363,209.6822022,0.74,0.17,10,50.89637475404967,1.0800536006679988,50.89637475404967,20.502886,30.39348875,-4.882352941,0.003957014,0.9883182481846073,0.001458618,0.00626612,1.0190485612869495,5.7811743720607335e-05,501151.08630465274,23363.496824605267,92650.12163938487,11.535035394732404,45.743276661101845,0.000493477,0.000493477,GOOD,173.2298426,50.89637475
6,Pistachios,Sacramento River,4222.585928,3834.493456,1.253131426,3.663925668,1252.751973,183.1962834,250.122497,1240.024825,0.4,0.17,50,1879.0286741049485,1.563964227857457,1879.0286741049485,20.502886,1858.525788,-4.882352941,0.028878379,0.9573808631312172,0.002306398,0.01143436,0.6618672354925599,0.000592054,431361.1887523789,4222.545427141276,15471.092579622125,0.040500859,0.14838731267627736,9.591482426795156e-06,9.591170675539946e-06,GOOD,3834.493456,1879.028674
6,Rice,Sacramento River,14404.07892,370.9204664,4.450435008,4.534377778,205.9918082,226.71888889999997,117.9897276,946.9605361,0.2,0.17,50,153.0964681,1.0497368719543454,153.0964681,20.502886,132.5935821,-4.882352941,0.000983254,0.9961007043848784,0.000323079,0.002592963,1.4727583910155857,0.000347124,6572.207898308733,14403.44409414202,65310.65682633558,0.634825858,2.8785410706550465,4.407264508240448e-05,4.4072657443246295e-05,GOOD,370.9204664,153.0964681
6,Safflower,Sacramento River,6845.820131,429.9064999,1.059039203,2.357007476,89.05078906,23.57007476,51.42369509,193.1524157,0.74,0.17,10,98.09086240861554,1.2139169552056832,98.09086240861554,20.502886,77.58797641,-4.882352941,0.094429485,0.7821602735576709,0.025947794,0.097462447,0.7835707889042941,0.000197398,218548.99233034314,6843.551637791827,16130.302397011048,2.2684932081738225,5.346831107,0.000331369,0.000331368,GOOD,429.9064999,98.09086241
6,Subtropical,Sacramento River,2569.44967,942.1801854,4.535541375,2.972946835,863.7792973,148.6473418,1846.907779,684.4007169,0.13,0.17,50,729.5620786368713,1.1484512005269143,729.5620786368713,20.502886,709.0591926,-4.882352941,0.046192938,0.8804212960750111,0.053544142,0.019841623709938954,2.957087416736654,0.002993757,239.74017177171308,2569.4338258541597,7638.790166006212,0.015844145840219426,0.047098112083403976,6.166357732245219e-06,6.1656127045194e-06,GOOD,942.1801854,729.5620786
6,Sunflowers,Sacramento River,19463.68413,3239.762235,0.609912532,2.873453662,409.0470283,143.6726831,350.2383501,767.1265354,0.74,0.17,50,305.88699092682907,1.1268157949515534,305.88699092682907,20.502886,285.3841049,-4.882352941,0.026786339003885423,0.9313494975780571,0.013122334265315713,0.028741829,0.35785297858380155,6.942937124983806e-05,2589414.143927313,19462.13670326738,55923.54798067912,1.5474267326208064,4.446458681,7.950328017477986e-05,7.950327425906064e-05,GOOD,3239.762235,305.8869909
6,Tomatoes,Sacramento River,26420.49272,77.35725946,46.64298895,2.666779844,307.3158515,133.3389922,744.6913332,1960.523005,0.74,0.17,50,462.30461629506283,1.0923391277845722,462.30461629506283,20.502886,441.8017303,-4.882352941,0.039469633,0.8217946893853108,0.038191154,0.10054452386355113,33.014897127616564,5.114784821285314e-05,3791736.8335462036,26418.545552050808,70452.44478471133,1.9471679491907707,5.192669533396838,7.369915352550513e-05,7.369917188564496e-05,GOOD,77.35725946,462.3046163
6,Truck,Sacramento River,3051.29663,750.0942005,17.60330131,2.662234731,736.5300735,133.1117366,4084.707976,3313.645347,0.41,0.17,50,4936.139089235053,1.5209691979277695,4936.139089235053,20.502886,4915.636203,-4.882352941,0.19604696699087185,0.5482665672393401,0.14116716254119138,0.1145193032285967,14.990241570903272,0.00079934,616919.3349329212,3051.280117403849,8123.223908056355,0.016512596,0.043954913,5.411665319059085e-06,5.410988981526779e-06,GOOD,750.0942005,4936.139089
6,Walnuts,Sacramento River,27815.58803,1949.323208,2.037882063,4.942462794,1016.733954,247.1231397,356.2595846,1085.072261,0.13,0.17,50,1267.3018612728183,1.3985435608623673,1267.3018612728183,20.502886,1246.798975,-4.882352941,0.003758739,0.9938693239131875,0.000586281,0.001785656,0.7273296470272367,0.000276547,3735.008812,27815.468847772514,137476.91986881846,0.1191822274849983,0.5890626882901415,4.284727950257836e-06,4.284793148118657e-06,GOOD,1949.323208,1267.301861
7,Alfalfa,Sacramento River,3440.350038,187.2098036,5.87624882,3.537610105,310.085831,35.37610105,166.0095709,205.0405538,1.86,0.17,10,383.57933074693176,1.4622309191594929,383.57933074693176,20.502886,363.0764447,-4.882352941,0.038627788,0.9407097278971249,0.009244493,0.011417991628067139,3.316583981863921,0.000156273,2516191.490678453,3439.5448313915053,12167.768564856588,0.805206608,2.848494309346279,0.000234048,0.000234047,GOOD,187.2098036,383.5793307
7,Almonds,Sacramento River,4182.790125,5165.974452,0.856578131,3.971676207,962.6735903,198.5838104,414.244587,1333.209787,0.4,0.17,50,1516.3489662379095,1.448869427173648,1516.3489662379095,20.502886,1495.84608,-4.882352941,0.014490099332559563,0.9752958800682339,0.002421295,0.007792725,0.4051906514191217,0.000597687,337647.5074223175,4182.732482306535,16612.45908134261,0.057642693,0.2289369944446662,1.3780919372765076e-05,1.3780851972418067e-05,GOOD,5165.974452,1516.348966
7,Beans Dry,Sacramento River,431.3635937,1054.225767,1.083582552,2.293810917,97.28999715,114.6905459,81.16275023,575.7448786,1.68,0.17,50,273.4524752,1.252109890082247,273.4524752,20.502886,252.9495892,-4.882352941,0.048570875558332255,0.8653678256257594,0.010633111,0.075428188,0.7343556186573437,0.001379899,139961.75562048543,431.1883172,989.0644759670586,0.17527647559302295,0.4020444583538847,0.000406331,0.000406324,GOOD,1054.225767,273.4524752
7,Berries,Sacramento River,26.95790066,5388.84825,4.3725,3.453441036,1065.939344,172.6720518,9818.188327,9126.397598,0.25,0.17,50,3379.5416523249987,1.1118507849498191,3379.5416523249987,20.502886,3359.038766,-4.882352941,0.045972229,0.7581153754652818,0.10153321942496671,0.094379177,3.274425878827631,0.1483795066407074,546.2095338780781,26.95777165618318,93.09708158301164,0.000129004,0.000438801,4.785380673630576e-06,4.713344050847276e-06,GOOD,5388.84825,3379.541652
7,Corn,Sacramento River,1311.538028,166.7194068,5.454093572,2.826875063,80.14758921,141.3437532,79.5524794,507.9998424,0.3,0.17,50,100.25958079553305,1.070403401938732,100.25958079553305,20.502886,79.7566948,-4.882352941,0.00772705,0.9671073986717986,0.003407326,0.021758226,2.8055847504478146,0.002541545,2244.4708443068316,1311.3295592582676,3706.9648365001153,0.2084687417323039,0.5893090292802299,0.00015895,0.000158948,GOOD,166.7194068,100.2595808
7,Cucurbits,Sacramento River,257.0286545,161.7514,13.41,1.97136542,99.31530719991646,96.32136948676522,1385.3923311586225,484.7674435832669,0.05,0.17,50,55.100711499999974,0.9772046167550735,103.28982257142881,20.502886,82.78693657,-4.882352941,0.042365651,0.5665754677629989,0.28969181299321867,0.10136706870195988,11.407597285715426,0.077812336,4.823665747358636e-06,256.8630454471243,506.2775767039793,0.16560905287570904,0.4198247264480983,0.000644321,0.000828551,GOOD,161.7514,103.2898226
7,Field and Grain,Sacramento River,15137.14047,173.2298426,2.485487486,1.383894155,81.68685006672595,69.33923636310766,48.91146320881593,210.12017034615968,0.74,0.17,50,21.357597944049672,1.002088723513796,20.502885999240448,20.502886,0,-4.882352941,0.14613647964219814,0.483435212,0.069945861,0.30048244743860614,2.250317715200817,8.927388591191103e-05,236888.11676942883,15145.341707776468,20960.975279767583,-8.201237776,-12.77505992,0.000541796,0.00060984,GOOD,173.2298426,20.502886
7,Grapes,Sacramento River,60.34087769,730.6198686,7.837965954,2.661751325,3142.1571406119238,125.73214139727372,1141.918156826933,1044.0722329760158,0.13,0.17,50,-46.36207985,0.9447324415046452,272.6939835906081,20.502886,252.1910976,-4.882352941,0.15921434180773752,0.7388658354966848,0.053240900151968654,0.048678923,5.9821152371441615,0.1274808717868965,12.150232472339331,60.323664788142494,160.53073643601454,0.017212901857504903,0.081674707,0.000285261,0.000508521,GOOD,730.6198686,272.6939836
7,Orchards,Sacramento River,1810.380733,2061.666385,2.066393172,3.327741402,607.0648734,166.3870701,1472.781853,1550.82325,0.13,0.17,50,463.1562944059234,1.0685501927599292,463.1562944059234,20.502886,442.6534084,-4.882352941,0.016977500365982105,0.9350574076633491,0.023363539,0.024601553,1.1899806627397256,0.004249,112.73512438072026,1810.3617422494822,6024.415726848601,0.018990751,0.063191739,1.0489920805949658e-05,1.0489162541881854e-05,GOOD,2061.666385,463.1562944
7,Pasture,Sacramento River,7086.828774,173.2298426,2.485487486,3.965593094,81.51658446,39.65593094,48.80951363,209.6822022,0.74,0.17,10,50.89637475404967,1.0800536006679988,50.89637475404967,20.502886,30.39348875,-4.882352941,0.003957014,0.988318248,0.001458618,0.00626612,1.0190485612869495,0.000190685,151938.69937019068,7082.858109,28087.733187475005,3.970665360409839,15.746057059877785,0.000560288,0.000560289,GOOD,173.2298426,50.89637475
7,Pistachios,Sacramento River,353.2080829,3834.493456,1.253131426,3.663925668,1252.751973,183.1962834,250.122497,1240.024825,0.4,0.17,50,1879.0286741049485,1.563964227857457,1879.0286741049485,20.502886,1858.525788,-4.882352941,0.028878379095081147,0.9573808631312172,0.002306398,0.011434359879822583,0.6618672354925599,0.007077981,36082.21623304117,353.20423661054883,1294.114074669593,0.003846289,0.014086413,1.0889585027640593e-05,1.0884866903038928e-05,GOOD,3834.493456,1879.028674
7,Rice,Sacramento River,51878.90295,370.9204664,4.450435008,4.534377778,205.9918082,226.71888889999997,117.9897276,946.9605361,0.2,0.17,50,153.0964681,1.0497368719543454,153.0964681,20.502886,132.5935821,-4.882352941,0.000983254,0.9961007043848785,0.000323079,0.002592963,1.4727583910155855,9.637829089830434e-05,23670.998862007225,51876.30702841975,235226.77371614208,2.595921580250433,11.77096736,5.0038097042112435e-05,5.003842959667528e-05,GOOD,370.9204664,153.0964681
7,Safflower,Sacramento River,206.5091157,429.9064999,1.059039203,2.357007476,89.05078906,23.57007476,51.42369509,193.1524157,0.74,0.17,10,98.09086240861554,1.2139169552056832,98.09086240861554,20.502886,77.58797641,-4.882352941,0.094429485,0.7821602735576708,0.025947794,0.097462447,0.7835707889042941,0.006543785,6592.6884258749205,206.43142145368282,486.56043764083967,0.077694246,0.1830919262093289,0.000376227,0.000376157,GOOD,429.9064999,98.09086241
7,Subtropical,Sacramento River,185.8814697,942.1801854,4.535541375,2.972946835,863.7792973,148.6473418,1846.907779,684.4007169,0.13,0.17,50,729.5620786368713,1.1484512005269143,729.5620786368713,20.502886,709.0591926,-4.882352941,0.046192938204410276,0.8804212960750111,0.053544142,0.019841623709938958,2.957087416736654,0.041382865,17.34350199397229,185.88016835977996,552.6118645400688,0.00130134,0.00386249,7.0009141962286875e-06,6.989467555253888e-06,GOOD,942.1801854,729.5620786
7,Sunflowers,Sacramento River,247.4237138,3239.762235,0.609912532,2.873453662,409.0470283,143.6726831,350.2383501,767.1265354,0.74,0.17,50,305.88699092682907,1.1268157949515534,305.88699092682907,20.502886,285.3841049,-4.882352941,0.026786339003885426,0.9313494975780572,0.013122334265315717,0.028741829152741743,0.35785297858380155,0.005461689,32916.81368118993,247.40138043518772,710.8964091261305,0.022333364812283207,0.064167358,9.026363912044395e-05,9.025445325922329e-05,GOOD,3239.762235,305.8869909
7,Tomatoes,Sacramento River,188.6409119,77.35725946,46.64298895,2.666779844,307.3158515,133.3389922,744.6913332,1960.523005,0.74,0.17,50,462.30461629506283,1.0923391277845722,462.30461629506283,20.502886,441.8017303,-4.882352941,0.039469632997291976,0.821794689,0.038191154,0.10054452386355112,33.014897127616564,0.007163618,27072.799192102808,188.62512758047532,503.02169465952824,0.015784319524669854,0.042086949,8.367389324876273e-05,8.366125869153091e-05,GOOD,77.35725946,462.3046163
7,Truck,Sacramento River,129.9083724,750.0942005,17.60330131,2.662234731,736.5300735,133.1117366,4084.707976,3313.645347,0.41,0.17,50,4936.139089235053,1.5209691979277695,4936.139089235053,20.502886,4915.636203,-4.882352941,0.19604696699087182,0.5482665672393402,0.14116716254119135,0.11451930322859669,14.990241570903272,0.018774959189958283,26265.223090822954,129.90757423446823,345.84446218026864,0.000798166,0.002118671,6.144065367122957e-06,6.126042038499777e-06,GOOD,750.0942005,4936.139089
7,Walnuts,Sacramento River,13209.02375,1949.323208,2.037882063,4.942462794,1016.733954,247.1231397,356.2595846,1085.072261,0.13,0.17,50,1267.3018612728183,1.3985435608623673,1267.3018612728183,20.502886,1246.798975,-4.882352941,0.003758739,0.9938693239131875,0.000586281,0.001785656,0.7273296470272368,0.000582352,1773.675251928449,13208.959493028782,65284.790826612705,0.064256971,0.3176028246525675,4.864626821352218e-06,4.86485865296287e-06,GOOD,1949.323208,1267.301861
8,Alfalfa,San Joaquin River,11126.75492,205.8588937,7.063149253,4.134965358,409.846448,41.349653579999995,219.4180648,271.0060707,1.86,0.17,10,512.3918541805614,1.4706283549537853,512.3918541805614,64.81689691,447.5749573,-4.882352941,0.021099393684595357,0.9676804565093561,0.005019948,0.006200202,3.517826650595585,4.831906629270401e-05,10365353.811858218,11126.828109328364,46009.04361264412,-0.073189328,-0.297471488,6.5777784170522474e-06,6.465542163425859e-06,GOOD,205.8588937,512.3918542
8,Almonds,San Joaquin River,24326.57025,5157.824281,1.067695081,4.125499535,1198.04631,206.2749768,515.5269696,1659.178231,0.4,0.17,50,1927.9571261360625,1.4654114232167907,1927.9571261360625,64.81689691,1863.140229,-4.882352941,0.014610797,0.9752247306488443,0.002409549,0.007754923,0.5045533819266457,0.000102768,2445087.832923549,24326.579888755427,100359.29174152539,-0.009638755,-0.037487006,3.9622336099105126e-07,3.735281397957097e-07,GOOD,5157.824281,1927.957126
8,Beans Dry,San Joaquin River,1370.959546,1415.3103,1.200351344,2.212101358,144.6880326,110.6050679,120.7038647,856.238012,1.68,0.17,50,466.6346435820433,1.3130377706758296,466.6346435820433,64.81689691,401.8177467,-4.882352941,0.088284039,0.7706310994256601,0.017431423934428772,0.12365343738612299,0.90016448,0.000434176,694096.8291360768,1370.9723772179184,3032.729789769615,-0.012831218,-0.0283163,9.359297257008003e-06,9.336988885642192e-06,GOOD,1415.3103,466.6346436
8,Berries,San Joaquin River,166.6805916,5010.1193,4.8075,3.460572945,1089.617527,173.0286473,10036.28409,9329.126312,0.25,0.17,50,3458.091958500004,1.112038305495303,3458.091958500004,64.81689691,3393.275062,-4.882352941,0.04634968,0.7562805043499469,0.10228853901636062,0.095081276,3.6056528841918865,0.023997994977118856,3421.4125766744082,166.6806198260764,576.8104338326273,-2.82E-05,-8.81E-05,1.69342309804282e-07,1.5271063296996002e-07,GOOD,5010.1193,3458.091959
8,Corn,San Joaquin River,25401.78072,44.88630607,26.76544219,2.415829265,105.8936729,120.7914633,105.1073939,671.1863659,0.3,0.17,50,198.4229342892312,1.1407939129085103,198.4229342892312,64.81689691,133.6060374,-4.882352941,0.030309024496526064,0.8923744373112358,0.010468382274320558,0.066848156,17.32677169346654,0.000131224,65109.166657594404,25401.877552333015,61366.59768779966,-0.096832333,-0.232441311,3.812029325171236e-06,3.7877640292623437e-06,GOOD,44.88630607,198.4229343
8,Cucurbits,San Joaquin River,3813.429114,252.19315,13.35,2.299627126,155.96046449341188,113.67724543155478,2175.5602197305484,761.2578346301987,0.05,0.17,50,123.53817229999996,0.9886580667474244,160.32278821428608,64.81689691,95.50589131,-4.882352941,0.031762986,0.6733048325738873,0.21848228602230493,0.076449896,10.691978016303098,0.005244624,9.882707286931721e-05,3812.4400353566316,8766.592743686722,0.9890786433684298,2.8722899458243774,0.000259367,0.000327533,GOOD,252.19315,160.3227882
8,Field and Grain,San Joaquin River,28688.94944,187.333843,2.812754652,0.483631303,99.76076638,24.18156515,59.73354402,256.6110606,0.74,0.17,50,86.63720222528774,1.1397851526700795,86.63720222528774,64.81689691,21.82030532,-4.882352941,0.37024901181642006,0.001384284,0.11865089416575453,0.5097158103128504,2.839144146675225,4.710354954535942e-05,668232.9662476873,28689.483006024333,13875.131733711427,-0.533566024,-0.257734343,1.859831171052758e-05,1.8575616839295324e-05,GOOD,187.333843,86.63720223
8,Grapes,San Joaquin River,103788.0223,447.1747228,10.57632504,3.098484515,1478.428428,154.9242258,1571.365603,1181.295692,0.13,0.17,50,343.4512692546987,1.0269581084801613,343.4512692546987,64.81689691,278.6343723,-4.882352941,0.042068194,0.8943713581525448,0.036283687,0.027276760614338553,6.719687444,7.411556287365245e-05,10818.102427260968,103788.04563556903,321585.64497388096,-0.023335569,-0.065034856,2.2483874836161155e-07,2.0223187953705395e-07,GOOD,447.1747228,343.4512693
8,Lettuce,San Joaquin River,170.9219319,479.2433265,17.02508876,3.326092372,664.3923981,156.45289728960964,4093.644279594328,2856.139159562179,0.25,0.17,50,-100.7792122,0.9407609879188866,388.5314367285805,64.81689691,323.7145398,-4.882352941,0.015768261,0.8801539394920446,0.061305146,0.042772654,11.07142029843673,0.023402497008635788,773.3281560614661,170.4938917403039,566.9596865139204,0.42804015969610987,1.542447386173194,0.002504302,0.002713178,GOOD,479.2433265,388.5314367
8,Onions and Garlic,San Joaquin River,793.4878651,248.2454,30.0225,1.480822037,1196.627996,74.04110185,2086.336507,3108.934795,0.41,0.17,50,987.0071216499999,1.0977591532913127,987.0071216499999,64.81689691,922.1902247,-4.882352941,0.2770293660867202,0.0638666,0.26468546659013387,0.39441856769123645,29.68003297271422,0.003073802,60139.94287253867,793.4883333,1175.0149872145553,-0.000468199,-0.000670482,5.900523594545677e-07,5.706163597131117e-07,GOOD,248.2454,987.0071217
8,Orchards,San Joaquin River,20939.52151,3117.281059,2.261810582,3.445837194,1004.69895,172.2918597,2437.46994,2566.6293,0.13,0.17,50,869.6092366,1.0863701462459177,869.6092366,64.81689691,804.7923397,-4.882352941,0.023652602917364866,0.9131987787667725,0.030759354,0.032389265,1.3779913754390842,0.000367358,2247.7076242116927,20939.526078243132,72154.19617033604,-0.004568243,-0.014126615,2.1816368303871407e-07,1.9578373147670644e-07,GOOD,3117.281059,869.6092366
8,Pasture,San Joaquin River,28744.17211,187.333843,2.812754652,4.600187047,99.76076638,46.00187047,59.73354402,256.6110606,0.74,0.17,10,64.81689690528773,1.0859654809606532,64.81689690528773,64.81689691,0,-4.882352941,0.002065675,0.9939637657980914,0.000749738,0.003220821,1.0062729593898403,4.701305524403052e-05,549359.7871832657,28744.81798369315,132231.52352694512,-0.645873693,-2.955309784,2.246972675634463e-05,2.2350009716461313e-05,GOOD,187.333843,64.81689691
8,Pistachios,San Joaquin River,133.7007328,4636.170568,1.382293453,3.805829794,1670.783317,190.2914897,333.5859804,1653.809241,0.4,0.17,50,2560.0781950376904,1.5859235528837905,2560.0781950376904,64.81689691,2495.261298,-4.882352941,0.031098039200129116,0.9542940389084543,0.002451952,0.012155969761672419,0.7392956464716355,0.018698476423010302,18288.643350611004,133.70077175257893,508.84237233324933,-3.90E-05,-0.000139963,2.9134155151802696e-07,2.7506242088544856e-07,GOOD,4636.170568,2560.078195
8,Potatoes,San Joaquin River,276.4039181,960.1331262,14.27542043,3.305132031,1399.755757,165.2566016,1460.614703,8489.822961,0.41,0.17,50,2190.8540227252483,1.1335747083005903,2190.8540227252483,64.81689691,2126.037126,-4.882352941,0.051171741,0.8070191358952464,0.020816018013411763,0.1209931047002837,10.217095692131517,0.008824131,34860.21124914584,276.4040157331761,913.5517487996658,-9.76E-05,-0.000305593,3.532264548484295e-07,3.345114908219118e-07,GOOD,960.1331262,2190.854023
8,Rice,San Joaquin River,108.4576058,356.2897,4.3575,4.833919598,193.7346724,241.69597989999997,110.9689819,890.6135194,0.2,0.17,50,115.51921414999995,1.0289413505337868,115.51921414999995,64.81689691,50.70231724,-4.882352941,0.000582079,0.9975327399775928,0.000208866,0.001676315,1.3187587533505845,0.046100962335644695,35.72601085527954,108.45787448261845,524.2766350995097,-0.000268683,-0.001288871,2.4773054547214002e-06,2.4583851606945124e-06,GOOD,356.2897,115.5192142
8,Safflower,San Joaquin River,158.1579519,447.9696,1.4025,2.40565496,122.8862062,24.0565496,70.96245709,266.541912,0.74,0.17,10,143.8302391,1.2351387046038915,143.8302391,64.81689691,79.0133422,-4.882352941,0.1133877265476026,0.7431308579494319,0.030167887361856743,0.11331352814110868,1.0702207222186673,0.008544315,6117.495585432603,158.1597160594385,380.4776782200738,-0.001764159,-0.004216768,1.1154415047113808e-05,1.1082950125602789e-05,GOOD,447.9696,143.8302391
8,Subtropical,San Joaquin River,2103.150231,826.2221391,4.405931004,3.247465856,735.8244443,162.3732928,1573.318433,583.0178829,0.13,0.17,50,585.7436858518913,1.1350114681006451,585.7436858518913,64.81689691,520.9267889,-4.882352941,0.024233407206327533,0.9362261598604182,0.028849716773760355,0.010690716159493685,2.5308378724351774,0.003657517,156.79643515966066,2103.1508919100866,6829.910558345946,-0.00066091,-0.001993135,3.1424768270903705e-07,2.918245411882119e-07,GOOD,826.2221391,585.7436859
8,Sunflowers,San Joaquin River,31.62485663,3239.762235,0.609912532,2.945560199,409.0470283,147.27801,350.2383501,767.1265354,0.74,0.17,50,302.28166407682903,1.1243884999174525,302.28166407682903,64.81689691,237.4647672,-4.882352941,0.023255015,0.9402156880893158,0.011450118827328297,0.025079178,0.3479998921609683,0.042730671,3916.9885583237938,31.624966669113146,93.15324425634222,-0.000110039,-0.000325268,3.479513423042758e-06,3.491763183407014e-06,GOOD,3239.762235,302.2816641
8,Tomatoes,San Joaquin River,2536.156703,395.6381338,28.03035237,2.379660861,291.4439575,118.9830431,4554.566446,2199.660588,0.973286429,0.17,50,3925.2222668732065,1.474151704018707,3925.2222668732065,64.81689691,3860.40537,-4.882352941,0.2199621603423662,0.42770396,0.23758870671200252,0.11474517289505431,25.05786886157046,0.00040512,3668122.8525545215,2536.158512468547,6035.197019083293,-0.001809469,-0.004175591,7.134687477473655e-07,6.918737311400367e-07,GOOD,395.6381338,3925.222267
8,Truck,San Joaquin River,1352.551035,548.8387,13.5325,2.667732673,393.2180654,133.38663365000002,2180.74051,1769.086233,0.41,0.17,50,2950.728265700001,1.580161681804525,2950.728265700001,64.81689691,2885.911369,-4.882352941,0.14319927075975744,0.6876555776077018,0.093386801,0.075758351,10.702403486344547,0.001803277,158650.4262996153,1352.5515493873902,3608.245882990645,-0.000514387,-0.001295021,3.803090433772726e-07,3.5890615143962677e-07,GOOD,548.8387,2950.728266
8,Walnuts,San Joaquin River,66387.24406,2092.008952,1.920558157,4.952669773,1028.336919,247.6334887,360.3252181,1097.455103,0.13,0.17,50,1284.0741285306221,1.3997252287250195,1284.0741285306221,64.81689691,1219.257232,-4.882352941,0.003759537,0.9938703917157246,0.00058582,0.001784252,0.6853457099516486,0.00011587,8851.54541,66387.25568296626,328794.1468716342,-0.011622966,-0.049902898,1.7507830655937193e-07,1.5177553014469537e-07,GOOD,2092.008952,1284.074129
9,Alfalfa,Sacramento River,56667.16451,187.2098036,5.87624882,3.537610105,310.085831,35.37610105,166.0095709,205.0405538,1.86,0.17,10,383.57933074693176,1.4622309191594929,383.57933074693176,20.502886,363.0764447,-4.882352941,0.038627788,0.940709728,0.009244493,0.011417991628067135,3.3165839818639204,9.487582681276996e-06,41445037.73337788,56661.367934514725,200445.82773602795,5.796575485277572,20.506056245445507,0.000102292,0.000102292,GOOD,187.2098036,383.5793307
9,Almonds,Sacramento River,22244.317,5165.974452,0.856578131,3.971676207,962.6735903,198.5838104,414.244587,1333.209787,0.4,0.17,50,1516.3489662379095,1.448869427173648,1516.3489662379095,20.502886,1495.84608,-4.882352941,0.014490099332559564,0.97529588,0.002421295,0.007792725,0.40519065141912164,0.000112388,1795628.7465802217,22244.183018869197,88346.69244099336,0.13398113080256735,0.5321288722479949,6.023162266684446e-06,6.023153243791871e-06,GOOD,5165.974452,1516.348966
9,Beans Dry,Sacramento River,4720.093101,1054.225767,1.083582552,2.293810917,97.28999715,114.6905459,81.16275023,575.7448786,1.68,0.17,50,273.4524752,1.252109890082247,273.4524752,20.502886,252.9495892,-4.882352941,0.048570876,0.8653678256257594,0.010633111,0.075428188,0.7343556186573436,0.000126107,1531498.083650404,4719.254892251104,10825.078398179397,0.8382087488962497,1.9226861507868307,0.000177583,0.000177583,GOOD,1054.225767,273.4524752
9,Berries,Sacramento River,2005.395013,5388.84825,4.3725,3.453441036,1065.939344,172.6720518,9818.188327,9126.397598,0.25,0.17,50,3379.5416523249987,1.1118507849498191,3379.5416523249987,20.502886,3359.038766,-4.882352941,0.045972228522866705,0.758115375,0.1015332194249668,0.094379177,3.274425878827631,0.00199462,40632.46204172904,2005.390818642081,6925.498952205751,0.004194358,0.014479078202384699,2.091537024783001e-06,2.090686610609945e-06,GOOD,5388.84825,3379.541652
9,Corn,Sacramento River,78089.63557,166.7194068,5.454093572,2.826875063,80.14758921,141.3437532,79.5524794,507.9998424,0.3,0.17,50,100.25958079553305,1.070403401938732,100.25958079553305,20.502886,79.7566948,-4.882352941,0.00772705,0.9671073986717986,0.003407326,0.021758226142328328,2.8055847504478146,4.268598910729087e-05,133636.92591261305,78084.21132155372,220734.30979003425,5.424248446,15.333681556541706,6.94618230278655e-05,6.946186329182028e-05,GOOD,166.7194068,100.2595808
9,Cotton,Sacramento River,233.8499336,1657.32655,0.8275,2.633766816,203.7121439,131.6883408,107.2849489,610.6193958,0.68,0.17,50,318.1328907249999,1.2400314947457598,318.1328907249999,20.502886,297.6300047,-4.882352941,0.032348859,0.9231486844454491,0.006650529,0.037851928,0.49946796013017386,0.006288598,18319.432918251896,233.8381910478156,615.8752747984577,0.011742552184415445,0.030920241025796713,5.021404968410666e-05,5.020284139829854e-05,GOOD,1657.32655,318.1328907
9,Cucurbits,Sacramento River,5940.141836,161.7514,13.41,1.97136542,99.31530719991646,96.32136948676522,1385.3923311586225,484.7674435832669,0.05,0.17,50,55.100711499999974,0.9772046167550735,103.28982257142881,20.502886,82.78693657,-4.882352941,0.042365651,0.5665754677629987,0.2896918129932186,0.10136706870195988,11.407597285715424,0.003366923,0.000111479,5936.393239779235,11700.642782498646,3.748596220764739,9.547422887064386,0.000631062,0.000815309,GOOD,161.7514,103.2898226
9,Field and Grain,Sacramento River,45950.52421,173.2298426,2.485487486,1.383894155,81.68685006672595,69.33923636310766,48.91146320881593,210.12017034615968,0.74,0.17,50,21.357597944049672,1.002088723513796,20.502885999240448,20.502886,0,-4.882352941,0.14613647964219814,0.4834352121835228,0.069945861,0.3004824474386061,2.250317715200817,2.9408834275219495e-05,719101.0195253178,45995.24727286217,63656.88273976616,-44.72306286,-66.22086636,0.000973287,0.001041361,GOOD,173.2298426,20.502886
9,Grapes,Sacramento River,41430.611,730.6198686,7.837965954,2.661751325,3142.1571406119238,125.73214139727372,1141.918156826933,1044.0722329760158,0.13,0.17,50,-46.36207985,0.9447324415046452,272.6939835906081,20.502886,252.1910976,-4.882352941,0.1592143418077375,0.7388658354966849,0.0532409,0.048678922543608984,5.9821152371441615,0.000185667,8342.463258609241,41418.868282705516,110222.10091323768,11.742717294480826,55.88281157,0.000283431,0.000506745,GOOD,730.6198686,272.6939836
9,Lettuce,Sacramento River,39.19348551,479.2433265,17.02508876,3.319237614,664.4199675656041,156.13694158999436,4093.8141483063173,2856.2576771096647,0.25,0.17,50,-100.4364743,0.9408000254723214,388.5314367285801,20.502886,368.0285507,-4.882352941,0.015937802321636135,0.8788637332260526,0.061965253449620804,0.043233211,11.09563164888878,0.10205777689711781,185.28675429959216,39.09944169219504,129.75324673452522,0.094043818,0.33924459403075957,0.002399476,0.002607718,GOOD,479.2433265,388.5314367
9,Onions and Garlic,Sacramento River,1355.63945,248.2454,30.0225,2.113494575,1196.627996,105.67472874999999,2086.336507,3108.934795,0.41,0.17,50,955.3734948,1.0924146811331945,955.3734948,20.502886,934.8706088,-4.882352941,0.1883089517950024,0.3570835131380395,0.1825629965469468,0.2720445385200115,27.50574915999536,0.001799169,103361.37406556698,1355.6297965770761,2865.116226961709,0.009653423,0.020396269274442602,7.120936856586545e-06,7.118777202129353e-06,GOOD,248.2454,955.3734948
9,Orchards,Sacramento River,10263.74702,2061.666385,2.066393172,3.327741402,607.0648734,166.3870701,1472.781853,1550.82325,0.13,0.17,50,463.1562944059234,1.0685501927599292,463.1562944059234,20.502886,442.6534084,-4.882352941,0.0169775,0.9350574076633489,0.023363539425762515,0.024601552544906428,1.1899806627397258,0.000749464,639.1389257631632,10263.69996356334,34154.93931076996,0.047056437,0.15658733816962922,4.584722964125491e-06,4.584596648089127e-06,GOOD,2061.666385,463.1562944
9,Pasture,Sacramento River,55560.68015,173.2298426,2.485487486,3.965593094,81.51658446,39.65593094,48.80951363,209.6822022,0.74,0.17,10,50.89637475404967,1.0800536006679988,50.89637475404967,20.502886,30.39348875,-4.882352941,0.003957014,0.9883182481846075,0.001458618,0.00626612,1.0190485612869495,2.4322080789922643e-05,1191198.1716117265,55547.077080239906,220277.1052201015,13.603069760094513,53.94428068137495,0.000244833,0.000244833,GOOD,173.2298426,50.89637475
9,Pistachios,Sacramento River,197.6296771,3834.493456,1.253131426,3.663925668,1252.751973,183.1962834,250.122497,1240.024825,0.4,0.17,50,1879.0286741049485,1.563964227857457,1879.0286741049485,20.502886,1858.525788,-4.882352941,0.028878379095081123,0.9573808631312173,0.002306398,0.011434359879822576,0.6618672354925598,0.012649921998987063,20188.996482300783,197.62873648769093,724.0970068323794,0.000940612,0.003439853,4.759468936458757e-06,4.75051890689674e-06,GOOD,3834.493456,1879.028674
9,Potatoes,Sacramento River,1669.71946,960.1331262,14.27542043,4.38175,1399.755757,219.0875,1460.614703,8489.822961,0.41,0.17,50,2137.0231242752484,1.128300279801127,2137.0231242752484,20.502886,2116.520238,-4.882352941,0.011375736948171438,0.956619559,0.004697938,0.027306766,7.532060050535975,0.001460739,210017.50144092456,1669.712252548148,7316.261668519411,0.007207452,0.031575335589877795,4.316564563535816e-06,4.315755880397237e-06,GOOD,960.1331262,2137.023124
9,Rice,Sacramento River,7990.682377,370.9204664,4.450435008,4.534377778,205.9918082,226.71888889999997,117.9897276,946.9605361,0.2,0.17,50,153.0964681,1.0497368719543454,153.0964681,20.502886,132.5935821,-4.882352941,0.000983254,0.9961007043848785,0.000323079,0.002592963,1.472758391015586,0.000625729,3645.9412727930126,7990.507632,36231.98024660656,0.1747448961605187,0.7923547184545896,2.186858242088261e-05,2.186845393183114e-05,GOOD,370.9204664,153.0964681
9,Safflower,Sacramento River,13218.14247,429.9064999,1.059039203,2.357007476,89.05078906,23.57007476,51.42369509,193.1524157,0.74,0.17,10,98.09086240861554,1.2139169552056832,98.09086240861554,20.502886,77.58797641,-4.882352941,0.094429485,0.7821602735576709,0.025947794,0.097462447,0.7835707889042942,0.000102235,421981.8315435978,13215.969223472854,31150.138285161844,2.1732465271470573,5.122335461,0.000164414,0.000164413,GOOD,429.9064999,98.09086241
9,Subtropical,Sacramento River,2414.869276,942.1801854,4.535541375,2.972946835,863.7792973,148.6473418,1846.907779,684.4007169,0.13,0.17,50,729.5620786368713,1.1484512005269143,729.5620786368713,20.502886,709.0591926,-4.882352941,0.046192938,0.880421296,0.053544142,0.019841623709938964,2.9570874167366545,0.003185393,225.31718826563818,2414.861886880003,7179.2560096027055,0.00738912,0.021961420236038975,3.0598426466491205e-06,3.059001242838045e-06,GOOD,942.1801854,729.5620786
9,Sunflowers,Sacramento River,1524.679814,3239.762235,0.609912532,2.873453662,409.0470283,143.6726831,350.2383501,767.1265354,0.74,0.17,50,305.88699092682907,1.1268157949515534,305.88699092682907,20.502886,285.3841049,-4.882352941,0.026786339003885423,0.9313494975780574,0.013122334265315713,0.028741829152741736,0.3578529785838015,0.000886318,202840.70831414917,1524.6196651276266,4380.923966394383,0.060148872,0.17282852139669558,3.9450166402921014e-05,3.944868819087983e-05,GOOD,3239.762235,305.8869909
9,Tomatoes,Sacramento River,22554.66355,77.35725946,46.64298895,2.666779844,307.3158515,133.3389922,744.6913332,1960.523005,0.74,0.17,50,462.30461629506283,1.0923391277845722,462.30461629506283,20.502886,441.8017303,-4.882352941,0.039469632997291955,0.8217946893853106,0.038191153753845936,0.10054452386355106,33.014897127616564,5.991449831896745e-05,3236932.386428899,22553.838721758446,60146.12251063154,0.8248282415552239,2.19963271,3.657018601615203e-05,3.657014246736627e-05,GOOD,77.35725946,462.3046163
9,Truck,Sacramento River,2637.531344,750.0942005,17.60330131,2.662234731,736.5300735,133.1117366,4084.707976,3313.645347,0.41,0.17,50,4936.139089235053,1.5209691979277695,4936.139089235053,20.502886,4915.636203,-4.882352941,0.19604696699087182,0.5482665672393399,0.14116716254119135,0.1145193032285967,14.990241570903272,0.000924738,533263.1598669628,2637.5242612376223,7021.708698021779,0.007082762,0.018850076128728688,2.6853756235965657e-06,2.684535393834089e-06,GOOD,750.0942005,4936.139089
9,Walnuts,Sacramento River,6249.207146,1949.323208,2.037882063,4.942462794,1016.733954,247.1231397,356.2595846,1085.072261,0.13,0.17,50,1267.3018612728183,1.3985435608623673,1267.3018612728183,20.502886,1246.798975,-4.882352941,0.003758739,0.9938693239131876,0.000586281,0.001785656,0.7273296470272367,0.001230925,839.1281800091103,6249.193859206005,30886.408146257476,0.013286793994666368,0.065664846,2.1261567562488302e-06,2.126006576472495e-06,GOOD,1949.323208,1267.301861
BUTV,Alfalfa,North Coast,13525.59982,187.2098036,5.87624882,2.331077971,310.085831,23.31077971,166.0095709,205.0405538,1.86,0.17,10,395.6446520869317,1.487275092162402,395.6446520869317,25.29650484,370.3481472,-4.882352941,0.2790305829519428,0.5742642157273443,0.065636597,0.081068604,4.955027466757365,3.974939490721607e-05,9999166.812538875,13525.598632598307,31529.181939275437,0.001187402,0.045845688,8.778920776411359e-08,1.4540694888108708e-06,GOOD,187.2098036,395.6446521
BUTV,Berries,North Coast,2694.549509,5388.84825,4.3725,2.407763981,1065.939344,120.3881991,9818.188327,9126.397598,0.25,0.17,50,3431.825505074999,1.1147384752085128,3431.825505074999,25.29650484,3406.529,-4.882352941,0.1395621939891744,0.27260183311571506,0.3046508543453142,0.2831851185497965,4.100848677,0.001484478,55181.756953531025,2694.549503253929,6487.837497238356,5.746071110479534e-06,0.001755553,2.1324793221602425e-09,2.705913340493041e-07,GOOD,5388.84825,3431.825505
BUTV,Field and Grain,North Coast,6089.352314,173.2298426,2.485487486,1.305116017,81.51658446,65.25580085,48.80951363,209.6822022,0.74,0.17,50,25.296504844049664,1.011828383,25.296504844049664,25.29650484,0,-4.882352941,0.17661504080577942,0.39596988079202255,0.080706347,0.3467087314774878,2.318397696453569,0.00022192,95096.46233159731,6089.355001816156,7947.312243450678,-0.002687816,-0.001005293,4.413960660414316e-07,1.2649476466937653e-07,GOOD,173.2298426,25.29650484
BUTV,Onions and Garlic,North Coast,189.5076943,248.2454,30.0225,1.699157349,1196.627996,84.95786745000001,2086.336507,3108.934795,0.41,0.17,50,976.0903561,1.0959088763660068,976.0903561,25.29650484,950.7938512,-4.882352941,0.2556581985081434,0.13302754597540528,0.24549386824948122,0.3658203872669702,29.225971085143616,0.012870318533783684,14557.045439960255,189.5076949376433,322.0033085250546,-6.38E-07,8.293683583815437e-05,3.3647356575228983e-09,2.575651003600379e-07,GOOD,248.2454,976.0903561
BUTV,Pasture,North Coast,2425.138199,173.2298426,2.485487486,3.069359746,81.51658446,30.69359746,48.80951363,209.6822022,0.74,0.17,10,59.858708234049665,1.1061656885861173,59.858708234049665,25.29650484,34.56220339,-4.882352941,0.018294156934679933,0.9482566602159342,0.006316018,0.027133164786844962,1.3758234679132313,0.000557227,53930.77253733972,2425.136804269932,7443.606579616869,0.00139473,0.014986880668402591,5.751136445291952e-07,2.013385626138756e-06,GOOD,173.2298426,59.85870823
BUTV,Potatoes,North Coast,93.18973485,960.1331262,14.27542043,2.70089927,1399.755757,135.0449635,1460.614703,8489.822961,0.41,0.17,50,2221.0656607752485,1.1365565487851577,2221.0656607752485,25.29650484,2195.769156,-4.882352941,0.1174075746521214,0.5599427781926275,0.047361416,0.275288231,12.090756586498928,0.026172672,11985.58955153624,93.18973419966633,251.69602018121296,6.503336607011079e-07,6.664664556410571e-05,6.978597607857749e-09,2.647901538877999e-07,GOOD,960.1331262,2221.065661
BUTV,Truck,North Coast,100.98869,750.0942005,17.60330131,1.856129243,736.5300735,92.80646215,4084.707976,3313.645347,0.41,0.17,50,4976.444363635053,1.528420023363536,4976.444363635053,25.29650484,4951.147859,-4.882352941,0.3805481885999142,0.12663848155405016,0.27208737555737056,0.22072595428866523,17.146557688319685,0.024151460824414123,20546.448208427904,100.98869003842765,187.44801339913414,-3.84E-08,4.7322127556981286e-05,3.8051432580867534e-10,2.524546126265348e-07,GOOD,750.0942005,4976.444364
COAC,Alfalfa,Colorado River,416.3458734,199.736451,8.253403631,6.349688555,464.6688622,63.49688555,248.7681497,307.2567376,1.86,0.17,10,564.3149148764534,1.4480896946428952,564.3149148764534,28.94098446,535.3739304,-4.882352941,0.001945503,0.9970032182346444,0.000470347,0.000580931,2.5310304819475107,0.001291317,452370.3542229979,416.37712435167845,2643.7936153554033,-0.031250952,-0.126988106,7.506007306671742e-05,4.8034840942261364e-05,GOOD,199.736451,564.3149149
COAC,Beans Dry,Colorado River,142.8712045,989.2558964,1.380612025,2.712448276,116.3195893,27.12448276,97.0379078,688.3586163,1.68,0.17,10,436.93799021199413,1.400392614414118,436.93799021199413,28.94098446,407.9970058,-4.882352941,0.11336928321250903,0.7256933084769684,0.019884260892424066,0.1410531474180983,1.0636432981089565,0.004166257,69396.72433952904,142.89222478738697,387.57752237132945,-0.021020287,-0.046770035,0.000147128,0.000120687,GOOD,989.2558964,436.9379902
COAC,Berries,Colorado River,10.43353874,6318.852028,4.903289478,1.515428762,1401.62695,15.15428762,12910.1505,12000.49974,0.25,0.17,10,4655.729184,1.1207995008577172,4655.729184,28.94098446,4626.7882,-4.882352941,0.1948746568563822,0.003710615,0.41533981044978985,0.3860749173539341,4.900048423,0.38337903367961235,288.00290380073614,10.433559400771102,15.81107214390963,-2.07E-05,0.000212552,1.980226615121948e-06,1.3443064981438008e-05,GOOD,6318.852028,4655.729184
COAC,Corn,Colorado River,1233.116147,50.43552386,24.76768296,3.708931611,110.1041373,37.08931611,109.2865949,697.8735724,0.3,0.17,10,294.81744417599555,1.2465890029083504,294.81744417599555,28.94098446,265.8764597,-4.882352941,0.017213667850993705,0.9484730535832937,0.004645895,0.029667384,13.575826628251809,0.002703179,4961.835928706078,1233.1598262068358,4573.582964770864,-0.043679207,-0.039507128,3.5421810785683036e-05,8.638187962505304e-06,GOOD,50.43552386,294.8174442
COAC,Cucurbits,Colorado River,173.1444964,365.85,17.8725,2.811221224,306.3671659,28.11221224,4273.648587,1495.407224,0.05,0.17,10,435.11893586000014,1.020275864704989,435.11893586000014,28.94098446,406.1779514,-4.882352941,0.068143016,0.4016773057995015,0.3927508602054296,0.1374288179355664,16.102030847406215,0.11551045754175064,1.2714562654576961e-05,173.14505245624568,486.7363712370401,-0.000556056,0.011111861,3.2115155678190443e-06,2.2828801005362366e-05,GOOD,365.85,435.1189359
COAC,Field and Grain,Colorado River,12.44593083,223.9885825,2.362115684,3.976067248,100.1702431,39.760672480000004,59.97872552,257.6643428,0.74,0.17,10,71.51295986017797,1.1012259112632774,71.51295986017797,28.94098446,42.5719754,-4.882352941,0.005037885,0.985641171,0.00176002,0.007560923,1.0064514369923299,0.10857776487830212,340.3510619482015,12.448768546375826,49.49580155534591,-0.002837716,-0.009943611,0.000228004,0.000200938,GOOD,223.9885825,71.51295986
COAC,Grapes,Colorado River,7596.246812,1508.011287,11.85419447,4.088997246,2364.126279,40.889972459999996,7770.695391,5397.648302,0.13,0.17,10,2302.8991145929836,1.0932135832207428,2302.8991145929836,28.94098446,2273.95813,-4.882352941,0.08125044,0.6894956725062235,0.13528369022400522,0.093970198,9.333432974811563,0.001012646,2090.038487899851,7596.256140659045,31060.26120386734,-0.009328659,0.7710903369406878,1.2280616040248255e-06,2.4825006768515114e-05,GOOD,1508.011287,2302.899115
COAC,Lettuce,Colorado River,5341.049255,479.2433265,17.02508876,1.456538014,676.8260325605778,13.958974793571016,4170.253940727541,2909.5897864898907,0.25,0.17,10,50.96002626015968,0.9583666652981031,388.53143672857965,28.94098446,359.5904523,-4.882352941,0.12934506501926898,0.011091010550542589,0.5063105883794793,0.35325333605070913,16.992458966339825,0.000748917,25346.79055428225,5340.329436055358,7778.091859827347,0.7198189446417018,1.3494147265319043,0.000134771,0.000173459,GOOD,479.2433265,388.5314367
COAC,Onions and Garlic,Colorado River,150.7121,426.9855608,22.97465084,3.522556052,1575.045865,35.22556052,2746.112992,4092.094542,0.41,0.17,10,1361.3652135815898,1.105845062,1361.3652135815898,28.94098446,1332.424229,-4.882352941,0.11186719581746704,0.6276205391164407,0.10461749107735455,0.15589477398873766,18.780126426315263,0.016183335,15674.45323,150.71304958374938,530.8813471904477,-0.000949584,0.010472774,6.300647057460508e-06,1.9726757481763065e-05,GOOD,426.9855608,1361.365214
COAC,Orchards,Colorado River,9834.489349,1503.259449,11.50880315,3.064182243,2465.289127,30.641822429999998,5980.963891,6297.889837,0.13,0.17,10,2525.9324044884656,1.1152022700216426,2525.9324044884656,28.94098446,2496.99142,-4.882352941,0.2035099534642272,0.2958372634415854,0.2438652893784996,0.25678749371568754,10.714905591178098,0.000782177,2895.0075228996943,9834.501041080848,30133.918765337286,-0.011692081,0.7488668411388062,1.1888854045939886e-06,2.4850675317857185e-05,GOOD,1503.259449,2525.932404
COAC,Pasture,Colorado River,2027.849626,223.9885825,2.362115684,8.233264788,100.1702431,82.33264788,59.97872552,257.6643428,0.74,0.17,10,28.940984460177987,1.0074905495505533,28.940984460177987,28.94098446,0,-4.882352941,5.310874744647723e-05,0.9998162316204492,2.4671711717081803e-05,0.000105988,0.419949901,0.000666396,38915.42335909375,2028.410949319296,16699.930354729113,-0.561323319,-4.107433624,0.000276807,0.000246016,GOOD,223.9885825,28.94098446
COAC,Potatoes,Colorado River,125.0634267,316.2258,23.4875,5.581382827,758.5181794,55.813828269999995,791.4972307,4600.577654,0.41,0.17,10,1220.9465851300004,1.1397367432141163,1220.9465851300004,28.94098446,1192.005601,-4.882352941,0.007783492,0.9710142257505431,0.003112262,0.018090020761113223,11.39025854046338,0.019502299,8725.907327354695,125.0645185038494,698.0147059243307,-0.001091804,0.012156144822597525,8.730001073970551e-06,1.7415010056437083e-05,GOOD,316.2258,1220.946585
COAC,Subtropical,Colorado River,7524.643223,654.5088042,14.79755688,5.958172293,1957.695769,59.58172293,4185.888173,1551.146678,0.13,0.17,10,1930.8189156802828,1.1895232129022661,1930.8189156802828,28.94098446,1901.877931,-4.882352941,0.010445238498663408,0.9741440707484056,0.011244036307224183,0.004166654,7.0081057523174435,0.001022282,1722.8275964713746,7524.653603215569,44832.01001614197,-0.010380216,1.1107498468481936,1.3794960453844401e-06,2.477520698694764e-05,GOOD,654.5088042,1930.818916
COAC,Tomatoes,Colorado River,110.0197816,230.9595433,32.87764995,3.924449153,240.7834131,39.24449153,2570.781849,1711.860449,0.935120824,0.17,10,3030.736814599268,1.5849964791924862,3030.736814599268,28.94098446,3001.79583,-4.882352941,0.084626945,0.8045906337740106,0.066500403,0.044282019,23.557740190064543,0.009719893,114499.35573730335,110.02117973727823,431.76127601392994,-0.001398137,0.005762699,1.2708053569065465e-05,1.334677943966455e-05,GOOD,230.9595433,3030.736815
COAC,Truck,Colorado River,11205.8846,923.9057691,21.11899335,1.168233956,1033.026808,11.682339559999999,5729.043516,4647.582765,0.41,0.17,10,8090.6243650895385,1.6270268014917864,8090.6243650895385,28.94098446,8061.683381,-4.882352941,0.4672748012174352,0.001278315,0.2934173632153904,0.23802952,21.116051182815486,0.000217656,3645558.1746030995,11205.908990201844,13090.782921655764,-0.024390202,0.3119750817113527,2.1765530090014804e-06,2.3831091606333267e-05,GOOD,923.9057691,8090.624365
IMP,Alfalfa,Colorado River,145414.7643,199.736451,8.2534,6.3496,464.6688622,63.49688555,248.7681497,307.2567376,1.86,0.17,10,564.3149,1.4480,564.314,28.9409,535.37393,-4.882352941,0.001945,0.997003,0.000470347,0.000580931,2.53103,3.697e-06,15799.061214352,145417.0762,923334.7372,-2.3119,3.7273,1.58991e-05,4.0368e-,GOOD,199.736451,564.3149149
IMP,Beans Dry,Colorado River,19.98171416,989.2558964,1.380612025,2.712448276,116.3195893,27.12448276,97.0379078,688.3586163,1.68,0.17,10,436.93799021199413,1.400392614414118,436.93799021199413,28.94098446,407.9970058,-4.882352941,0.11336928321250898,0.7256933084769684,0.019884260892424056,0.14105314741809824,1.0636432981089565,0.029789141,9705.703218823104,19.982557306059448,54.20065604051555,-0.000843146,-0.001289916,4.219588233008159e-05,2.3799460971413192e-05,GOOD,989.2558964,436.9379902
IMP,Corn,Colorado River,26684.9055,50.43552386,24.76768296,3.708931611,110.1041373,37.08931611,109.2865949,697.8735724,0.3,0.17,10,294.81744417599555,1.2465890029083504,294.81744417599555,28.94098446,265.8764597,-4.882352941,0.017213667850993698,0.9484730535832938,0.004645895,0.029667383579534242,13.575826628251809,0.000124915,107375.22429347156,26685.16068826588,98971.37638421716,-0.255188266,1.1131612806057092,9.563019283724308e-06,1.1247178743482932e-05,GOOD,50.43552386,294.8174442
IMP,Cotton,Colorado River,58.78676481,2858.852174,0.790424805,5.971693969,335.6549753,59.716939690000004,176.7726076,1006.11301,0.68,0.17,10,681.4501395677761,1.3635940272564129,681.4501395677761,28.94098446,652.5091551,-4.882352941,0.002751023,0.9940495580730261,0.000478127,0.002721292,0.27824519785449914,0.025015634727426968,9077.143531338274,58.78714092510631,351.05156679758517,-0.000376115,0.005002075,6.397955518075978e-06,1.4248630439742614e-05,GOOD,2858.852174,681.4501396
IMP,Cucurbits,Colorado River,5430.479369,365.85,17.8725,2.811221224,306.3671659,28.11221224,4273.648587,1495.407224,0.05,0.17,10,435.11893586000014,1.020275864704989,435.11893586000014,28.94098446,406.1779514,-4.882352941,0.068143016,0.4016773057995015,0.3927508602054295,0.13742881793556636,16.102030847406215,0.003682916,0.000398778,5430.484342416423,15265.98327756961,-0.004973416,0.2955810573166673,9.15833775470654e-07,1.9361696458835176e-05,GOOD,365.85,435.1189359
IMP,Field and Grain,Colorado River,26717.79443,223.9885825,2.362115684,3.976067248,100.1702431,39.760672480000004,59.97872552,257.6643428,0.74,0.17,10,71.51295986017797,1.1012259112632774,71.51295986017797,28.94098446,42.5719754,-4.882352941,0.005037885,0.9856411714490859,0.00176002,0.007560923,1.0064514369923299,5.057870158002227e-05,730634.7617845669,26719.410480975424,106235.85340934033,-1.616050975,-4.10603742,6.0485942417766216e-05,3.8651698028855976e-05,GOOD,223.9885825,71.51295986
IMP,Lettuce,Colorado River,59161.48244,479.2433265,17.02508876,1.456538014,676.8260325605778,13.958974793571016,4170.253940727541,2909.5897864898907,0.25,0.17,10,50.96002626015968,0.9583666652981031,388.53143672857965,28.94098446,359.5904523,-4.882352941,0.12934506501926898,0.011091010550542589,0.5063105883794793,0.3532533360507091,16.992458966339825,6.761155797704517e-05,280760.13395377825,59153.03543,86155.81144592103,8.447010494,15.136692532440065,0.000142779,0.000175659,GOOD,479.2433265,388.5314367
IMP,Onions and Garlic,Colorado River,12685.46679,426.9855608,22.97465084,3.522556052,1575.045865,35.22556052,2746.112992,4092.094542,0.41,0.17,10,1361.3652135815898,1.105845062,1361.3652135815898,28.94098446,1332.424229,-4.882352941,0.11186719581746712,0.6276205391164406,0.1046174910773546,0.1558947739887378,18.78012642631527,0.000192269,1319321.779325204,12685.488625805927,44684.43920620813,-0.021835806,0.8286073513809242,1.7213245904100779e-06,1.8543188659808985e-05,GOOD,426.9855608,1361.365214
IMP,Orchards,Colorado River,1084.35938,1503.259449,11.50880315,3.064182243,2465.289127,30.641822429999998,5980.963891,6297.889837,0.13,0.17,10,2525.9324044884656,1.1152022700216426,2525.9324044884656,28.94098446,2496.99142,-4.882352941,0.20350995346422723,0.2958372634415855,0.24386528937849966,0.2567874937156876,10.714905591178098,0.007093873,319.20605648386294,1084.3597422282253,3322.6086873214895,-0.000362228,0.066069905,3.3404813188907013e-07,1.9884553809022036e-05,GOOD,1503.259449,2525.932404
IMP,Pasture,Colorado River,90296.36006,223.9885825,2.362115684,8.233264788,100.1702431,82.33264788,59.97872552,257.6643428,0.74,0.17,10,28.940984460177987,1.0074905495505533,28.940984460177987,28.94098446,0,-4.882352941,5.3108747446477264e-05,0.9998162316204492,2.4671711717081816e-05,0.000105988,0.4199499013121141,1.4965734504174999e-05,1732831.1894858736,90300.76980742427,743452.3691710255,-4.409747424,-18.52740446,4.8836380794627646e-05,2.492138966109945e-05,GOOD,223.9885825,28.94098446
IMP,Potatoes,Colorado River,679.2364573,316.2258,23.4875,5.581382827,758.5181794,55.813828269999995,791.4972307,4600.577654,0.41,0.17,10,1220.9465851300004,1.1397367432141163,1220.9465851300004,28.94098446,1192.005601,-4.882352941,0.007783492,0.9710142257505433,0.003112262,0.018090020761113237,11.390258540463382,0.003590833,47391.58790185715,679.2378509303381,3791.009378048679,-0.00139363,0.069320198,2.0517602127788223e-06,1.8285085427356566e-05,GOOD,316.2258,1220.946585
IMP,Safflower,Colorado River,115.8646159,447.9696,1.4025,2.346040268,122.8862062,23.460402679999998,70.96245709,266.541912,0.74,0.17,10,144.42638603000003,1.2366605040174456,144.42638603000003,28.94098446,115.4854016,-4.882352941,0.12651067419847414,0.7137590829337729,0.033584307,0.12614593539333457,1.093997156073416,0.011663192777661046,5291.181226909618,115.86950904380056,271.8288658504155,-0.004893144,-0.005811313,4.223156278169791e-05,2.137902788388286e-05,GOOD,447.9696,144.426386
IMP,Subtropical,Colorado River,7918.001989,654.5088042,14.79755688,5.958172293,1957.695769,59.58172293,4185.888173,1551.146678,0.13,0.17,10,1930.8189156802828,1.1895232129022661,1930.8189156802828,28.94098446,1901.877931,-4.882352941,0.010445238498663412,0.9741440707484055,0.011244036307224186,0.004166654,7.008105752317444,0.000971496,1812.8902502470746,7918.004472871775,47175.87639,-0.002483872,0.9436800496841897,3.136993117683453e-07,2.0003044892564033e-05,GOOD,654.5088042,1930.818916
IMP,Sunflowers,Colorado River,1171.057586,3239.762235,0.609912532,5.544757405,409.0470283,55.44757405,350.2383501,767.1265354,0.74,0.17,10,394.11209997682903,1.1896617349054122,394.11209997682903,28.94098446,365.1711155,-4.882352941,0.003353707,0.9919805754366198,0.001462471,0.003203247,0.22831132014173466,0.001153958,173695.62563473935,1171.0685601354553,6493.156202663897,-0.010974135,0.074018991,9.371132202715552e-06,1.1399409615981505e-05,GOOD,3239.762235,394.1121
IMP,Truck,Colorado River,18319.95294,923.9057691,21.11899335,1.168233956,1033.026808,11.682339559999999,5729.043516,4647.582765,0.41,0.17,10,8090.6243650895385,1.6270268014917864,8090.6243650895385,28.94098446,8061.683381,-4.882352941,0.4672748012174352,0.001278315,0.29341736321539036,0.23802952035939703,21.11605118281549,0.000133135,5959944.848866377,18319.965330914194,21401.57318704788,-0.012390914,0.417909782,6.763616825556564e-07,1.9526677693503666e-05,GOOD,923.9057691,8090.624365
OXNV,Alfalfa,South Coast,12.72970771,199.736451,8.253403631,4.861060872,464.6688622,48.61060872,248.7681497,307.2567376,1.86,0.17,10,579.2011917064534,1.4682492160208949,579.2011917064534,43.04461229,536.1565794,-4.882352941,0.009391934,0.9856053846246317,0.002238223,0.002764458,3.4838495253276127,0.042234623201898365,13841.974854825583,12.73329555344056,61.894073032428295,-0.003587843,-0.014188971,0.000281848,0.000229299,GOOD,199.736451,579.2011917
OXNV,Beans Dry,South Coast,108.3916919,989.2558964,1.380612025,1.559609211,116.3195893,77.98046055,97.0379078,688.3586163,1.68,0.17,50,386.08201242199414,1.3276983358082615,386.08201242199414,43.04461229,343.0374001,-4.882352941,0.2549358702694266,0.3465268924054187,0.049240375,0.34929686191766046,1.2807261503866072,0.005491547,46126.12649848237,108.45579050717755,169.1467989926046,-0.064098607,-0.098117909,0.000591361,0.000580412,GOOD,989.2558964,386.0820124
OXNV,Berries,South Coast,13412.30341,6318.852028,4.903289478,2.270858762,1401.62695,113.5429381,12910.1505,12000.49974,0.25,0.17,50,4557.340534,1.1166265385877292,4557.340534,43.04461229,4514.295922,-4.882352941,0.16063823614112002,0.1678355428248441,0.3480240176277979,0.3235022034062379,4.725757254976547,0.000298234,363318.8691150756,13412.393843303227,30457.335535251877,-0.090433303,0.11118194910159218,6.7425631871196925e-06,3.6504028106466877e-06,GOOD,6318.852028,4557.340534
OXNV,Corn,South Coast,26.40129758,50.43552386,24.76768296,2.879812638,110.1041373,143.9906319,109.2865949,697.8735724,0.3,0.17,50,187.91612838599556,1.1210187934544915,187.91612838599556,43.04461229,144.8715161,-4.882352941,0.011336536665346635,0.9579595083189065,0.004157206,0.026546749507380226,13.270280040108387,0.12625642066390183,72.04385895880537,26.406194798758932,76.04401064021755,-0.004897219,-0.01322021,0.000185492,0.00017388,GOOD,50.43552386,187.9161284
OXNV,Cucurbits,South Coast,279.8855846,365.85,17.8725,2.078707055,306.3671659,103.9353528,4273.648587,1495.407224,0.05,0.17,50,359.29579535000016,1.0077566813008978,359.29579535000016,43.04461229,316.2511831,-4.882352941,0.065673682,0.3651566970937721,0.42163415068455845,0.14753547044947832,16.337774776236003,0.071457771,1.7959027381809394e-05,279.8891835533343,581.8015049768919,-0.003598953,-0.001365676,1.2858659153287257e-05,2.3473285416380623e-06,GOOD,365.85,359.2957954
OXNV,Field and Grain,South Coast,3265.88907,223.9885825,2.362115684,1.364580401,100.1702431,68.22902005,59.97872552,257.6643428,0.74,0.17,50,43.04461229017798,1.0367251878383918,43.04461229017798,43.04461229,0,-4.882352941,0.1854901595922219,0.4031023556498756,0.077683724,0.3337237602690398,2.186160768881605,0.000413777,62674.00411419212,3269.802026380758,4461.854724082129,-3.912956381,-5.28650732,0.001198129,0.001186228,GOOD,223.9885825,43.04461229
OXNV,Grapes,South Coast,84.37665106,1508.011287,11.85419447,2.882762464,2364.126279,144.1381232,7770.695391,5397.648302,0.13,0.17,50,2199.6509638529838,1.086013538405822,2199.6509638529838,43.04461229,2156.606352,-4.882352941,0.10596792477476735,0.5882717412708577,0.18043046818962474,0.12532986576475016,9.900497539801549,0.091166307,22.628078403983533,84.37703367340227,243.23641267553907,-0.000382613,0.001429838,4.534588626821644e-06,5.878354453178237e-06,GOOD,1508.011287,2199.650964
OXNV,Lettuce,South Coast,4664.745011,479.2433265,17.02508876,2.182611413,669.0232757958767,103.38137364942969,4122.1773662739415,2876.046718852333,0.25,0.17,50,-43.60516425,0.9473181807230812,388.5314367285793,43.04461229,345.4868244,-4.882352941,0.081432188,0.3797014142598411,0.3174095087138563,0.22145688915229256,15.48128333079498,0.000857496,21669.37398888102,4658.302231695437,10165.923024203526,6.442779304563373,15.402675539884513,0.001381164,0.001512836,GOOD,479.2433265,388.5314367
OXNV,Onions and Garlic,South Coast,61.2668274,426.9855608,22.97465084,2.418056426,1575.045865,120.90282130000001,2746.112992,4092.094542,0.41,0.17,50,1275.687953,1.0947431116932151,1275.687953,43.04461229,1232.643341,-4.882352941,0.1524661124961904,0.4818052766315526,0.14687066528308987,0.21885794558916713,20.13143307446655,0.039809869284073665,6153.234222757721,61.26825084096873,148.1485408392703,-0.001423441,-0.001895144,2.3233469548582256e-05,1.2792352189641441e-05,GOOD,426.9855608,1275.687953
OXNV,Orchards,South Coast,19248.39291,1503.259449,11.50880315,2.23900313,2465.289127,111.95015649999999,5980.963891,6297.889837,0.13,0.17,50,2444.6240704184656,1.1090986976586834,2444.6240704184656,43.04461229,2401.579458,-4.882352941,0.2142359729985341,0.24999647471401198,0.26096950539394154,0.27479804689351217,10.86471108156873,0.000399634,5557.259324,19248.474993991127,43096.94658475873,-0.082083991,0.2653882010781672,4.264459454472792e-06,6.157897203296536e-06,GOOD,1503.259449,2444.62407
OXNV,Pasture,South Coast,2061.242519,223.9885825,2.362115684,5.664931619,100.1702431,56.64931619,59.97872552,257.6643428,0.74,0.17,10,54.62431615017798,1.062027434971836,54.62431615017798,43.04461229,11.57970386,-4.882352941,0.000573374,0.998250045,0.000222167,0.000954414,0.6587088044144515,0.0006556,44128.96105875417,2063.2779128317275,11687.650684349735,-2.035393832,-10.85276404,0.00098746,0.00092943,GOOD,223.9885825,54.62431615
OXNV,Subtropical,South Coast,24456.77659,654.5088042,14.79755688,3.277692314,1957.695769,163.88461569999998,4185.888173,1551.146678,0.13,0.17,50,1826.5160229102828,1.1737353535400794,1826.5160229102828,43.04461229,1783.471411,-4.882352941,0.059652096,0.8499126503646272,0.065983887,0.024451366772447424,10.069489833286475,0.000314527,5427.7882995961845,24456.90957780521,80161.38018454591,-0.132987805,0.40846971221617423,5.437666927196153e-06,5.095566342436855e-06,GOOD,654.5088042,1826.516023
OXNV,Tomatoes,South Coast,11.2406011,230.9595433,32.87764995,2.605312983,240.7834131,130.2656492,2570.781849,1711.860449,0.935120824,0.17,50,2939.715656979268,1.5539956664630459,2939.715656979268,43.04461229,2896.671045,-4.882352941,0.1483897891446182,0.6517986801555143,0.11994274109327567,0.07986879,26.582634669955542,0.095135529,11319.014929495597,11.241132230959632,29.28636572410853,-0.000531131,-0.001081742,4.7251117169612485e-05,3.6938059234640235e-05,GOOD,230.9595433,2939.715657
OXNV,Truck,South Coast,14889.51311,923.9057691,21.11899335,1.75058992,1033.026808,87.529496,5729.043516,4647.582765,0.41,0.17,50,8014.777208649539,1.616293271304502,8014.777208649539,43.04461229,7971.732596,-4.882352941,0.43558243703729616,0.064862516,0.2758095480405962,0.2237454992820331,20.850087311785884,0.000163808,4796027.148346899,14889.622352969736,26065.351683841436,-0.10924297,0.079880232,7.336906783276429e-06,3.0646042524580805e-06,GOOD,923.9057691,8014.777209
OXNV,Walnuts,South Coast,144.7119036,2131.866347,1.870657994,3.249985978,1020.701599,162.4992989,357.6498318,1089.306585,0.13,0.17,50,1357.8355094551284,1.4440537007918408,1357.8355094551284,43.04461229,1314.790897,-4.882352941,0.043155056755808274,0.9305920476857354,0.00648903,0.019763866,1.0924287455073205,0.053156012,20.049304009467427,144.71316477171388,470.31068595127954,-0.001261172,0.000971598,8.715051647473347e-06,2.0658607811035256e-06,GOOD,2131.866347,1357.835509
PALV,Alfalfa,Colorado River,45091.16623,199.736451,8.253403631,6.349688555,464.6688622,63.49688555,248.7681497,307.2567376,1.86,0.17,10,564.3149148764534,1.4480896946428952,564.3149148764534,28.94098446,535.3739304,-4.882352941,0.001945503,0.9970032182346444,0.000470347,0.000580931,2.5310304819475107,1.1923275744517164e-05,48992696.08034785,45091.28960251387,286314.9421997728,-0.123372514,-0.080057539,2.7360683739481775e-06,2.7961363472242985e-07,GOOD,199.736451,564.3149149
PALV,Almonds,Colorado River,6.098707983,5115.183836,1.143761761,5.171405369,1272.789667,51.71405369,547.6895131,1762.69055,0.4,0.17,10,2215.6678883120944,1.5329111753941231,2215.6678883120944,28.94098446,2186.726904,-4.882352941,0.021342641,0.9645222824585149,0.003350805,0.010784271186933056,0.5782668528832217,0.40992288972823243,692.7508077092309,6.098709136191957,31.538853729693546,-1.15E-06,3.747755581429146e-05,1.890879117760402e-07,1.1882965564013574e-06,GOOD,5115.183836,2215.667888
PALV,Corn,Colorado River,1811.61954,50.43552386,24.76768296,3.708931611,110.1041373,37.08931611,109.2865949,697.8735724,0.3,0.17,10,294.81744417599555,1.2465890029083504,294.81744417599555,28.94098446,265.8764597,-4.882352941,0.017213668,0.9484730535832936,0.004645895,0.029667384,13.575826628251809,0.001839974,7289.628754425827,1811.622196813137,6719.166509444962,-0.002656813,0.006469566,1.466540340493792e-06,9.628515796540034e-07,GOOD,50.43552386,294.8174442
PALV,Cotton,Colorado River,10909.92628,2858.852174,0.790424805,5.971693969,335.6549753,59.716939690000004,176.7726076,1006.11301,0.68,0.17,10,681.4501395677761,1.3635940272564129,681.4501395677761,28.94098446,652.5091551,-4.882352941,0.002751023,0.994049558,0.000478127,0.002721292,0.2782451978544991,0.000134794,1684579.293994992,10909.937718485175,65150.651248609975,-0.011438485,0.089719901,1.0484475221357008e-06,1.3771125132589395e-06,GOOD,2858.852174,681.4501396
PALV,Cucurbits,Colorado River,1766.731696,365.85,17.8725,2.811221224,306.3671659,28.11221224,4273.648587,1495.407224,0.05,0.17,10,435.11893586000014,1.020275864704989,435.11893586000014,28.94098446,406.1779514,-4.882352941,0.068143016,0.4016773057995016,0.39275086020542965,0.13742881793556644,16.102030847406215,0.011320338026017958,0.000129737,1766.7319393221267,4966.662575,-0.000243322,0.011066006266446493,1.3772443612025485e-07,2.228051824323578e-06,GOOD,365.85,435.1189359
PALV,Field and Grain,Colorado River,7445.166637,223.9885825,2.362115684,3.976067248,100.1702431,39.760672480000004,59.97872552,257.6643428,0.74,0.17,10,71.51295986017797,1.1012259112632774,71.51295986017797,28.94098446,42.5719754,-4.882352941,0.005037885,0.985641171,0.00176002,0.007560923,1.0064514369923296,0.000181507,203598.3009945967,7445.236144,29602.684019409106,-0.069507247,-0.200798131,9.33588869783226e-06,6.783151588970113e-06,GOOD,223.9885825,71.51295986
PALV,Lettuce,Colorado River,1673.302898,479.2433265,17.02508876,1.456538014,676.8260325605778,13.958974793571016,4170.253940727541,2909.5897864898907,0.25,0.17,10,50.96002626015968,0.9583666652981031,388.53143672857965,28.94098446,359.5904523,-4.882352941,0.12934506501926898,0.011091010550542586,0.5063105883794792,0.3532533360507091,16.992458966339825,0.002390482,7940.922478813484,1673.0589334483261,2436.8373591878776,0.24396455167379827,0.39192068548663883,0.000145798,0.000160806,GOOD,479.2433265,388.5314367
PALV,Onions and Garlic,Colorado River,1782.613277,426.9855608,22.97465084,3.522556052,1575.045865,35.22556052,2746.112992,4092.094542,0.41,0.17,10,1361.3652135815898,1.105845062,1361.3652135815898,28.94098446,1332.424229,-4.882352941,0.11186719581746704,0.6276205391164407,0.10461749107735455,0.1558947739887377,18.780126426315267,0.00136823,185396.45086725036,1782.6137455336893,6279.3419843736565,-0.000468534,0.013202898246163386,2.628352966092708e-07,2.1025882200333774e-06,GOOD,426.9855608,1361.365214
PALV,Orchards,Colorado River,648.5097905,1503.259449,11.50880315,3.064182243,2465.289127,30.641822429999998,5980.963891,6297.889837,0.13,0.17,10,2525.9324044884656,1.1152022700216426,2525.9324044884656,28.94098446,2496.99142,-4.882352941,0.20350995346422723,0.2958372634415855,0.2438652893784997,0.2567874937156876,10.714905591178097,0.011861514,190.9037323185982,648.5098232480834,1987.147614468685,-3.27E-05,0.004569993,5.0497438732230826e-08,2.2997700431138813e-06,GOOD,1503.259449,2525.932404
PALV,Pasture,Colorado River,4031.583642,223.9885825,2.362115684,8.233264788,100.1702431,82.33264788,59.97872552,257.6643428,0.74,0.17,10,28.940984460177987,1.0074905495505533,28.940984460177987,28.94098446,0,-4.882352941,5.310874744647727e-05,0.9998162316204493,2.4671711717081823e-05,0.000105988,0.4199499013121141,0.000335191,77368.0564,4031.6196604126435,33193.29937653068,-0.036018413,-0.203736975,8.934060617820936e-06,6.1379323429008745e-06,GOOD,223.9885825,28.94098446
PALV,Potatoes,Colorado River,730.3197676,316.2258,23.4875,5.581382827,758.5181794,55.813828269999995,791.4972307,4600.577654,0.41,0.17,10,1220.9465851300004,1.1397367432141163,1220.9465851300004,28.94098446,1192.005601,-4.882352941,0.007783492,0.9710142257505431,0.003112262,0.018090020761113233,11.39025854046338,0.003339666,50955.76524301986,730.3200098161863,4076.1858920814125,-0.000242216,0.00831702,3.3165771628446905e-07,2.040388517210054e-06,GOOD,316.2258,1220.946585
PALV,Subtropical,Colorado River,1506.454008,654.5088042,14.79755688,5.958172293,1957.695769,59.58172293,4185.888173,1551.146678,0.13,0.17,10,1930.8189156802828,1.1895232129022661,1930.8189156802828,28.94098446,1901.877931,-4.882352941,0.010445238498663406,0.9741440707484055,0.011244036307224183,0.004166654,7.008105752317444,0.005106235,344.9147635152013,1506.4540854038903,8975.691692665987,-7.74E-05,0.020838478,5.1381515772638795e-08,2.321651717394441e-06,GOOD,654.5088042,1930.818916
PALV,Truck,Colorado River,57.08847397,923.9057691,21.11899335,1.168233956,1033.026808,11.682339559999999,5729.043516,4647.582765,0.41,0.17,10,8090.6243650895385,1.6270268014917864,8090.6243650895385,28.94098446,8061.683381,-4.882352941,0.4672748012174352,0.001278315,0.29341736321539047,0.23802952035939706,21.11605118281549,0.042723587,18572.32698585436,57.08847960888321,66.69257422926262,-5.64E-06,0.000119559,9.87744603616698e-08,1.7926808277876509e-06,GOOD,923.9057691,8090.624365
PITRC,Alfalfa,Sacramento River,12236.3104,187.2098036,5.87624882,3.537610105,310.085831,35.37610105,166.0095709,205.0405538,1.86,0.17,10,383.57933074693176,1.4622309191594929,383.57933074693176,20.502886,363.0764447,-4.882352941,0.038627788,0.9407097278971249,0.009244493,0.011417991628067135,3.316583982,4.393762425331663e-05,8949351.015363239,12234.850267751788,43282.129847378324,1.460132248212176,5.165471578271536,0.000119328,0.00011933,GOOD,187.2098036,383.5793307
PITRC,Field and Grain,Sacramento River,5183.213892,173.2298426,2.485487486,1.383894155,81.68685006672595,69.33923636310766,48.91146320881593,210.12017034615968,0.74,0.17,50,21.357597944049672,1.002088723513796,20.502885999240448,20.502886,0,-4.882352941,0.14613647964219817,0.4834352121835228,0.069945861,0.30048244743860625,2.250317715200817,0.000260717,81114.51301667294,5187.969543434014,7180.088999509758,-4.755651434,-7.069590256,0.00091751,0.000985581,GOOD,173.2298426,20.502886
PITRC,Orchards,Sacramento River,1.36562883,2061.666385,2.066393172,3.327741402,607.0648734,166.3870701,1472.781853,1550.82325,0.13,0.17,50,463.1562944059234,1.0685501927599292,463.1562944059234,20.502886,442.6534084,-4.882352941,0.0169775,0.9350574076633489,0.023363539425762518,0.024601553,1.1899806627397258,5.632795327195672,0.085039756,1.3656215266997664,4.54444195,7.303300233463261e-06,1.764738563014845e-05,5.347939405660659e-06,3.883274843155504e-06,GOOD,2061.666385,463.1562944
PITRC,Pasture,Sacramento River,11422.66961,173.2298426,2.485487486,3.965593094,81.51658446,39.65593094,48.80951363,209.6822022,0.74,0.17,10,50.89637475404967,1.0800536006679988,50.89637475404967,20.502886,30.39348875,-4.882352941,0.003957014,0.9883182481846072,0.001458618,0.00626612,1.0190485612869498,0.000118304,244897.34678593263,11419.407119344689,45284.721904739905,3.2624906553119217,12.937815719771606,0.000285615,0.000285618,GOOD,173.2298426,50.89637475
PITRC,Rice,Sacramento River,1290.480633,370.9204664,4.450435008,4.534377778,205.9918082,226.71888889999997,117.9897276,946.9605361,0.2,0.17,50,153.0964681,1.0497368719543454,153.0964681,20.502886,132.5935821,-4.882352941,0.000983254,0.9961007043848786,0.000323079,0.002592963,1.4727583910155855,0.003874525,588.8128672386532,1290.4477116830155,5851.377431000352,0.032921317,0.14927421422089537,2.5510895818579067e-05,2.551030213839237e-05,GOOD,370.9204664,153.0964681
PITREL,Alfalfa,Sacramento River,10999.1602,187.2098036,5.87624882,3.537610105,310.085831,35.37610105,166.0095709,205.0405538,1.86,0.17,10,383.57933074693176,1.4622309191594929,383.57933074693176,20.502886,363.0764447,-4.882352941,0.038627788,0.940709728,0.009244493,0.011417991628067139,3.316583981863921,4.887958706176045e-05,8044528.317,10998.479908388601,38908.33357098559,0.6802916113992978,2.4066990482315305,6.184941386700575e-05,6.185179288621739e-05,GOOD,187.2098036,383.5793307
PITREL,Field and Grain,Sacramento River,2205.450515,173.2298426,2.485487486,1.383894155,81.68685006672595,69.33923636310766,48.91146320881593,210.12017034615968,0.74,0.17,50,21.357597944049672,1.002088723513796,20.502885999240448,20.502886,0,-4.882352941,0.14613647964219814,0.48343521218352287,0.069945861,0.30048244743860614,2.250317715200817,0.000612733,34514.11580423267,2207.889062,3055.6925669949037,-2.438547366,-3.582490145,0.001105691,0.001173775,GOOD,173.2298426,20.502886
PITREL,Pasture,Sacramento River,11831.99369,173.2298426,2.485487486,3.965593094,81.51658446,39.65593094,48.80951363,209.6822022,0.74,0.17,10,50.89637475404967,1.0800536006679988,50.89637475404967,20.502886,30.39348875,-4.882352941,0.003957014,0.9883182481846071,0.001458618,0.00626612,1.0190485612869495,0.000114212,253673.08701042747,11830.242229212476,46913.926762020674,1.7514607875236834,6.945703294899431,0.000148028,0.00014803,GOOD,173.2298426,50.89637475
PITREL,Rice,Sacramento River,506.3338709,370.9204664,4.450435008,4.534377778,205.9918082,226.71888889999997,117.9897276,946.9605361,0.2,0.17,50,153.0964681,1.0497368719543454,153.0964681,20.502886,132.5935821,-4.882352941,0.000983254,0.9961007043848784,0.000323079,0.002592963,1.4727583910155857,0.009874907,231.02702255329038,506.3271759,2295.8786968963313,0.006695011,0.030355561349551863,1.3222523144850097e-05,1.3221587029789974e-05,GOOD,370.9204664,153.0964681
PITREU,Alfalfa,Sacramento River,8606.299339,187.2098036,5.87624882,3.537610105,310.085831,35.37610105,166.0095709,205.0405538,1.86,0.17,10,383.57933074693176,1.4622309191594929,383.57933074693176,20.502886,363.0764447,-4.882352941,0.038627788,0.940709728,0.009244493,0.011417991628067137,3.3165839818639204,6.246987089628937e-05,6294445.891794278,8605.883001346861,30444.258599709978,0.41633765313781623,1.4729085912404116,4.837592055985729e-05,4.8378163974769794e-05,GOOD,187.2098036,383.5793307
PITREU,Field and Grain,Sacramento River,3464.899252,173.2298426,2.485487486,1.383894155,81.68685006672595,69.33923636310766,48.91146320881593,210.12017034615968,0.74,0.17,50,21.357597944049672,1.002088723513796,20.502885999240448,20.502886,0,-4.882352941,0.14613647964219814,0.48343521218352287,0.069945861,0.3004824474386062,2.2503177152008176,0.000390012,54223.811969559036,3468.8831836337476,4800.893642214385,-3.983931634,-5.839819708,0.001149797,0.001217884,GOOD,173.2298426,20.502886
PITREU,Orchards,Sacramento River,21.83113304,2061.666385,2.066393172,3.327741402,607.0648734,166.3870701,1472.781853,1550.82325,0.13,0.17,50,463.1562944059234,1.0685501927599292,463.1562944059234,20.502886,442.6534084,-4.882352941,0.0169775,0.935057408,0.023363539,0.024601553,1.189980662739726,0.3523549454906208,1.3594574079221915,21.831085705723083,72.64821423865622,4.733427691760994e-05,0.000151031,2.1682006532085124e-06,2.0789335223349888e-06,GOOD,2061.666385,463.1562944
PITREU,Pasture,Sacramento River,30624.36259,173.2298426,2.485487486,3.965593094,81.51658446,39.65593094,48.80951363,209.6822022,0.74,0.17,10,50.89637475404967,1.0800536006679988,50.89637475404967,20.502886,30.39348875,-4.882352941,0.003957014,0.9883182481846075,0.001458618,0.00626612,1.0190485612869498,4.412667683710805e-05,656573.7608952319,30620.81693888155,121429.69979170471,3.545651118449314,14.061003351234831,0.000115779,0.000115782,GOOD,173.2298426,50.89637475
PITREU,Rice,Sacramento River,2107.428498,370.9204664,4.450435008,4.534377778,205.9918082,226.71888889999997,117.9897276,946.9605361,0.2,0.17,50,153.0964681,1.0497368719543454,153.0964681,20.502886,132.5935821,-4.882352941,0.000983254,0.9961007043848786,0.000323079,0.002592963,1.472758391015586,0.00237256,961.5650051,2107.4067027977226,9555.778123,0.021795202,0.098827497,1.0342083870617003e-05,1.0342064672194773e-05,GOOD,370.9204664,153.0964681
PITREU,Truck,Sacramento River,0.32739123,750.0942005,17.60330131,2.662234731,736.5300735,133.1117366,4084.707976,3313.645347,0.41,0.17,50,4936.139089235053,1.5209691979277695,4936.139089235053,20.502886,4915.636203,-4.882352941,0.19604696699087185,0.5482665672393401,0.1411671625411914,0.11451930322859673,14.990241570903272,7.449876987370439,66.19283680540465,0.3273908144885053,0.8715975637910327,4.1551149465579584e-07,-5.26E-06,1.2691589040298847e-06,6.035689168850919e-06,GOOD,750.0942005,4936.139089
PITRW,Alfalfa,Sacramento River,6291.354834,187.2098036,5.87624882,3.537610105,310.085831,35.37610105,166.0095709,205.0405538,1.86,0.17,10,383.57933074693176,1.4622309191594929,383.57933074693176,20.502886,363.0764447,-4.882352941,0.038627787833785586,0.9407097278971251,0.009244493,0.011417991628067137,3.316583982,8.545606197517972e-05,4601349.665963713,6290.988710861123,22255.065200567587,0.36612313887690107,1.295234331410029,5.819464146232593e-05,5.819614285986499e-05,GOOD,187.2098036,383.5793307
PITRW,Berries,Sacramento River,243.2498212,5388.84825,4.3725,3.453441036,1065.939344,172.6720518,9818.188327,9126.397598,0.25,0.17,50,3379.5416523249987,1.1118507849498191,3379.5416523249987,20.502886,3359.038766,-4.882352941,0.045972229,0.7581153754652817,0.10153321942496674,0.094379177,3.2744258788276306,0.016444,4928.624566479052,243.24953175563004,840.0479177058784,0.000289444,0.000996826,1.1899057871488596e-06,1.1866283584759994e-06,GOOD,5388.84825,3379.541652
PITRW,Field and Grain,Sacramento River,2627.27505,173.2298426,2.485487486,1.383894155,81.68685006672595,69.33923636310766,48.91146320881593,210.12017034615968,0.74,0.17,50,21.357597944049672,1.002088723513796,20.502885999240448,20.502886,0,-4.882352941,0.14613647964219814,0.48343521218352276,0.069945861,0.30048244743860614,2.250317715200817,0.000514355,41115.44317523314,2630.2114364015288,3640.1817792529027,-2.936386402,-4.311193981,0.001117655,0.001185739,GOOD,173.2298426,20.502886
PITRW,Onions and Garlic,Sacramento River,95.12116088,248.2454,30.0225,2.113494575,1196.627996,105.67472874999999,2086.336507,3108.934795,0.41,0.17,50,955.3734948,1.0924146811331945,955.3734948,20.502886,934.8706088,-4.882352941,0.1883089517950024,0.3570835131380395,0.1825629965469468,0.27204453852001154,27.505749159995364,0.025641239,7252.558112902846,95.12077552852934,201.03724610022542,0.000385351,0.000811387,4.051164505395732e-06,4.035988841839507e-06,GOOD,248.2454,955.3734948
PITRW,Pasture,Sacramento River,18006.70043,173.2298426,2.485487486,3.965593094,81.51658446,39.65593094,48.80951363,209.6822022,0.74,0.17,10,50.89637475404967,1.0800536006679988,50.89637475404967,20.502886,30.39348875,-4.882352941,0.003957014,0.9883182481846071,0.001458618,0.00626612,1.0190485612869495,7.504713906940646e-05,386056.26444938494,18004.19246369759,71397.30114518145,2.507966302,9.945725753,0.00013928,0.000139282,GOOD,173.2298426,50.89637475
PITRW,Rice,Sacramento River,4943.641141,370.9204664,4.450435008,4.534377778,205.9918082,226.71888889999997,117.9897276,946.9605361,0.2,0.17,50,153.0964681,1.0497368719543454,153.0964681,20.502886,132.5935821,-4.882352941,0.000983254,0.9961007043848783,0.000323079,0.002592963,1.472758391015586,0.0010114,2255.6553274761004,4943.579636364235,22416.057639325154,0.061504636,0.2788928318077524,1.2441161081686167e-05,1.2441499145396553e-05,GOOD,370.9204664,153.0964681
PITRW,Truck,Sacramento River,11.50262236,750.0942005,17.60330131,2.662234731,736.5300735,133.1117366,4084.707976,3313.645347,0.41,0.17,50,4936.139089235053,1.5209691979277695,4936.139089235053,20.502886,4915.636203,-4.882352941,0.19604696699087182,0.5482665672393401,0.14116716254119138,0.1145193032285967,14.990241570903272,0.21204072548930508,2325.6310338846833,11.502604787074308,30.622637147145994,1.757292569237734e-05,4.35972231898063e-05,1.5277321242403493e-06,1.4236906152581968e-06,GOOD,750.0942005,4936.139089
RUSRL,Berries,North Coast,35.04822376,5388.84825,4.3725,2.407763981,1065.939344,120.3881991,9818.188327,9126.397598,0.25,0.17,50,3431.825505074999,1.1147384752085128,3431.825505074999,25.29650484,3406.529,-4.882352941,0.13956219398917438,0.27260183311571506,0.3046508543453141,0.28318511854979644,4.100848677345089,0.11412846560758205,717.7535831935946,35.04841028050751,84.38830611811346,-0.000186521,-0.000455351,5.321824831673016e-06,5.395927884623579e-06,GOOD,5388.84825,3431.825505
RUSRL,Corn,North Coast,6.62318171,166.7194068,5.454093572,2.492780338,80.14758921,124.63901690000002,79.5524794,507.9998424,0.3,0.17,50,116.96431704553304,1.0929705204793476,116.96431704553304,25.29650484,91.6678122,-4.882352941,0.017052134453368856,0.9321187635403113,0.006882078,0.043947023695590816,3.240081561986257,0.5032827845113332,12.178722729131486,6.624282439926131,16.512897400019394,-0.00110073,-0.002760258,0.000166194,0.000167186,GOOD,166.7194068,116.964317
RUSRL,Field and Grain,North Coast,2279.147057,173.2298426,2.485487486,1.305116017,81.51658446,65.25580085,48.80951363,209.6822022,0.74,0.17,50,25.296504844049664,1.011828383,25.296504844049664,25.29650484,0,-4.882352941,0.17661504080577944,0.39596988079202255,0.080706347,0.3467087314774879,2.3183976964535695,0.00059292,35593.08298780287,2281.1157486795096,2977.1207049856894,-1.96869168,-2.569375797,0.000863784,0.000863786,GOOD,173.2298426,25.29650484
RUSRL,Grapes,North Coast,22590.82598,730.6198686,7.837965954,2.243317817,3153.5860403099528,106.35218648847808,1146.071630855667,1047.8698141580492,0.13,0.17,50,-25.44040445,0.9481686962278344,272.69398359060733,25.29650484,247.3974787,-4.882352941,0.300157087,0.5076440659175745,0.1004008776978531,0.09179797,6.806659027559228,0.000340506,4557.778400917032,22585.883812986554,50658.401755334125,4.942167013447033,20.00066634635732,0.000218769,0.000394659,GOOD,730.6198686,272.6939836
RUSRL,Orchards,North Coast,1757.561972,2061.666385,2.066393172,2.875298636,607.0648734,143.7649318,1472.781853,1550.82325,0.13,0.17,50,485.77843270592336,1.074954566084421,485.77843270592336,25.29650484,460.4819279,-4.882352941,0.037595538536670525,0.8583876627746324,0.050666025587755945,0.053350773100941266,1.3944266695717358,0.004376692,111.30486296702072,1757.5823480140566,5053.574130454719,-0.020376014,-0.058589678,1.1593340309616894e-05,1.1593845348961386e-05,GOOD,2061.666385,485.7784327
RUSRL,Pasture,North Coast,4857.365854,173.2298426,2.485487486,3.069359746,81.51658446,30.69359746,48.80951363,209.6822022,0.74,0.17,10,59.858708234049665,1.1061656885861173,59.858708234049665,25.29650484,34.56220339,-4.882352941,0.018294156934679926,0.9482566602159342,0.006316018,0.027133164786844955,1.375823467913231,0.000278207,108019.20200289371,4860.312805214625,14918.04845,-2.946951215,-9.045226639,0.000606697,0.000606696,GOOD,173.2298426,59.85870823
RUSRL,Subtropical,North Coast,122.3422982,942.1801854,4.535541375,2.262567308,863.7792973,113.12836539999999,1846.907779,684.4007169,0.13,0.17,50,765.0810549868713,1.1600787084074216,765.0810549868713,25.29650484,739.7845501,-4.882352941,0.15885755963978623,0.5942719890108574,0.18012303033821123,0.066747421,3.791182496949485,0.062875292,11.638029651484675,122.34324246329231,276.8098269871715,-0.000944263,-0.002142694,7.718207898689944e-06,7.740732594631677e-06,GOOD,942.1801854,765.081055
RUSRL,Truck,North Coast,504.8835829,750.0942005,17.60330131,1.856129243,736.5300735,92.80646215,4084.707976,3313.645347,0.41,0.17,50,4976.444363635053,1.528420023363536,4976.444363635053,25.29650484,4951.147859,-4.882352941,0.3805481885999142,0.12663848155405005,0.27208737555737056,0.22072595428866526,17.14655768831968,0.004830865,102720.06090325922,504.8870479463713,937.1356197164743,-0.003465046,-0.006437185,6.863060096690447e-06,6.869047821241682e-06,GOOD,750.0942005,4976.444364
RUSRL,Walnuts,North Coast,103.9771732,1949.323208,2.037882063,3.445920684,1016.733954,172.29603419999998,356.2595846,1085.072261,0.13,0.17,50,1342.1289667728183,1.4383285688526224,1342.1289667728183,25.29650484,1316.832462,-4.882352941,0.030966239039378236,0.9501125145953203,0.004676838,0.014244408487338574,1.112876173298254,0.073980735,14.393776025203515,103.97772467195176,358.2989984032382,-0.000551472,-0.00190661,5.30377903913147e-06,5.3213089122204635e-06,GOOD,1949.323208,1342.128967
RUSRU,Alfalfa,North Coast,119.5214793,187.2098036,5.87624882,2.331077971,310.085831,23.31077971,166.0095709,205.0405538,1.86,0.17,10,395.6446520869317,1.487275092162402,395.6446520869317,25.29650484,370.3481472,-4.882352941,0.27903058295194283,0.5742642157273444,0.065636597,0.081068604,4.9550274667573655,0.004498224,88359.49792296253,119.55670344638229,278.69602744790194,-0.035224146,-0.08213999,0.00029471,0.000294817,GOOD,187.2098036,395.6446521
RUSRU,Berries,North Coast,11.13607598,5388.84825,4.3725,2.407763981,1065.939344,120.3881991,9818.188327,9126.397598,0.25,0.17,50,3431.825505074999,1.1147384752085128,3431.825505074999,25.29650484,3406.529,-4.882352941,0.13956219398917438,0.2726018331157151,0.3046508543453141,0.28318511854979644,4.100848677,0.35919295155527486,228.05602053030037,11.136143095483702,26.81321061458504,-6.71E-05,-0.00016798,6.026852171512922e-06,6.264871318610614e-06,GOOD,5388.84825,3431.825505
RUSRU,Cucurbits,North Coast,6.2892958,161.7514,13.41,1.932083333,99.40766688032606,94.48982816376804,1386.6806964323678,485.2182599521093,0.05,0.17,50,57.064815849999974,0.9781133820667148,103.28982257142877,25.29650484,77.99331773,-4.882352941,0.045228917431037526,0.5370847877532087,0.3094170869693038,0.10826920784644999,11.560205416570906,3.1800062576163137,1.1498426494368746e-07,6.285718751950004,12.142444792649279,0.003577048,0.008998799,0.000568752,0.000740554,GOOD,161.7514,103.2898226
RUSRU,Field and Grain,North Coast,843.4190492,173.2298426,2.485487486,1.305116017,81.51658446,65.25580085,48.80951363,209.6822022,0.74,0.17,50,25.296504844049664,1.011828383,25.296504844049664,25.29650484,0,-4.882352941,0.17661504080577942,0.3959698807920226,0.080706347,0.34670873147748776,2.318397696453569,0.00160223,13171.543327785092,844.2440339841005,1101.8364162919704,-0.824984784,-1.076706138,0.000978143,0.000978148,GOOD,173.2298426,25.29650484
RUSRU,Grapes,North Coast,11033.06729,730.6198686,7.837965954,2.243317817,3153.5860403099528,106.35218648847808,1146.071630855667,1047.8698141580492,0.13,0.17,50,-25.44040445,0.9481686962278344,272.69398359060733,25.29650484,247.3974787,-4.882352941,0.30015708650025896,0.5076440659175748,0.10040087769785308,0.09179797,6.806659027559228,0.000697205,2225.960035,11030.658927753377,24740.920293638854,2.408362246624165,9.756134178,0.000218286,0.000394176,GOOD,730.6198686,272.6939836
RUSRU,Orchards,North Coast,1000.843607,2061.666385,2.066393172,2.875298636,607.0648734,143.7649318,1472.781853,1550.82325,0.13,0.17,50,485.77843270592336,1.074954566084421,485.77843270592336,25.29650484,460.4819279,-4.882352941,0.037595539,0.8583876627746323,0.050666025587755965,0.053350773,1.3944266695717358,0.007685824,63.38255054630514,1000.8567471864944,2877.762041657914,-0.013140186,-0.037783601,1.3129110684733539e-05,1.3129680992836968e-05,GOOD,2061.666385,485.7784327
RUSRU,Pasture,North Coast,2238.215988,173.2298426,2.485487486,3.069359746,81.51658446,30.69359746,48.80951363,209.6822022,0.74,0.17,10,59.858708234049665,1.1061656885861173,59.858708234049665,25.29650484,34.56220339,-4.882352941,0.018294156934679926,0.9482566602159342,0.006316018,0.027133165,1.375823467913231,0.000603763,49773.95407323139,2239.753716477714,6874.609871756068,-1.537728478,-4.719815335,0.000687033,0.000687029,GOOD,173.2298426,59.85870823
RUSRU,Subtropical,North Coast,30.67084687,942.1801854,4.535541375,2.262567308,863.7792973,113.12836539999999,1846.907779,684.4007169,0.13,0.17,50,765.0810549868713,1.1600787084074216,765.0810549868713,25.29650484,739.7845501,-4.882352941,0.15885755963978626,0.5942719890108573,0.18012303033821125,0.066747421,3.791182496949485,0.2508019333444539,2.917619094629742,30.67111495389724,69.39546832846322,-0.000268084,-0.000612892,8.7406747645207e-06,8.831947602514586e-06,GOOD,942.1801854,765.081055
RUSRU,Truck,North Coast,42.59212388,750.0942005,17.60330131,1.856129243,736.5300735,92.80646215,4084.707976,3313.645347,0.41,0.17,50,4976.444363635053,1.528420023363536,4976.444363635053,25.29650484,4951.147859,-4.882352941,0.3805481885999142,0.1266384815540501,0.27208737555737056,0.2207259542886653,17.146557688319685,0.057264681,8665.493803190884,42.592454917471116,79.05710729697171,-0.000331037,-0.000620642,7.77226963478217e-06,7.850612281660393e-06,GOOD,750.0942005,4976.444364
RUSRU,Walnuts,North Coast,49.17931509,1949.323208,2.037882063,3.445920684,1016.733954,172.29603419999998,356.2595846,1085.072261,0.13,0.17,50,1342.1289667728183,1.4383285688526224,1342.1289667728183,25.29650484,1316.832462,-4.882352941,0.030966239,0.9501125145953199,0.004676838,0.014244408487338564,1.1128761732982537,0.156413477,6.807994723195374,49.179610479889284,169.46904325818278,-0.00029539,-0.001024165,6.006384772554566e-06,6.0434092752469595e-06,GOOD,1949.323208,1342.128967
RUSSRC,Field and Grain,North Coast,239.4284279,173.2298426,2.485487486,1.305116017,81.51658446,65.25580085,48.80951363,209.6822022,0.74,0.17,50,25.296504844049664,1.011828383,25.296504844049664,25.29650484,0,-4.882352941,0.1766150408057794,0.3959698807920226,0.080706347,0.34670873147748776,2.318397696453569,0.005644072,3739.1162969103116,241.58421194866457,315.2954316333864,-2.155784049,-2.813555456,0.009003877,0.0090039,GOOD,173.2298426,25.29650484
RUSSRC,Grapes,North Coast,24974.27496,730.6198686,7.837965954,2.243317817,3153.5860403099528,106.35218648847808,1146.071630855667,1047.8698141580492,0.13,0.17,50,-25.44040445,0.9481686962278344,272.69398359060733,25.29650484,247.3974787,-4.882352941,0.3001570865002589,0.5076440659175746,0.10040087769785307,0.09179797,6.806659027559228,0.000308009,5038.647594914143,24969.674439174643,56005.060950844905,4.600520825355488,20.175033580053423,0.00018421,0.000360106,GOOD,730.6198686,272.6939836
RUSSRC,Orchards,North Coast,179.7675847,2061.666385,2.066393172,2.875298636,607.0648734,143.7649318,1472.781853,1550.82325,0.13,0.17,50,485.77843270592336,1.074954566084421,485.77843270592336,25.29650484,460.4819279,-4.882352941,0.037595539,0.8583876627746324,0.050666025587755986,0.053350773,1.394426669571736,0.042790293,11.384523959730844,179.78941970903665,516.9482794149391,-0.021835009,-0.06278833,0.000121462,0.000121474,GOOD,2061.666385,485.7784327
RUSSRC,Pasture,North Coast,380.1607555,173.2298426,2.485487486,3.069359746,81.51658446,30.69359746,48.80951363,209.6822022,0.74,0.17,10,59.858708234049665,1.1061656885861173,59.858708234049665,25.29650484,34.56220339,-4.882352941,0.018294156934679933,0.9482566602159344,0.006316018,0.027133164786844965,1.3758234679132313,0.003554684,8454.100983171937,382.56885523205904,1174.2414741108603,-2.408099732,-7.39135417,0.006334425,0.00633445,GOOD,173.2298426,59.85870823
RUSSRC,Subtropical,North Coast,127.9010377,942.1801854,4.535541375,2.262567308,863.7792973,113.12836539999999,1846.907779,684.4007169,0.13,0.17,50,765.0810549868713,1.1600787084074216,765.0810549868713,25.29650484,739.7845501,-4.882352941,0.15885755963978623,0.5942719890108572,0.18012303033821123,0.066747421,3.791182496949485,0.060142653,12.166814675778744,127.91138160651646,289.4081166050619,-0.010343907,-0.023410046,8.087429705391414e-05,8.089593276954202e-05,GOOD,942.1801854,765.081055
RUSSRC,Truck,North Coast,63.36946722,750.0942005,17.60330131,1.856129243,736.5300735,92.80646215,4084.707976,3313.645347,0.41,0.17,50,4976.444363635053,1.528420023363536,4976.444363635053,25.29650484,4951.147859,-4.882352941,0.38054818859991413,0.12663848155405014,0.2720873755573705,0.22072595428866523,17.14655768831968,0.038488952,12892.70586866113,63.374025273159894,117.63038791412859,-0.004558053,-0.008466694,7.192822284702196e-05,7.198227735806897e-05,GOOD,750.0942005,4976.444364
SAL,Alfalfa,Central Coast,124.1446052,199.736451,8.253403631,3.906073496,464.6688622,39.06073496,248.7681497,307.2567376,1.86,0.17,10,588.7510654664534,1.4814802000524119,588.7510654664534,68.07339524,520.6776702,-4.882352941,0.033057335,0.9494940667535908,0.007806585,0.009642013,4.499721829216626,0.004330711,132904.02432830274,124.3866024263315,485.6389277659056,-0.241997226,-0.720975723,0.001949317,0.001486799,GOOD,199.736451,588.7510655
SAL,Berries,Central Coast,8804.511567,6318.852028,4.903289478,1.420392307,1401.62695,71.01961535,12910.1505,12000.49974,0.25,0.17,50,4599.863857,1.1184262632787676,4599.863857,68.07339524,4531.790461,-4.882352941,0.19170334566496633,0.012585197364886499,0.41238404317377125,0.38332741379637597,4.892885830856712,0.000454313,239206.1003819699,8804.919296755012,12505.308233403824,-0.407729755,0.5522632554893789,4.6309185002407755e-05,4.416035630950024e-05,GOOD,6318.852028,4599.863857
SAL,Cucurbits,Central Coast,73.5450981,365.85,17.8725,1.662176564,306.3671659,83.10882819999999,4273.648587,1495.407224,0.05,0.17,50,380.12231990000015,1.011164647668167,380.12231990000015,68.07339524,312.0489247,-4.882352941,0.092160793,0.13334699372368852,0.5737347079770335,0.2007575048585497,17.401739936079952,0.2719419854849578,4.687215043159192e-06,73.55159023734711,122.24455631501242,-0.006492137,0.000382144,8.827423601069893e-05,3.1260508069535093e-06,GOOD,365.85,380.1223199
SAL,Field and Grain,Central Coast,4465.965288,223.9885825,2.362115684,0.864004742,100.1702431,43.2002371,59.97872552,257.6643428,0.74,0.17,50,68.07339524017797,1.0930098020075554,68.07339524017797,68.07339524,0,-4.882352941,0.3318102971771667,0.041733678,0.11829011150400362,0.508165913,2.382790531001797,0.000302589,85704.05205,4502.514274498825,3889.811341608098,-36.5489865,-31.19615517,0.008183894,0.008084806,GOOD,223.9885825,68.07339524
SAL,Grapes,Central Coast,48837.82923,1508.011287,11.85419447,2.457170381,2364.126279,122.8585191,7770.695391,5397.648302,0.13,0.17,50,2220.930568002984,1.0874897091685136,2220.930568002984,68.07339524,2152.857173,-4.882352941,0.1658026890912138,0.3580098026549104,0.28100026563000247,0.19518724262387338,10.840856727265173,0.000157507,13086.43703408838,48839.33533802139,119995.6616733803,-1.506108021,7.205782911754795,3.083896326129653e-05,6.004675608588533e-05,GOOD,1508.011287,2220.930568
SAL,Lettuce,Central Coast,112509.6856,479.2433265,17.02508876,1.36519475,672.3734218520992,64.98749493464334,4142.819243389867,2890.4485743949717,0.25,0.17,50,-2.7343311,0.9520618935085026,388.5314367285789,68.07339524,320.4580415,-4.882352941,0.12620461692059082,0.037121987,0.49282733635771137,0.3438460594366713,16.922770598862133,3.555249469117706e-05,511478.6661,112448.09611693205,153489.02650015117,61.589483067946276,108.60560511940275,0.000547415,0.000707079,GOOD,479.2433265,388.5314367
SAL,Onions and Garlic,Central Coast,999.4362001,426.9855608,22.97465084,1.590455311,1575.045865,79.52276555,2746.112992,4092.094542,0.41,0.17,50,1317.0680085515899,1.1000771191032872,1317.0680085515899,68.07339524,1248.994613,-4.882352941,0.27552846268981024,0.073003133,0.2616191215628421,0.3898492824399196,22.65843626790509,0.0024404,100961.31904844902,999.5950065859276,1589.6665240372472,-0.158806486,-0.107911583,0.000158896,6.788776563391305e-05,GOOD,426.9855608,1317.068009
SAL,Orchards,Central Coast,237.282651,1503.259449,11.50880315,2.717713319,2465.289127,135.885666,5980.963891,6297.889837,0.13,0.17,50,2420.6885609684655,1.107314639091765,2420.6885609684655,68.07339524,2352.615166,-4.882352941,0.1392993201621231,0.5106303180979055,0.17051739838724442,0.17955296335272705,9.957796921,0.032418331723323895,67.81733552,237.2894672708511,644.8260820662222,-0.006816271,0.040138924,2.8726376843784225e-05,6.22438000316475e-05,GOOD,1503.259449,2420.688561
SAL,Pasture,Central Coast,2934.827098,223.9885825,2.362115684,4.185193859,100.1702431,41.85193859,59.97872552,257.6643428,0.74,0.17,10,69.42169375017798,1.0962158383294878,69.42169375017798,68.07339524,1.34829851,-4.882352941,0.003695045,0.9893841937585897,0.001306808,0.005613954,0.9469094870195348,0.000460453,57078.844836253025,2956.6616695951197,12368.145314128604,-21.8345716,-85.32496635,0.007439815,0.006946692,GOOD,223.9885825,69.42169375
SAL,Subtropical,Central Coast,1587.01126,654.5088042,14.79755688,2.611553899,1957.695769,130.577695,4185.888173,1551.146678,0.13,0.17,50,1859.8229436602828,1.1787311324702392,1859.8229436602828,68.07339524,1791.749548,-4.882352941,0.1609217237245027,0.5972422548229359,0.17644978081790827,0.065386241,12.31694005469082,0.00484704,352.9909740999096,1587.0699935775936,4144.339624715954,-0.058733578,0.2258190939483029,3.700892304542132e-05,5.448559010826431e-05,GOOD,654.5088042,1859.822944
SAL,Truck,Central Coast,15837.45299,923.9057691,21.11899335,1.094970985,1033.026808,54.74854925,5729.043516,4647.582765,0.41,0.17,50,8047.558155399539,1.6209148490658947,8047.558155399539,68.07339524,7979.48476,-4.882352941,0.46465896852381516,0.004362853,0.29315858631380587,0.23781959228598906,21.11223547094352,0.000154004,5105757.650497671,15838.251112793527,17340.85572337336,-0.798122794,0.6957769781365641,5.039464325677534e-05,4.012195668435212e-05,GOOD,923.9057691,8047.558155
SAL,Walnuts,Central Coast,357.4916673,2131.866347,1.870657994,2.032823511,1020.701599,101.64117555000001,357.6498318,1089.306585,0.13,0.17,50,1418.6936328051283,1.4782585137395448,1418.6936328051283,68.07339524,1350.620238,-4.882352941,0.34202821227612124,0.45509366857901795,0.050146172,0.1527319472590983,1.6606744990620446,0.021517446127918997,50.28899914801109,357.51288599243793,726.6932916394934,-0.021218692,0.024174634536620943,5.9354369286896447e-05,3.3265520176042107e-05,GOOD,2131.866347,1418.693633
SAN,Alfalfa,South Coast,135.391399,199.736451,8.253403631,4.861060872,464.6688622,48.61060872,248.7681497,307.2567376,1.86,0.17,10,579.2011917064534,1.4682492160208949,579.2011917064534,43.04461229,536.1565794,-4.882352941,0.009391934,0.9856053846246323,0.002238223,0.002764458,3.4838495253276127,0.003970964,147221.3175048351,135.39433077309704,658.1542283455068,-0.002931773,-0.008396261,2.1654057190383004e-05,1.2757448056990071e-05,GOOD,199.736451,579.2011917
SAN,Berries,South Coast,186.0479637,6318.852028,4.903289478,2.270858762,1401.62695,113.5429381,12910.1505,12000.49974,0.25,0.17,50,4557.340534,1.1166265385877292,4557.340534,43.04461229,4514.295922,-4.882352941,0.16063823614112002,0.1678355428248441,0.34802401762779783,0.32350220340623786,4.725757254976547,0.021499832,5039.755939479349,186.04806570782583,422.4881501363622,-0.000102008,0.000498384,5.482877845155189e-07,1.1796388908205618e-06,GOOD,6318.852028,4557.340534
SAN,Cucurbits,South Coast,24.72622728,365.85,17.8725,2.078707055,306.3671659,103.9353528,4273.648587,1495.407224,0.05,0.17,50,359.29579535000016,1.0077566813008978,359.29579535000016,43.04461229,316.2511831,-4.882352941,0.065673682,0.3651566970937722,0.42163415068455834,0.14753547044947832,16.337774776236003,0.8088577272027728,1.5865732899570079e-06,24.72625323791624,51.39855274572947,-2.60E-05,3.0344739997190118e-05,1.0498130566243459e-06,5.903808660207359e-07,GOOD,365.85,359.2957954
SAN,Field and Grain,South Coast,583.8045473,223.9885825,2.362115684,1.364580401,100.1702431,68.22902005,59.97872552,257.6643428,0.74,0.17,50,43.04461229017798,1.0367251878383918,43.04461229017798,43.04461229,0,-4.882352941,0.18549015959222187,0.4031023556498758,0.077683724,0.3337237602690398,2.186160768881605,0.002314732,11203.49399967962,583.8624962966227,796.7257382216966,-0.057948997,-0.077494961,9.926095452787666e-05,9.727625974794506e-05,GOOD,223.9885825,43.04461229
SAN,Grapes,South Coast,707.1787559,1508.011287,11.85419447,2.882762464,2364.126279,144.1381232,7770.695391,5397.648302,0.13,0.17,50,2199.6509638529838,1.086013538405822,2199.6509638529838,43.04461229,2156.606352,-4.882352941,0.10596792477476737,0.5882717412708577,0.18043046818962477,0.12532986576475022,9.900497539801549,0.010877458673822829,189.65076396262364,707.1790133928776,2038.6255526625628,-0.000257493,0.002820184,3.641128573879001e-07,1.383373356984631e-06,GOOD,1508.011287,2199.650964
SAN,Lettuce,South Coast,102.7246933,479.2433265,17.02508876,2.182611413,669.0232757958767,103.38137364942969,4122.1773662739415,2876.046718852333,0.25,0.17,50,-43.60516425,0.9473181807230812,388.5314367285793,43.04461229,345.4868244,-4.882352941,0.081432188,0.37970141425984116,0.31740950871385637,0.22145688915229259,15.481283330794982,0.038939031,477.1921705820332,102.57907653527468,223.86270502802515,0.14561676472531815,0.34538296547950154,0.001417544,0.001540457,GOOD,479.2433265,388.5314367
SAN,Orchards,South Coast,21749.0531,1503.259449,11.50880315,2.23900313,2465.289127,111.95015649999999,5980.963891,6297.889837,0.13,0.17,50,2444.6240704184656,1.1090986976586834,2444.6240704184656,43.04461229,2401.579458,-4.882352941,0.21423597299853414,0.24999647471401212,0.26096950539394165,0.2747980468935122,10.86471108156873,0.000353685,6279.232178172978,21749.060646900816,48696.12975852458,-0.007546901,0.068206912,3.4699905235019315e-07,1.4006619506213976e-06,GOOD,1503.259449,2444.62407
SAN,Pasture,South Coast,954.0942154,223.9885825,2.362115684,5.664931619,100.1702431,56.64931619,59.97872552,257.6643428,0.74,0.17,10,54.62431615017798,1.062027434971836,54.62431615017798,43.04461229,11.57970386,-4.882352941,0.000573374,0.998250045,0.000222167,0.000954414,0.6587088044144515,0.001416371,20426.11972617144,954.1652321997638,5405.228272007549,-0.0710168,-0.349783683,7.443373895095228e-05,6.471628989395888e-05,GOOD,223.9885825,54.62431615
SAN,Subtropical,South Coast,7328.183118,654.5088042,14.79755688,3.277692314,1957.695769,163.88461569999998,4185.888173,1551.146678,0.13,0.17,50,1826.5160229102828,1.1737353535400794,1826.5160229102828,43.04461229,1783.471411,-4.882352941,0.059652096,0.8499126503646273,0.065983887,0.024451366772447414,10.069489833286475,0.001049688,1626.3724059793901,7328.186290925132,24019.49746032908,-0.003172925,0.032021124,4.3297568867817834e-07,1.3331286984912473e-06,GOOD,654.5088042,1826.516023
SAN,Tomatoes,South Coast,660.8028395,230.9595433,32.87764995,2.605312983,240.7834131,130.2656492,2570.781849,1711.860449,0.935120824,0.17,50,2939.715656979268,1.5539956664630459,2939.715656979268,43.04461229,2896.671045,-4.882352941,0.1483897891446182,0.6517986801555145,0.11994274109327567,0.07986879,26.582634669955542,0.001618305,665412.5646139674,660.8053612,1721.6017515048884,-0.002521719,-0.003534552,3.816144234370541e-06,2.0530645526291477e-06,GOOD,230.9595433,2939.715657
SAN,Truck,South Coast,318.7356346,923.9057691,21.11899335,1.75058992,1033.026808,87.529496,5729.043516,4647.582765,0.41,0.17,50,8014.777208649539,1.616293271304502,8014.777208649539,43.04461229,7971.732596,-4.882352941,0.43558243703729616,0.064862516,0.2758095480405962,0.22374549928203313,20.85008731178588,0.007652186,102667.2091554495,318.73582674885586,557.9747584873226,-0.000192149,0.000630588,6.028471089280732e-07,1.1301362982249702e-06,GOOD,923.9057691,8014.777209
SCOV,Alfalfa,North Coast,12313.28184,187.2098036,5.87624882,2.331077971,310.085831,23.31077971,166.0095709,205.0405538,1.86,0.17,10,395.6446520869317,1.487275092162402,395.6446520869317,25.29650484,370.3481472,-4.882352941,0.27903058295194283,0.5742642157273444,0.065636597,0.081068604,4.955027466757365,4.366296618466345e-05,9102927.838062093,12313.282470445742,28703.19117049117,-0.000630446,0.028877447177364957,5.120046387162982e-08,1.0060699506583452e-06,GOOD,187.2098036,395.6446521
SCOV,Berries,North Coast,2.05539015,5388.84825,4.3725,2.407763981,1065.939344,120.3881991,9818.188327,9126.397598,0.25,0.17,50,3431.825505074999,1.1147384752085128,3431.825505074999,25.29650484,3406.529,-4.882352941,0.13956219398917435,0.2726018331157151,0.304650854,0.2831851185497964,4.100848677345089,1.9461025440839055,42.09239404329003,2.055390151716956,4.948896454137965,-1.72E-09,-2.08E-06,8.353430665121734e-10,4.2111745005773987e-07,GOOD,5388.84825,3431.825505
SCOV,Field and Grain,North Coast,2700.73167,173.2298426,2.485487486,1.305116017,81.51658446,65.25580085,48.80951363,209.6822022,0.74,0.17,50,25.296504844049664,1.011828383,25.296504844049664,25.29650484,0,-4.882352941,0.1766150408057794,0.3959698807920226,0.080706347,0.34670873147748776,2.318397696453569,0.000500365,42176.90392678221,2700.733661,3524.7699022698025,-0.001991231,-0.001742134,7.372932832168662e-07,4.942548175238391e-07,GOOD,173.2298426,25.29650484
SCOV,Orchards,North Coast,3.81431074,2061.666385,2.066393172,2.875298636,607.0648734,143.7649318,1472.781853,1550.82325,0.13,0.17,50,485.77843270592336,1.074954566084421,485.77843270592336,25.29650484,460.4819279,-4.882352941,0.037595538536670546,0.8583876627746321,0.050666026,0.053350773,1.3944266695717358,2.016696650233508,0.24155696413152444,3.8143107335252817,10.967283301071706,6.4747180950064376e-09,-8.33E-07,1.6974804981427491e-09,7.595952405530852e-08,GOOD,2061.666385,485.7784327
SCOV,Pasture,North Coast,15077.43476,173.2298426,2.485487486,3.069359746,81.51658446,30.69359746,48.80951363,209.6822022,0.74,0.17,10,59.858708234049665,1.1061656885861173,59.858708234049665,25.29650484,34.56220339,-4.882352941,0.018294156934679923,0.9482566602159339,0.006316018,0.027133164786844955,1.375823467913231,8.962740498380054e-05,335295.40907129925,15077.432238275705,46278.01200721841,0.002521724,0.059318067,1.672515474136438e-07,1.2817748247731777e-06,GOOD,173.2298426,59.85870823
SCOV,Truck,North Coast,4.63451031,750.0942005,17.60330131,1.856129243,736.5300735,92.80646215,4084.707976,3313.645347,0.41,0.17,50,4976.444363635053,1.528420023363536,4976.444363635053,25.29650484,4951.147859,-4.882352941,0.3805481885999142,0.12663848155405008,0.2720873755573705,0.2207259542886653,17.146557688319685,0.5262744555732584,942.9048545519317,4.634510326052598,8.602251465173806,-1.61E-08,-1.35E-06,3.463709709965487e-09,1.5714467652647765e-07,GOOD,750.0942005,4976.444364
SHV,Alfalfa,North Coast,5341.341955,187.2098036,5.87624882,2.331077971,310.085831,23.31077971,166.0095709,205.0405538,1.86,0.17,10,395.6446520869317,1.487275092162402,395.6446520869317,25.29650484,370.3481472,-4.882352941,0.2790305829519429,0.5742642157273445,0.065636597,0.081068604,4.9550274667573655,0.000100655,3948732.028274478,5341.34223,12451.076125511187,-0.000275126,0.008441367,5.150871861072083e-08,6.779624169568205e-07,GOOD,187.2098036,395.6446521
SHV,Berries,North Coast,115.4261067,5388.84825,4.3725,2.407763981,1065.939344,120.3881991,9818.188327,9126.397598,0.25,0.17,50,3431.825505074999,1.1147384752085128,3431.825505074999,25.29650484,3406.529,-4.882352941,0.1395621939891744,0.2726018331157151,0.3046508543453142,0.2831851185497965,4.100848677,0.034654205312462466,2363.814561,115.42610680085883,277.91878557124267,-1.01E-07,3.660808010863548e-05,8.737956251962504e-10,1.3172220514454643e-07,GOOD,5388.84825,3431.825505
SHV,Field and Grain,North Coast,6029.557896,173.2298426,2.485487486,1.305116017,81.51658446,65.25580085,48.80951363,209.6822022,0.74,0.17,50,25.296504844049664,1.011828383,25.296504844049664,25.29650484,0,-4.882352941,0.17661504080577942,0.39596988079202267,0.080706347,0.3467087314774878,2.318397696453569,0.000224121,94162.66226128384,6029.56129,7869.275692,-0.003394129,-0.00310658,5.629151503559445e-07,3.94773422262393e-07,GOOD,173.2298426,25.29650484
SHV,Grapes,North Coast,3.75212993,730.6198686,7.837965954,2.243317817,3153.5860403099528,106.35218648847808,1146.071630855667,1047.8698141580492,0.13,0.17,50,-25.44040445,0.9481686962278344,272.69398359060733,25.29650484,247.3974787,-4.882352941,0.30015708650025896,0.5076440659175748,0.10040087769785311,0.09179797,6.8066590275592285,2.0501176227411966,0.7570053776488042,3.751295406392848,8.41386993,0.000834524,0.003349994,0.000222413,0.000397993,GOOD,730.6198686,272.6939836
SHV,Orchards,North Coast,22.20686391,2061.666385,2.066393172,2.875298636,607.0648734,143.7649318,1472.781853,1550.82325,0.13,0.17,50,485.77843270592336,1.074954566084421,485.77843270592336,25.29650484,460.4819279,-4.882352941,0.037595538536670525,0.8583876627746322,0.050666025587755945,0.053350773,1.3944266695717356,0.34639324685750694,1.4063412749065956,22.206863899256625,63.85135923,1.0743374190269606e-08,6.281839624477925e-06,4.837861948364417e-10,9.83822283874017e-08,GOOD,2061.666385,485.7784327
SHV,Pasture,North Coast,35109.05705,173.2298426,2.485487486,3.069359746,81.51658446,30.69359746,48.80951363,209.6822022,0.74,0.17,10,59.858708234049665,1.1061656885861173,59.858708234049665,25.29650484,34.56220339,-4.882352941,0.018294156934679933,0.9482566602159341,0.006316018,0.027133164786844965,1.375823467913231,3.84901066817843e-05,780763.1625054592,35109.05432,107762.23505721588,0.00273497,0.091372072,7.789925822101669e-08,8.479036659843583e-07,GOOD,173.2298426,59.85870823
SHV,Truck,North Coast,39.92939282,750.0942005,17.60330131,1.856129243,736.5300735,92.80646215,4084.707976,3313.645347,0.41,0.17,50,4976.444363635053,1.528420023363536,4976.444363635053,25.29650484,4951.147859,-4.882352941,0.3805481885999142,0.1266384815540501,0.2720873755573705,0.22072595428866523,17.14655768831968,0.061083433,8123.753279,39.92939293188471,74.11410631,-1.12E-07,7.3535795337420495e-06,2.8020640611037754e-09,9.921969203652228e-08,GOOD,750.0942005,4976.444364
TULE,Alfalfa,North Coast,7746.806105,187.2098036,5.87624882,2.331077971,310.085831,23.31077971,166.0095709,205.0405538,1.86,0.17,10,395.6446520869317,1.487275092162402,395.6446520869317,25.29650484,370.3481472,-4.882352941,0.2790305829519429,0.5742642157273444,0.065636597,0.081068604,4.9550274667573655,6.94007828923389e-05,5727036.696276407,7746.908285,18058.64608554315,-0.102179552,-0.237028569,1.3189894123494975e-05,1.3125661767422642e-05,GOOD,187.2098036,395.6446521
TULE,Field and Grain,North Coast,13380.81467,173.2298426,2.485487486,1.305116017,81.51658446,65.25580085,48.80951363,209.6822022,0.74,0.17,50,25.296504844049664,1.011828383,25.296504844049664,25.29650484,0,-4.882352941,0.17661504080577942,0.39596988079202255,0.080706347,0.34670873147748776,2.318397696453569,0.000100992,208966.08910379757,13381.401243065204,17464.28083365294,-0.586573065,-0.765287327,4.383687239306132e-05,4.382206580013669e-05,GOOD,173.2298426,25.29650484
TULE,Lettuce,North Coast,471.3459526,479.2433265,17.02508876,2.314196388,668.4870977239488,109.5261671950388,4118.873712735483,2873.7417569171084,0.25,0.17,50,-50.184413,0.9465589676224038,388.53143672858056,25.29650484,363.2349319,-4.882352941,0.070430836,0.4636400057356701,0.2744471462692172,0.19148201166303563,15.029563771701735,0.008486336,2226.714653193393,470.6381267279745,1089.006766176993,0.7078258720254667,1.7803348283459854,0.001501712,0.001632156,GOOD,479.2433265,388.5314367
TULE,Onions and Garlic,North Coast,1325.165262,248.2454,30.0225,1.699157349,1196.627996,84.95786745000001,2086.336507,3108.934795,0.41,0.17,50,976.0903561,1.0959088763660068,976.0903561,25.29650484,950.7938512,-4.882352941,0.25565819850814336,0.13302754597540528,0.2454938682494812,0.3658203872669701,29.225971085143616,0.001840544,101792.65282945738,1325.1664834290702,2251.6663458879693,-0.001221429,-0.002052321,9.217182982992414e-07,9.114685366886926e-07,GOOD,248.2454,976.0903561
TULE,Pasture,North Coast,516.6373152,173.2298426,2.485487486,3.069359746,81.51658446,30.69359746,48.80951363,209.6822022,0.74,0.17,10,59.858708234049665,1.1061656885861173,59.858708234049665,25.29650484,34.56220339,-4.882352941,0.018294156934679933,0.9482566602159344,0.006316018,0.027133165,1.375823467913231,0.002615667,11489.097628268022,516.6531977,1585.794451217731,-0.015882523,-0.048672661,3.0742113646794644e-05,3.0693861522658476e-05,GOOD,173.2298426,59.85870823
TULE,Potatoes,North Coast,3761.819522,960.1331262,14.27542043,2.70089927,1399.755757,135.0449635,1460.614703,8489.822961,0.41,0.17,50,2221.0656607752485,1.1365565487851577,2221.0656607752485,25.29650484,2195.769156,-4.882352941,0.1174075746521214,0.5599427781926274,0.047361416,0.275288231,12.090756586498927,0.000648363,483826.087,3761.821591229429,10160.30106337047,-0.002069229,-0.005462529,5.500607929624721e-07,5.376348423009862e-07,GOOD,960.1331262,2221.065661
WATS,Berries,Central Coast,8593.655816,6318.852028,4.903289478,1.420392307,1401.62695,71.01961535,12910.1505,12000.49974,0.25,0.17,50,4599.863857,1.1184262632787676,4599.863857,68.07339524,4531.790461,-4.882352941,0.19170334566496633,0.012585197364886492,0.41238404317377125,0.38332741379637597,4.892885830856711,0.00046546,233477.44847936273,8593.783394013812,12206.344525440405,-0.127578014,0.018084611801896244,1.4845604308900425e-05,1.481572551924942e-06,GOOD,6318.852028,4599.863857
WATS,Field and Grain,Central Coast,1600.18704,223.9885825,2.362115684,0.864004742,100.1702431,43.2002371,59.97872552,257.6643428,0.74,0.17,50,68.07339524017797,1.0930098020075554,68.07339524017797,68.07339524,0,-4.882352941,0.33181029717716665,0.041733677885832744,0.11829011150400358,0.508165913,2.382790531001797,0.000844496,30708.36975134519,1604.3763682824085,1386.1642051659317,-4.189328282,-3.595014519,0.002618024,0.002600242,GOOD,223.9885825,68.07339524
WATS,Grapes,Central Coast,268.2049628,1508.011287,11.85419447,2.457170381,2364.126279,122.8585191,7770.695391,5397.648302,0.13,0.17,50,2220.930568002984,1.0874897091685136,2220.930568002984,68.07339524,2152.857173,-4.882352941,0.1658026890912138,0.35800980265491017,0.28100026563000247,0.19518724262387335,10.840856727265175,0.028680706,71.86739077575942,268.20764415461485,659.0210725711985,-0.002681355,0.004218058,9.997408649288158e-06,6.4004496158569075e-06,GOOD,1508.011287,2220.930568
WATS,Lettuce,Central Coast,7616.756561,479.2433265,17.02508876,1.36519475,672.3734218520992,64.98749493464334,4142.819243389867,2890.4485743949717,0.25,0.17,50,-2.7343311,0.9520618935085026,388.5314367285789,68.07339524,320.4580415,-4.882352941,0.12620461692059082,0.037121987,0.49282733635771125,0.34384605943667135,16.92277059886213,0.000525158,34626.42762518199,7611.148650658713,10389.81527213137,5.607910341286697,8.540796973882607,0.00073626,0.00082136,GOOD,479.2433265,388.5314367
WATS,Onions and Garlic,Central Coast,1.69087963,426.9855608,22.97465084,1.590455311,1575.045865,79.52276555,2746.112992,4092.094542,0.41,0.17,50,1317.0680085515899,1.1000771191032872,1317.0680085515899,68.07339524,1248.994613,-4.882352941,0.27552846268981024,0.073003133,0.26161912156284217,0.3898492824399197,22.658436267905092,1.4424589113087267,170.80974031146008,1.6909659219210404,2.689364999906984,-8.63E-05,-9.65E-05,5.103374569630496e-05,3.588786772593917e-05,GOOD,426.9855608,1317.068009
WATS,Orchards,Central Coast,1774.126745,1503.259449,11.50880315,2.717713319,2465.289127,135.885666,5980.963891,6297.889837,0.13,0.17,50,2420.6885609684655,1.107314639091765,2420.6885609684655,68.07339524,2352.615166,-4.882352941,0.13929932016212307,0.5106303180979056,0.17051739838724436,0.179552963,9.957796921,0.004335828,507.0600324712299,1774.143314142375,4821.533753075568,-0.016569142,0.034131405049265595,9.339322808596443e-06,7.0789016906981196e-06,GOOD,1503.259449,2420.688561
WATS,Pasture,Central Coast,502.4778247,223.9885825,2.362115684,4.185193859,100.1702431,41.85193859,59.97872552,257.6643428,0.74,0.17,10,69.42169375017798,1.0962158383294878,69.42169375017798,68.07339524,1.34829851,-4.882352941,0.003695045,0.9893841937585893,0.001306808,0.005613954,0.9469094870195349,0.002689375,9772.587219619996,503.71779933448306,2107.9702421502825,-1.239974634,-5.003135932,0.00246772,0.002379084,GOOD,223.9885825,69.42169375
WATS,Subtropical,Central Coast,76.36745932,654.5088042,14.79755688,2.611553899,1957.695769,130.577695,4185.888173,1551.146678,0.13,0.17,50,1859.8229436602828,1.1787311324702392,1859.8229436602828,68.07339524,1791.749548,-4.882352941,0.16092172372450272,0.597242255,0.1764497808179083,0.065386241,12.316940054690818,0.10072755805682723,16.986031879132362,76.36837712021484,199.4368429821536,-0.0009178,0.000893162,1.2018210675366193e-05,4.478398790251932e-06,GOOD,654.5088042,1859.822944
WATS,Truck,Central Coast,1855.345368,923.9057691,21.11899335,1.094970985,1033.026808,54.74854925,5729.043516,4647.582765,0.41,0.17,50,8047.558155399539,1.6209148490658947,8047.558155399539,68.07339524,7979.48476,-4.882352941,0.46465896852381505,0.004362853,0.2931585863138058,0.23781959228598895,21.112235470943517,0.001314593,598135.5596106757,1855.375238844635,2031.5488688565692,-0.029870845,0.000476258,1.6099883692958977e-05,2.344307212140038e-07,GOOD,923.9057691,8047.558155
WATS,Walnuts,Central Coast,52.41471596,2131.866347,1.870657994,2.032823511,1020.701599,101.64117555000001,357.6498318,1089.306585,0.13,0.17,50,1418.6936328051283,1.4782585137395448,1418.6936328051283,68.07339524,1350.620238,-4.882352941,0.3420282122761213,0.45509366857901784,0.050146172,0.15273194725909836,1.6606744990620446,0.14675854960614562,7.373272854619284,52.41571992339383,106.55012993296748,-0.001003963,-0.000263007,1.915422749965598e-05,2.4683943782939718e-06,GOOD,2131.866347,1418.693633