g,i,hr,xland,p,y,xwater,omegaland,omegasupply,omegalabor,theta,sigma,omegaland,omegasupply,omegalabor,omegawater,omegawater,mprof,f_adjustment,mprof,lambdaland,lambdacrop,rho,betaland,betawater,betasupply,betalabor,tau,gamma,delta,xlandcalib,xwatercalib,diffland,diffwater,percdiffland,percdiffwater,status,pc,pimarginal
SACRAMENTO VALLEY - ANTELOPE,Alfalfa,Sacramento River,13.23026016,277.0,6.0,3.537610105,0.306290873,0.200481491,0.157957374,1.86,0.17,739.7198673,484.1807412,381.4811931,10,35.37610105,1625.959169212,43.91844217376266,1625.959169212,539.496040943,1086.463128269,-4.88235294117647,0.0878132963039851,0.91216734910783,1.0825379376702474e-05,8.529208808097302e-06,3.6618912181248007,0.04063672233956664,15621.656382272371,13.23025511145325,46.80334412253744,5.048546750430205e-06,0.00015791125748165769,3.815908900789299e-07,3.3739196987361403e-06,GOOD,0,0
SACRAMENTO VALLEY - ANTELOPE,Almonds & Pistachios,Sacramento River,193.0952096,4899.322714,0.70915252,3.61367267,0.287448101,0.299096541,0.094248449,0.4,0.17,2039.310074,2110.873995,639.9084906,10,36.136726700000004,3437.549529135339,89.87354438215927,3437.549529135339,539.496040943,2898.05348819234,-4.88235294117647,0.15223069000193631,0.847751892307919,1.324427921251377e-05,4.1734109318982866e-06,0.4833264378801681,0.012946980948822047,18375.73660667772,193.09520328585145,697.7807665782059,6.314148549790843e-06,0.0021150612358269427,3.269966439286976e-08,3.0311165428099983e-06,GOOD,0,0
SACRAMENTO VALLEY - ANTELOPE,Corn,Sacramento River,739.6999328,221.0,5.6,2.826875063,0.234536008,0.556552162,0.088672787,0.3,0.17,423.9938724,1022.014707,159.5840787,10,28.26875063,1208.4514884129999,40.43659873159158,1208.4514884129999,539.496040943,668.95544747,-4.88235294117647,0.21111548616174414,0.7887718154401279,9.721034071795824e-05,1.5488057409937682e-05,4.092037067302583,0.004506331805000447,5297.585719753661,739.6998997996169,2091.0328472594447,3.300038315501297e-05,0.006446875651363371,4.4613202856590776e-08,3.083096367172743e-06,GOOD,0,0
SACRAMENTO VALLEY - ANTELOPE,Grain,Sacramento River,215.5182395,216.0,2.6,0.78906264,0.351483763,0.486359995,0.112954365,0.74,0.17,345.3012994,477.8051109,110.9675411,10,7.8906264,552.758575477,60.494453293784325,552.758575477,539.496040943,13.2625345340001,-4.88235294117647,0.9944602643251628,0.004462202719319424,0.0008744474650297714,0.00020308549048796156,2.6051587842417403,0.006270241231027462,562.1052550294189,215.52124472086894,170.0592520282721,-0.003005220868942615,-0.0018610002498178346,1.3944160252583241e-05,1.0943365875295455e-05,GOOD,0,0
SACRAMENTO VALLEY - ANTELOPE,Other Deciduous,Sacramento River,6295.896619,1749.09923,1.916425484,3.327741402,0.215021845,0.341552948,0.346579073,0.13,0.17,2284.866179,4950.948854,6009.195442,10,33.27741402,3317.837770530777,93.39805085120777,3317.837770530777,539.496040943,2778.34172958778,-4.88235294117647,0.21962952117161327,0.7803249297923311,2.260817265968842e-05,2.2940863396145415e-05,1.4078728710175348,0.0012217970144385074,1037.751639442541,6295.896563906827,20951.052811516132,5.5093172704800963e-05,0.0630302419885993,8.750647610467215e-09,3.0084432000978377e-06,GOOD,0,0
SACRAMENTO VALLEY - ANTELOPE,Pasture,Sacramento River,1205.300285,272.0,5.0,3.965593094,0.350906068,0.190014026,0.155066311,0.51,0.17,328.209843,177.7241242,145.0367898,10,39.65593094,1319.648082655,32.09855145578573,1319.648082655,539.496040943,780.152041712,-4.88235294117647,0.03838066969881396,0.9616092966462007,5.524902391859518e-06,4.508752593562394e-06,2.580028512217204,0.001626801501773054,67527.73381389891,1205.3000499389977,4779.714934040646,0.00023506100228587457,0.015552351585938595,1.9502277167873941e-07,3.2538135006180235e-06,GOOD,0,0
SACRAMENTO VALLEY - ANTELOPE,Safflower,Sacramento River,79.96256966,564.0,1.0,2.357007476,0.396694215,0.424242424,0.112947658,0.74,0.17,212.2655769,227.006242,60.43672676,10,23.57007476,539.4960409429999,21.92065600066421,539.4960409429999,539.496040943,0.0,-4.88235294117647,0.25825689853674866,0.7414861373748913,0.00020293574170411545,5.402834665580915e-05,0.7646499335776759,0.016899798957153114,6.077009202222055,79.9599865383244,188.46570390039503,0.0025831216755989317,0.0066705883957638434,3.2304135379619964e-05,3.539292383754931e-05,GOOD,0,0
SACRAMENTO VALLEY - ANTELOPE,Truck Crops,Sacramento River,7.60891266,133.0,22.8,2.662234731,0.139554281,0.396137579,0.419814805,0.41,0.17,7441.94487,27484.23099,27982.75263,10,26.62234731,3004.822146025,104.72170904298945,3004.822146025,539.496040943,2465.326105082,-4.88235294117647,0.4863480177649145,0.5135199217084877,6.411420361504883e-05,6.79463229828595e-05,19.707163617017443,0.3205483489205806,671.043354184713,7.608912572089125,20.256652572504628,8.791087502402206e-08,5.897609296567907e-05,1.1553671194856647e-08,2.911434702725087e-06,GOOD,0,0
SACRAMENTO VALLEY - BEND,Almonds & Pistachios,Sacramento River,7.36966412,4863.0,1.2,3.61367267,0.287448101,0.299096541,0.094248449,0.4,0.17,2039.310074,2110.873995,639.9084906,10,36.136726700000004,5798.782480209,150.95297883354058,5798.782480209,552.758575477,5246.023904732,-4.88235294117647,0.23248069705142396,0.7675035340203533,1.1990573177587784e-05,3.778355044930627e-06,0.8911763356890362,0.3392284857617093,1269.479062794115,7.3696615753364485,26.630817642408655,2.5446635518733274e-06,0.0007361751149481677,3.452889453900007e-07,2.7642965183044007e-05,GOOD,0,0
SACRAMENTO VALLEY - BEND,Grain,Sacramento River,202.7816928,216.0,2.6,0.78906264,0.351483763,0.486359995,0.112954365,0.74,0.17,345.3012994,477.8051109,110.9675411,10,7.8906264,552.758575477,60.494453293784325,552.758575477,552.758575477,0.0,-4.88235294117647,0.9944602643251628,0.0044622027193194245,0.0008744474650297714,0.0002030854904879616,2.6051587842417394,0.006664069782098946,13.654672750061831,202.78225502563546,160.00347839225938,-0.0005622256354627098,0.00397947217763317,2.772566042326232e-06,2.487054185314721e-05,GOOD,0,0
SACRAMENTO VALLEY - BEND,Other Deciduous,Sacramento River,30.95347589,1631.0,1.9,3.327741402,0.215021845,0.341552948,0.346579073,0.13,0.17,2284.866179,4950.948854,6009.195442,10,33.27741402,3064.7194321139996,86.34535690503164,3064.7194321139996,552.758575477,2511.960856637,-4.88235294117647,0.206332024481247,0.7936216503280723,2.299341545048285e-05,2.3331775230153252e-05,1.3783006993974187,0.2485119189729775,4.612921185237546,30.953469367551214,103.00230515157779,6.522448785517554e-06,0.0028581033840140435,2.107178143319514e-07,2.7747185613788808e-05,GOOD,0,0
SACRAMENTO VALLEY - BEND,Pasture,Sacramento River,161.2648525,272.0,5.0,3.965593094,0.350906068,0.190014026,0.155066311,0.51,0.17,328.209843,177.7241242,145.0367898,10,39.65593094,1319.648082655,32.09855145578573,1319.648082655,552.758575477,766.889507178,-4.88235294117647,0.03838066969881393,0.9616092966462004,5.524902391859515e-06,4.5087525935623894e-06,2.5800285122172038,0.012158782793203437,8881.443609751776,161.26430621740315,639.4906534545091,0.0005462825968436391,0.020131924419501956,3.387487033751754e-06,3.1480195298931836e-05,GOOD,0,0
SACRAMENTO VALLEY - BEND,Truck Crops,Sacramento River,69.11366439,5809.0,4.2,2.662234731,0.139554281,0.396137579,0.419814805,0.25,0.17,7441.94487,27484.23099,27982.75263,10,26.62234731,24370.222146025,842.5601216492046,24370.222146025,552.758575477,23817.463570548,-4.88235294117647,0.8847785421411685,0.11519183428698425,1.4381978976969846e-05,1.5241592870265648e-05,4.096944505576711,0.057875675314052036,7537.443246448623,69.11366221045807,183.99177106397093,2.1795419229420077e-06,0.005026661764986784,3.1535615166389066e-08,2.731928939589201e-05,GOOD,0,0
SACRAMENTO VALLEY - BUTTE,Alfalfa,Sacramento River,1649.792293,264.7665874,6.386422689,3.537610105,0.306290873,0.200481491,0.157957374,1.86,0.17,739.7198673,484.1807412,381.4811931,10,35.37610105,1654.8705102724614,44.68242596469515,1654.8705102724614,490.430159577321,1164.44035069514,-4.88235294117647,0.08923511217528832,0.910745563404321,1.0808505971128482e-05,8.515914419564922e-06,3.9102736381527774,0.0003258800582857072,2087766.9804657975,1649.7921916489906,5836.318186217963,0.0001013510093343939,0.0037006499578637886,6.143258746232602e-08,6.340722855246344e-07,GOOD,0,0
SACRAMENTO VALLEY - BUTTE,Almonds & Pistachios,Sacramento River,9175.315501,4597.114389,0.850111155,3.61367267,0.287448101,0.299096541,0.094248449,0.4,0.17,2039.310074,2110.873995,639.9084906,10,36.136726700000004,3871.2407031089097,101.09209510618521,3871.2407031089097,490.430159577321,3380.81054353159,-4.88235294117647,0.16820470113473596,0.8317782093662595,1.2994725163916433e-05,4.094773840531959e-06,0.5912182300979542,0.0002724701945919494,1018597.3713787944,9175.315456512655,33156.56793246607,4.4487343984656036e-05,0.01893212498544017,4.848590108951289e-09,5.70991370817434e-07,GOOD,0,0
SACRAMENTO VALLEY - BUTTE,Citrus & Subtropical,Sacramento River,1232.119926,991.5,3.85,2.972946835,0.183365181,0.131883505,0.371008972,0.13,0.17,2549.235389,1743.692937,5418.931559,10,29.72946835,3786.859273992,119.5269841345817,3786.859273992,490.430159577321,3296.42911441468,-4.88235294117647,0.384032649859348,0.6159163533209864,1.3373911181773432e-05,3.762290848403723e-05,3.169849237413035,0.006243148519868748,240.955835121608,1232.1199250362513,3663.024962307132,9.637487892177887e-07,0.0020720350030387635,7.821874875009437e-10,5.656619466940114e-07,GOOD,0,0
SACRAMENTO VALLEY - BUTTE,Corn,Sacramento River,2269.927736,231.2932314,5.979401995,2.826875063,0.234536008,0.556552162,0.088672787,0.3,0.17,423.9938724,1022.014707,159.5840787,10,28.26875063,1353.8466976761565,45.18715443171282,1353.8466976761565,490.430159577321,863.416538098836,-4.88235294117647,0.2306534235514513,0.769236669199452,9.480277723146169e-05,1.5104471865215487e-05,4.446917506656111,0.0014684755291845702,20980.86216604717,2269.927724158162,6416.79840534531,1.1841837931569899e-05,0.0037063651379867224,5.216834766924007e-09,5.776031539484022e-07,GOOD,0,0
SACRAMENTO VALLEY - BUTTE,Cotton,Sacramento River,494.4033815,1699.0,0.8,2.633766816,0.148539114,0.445240339,0.078228087,0.68,0.17,378.6944542,1135.122209,199.4393382,10,26.33766816,1332.1903243,47.926387745417856,1332.1903243,490.430159577321,841.760164722679,-4.88235294117647,0.309036234250078,0.6908423471562279,0.00010327357512353289,1.8145018570666316e-05,0.6315526943272955,0.0029744704229821644,65040.966892611155,494.4033780529644,1302.1424677437544,3.447035624049022e-06,0.0007521691338752134,6.972111747275785e-09,5.776393275123243e-07,GOOD,0,0
SACRAMENTO VALLEY - BUTTE,Cucurbits,Sacramento River,136.7563374,203.0,12.0,1.97136542,0.087908733,0.228781824,0.653570009,0.05,0.17,920.9338517,2396.72349,6846.813993,10,19.7136542,2415.316085234,112.16445369488719,2415.316085234,490.430159577321,1924.88592565668,-4.88235294117647,0.8165133788486151,0.1831883472070278,7.733837511239177e-05,0.000220935569244571,11.532007223051732,0.14624550774200537,2.7130178923862535e-05,136.75633744714685,269.59656391653925,-4.714684109785594e-08,0.0001505996734749715,3.447506857393794e-10,5.586109376192523e-07,GOOD,0,0
SACRAMENTO VALLEY - BUTTE,Dry Beans,Sacramento River,818.5191722,1333.986797,1.375133076,2.293810917,0.272510229,0.483520066,0.106180731,1.68,0.17,521.9411016,903.6303871,214.6292221,10,22.93810917,1810.6090473059976,73.40474943575389,1810.6090473059976,490.430159577321,1320.17888772868,-4.88235294117647,0.5780863168537632,0.4217254334176087,0.00015435373612137857,3.3895992506646205e-05,1.2323796085228262,0.0007272133817442856,1001271.6935190991,818.519174885178,1877.5271543513159,-2.685178060346516e-06,0.0010586148468973988,3.2805316619882543e-09,5.638343219487362e-07,GOOD,0,0
SACRAMENTO VALLEY - BUTTE,Grain,Sacramento River,2300.647898,209.2083635,2.798122375,0.78906264,0.351483763,0.486359995,0.112954365,0.74,0.17,345.3012994,477.8051109,110.9675411,10,7.8906264,576.5491784234833,63.05713049958383,576.5491784234833,490.430159577321,86.1190188461626,-4.88235294117647,0.9946875018843024,0.004279165095533467,0.0008385780085768574,0.00019475501158717527,2.8034473653589336,0.0005873786043166833,38112.3234283005,2300.648926228498,1815.3550849696642,-0.0010282284979439282,0.00021913666682848998,4.4692997083029874e-07,1.2071282482982981e-07,GOOD,0,0
SACRAMENTO VALLEY - BUTTE,Other Deciduous,Sacramento River,119757.6717,1713.112524,1.975664386,3.327741402,0.215021845,0.341552948,0.346579073,0.13,0.17,2284.866179,4950.948854,6009.195442,10,33.27741402,3350.35483499137,94.30408122855258,3350.35483499137,490.430159577321,2859.92467541405,-4.88235294117647,0.22130556675146176,0.77864898204071,2.2559615815365453e-05,2.289159201321108e-05,1.4536242603518454,6.423227491911645e-05,20319.225879877227,119757.67152826654,398522.33597806277,0.00017173346714116633,0.2263451509643346,1.434008065649178e-09,5.679606937304642e-07,GOOD,0,0
SACRAMENTO VALLEY - BUTTE,Pasture,Sacramento River,5482.037297,183.9096376,5.0,3.965593094,0.350906068,0.190014026,0.155066311,0.51,0.17,328.209843,177.7241242,145.0367898,10,39.65593094,879.196270655,21.703062373965096,879.196270655,490.430159577321,388.766111077679,-4.88235294117647,0.025905733358724887,0.9740841028212615,5.596576081698993e-06,4.567243931876363e-06,2.387586169772571,0.000357674384083179,153120.93715384972,5482.036919094619,21739.515004609704,0.0003779053804464638,0.014241423923522234,6.893520783838327e-08,6.550934825840619e-07,GOOD,0,0
SACRAMENTO VALLEY - BUTTE,Rice,Sacramento River,124233.5304,564.60337,4.522228848,4.534377778,0.381523094,0.545092624,0.07948555,0.2,0.17,851.2633133,1216.2235,177.3500304,10,45.343777779999996,2506.9157684440183,52.46360117837124,2506.9157684440183,490.430159577321,2016.4856088667,-4.88235294117647,0.033313401313909474,0.9666783001793946,7.242415727025724e-06,1.056090968846589e-06,2.26137445469149,4.0246783488332704e-05,337655.40153757256,124233.52952081019,563321.4338286024,0.000879189814440906,0.3256996449781582,7.076912421390111e-09,5.78176929027053e-07,GOOD,0,0
SACRAMENTO VALLEY - BUTTE,Safflower,Sacramento River,729.1708965,557.4262507,0.923770845,2.357007476,0.396694215,0.424242424,0.112947658,0.74,0.17,212.2655769,227.006242,60.43672676,10,23.57007476,490.43015957732075,20.013641272319436,490.43015957732075,490.430159577321,0.0,-4.88235294117647,0.24042932479345225,0.7593075350631284,0.00020781324160029746,5.532690181909241e-05,0.6966964053625044,0.001853271102615039,55.415655935825065,729.1715690404012,1718.661831010646,-0.0006725404011831415,-0.0005766785236573924,9.223357712318424e-07,3.3553937531540596e-07,GOOD,0,0
SACRAMENTO VALLEY - BUTTE,Sunflowers,Sacramento River,1480.729793,3737.650652,0.6,2.873453662,0.386904762,0.388227513,0.177248677,0.74,0.17,734.0697039,736.5793439,336.2917618,10,28.73453662,2212.9034736279996,71.94416083756249,2212.9034736279996,490.430159577321,1722.47331405068,-4.88235294117647,0.3080240956586848,0.6918972068989273,5.4029706074371084e-05,2.4667736313631997e-05,0.4726866908525616,0.0009126252188209679,488734.6636511473,1480.7297824720838,4254.805999899633,1.0527916174396523e-05,0.0024462287192363874,7.109950933766701e-09,5.749327496663979e-07,GOOD,0,0
SACRAMENTO VALLEY - BUTTE,Tomato Processing,Sacramento River,1136.166971,95.49029342,47.6427092,2.666779844,0.124471553,0.533148968,0.188806686,0.74,0.17,657.2463564,2815.18314,996.9547547,10,26.667798440000002,4521.9020551847325,157.47408144078946,4521.9020551847325,490.430159577321,4031.47189560741,-4.88235294117647,0.585179244662507,0.41472732964399245,6.89928969991931e-05,2.4432796501177872e-05,42.743480861373435,0.001189395032458967,877539.1276549469,1136.1669689705134,3029.9054643583363,2.0294867226766655e-06,0.001713322996693023,1.7862574555308609e-09,5.654704570864645e-07,GOOD,0,0
SACRAMENTO VALLEY - BUTTE,Truck Crops,Sacramento River,59.07580698,327.8976781,22.35122389,2.662234731,0.139554281,0.396137579,0.419814805,0.40613956,0.17,7441.94487,27484.23099,27982.75263,10,26.62234731,7301.33656224925,253.09868193404787,7301.33656224925,490.430159577321,6810.90640267193,-4.88235294117647,0.6970290596050147,0.30289304621114843,3.781692903705511e-05,4.007725479987883e-05,20.77445862787042,0.04167878433297562,13930.78208178052,59.07580694675082,157.27357823598533,3.324918651514963e-08,8.686802289048501e-05,5.62822383897457e-10,5.523367363063451e-07,GOOD,0,0
SACRAMENTO VALLEY - COLUSA,Alfalfa,Sacramento River,11261.861,268.0556717,6.656597948,3.537610105,0.306290873,0.200481491,0.157957374,1.86,0.17,739.7198673,484.1807412,381.4811931,10,35.37610105,1748.2980033999818,47.15125265203607,1748.2980033999818,475.896040943,1272.40196245698,-4.88235294117647,0.09379958196847879,0.9061811904591033,1.0754337107490613e-05,8.47323531033582e-06,4.116600829544713,4.77393930365639e-05,15572570.671837127,11261.860374888138,39840.04941898744,0.0006251118629734265,0.023855717969127,5.550697730805117e-08,5.987870003309726e-07,GOOD,0,0
SACRAMENTO VALLEY - COLUSA,Almonds & Pistachios,Sacramento River,223442.6209,4602.806717,0.843295181,3.61367267,0.287448101,0.299096541,0.094248449,0.4,0.17,2039.310074,2110.873995,639.9084906,10,36.136726700000004,3844.707203729531,100.40573710183345,3844.707203729531,475.896040943,3368.81116278653,-4.88235294117647,0.1672447090777922,0.832738181699861,1.3009722643412326e-05,4.0994997032138595e-06,0.5857986011073926,1.1188554761532514e-05,24717442.130175762,223442.61982917262,807448.0545082234,0.0010708273912314326,0.4379512774758041,4.792404362776755e-09,5.423891202543428e-07,GOOD,0,0
SACRAMENTO VALLEY - COLUSA,Citrus & Subtropical,Sacramento River,1868.061581,959.6666667,3.766666667,2.972946835,0.183365181,0.131883505,0.371008972,0.13,0.17,2549.235389,1743.692937,5418.931559,10,29.72946835,3584.3287188818886,113.18532249180922,3584.3287188818886,475.896040943,3108.43267793889,-4.88235294117647,0.3711166326267833,0.628831301217974,1.3654344336633239e-05,3.84118109059076e-05,3.0798652279139147,0.004117801988192429,344.48858936704903,1868.0615794155146,5553.6447812240385,1.5844852896407247e-06,0.0029835950072083506,8.481975678727503e-10,5.372315878779116e-07,GOOD,0,0
SACRAMENTO VALLEY - COLUSA,Corn,Sacramento River,12082.59918,228.9332494,6.035558353,2.826875063,0.234536008,0.556552162,0.088672787,0.3,0.17,423.9938724,1022.014707,159.5840787,10,28.26875063,1352.5914741086021,45.14614201112488,1352.5914741086021,475.896040943,876.695433165602,-4.88235294117647,0.230488891253077,0.7694011779930846,9.48230517336271e-05,1.5107702104418196e-05,4.488043161682191,0.0002758788306783287,113396.13775143777,12082.599115045945,34155.97956679241,6.495405432360712e-05,0.018751373834675178,5.3758345663840125e-09,5.489921172850641e-07,GOOD,0,0
SACRAMENTO VALLEY - COLUSA,Cotton,Sacramento River,1167.404571,1699.0,0.8,2.633766816,0.148539114,0.445240339,0.078228087,0.68,0.17,378.6944542,1135.122209,199.4393382,10,26.33766816,1332.1903243,47.926387745417856,1332.1903243,475.896040943,856.294283357,-4.88235294117647,0.3090362342500779,0.6908423471562278,0.00010327357512353285,1.8145018570666313e-05,0.6315526943272958,0.001259707450035432,156228.52068693363,1167.4045620548895,3074.6697300055084,8.945110494096298e-06,0.001689941007498419,7.662391184946198e-09,5.496330425863247e-07,GOOD,0,0
SACRAMENTO VALLEY - COLUSA,Cucurbits,Sacramento River,6312.222009,203.0,12.0,1.97136542,0.087908733,0.228781824,0.653570009,0.05,0.17,920.9338517,2396.72349,6846.813993,10,19.7136542,2415.316085234,112.16445369488719,2415.316085234,475.896040943,1939.420044291,-4.88235294117647,0.8165133788486151,0.18318834720702787,7.733837511239179e-05,0.0002209355692445711,11.532007223051734,0.0031684563647292334,0.0012616944603134638,6312.222010804589,12443.689517423152,-1.8045893739326857e-06,0.006674482376183732,2.8588813437798804e-10,5.363745846290752e-07,GOOD,0,0
SACRAMENTO VALLEY - COLUSA,Dry Beans,Sacramento River,4017.201241,1251.059374,1.148049702,2.293810917,0.272510229,0.483520066,0.106180731,1.68,0.17,521.9411016,903.6303871,214.6292221,10,22.93810917,1412.4780213090064,57.4733500852886,1412.4780213090064,475.896040943,936.581980366007,-4.88235294117647,0.5166556364368751,0.4831287046525246,0.00017682765771623364,3.8831252883985746e-05,1.0062084432495164,0.00014817233679085564,3486553.9724803315,4017.2012481265997,9214.695094897823,-7.126599484763574e-06,0.004967493925505551,1.7740210303702765e-09,5.390836263656093e-07,GOOD,0,0
SACRAMENTO VALLEY - COLUSA,Grain,Sacramento River,20557.95647,199.7380887,3.057075601,0.78906264,0.351483763,0.486359995,0.112954365,0.74,0.17,345.3012994,477.8051109,110.9675411,10,7.8906264,601.7730130321438,65.7741926160791,601.7730130321438,475.896040943,125.876972089144,-4.88235294117647,0.9949089168265296,0.004100817532527606,0.0008036276524019821,0.00018663798854078574,3.0626517751885727,6.573373931029398e-05,497146.6260936418,20557.962270360615,16221.511232962304,-0.005800360613648081,0.004172260978521081,2.8214675043759743e-07,2.572053765813781e-07,GOOD,0,0
SACRAMENTO VALLEY - COLUSA,Onions & Garlic,Sacramento River,188.4021885,216.0,21.2,2.113494575,0.178481578,0.383051703,0.272440319,0.41,0.17,887.6914461,1905.136225,1355.002253,10,21.13494575,4557.231080649999,198.5142185495281,4557.231080649999,475.896040943,4081.335039707,-4.88235294117647,0.8480135734740509,0.15186445677002317,7.127580680450153e-05,5.069394912153873e-05,20.516140704714935,0.012945838950506154,27506.555264355422,188.40218862731749,398.1867940079982,-1.2731749166050577e-07,0.00020930487914938567,6.757750144739203e-10,5.256446780231131e-07,GOOD,0,0
SACRAMENTO VALLEY - COLUSA,Other Deciduous,Sacramento River,77564.08407,1649.410689,1.87938136,3.327741402,0.215021845,0.341552948,0.346579073,0.13,0.17,2284.866179,4950.948854,6009.195442,10,33.27741402,3065.6911360053573,86.37243171199711,3065.6911360053573,475.896040943,2589.79509506236,-4.88235294117647,0.2063839391202502,0.7935697387192477,2.2991911427516854e-05,2.3330249074725883e-05,1.36341277774485,9.917357736559542e-05,11917.322642648869,77564.08394772717,258113.0745027199,0.00012227283150423318,0.13936522777657956,1.5764104349364129e-09,5.39938369245519e-07,GOOD,0,0
SACRAMENTO VALLEY - COLUSA,Pasture,Sacramento River,14272.52638,275.2428594,5.0,3.965593094,0.350906068,0.190014026,0.155066311,0.51,0.17,328.209843,177.7241242,145.0367898,10,39.65593094,1335.862379655,32.481239284148884,1335.862379655,475.896040943,859.966338712,-4.88235294117647,0.0388338129935466,0.9611561580796208,5.522298895450871e-06,4.506627936807892e-06,2.5860493942437595,0.00013738172636857933,881397.5746292329,14272.525945203284,56598.99928699332,0.00043479671512614004,0.03275946749636205,3.0463892905142424e-08,5.787990768017123e-07,GOOD,0,0
SACRAMENTO VALLEY - COLUSA,Rice,Sacramento River,178565.7495,543.3848257,4.926284761,4.534377778,0.381523094,0.545092624,0.07948555,0.2,0.17,851.2633133,1216.2235,177.3500304,10,45.343777779999996,2630.518507156551,55.003346619562755,2630.518507156551,475.896040943,2154.62246621355,-4.88235294117647,0.03489834668707816,0.9650933684121659,7.230541316733168e-06,1.0543594392102066e-06,2.4865582880194026,2.8000890506720606e-05,518565.7455889463,178565.74835303612,809684.1225820916,0.0011469638848211616,0.44386262295302004,6.4232020308080505e-09,5.481920260651616e-07,GOOD,0,0
SACRAMENTO VALLEY - COLUSA,Safflower,Sacramento River,1174.345641,556.0,0.9,2.357007476,0.396694215,0.424242424,0.112947658,0.74,0.17,212.2655769,227.006242,60.43672676,10,23.57007476,475.896040943,19.448752238887185,475.896040943,475.896040943,0.0,-4.88235294117647,0.2349828058524131,0.7647521671517361,0.00020930337121367006,5.572362463705104e-05,0.6757881704404477,0.0011507270978590464,89.24812318176764,1174.3434941018245,2767.9348515628,0.0021468981753969274,0.006603682212244166,1.8281654910123072e-06,2.385773803029957e-06,GOOD,0,0
SACRAMENTO VALLEY - COLUSA,Sunflowers,Sacramento River,8833.819337,3838.590348,0.6,2.873453662,0.386904762,0.388227513,0.177248677,0.74,0.17,734.0697039,736.5793439,336.2917618,10,28.73453662,2273.467291228,73.88709836705921,2273.467291228,475.896040943,1797.571250285,-4.88235294117647,0.31380778984433877,0.6861141704846453,5.3578113331163696e-05,2.44615576848744e-05,0.47445732428821485,0.00015297475528974034,3042813.803817791,8833.819274562898,25383.556657461642,6.243710231501609e-05,0.013865887423889944,7.067962331253649e-09,5.462544133078289e-07,GOOD,0,0
SACRAMENTO VALLEY - COLUSA,Tomato Processing,Sacramento River,13259.83882,95.0,50.67392423,2.666779844,0.124471553,0.533148968,0.188806686,0.74,0.17,657.2463564,2815.18314,996.9547547,10,26.667798440000002,4786.508576202999,166.63320565990284,4786.508576202999,475.896040943,4310.61253526,-4.88235294117647,0.5989131721691174,0.4009964952846881,6.670867319007575e-05,2.362387300443063e-05,45.67640438991386,0.00010191310540766826,10950578.368969712,13259.838795647442,35361.05190033212,2.4352559194085188e-05,0.018999532629095484,1.8365652497490302e-09,5.373008267452713e-07,GOOD,0,0
SACRAMENTO VALLEY - COLUSA,Truck Crops,Sacramento River,406.6506532,1413.31104,19.43949568,2.662234731,0.139554281,0.396137579,0.419814805,0.381092436,0.17,7441.94487,27484.23099,27982.75263,10,26.62234731,27446.47600260131,948.7962914522511,27446.47600260131,475.896040943,26970.5799616583,-4.88235294117647,0.8963542192732405,0.10361913327506882,1.2937099279634122e-05,1.3710352411037578e-05,19.012568601368383,0.006452799884150322,303068.14436472,406.65065313958553,1082.5989184940854,6.041449296390056e-08,0.0005738387908422737,1.4856607874225481e-10,5.300564011957162e-07,GOOD,0,0
SACRAMENTO VALLEY - COLUSA,Vineyard,Sacramento River,2979.843929,1738.181214,10.36744814,2.661751325,0.302297005,0.200476183,0.304083218,0.13,0.17,2773.231975,2743.166444,4105.247296,10,26.617513250000002,17993.07922441124,625.8077976113952,17993.07922441124,475.896040943,17517.1831834682,-4.88235294117647,0.8502144275360517,0.14976173127090917,9.472802150117602e-06,1.436839088903184e-05,10.031639649121248,0.002581446503773484,3096.576780164231,2979.8439287669994,7931.59929857068,2.3300071916310117e-07,0.0042277382763131754,7.819225594183835e-11,5.330244082788379e-07,GOOD,0,0
SACRAMENTO VALLEY - CORNING,Alfalfa,Sacramento River,1487.058699,269.8935267,6.236882445,3.537610105,0.306290873,0.200481491,0.157957374,1.86,0.17,739.7198673,484.1807412,381.4811931,10,35.37610105,1647.2533679063688,44.481142555227905,1647.2533679063688,555.798255095653,1091.45511281072,-4.88235294117647,0.08886094290272811,0.9111197247378354,1.0812946426476219e-05,8.519413010195877e-06,3.8155045352126447,0.00036154215631413385,1763912.898781343,1487.0580307295866,5260.6227431587795,0.0006682704133709194,0.011137151774164522,4.4939074282697126e-07,2.1170741069528785e-06,GOOD,0,0
SACRAMENTO VALLEY - CORNING,Almonds & Pistachios,Sacramento River,12765.36373,4754.887721,0.773452267,3.61367267,0.287448101,0.299096541,0.094248449,0.4,0.17,2039.310074,2110.873995,639.9084906,10,36.136726700000004,3640.8611673469136,95.13272894236974,3640.8611673469136,555.798255095653,3085.06291225126,-4.88235294117647,0.15979491576365468,0.8401878219556251,1.3126107067293143e-05,4.1361736527080645e-06,0.5323482445113061,0.00019584244153769993,1293187.4117541974,12765.363281354406,46129.76833621039,0.0004486455927690258,0.0776974998661899,3.514553930920587e-08,1.6843216820929985e-06,GOOD,0,0
SACRAMENTO VALLEY - CORNING,Citrus & Subtropical,Sacramento River,1784.775866,1103.5,3.7,2.972946835,0.183365181,0.131883505,0.371008972,0.13,0.17,2549.235389,1743.692937,5418.931559,10,29.72946835,4052.534273992,127.84583239936613,4052.534273992,555.798255095653,3496.73601889635,-4.88235294117647,0.40019225383828727,0.5997580872188188,1.3023053123635096e-05,3.663588977030331e-05,3.0718484114979496,0.004309957255051594,370.24216226025936,1784.7758520971443,5306.034994284044,1.3902855698688654e-05,0.008767725040343066,7.789692791984814e-09,1.6524034541741602e-06,GOOD,0,0
SACRAMENTO VALLEY - CORNING,Corn,Sacramento River,1365.02664,227.9768413,5.774421032,2.826875063,0.234536008,0.556552162,0.088672787,0.3,0.17,423.9938724,1022.014707,159.5840787,10,28.26875063,1287.2857556246463,43.01238220729972,1287.2857556246463,555.798255095653,731.487500528993,-4.88235294117647,0.2218305753186595,0.7780582570185265,9.588997322500402e-05,1.5277689589168255e-05,4.261245201787893,0.0024419547836321592,10689.57019123525,1365.026530585949,3858.7530219898354,0.00010941405093944923,0.0067469568434717075,8.015524952644823e-08,1.7484780726096915e-06,GOOD,0,0
SACRAMENTO VALLEY - CORNING,Dry Beans,Sacramento River,44.18771134,1188.0,1.3,2.293810917,0.272510229,0.483520066,0.106180731,1.68,0.17,521.9411016,903.6303871,214.6292221,10,22.93810917,1520.599679804,61.7998888562996,1520.599679804,555.798255095653,964.801424708347,-4.88235294117647,0.5350406264614493,0.4647519176550652,0.00017010165661172883,3.7354226873687495e-05,1.1473007306412475,0.013470670401054883,39505.972403272,44.187700257301145,101.35806325715474,1.1082698854636419e-05,0.000191411781955253,2.5080952415392555e-07,1.8884676199334265e-06,GOOD,0,0
SACRAMENTO VALLEY - CORNING,Grain,Sacramento River,5796.708944,210.894477,2.677356409,0.78906264,0.351483763,0.486359995,0.112954365,0.74,0.17,345.3012994,477.8051109,110.9675411,10,7.8906264,555.7982550956531,60.82188163551985,555.7982550956531,555.798255095653,0.0,-4.88235294117647,0.9944903753613911,0.004437948575146176,0.0008696944369351632,0.00020198162652757638,2.6826399153135925,0.00023312389226478152,390.3319010939654,5796.711892758905,4573.96121622674,-0.0029487589054042473,0.005246437512141711,5.086953534999234e-07,1.1470214211159204e-06,GOOD,0,0
SACRAMENTO VALLEY - CORNING,Other Deciduous,Sacramento River,15055.78563,1739.085959,2.022984734,3.327741402,0.215021845,0.341552948,0.346579073,0.13,0.17,2284.866179,4950.948854,6009.195442,10,33.27741402,3483.96377828475,98.02685766353629,3483.96377828475,555.798255095653,2928.1655231891,-4.88235294117647,0.22811734454969804,0.7718376018355664,2.236227128124984e-05,2.2691343454105078e-05,1.4975936941016488,0.0005109203784743109,2615.4565153301196,15055.785467167903,50101.67804254868,0.0001628320969757624,0.0831380389718106,1.081525075990089e-08,1.6593835628281892e-06,GOOD,0,0
SACRAMENTO VALLEY - CORNING,Pasture,Sacramento River,7694.089861,287.120707,5.0,3.965593094,0.350906068,0.190014026,0.155066311,0.51,0.17,328.209843,177.7241242,145.0367898,10,39.65593094,1395.251617655,33.8829367193422,1395.251617655,555.798255095653,839.453362559347,-4.88235294117647,0.04048993198903307,0.959500056364285,5.512783804072142e-06,4.498862877827839e-06,2.607603370829807,0.00025484291828515855,463818.1084775932,7694.088436374967,30511.572728578267,0.0014246250329961185,0.05688881875539664,1.851583564441188e-07,1.8644962418841096e-06,GOOD,0,0
SACRAMENTO VALLEY - CORNING,Rice,Sacramento River,66.29221535,549.0,4.6,4.534377778,0.381523094,0.545092624,0.07948555,0.2,0.17,851.2633133,1216.2235,177.3500304,10,45.343777779999996,2479.050120952,51.89102769075379,2479.050120952,555.798255095653,1923.25186585635,-4.88235294117647,0.03295536357608451,0.9670363348436501,7.245098145657382e-06,1.0564821198379619e-06,2.2952742475437855,0.07542363720388173,171.84718611994427,66.29221287299798,300.59343908777845,2.477002027490016e-06,0.0005090496520665511,3.736490045493729e-08,1.6934793771490547e-06,GOOD,0,0
SACRAMENTO VALLEY - CORNING,Sunflowers,Sacramento River,83.27651041,3732.0,0.6,2.873453662,0.386904762,0.388227513,0.177248677,0.74,0.17,734.0697039,736.5793439,336.2917618,10,28.73453662,2209.5130824279995,71.83539427423813,2209.5130824279995,555.798255095653,1653.71482733235,-4.88235294117647,0.3076974386011704,0.6922238268061959,5.405521156479916e-05,2.4679381069047908e-05,0.47258591582132026,0.016227281194879158,26389.552120603657,83.27650296390422,239.29077857510308,7.446095779073403e-06,0.0004152210925667532,8.94141186081599e-08,1.7352125917362304e-06,GOOD,0,0
SACRAMENTO VALLEY - CORNING,Truck Crops,Sacramento River,28.30385648,2654.838885,14.56835642,2.662234731,0.139554281,0.396137579,0.419814805,0.339190163,0.17,7441.94487,27484.23099,27982.75263,10,26.62234731,38649.06126038039,1335.6693536783507,38649.06126038039,555.798255095653,38093.2630052847,-4.88235294117647,0.9241165626256013,0.07586392765371953,9.47179476201325e-06,1.0037925917183973e-05,14.336854045757386,0.1041624383988538,19175.7428987526,28.303856434802423,75.3513884831658,4.519757723642215e-08,0.00012125912959959351,1.5968699271902945e-09,1.6092461851700602e-06,GOOD,0,0
SACRAMENTO VALLEY - CORNING,Vineyard,Sacramento River,20.78994879,1849.908129,10.02560391,2.661751325,0.302297005,0.200476183,0.304083218,0.13,0.17,2773.231975,2743.166444,4105.247296,10,26.617513250000002,18519.02180158718,644.0724906136982,18519.02180158718,555.798255095653,17963.2235464915,-4.88235294117647,0.8538465712190755,0.14613016571191476,9.243096592205045e-06,1.4019972417584109e-05,9.709256802467273,0.3700012813888077,22.154480520511076,20.789948763043956,55.337585167169344,2.695604450764222e-08,8.857129530071006e-05,1.2965902311701758e-09,1.6005605099938466e-06,GOOD,0,0
SACRAMENTO VALLEY - LOS MOLINOS,Alfalfa,Sacramento River,28.69296742,277.0,6.0,3.537610105,0.306290873,0.200481491,0.157957374,1.86,0.17,739.7198673,484.1807412,381.4811931,10,35.37610105,1625.959169212,43.91844217376266,1625.959169212,539.496040943,1086.463128269,-4.88235294117647,0.08781329630398509,0.91216734910783,1.0825379376702473e-05,8.529208808097299e-06,3.6618912181248002,0.018737497615091584,33879.27918289524,28.692956653484778,101.50416309707377,1.0766515220694828e-05,0.00036839035401214915,3.7523184908334687e-07,3.6292995850907157e-06,GOOD,0,0
SACRAMENTO VALLEY - LOS MOLINOS,Almonds & Pistachios,Sacramento River,210.77858,4778.401792,0.930364278,3.61367267,0.287448101,0.299096541,0.094248449,0.4,0.17,2039.310074,2110.873995,639.9084906,10,36.136726700000004,4408.836813416986,114.99841737987235,4408.836813416986,539.496040943,3869.34077247399,-4.88235294117647,0.18718929200840384,0.8127940085370501,1.2698138322070533e-05,4.0013162239900665e-06,0.6612049369107827,0.011860787751772498,26780.550652163023,210.77857490438592,761.6823171604688,5.095614085348643e-06,0.0024768069398533044,2.4175198852505045e-08,3.251747913926825e-06,GOOD,0,0
SACRAMENTO VALLEY - LOS MOLINOS,Citrus & Subtropical,Sacramento River,6.773498759,1088.0,3.4,2.972946835,0.183365181,0.131883505,0.371008972,0.13,0.17,2549.235389,1743.692937,5418.931559,10,29.72946835,3668.7842739919997,115.82980521724124,3668.7842739919997,539.496040943,3129.288233049,-4.88235294117647,0.3765679033234387,0.623380481839832,1.3535986098800942e-05,3.8078850630504765e-05,2.7882609102022906,1.1356476122604826,1.2574787029396903,6.773498727565554,20.137188515844414,3.143444615716362e-08,6.318160106388859e-05,4.640798983744764e-09,3.1375483612743205e-06,GOOD,0,0
SACRAMENTO VALLEY - LOS MOLINOS,Corn,Sacramento River,90.81642469,221.0,5.6,2.826875063,0.234536008,0.556552162,0.088672787,0.3,0.17,423.9938724,1022.014707,159.5840787,10,28.26875063,1208.4514884129999,40.43659873159158,1208.4514884129999,539.496040943,668.95544747,-4.88235294117647,0.21111548616174425,0.7887718154401276,9.721034071795828e-05,1.548805740993769e-05,4.092037067302583,0.03670408017835538,650.4094068735166,90.81642120786624,256.7258366567029,3.4821337635548844e-06,0.000849610275622581,3.8342555054783055e-08,3.3093960272561746e-06,GOOD,0,0
SACRAMENTO VALLEY - LOS MOLINOS,Grain,Sacramento River,46.94787095,216.0,2.6,0.78906264,0.351483763,0.486359995,0.112954365,0.74,0.17,345.3012994,477.8051109,110.9675411,10,7.8906264,552.758575477,60.494453293784325,552.758575477,539.496040943,13.2625345340001,-4.88235294117647,0.9944602643251628,0.004462202719319424,0.0008744474650297714,0.00020308549048796156,2.60515878424174,0.028784081663480655,122.44738558862443,46.948633009643984,37.04529389189653,-0.000762059643982127,-0.0004828977102135923,1.623203839837016e-05,1.3035502065036224e-05,GOOD,0,0
SACRAMENTO VALLEY - LOS MOLINOS,Other Deciduous,Sacramento River,1494.273963,2153.025639,1.987283773,3.327741402,0.215021845,0.341552948,0.346579073,0.13,0.17,2284.866179,4950.948854,6009.195442,10,33.27741402,4244.4923473516565,119.21763849949582,4244.4923473516565,539.496040943,3704.99630640866,-4.88235294117647,0.264729118606856,0.735227964751887,2.1301588782721137e-05,2.16150524742146e-05,1.516168600526288,0.005147856338782831,328.4428263950942,1494.2739535617163,4972.541246797365,9.438283768758993e-06,0.016085808351817832,6.316300760410822e-09,3.2349166185256543e-06,GOOD,0,0
SACRAMENTO VALLEY - LOS MOLINOS,Pasture,Sacramento River,7319.13445,272.0,5.0,3.965593094,0.350906068,0.190014026,0.155066311,0.51,0.17,328.209843,177.7241242,145.0367898,10,39.65593094,1319.648082655,32.09855145578573,1319.648082655,539.496040943,780.152041712,-4.88235294117647,0.03838066969881396,0.9616092966462008,5.524902391859518e-06,4.508752593562393e-06,2.5800285122172038,0.00026789838704568275,410059.27654595824,7319.133014091118,29024.60755211809,0.0014359088818309829,0.10147685939591611,1.9618561342741598e-07,3.4962231419651564e-06,GOOD,0,0
SACRAMENTO VALLEY - LOS MOLINOS,Safflower,Sacramento River,143.1242232,564.0,1.0,2.357007476,0.396694215,0.424242424,0.112947658,0.74,0.17,212.2655769,227.006242,60.43672676,10,23.57007476,539.4960409429999,21.92065600066421,539.4960409429999,539.496040943,0.0,-4.88235294117647,0.25825689853674866,0.7414861373748913,0.00020293574170411542,5.402834665580916e-05,0.7646499335776759,0.009441807411335186,10.877179474665764,143.12502026304387,337.34561683103436,-0.0007970630438762782,-0.0007527519417180883,5.569029658679596e-06,2.231401814202812e-06,GOOD,0,0
SACRAMENTO VALLEY - LOS MOLINOS,Truck Crops,Sacramento River,34.72675648,133.0,22.8,2.662234731,0.139554281,0.396137579,0.419814805,0.41,0.17,7441.94487,27484.23099,27982.75263,10,26.62234731,3004.822146025,104.72170904298945,3004.822146025,539.496040943,2465.326105082,-4.88235294117647,0.4863480177649145,0.5135199217084878,6.411420361504883e-05,6.794632298285948e-05,19.70716361701744,0.07023473072265177,3062.6135677439797,34.72675616627535,92.45047948957698,3.137246480378053e-07,0.0002977064583262745,9.034090132157524e-09,3.2201617699222705e-06,GOOD,0,0
SACRAMENTO VALLEY - LOS MOLINOS,Vineyard,Sacramento River,32.95819986,1849.908129,10.02560391,2.661751325,0.302297005,0.200476183,0.304083218,0.13,0.17,2773.231975,2743.166444,4105.247296,10,26.617513250000002,18519.02180158718,644.0724906136982,18519.02180158718,539.496040943,17979.5257606442,-4.88235294117647,0.8538465712190758,0.14613016571191453,9.243096592205027e-06,1.401997241758408e-05,9.709256802467273,0.23339586885761704,35.15325832972635,32.95819984707976,87.72625258238749,1.2920239100822073e-08,0.0002795645823283621,3.920189560019882e-10,3.186773436569938e-06,GOOD,0,0
SACRAMENTO VALLEY - NORTH AMERICAN,Alfalfa,Sacramento River,3222.621981,284.2801478,7.135551533,3.537610105,0.306290873,0.200481491,0.157957374,1.86,0.17,739.7198673,484.1807412,381.4811931,10,35.37610105,1992.4548136477567,53.60310990365896,1992.4548136477567,518.257762051173,1474.19705159658,-4.88235294117647,0.10551482631678685,0.8944661946824188,1.061530639804555e-05,8.3636943963105e-06,4.518187911393492,0.00016683136023149672,5162694.345867101,3222.621405699725,11400.367885901665,0.0005753002747042046,0.01219867905274441,1.785193169090485e-07,1.0700238906282966e-06,GOOD,0,0
SACRAMENTO VALLEY - NORTH AMERICAN,Almonds & Pistachios,Sacramento River,6266.072539,4601.800118,0.549226813,3.61367267,0.287448101,0.299096541,0.094248449,0.4,0.17,2039.310074,2110.873995,639.9084906,10,36.136726700000004,2490.614493081164,65.3786056519132,2490.614493081164,518.257762051173,1972.35673102999,-4.88235294117647,0.11512691405775277,0.8848549059432237,1.3823933090812872e-05,4.356065932868443e-06,0.3537998926380972,0.00039897399598233404,405852.25192616094,6266.072354202974,22643.514290291423,0.00018479702612239635,0.02079213038450689,2.94916831830817e-08,9.182369408674106e-07,GOOD,0,0
SACRAMENTO VALLEY - NORTH AMERICAN,Citrus & Subtropical,Sacramento River,91.09683955,1059.333333,2.266666667,2.972946835,0.183365181,0.131883505,0.371008972,0.13,0.17,2549.235389,1743.692937,5418.931559,10,29.72946835,2370.739829145111,75.18527796542,2370.739829145111,518.257762051173,1852.48206709394,-4.88235294117647,0.280744351848319,0.7191960999457996,1.5616511416023876e-05,4.393169446539415e-05,1.7519358643285128,0.08444099411468213,10.011908616082321,91.09683883203701,270.82582031666556,7.179629903930618e-07,0.00024050200977399072,7.881316124024215e-09,8.880312664408345e-07,GOOD,0,0
SACRAMENTO VALLEY - NORTH AMERICAN,Corn,Sacramento River,977.5315608,248.4627258,6.361128724,2.826875063,0.234536008,0.556552162,0.088672787,0.3,0.17,423.9938724,1022.014707,159.5840787,10,28.26875063,1551.354870342716,51.64041778362585,1551.354870342716,518.257762051173,1033.09710829154,-4.88235294117647,0.25569441582443486,0.7441992542304555,9.171709948259976e-05,1.4612845626998714e-05,4.829102749199603,0.0034099495781040293,10810.443192753446,977.5315310337714,2763.3570451429564,2.9766228522021265e-05,0.002547378031977132,3.0450401517124364e-08,9.218409500057797e-07,GOOD,0,0
SACRAMENTO VALLEY - NORTH AMERICAN,Cucurbits,Sacramento River,275.5300049,203.0,12.0,1.97136542,0.087908733,0.228781824,0.653570009,0.05,0.17,920.9338517,2396.72349,6846.813993,10,19.7136542,2415.316085234,112.16445369488719,2415.316085234,518.257762051173,1897.05832318283,-4.88235294117647,0.8165133788486154,0.18318834720702762,7.733837511239173e-05,0.00022093556924457095,11.532007223051735,0.07258737576424294,5.387038430634683e-05,275.53000445870674,543.1698450723762,4.4129325260655605e-07,0.0004787599142446197,1.6016159574588533e-09,8.81417657111256e-07,GOOD,0,0
SACRAMENTO VALLEY - NORTH AMERICAN,Dry Beans,Sacramento River,284.0057639,1366.283453,0.938940486,2.293810917,0.272510229,0.483520066,0.106180731,1.68,0.17,521.9411016,903.6303871,214.6292221,10,22.93810917,1259.058529177578,51.33419729966817,1259.058529177578,518.257762051173,740.800767126405,-4.88235294117647,0.48792468038687653,0.5118468415053848,0.00018733864748927522,4.113946024933442e-05,0.8136792556835694,0.0020958662495585193,194979.50740252106,284.0057140743418,651.454828183422,4.9825658152258256e-05,0.0006935413224482545,1.7543889767604207e-07,1.064602723163796e-06,GOOD,0,0
SACRAMENTO VALLEY - NORTH AMERICAN,Grain,Sacramento River,17051.68711,190.0848062,2.772968535,0.78906264,0.351483763,0.486359995,0.112954365,0.74,0.17,345.3012994,477.8051109,110.9675411,10,7.8906264,518.2577620511729,56.77809316845265,518.2577620511729,518.257762051173,0.0,-4.88235294117647,0.9940939064476974,0.004757300394195116,0.0009322770684706896,0.00021651608963678902,2.7788328875672397,7.925030189879854e-05,1148.2062513066148,17051.691709770745,13454.840911650546,-0.004599770745699061,0.008335820024512941,2.6975458299381506e-07,6.195402022865491e-07,GOOD,0,0
SACRAMENTO VALLEY - NORTH AMERICAN,Onions & Garlic,Sacramento River,14.18800314,495.9719202,11.53054091,2.113494575,0.178481578,0.383051703,0.272440319,0.41,0.17,887.6914461,1905.136225,1355.002253,10,21.13494575,5696.855596727354,247.91840929222994,5696.855596727354,518.257762051173,5178.59783467618,-4.88235294117647,0.8746042478950322,0.1252951214787468,5.8805800000915804e-05,4.182482622012961e-05,11.2271920609356,0.17190751694772338,2628.3152318834946,14.188003064219783,29.98624300415212,7.578021588017236e-08,2.4662320843304997e-05,5.3411473857463756e-09,8.224538351226497e-07,GOOD,0,0
SACRAMENTO VALLEY - NORTH AMERICAN,Other Deciduous,Sacramento River,19182.94132,1756.949957,1.725053902,3.327741402,0.215021845,0.341552948,0.346579073,0.13,0.17,2284.866179,4950.948854,6009.195442,10,33.27741402,2996.6528110555823,84.44880113085092,2996.6528110555823,518.257762051173,2478.39504900441,-4.88235294117647,0.20267849075810138,0.7972749708000203,2.309926225462501e-05,2.3439179623745555e-05,1.2468838454207,0.00040099730088251616,2820.590096392699,19182.9411884933,63835.811058176696,0.00013150670201866888,0.05698452384240227,6.855398232468183e-09,8.926724988572987e-07,GOOD,0,0
SACRAMENTO VALLEY - NORTH AMERICAN,Pasture,Sacramento River,7505.827176,172.5909001,5.0,3.965593094,0.350906068,0.190014026,0.155066311,0.51,0.17,328.209843,177.7241242,145.0367898,10,39.65593094,822.602583155,20.367345175221416,822.602583155,518.257762051173,304.344821103827,-4.88235294117647,0.02427932254474243,0.9757104966650725,5.605920487237834e-06,4.574869697857427e-06,2.357529762071093,0.00026123494023352,164163.7608704377,7505.825120920582,29765.02093238381,0.002055079417914385,0.03548151930954191,2.737978599461407e-07,1.1920528157631394e-06,GOOD,0,0
SACRAMENTO VALLEY - NORTH AMERICAN,Rice,Sacramento River,56307.03466,554.6265155,4.350005107,4.534377778,0.381523094,0.545092624,0.07948555,0.2,0.17,851.2633133,1216.2235,177.3500304,10,45.343777779999996,2366.278295854615,49.57383203902921,2366.278295854615,518.257762051173,1848.02053380344,-4.88235294117647,0.03150367803071515,0.9684880079270463,7.255974173357333e-06,1.0580680650617332e-06,2.150980039040618,8.879885133698852e-05,140254.46168342163,56307.033484798994,255317.13340713215,0.0011752010032068938,0.2333002476079855,2.0871299834969747e-08,9.137656815776729e-07,GOOD,0,0
SACRAMENTO VALLEY - NORTH AMERICAN,Safflower,Sacramento River,261.7399337,580.9754582,1.033450199,2.357007476,0.396694215,0.424242424,0.112947658,0.74,0.17,212.2655769,227.006242,60.43672676,10,23.57007476,575.9052438339062,23.335751057100282,575.9052438339062,518.257762051173,57.6474817827333,-4.88235294117647,0.2709541712657867,0.7287932633967215,0.0001994618564009645,5.310348109085209e-05,0.7975922242344904,0.005162954434382328,2910.555754779605,261.73966460292786,616.9217855870113,0.0002690970721346275,0.001194911633092488,1.0281085821740144e-06,1.936889483557038e-06,GOOD,0,0
SACRAMENTO VALLEY - NORTH AMERICAN,Sunflowers,Sacramento River,417.6073916,3512.820364,0.6,2.873453662,0.386904762,0.388227513,0.177248677,0.74,0.17,734.0697039,736.5793439,336.2917618,10,28.73453662,2078.0053008279997,67.61651550442463,2078.0053008279997,518.257762051173,1559.74753877683,-4.88235294117647,0.29478451585689164,0.7051352809820064,5.506345681735392e-05,2.513970428448901e-05,0.468533682054798,0.0032359373385941557,124818.07682143999,417.60737035167233,1199.9743636470362,2.124832769823115e-05,0.0011250242521327891,5.088111016622904e-08,9.375393603901931e-07,GOOD,0,0
SACRAMENTO VALLEY - NORTH AMERICAN,Tomato Processing,Sacramento River,300.6240858,103.2908517,39.89825454,2.666779844,0.124471553,0.533148968,0.188806686,0.74,0.17,657.2463564,2815.18314,996.9547547,10,26.667798440000002,4093.6104671329917,142.64914121682418,4093.6104671329917,518.257762051173,3575.35270508182,-4.88235294117647,0.5608393453809447,0.43906174710734597,7.304110370653913e-05,2.5866408002901676e-05,35.489864266474626,0.004495153300026606,205923.10016849975,300.6240797889135,801.6975315153671,6.011086497892393e-06,0.0007211169994434385,1.9995358927732307e-08,8.994868045123706e-07,GOOD,0,0
SACRAMENTO VALLEY - NORTH AMERICAN,Truck Crops,Sacramento River,279.6261938,775.3457323,21.38797527,2.662234731,0.139554281,0.396137579,0.419814805,0.397853551,0.17,7441.94487,27484.23099,27982.75263,10,26.62234731,16555.49749415744,572.6843396798233,16555.49749415744,518.257762051173,16037.2397321063,-4.88235294117647,0.8391396202643796,0.16081902234347292,2.007864370558087e-05,2.1278748441896528e-05,20.640335679704137,0.008988741893779587,144490.95428831605,279.62619313144904,744.4299116553532,6.685509674753121e-07,0.0006531763436896654,2.390873896289869e-09,8.774174174824988e-07,GOOD,0,0
SACRAMENTO VALLEY - NORTH AMERICAN,Vineyard,Sacramento River,60.99858761,1732.281685,10.45176904,2.661751325,0.302297005,0.200476183,0.304083218,0.13,0.17,2773.231975,2743.166444,4105.247296,10,26.617513250000002,18077.98371418603,628.7563218563432,18077.98371418603,518.257762051173,17559.7259521349,-4.88235294117647,0.8508129458951055,0.1491633081773172,9.434950400411246e-06,1.4310977176912036e-05,10.114672462880904,0.12610632464950103,63.54209915507464,60.9985875665442,162.36293068206842,4.345579895925766e-08,0.0001407119776501986,7.124066418897475e-10,8.666501344304982e-07,GOOD,0,0
SACRAMENTO VALLEY - NORTH YUBA,Alfalfa,Sacramento River,25.53578782,311.0,6.1,3.537610105,0.306290873,0.200481491,0.157957374,1.86,0.17,739.7198673,484.1807412,381.4811931,10,35.37610105,1861.059169212,50.13097271230152,1861.059169212,523.958575477,1337.100593735,-4.88235294117647,0.09924804655208269,0.9007328414798905,1.0689677432120357e-05,8.42229059482002e-06,3.8153173603434074,0.021054153973705383,37105.14241889924,25.5357781370195,90.33546887160821,9.682980500969052e-06,0.00019215955971674248,3.791925500487281e-07,2.1271727856227556e-06,GOOD,0,0
SACRAMENTO VALLEY - NORTH YUBA,Almonds & Pistachios,Sacramento River,793.8739567,4651.629628,0.70086082,3.61367267,0.287448101,0.299096541,0.094248449,0.4,0.17,2039.310074,2110.873995,639.9084906,10,36.136726700000004,3223.327435625375,84.3321325055251,3223.327435625375,523.958575477,2699.36886014838,-4.88235294117647,0.14411177021852162,0.8558706452855445,1.3371117067160568e-05,4.213378866783058e-06,0.47241050729294864,0.003149114514843235,70369.3953659483,793.873923672711,2868.795466660597,3.302728896414919e-05,0.005154090956693835,4.160268602516961e-08,1.7966013111582474e-06,GOOD,0,0
SACRAMENTO VALLEY - NORTH YUBA,Citrus & Subtropical,Sacramento River,296.9908027,832.0,2.8,2.972946835,0.183365181,0.131883505,0.371008972,0.13,0.17,2549.235389,1743.692937,5418.931559,10,29.72946835,2299.184273992,72.94472162469864,2299.184273992,523.958575477,1775.225698515,-4.88235294117647,0.2745980252834533,0.7253419176474807,1.574996073854708e-05,4.430710832752521e-05,2.154539043675109,0.02590082797977397,31.279370285202194,296.99079801744546,882.9363021212976,4.682554560986318e-06,0.0015647897770350028,1.576666522470165e-08,1.7722535590294274e-06,GOOD,0,0
SACRAMENTO VALLEY - NORTH YUBA,Corn,Sacramento River,189.8152257,253.0,6.6,2.826875063,0.234536008,0.556552162,0.088672787,0.3,0.17,423.9938724,1022.014707,159.5840787,10,28.26875063,1640.6514884130002,54.55804182450842,1640.6514884130002,523.958575477,1116.692912936,-4.88235294117647,0.266488514095984,0.7334066979812975,9.038699608683756e-05,1.4400926631523858e-05,5.05202612221107,0.017560937596236954,2268.9712416909965,189.81521548352828,536.582953480261,1.0216471736157473e-05,0.0009746287857979041,5.3823246783714e-08,1.8163585130709245e-06,GOOD,0,0
SACRAMENTO VALLEY - NORTH YUBA,Cucurbits,Sacramento River,2.00167702,203.0,12.0,1.97136542,0.087908733,0.228781824,0.653570009,0.05,0.17,920.9338517,2396.72349,6846.813993,10,19.7136542,2415.316085234,112.16445369488719,2415.316085234,523.958575477,1891.357509757,-4.88235294117647,0.8165133788486151,0.18318834720702787,7.733837511239182e-05,0.00022093556924457112,11.532007223051734,9.991621925099585,3.9018285571555337e-07,2.0016770142690516,3.9460318367044596,5.730948160476146e-09,5.022532188370121e-06,2.8630733645911297e-09,1.272804174804824e-06,GOOD,0,0
SACRAMENTO VALLEY - NORTH YUBA,Grain,Sacramento River,74.66983645,222.0,2.4,0.78906264,0.351483763,0.486359995,0.112954365,0.74,0.17,345.3012994,477.8051109,110.9675411,10,7.8906264,523.958575477,57.392173637692814,523.958575477,523.958575477,0.0,-4.88235294117647,0.9941577481209766,0.004705876552908677,0.0009221996581683006,0.00021417566794657418,2.405020945655363,0.018097687307193123,5.028028748290381,74.67106414958364,58.92004508439077,-0.0012276995836373317,-0.0008668067855381878,1.6441707147161317e-05,1.4711793525940177e-05,GOOD,0,0
SACRAMENTO VALLEY - NORTH YUBA,Other Deciduous,Sacramento River,921.935179,1603.648369,1.86919762,3.327741402,0.215021845,0.341552948,0.346579073,0.13,0.17,2284.866179,4950.948854,6009.195442,10,33.27741402,2963.3551467656816,83.52102072257206,2963.3551467656816,523.958575477,2439.39657128868,-4.88235294117647,0.20087893037685406,0.7990744261436693,2.3151397455679594e-05,2.349208202074717e-05,1.3486412100468617,0.008343653510056255,133.42513285573375,921.935166640451,3067.9564394946597,1.2359548918539076e-05,0.005425623920928047,1.3406093183194474e-08,1.7684782795428714e-06,GOOD,0,0
SACRAMENTO VALLEY - NORTH YUBA,Pasture,Sacramento River,763.7727344,211.1296004,5.0,3.965593094,0.350906068,0.190014026,0.155066311,0.51,0.17,328.209843,177.7241242,145.0367898,10,39.65593094,1015.296084655,24.915273317201763,1015.296084655,523.958575477,491.337509178,-4.88235294117647,0.029794911462552465,0.9701949652975992,5.574231138402697e-06,4.549008709985635e-06,2.4540364597621713,0.0025672352853310892,26956.685697174886,763.772483486214,3028.8054239747016,0.00025091378597608127,0.006456947434344329,3.2851890971624253e-07,2.1318416884902344e-06,GOOD,0,0
SACRAMENTO VALLEY - NORTH YUBA,Rice,Sacramento River,21675.60345,607.0091097,4.302831115,4.534377778,0.381523094,0.545092624,0.07948555,0.2,0.17,851.2633133,1216.2235,177.3500304,10,45.343777779999996,2565.507805257608,53.667529666829175,2565.507805257608,523.958575477,2041.54922978061,-4.88235294117647,0.03406536951749673,0.9659263384310671,7.236781981454729e-06,1.055269454583592e-06,2.1613406094102716,0.00023067408533901742,59644.41635674554,21675.602654227456,98285.19734400188,0.0007957725429150742,0.17726441824925132,3.6712820694967744e-08,1.8035686281452605e-06,GOOD,0,0
SACRAMENTO VALLEY - NORTH YUBA,Safflower,Sacramento River,7.12631384,567.0,1.1,2.357007476,0.396694215,0.424242424,0.112947658,0.74,0.17,212.2655769,227.006242,60.43672676,10,23.57007476,599.196040943,24.240980758181326,599.196040943,523.958575477,75.237465466,-4.88235294117647,0.2788510431632613,0.7208991272341451,0.00019730132730066686,5.25282752931418e-05,0.8536908263468955,0.1896283803508928,103.25954699219291,7.126303303752777,16.796721809547787,1.0536247223136286e-05,5.3187654483366487e-05,1.478498906965945e-06,3.1665396775408144e-06,GOOD,0,0
SACRAMENTO VALLEY - NORTH YUBA,Truck Crops,Sacramento River,64.14704741,555.0,22.8,2.662234731,0.139554281,0.396137579,0.419814805,0.41,0.17,7441.94487,27484.23099,27982.75263,10,26.62234731,12626.422146025,436.996605404956,12626.422146025,523.958575477,12102.463570548,-4.88235294117647,0.7991381279496353,0.200810230227664,2.5071642685188702e-05,2.657018001544401e-05,21.786276608316975,0.03802239524221155,27770.550311310584,64.14704701128667,170.77420120496842,3.9871332546681515e-07,0.0002963010371672681,6.2156146161866685e-09,1.7350426527054961e-06,GOOD,0,0
SACRAMENTO VALLEY - NORTH YUBA,Vineyard,Sacramento River,84.5289682,1799.69484,10.23615004,2.661751325,0.302297005,0.200476183,0.304083218,0.13,0.17,2773.231975,2743.166444,4105.247296,10,26.617513250000002,18394.522038797793,639.7489198573282,18394.522038797793,523.958575477,17870.5634633208,-4.88235294117647,0.8530027851774402,0.14697381744912028,9.296459663814397e-06,1.4100913775776944e-05,9.911172197376695,0.09100202990893355,89.61232160065592,84.5289680871893,224.99470348816305,1.1281069589585968e-07,0.00038961906980716776,1.3345803018551418e-09,1.7316780754035153e-06,GOOD,0,0
SACRAMENTO VALLEY - RED BLUFF,Alfalfa,Sacramento River,128.6330529,277.0,6.0,3.537610105,0.306290873,0.200481491,0.157957374,1.86,0.17,739.7198673,484.1807412,381.4811931,10,35.37610105,1625.959169212,43.91844217376266,1625.959169212,539.496040943,1086.463128269,-4.88235294117647,0.08781329630398514,0.9121673491078303,1.0825379376702481e-05,8.529208808097304e-06,3.6618912181248007,0.004179597673236522,151883.73679013617,128.6330177453317,455.0526678581304,3.5154668296399905e-05,0.0009199179091297083,2.7329420785596475e-07,2.0215595126402073e-06,GOOD,0,0
SACRAMENTO VALLEY - RED BLUFF,Almonds & Pistachios,Sacramento River,8102.48468,4898.498607,0.720289098,3.61367267,0.287448101,0.299096541,0.094248449,0.4,0.17,2039.310074,2110.873995,639.9084906,10,36.136726700000004,3491.5176233992865,91.26956957084803,3491.5176233992865,539.496040943,2952.02158245629,-4.88235294117647,0.15425182391671374,0.845730799917981,1.3212704040379684e-05,4.163461264842306e-06,0.4922282217029335,0.00030854732822524754,785423.3712038646,8102.484496196692,29279.676041503022,0.00018380330766376574,0.051405706672085216,2.2684807799447237e-08,1.7556757235793222e-06,GOOD,0,0
SACRAMENTO VALLEY - RED BLUFF,Citrus & Subtropical,Sacramento River,1659.31575,1088.0,3.4,2.972946835,0.183365181,0.131883505,0.371008972,0.13,0.17,2549.235389,1743.692937,5418.931559,10,29.72946835,3668.7842739919997,115.82980521724124,3668.7842739919997,539.496040943,3129.288233049,-4.88235294117647,0.37656790332343865,0.6233804818398319,1.3535986098800942e-05,3.807885063050476e-05,2.7882609102022906,0.004635831180598203,308.04674088187835,1659.3157429156881,4933.0489578503275,7.084311846483615e-06,0.008549377824238036,4.2694175876312965e-09,1.733078889048238e-06,GOOD,0,0
SACRAMENTO VALLEY - RED BLUFF,Corn,Sacramento River,509.5332287,221.0,5.6,2.826875063,0.234536008,0.556552162,0.088672787,0.3,0.17,423.9938724,1022.014707,159.5840787,10,28.26875063,1208.4514884129999,40.43659873159158,1208.4514884129999,539.496040943,668.95544747,-4.88235294117647,0.21111548616174425,0.7887718154401278,9.721034071795825e-05,1.5488057409937693e-05,4.092037067302583,0.006541935139024887,3649.176965426236,509.53320859285293,1440.3841946619377,2.0107147065573372e-05,0.002583319968152864,3.946189558014467e-08,1.7934904760596987e-06,GOOD,0,0
SACRAMENTO VALLEY - RED BLUFF,Cucurbits,Sacramento River,8.29807601,203.0,12.0,1.97136542,0.087908733,0.228781824,0.653570009,0.05,0.17,920.9338517,2396.72349,6846.813993,10,19.7136542,2415.316085234,112.16445369488719,2415.316085234,539.496040943,1875.820044291,-4.88235294117647,0.8165133788486151,0.18318834720702792,7.733837511239179e-05,0.0002209355692445711,11.532007223051732,2.4101972524592474,1.6042398475027336e-06,8.2980760098804,16.358513761535548,1.1960032963997946e-10,2.63371100288623e-05,1.4413019294574942e-11,1.6099914705128795e-06,GOOD,0,0
SACRAMENTO VALLEY - RED BLUFF,Grain,Sacramento River,2757.087087,216.0,2.6,0.78906264,0.351483763,0.486359995,0.112954365,0.74,0.17,345.3012994,477.8051109,110.9675411,10,7.8906264,552.758575477,60.494453293784325,552.758575477,539.496040943,13.2625345340001,-4.88235294117647,0.9944602643251628,0.004462202719319419,0.0008744474650297714,0.00020308549048796156,2.60515878424174,0.0004901373473921579,7190.914067282236,2757.104707299085,2175.524536199914,-0.017620299085137958,-0.010120621784608375,6.390911323846028e-06,4.6520591691500615e-06,GOOD,0,0
SACRAMENTO VALLEY - RED BLUFF,Other Deciduous,Sacramento River,12461.98262,1690.566218,1.908284592,3.327741402,0.215021845,0.341552948,0.346579073,0.13,0.17,2284.866179,4950.948854,6009.195442,10,33.27741402,3191.900897679113,89.88904306332158,3191.900897679113,539.496040943,2652.40485673611,-4.88235294117647,0.21306962999932205,0.7868844380737674,2.2798219767152794e-05,2.3133707143262864e-05,1.393326512982246,0.0006172619499534892,1961.0051289312764,12461.982535363097,41470.18336021824,8.463690392090939e-05,0.07215536019793944,6.791608245792063e-09,1.739930446554255e-06,GOOD,0,0
SACRAMENTO VALLEY - RED BLUFF,Pasture,Sacramento River,2920.213556,272.0,5.0,3.965593094,0.350906068,0.190014026,0.155066311,0.51,0.17,328.209843,177.7241242,145.0367898,10,39.65593094,1319.648082655,32.09855145578573,1319.648082655,539.496040943,780.152041712,-4.88235294117647,0.03838066969881396,0.9616092966462005,5.524902391859518e-06,4.508752593562393e-06,2.580028512217204,0.000671452370220245,163606.86722089938,2920.213168765413,11580.356716538816,0.0003872345873787708,0.02199413996640942,1.3260488657863446e-07,1.8992591275212482e-06,GOOD,0,0
SACRAMENTO VALLEY - RED BLUFF,Rice,Sacramento River,146.0259018,549.0,4.6,4.534377778,0.381523094,0.545092624,0.07948555,0.2,0.17,851.2633133,1216.2235,177.3500304,10,45.343777779999996,2479.050120952,51.89102769075379,2479.050120952,539.496040943,1939.554080009,-4.88235294117647,0.032955363576084466,0.9670363348436499,7.245098145657381e-06,1.0564821198379619e-06,2.2952742475437846,0.034240500749299255,381.74626507512227,146.02589788178204,662.1354318053637,3.918217970522164e-06,0.0011723289665042103,2.6832349071116394e-08,1.770524328641972e-06,GOOD,0,0
SACRAMENTO VALLEY - RED BLUFF,Safflower,Sacramento River,221.8213511,564.0,1.0,2.357007476,0.396694215,0.424242424,0.112947658,0.74,0.17,212.2655769,227.006242,60.43672676,10,23.57007476,539.4960409429999,21.92065600066421,539.4960409429999,539.496040943,0.0,-4.88235294117647,0.25825689853674866,0.7414861373748912,0.00020293574170411542,5.402834665580915e-05,0.764649933577676,0.006092070689543967,16.85801741509503,221.80455512838938,522.7940607510307,0.01679597161060542,0.04052212809017419,7.571846230002257e-05,7.750468201056794e-05,GOOD,0,0
SACRAMENTO VALLEY - RED BLUFF,Sunflowers,Sacramento River,54.13938576,3732.0,0.6,2.873453662,0.386904762,0.388227513,0.177248677,0.74,0.17,734.0697039,736.5793439,336.2917618,10,28.73453662,2209.5130824279995,71.83539427423813,2209.5130824279995,539.496040943,1670.017041485,-4.88235294117647,0.30769743860117005,0.6922238268061961,5.4055211564799185e-05,2.4679381069047918e-05,0.47258591582132015,0.02496059629013699,17325.353964963782,54.13938353996166,155.56674153853712,2.220038339828534e-06,0.0002747319655611591,4.100597575432363e-08,1.7660039521710071e-06,GOOD,0,0
SACRAMENTO VALLEY - RED BLUFF,Truck Crops,Sacramento River,11.19460621,133.0,22.8,2.662234731,0.139554281,0.396137579,0.419814805,0.41,0.17,7441.94487,27484.23099,27982.75263,10,26.62234731,3004.822146025,104.72170904298945,3004.822146025,539.496040943,2465.326105082,-4.88235294117647,0.4863480177649145,0.5135199217084876,6.411420361504882e-05,6.794632298285948e-05,19.70716361701744,0.21787496089546707,987.2719579797908,11.194606078651224,29.80261948225578,1.3134877541176593e-07,4.996987449956691e-05,1.1733219815667453e-08,1.676691229952728e-06,GOOD,0,0
SACRAMENTO VALLEY - RED BLUFF,Vineyard,Sacramento River,89.09814975,1849.908129,10.02560391,2.661751325,0.302297005,0.200476183,0.304083218,0.13,0.17,2773.231975,2743.166444,4105.247296,10,26.617513250000002,18519.02180158718,644.0724906136982,18519.02180158718,539.496040943,17979.5257606442,-4.88235294117647,0.8538465712190758,0.14613016571191453,9.243096592205027e-06,1.4019972417584076e-05,9.709256802467273,0.08633521250319445,95.03220103546012,89.09814970408524,237.15671258670872,4.591475999404793e-08,0.0004055654022181443,5.153278729455089e-10,1.7101127108401505e-06,GOOD,0,0
SACRAMENTO VALLEY - SOLANO,Alfalfa,Sacramento River,23128.64924,262.4511305,5.645875688,3.537610105,0.306290873,0.200481491,0.157957374,1.86,0.17,739.7198673,484.1807412,381.4811931,10,35.37610105,1445.7256261900652,39.15576080373786,1445.7256261900652,523.159791043,922.565835147065,-4.88235294117647,0.07884860215407014,0.9211318530467247,1.0931767920600041e-05,8.613031284346458e-06,3.3724453854965346,2.3245387269410227e-05,23190658.79110803,23128.646524488955,81820.06487583886,0.002715511043788865,0.07839058570971247,1.1740897687585258e-07,9.580841902764127e-07,GOOD,0,0
SACRAMENTO VALLEY - SOLANO,Almonds & Pistachios,Sacramento River,1470.874609,4840.917178,0.843485779,3.61367267,0.287448101,0.299096541,0.094248449,0.4,0.17,2039.310074,2110.873995,639.9084906,10,36.136726700000004,4046.4272771688115,105.62375169779273,4046.4272771688115,523.159791043,3523.26748612581,-4.88235294117647,0.1744878880206716,0.825495151570397,1.289656605331837e-05,4.063842877913148e-06,0.5909844491120497,0.0016996690164497903,170169.01474816268,1470.8745986607978,5315.254939276125,1.0339202162867878e-05,0.004436264111063792,7.029288628414876e-09,8.346279640610946e-07,GOOD,0,0
SACRAMENTO VALLEY - SOLANO,Citrus & Subtropical,Sacramento River,37.74587363,2848.0,2.0,2.972946835,0.183365181,0.131883505,0.371008972,0.13,0.17,2549.235389,1743.692937,5418.931559,10,29.72946835,5665.584273992,178.3538523241258,5665.584273992,523.159791043,5142.424482949,-4.88235294117647,0.48260467303044574,0.5173524910689512,1.1233710921813313e-05,3.16021896813186e-05,1.724633519733785,0.20379201625350465,11.515146253316228,37.74587360066341,112.21638477170904,2.9336590046113997e-08,9.07709094093434e-05,7.772131686150086e-10,8.088911095311464e-07,GOOD,0,0
SACRAMENTO VALLEY - SOLANO,Corn,Sacramento River,21681.34883,220.4262204,5.113110215,2.826875063,0.234536008,0.556552162,0.088672787,0.3,0.17,423.9938724,1022.014707,159.5840787,10,28.26875063,1097.9150475940814,36.8249974851364,1097.9150475940814,523.159791043,574.755256551082,-4.88235294117647,0.19558473829135756,0.8043003446202295,9.912411803973557e-05,1.5792970373009404e-05,3.680007211953035,0.00015374197239615805,133419.53218627573,21681.348559120637,61290.41198527956,0.0002708793617784977,0.05235445166181307,1.249365820837161e-08,8.542022356302263e-07,GOOD,0,0
SACRAMENTO VALLEY - SOLANO,Cucurbits,Sacramento River,1704.644133,203.0,12.0,1.97136542,0.087908733,0.228781824,0.653570009,0.05,0.17,920.9338517,2396.72349,6846.813993,10,19.7136542,2415.316085234,112.16445369488719,2415.316085234,523.159791043,1892.156294191,-4.88235294117647,0.8165133788486153,0.1831883472070279,7.733837511239182e-05,0.00022093556924457117,11.532007223051734,0.011732654114030261,0.00033242316320662637,1704.644133781799,3360.4737204370563,-7.817989171599038e-07,0.0027767650244641118,4.5862881408802747e-10,8.263009804639417e-07,GOOD,0,0
SACRAMENTO VALLEY - SOLANO,Dry Beans,Sacramento River,2759.081153,1382.353599,1.170065428,2.293810917,0.272510229,0.483520066,0.106180731,1.68,0.17,521.9411016,903.6303871,214.6292221,10,22.93810917,1593.6438352652754,64.72278492539381,1593.6438352652754,523.159791043,1070.48404422228,-4.88235294117647,0.5466892741021651,0.45310846741572536,0.00016584009232517121,3.641838978445658e-05,1.0370454252382864,0.00021573779900996453,2736880.767104013,2759.081160746461,6328.80522100325,-7.746461051283404e-06,0.005248637097793107,2.8076234882981e-09,8.293244240716496e-07,GOOD,0,0
SACRAMENTO VALLEY - SOLANO,Grain,Sacramento River,31456.41824,203.6611701,3.12061313,0.78906264,0.351483763,0.486359995,0.112954365,0.74,0.17,345.3012994,477.8051109,110.9675411,10,7.8906264,626.7062969622234,68.45995718190686,626.7062969622234,523.159791043,103.546505919223,-4.88235294117647,0.9951103603743312,0.003938556731733033,0.0007718297815176763,0.0001792531124181336,3.1260807381287807,4.295947939911901e-05,626128.8277835775,31456.43491424385,24821.07695538312,-0.016674243852321524,0.007466015435056761,5.300744580995731e-07,3.00793281562679e-07,GOOD,0,0
SACRAMENTO VALLEY - SOLANO,Onions & Garlic,Sacramento River,385.0636258,659.0,5.9,2.113494575,0.178481578,0.383051703,0.272440319,0.41,0.17,887.6914461,1905.136225,1355.002253,10,21.13494575,3866.13108065,168.55414333124133,3866.13108065,523.159791043,3342.971289607,-4.88235294117647,0.8255845366770346,0.17427549416928848,8.179416512173087e-05,5.817498855527352e-05,5.67940835386202,0.00633408150452185,46048.69763639173,385.06362629655723,813.8292155939575,-4.965572202308977e-07,0.0006685641724288871,1.2895459008865377e-09,8.215035911595779e-07,GOOD,0,0
SACRAMENTO VALLEY - SOLANO,Other Deciduous,Sacramento River,12050.3194,2404.640434,2.389755204,3.327741402,0.215021845,0.341552948,0.346579073,0.13,0.17,2284.866179,4950.948854,6009.195442,10,33.27741402,5712.321423014319,160.11609453669462,5712.321423014319,523.159791043,5189.16163197132,-4.88235294117647,0.32639367363224686,0.6735670089926352,1.951510025602807e-05,1.9802274862040634e-05,1.9023291916370968,0.0006383488633759942,3709.627653646813,12050.31938547278,40100.3136291218,1.4527220628224313e-05,0.03314558199781459,1.2055465208851073e-09,8.265659692180908e-07,GOOD,0,0
SACRAMENTO VALLEY - SOLANO,Pasture,Sacramento River,38869.74638,193.291275,5.0,3.965593094,0.350906068,0.190014026,0.155066311,0.51,0.17,328.209843,177.7241242,145.0367898,10,39.65593094,926.1044576550001,22.810183590227687,926.1044576550001,523.159791043,402.944666612,-4.88235294117647,0.02724969469782329,0.9727401555052217,5.588854465688397e-06,4.560942489109598e-06,2.411359313284273,5.044499890882721e-05,1125246.1347048928,38869.742501044435,154141.4505244241,0.003878955561958719,0.14728563540847972,9.979369363610238e-08,9.555216599608108e-07,GOOD,0,0
SACRAMENTO VALLEY - SOLANO,Potatoes,Sacramento River,218.7230397,209.0,24.7,4.38175,0.150675135,0.475005897,0.095288578,0.41,0.17,793.9256634,2502.863999,502.0871398,10,43.8175,5117.76153039,110.38718288991944,5117.76153039,523.159791043,4594.601739347,-4.88235294117647,0.07922203027484734,0.920769141928905,7.352789583268124e-06,1.4750066644390147e-06,14.720668618940985,0.011151200136891215,35948.90532881883,218.72303776858328,958.3888794222559,1.9314167047923547e-06,0.0007997832191222187,8.830421831378538e-09,8.345073371253911e-07,GOOD,0,0
SACRAMENTO VALLEY - SOLANO,Rice,Sacramento River,370.6006184,471.0,4.5,4.534377778,0.381523094,0.545092624,0.07948555,0.2,0.17,851.2633133,1216.2235,177.3500304,10,45.343777779999996,2073.150120952,43.550737780372486,2073.150120952,523.159791043,1549.990329909,-4.88235294117647,0.027709839196149496,0.972281814193459,7.284397612844966e-06,1.0622127784940806e-06,2.1686246006810492,0.013491612673466604,774.282780512406,370.60061331583745,1680.4417782857715,5.0841625238717825e-06,0.001430300246056504,1.3718710308206497e-08,8.511446496665648e-07,GOOD,0,0
SACRAMENTO VALLEY - SOLANO,Safflower,Sacramento River,4068.73086,547.6637501,1.0,2.357007476,0.396694215,0.424242424,0.112947658,0.74,0.17,212.2655769,227.006242,60.43672676,10,23.57007476,523.1597910429999,21.285724592155727,523.1597910429999,523.159791043,0.0,-4.88235294117647,0.2524149541087247,0.7473260579621529,0.0002045340569741283,5.445387214850148e-05,0.7612826858273961,0.0003321309267802863,309.2161117722747,4068.721279349891,9589.998251380373,0.009580650109000999,0.03080347153627372,2.354702347896513e-06,3.212031096056923e-06,GOOD,0,0
SACRAMENTO VALLEY - SOLANO,Sunflowers,Sacramento River,7047.271487,3425.746746,0.699055813,2.873453662,0.386904762,0.388227513,0.177248677,0.74,0.17,734.0697039,736.5793439,336.2917618,10,28.73453662,2365.1012590851337,76.8267921013974,2365.1012590851337,523.159791043,1841.94146804213,-4.88235294117647,0.3223770963300927,0.6775458385740163,5.290901906388973e-05,2.4156076827152208e-05,0.5557895650782264,0.0001917552564626139,2487340.994776397,7047.271412856036,20249.99103074877,7.414396441163262e-05,0.01703067956623272,1.0520946234071573e-08,8.410208783408978e-07,GOOD,0,0
SACRAMENTO VALLEY - SOLANO,Tomato Processing,Sacramento River,10261.16568,98.0,48.1,2.666779844,0.124471553,0.533148968,0.188806686,0.74,0.17,657.2463564,2815.18314,996.9547547,10,26.667798440000002,4686.285774352999,163.16408068067238,4686.285774352999,523.159791043,4163.12598331,-4.88235294117647,0.5938196383786553,0.40608888191238013,6.755582861237698e-05,2.392388035211742e-05,43.28162248786602,0.00013169569554707272,8184205.445960105,10261.16565042197,27364.247150737443,2.9578030080301687e-05,0.0226606311116484,2.8825214408098014e-09,8.281102060407979e-07,GOOD,0,0
SACRAMENTO VALLEY - SOLANO,Truck Crops,Sacramento River,839.0126126,993.6084705,22.46734244,2.662234731,0.139554281,0.396137579,0.419814805,0.40713843,0.17,7441.94487,27484.23099,27982.75263,10,26.62234731,22296.163904033136,770.934042056774,22296.163904033136,523.159791043,21773.0041129901,-4.88235294117647,0.8753958828393767,0.12457208129607364,1.5553125491985904e-05,1.648273905758027e-05,21.868725380193116,0.0029274495062127687,637869.6299754049,839.0126123491792,2233.6466830405034,2.508207899154513e-07,0.0018339702646699152,2.989475797487568e-10,8.210648410898006e-07,GOOD,0,0
SACRAMENTO VALLEY - SOLANO,Vineyard,Sacramento River,11675.94548,1724.198409,10.38159916,2.661751325,0.302297005,0.200476183,0.304083218,0.13,0.17,2773.231975,2743.166444,4105.247296,10,26.617513250000002,17872.512384891736,621.6208076135403,17872.512384891736,523.159791043,17349.3525938487,-4.88235294117647,0.8493562151522182,0.15061980705408914,9.527077578525727e-06,1.4450716114311447e-05,10.043275526868756,0.0006588166847373538,12017.094249343992,11675.945478602442,31078.43780835026,1.3975586625747383e-06,0.02554366750337067,1.196955454244497e-10,8.21908960364099e-07,GOOD,0,0
SACRAMENTO VALLEY - SOUTH AMERICAN,Alfalfa,Sacramento River,3169.480869,260.0,5.8,3.537610105,0.306290873,0.200481491,0.157957374,1.86,0.17,739.7198673,484.1807412,381.4811931,10,35.37610105,1471.959169212,39.848983632992834,1471.959169212,455.558575477,1016.400593735,-4.88235294117647,0.08016438218469446,0.9198161009340481,1.091615289579198e-05,8.600728361511421e-06,3.4759658726847382,0.0001696285388123447,3501105.4086658135,3169.4794806825657,11212.365685694269,0.0013883174342481652,0.021864084312255727,4.380267594693487e-07,1.9499936311680105e-06,GOOD,0,0
SACRAMENTO VALLEY - SOUTH AMERICAN,Alfalfa,San Joaquin River,891.6944313,260.0,5.8,4.134965358,0.306290873,0.200481491,0.157957374,1.86,0.17,739.7198673,484.1807412,381.4811931,10,41.349653579999995,1465.985616682,34.18330492489168,1465.985616682,455.558575477,1010.427041205,-4.88235294117647,0.033505119070711076,0.9664866905159136,4.581049784711258e-06,3.6093635903588506e-06,2.909626293168773,0.0006029357027814271,979205.6932850045,891.6939532728777,3687.118010332244,0.0004780271223125965,0.00757301476687644,5.360884912286392e-07,2.053907466857147e-06,GOOD,0,0
SACRAMENTO VALLEY - SOUTH AMERICAN,Almonds & Pistachios,Sacramento River,366.6886596,4884.698089,0.63481405,3.61367267,0.287448101,0.299096541,0.094248449,0.4,0.17,2039.310074,2110.873995,639.9084906,10,36.136726700000004,3064.0574571143507,80.21220007441379,3064.0574571143507,455.558575477,2608.49888163735,-4.88235294117647,0.13797400054773631,0.8620082888538995,1.3467004396771685e-05,4.24359396744716e-06,0.4241451949295997,0.006817772883205904,31409.40978161813,366.68864576788104,1325.090759503524,1.38321189524504e-05,0.0020280919293327315,3.772169820451791e-08,1.530528237960572e-06,GOOD,0,0
SACRAMENTO VALLEY - SOUTH AMERICAN,Almonds & Pistachios,San Joaquin River,15.95739681,4944.0,1.4,3.753630493,0.287448101,0.299096541,0.094248449,0.4,0.17,2039.310074,2110.873995,639.9084906,10,37.53630493,6883.382901978999,172.48824063977193,6883.382901978999,455.558575477,6427.824326502,-4.88235294117647,0.22332034036893045,0.7766668987153688,9.703303316741988e-06,3.057612384021145e-06,1.031014526744667,0.15666715754247135,3367.9780398741987,15.957396554129936,59.89808300780944,2.558700646915213e-07,8.824710749166798e-05,1.6034574294171562e-08,1.4732855050966841e-06,GOOD,0,0
SACRAMENTO VALLEY - SOUTH AMERICAN,Citrus & Subtropical,Sacramento River,40.41642576,1578.0,2.8,2.972946835,0.183365181,0.131883505,0.371008972,0.13,0.17,2549.235389,1743.692937,5418.931559,10,29.72946835,4387.9842739919995,138.34948404299814,4387.9842739919995,455.558575477,3932.425698515,-4.88235294117647,0.41942359231169174,0.5805283409354872,1.2605501426144628e-05,3.546125139499782e-05,2.3468254875242733,0.19032627323321458,9.428774477221793,40.41642550590745,120.15570730648459,2.5409255499653227e-07,0.00017773871989845702,6.2868635763434284e-09,1.4792344114613195e-06,GOOD,0,0
SACRAMENTO VALLEY - SOUTH AMERICAN,Citrus & Subtropical,San Joaquin River,40.41642576,1578.0,2.8,3.247465856,0.183365181,0.131883505,0.371008972,0.13,0.17,2549.235389,1743.692937,5418.931559,10,32.474658559999995,4385.239083782,126.8963731983939,4385.239083782,455.558575477,3929.680508305,-4.88235294117647,0.300426168463676,0.6995393805656883,9.034763823056342e-06,2.5416206812633034e-05,2.1920732158341005,0.19032627323321458,9.422192643388852,40.416425473849586,131.25076814901945,2.861504171391971e-07,0.0001945281393886944,7.0800525221703096e-09,1.4821082864525722e-06,GOOD,0,0
SACRAMENTO VALLEY - SOUTH AMERICAN,Corn,Sacramento River,5236.45495,220.0,4.9,2.826875063,0.234536008,0.556552162,0.088672787,0.3,0.17,423.9938724,1022.014707,159.5840787,10,28.26875063,1048.851488413,35.22192423453113,1048.851488413,455.558575477,593.292912936,-4.88235294117647,0.1884934598896904,0.8113906099766381,9.999794123877144e-05,1.5932192432852496e-05,3.5009122511156825,0.0006365629734546524,33262.214655889504,5236.45447967186,14802.780141694115,0.0004703281401816639,0.023774983797920868,8.981804382403096e-08,1.6061135398229688e-06,GOOD,0,0
SACRAMENTO VALLEY - SOUTH AMERICAN,Corn,San Joaquin River,767.7983242,220.0,4.9,2.415829265,0.234536008,0.556552162,0.088672787,0.3,0.17,423.9938724,1022.014707,159.5840787,10,24.15829265,1052.961946393,41.004252278605115,1052.961946393,455.558575477,597.403370916,-4.88235294117647,0.37008645460784473,0.6296868175044438,0.00019556884197842182,3.115904573305611e-05,4.016491419031914,0.00434141782844664,4910.868190565518,767.7982694766409,1854.8667289205118,5.472335908507375e-05,0.002932299806161609,7.127309002932797e-08,1.5808656896315024e-06,GOOD,0,0
SACRAMENTO VALLEY - SOUTH AMERICAN,Cucurbits,Sacramento River,268.4643109,203.0,12.0,1.97136542,0.087908733,0.228781824,0.653570009,0.05,0.17,920.9338517,2396.72349,6846.813993,10,19.7136542,2415.316085234,112.16445369488719,2415.316085234,455.558575477,1959.757509757,-4.88235294117647,0.8165133788486151,0.18318834720702784,7.733837511239179e-05,0.00022093556924457112,11.532007223051732,0.07449779798645109,5.422364946243037e-05,268.4643101920876,529.24047138839,7.079123633957352e-07,0.0007876239990309841,2.636895612018332e-09,1.4882135238298693e-06,GOOD,0,0
SACRAMENTO VALLEY - SOUTH AMERICAN,Cucurbits,San Joaquin River,370.6094006,203.0,12.0,2.299627126,0.087908733,0.228781824,0.653570009,0.05,0.17,920.9338517,2396.72349,6846.813993,10,22.99627126,2412.033468174,96.80165727955502,2412.033468174,455.558575477,1956.474892697,-4.88235294117647,0.6425633489870287,0.3572016019170903,6.0945032212808443e-05,0.0001741040636682331,10.982847987298129,0.05396517186995499,7.472924417648743e-05,370.6093993509742,852.2621590656425,1.2490258427533263e-06,0.0012717047180785812,3.370194713709931e-09,1.4921498120939998e-06,GOOD,0,0
SACRAMENTO VALLEY - SOUTH AMERICAN,Dry Beans,Sacramento River,18.29842438,1373.0,1.0,2.293810917,0.272510229,0.483520066,0.106180731,1.68,0.17,521.9411016,903.6303871,214.6292221,10,22.93810917,1349.199679804,54.941237632542965,1349.199679804,455.558575477,893.641104327,-4.88235294117647,0.5052053655341444,0.4945738666657448,0.00018101664746470253,3.975115264600293e-05,0.872573494834627,0.032529472640752864,15153.39377429688,18.298419876869932,41.973053907741345,4.503130067945449e-06,7.169900161585474e-05,2.4609386985621156e-07,1.708212113808754e-06,GOOD,0,0
SACRAMENTO VALLEY - SOUTH AMERICAN,Grain,Sacramento River,5931.663341,172.0,2.7,0.78906264,0.351483763,0.486359995,0.112954365,0.74,0.17,345.3012994,477.8051109,110.9675411,10,7.8906264,455.5585754770001,50.0242594544755,455.5585754770001,455.558575477,0.0,-4.88235294117647,0.9932871213671712,0.005407157858799869,0.0010596281209215238,0.0002460926531073633,2.706486418472498,0.00022781996780072339,399.4192999699302,5931.654710762119,4680.4400964840515,0.008630237881334324,0.013838956629115273,1.454943982016245e-06,2.95675522502761e-06,GOOD,0,0
SACRAMENTO VALLEY - SOUTH AMERICAN,Grain,San Joaquin River,2351.223811,172.0,2.7,0.466656841,0.351483763,0.486359995,0.112954365,0.74,0.17,345.3012994,477.8051109,110.9675411,10,4.66656841,458.78263346700004,78.73542018087042,458.78263346700004,455.558575477,3.22405798999995,-4.88235294117647,0.9984510587751825,0.0002456487121824501,0.0010576575203850105,0.0002456349922500584,2.705454742871043,0.0005747438185293843,1610.5829964887698,2351.237103168543,1097.2192440154317,-0.013292168543102889,-0.0045678901908559055,5.653297861699347e-06,4.163169059119026e-06,GOOD,0,0
SACRAMENTO VALLEY - SOUTH AMERICAN,Other Deciduous,Sacramento River,2927.302636,2762.69877,1.944626254,3.327741402,0.215021845,0.341552948,0.346579073,0.13,0.17,2284.866179,4950.948854,6009.195442,10,33.27741402,5338.235992149509,149.69286692657664,5338.235992149509,455.558575477,4882.67741667251,-4.88235294117647,0.31168163349260014,0.6882781904129107,1.994132389297646e-05,2.0234770596155218e-05,1.5335664497505646,0.002627780126901677,847.9326336519264,2927.3026187604946,9741.291648185392,1.723950526866247e-05,0.01452981554393773,5.889211814539038e-09,1.4915674837067352e-06,GOOD,0,0
SACRAMENTO VALLEY - SOUTH AMERICAN,Other Deciduous,San Joaquin River,2927.302636,2762.69877,1.944626254,3.445837194,0.215021845,0.341552948,0.346579073,0.13,0.17,2284.866179,4950.948854,6009.195442,10,34.45837194,5337.055034229509,144.69362063459533,5337.055034229509,455.558575477,4881.49645875251,-4.88235294117647,0.2694105266466979,0.7305547383655212,1.724064149493125e-05,1.7494346285772964e-05,1.4885310714048103,0.002627780126901677,847.7275558682262,2927.3026179566737,10086.993249625742,1.8043326235783752e-05,0.015051597300043795,6.163806233727504e-09,1.4921765552843651e-06,GOOD,0,0
SACRAMENTO VALLEY - SOUTH AMERICAN,Pasture,Sacramento River,7288.387524,330.0,5.0,3.965593094,0.350906068,0.190014026,0.155066311,0.51,0.17,328.209843,177.7241242,145.0367898,10,39.65593094,1609.648082655,38.94309551621063,1609.648082655,455.558575477,1154.089507178,-4.88235294117647,0.04642136233618764,0.9535686879064081,5.47870527353566e-06,4.471052130769655e-06,2.679607337648672,0.00026902854812107683,603969.9706898553,7288.386633370546,28902.73197126197,0.0008906294533517212,0.04726030819074367,1.2219842186203177e-07,1.635147534155532e-06,GOOD,0,0
SACRAMENTO VALLEY - SOUTH AMERICAN,Pasture,San Joaquin River,3160.982754,330.0,5.0,4.600187047,0.350906068,0.190014026,0.155066311,0.51,0.17,328.209843,177.7241242,145.0367898,10,46.00187047,1603.302143125,33.65097836577262,1603.302143125,455.558575477,1147.743567648,-4.88235294117647,0.019848261763112877,0.9801474672102697,2.351785586420222e-06,1.9192410309181885e-06,2.2534352855370265,0.0006203084503527443,260502.63544982715,3160.982288200511,14541.087691810772,0.0004657994891203998,0.024228930416938965,1.4735907322840137e-07,1.6662364301301636e-06,GOOD,0,0
SACRAMENTO VALLEY - SOUTH AMERICAN,Rice,Sacramento River,605.5379345,471.0,4.5,4.534377778,0.381523094,0.545092624,0.07948555,0.2,0.17,851.2633133,1216.2235,177.3500304,10,45.343777779999996,2073.150120952,43.550737780372486,2073.150120952,455.558575477,1617.591545475,-4.88235294117647,0.02770983919614949,0.9722818141934594,7.284397612844964e-06,1.0622127784940802e-06,2.1686246006810497,0.008257121007833407,1320.2927232897785,605.5379100982617,2745.7335018444587,2.4401738301094156e-05,0.004252088360772177,4.0297621190723526e-08,1.5486141583192922e-06,GOOD,0,0
SACRAMENTO VALLEY - SOUTH AMERICAN,Rice,San Joaquin River,369.6876366,471.0,4.5,4.833919598,0.381523094,0.545092624,0.07948555,0.2,0.17,851.2633133,1216.2235,177.3500304,10,48.33919598,2070.154702752,40.907067970965414,2070.154702752,455.558575477,1614.596127275,-4.88235294117647,0.0191596632223153,0.9808345572567468,5.044003080188039e-06,7.35517857659436e-07,2.011367716467818,0.013524931604380301,804.5610973270786,369.6876204840402,1787.037535059255,1.6115959795115486e-05,0.002776639786816304,4.359345079357595e-08,1.5537644946444398e-06,GOOD,0,0
SACRAMENTO VALLEY - SOUTH AMERICAN,Safflower,Sacramento River,674.2592709,588.0,1.0,2.357007476,0.396694215,0.424242424,0.112947658,0.74,0.17,212.2655769,227.006242,60.43672676,10,23.57007476,563.4960409429999,22.8534498730329,563.4960409429999,455.558575477,107.937465466,-4.88235294117647,0.26667572870475265,0.7330702237652145,0.00020063240845968826,5.341512157308712e-05,0.7694034639851878,0.002004201365370283,13993.927845522905,674.2586405021412,1589.230213394875,0.0006303978587993697,0.003928878734541286,9.349487445058276e-07,2.4721836952989858e-06,GOOD,0,0
SACRAMENTO VALLEY - SOUTH AMERICAN,Safflower,San Joaquin River,14.31513505,588.0,1.0,2.40565496,0.396694215,0.424242424,0.112947658,0.74,0.17,212.2655769,227.006242,60.43672676,10,24.0565496,563.0095661029999,22.408574509273556,563.0095661029999,455.558575477,107.450990626,-4.88235294117647,0.24369055921053173,0.7560770895347786,0.00018349791407542963,4.885334061429229e-05,0.7554631812252804,0.09440018180976584,295.769618281857,14.315121246284084,34.43719111302908,1.3803715916083092e-05,8.452307326933806e-05,9.642742361751657e-07,2.4544065030721597e-06,GOOD,0,0
SACRAMENTO VALLEY - SOUTH AMERICAN,Tomato Processing,Sacramento River,1128.324144,107.0,35.2,2.666779844,0.124471553,0.533148968,0.188806686,0.74,0.17,657.2463564,2815.18314,996.9547547,10,26.667798440000002,3738.8857743529998,130.37065498656804,3738.8857743529998,455.558575477,3283.327198876,-4.88235294117647,0.5384072873785214,0.461488752974483,7.677199867099661e-05,2.718764832471226e-05,31.054048839065373,0.0011976623548625859,709760.4480317907,1128.324102350215,3008.987500400327,4.164978486187465e-05,0.004584317426633788,3.691296076872273e-08,1.5235392109925744e-06,GOOD,0,0
SACRAMENTO VALLEY - SOUTH AMERICAN,Tomato Processing,San Joaquin River,236.2210312,107.0,35.2,2.379660861,0.124471553,0.533148968,0.188806686,0.74,0.17,657.2463564,2815.18314,996.9547547,10,23.79660861,3741.7569641829996,145.56029726552987,3741.7569641829996,455.558575477,3286.198388706,-4.88235294117647,0.6952046558436334,0.30466121191818823,9.905381856090924e-05,3.5078419617480274e-05,32.71788701470882,0.00572070718888366,148722.29329651623,236.22102381604202,562.1250912282677,7.383957978390754e-06,0.0008512634321959922,3.125868150215218e-08,1.5143642515815066e-06,GOOD,0,0
SACRAMENTO VALLEY - SOUTH AMERICAN,Truck Crops,Sacramento River,307.8103158,1543.020483,18.65567845,2.662234731,0.139554281,0.396137579,0.419814805,0.374349922,0.17,7441.94487,27484.23099,27982.75263,10,26.62234731,28758.516118636693,994.1066341788662,28758.516118636693,455.558575477,28302.9575431597,-4.88235294117647,0.9006128334095438,0.09936161403345066,1.2405537710135648e-05,1.314701929528565e-05,18.263516781900996,0.008678388390928325,225561.57967983693,307.81031513487295,819.4621019731594,6.651270609836502e-07,0.0012113096786379174,2.160834211338833e-09,1.4781743843849584e-06,GOOD,0,0
SACRAMENTO VALLEY - SOUTH AMERICAN,Truck Crops,San Joaquin River,219.2405867,320.0,22.8,2.667732673,0.139554281,0.396137579,0.419814805,0.41,0.17,7441.94487,27484.23099,27982.75263,10,26.67732673,7268.367166605,251.46069276517738,7268.367166605,455.558575477,6812.808591128,-4.88235294117647,0.6934997194652495,0.30642242922757973,3.779611279944662e-05,4.0055194371392085e-05,21.169660370301077,0.01112487622367735,53429.98618181923,219.24058453834567,584.8744054396868,2.161654322208051e-06,0.0008709475924888466,9.859736076906105e-09,1.4891167872039482e-06,GOOD,0,0
SACRAMENTO VALLEY - SOUTH AMERICAN,Vineyard,Sacramento River,7817.146157,1685.130979,10.67836099,2.661751325,0.302297005,0.200476183,0.304083218,0.13,0.17,2773.231975,2743.166444,4105.247296,10,26.617513250000002,17967.012539538107,624.9025657144988,17967.012539538107,455.558575477,17511.4539640611,-4.88235294117647,0.8500297106013721,0.149946418804412,9.48448409616362e-06,1.4386110119780437e-05,10.332026623802912,0.0009840301739042555,8120.719399658866,7817.146147520257,20807.26834703638,9.479743312112987e-06,0.030794077028986067,1.2126859497982118e-09,1.479965122822676e-06,GOOD,0,0
SACRAMENTO VALLEY - SOUTH AMERICAN,Vineyard,San Joaquin River,7817.146157,1685.130979,10.67836099,3.098484515,0.302297005,0.200476183,0.304083218,0.13,0.17,2773.231975,2743.166444,4105.247296,10,30.984845149999998,17962.645207638107,539.0576195158985,17962.645207638107,455.558575477,17507.0866321611,-4.88235294117647,0.6986728526518695,0.30130752239760733,7.797565885507563e-06,1.1827384637666204e-05,9.925780860698362,0.0009840301739042555,8118.694138665259,7817.146145315909,24221.270456460796,1.1684091077768244e-05,0.03586249546424369,1.4946747627720277e-09,1.4806177252370867e-06,GOOD,0,0
SACRAMENTO VALLEY - SOUTH YUBA,Alfalfa,Sacramento River,260.4056598,311.0,6.1,3.537610105,0.306290873,0.200481491,0.157957374,1.86,0.17,739.7198673,484.1807412,381.4811931,10,35.37610105,1861.059169212,50.13097271230152,1861.059169212,526.468972800991,1334.59019641101,-4.88235294117647,0.0992480465520828,0.9007328414798902,1.0689677432120362e-05,8.422290594820026e-06,3.8153173603434083,0.002064603392319012,377675.92078994424,260.4055618803825,921.21177835976,9.791961753080614e-05,0.0019151479123138415,3.760272246233495e-07,2.078939909177426e-06,GOOD,0,0
SACRAMENTO VALLEY - SOUTH YUBA,Almonds & Pistachios,Sacramento River,1906.172431,4651.766754,0.701048296,3.61367267,0.287448101,0.299096541,0.094248449,0.4,0.17,2039.310074,2110.873995,639.9084906,10,36.136726700000004,3224.295636490151,84.35717754025112,3224.295636490151,526.468972800991,2697.82666368916,-4.88235294117647,0.14414881440173577,0.8558336018634148,1.337053834426992e-05,4.213196505146036e-06,0.47256142471218154,0.0013115287784791175,168867.58170129132,1906.1723526120925,6888.271282171475,7.83879074788274e-05,0.011936040686123306,4.112319861729623e-08,1.7328034153074907e-06,GOOD,0,0
SACRAMENTO VALLEY - SOUTH YUBA,Citrus & Subtropical,Sacramento River,1349.055056,832.0,2.8,2.972946835,0.183365181,0.131883505,0.371008972,0.13,0.17,2549.235389,1743.692937,5418.931559,10,29.72946835,2299.184273992,72.94472162469864,2299.184273992,526.468972800991,1772.71530119101,-4.88235294117647,0.27459802528345345,0.7253419176474803,1.5749960738547086e-05,4.430710832752522e-05,2.1545390436751095,0.005701996859279916,141.88293237256406,1349.0550347989508,4010.6621004271888,2.1201049094088376e-05,0.006858548758827965,1.5715480995231062e-08,1.7100760070158402e-06,GOOD,0,0
SACRAMENTO VALLEY - SOUTH YUBA,Corn,Sacramento River,835.1081522,253.0,6.6,2.826875063,0.234536008,0.556552162,0.088672787,0.3,0.17,423.9938724,1022.014707,159.5840787,10,28.26875063,1640.6514884130002,54.55804182450842,1640.6514884130002,526.468972800991,1114.18251561201,-4.88235294117647,0.2664885140959842,0.7334066979812973,9.038699608683755e-05,1.4400926631523858e-05,5.052026122211071,0.003991498974775944,9960.09437476769,835.108107251116,2360.7422671743507,4.494888389672269e-05,0.004143187838053564,5.3824027197327474e-08,1.7550329928990172e-06,GOOD,0,0
SACRAMENTO VALLEY - SOUTH YUBA,Cucurbits,Sacramento River,304.8630021,203.0,12.0,1.97136542,0.087908733,0.228781824,0.653570009,0.05,0.17,920.9338517,2396.72349,6846.813993,10,19.7136542,2415.316085234,112.16445369488719,2415.316085234,526.468972800991,1888.84711243301,-4.88235294117647,0.8165133788486153,0.1831883472070279,7.733837511239177e-05,0.00022093556924457106,11.532007223051734,0.06560323772393895,5.9347455956532146e-05,304.8630011661848,600.9953664445487,9.338152153759438e-07,0.0010137327786878814,3.0630650782269647e-09,1.686753551475258e-06,GOOD,0,0
SACRAMENTO VALLEY - SOUTH YUBA,Grain,Sacramento River,2070.962927,221.8132674,2.413338046,0.78906264,0.351483763,0.486359995,0.112954365,0.74,0.17,345.3012994,477.8051109,110.9675411,10,7.8906264,526.4689728009914,57.662588726127716,526.4689728009914,526.468972800991,0.0,-4.88235294117647,0.9941854256619349,0.004683582565293022,0.0009178307573849471,0.000213161015387143,2.418363073125022,0.0006525231976551705,139.4520415291414,2070.965637946133,1634.1188404144839,-0.002710946132992831,0.0006341062635328854,1.3090268771348367e-06,3.880415559693732e-07,GOOD,0,0
SACRAMENTO VALLEY - SOUTH YUBA,Other Deciduous,Sacramento River,2421.153711,1731.231413,1.808991739,3.327741402,0.215021845,0.341552948,0.346579073,0.13,0.17,2284.866179,4950.948854,6009.195442,10,33.27741402,3097.602756528297,87.2615924669331,3097.602756528297,526.468972800991,2571.13378372731,-4.88235294117647,0.20808509619233573,0.7918686809411091,2.294262707623707e-05,2.3280239479200577e-05,1.3145260116230517,0.003177124879498282,369.31753116938387,2421.1536804906236,8056.959719300249,3.0509376301779412e-05,0.013725400393013842,1.2601172805826624e-08,1.7035429602962793e-06,GOOD,0,0
SACRAMENTO VALLEY - SOUTH YUBA,Pasture,Sacramento River,4880.832915,212.0,5.0,3.965593094,0.350906068,0.190014026,0.155066311,0.51,0.17,328.209843,177.7241242,145.0367898,10,39.65593094,1019.648082655,25.017988634656525,1019.648082655,526.468972800991,493.179109854009,-4.88235294117647,0.029918761489557237,0.9700711165628607,5.573519568565369e-06,4.548428013328571e-06,2.4560410023305104,0.00040173149703599104,172909.90822964054,4880.831341218365,19355.35741738148,0.0015737816347609623,0.039883310408185935,3.224412025915381e-07,2.060578235031127e-06,GOOD,0,0
SACRAMENTO VALLEY - SOUTH YUBA,Rice,Sacramento River,16891.67684,608.0,4.3,4.534377778,0.381523094,0.545092624,0.07948555,0.2,0.17,851.2633133,1216.2235,177.3500304,10,45.343777779999996,2568.0501209520003,53.71976827223677,2568.0501209520003,526.468972800991,2041.58114815101,-4.88235294117647,0.03409797102936272,0.9658937371990686,7.23653773093695e-06,1.0552338379087578e-06,2.1603340345399715,0.00029600376844528834,46481.28746882129,16891.676231141042,76593.11091912724,0.0006088589580031112,0.1331773260171758,3.604490920411849e-08,1.7387607430423845e-06,GOOD,0,0
SACRAMENTO VALLEY - SOUTH YUBA,Safflower,Sacramento River,84.1937175,567.0,1.1,2.357007476,0.396694215,0.424242424,0.112947658,0.74,0.17,212.2655769,227.006242,60.43672676,10,23.57007476,599.196040943,24.240980758181326,599.196040943,526.468972800991,72.7270681420085,-4.88235294117647,0.2788510431632612,0.720899127234145,0.00019730132730066697,5.2528275293141814e-05,0.8536908263468954,0.01605050105254411,1179.466198188984,84.19358663488428,198.44457001227022,0.00013086511572169002,0.0006515674618299272,1.5543335014478962e-06,3.283361809587025e-06,GOOD,0,0
SACRAMENTO VALLEY - SOUTH YUBA,Sunflowers,Sacramento River,237.6743231,3529.0,0.6,2.873453662,0.386904762,0.388227513,0.177248677,0.74,0.17,734.0697039,736.5793439,336.2917618,10,28.73453662,2087.713082428,67.92794919447653,2087.713082428,526.468972800991,1561.24410962701,-4.88235294117647,0.2957541802263169,0.7041657268911405,5.498774510464525e-05,2.510513743782913e-05,0.4688427300047533,0.005685727148501349,71106.2828455001,237.67430006848255,682.9449313782748,2.3031517457638984e-05,0.001222696791501221,9.690368381925975e-08,1.7903267837523072e-06,GOOD,0,0
SACRAMENTO VALLEY - SOUTH YUBA,Truck Crops,Sacramento River,82.59030813,555.0,22.8,2.662234731,0.139554281,0.396137579,0.419814805,0.41,0.17,7441.94487,27484.23099,27982.75263,10,26.62234731,12626.422146025,436.996605404956,12626.422146025,526.468972800991,12099.953173224,-4.88235294117647,0.7991381279496353,0.20081023022766406,2.507164268518873e-05,2.657018001544403e-05,21.78627660831697,0.029531605408285852,35747.59324767897,82.59030761610614,219.8744186009221,5.138938519166913e-07,0.00036814675553387133,6.222205287184601e-09,1.6743473000219285e-06,GOOD,0,0
SACRAMENTO VALLEY - SOUTH YUBA,Vineyard,Sacramento River,2.64069532,1799.69484,10.23615004,2.661751325,0.302297005,0.200476183,0.304083218,0.13,0.17,2773.231975,2743.166444,4105.247296,10,26.617513250000002,18394.522038797793,639.7489198573282,18394.522038797793,526.468972800991,17868.0530659968,-4.88235294117647,0.8530027851774402,0.1469738174491203,9.296459663814402e-06,1.4100913775776952e-05,9.911172197376695,2.9129856951114275,2.7991066450812307,2.6406953165403477,7.028864372105427,3.4596521203411612e-09,9.894825871548107e-06,1.3101292277600437e-09,1.4077397739350999e-06,GOOD,0,0
SACRAMENTO VALLEY - SUTTER,Alfalfa,Sacramento River,1104.495731,285.0,7.3,3.537610105,0.306290873,0.200481491,0.157957374,1.86,0.17,739.7198673,484.1807412,381.4811931,10,35.37610105,2044.459169212,54.97732788358195,2044.459169212,599.196040943,1445.263128269,-4.88235294117647,0.10797110078529142,0.8920099723306363,1.058615655090666e-05,8.340727521495306e-06,4.643727344168869,0.00048676911418696155,1734699.610982143,1104.4956270751222,3907.271003964052,0.00010392487774879555,0.0042549509098535054,9.409260247181123e-08,1.0889816119673872e-06,GOOD,0,0
SACRAMENTO VALLEY - SUTTER,Almonds & Pistachios,Sacramento River,13213.66488,4412.901074,0.604616396,3.61367267,0.287448101,0.299096541,0.094248449,0.4,0.17,2039.310074,2110.873995,639.9084906,10,36.136726700000004,2631.2948234754094,69.01766846230083,2631.2948234754094,599.196040943,2032.09878253241,-4.88235294117647,0.12084327855103912,0.8791386588944643,1.373462916516149e-05,4.327925331662847e-06,0.3933033827908334,0.00018919807810352155,881765.9387295289,13213.664678382496,47749.811529975326,0.00020161750398983713,0.04811741950834403,1.525825770676251e-08,1.0076976113367329e-06,GOOD,0,0
SACRAMENTO VALLEY - SUTTER,Citrus & Subtropical,Sacramento River,1101.071493,800.0,2.0,2.972946835,0.183365181,0.131883505,0.371008972,0.13,0.17,2549.235389,1743.692937,5418.931559,10,29.72946835,1569.5842739920001,50.09939672026006,1569.5842739920001,599.196040943,970.388233049,-4.88235294117647,0.20536007515634078,0.7945741354654766,1.7253258267542127e-05,4.853611991500609e-05,1.4518336923488224,0.006986201841761508,63.39568016056731,1101.0714870113623,3273.42373120998,5.988637667542207e-06,0.0032790130944704288,5.4389180953413414e-09,1.0017064942123068e-06,GOOD,0,0
SACRAMENTO VALLEY - SUTTER,Corn,Sacramento River,5047.831363,253.0,6.6,2.826875063,0.234536008,0.556552162,0.088672787,0.3,0.17,423.9938724,1022.014707,159.5840787,10,28.26875063,1640.6514884130002,54.55804182450842,1640.6514884130002,599.196040943,1041.45544747,-4.88235294117647,0.26648851409598406,0.7334066979812978,9.038699608683758e-05,1.440092663152386e-05,5.05202612221107,0.0006603495825487094,56275.10416083669,5047.831316175638,14269.574262568734,4.6824362470943015e-05,0.014339725268655457,9.276134463239003e-09,1.0049151148162868e-06,GOOD,0,0
SACRAMENTO VALLEY - SUTTER,Cotton,Sacramento River,267.7319272,1699.0,0.8,2.633766816,0.148539114,0.445240339,0.078228087,0.68,0.17,378.6944542,1135.122209,199.4393382,10,26.33766816,1332.1903243,47.926387745417856,1332.1903243,599.196040943,732.994283357,-4.88235294117647,0.30903623425007787,0.6908423471562279,0.00010327357512353285,1.814501857066631e-05,0.6315526943272957,0.005492763790534271,30671.096914905796,267.7319219828068,705.1427521118443,5.2171931770317315e-06,0.0007133312434461914,1.94866306442952e-08,1.0116115066002332e-06,GOOD,0,0
SACRAMENTO VALLEY - SUTTER,Cucurbits,Sacramento River,1633.488234,203.0,12.0,1.97136542,0.087908733,0.228781824,0.653570009,0.05,0.17,920.9338517,2396.72349,6846.813993,10,19.7136542,2415.316085234,112.16445369488719,2415.316085234,599.196040943,1816.120044291,-4.88235294117647,0.8165133788486151,0.1831883472070279,7.733837511239179e-05,0.00022093556924457112,11.532007223051732,0.012243736798167839,0.00030574682085924345,1633.488234767699,3220.1990458092405,-7.676990207983181e-07,0.00317267522768816,4.699752375432893e-10,9.852409918471903e-07,GOOD,0,0
SACRAMENTO VALLEY - SUTTER,Dry Beans,Sacramento River,3664.100214,1362.0,0.9,2.293810917,0.272510229,0.483520066,0.106180731,1.68,0.17,521.9411016,903.6303871,214.6292221,10,22.93810917,1201.999679804,49.05096073559444,1201.999679804,599.196040943,602.803638861,-4.88235294117647,0.4763481468860245,0.5234182097807961,0.00019157382939630866,4.206950378305363e-05,0.7762456158433617,0.00016245136881457993,2047105.1825192121,3664.100198619676,8404.744655096005,1.5380323930003215e-05,0.00841675923220464,4.197571854404311e-09,1.0014284965003444e-06,GOOD,0,0
SACRAMENTO VALLEY - SUTTER,Grain,Sacramento River,6982.210552,215.0072636,2.898547289,0.78906264,0.351483763,0.486359995,0.112954365,0.74,0.17,345.3012994,477.8051109,110.9675411,10,7.8906264,614.3672965000884,67.13082419196988,614.3672965000884,599.196040943,15.1712555570884,-4.88235294117647,0.9950127021156926,0.00401721950065184,0.0007872451409713068,0.00018283324268425786,2.903726897057583,0.00019354205108642383,20763.88381107345,6982.238896017995,5509.418397447121,-0.02834401799555053,-0.016906250143620127,4.059461940378124e-06,3.068618282881225e-06,GOOD,0,0
SACRAMENTO VALLEY - SUTTER,Onions & Garlic,Sacramento River,99.24233767,216.0,21.2,2.113494575,0.178481578,0.383051703,0.272440319,0.41,0.17,887.6914461,1905.136225,1355.002253,10,21.13494575,4557.231080649999,198.5142185495281,4557.231080649999,599.196040943,3958.035039707,-4.88235294117647,0.8480135734740507,0.15186445677002322,7.127580680450151e-05,5.069394912153872e-05,20.516140704714935,0.024576450409240974,14051.582139443333,99.24233776349399,209.7479405435123,-9.349399476832332e-08,0.00020173235083120744,9.420777156540686e-10,9.617837309180396e-07,GOOD,0,0
SACRAMENTO VALLEY - SUTTER,Other Deciduous,Sacramento River,24932.76597,2175.554279,1.897912827,3.327741402,0.215021845,0.341552948,0.346579073,0.13,0.17,2284.866179,4950.948854,6009.195442,10,33.27741402,4094.8318040628374,115.0476126758571,4094.8318040628374,599.196040943,3495.63576311984,-4.88235294117647,0.25780154221634355,0.7421551367903191,2.150228812668533e-05,2.1818705210898978e-05,1.4402269574789484,0.0003085220348822651,5170.587788496776,24932.76591338709,82969.71550589315,5.661290924763307e-05,0.08207885254523717,2.2706228950190185e-09,9.892618149562373e-07,GOOD,0,0
SACRAMENTO VALLEY - SUTTER,Pasture,Sacramento River,1830.941911,184.0,5.0,3.965593094,0.350906068,0.190014026,0.155066311,0.51,0.17,328.209843,177.7241242,145.0367898,10,39.65593094,879.648082655,21.71372598479623,879.648082655,599.196040943,280.452041712,-4.88235294117647,0.02591869588714465,0.9740711404280947,5.596501606590173e-06,4.567183154360992e-06,2.3878198921180505,0.001070915631973586,36905.287844611106,1830.9415858276138,7260.761883665146,0.00032517238605578314,0.00871411161551805,1.7759841756977683e-07,1.2001634672477187e-06,GOOD,0,0
SACRAMENTO VALLEY - SUTTER,Rice,Sacramento River,76096.25905,569.0,4.3,4.534377778,0.381523094,0.545092624,0.07948555,0.2,0.17,851.2633133,1216.2235,177.3500304,10,45.343777779999996,2400.350120952,50.273927873195255,2400.350120952,599.196040943,1801.154080009,-4.88235294117647,0.03194273600435925,0.968048953722489,7.252684751141572e-06,1.057588400647852e-06,2.1321715819255265,6.57062523496022e-05,184741.19245285148,76096.25794708243,345048.8368155398,0.0011029175657313317,0.3492097115376964,1.4493715978950372e-08,1.0120577751837984e-06,GOOD,0,0
SACRAMENTO VALLEY - SUTTER,Safflower,Sacramento River,2728.053655,567.0,1.1,2.357007476,0.396694215,0.424242424,0.112947658,0.74,0.17,212.2655769,227.006242,60.43672676,10,23.57007476,599.196040943,24.240980758181326,599.196040943,599.196040943,0.0,-4.88235294117647,0.2788510431632613,0.7208991272341448,0.0001973013273006668,5.252827529314179e-05,0.8536908263468955,0.0004953536558471212,207.32709361494668,2728.027475008094,6429.9746150373785,0.02617999190624687,0.06824472674725257,9.5965824785975e-06,1.0613417085334328e-05,GOOD,0,0
SACRAMENTO VALLEY - SUTTER,Sunflowers,Sacramento River,8553.277249,3529.0,0.6,2.873453662,0.386904762,0.388227513,0.177248677,0.74,0.17,734.0697039,736.5793439,336.2917618,10,28.73453662,2087.713082428,67.92794919447653,2087.713082428,599.196040943,1488.517041485,-4.88235294117647,0.29575418022631667,0.7041657268911408,5.498774510464525e-05,2.5105137437829127e-05,0.46884273000475324,0.00015799223058148191,2439756.677675267,8553.277100663643,24577.421016864064,0.00014833635759714525,0.02481637627715827,1.734263408969794e-08,1.0097215327230945e-06,GOOD,0,0
SACRAMENTO VALLEY - SUTTER,Tomato Processing,Sacramento River,12178.59557,98.0,46.6,2.666779844,0.124471553,0.533148968,0.188806686,0.74,0.17,657.2463564,2815.18314,996.9547547,10,26.667798440000002,4539.285774352999,158.07580373636867,4539.285774352999,599.196040943,3940.08973341,-4.88235294117647,0.5861103163217001,0.4137964676802267,6.88380413651511e-05,2.4377956708124198e-05,41.8214147776192,0.00011096118132703142,9193149.56168085,12178.595517412932,32477.601073177,5.2587067330023274e-05,0.03212112669280032,4.3179911039630064e-09,9.890230147199918e-07,GOOD,0,0
SACRAMENTO VALLEY - SUTTER,Truck Crops,Sacramento River,371.6108107,520.7800224,22.58177753,2.662234731,0.139554281,0.396137579,0.419814805,0.408122817,0.17,7441.94487,27484.23099,27982.75263,10,26.62234731,11732.560753930216,406.12775808016,11732.560753930216,599.196040943,11133.3647129872,-4.88235294117647,0.7870934277637914,0.2128518337069745,2.6575065989109643e-05,2.8163463244874824e-05,21.511469800834877,0.0065935724808558905,145674.70974252865,371.6108103911551,989.314239386891,3.0884490342941717e-07,0.0009672737153323396,8.310977359556595e-10,9.777204563521602e-07,GOOD,0,0
SACRAMENTO VALLEY - SUTTER,Vineyard,Sacramento River,104.2482249,1697.952893,10.49402721,2.661751325,0.302297005,0.200476183,0.304083218,0.13,0.17,2773.231975,2743.166444,4105.247296,10,26.617513250000002,17790.939490784218,618.7879814974588,17790.939490784218,599.196040943,17191.7434498412,-4.88235294117647,0.8487699678840511,0.15120596100996928,9.56415327474292e-06,1.4506952704846065e-05,10.150618524721791,0.07378838056654231,106.31946810505806,104.24822488227005,277.48258299307815,1.7729945511746337e-08,0.000267763394845133,1.7007431568982368e-10,9.649727690023262e-07,GOOD,0,0
SACRAMENTO VALLEY - VINA,Alfalfa,Sacramento River,53.81526052,286.0,5.6,3.537610105,0.306290873,0.200481491,0.157957374,1.86,0.17,739.7198673,484.1807412,381.4811931,10,35.37610105,1565.559169212,42.322368824006176,1565.559169212,539.496040943,1026.063128269,-4.88235294117647,0.084828544342948,0.9151520377390193,1.0860800932610559e-05,8.557117099911805e-06,3.394219523316225,0.009990370824319304,60010.94117074615,53.81525275964466,190.37718291865897,7.76035534499897e-06,0.00022650010060942805,1.4420361938255225e-07,1.189742529331366e-06,GOOD,0,0
SACRAMENTO VALLEY - VINA,Almonds & Pistachios,Sacramento River,66391.23248,4742.102414,0.80648989,3.61367267,0.287448101,0.299096541,0.094248449,0.4,0.17,2039.310074,2110.873995,639.9084906,10,36.136726700000004,3787.6401344445944,98.92954886037393,3787.6401344445944,539.496040943,3248.14409350159,-4.88235294117647,0.1651724742092134,0.8348103739937152,1.3042096140388095e-05,4.109700930778949e-06,0.558819063022392,3.7655574487988476e-05,7081222.428496856,66391.23178829966,239915.92720484882,0.0006917003483977169,0.25513574352953583,1.0418549596983123e-08,1.063436993038416e-06,GOOD,0,0
SACRAMENTO VALLEY - VINA,Citrus & Subtropical,Sacramento River,923.4270573,864.0,3.7,2.972946835,0.183365181,0.131883505,0.371008972,0.13,0.17,2549.235389,1743.692937,5418.931559,10,29.72946835,3166.384273992,100.09859464707961,3166.384273992,539.496040943,2626.888233049,-4.88235294117647,0.3426733191386307,0.6572722598434408,1.4271906855521669e-05,4.014911107304015e-05,2.9770180560234163,0.008330173597900803,143.91003317290438,923.4270552311352,2745.2966547076294,2.068864773718815e-06,0.002892645769406954,2.240420353035734e-09,1.0536721838589907e-06,GOOD,0,0
SACRAMENTO VALLEY - VINA,Corn,Sacramento River,183.6817074,232.0,6.1,2.826875063,0.234536008,0.556552162,0.088672787,0.3,0.17,423.9938724,1022.014707,159.5840787,10,28.26875063,1386.0514884129998,46.23939441253103,1386.0514884129998,539.496040943,846.55544747,-4.88235294117647,0.2348508372430878,0.7650398551415908,9.428555068189624e-05,1.5022064639456905e-05,4.552942128094135,0.018147334214802347,1664.618057922462,183.68170504264256,519.244682867543,2.357357431037599e-06,0.0005553107795321921,1.2833925949436155e-08,1.0694576256113564e-06,GOOD,0,0
SACRAMENTO VALLEY - VINA,Cucurbits,Sacramento River,51.98763004,203.0,12.0,1.97136542,0.087908733,0.228781824,0.653570009,0.05,0.17,920.9338517,2396.72349,6846.813993,10,19.7136542,2415.316085234,112.16445369488719,2415.316085234,539.496040943,1875.820044291,-4.88235294117647,0.8165133788486151,0.1831883472070279,7.733837511239177e-05,0.0002209355692445711,11.532007223051734,0.3847069001724396,1.0050598185277145e-05,51.98763006292088,102.48651236079228,-2.2920879416687967e-08,0.00010376781693821613,4.4089102348101513e-10,1.012501152423641e-06,GOOD,0,0
SACRAMENTO VALLEY - VINA,Dry Beans,Sacramento River,243.6870741,1523.0,1.7,2.293810917,0.272510229,0.483520066,0.106180731,1.68,0.17,521.9411016,903.6303871,214.6292221,10,22.93810917,2565.2996798039994,103.60404832805315,2565.2996798039994,539.496040943,2025.803638861,-4.88235294117647,0.6599990981658809,0.33984920000490537,0.00012438660223433525,2.731522697932448e-05,1.5642275933277836,0.0024426330261318333,457392.3736721853,243.68707338380764,558.9714849569184,7.16192346317257e-07,0.0005859454495293903,2.9389837313379973e-09,1.0482553244269939e-06,GOOD,0,0
SACRAMENTO VALLEY - VINA,Grain,Sacramento River,1737.072444,216.0,2.7,0.78906264,0.351483763,0.486359995,0.112954365,0.74,0.17,345.3012994,477.8051109,110.9675411,10,7.8906264,574.358575477,62.821163035852955,574.358575477,539.496040943,34.8625345340001,-4.88235294117647,0.9946673603975629,0.0042953888654344245,0.0008417573429449928,0.00019549339405770593,2.7051576666604036,0.0007779476072048907,11718.736826635342,1737.0756823562704,1370.6600784593024,-0.003238356270458098,-0.001109925410219148,1.8642609187910752e-06,8.097750320828277e-07,GOOD,0,0
SACRAMENTO VALLEY - VINA,Other Deciduous,Sacramento River,65557.93945,1600.221291,1.968120318,3.327741402,0.215021845,0.341552948,0.346579073,0.13,0.17,2284.866179,4950.948854,6009.195442,10,33.27741402,3115.2474682272905,87.75323109003678,3115.2474682272905,539.496040943,2575.75142728429,-4.88235294117647,0.20902257996778115,0.7909312518851632,2.2915467162278317e-05,2.3252679893321723e-05,1.4314580840856221,0.00011733601996710852,10018.023946628266,65557.93922811454,218159.63861376952,0.00022188546427059919,0.2307238045905251,3.3845704445886024e-09,1.0575904967815595e-06,GOOD,0,0
SACRAMENTO VALLEY - VINA,Pasture,Sacramento River,611.4249603,179.0,5.0,3.965593094,0.350906068,0.190014026,0.155066311,0.51,0.17,328.209843,177.7241242,145.0367898,10,39.65593094,854.648082655,21.123679083035462,854.648082655,539.496040943,315.152041712,-4.88235294117647,0.02520092458540132,0.9747889042405232,5.600625500793263e-06,4.570548574664372e-06,2.3747421876443893,0.003206909172899022,13847.103990621123,611.4248553663467,2424.6595416662663,0.00010493365323327453,0.0030583986376768735,1.7162147450079253e-07,1.261370814065019e-06,GOOD,0,0
SACRAMENTO VALLEY - VINA,Rice,Sacramento River,9523.479043,573.0,4.4,4.534377778,0.381523094,0.545092624,0.07948555,0.2,0.17,851.2633133,1216.2235,177.3500304,10,45.343777779999996,2474.8501209520005,51.804727573425396,2474.8501209520005,539.496040943,1935.354080009,-4.88235294117647,0.032901375975841606,0.9670903219804372,7.245502620743309e-06,1.0565411005015237e-06,2.1947564568121933,0.0005250182183868118,24842.726292483258,9523.478904161866,43183.00524774499,0.00013883813335269224,0.04649408290424617,1.4578509883396217e-08,1.076674320800981e-06,GOOD,0,0
SACRAMENTO VALLEY - VINA,Safflower,Sacramento River,143.1242232,564.0,1.0,2.357007476,0.396694215,0.424242424,0.112947658,0.74,0.17,212.2655769,227.006242,60.43672676,10,23.57007476,539.4960409429999,21.92065600066421,539.4960409429999,539.496040943,0.0,-4.88235294117647,0.25825689853674866,0.7414861373748913,0.00020293574170411542,5.402834665580916e-05,0.7646499335776759,0.009441807411335186,10.877179474665764,143.12225694313585,337.3398664729643,0.0019662568641365397,0.00499760612837008,1.3738113787970867e-05,1.4814531538853841e-05,GOOD,0,0
SACRAMENTO VALLEY - VINA,Sunflowers,Sacramento River,101.3126958,3712.0,0.6,2.873453662,0.386904762,0.388227513,0.177248677,0.74,0.17,734.0697039,736.5793439,336.2917618,10,28.73453662,2197.5130824279995,71.45042431564093,2197.5130824279995,539.496040943,1658.017041485,-4.88235294117647,0.3065387821457293,0.6933823514892743,5.4145679841708656e-05,2.4720685154553763e-05,0.4722277911726976,0.01333842062616748,32188.55484209789,101.31269403714,291.11702803978596,1.762859994869359e-06,0.0003087138160822178,1.7400188406292106e-08,1.0604446287014133e-06,GOOD,0,0
SACRAMENTO VALLEY - VINA,Truck Crops,Sacramento River,153.802397,742.2022343,20.8241733,2.662234731,0.139554281,0.396137579,0.419814805,0.393003641,0.17,7441.94487,27484.23099,27982.75263,10,26.62234731,15428.170096735405,533.752915161613,15428.170096735405,539.496040943,14888.6740557924,-4.88235294117647,0.8293910672399467,0.17056506900349855,2.1295461191305162e-05,2.2568295363396577e-05,20.048697992706387,0.01654399240721928,70656.96705891633,153.8023968940307,409.45765882195576,1.0596932042972185e-07,0.00042418249444153844,6.889965468465478e-10,1.0359607296772506e-06,GOOD,0,0
SACRAMENTO VALLEY - VINA,Vineyard,Sacramento River,59.91441488,1756.637675,10.24058955,2.661751325,0.302297005,0.200476183,0.304083218,0.13,0.17,2773.231975,2743.166444,4105.247296,10,26.617513250000002,17961.581048085292,624.7139433662892,17961.581048085292,539.496040943,17422.0850071423,-4.88235294117647,0.8499911639310451,0.14998495933931094,9.486921880895142e-06,1.438980776313567e-05,9.908362444650551,0.12838826362093803,61.92350848777562,59.914414868434555,159.47711050299307,1.156544726654829e-08,0.00016269044664340981,1.9303280003171567e-10,1.0201481589547412e-06,GOOD,0,0
SACRAMENTO VALLEY - WYANDOTTE CREEK,Alfalfa,Sacramento River,88.5126563,286.0,5.6,3.537610105,0.306290873,0.200481491,0.157957374,1.86,0.17,739.7198673,484.1807412,381.4811931,10,35.37610105,1565.559169212,42.322368824006176,1565.559169212,574.358575477,991.200593735,-4.88235294117647,0.084828544342948,0.9151520377390194,1.0860800932610559e-05,8.557117099911806e-06,3.394219523316225,0.006074096418255956,95350.37286572142,88.5125670660063,313.12188905359346,8.92339937053066e-05,0.0013782936784991762,1.008149539686864e-06,4.401760655398911e-06,GOOD,0,0
SACRAMENTO VALLEY - WYANDOTTE CREEK,Almonds & Pistachios,Sacramento River,1655.543435,4575.0,0.9,3.61367267,0.287448101,0.299096541,0.094248449,0.4,0.17,2039.310074,2110.873995,639.9084906,10,36.136726700000004,4080.682480209,106.50985166000127,4080.682480209,574.358575477,3506.323904732,-4.88235294117647,0.17570539567264562,0.8242776689325051,1.2877545535477083e-05,4.0578493137625075e-06,0.6314698700972111,0.001510078169589069,190612.7734766032,1655.5433306523878,5982.57158162042,0.00010434761225042166,0.020483437001530547,6.302922052324267e-08,3.4238398304254003e-06,GOOD,0,0
SACRAMENTO VALLEY - WYANDOTTE CREEK,Citrus & Subtropical,Sacramento River,1513.686437,864.0,3.7,2.972946835,0.183365181,0.131883505,0.371008972,0.13,0.17,2549.235389,1743.692937,5418.931559,10,29.72946835,3166.384273992,100.09859464707961,3166.384273992,574.358575477,2592.025698515,-4.88235294117647,0.3426733191386307,0.6572722598434406,1.4271906855521664e-05,4.014911107304014e-05,2.9770180560234163,0.005081836967207821,232.76759146352344,1513.6864045884613,4500.0940747449695,3.241153876842873e-05,0.015227316607706598,2.141232026407377e-08,3.3837659455806336e-06,GOOD,0,0
SACRAMENTO VALLEY - WYANDOTTE CREEK,Corn,Sacramento River,51.84041711,232.0,6.1,2.826875063,0.234536008,0.556552162,0.088672787,0.3,0.17,423.9938724,1022.014707,159.5840787,10,28.26875063,1386.0514884129998,46.23939441253103,1386.0514884129998,574.358575477,811.692912936,-4.88235294117647,0.23485083724308792,0.7650398551415907,9.428555068189628e-05,1.502206463945691e-05,4.552942128094136,0.06429989415903706,450.4625519357718,51.840409487664765,146.54586685793865,7.6223352323268045e-06,0.0005155258388640505,1.470346046049938e-07,3.5178339477120964e-06,GOOD,0,0
SACRAMENTO VALLEY - WYANDOTTE CREEK,Grain,Sacramento River,1133.716491,216.0,2.7,0.78906264,0.351483763,0.486359995,0.112954365,0.74,0.17,345.3012994,477.8051109,110.9675411,10,7.8906264,574.358575477,62.821163035852955,574.358575477,574.358575477,0.0,-4.88235294117647,0.9946673603975629,0.004295388865434424,0.0008417573429449929,0.00019549339405770593,2.705157666660404,0.0011919658592593864,76.34085435523805,1133.7190823564633,894.5723547684165,-0.002591356463426564,0.0009726315796569907,2.285718240845951e-06,1.0872575225150793e-06,GOOD,0,0
SACRAMENTO VALLEY - WYANDOTTE CREEK,Other Deciduous,Sacramento River,10958.4327,1597.35769,2.049187719,3.327741402,0.215021845,0.341552948,0.346579073,0.13,0.17,2284.866179,4950.948854,6009.195442,10,33.27741402,3239.105193312209,91.20430710988336,3239.105193312209,574.358575477,2664.74661783521,-4.88235294117647,0.2155413227881995,0.7844128895538328,2.2726612166854354e-05,2.3061045800778458e-05,1.4996979290068693,0.0007019532722327795,1732.4311153213348,10958.43243458004,36466.70656182083,0.0002654199597600382,0.12363499981438508,2.422061320502869e-08,3.390341281298537e-06,GOOD,0,0
SACRAMENTO VALLEY - WYANDOTTE CREEK,Pasture,Sacramento River,1616.658315,179.0,5.0,3.965593094,0.350906068,0.190014026,0.155066311,0.51,0.17,328.209843,177.7241242,145.0367898,10,39.65593094,854.648082655,21.123679083035462,854.648082655,574.358575477,280.289507178,-4.88235294117647,0.025200924585401328,0.974788904240523,5.600625500793265e-06,4.570548574664374e-06,2.3747421876443897,0.0012128625421541164,32567.22989947404,1616.6564890191928,6410.979460656839,0.0018259808070979489,0.029588664836410317,1.1294784990469362e-06,4.615289825482461e-06,GOOD,0,0
SACRAMENTO VALLEY - WYANDOTTE CREEK,Rice,Sacramento River,2125.71521,573.0,4.4,4.534377778,0.381523094,0.545092624,0.07948555,0.2,0.17,851.2633133,1216.2235,177.3500304,10,45.343777779999996,2474.8501209520005,51.804727573425396,2474.8501209520005,574.358575477,1900.491545475,-4.88235294117647,0.03290137597584161,0.9670903219804373,7.24550262074331e-06,1.0565411005015242e-06,2.1947564568121942,0.0023521495148919784,5445.224424262451,2125.715046057454,9638.762366663133,0.0001639425458961341,0.033443917467593565,7.712347595994956e-08,3.4697194675378274e-06,GOOD,0,0
SACRAMENTO VALLEY - WYANDOTTE CREEK,Truck Crops,Sacramento River,41.6269968,140.0,22.8,2.662234731,0.139554281,0.396137579,0.419814805,0.41,0.17,7441.94487,27484.23099,27982.75263,10,26.62234731,3164.422146025,110.23337793998888,3164.422146025,574.358575477,2590.063570548,-4.88235294117647,0.49928205921978713,0.5005892056108306,6.249977245137492e-05,6.62353969306667e-05,19.811539138123518,0.05859236980179897,3856.89597340181,41.6269943912409,110.8204620718964,2.4087591015131693e-06,0.00037455628945792796,5.786531065611655e-08,3.3798363273018673e-06,GOOD,0,0
SACRAMENTO VALLEY - WYANDOTTE CREEK,Vineyard,Sacramento River,2.745477992,1756.637675,10.24058955,2.661751325,0.302297005,0.200476183,0.304083218,0.13,0.17,2773.231975,2743.166444,4105.247296,10,26.617513250000002,17961.581048085292,624.7139433662892,17961.581048085292,574.358575477,17387.2224726083,-4.88235294117647,0.8499911639310451,0.1499849593393109,9.486921880895142e-06,1.4389807763135674e-05,9.908362444650551,2.801809999833243,2.831863375743347,2.7454779846459623,7.307759467267089,7.354037823148474e-09,2.0215697250414166e-05,2.6786001725664072e-09,2.7663254952171517e-06,GOOD,0,0
SACRAMENTO VALLEY - YOLO,Alfalfa,Sacramento River,23989.05817,274.8184745,5.796974576,3.537610105,0.306290873,0.200481491,0.157957374,1.86,0.17,739.7198673,484.1807412,381.4811931,10,35.37610105,1557.0748789036043,42.09817098207195,1557.0748789036043,472.509888468311,1084.56499043529,-4.88235294117647,0.08440771577459083,0.9155728573783234,1.0865795117338935e-05,8.561051968417772e-06,3.510118068296349,2.2411651378398007e-05,28275656.52888686,23989.05292132709,84863.84742710394,0.005248672910965979,0.08716452086810023,2.1879445511244842e-07,1.0271091163466094e-06,GOOD,0,0
SACRAMENTO VALLEY - YOLO,Almonds & Pistachios,Sacramento River,51340.56958,4341.96477,0.823518784,3.61367267,0.287448101,0.299096541,0.094248449,0.4,0.17,2039.310074,2110.873995,639.9084906,10,36.136726700000004,3538.8720277702396,92.49451446095075,3538.8720277702396,472.509888468311,3066.36213930193,-4.88235294117647,0.15601735030691172,0.8439653098010843,1.3185122097753215e-05,4.154769906178443e-06,0.5640702471197859,4.869443444924086e-05,5169500.991419231,51340.56870172419,185527.8618435419,0.0008782758159213699,0.1513099375006277,1.7106857658694675e-08,8.15563832807585e-07,GOOD,0,0
SACRAMENTO VALLEY - YOLO,Citrus & Subtropical,Sacramento River,4548.964414,886.0,3.5,2.972946835,0.183365181,0.131883505,0.371008972,0.13,0.17,2549.235389,1743.692937,5418.931559,10,29.72946835,3070.584273992,97.09889326845402,3070.584273992,472.509888468311,2598.07438552369,-4.88235294117647,0.3357873643930376,0.6641576444909721,1.4421415018816759e-05,4.0569700971448744e-05,2.8045833690675757,0.0016910019495060599,701.1506473205355,4548.964390930819,13523.8184992314,2.306918122485513e-05,0.010857897530513583,5.071303955216021e-09,8.028715272712287e-07,GOOD,0,0
SACRAMENTO VALLEY - YOLO,Corn,Sacramento River,10581.85656,247.2772028,6.081260815,2.826875063,0.234536008,0.556552162,0.088672787,0.3,0.17,423.9938724,1022.014707,159.5840787,10,28.26875063,1474.6086522434484,49.13285796991601,1474.6086522434484,472.509888468311,1002.09876377514,-4.88235294117647,0.24616029993574182,0.7537320080952157,9.289194147496567e-05,1.4800027567633628e-05,4.581739058078281,0.00031500458491693387,113513.36831374177,10581.856260484925,29913.561489649303,0.0002995150753122289,0.024940057661297033,2.830458659252785e-08,8.337367944797566e-07,GOOD,0,0
SACRAMENTO VALLEY - YOLO,Cucurbits,Sacramento River,5033.443186,203.0,12.0,1.97136542,0.087908733,0.228781824,0.653570009,0.05,0.17,920.9338517,2396.72349,6846.813993,10,19.7136542,2415.316085234,112.16445369488719,2415.316085234,472.509888468311,1942.80619676569,-4.88235294117647,0.8165133788486154,0.18318834720702773,7.73383751123918e-05,0.00022093556924457112,11.532007223051734,0.003973423213681625,0.0010078471404138813,5033.443178902737,9922.747922897717,7.097263733157888e-06,0.00791751731048862,1.4100216235475132e-09,7.979151596415239e-07,GOOD,0,0
SACRAMENTO VALLEY - YOLO,Dry Beans,Sacramento River,1241.609484,1339.334285,1.100742856,2.293810917,0.272510229,0.483520066,0.106180731,1.68,0.17,521.9411016,903.6303871,214.6292221,10,22.93810917,1450.462325813618,58.9933098085914,1450.462325813618,472.509888468311,977.952437345307,-4.88235294117647,0.5232778803764371,0.4765094154301817,0.00017440496289876245,3.829923048243975e-05,0.9671812756271604,0.0004794084636986352,1125186.2522122941,1241.6093352230748,2848.014764610936,0.00014877692524351005,0.002624439001465362,1.198258608368604e-07,9.214968319911985e-07,GOOD,0,0
SACRAMENTO VALLEY - YOLO,Grain,Sacramento River,41683.74213,145.9271065,3.298573682,0.78906264,0.351483763,0.486359995,0.112954365,0.74,0.17,345.3012994,477.8051109,110.9675411,10,7.8906264,472.5098884683112,51.850221726593,472.5098884683112,472.509888468311,0.0,-4.88235294117647,0.9935262092841222,0.00521457488809587,0.0010218880850843125,0.00023732774269759682,3.3062171254503117,3.241914670561156e-05,2806.85031239228,41683.75767185246,32891.06944658617,-0.015541852459136862,0.014163590858515818,3.7285166026279853e-07,4.306209861122781e-07,GOOD,0,0
SACRAMENTO VALLEY - YOLO,Onions & Garlic,Sacramento River,261.9895095,216.0,21.2,2.113494575,0.178481578,0.383051703,0.272440319,0.41,0.17,887.6914461,1905.136225,1355.002253,10,21.13494575,4557.231080649999,198.5142185495281,4557.231080649999,472.509888468311,4084.72119218169,-4.88235294117647,0.8480135734740509,0.15186445677002317,7.127580680450151e-05,5.069394912153873e-05,20.516140704714935,0.009309626156019437,38281.973580634425,261.98950788713177,553.7129673959814,1.6128682318594656e-06,0.0004396391794898591,6.1562321137879976e-09,7.939832662602333e-07,GOOD,0,0
SACRAMENTO VALLEY - YOLO,Other Deciduous,Sacramento River,4479.248897,2007.954736,2.378413327,3.327741402,0.215021845,0.341552948,0.346579073,0.13,0.17,2284.866179,4950.948854,6009.195442,10,33.27741402,4741.565736229168,133.06770761131688,4741.565736229168,472.509888468311,4269.05584776086,-4.88235294117647,0.28683779737649734,0.7131205764321459,2.066107656389391e-05,2.0965114792967253e-05,1.8443175514388361,0.0017173208877630476,1134.4241776463623,4479.24888092543,14905.770090091302,1.6074570339696947e-05,0.011914318432900473,3.588675402803129e-09,7.993085119167671e-07,GOOD,0,0
SACRAMENTO VALLEY - YOLO,Pasture,Sacramento River,14682.5376,161.9324556,5.0,3.965593094,0.350906068,0.190014026,0.155066311,0.51,0.17,328.209843,177.7241242,145.0367898,10,39.65593094,769.3103606550001,19.109548744258596,769.3103606550001,472.509888468311,296.800472186689,-4.88235294117647,0.02274281754715181,0.9772469856305801,5.614748346525597e-06,4.5820739216855185e-06,2.327699614444036,0.00013354532895767896,313177.99478504277,14682.533882722948,58224.9065798579,0.003717277051691781,0.06312909742700867,2.53176743214455e-07,1.084227226610288e-06,GOOD,0,0
SACRAMENTO VALLEY - YOLO,Rice,Sacramento River,37653.9343,593.0,4.0,4.534377778,0.381523094,0.545092624,0.07948555,0.2,0.17,851.2633133,1216.2235,177.3500304,10,45.343777779999996,2325.650120952,48.73901864356855,2325.650120952,472.509888468311,1853.14023248369,-4.88235294117647,0.030979612433791603,0.9690120690251367,7.259900472662929e-06,1.0586405990605973e-06,1.9712605786016593,0.00013278824890285102,94051.48011155208,37653.93359320951,170737.02216109433,0.0007067904880386777,0.14078309765318409,1.8770694249569498e-08,8.245603665043982e-07,GOOD,0,0
SACRAMENTO VALLEY - YOLO,Safflower,Sacramento River,7813.162109,576.6905871,1.09935539,2.357007476,0.396694215,0.424242424,0.112947658,0.74,0.17,212.2655769,227.006242,60.43672676,10,23.57007476,609.4839462336494,24.64083471712413,609.4839462336494,472.509888468311,136.974057765338,-4.88235294117647,0.2822850004707185,0.7174663595618959,0.00019636182052022708,5.227814686533092e-05,0.8552178281394058,0.0001729583147640987,205621.43967797555,7813.159048237564,18415.65917353508,0.003060762435779907,0.022328577848384157,3.9174439146145543e-07,1.2124763259954446e-06,GOOD,0,0
SACRAMENTO VALLEY - YOLO,Sunflowers,Sacramento River,18978.87192,3609.0,0.6,2.873453662,0.386904762,0.388227513,0.177248677,0.74,0.17,734.0697039,736.5793439,336.2917618,10,28.73453662,2135.713082428,69.46782902886534,2135.713082428,472.509888468311,1663.20319395969,-4.88235294117647,0.3005097494096045,0.6994106985520203,5.461642869958353e-05,2.4935609675520366e-05,0.4703470710402482,7.120293329590852e-05,6048727.31789899,18978.871103342317,54534.862991600494,0.0008166576844814699,0.046027552481973544,4.302983274895665e-08,8.440016369296298e-07,GOOD,0,0
SACRAMENTO VALLEY - YOLO,Tomato Processing,Sacramento River,31960.57126,97.03355012,49.44586241,2.666779844,0.124471553,0.533148968,0.188806686,0.74,0.17,657.2463564,2815.18314,996.9547547,10,26.667798440000002,4770.393342740358,166.07539089201148,4770.393342740358,472.509888468311,4297.88345427205,-4.88235294117647,0.5981027985145978,0.40180668642731626,6.684345435846652e-05,2.3671603727486387e-05,44.55727238893152,4.228182720384052e-05,26316554.586294286,31960.570780566468,85231.73821952999,0.00047943353274604306,0.06901936369831674,1.5000781082598305e-08,8.097841162145539e-07,GOOD,0,0
SACRAMENTO VALLEY - YOLO,Truck Crops,Sacramento River,4225.810678,200.7096049,22.78137763,2.662234731,0.139554281,0.396137579,0.419814805,0.409839808,0.17,7441.94487,27484.23099,27982.75263,10,26.62234731,4544.863449219998,157.90590547728996,4544.863449219998,472.509888468311,4072.35356075169,-4.88235294117647,0.5888327352886593,0.4110615531257234,5.132202861329661e-05,5.438955700412239e-05,20.46469564247434,0.0005773987301412788,614774.2588272827,4225.810641039258,11250.090914441258,3.6960741454095114e-05,0.009039160999236628,8.746426252959342e-09,8.034738390339642e-07,GOOD,0,0
SACRAMENTO VALLEY - YOLO,Vineyard,Sacramento River,1371.497974,1722.462379,10.34583221,2.661751325,0.302297005,0.200476183,0.304083218,0.13,0.17,2773.231975,2743.166444,4105.247296,10,26.617513250000002,17792.882391515428,618.8554536644396,17792.882391515428,472.509888468311,17320.3725030471,-4.88235294117647,0.8487839841440722,0.15119194698089986,9.563266852533626e-06,1.4505608175466694e-05,10.007306594874931,0.005608690525347937,1409.2126940744383,1371.4979731056753,3650.5836608331206,8.943247848947067e-07,0.002888696195441298,6.520788231909606e-10,7.912964550350817e-07,GOOD,0,0
SAN JOAQUIN VALLEY - CHOWCHILLA,Alfalfa,San Joaquin River,9738.547974,288.707966,7.226870561,4.134965358,0.306290873,0.200481491,0.157957374,1.86,0.17,739.7198673,484.1807412,381.4811931,10,41.349653579999995,2044.440716893589,47.29571014763142,2044.440716893589,641.220964443503,1403.21975245009,-4.88235294117647,0.04611343591875894,0.9538784805151231,4.521288136385941e-06,3.5622779816660337e-06,3.86431518928588,5.520683473938089e-05,14850325.432434348,9738.544650061578,40268.495557226765,0.0033239384210901335,0.06295248430978972,3.4131766152042305e-07,1.5633160619496286e-06,GOOD,0,0
SAN JOAQUIN VALLEY - CHOWCHILLA,Almonds & Pistachios,San Joaquin River,137945.7552,4808.787403,1.067430793,3.753630493,0.287448101,0.299096541,0.094248449,0.4,0.17,2039.310074,2110.873995,639.9084906,10,37.53630493,5094.830652931701,127.91700989392187,5094.830652931701,641.220964443503,4453.6096884882,-4.88235294117647,0.17547803741942433,0.8245084156115937,1.0301012257788587e-05,3.2459567241419967e-06,0.7485170785150534,1.812306581217658e-05,20173084.626899723,137945.7523421035,517796.7575388251,0.0028578965284395963,0.6355598082882352,2.0717538747720712e-08,1.2274295250597558e-06,GOOD,0,0
SAN JOAQUIN VALLEY - CHOWCHILLA,Citrus & Subtropical,San Joaquin River,248.3432947,1139.0,2.8,3.247465856,0.183365181,0.131883505,0.371008972,0.13,0.17,2549.235389,1743.692937,5418.931559,10,32.474658559999995,3156.0390837819996,91.59377000821968,3156.0390837819996,641.220964443503,2514.8181193385,-4.88235294117647,0.23610037176667326,0.7638620094967836,9.865510135580721e-06,2.7753226407331102e-05,2.087760755907319,0.03097449319741063,37.051624382314714,248.34329219781185,806.4853906714037,2.502188152675444e-06,0.0009794333919899145,1.007552128877931e-08,1.2144450647847228e-06,GOOD,0,0
SAN JOAQUIN VALLEY - CHOWCHILLA,Corn,San Joaquin River,18675.97688,68.60082875,27.00676796,2.415829265,0.234536008,0.556552162,0.088672787,0.3,0.17,423.9938724,1022.014707,159.5840787,10,24.15829265,1827.6486103079471,70.47127213392929,1827.6486103079471,641.220964443503,1186.42764586444,-4.88235294117647,0.5048705451748938,0.4949512404395649,0.0001537225144908898,2.4491871050453462e-05,23.54382827421169,0.00017848240843042497,237182.9198957467,18675.97623591656,45117.91518717598,0.000644083436782239,0.05631199140771059,3.4487268908111814e-08,1.2481055671740423e-06,GOOD,0,0
SAN JOAQUIN VALLEY - CHOWCHILLA,Cotton,San Joaquin River,392.1931353,3318.665487,0.749682836,3.634047537,0.148539114,0.445240339,0.078228087,0.68,0.17,378.6944542,1135.122209,199.4393382,10,36.34047537,2450.9340711194814,64.01821013632468,2450.9340711194814,641.220964443503,1809.71310667598,-4.88235294117647,0.1102094718448268,0.889766991135851,2.001960374584331e-05,3.5174155761644863e-06,0.47866690672784956,0.003749653175773262,110913.88595439158,392.1931025581224,1425.2466505112338,3.274187758961489e-05,0.001846854038831225,8.348406599358163e-08,1.2958119529649292e-06,GOOD,0,0
SAN JOAQUIN VALLEY - CHOWCHILLA,Cucurbits,San Joaquin River,32.72943318,429.0,16.4,2.299627126,0.087908733,0.228781824,0.653570009,0.05,0.17,920.9338517,2396.72349,6846.813993,10,22.99627126,7011.633468173999,279.5803530197197,7011.633468173999,641.220964443503,6370.4125037305,-4.88235294117647,0.8393748358976116,0.16051953755432455,2.7387526636300226e-05,7.823902142756969e-05,15.833282963213833,0.6110707719870142,2.1487822039334185e-05,32.72943314724589,75.26540651366153,3.2754108758581424e-08,8.584567090963446e-05,1.000753926242649e-09,1.1405714387649276e-06,GOOD,0,0
SAN JOAQUIN VALLEY - CHOWCHILLA,Dry Beans,San Joaquin River,185.2935212,1176.0,1.4,2.212101358,0.272510229,0.483520066,0.106180731,1.68,0.17,521.9411016,903.6303871,214.6292221,10,22.12101358,1623.4167753939998,68.22367299976948,1623.4167753939998,641.220964443503,982.195810950497,-4.88235294117647,0.6032598049681431,0.3965210996723336,0.00017964534427621393,3.945001524713364e-05,1.2659211677236373,0.003212406410020208,168647.3229848533,185.29348256552782,409.8874714551506,3.863447216190252e-05,0.0005784199711342808,2.0850417171468014e-07,1.4111657349134837e-06,GOOD,0,0
SAN JOAQUIN VALLEY - CHOWCHILLA,Grain,San Joaquin River,4517.533144,203.5222618,3.178219057,0.466656841,0.351483763,0.486359995,0.112954365,0.74,0.17,345.3012994,477.8051109,110.9675411,10,4.66656841,641.2209644435031,109.66642501836326,641.2209644435031,641.220964443503,0.0,-4.88235294117647,0.9988910291521994,0.00017587320696572697,0.000757234256711157,0.00017586338412363815,3.182821219463908,0.00029913479509190984,304.19628057705006,4517.542044006885,2108.139360361636,-0.008900006884687173,-0.0016142697982104437,1.9701032844679387e-06,7.657326003497878e-07,GOOD,0,0
SAN JOAQUIN VALLEY - CHOWCHILLA,Onions & Garlic,San Joaquin River,2.47656853,2039.0,6.5,1.480822037,0.178481578,0.383051703,0.272440319,0.41,0.17,887.6914461,1905.136225,1355.002253,10,14.80822037,13237.85780603,806.94440796408,13237.85780603,641.220964443503,12596.6368415865,-4.88235294117647,0.9924030224960231,0.007547837869538643,2.8715865372366134e-05,2.042376906599599e-05,6.4914072723772795,0.9848402580823807,1115.9381766235865,2.476568525084679,3.667357525463752,4.915321039078435e-09,-2.7009905601005357e-07,1.9847304766803423e-09,7.364950758886289e-08,GOOD,0,0
SAN JOAQUIN VALLEY - CHOWCHILLA,Other Deciduous,San Joaquin River,5731.612907,4183.095122,3.887783572,3.445837194,0.215021845,0.341552948,0.346579073,0.13,0.17,2284.866179,4950.948854,6009.195442,10,34.45837194,16227.606969618933,438.0054613363485,16227.606969618933,641.220964443503,15586.3860051754,-4.88235294117647,0.5285682289711718,0.47140935737875067,1.1124970246728526e-05,1.128867983087575e-05,3.413345766248811,0.001342084299327525,5299.621328566407,5731.612897009243,19750.18119786403,9.990756552724633e-06,0.023738687032164307,1.7430968760159911e-09,1.2019463650340099e-06,GOOD,0,0
SAN JOAQUIN VALLEY - CHOWCHILLA,Pasture,San Joaquin River,965.9426864,153.4940677,5.0,4.600187047,0.350906068,0.190014026,0.155066311,0.51,0.17,328.209843,177.7241242,145.0367898,10,46.00187047,720.772481625,15.652198640748901,720.772481625,641.220964443503,79.5515171814968,-4.88235294117647,0.009023843118436141,0.9909718386873718,2.3777578014934916e-06,1.940436390359236e-06,1.9307922714904924,0.002029917862966792,5540.177480701879,965.940896506096,4443.503142976259,0.0017898939039469042,0.013891145404159033,1.853002180302966e-06,3.1261600433821345e-06,GOOD,0,0
SAN JOAQUIN VALLEY - CHOWCHILLA,Tomato Processing,San Joaquin River,3322.390931,98.57107594,49.04987658,2.379660861,0.124471553,0.533148968,0.188806686,0.74,0.17,657.2463564,2815.18314,996.9547547,10,23.79660861,4810.256073397808,186.8546494228316,4810.256073397808,641.220964443503,4169.0351089543,-4.88235294117647,0.7456895083160253,0.25419857647235544,8.264701474073966e-05,2.926819687849832e-05,46.236780318362015,0.0004067406212623542,2653667.6860889145,3322.3908520614555,7906.153962676836,7.893854444773751e-05,0.009700765215711726,2.375955933156185e-08,1.2269876552856954e-06,GOOD,0,0
SAN JOAQUIN VALLEY - CHOWCHILLA,Truck Crops,San Joaquin River,159.1363455,940.4647777,19.37755519,2.667732673,0.139554281,0.396137579,0.419814805,0.41,0.17,7441.94487,27484.23099,27982.75263,10,26.67732673,18196.27530073783,628.0971168171591,18196.27530073783,641.220964443503,17555.0543362943,-4.88235294117647,0.8499496088985997,0.1500122781865659,1.8503479010769142e-05,1.9609435823627426e-05,18.748720804269663,0.015326633162151524,99931.87445818254,159.13634492757205,424.53272220972,5.724279503738217e-07,0.0005061424465111486,3.597091214928155e-09,1.1922328164411293e-06,GOOD,0,0
SAN JOAQUIN VALLEY - CHOWCHILLA,Vineyard,San Joaquin River,14456.72346,1576.965171,11.00132135,3.098484515,0.302297005,0.200476183,0.304083218,0.13,0.17,2773.231975,2743.166444,4105.247296,10,30.984845149999998,17316.9089023727,519.7133589920525,17316.9089023727,641.220964443503,16675.6879379292,-4.88235294117647,0.6909097234227245,0.30907014602668154,7.998455556998168e-06,1.2132095036955016e-05,10.202740493062915,0.0005320920548554016,14301.384207144985,14456.723439204883,44793.879964180574,2.0795116142835468e-05,0.053814266648259945,1.4384390903217477e-09,1.2013739832368304e-06,GOOD,0,0
SAN JOAQUIN VALLEY - COSUMNES,Alfalfa,San Joaquin River,3677.468895,271.2408806,5.953956842,4.134965358,0.306290873,0.200481491,0.157957374,1.86,0.17,739.7198673,484.1807412,381.4811931,10,41.349653579999995,1572.9421135604753,36.60779202468952,1572.9421135604753,455.558575477,1117.38353808348,-4.88235294117647,0.035861455749262514,0.9641303738057783,4.569881080306324e-06,3.6005638791736136e-06,3.027562283703162,0.00014619686092603933,4465721.0773681365,3677.466970437943,15206.17356828243,0.001924562056956347,0.03291766510847083,5.233387723749455e-07,2.164751947758366e-06,GOOD,0,0
SAN JOAQUIN VALLEY - COSUMNES,Almonds & Pistachios,San Joaquin River,1653.549594,4882.307473,0.603967393,3.753630493,0.287448101,0.299096541,0.094248449,0.4,0.17,2039.310074,2110.873995,639.9084906,10,37.53630493,2910.537418271228,73.48380123003759,2910.537418271228,455.558575477,2454.97884279423,-4.88235294117647,0.10840514955360372,0.8915802014639171,1.1138974945778929e-05,3.510007533285125e-06,0.38417112413679594,0.001511899013535121,133302.90469480373,1653.5495189492665,6206.80384190331,7.505073358515801e-05,0.010335822860724875,4.5387652028995034e-08,1.6652380053226182e-06,GOOD,0,0
SAN JOAQUIN VALLEY - COSUMNES,Citrus & Subtropical,San Joaquin River,9.31698171,1246.5,2.45,3.247465856,0.183365181,0.131883505,0.371008972,0.13,0.17,2549.235389,1743.692937,5418.931559,10,32.474658559999995,3020.764083782,87.70867429836709,3020.764083782,455.558575477,2565.205508305,-4.88235294117647,0.22829128925823264,0.7716707074418516,9.966361844089572e-06,2.8036938071639024e-05,1.8144211433445216,0.8256222810925419,1.4178980922210536,9.316981601367171,30.25653236857705,1.0863282895456905e-07,4.761562444244305e-05,1.165965892559094e-08,1.5737279119882551e-06,GOOD,0,0
SAN JOAQUIN VALLEY - COSUMNES,Corn,San Joaquin River,4473.567716,219.2514518,5.003215956,2.415829265,0.234536008,0.556552162,0.088672787,0.3,0.17,423.9938724,1022.014707,159.5840787,10,24.15829265,1071.924308414925,41.72553008578995,1071.924308414925,455.558575477,616.365732937925,-4.88235294117647,0.37425594479492197,0.6255188280625242,0.00019427434311664643,3.09527994372382e-05,4.110175431423859,0.0007451174420388128,29520.97568955467,4473.567383575306,10807.357330263856,0.000332424693624489,0.01847700815233111,7.430863121520458e-08,1.709666479803395e-06,GOOD,0,0
SAN JOAQUIN VALLEY - COSUMNES,Dry Beans,San Joaquin River,321.593089,1373.0,1.0,2.212101358,0.272510229,0.483520066,0.106180731,1.68,0.17,521.9411016,903.6303871,214.6292221,10,22.12101358,1350.016775394,56.89449892412749,1350.016775394,455.558575477,894.458199917,-4.88235294117647,0.558403258398034,0.4413528747135661,0.000199956545038169,4.391034336181449e-05,0.8905405785163826,0.001850904498877758,266562.90507859347,321.59300836479804,711.3951756815396,8.063520198220431e-05,0.0013332187752439495,2.5073673763618813e-07,1.8740867555069322e-06,GOOD,0,0
SAN JOAQUIN VALLEY - COSUMNES,Grain,Sacramento River,267.6377851,172.0,2.7,0.78906264,0.351483763,0.486359995,0.112954365,0.74,0.17,345.3012994,477.8051109,110.9675411,10,7.8906264,455.5585754770001,50.0242594544755,455.5585754770001,455.558575477,0.0,-4.88235294117647,0.9932871213671712,0.005407157858799871,0.0010596281209215238,0.0002460926531073633,2.706486418472498,0.005049179998431214,18.021875252300266,267.63798750536955,211.1827950239553,-0.00020240536957771837,0.0001822508033626491,7.56266046298701e-07,8.629994979450096e-07,GOOD,0,0
SAN JOAQUIN VALLEY - COSUMNES,Grain,San Joaquin River,7282.082321,176.1370349,2.795432211,0.466656841,0.351483763,0.486359995,0.112954365,0.74,0.17,345.3012994,477.8051109,110.9675411,10,4.66656841,486.7617743764912,83.47906664040651,486.7617743764912,455.558575477,31.2031988994911,-4.88235294117647,0.9985398980052813,0.00023155957689739208,0.0009969957739521783,0.00023154664386911973,2.80075703259626,0.00018557210585965736,44021.68742978213,7282.087557618615,3398.2304897118847,-0.005236618615526822,0.003042107923192816,7.191100546097249e-07,8.952027265659164e-07,GOOD,0,0
SAN JOAQUIN VALLEY - COSUMNES,Other Deciduous,San Joaquin River,411.0479417,1718.15538,1.306163009,3.445837194,0.215021845,0.341552948,0.346579073,0.13,0.17,2284.866179,4950.948854,6009.195442,10,34.45837194,2208.8294752643383,60.44209671974841,2208.8294752643383,455.558575477,1753.27089978734,-4.88235294117647,0.13241534029858132,0.8675434114441517,2.0473489736664672e-05,2.0774767530357414e-05,0.8660790355555944,0.018713894200501457,42.75740403361653,411.0479340929435,1416.4019606163988,7.607056545566593e-06,0.002325410604953504,1.8506494678225494e-08,1.6417703814468477e-06,GOOD,0,0
SAN JOAQUIN VALLEY - COSUMNES,Pasture,San Joaquin River,11618.25019,277.4332005,5.0,4.600187047,0.350906068,0.190014026,0.155066311,0.51,0.17,328.209843,177.7241242,145.0367898,10,46.00187047,1340.468145625,28.29060190294715,1340.468145625,455.558575477,884.909570148,-4.88235294117647,0.016649351824209117,0.9833463632098731,2.359461081951253e-06,1.9255048357653848e-06,2.1762093320766853,0.00016876760972260404,738285.2091071302,11618.247792114262,53446.02458487751,0.0023978857389010955,0.09944796578929527,2.063895767165516e-07,1.8607142723424297e-06,GOOD,0,0
SAN JOAQUIN VALLEY - COSUMNES,Safflower,San Joaquin River,495.9327375,588.0,1.0,2.40565496,0.396694215,0.424242424,0.112947658,0.74,0.17,212.2655769,227.006242,60.43672676,10,24.0565496,563.0095661029999,22.408574509273556,563.0095661029999,455.558575477,107.450990626,-4.88235294117647,0.24369055921053162,0.7560770895347785,0.00018349791407542955,4.885334061429228e-05,0.7554631812252803,0.0027248682112891395,10246.626102479655,495.9322210927878,1193.0398195335815,0.0005164072121601748,0.003230259671454405,1.041284781406823e-06,2.7075801430754653e-06,GOOD,0,0
SAN JOAQUIN VALLEY - COSUMNES,Truck Crops,San Joaquin River,196.4374799,511.1757038,22.16608219,2.667732673,0.139554281,0.396137579,0.419814805,0.404546944,0.17,7441.94487,27484.23099,27982.75263,10,26.67732673,11303.129830566895,390.52102919924135,11303.129830566895,455.558575477,10847.5712550899,-4.88235294117647,0.7786942600105413,0.22124952816116097,2.7290339497285473e-05,2.8921488800325858e-05,21.069532473858455,0.012583652633796396,72777.71374802022,196.4374786078029,524.0418413414202,1.2921971119794762e-06,0.0008419895906399688,6.57815969048927e-09,1.6067194856876328e-06,GOOD,0,0
SAN JOAQUIN VALLEY - COSUMNES,Vineyard,Sacramento River,501.587335,1685.130979,10.67836099,2.661751325,0.302297005,0.200476183,0.304083218,0.13,0.17,2773.231975,2743.166444,4105.247296,10,26.617513250000002,17967.012539538107,624.9025657144988,17967.012539538107,455.558575477,17511.4539640611,-4.88235294117647,0.8500297106013721,0.14994641880441187,9.484484096163622e-06,1.4386110119780439e-05,10.33202662380291,0.015335928871305516,521.066118011652,501.5873343451991,1335.0986147850272,6.548008855133958e-07,0.0021387544416029414,1.3054573746631697e-09,1.6019423522403958e-06,GOOD,0,0
SAN JOAQUIN VALLEY - COSUMNES,Vineyard,San Joaquin River,1504.762005,1725.356663,10.51121954,3.098484515,0.302297005,0.200476183,0.304083218,0.13,0.17,2773.231975,2743.166444,4105.247296,10,30.984845149999998,18103.810968038797,543.2865086521775,18103.810968038797,455.558575477,17648.2523925618,-4.88235294117647,0.7003183070596483,0.29966217515561705,7.754985788529342e-06,1.1762798946148479e-05,9.775100316695621,0.005111976290435171,1575.4097550548715,1504.7620025952394,4662.474295065553,2.4047606075328076e-06,0.007476187300198944,1.5981002972844252e-09,1.6034780760526216e-06,GOOD,0,0
SAN JOAQUIN VALLEY - DELTA-MENDOTA,Alfalfa,San Joaquin River,34741.54366,277.1212328,7.109673091,4.134965358,0.306290873,0.200481491,0.157957374,1.86,0.17,739.7198673,484.1807412,381.4811931,10,41.349653579999995,1928.2269884649065,44.66138036292571,1928.2269884649065,801.622070685,1126.60491777991,-4.88235294117647,0.04360685464446333,0.9563850405477781,4.533168979040719e-06,3.5716387794997643e-06,3.759304142716845,1.547525964487182e-05,42536337.89794401,34741.540481935976,143654.99419467984,0.00317806402745191,0.08532286470290273,9.147734074669236e-08,5.939425531589524e-07,GOOD,0,0
SAN JOAQUIN VALLEY - DELTA-MENDOTA,Alfalfa,Tulare Lake,309.8867142,264.0,7.7,4.524530937,0.306290873,0.200481491,0.157957374,1.86,0.17,739.7198673,484.1807412,381.4811931,10,45.24530937,1986.8899608919999,42.16942606922425,1986.8899608919999,801.622070685,1185.267890207,-4.88235294117647,0.026919819771376183,0.9730753245886051,2.715849328129168e-06,2.139790690458042e-06,3.6894149613341556,0.0017349385564660346,399165.48088904144,309.88668179707133,1402.0911762508938,3.240292863893046e-05,0.0008491122832765541,1.0456378784286217e-07,6.056038176642597e-07,GOOD,0,0
SAN JOAQUIN VALLEY - DELTA-MENDOTA,Almonds & Pistachios,San Joaquin River,244652.6709,4801.634575,1.153001521,3.753630493,0.287448101,0.299096541,0.094248449,0.4,0.17,2039.310074,2110.873995,639.9084906,10,37.53630493,5498.074870240188,137.96597047987063,5498.074870240188,801.622070685,4696.45279955519,-4.88235294117647,0.1867720677235279,0.8132145708694098,1.0159912384307607e-05,3.2014946779236863e-06,0.8188267660759064,1.0218568188130907e-05,37728565.26156691,244652.669975124,918335.2673654445,0.0009248759888578206,0.4583186893723905,3.780363343083456e-09,4.990753126052634e-07,GOOD,0,0
SAN JOAQUIN VALLEY - DELTA-MENDOTA,Almonds & Pistachios,Tulare Lake,52635.38093,4695.767798,1.240774007,3.767767793,0.287448101,0.299096541,0.094248449,0.4,0.17,2039.310074,2110.873995,639.9084906,10,37.67767793,5788.028155645026,144.6600841156044,5788.028155645026,801.622070685,4986.40608496003,-4.88235294117647,0.1912599367030995,0.8087270662277978,9.88287256879263e-06,3.1141965338654693e-06,0.8853980799815453,4.749656895852544e-05,8618153.706145676,52635.38074086264,198317.79413511002,0.0001891373613034375,0.09890523037756793,3.5933502895129044e-09,4.987206593479155e-07,GOOD,0,0
SAN JOAQUIN VALLEY - DELTA-MENDOTA,Citrus & Subtropical,San Joaquin River,1814.224797,820.5,8.025,3.247465856,0.183365181,0.131883505,0.371008972,0.13,0.17,2549.235389,1743.692937,5418.931559,10,32.474658559999995,6551.351583782001,189.1070875270437,6551.351583782001,801.622070685,5749.729513097,-4.88235294117647,0.39082256888833056,0.6091474317708636,7.867324317067928e-06,2.2132016488839703e-05,6.627064942191477,0.004239996997630989,618.8265402270164,1814.224795780405,5891.630169601541,1.219595105794724e-06,0.0029137644905858906,6.722403462963603e-10,4.945597340086201e-07,GOOD,0,0
SAN JOAQUIN VALLEY - DELTA-MENDOTA,Citrus & Subtropical,Tulare Lake,453.5561991,583.0,16.5,3.608433712,0.183365181,0.131883505,0.371008972,0.13,0.17,2549.235389,1743.692937,5418.931559,10,36.08433712,9582.729405221999,249.15094865177142,9582.729405221999,801.622070685,8781.107334537,-4.88235294117647,0.33547074562620044,0.6645116495266856,4.616869507024235e-06,1.2987977606897903e-05,13.202854641039076,0.01695998799613296,236.2686120500154,453.55619883037957,1636.6266728799028,2.6962044330502977e-07,0.0008062391214025411,5.944587326554959e-10,4.926222562488864e-07,GOOD,0,0
SAN JOAQUIN VALLEY - DELTA-MENDOTA,Corn,San Joaquin River,37561.15171,64.01025933,25.99447359,2.415829265,0.234536008,0.556552162,0.088672787,0.3,0.17,423.9938724,1022.014707,159.5840787,10,24.15829265,1638.874942035736,63.29082397308378,1638.874942035736,801.622070685,837.252871350736,-4.88235294117647,0.47763427101976347,0.5221777113082705,0.0001621785425209104,2.583912944520577e-05,22.41246169051398,8.874417267790785e-05,336658.9523230827,37561.15163363925,90741.28404961668,7.636074587935582e-05,0.04547850611561444,2.032971365439418e-09,5.011884479995372e-07,GOOD,0,0
SAN JOAQUIN VALLEY - DELTA-MENDOTA,Corn,Tulare Lake,121.824108,71.0,20.6,2.280437339,0.234536008,0.556552162,0.088672787,0.3,0.17,423.9938724,1022.014707,159.5840787,10,22.804373390000002,1438.9158656530003,58.813734145568304,1438.9158656530003,801.622070685,637.293794968,-4.88235294117647,0.5298391737104523,0.4699232795720946,0.00020490084795898015,3.26458694938751e-05,18.146977997498663,0.02736185298671207,831.2003375271287,121.82410790609251,277.812108550356,9.390748800797155e-08,0.0001361232125987044,7.708448643676632e-10,4.899827678893354e-07,GOOD,0,0
SAN JOAQUIN VALLEY - DELTA-MENDOTA,Cotton,San Joaquin River,45699.98916,3725.190309,0.799572058,3.634047537,0.148539114,0.445240339,0.078228087,0.68,0.17,378.6944542,1135.122209,199.4393382,10,36.34047537,2941.545598898786,76.64230442396533,2941.545598898786,801.622070685,2139.92352821379,-4.88235294117647,0.12941429241494265,0.8705626785776981,1.9587510027537633e-05,3.4414973315065826e-06,0.5273296980396363,3.2179181271694586e-05,15282170.917253016,45699.98856568804,166075.84818249047,0.0005943119540461339,0.08486533421091735,1.3004641028806185e-08,5.110032059038849e-07,GOOD,0,0
SAN JOAQUIN VALLEY - DELTA-MENDOTA,Cotton,Tulare Lake,2232.695552,3438.0,0.8,3.749301711,0.148539114,0.445240339,0.078228087,0.68,0.17,378.6944542,1135.122209,199.4393382,10,37.493017110000004,2712.2349753500002,68.63426908407803,2712.2349753500002,801.622070685,1910.612904665,-4.88235294117647,0.10238849954253085,0.8975917402921348,1.6807169783667713e-05,2.9529955507030756e-06,0.5030468489074045,0.0006586604402811644,666617.2281625987,2232.695516834957,8371.04494936192,3.516504330036696e-05,0.004303893771066214,1.5750039573853623e-08,5.141402996037004e-07,GOOD,0,0
SAN JOAQUIN VALLEY - DELTA-MENDOTA,Cucurbits,San Joaquin River,9061.965727,453.8556865,16.06943566,2.299627126,0.087908733,0.228781824,0.653570009,0.05,0.17,920.9338517,2396.72349,6846.813993,10,22.99627126,7269.23822131088,289.8170389912882,7269.23822131088,801.622070685,6467.61615062588,-4.88235294117647,0.8441800015337902,0.15571753177831998,2.6568217889827638e-05,7.589846999982223e-05,15.531908436966845,0.00220702666535256,0.00604022228643016,9061.96572683807,20839.131919171705,1.6193007468245924e-07,0.01028151980790426,1.7869199637335953e-11,4.933753850752593e-07,GOOD,0,0
SAN JOAQUIN VALLEY - DELTA-MENDOTA,Cucurbits,Tulare Lake,346.2873917,485.0,17.3,2.442132231,0.087908733,0.228781824,0.653570009,0.05,0.17,920.9338517,2396.72349,6846.813993,10,24.42132231,8365.108417124,314.7087135125156,8365.108417124,801.622070685,7563.486346439,-4.88235294117647,0.8140588845501447,0.1858552494018902,2.2263897844825217e-05,6.360215012018392e-05,16.59645585432496,0.05775549580888768,0.0002699256279647733,346.2873916853613,845.6791860710731,1.4638715128967306e-08,0.0004143884187897129,4.22733125139286e-11,4.900064026193359e-07,GOOD,0,0
SAN JOAQUIN VALLEY - DELTA-MENDOTA,Dry Beans,San Joaquin River,5104.503119,1699.021831,1.3,2.212101358,0.272510229,0.483520066,0.106180731,1.68,0.17,521.9411016,903.6303871,214.6292221,10,22.12101358,2185.7451556939995,91.52548758679403,2185.7451556939995,801.622070685,1384.123085009,-4.88235294117647,0.6718241178905898,0.3279946506290157,0.00014859918420910507,3.263229618546262e-05,1.2008294439028606,0.00011661038917235605,6546577.957558895,5104.503120378775,11291.672676387465,-1.378774868499022e-06,0.0056050676703307545,2.7010951631451476e-10,4.96389246188162e-07,GOOD,0,0
SAN JOAQUIN VALLEY - DELTA-MENDOTA,Grain,San Joaquin River,26821.40256,221.3365492,3.91683269,0.466656841,0.351483763,0.486359995,0.112954365,0.74,0.17,345.3012994,477.8051109,110.9675411,10,4.66656841,861.3208648653534,146.9826570198321,861.3208648653534,801.622070685,59.6987941803534,-4.88235294117647,0.9991740633882865,0.00013098641947219077,0.0005639710886013991,0.00013097910363974276,3.92105986893287,5.0383321615204576e-05,308562.95935154514,26821.419327076856,12516.392626565595,-0.01676707685692236,-0.0016367266835004557,6.251379591135878e-07,1.3076666307637618e-07,GOOD,0,0
SAN JOAQUIN VALLEY - DELTA-MENDOTA,Grain,Tulare Lake,551.5647233,303.0,2.9,0.715524558,0.351483763,0.486359995,0.112954365,0.74,0.17,345.3012994,477.8051109,110.9675411,10,7.155245580000001,870.5939562969999,103.23866654548465,870.5939562969999,801.622070685,68.9718856119998,-4.88235294117647,0.9977143905848035,0.0015990628946533068,0.0005571512791694783,0.0001293952413736787,2.903908606949866,0.00245003223423399,7325.266504562103,551.5649797320511,394.65809548956565,-0.00025643205117376056,9.358059116948425e-06,4.649174255371755e-07,2.3711812837497706e-08,GOOD,0,0
SAN JOAQUIN VALLEY - DELTA-MENDOTA,Lettuce,San Joaquin River,1031.061203,790.7620959,12.75008102,3.326092372,0.164570286,0.334656366,0.457537993,0.25,0.17,2859.243032,5814.317411,7949.261967,10,33.26092372,10048.06310190501,280.6201306991631,10048.06310190501,801.622070685,9246.44103122001,-4.88235294117647,0.4608548141126262,0.5391088524566466,1.5348776159936238e-05,2.098465456719707e-05,10.886927677465195,0.003879498121315695,43654.48412339863,1031.0612021078766,3429.403109637401,8.921233529690653e-07,0.0016927260426200519,8.652477179563368e-10,4.935917863803875e-07,GOOD,0,0
SAN JOAQUIN VALLEY - DELTA-MENDOTA,Onions & Garlic,San Joaquin River,2464.121907,2006.858805,6.771709423,1.480822037,0.178481578,0.383051703,0.272440319,0.41,0.17,887.6914461,1905.136225,1355.002253,10,14.80822037,13574.22248647902,827.4240999643035,13574.22248647902,801.622070685,12772.600415794,-4.88235294117647,0.9925898756336888,0.007362193356601949,2.800957796493213e-05,1.9921431744219343e-05,6.762978238229789,0.0009898148234124288,1125839.8246070356,2464.121908691663,3648.924230114552,-1.6916628737817518e-06,0.0017916255133059167,6.865175253611151e-10,4.910007773880665e-07,GOOD,0,0
SAN JOAQUIN VALLEY - DELTA-MENDOTA,Onions & Garlic,Tulare Lake,565.6142437,2366.0,7.7,1.253629891,0.178481578,0.383051703,0.272440319,0.41,0.17,887.6914461,1905.136225,1355.002253,10,12.536298910000001,18204.82972749,1297.7047890153037,18204.82972749,801.622070685,17403.207656805,-4.88235294117647,0.9978922142999022,0.0020718554561904557,2.099665694781839e-05,1.4933586959662224e-05,7.6978149923889845,0.004312169322838965,352113.8571199859,565.6142440728553,709.0705769634982,-3.7285531107045244e-07,0.0003457141802982733,6.592042460447898e-10,4.875593812149933e-07,GOOD,0,0
SAN JOAQUIN VALLEY - DELTA-MENDOTA,Other Deciduous,San Joaquin River,7609.270449,3943.651714,4.111761115,3.445837194,0.215021845,0.341552948,0.346579073,0.13,0.17,2284.866179,4950.948854,6009.195442,10,34.45837194,16179.9922429223,436.72306874369053,16179.9922429223,801.622070685,15378.3701722373,-4.88235294117647,0.5278359525829196,0.4721415989518126,1.1142250696482485e-05,1.1306214571219287e-05,3.6089704431408705,0.0010109126418707598,6941.861928044324,7609.270446717815,26220.294201102508,2.2821850507170893e-06,0.0129312667704653,2.999216634515877e-10,4.93177547661198e-07,GOOD,0,0
SAN JOAQUIN VALLEY - DELTA-MENDOTA,Other Deciduous,Tulare Lake,1521.85409,1840.889238,7.348226675,3.502172688,0.215021845,0.341552948,0.346579073,0.13,0.17,2284.866179,4950.948854,6009.195442,10,35.02172688,13491.346523646022,358.6126204375765,13491.346523646022,801.622070685,12689.724452961,-4.88235294117647,0.4586811948468128,0.5412954102914033,1.1611992708468193e-05,1.1782869075349527e-05,6.267416961597865,0.005054563208689535,1145.6425491574767,1521.854089421561,5329.793201232406,5.784390850749332e-07,0.0026278866880602436,3.8008839932541315e-10,4.930557890609816e-07,GOOD,0,0
SAN JOAQUIN VALLEY - DELTA-MENDOTA,Pasture,San Joaquin River,14136.18677,195.3486482,5.0,4.600187047,0.350906068,0.190014026,0.155066311,0.51,0.17,328.209843,177.7241242,145.0367898,10,46.00187047,930.0453841250002,19.920221619276145,930.0453841250002,801.622070685,128.42331344,-4.88235294117647,0.011612189138921826,0.988383503945645,2.371547298949677e-06,1.9353681344036184e-06,2.02745556630285,0.0001387067351067186,130669.30141937041,14136.18291346541,65029.05196402742,0.0038565345894312486,0.051309299349668436,2.728129340803304e-07,7.8902055798014e-07,GOOD,0,0
SAN JOAQUIN VALLEY - DELTA-MENDOTA,Pasture,Tulare Lake,74.67190462,170.0,5.0,4.768194291,0.350906068,0.190014026,0.155066311,0.51,0.17,328.209843,177.7241242,145.0367898,10,47.681942910000004,801.622070685,16.73332904045584,801.622070685,801.622070685,0.0,-4.88235294117647,0.008133809092094274,0.9918626910174306,1.927169439750647e-06,1.5727210353096231e-06,1.8885630838196534,0.026258662126053725,1.8808773453293857,74.66392200787585,356.01190414975224,0.00798261212415241,0.03824515742832091,0.00010690248447224367,0.00010741508605666974,GOOD,0,0
SAN JOAQUIN VALLEY - DELTA-MENDOTA,Rice,San Joaquin River,2000.559108,579.0,4.7,4.833919598,0.381523094,0.545092624,0.07948555,0.2,0.17,851.2633133,1216.2235,177.3500304,10,48.33919598,2671.9547027520002,52.52201182797272,2671.9547027520002,801.622070685,1870.332632067,-4.88235294117647,0.02459146325501007,0.9754027892304867,5.016069873254599e-06,7.314446300672601e-07,2.2085871560635026,0.0024993013103214944,5043.31861703076,2000.5590918214925,9670.536960482028,1.6178507394215558e-05,0.00491863656861824,8.086992945881785e-09,5.086205747414166e-07,GOOD,0,0
SAN JOAQUIN VALLEY - DELTA-MENDOTA,Tomato Processing,San Joaquin River,35554.5097,96.27135581,49.70676319,2.379660861,0.124471553,0.533148968,0.188806686,0.74,0.17,657.2463564,2815.18314,996.9547547,10,23.79660861,4760.6944494109,184.93923822898688,4760.6944494109,801.622070685,3959.0723787259,-4.88235294117647,0.743720543658007,0.25616667464195286,8.3286898097646e-05,2.9494801942552474e-05,46.831132510861096,3.800787474651496e-05,26968020.77563716,35554.50966924097,84607.63326492127,3.075903077842668e-05,0.041900213589542545,8.651231879714734e-10,4.952294636126439e-07,GOOD,0,0
SAN JOAQUIN VALLEY - DELTA-MENDOTA,Tomato Processing,Tulare Lake,1458.885807,93.0,51.2,2.220206136,0.124471553,0.533148968,0.188806686,0.74,0.17,657.2463564,2815.18314,996.9547547,10,22.20206136,4738.551511433,196.75290766571086,4738.551511433,801.622070685,3936.929440748,-4.88235294117647,0.8128294583515986,0.18704670392974293,9.145153381157735e-05,3.238618484689793e-05,49.12079534290825,0.0009262900117797576,1100373.0514260414,1458.8858069986802,3239.025622440835,1.3199041859479621e-09,0.0015979838767634647,9.04734407322918e-13,4.933530248485939e-07,GOOD,0,0
SAN JOAQUIN VALLEY - DELTA-MENDOTA,Truck Crops,San Joaquin River,2229.687221,911.584114,18.65785307,2.667732673,0.139554281,0.396137579,0.419814805,0.41,0.17,7441.94487,27484.23099,27982.75263,10,26.67732673,16980.56962656313,586.1971454593565,16980.56962656313,801.622070685,16178.9475558781,-4.88235294117647,0.8409159777145425,0.159043614821349,1.9617462145223412e-05,2.079000196316101e-05,18.013307220320787,0.001093886338528691,1290407.804098775,2229.6872202677955,5948.206520201593,7.322046258195769e-07,0.0029298306799319107,3.2838894124853434e-10,4.925567440998592e-07,GOOD,0,0
SAN JOAQUIN VALLEY - DELTA-MENDOTA,Truck Crops,Tulare Lake,32.69448044,941.0,19.4,1.84535452,0.139554281,0.396137579,0.419814805,0.41,0.17,7441.94487,27484.23099,27982.75263,10,18.4535452,18235.990948135,895.7725168145524,18235.990948135,801.622070685,17434.36887745,-4.88235294117647,0.9802064540366586,0.019749687876622977,2.129270853654033e-05,2.256537818188038e-05,19.324903822992887,0.07460049394942771,20389.80957971959,32.69448044867146,60.33288044465007,-8.671463547216263e-09,2.681435552176481e-05,2.652271401935838e-10,4.444399704899413e-07,GOOD,0,0
SAN JOAQUIN VALLEY - DELTA-MENDOTA,Vineyard,San Joaquin River,14575.2582,1593.169543,10.81402049,3.098484515,0.302297005,0.200476183,0.304083218,0.13,0.17,2773.231975,2743.166444,4105.247296,10,30.984845149999998,17196.776380489937,516.1145605634406,17196.776380489937,801.622070685,16395.1543098049,-4.88235294117647,0.6894211308439666,0.31055864165580854,8.036976476243896e-06,1.2190523748581865e-05,10.024632227879104,0.0005277647631866784,14176.086075644589,14575.258197061221,45161.189571970805,2.9387792892521247e-06,0.022262855971348472,2.0162794023450814e-10,4.929640961091333e-07,GOOD,0,0
SAN JOAQUIN VALLEY - DELTA-MENDOTA,Vineyard,Tulare Lake,2915.051641,1492.427601,10.07028874,4.00891598,0.302297005,0.200476183,0.304083218,0.13,0.17,2773.231975,2743.166444,4105.247296,10,40.089159800000004,14988.280849409515,349.9974595245953,14988.280849409515,801.622070685,14186.6587787245,-4.88235294117647,0.29831697093178244,0.7016729868493707,3.990066777648165e-06,6.052152069266724e-06,7.86477723915033,0.002638823815028151,2453.30869707915,2915.0516396171165,11686.191339187772,1.3828835108142812e-06,0.005766942353147897,4.743941724270405e-10,4.934832350314187e-07,GOOD,0,0
SAN JOAQUIN VALLEY - EAST CONTRA COSTA,Almonds & Pistachios,San Joaquin River,41.60073635,4846.0,1.2,3.753630493,0.287448101,0.299096541,0.094248449,0.4,0.17,2039.310074,2110.873995,639.9084906,10,37.53630493,5776.9829019789995,144.91643795775568,5776.9829019789995,379.454324006584,5397.52857797242,-4.88235294117647,0.19440438971706922,0.8055823742755959,1.0064559384655794e-05,3.1714479502195348e-06,0.8591650976100501,0.060095090119720924,7372.977063344042,41.60071599727535,156.14835085815218,2.0352724646954812e-05,0.005441636461341659,4.892395287362458e-07,3.484793020015423e-05,GOOD,0,0
SAN JOAQUIN VALLEY - EAST CONTRA COSTA,Grain,San Joaquin River,139.0638811,172.1271955,2.237134518,0.466656841,0.351483763,0.486359995,0.112954365,0.74,0.17,345.3012994,477.8051109,110.9675411,10,4.66656841,379.4543240065843,65.28592022909619,379.4543240065843,379.454324006584,0.0,-4.88235294117647,0.9981281440587175,0.0002968601997285432,0.0012781521220135315,0.0002968436195403797,2.242591929768076,0.00971748624202141,9.364118434728882,139.06390325027994,64.89288009832785,-2.2150279932020567e-05,0.0022313529977537883,1.5928132996728628e-07,3.438399207353867e-05,GOOD,0,0
SAN JOAQUIN VALLEY - EASTERN SAN JOAQUIN,Alfalfa,San Joaquin River,14880.61425,280.9946565,6.702137391,4.134965358,0.306290873,0.200481491,0.157957374,1.86,0.17,739.7198673,484.1807412,381.4811931,10,41.349653579999995,1841.2504106818512,42.689797551465674,1841.2504106818512,450.432565665678,1390.81784501617,-4.88235294117647,0.041722245270269166,0.9582696339511378,4.542101762377983e-06,3.5786768307005366e-06,3.512611853022608,3.612985321504121e-05,22490961.9875506,14880.610629349994,61530.75635095463,0.0036206500062689884,0.06807855652004946,2.4331320908133805e-07,1.106413852751791e-06,GOOD,0,0
SAN JOAQUIN VALLEY - EASTERN SAN JOAQUIN,Almonds & Pistachios,San Joaquin River,825.6748162,4777.50732,0.979248201,3.753630493,0.287448101,0.299096541,0.094248449,0.4,0.17,2039.310074,2110.873995,639.9084906,10,37.53630493,4640.148350353331,116.58619759304008,4640.148350353331,450.432565665678,4189.71578468765,-4.88235294117647,0.16236107068618705,0.837625166831904,1.0464886649540616e-05,3.2975952593179925e-06,0.6759403467503359,0.0030278263923632066,113591.85271159057,825.6748033492468,3099.2754832839805,1.285075325085927e-05,0.0026841065100597916,1.556393994187959e-08,8.660424670173241e-07,GOOD,0,0
SAN JOAQUIN VALLEY - EASTERN SAN JOAQUIN,Citrus & Subtropical,San Joaquin River,623.6277631,908.0,2.766666667,3.247465856,0.183365181,0.131883505,0.371008972,0.13,0.17,2549.235389,1743.692937,5418.931559,10,32.474658559999995,2478.9724174179996,72.14842681269221,2478.9724174179996,450.432565665678,2028.53985175232,-4.88235294117647,0.19534644766314882,0.8046139266466755,1.0391833537829065e-05,2.923385663783415e-05,1.9855259503529723,0.012334774279563648,75.05243878553236,623.6277575894823,2025.2081192389262,5.510517780749069e-06,0.0017482819805536565,8.83622908857803e-09,8.632596594513722e-07,GOOD,0,0
SAN JOAQUIN VALLEY - EASTERN SAN JOAQUIN,Corn,San Joaquin River,49646.63572,59.53090831,27.06002727,2.415829265,0.234536008,0.556552162,0.088672787,0.3,0.17,423.9938724,1022.014707,159.5840787,10,24.15829265,1585.8699486694697,61.27465503058269,1585.8699486694697,450.432565665678,1135.43738300379,-4.88235294117647,0.4694394541113032,0.5303695786158823,0.00016472278190857897,2.624449090582614e-05,23.25100151141728,6.714117250830171e-05,603414.4321575348,49646.63445298495,119937.68963174989,0.0012670150463236496,0.10584942046261858,2.552066273874901e-08,8.8253598490758e-07,GOOD,0,0
SAN JOAQUIN VALLEY - EASTERN SAN JOAQUIN,Cotton,San Joaquin River,65.19424293,3323.0,0.7,3.634047537,0.148539114,0.445240339,0.078228087,0.68,0.17,378.6944542,1135.122209,199.4393382,10,36.34047537,2289.08751709,59.85368068173552,2289.08751709,450.432565665678,1838.65495142432,-4.88235294117647,0.1036868197895555,0.8962894706518758,2.0166358409313692e-05,3.5432001594019384e-06,0.4414893645106437,0.02255702603791426,18732.042001028465,65.19423914537334,236.9187626594351,3.7846266565111364e-06,0.00021528691107164377,5.805154698360014e-08,9.086942419631689e-07,GOOD,0,0
SAN JOAQUIN VALLEY - EASTERN SAN JOAQUIN,Cucurbits,San Joaquin River,5952.010236,203.0,12.0,2.299627126,0.087908733,0.228781824,0.653570009,0.05,0.17,920.9338517,2396.72349,6846.813993,10,22.99627126,2412.033468174,96.80165727955502,2412.033468174,450.432565665678,1961.60090250832,-4.88235294117647,0.6425633489870284,0.3572016019170904,6.0945032212808464e-05,0.0001741040636682332,10.982847987298127,0.0033602092750164418,0.0012033006484000763,5952.010222219181,13687.392498175934,1.3780819244857412e-05,0.01169475932692876,2.3153218321947475e-09,8.544176209076224e-07,GOOD,0,0
SAN JOAQUIN VALLEY - EASTERN SAN JOAQUIN,Dry Beans,San Joaquin River,1480.989499,1752.0,1.3,2.212101358,0.272510229,0.483520066,0.106180731,1.68,0.17,521.9411016,903.6303871,214.6292221,10,22.12101358,2254.6167753939994,94.37939603029335,2254.6167753939994,450.432565665678,1804.18420972832,-4.88235294117647,0.678626365923946,0.32119615906147037,0.00014551910257102864,3.195591201266878e-05,1.2032323525443376,0.00040191918689498775,2475706.236170569,1480.9893797461418,3276.0958270229244,0.00011925385820177326,0.00305489871516329,8.052309505387875e-08,9.32480619562801e-07,GOOD,0,0
SAN JOAQUIN VALLEY - EASTERN SAN JOAQUIN,Grain,San Joaquin River,19770.09337,170.2005749,2.679485263,0.466656841,0.351483763,0.486359995,0.112954365,0.74,0.17,345.3012994,477.8051109,110.9675411,10,4.66656841,450.4325656656777,77.31973091111186,450.4325656656777,450.432565665678,0.0,-4.88235294117647,0.9984224123310218,0.00025019179103136826,0.0010772180605871972,0.00025017781735966663,2.684998276857365,6.835331154287571e-05,1331.2550629102798,19770.100898781162,9225.844964546863,-0.007528781163273379,0.0043537723813642515,3.80816672049606e-07,4.719101983076196e-07,GOOD,0,0
SAN JOAQUIN VALLEY - EASTERN SAN JOAQUIN,Lettuce,San Joaquin River,99.02341852,1341.0,12.9,3.326092372,0.164570286,0.334656366,0.457537993,0.25,0.17,2859.243032,5814.317411,7949.261967,10,33.26092372,17264.682311635,481.4802999373467,17264.682311635,450.432565665678,16814.2497459693,-4.88235294117647,0.5949277093133857,0.4050449925368795,1.1531891744722471e-05,1.576625799006491e-05,11.60301639052996,0.04039448506003769,7623.979864686186,99.02341831133226,329.36075933991697,2.0866774264050036e-07,0.0002776488186100323,2.1072565031508705e-09,8.42992301543938e-07,GOOD,0,0
SAN JOAQUIN VALLEY - EASTERN SAN JOAQUIN,Onions & Garlic,San Joaquin River,1898.775028,659.0,5.9,1.480822037,0.178481578,0.383051703,0.272440319,0.41,0.17,887.6914461,1905.136225,1355.002253,10,14.80822037,3872.45780603,236.7284530580707,3872.45780603,450.432565665678,3422.02524036432,-4.88235294117647,0.9744993544665035,0.02533569935604599,9.639005823894712e-05,6.855611921152933e-05,5.873659166729012,0.0012845252092939905,232438.67627999518,1898.7750165857249,2811.745506801978,1.1414275149945752e-05,0.002397965713953454,6.0113889121285365e-09,8.528380904587444e-07,GOOD,0,0
SAN JOAQUIN VALLEY - EASTERN SAN JOAQUIN,Other Deciduous,San Joaquin River,1268.783429,1987.282603,1.75049138,3.445837194,0.215021845,0.341552948,0.346579073,0.13,0.17,2284.866179,4950.948854,6009.195442,10,34.45837194,3443.359540369462,93.69131016144446,3443.359540369462,450.432565665678,2992.92697470378,-4.88235294117647,0.19219353977778927,0.8077680540467206,1.9062828148970113e-05,1.9343347341356768e-05,1.2512933863897484,0.0060627428735969815,225.28453858833865,1268.7834208579118,4372.01737667394,8.142088290696847e-06,0.0037541051187872654,6.4172404088805666e-09,8.586658221659406e-07,GOOD,0,0
SAN JOAQUIN VALLEY - EASTERN SAN JOAQUIN,Pasture,San Joaquin River,19601.53714,304.953219,5.0,4.600187047,0.350906068,0.190014026,0.155066311,0.51,0.17,328.209843,177.7241242,145.0367898,10,46.00187047,1478.0682381249999,31.096891439823395,1478.0682381249999,450.432565665678,1027.63567245932,-4.88235294117647,0.01832666006596703,0.9816690622770122,2.3554365322891316e-06,1.922220488379674e-06,2.2180009187752887,0.00010003217093236035,1446405.0943266712,19601.53514567627,90170.64959214868,0.0019943237311963458,0.087660568751744,1.0174323151048274e-07,9.721620497131093e-07,GOOD,0,0
SAN JOAQUIN VALLEY - EASTERN SAN JOAQUIN,Potatoes,San Joaquin River,1720.489758,733.0,17.1,3.305132031,0.150675135,0.475005897,0.095288578,0.41,0.17,793.9256634,2502.863999,502.0871398,10,33.05132031,12500.52771008,353.4681420687203,12500.52771008,450.432565665678,12050.0951444143,-4.88235294117647,0.5246521206335846,0.4753239441689424,1.9935946153871256e-05,3.999251318951438e-06,14.991990628077831,0.0014176337748613918,741612.4650740406,1720.4897497597854,5686.44096950429,8.24021458356583e-06,0.004838668948650593,4.789458667365011e-09,8.509126987011607e-07,GOOD,0,0
SAN JOAQUIN VALLEY - EASTERN SAN JOAQUIN,Rice,San Joaquin River,3442.648092,579.0,4.7,4.833919598,0.381523094,0.545092624,0.07948555,0.2,0.17,851.2633133,1216.2235,177.3500304,10,48.33919598,2671.9547027520002,52.52201182797272,2671.9547027520002,450.432565665678,2221.52213708632,-4.88235294117647,0.024591463255010035,0.9754027892304865,5.0160698732545965e-06,7.314446300672598e-07,2.208587156063502,0.0014523703458448056,10308.02449402857,3442.6480248532553,16641.469455594146,6.71467446409224e-05,0.014625341958890203,1.9504388147297863e-08,8.788484180713472e-07,GOOD,0,0
SAN JOAQUIN VALLEY - EASTERN SAN JOAQUIN,Safflower,San Joaquin River,810.5899533,574.0,1.3,2.40565496,0.396694215,0.424242424,0.112947658,0.74,0.17,212.2655769,227.006242,60.43672676,10,24.0565496,721.2095661029999,28.437548127244778,721.2095661029999,450.432565665678,270.777000437322,-4.88235294117647,0.2921276931477399,0.7076548363173351,0.00017174596102299632,4.572457390189416e-05,1.0173338142640567,0.0016671207752450578,42111.04896961621,810.5897407373611,1949.9975310191712,0.00021256263892155403,0.0022106631422502687,2.6223201762640696e-07,1.1336735564606149e-06,GOOD,0,0
SAN JOAQUIN VALLEY - EASTERN SAN JOAQUIN,Sunflowers,San Joaquin River,222.3827287,3640.0,0.6,2.945560199,0.386904762,0.388227513,0.177248677,0.74,0.17,734.0697039,736.5793439,336.2917618,10,29.455601989999998,2153.592017058,68.40309020060222,2153.592017058,450.432565665678,1703.15945139232,-4.88235294117647,0.27243338400795225,0.727495095054467,4.91026787960462e-05,2.2418258784650177e-05,0.4610126951410553,0.00607669201313902,72577.54863498645,222.38271682986496,655.0411207475601,1.187013504022616e-05,0.0005938561749871951,5.33770545474297e-08,9.065929111803912e-07,GOOD,0,0
SAN JOAQUIN VALLEY - EASTERN SAN JOAQUIN,Tomato Processing,San Joaquin River,3860.980652,101.0,43.3,2.379660861,0.124471553,0.533148968,0.188806686,0.74,0.17,657.2463564,2815.18314,996.9547547,10,23.79660861,4348.656964182999,169.0151996684743,4348.656964182999,450.432565665678,3898.22439851732,-4.88235294117647,0.7260896951426213,0.27378976429481744,8.901665382850105e-05,3.15239087327062e-05,40.599074135231554,0.00035000210390884683,2883537.5571571505,3860.980582511405,9187.816580329378,6.94885952725599e-05,0.007962313284224365,1.7997654361869074e-08,8.666157312070516e-07,GOOD,0,0
SAN JOAQUIN VALLEY - EASTERN SAN JOAQUIN,Truck Crops,San Joaquin River,2591.344983,2720.702413,16.64840722,2.667732673,0.139554281,0.396137579,0.419814805,0.355319175,0.17,7441.94487,27484.23099,27982.75263,10,26.67732673,45267.728862665615,1561.1298014173083,45267.728862665615,450.432565665678,44817.2962969999,-4.88235294117647,0.93373796701975,0.06624520237287071,8.171109235112853e-06,8.659498144134923e-06,16.41830080029558,0.0010860657571665534,2473574.909921307,2591.344980758256,6913.009834557037,2.241743914055405e-06,0.005843606692906178,8.650889513985661e-10,8.45304996394625e-07,GOOD,0,0
SAN JOAQUIN VALLEY - EASTERN SAN JOAQUIN,Vineyard,San Joaquin River,320.9834532,1696.994609,10.77661639,3.098484515,0.302297005,0.200476183,0.304083218,0.13,0.17,2773.231975,2743.166444,4105.247296,10,30.984845149999998,18256.06821553504,547.8476644028991,18256.06821553504,450.432565665678,17805.6356498694,-4.88235294117647,0.7020730198039642,0.2979075766929086,7.709578368871481e-06,1.169392475828229e-05,10.027019283956232,0.023964810695443328,339.05024999702846,320.98345289421354,994.5614189723428,3.057864432776114e-07,0.0008403390843341185,9.52654849429514e-10,8.449336142273455e-07,GOOD,0,0
SAN JOAQUIN VALLEY - KAWEAH,Alfalfa,Tulare Lake,28202.48407,287.191103,8.838220591,4.524530937,0.306290873,0.200481491,0.157957374,1.86,0.17,739.7198673,484.1807412,381.4811931,10,45.24530937,2492.348280978602,52.65490779884165,2492.348280978602,699.824393361534,1792.52388761707,-4.88235294117647,0.033537438977393516,0.966457738404303,2.6973796716305096e-06,2.125238631688636e-06,4.425655710927579,1.906337070407396e-05,54934832.4016304,28202.4780206,127602.86422043397,0.006049399999028537,0.14745453068462666,2.1449883577679253e-07,1.1555724958924054e-06,GOOD,0,0
SAN JOAQUIN VALLEY - KAWEAH,Almonds & Pistachios,Tulare Lake,13999.87459,4837.806554,1.240009193,3.767767793,0.287448101,0.299096541,0.094248449,0.4,0.17,2039.310074,2110.873995,639.9084906,10,37.67767793,5960.566129894651,148.9439326597181,5960.566129894651,699.824393361534,5260.74173653312,-4.88235294117647,0.19584448491844822,0.8041425916896324,9.826848998483692e-06,3.0965429207831973e-06,0.8891212983176063,0.0001785730282031048,2418347.147531179,13999.874413725798,52748.226860243594,0.00017627420129429083,0.04972599747998174,1.2591127167682068e-08,9.427037374137136e-07,GOOD,0,0
SAN JOAQUIN VALLEY - KAWEAH,Citrus & Subtropical,Tulare Lake,73.98218146,1279.5,14.75,3.608433712,0.183365181,0.131883505,0.371008972,0.13,0.17,2549.235389,1743.692937,5418.931559,10,36.08433712,18835.854405222,488.81256014336896,18835.854405222,699.824393361534,18136.0300118605,-4.88235294117647,0.49806155952642284,0.5019251430160957,3.4872569792423653e-06,9.810200502091109e-06,12.79270429437795,0.10397514023652706,79.5958304182604,73.98218137686369,266.9595526554153,8.313631383316533e-08,0.0002450121501169633,1.1237342856416675e-09,9.177866939428362e-07,GOOD,0,0
SAN JOAQUIN VALLEY - KAWEAH,Corn,Tulare Lake,87526.8262,75.71970874,25.19620388,2.280437339,0.234536008,0.556552162,0.088672787,0.3,0.17,423.9938724,1022.014707,159.5840787,10,22.804373390000002,1884.165084800258,76.71799313876446,1884.165084800258,699.824393361534,1184.34069143872,-4.88235294117647,0.5960551941323632,0.40374071450719057,0.00017604323589462875,2.8048124551666317e-05,22.720063723960237,3.808356224086797e-05,1109626.4712838782,87526.82432164866,199599.25162436572,0.0018783513369271532,0.1910062777751591,2.146029301502484e-08,9.569479516464084e-07,GOOD,0,0
SAN JOAQUIN VALLEY - KAWEAH,Cotton,Tulare Lake,7048.484371,3754.527291,0.8,3.749301711,0.148539114,0.445240339,0.078228087,0.68,0.17,378.6944542,1135.122209,199.4393382,10,37.493017110000004,2965.45680815,74.9532392012823,2965.45680815,699.824393361534,2265.63241478847,-4.88235294117647,0.11088730797635235,0.8890931189524622,1.6648035329359478e-05,2.92503585602608e-06,0.5112065561663599,0.00020863892971723772,2495480.725729214,7048.484022808115,26426.868473583418,0.00034819188476831187,0.026038563639303902,4.939953987851609e-08,9.853054670247138e-07,GOOD,0,0
SAN JOAQUIN VALLEY - KAWEAH,Cucurbits,Tulare Lake,18.56292686,485.0,17.3,2.442132231,0.087908733,0.228781824,0.653570009,0.05,0.17,920.9338517,2396.72349,6846.813993,10,24.42132231,8365.108417124,314.7087135125156,8365.108417124,699.824393361534,7665.28402376247,-4.88235294117647,0.814058884550145,0.18585524940189008,2.2263897844825217e-05,6.360215012018392e-05,16.596455854324965,1.0774163013644498,1.4664256616493777e-05,18.562926848758156,45.333082453415294,1.1241844788401067e-08,3.953308632986818e-05,6.056073416216147e-10,8.720574405098229e-07,GOOD,0,0
SAN JOAQUIN VALLEY - KAWEAH,Dry Beans,Tulare Lake,1911.118077,1466.0,1.2,1.919782133,0.272510229,0.483520066,0.106180731,1.68,0.17,521.9411016,903.6303871,214.6292221,10,19.19782133,1739.139967644,83.52073125781608,1739.139967644,699.824393361534,1039.31557428247,-4.88235294117647,0.7893325791889408,0.2103998189299832,0.00021941784691120983,4.818403416473381e-05,1.1458936735722478,0.00031146065876394054,1840557.8623078505,1911.1178758768401,3668.9265260282073,0.00020112315996811958,0.0038122497112453857,1.0523847918587794e-07,1.0390629855988862e-06,GOOD,0,0
SAN JOAQUIN VALLEY - KAWEAH,Grain,Tulare Lake,12378.22293,270.8214811,2.614011393,0.715524558,0.351483763,0.486359995,0.112954365,0.74,0.17,345.3012994,477.8051109,110.9675411,10,7.155245580000001,699.8243933615342,83.17491103847124,699.8243933615342,699.824393361534,0.0,-4.88235294117647,0.9971585253080352,0.0019879585356129665,0.0006926517054182439,0.00016086445093347945,2.6183886074062115,0.00010917167666096892,833.5100718542851,12378.232053623598,8856.920751320129,-0.009123623598497943,0.0017394935857737437,7.370705512489864e-07,1.9639932353229058e-07,GOOD,0,0
SAN JOAQUIN VALLEY - KAWEAH,Lettuce,Tulare Lake,50.87859672,703.0,19.4,2.300762612,0.164570286,0.334656366,0.457537993,0.25,0.17,2859.243032,5814.317411,7949.261967,10,23.00762612,13614.235609235,542.0025917676152,13614.235609235,699.824393361534,12914.4112158735,-4.88235294117647,0.9100539493178469,0.08989309648692384,2.2370089282433102e-05,3.0584105946800524e-05,19.035893004209267,0.07861852051488735,3008.6893641771894,50.87859663569891,117.05946702311881,8.430108522361479e-08,0.0001060612830201535,1.6569066495200065e-09,9.060453598586218e-07,GOOD,0,0
SAN JOAQUIN VALLEY - KAWEAH,Other Deciduous,Tulare Lake,5739.259313,1889.193515,3.200340647,3.502172688,0.215021845,0.341552948,0.346579073,0.13,0.17,2284.866179,4950.948854,6009.195442,10,35.02172688,6010.137915357305,160.28320552042587,6010.137915357305,699.824393361534,5310.31352199577,-4.88235294117647,0.27403739356395845,0.7259312315887683,1.557284249559799e-05,1.580200477759998e-05,2.45796535373896,0.001340296242562841,1808.0488643604513,5739.259291762248,20099.858456555423,2.1237751752778422e-05,0.01875878281862242,3.7004342537150707e-09,9.332784781544621e-07,GOOD,0,0
SAN JOAQUIN VALLEY - KAWEAH,Pasture,Tulare Lake,2752.748838,330.6489052,4.985399011,4.768194291,0.350906068,0.190014026,0.155066311,0.51,0.17,328.209843,177.7241242,145.0367898,10,47.681942910000004,1600.0387956573127,32.451175829120366,1600.0387956573127,699.824393361534,900.214402295778,-4.88235294117647,0.016101166722330456,0.9838953615007439,1.9116890772972195e-06,1.5600878484384817e-06,2.1530785766700102,0.0007123004782194699,177948.43359955266,2752.748495044226,13125.62716755271,0.0003429557741583267,0.014126355774351396,1.2458665658996337e-07,1.0762411876139976e-06,GOOD,0,0
SAN JOAQUIN VALLEY - KAWEAH,Tomato Processing,Tulare Lake,385.3885214,99.0,56.1,2.220206136,0.124471553,0.533148968,0.188806686,0.74,0.17,657.2463564,2815.18314,996.9547547,10,22.20206136,5530.851511433,229.49134196164977,5530.851511433,699.824393361534,4831.02711807147,-4.88235294117647,0.8352232670837184,0.16466771162205113,8.050991800815412e-05,2.851137622243564e-05,54.11459799113014,0.0035064649731712306,356694.7562039576,385.3885165931071,855.6411577456906,4.806892889064329e-06,0.000802210556571481,1.2472849143514551e-08,9.375540168840032e-07,GOOD,0,0
SAN JOAQUIN VALLEY - KAWEAH,Truck Crops,Tulare Lake,984.4331919,4221.481827,12.90799011,1.84535452,0.139554281,0.396137579,0.419814805,0.335262105,0.17,7441.94487,27484.23099,27982.75263,10,18.4535452,54471.43662059573,2673.8062146747543,54471.43662059573,699.824393361534,53771.6122272342,-4.88235294117647,0.9932850513627981,0.006700069807497331,7.2235386440906465e-06,7.655291060580948e-06,12.891123339144746,0.003029906900749852,898952.9828766963,984.4331915251687,1816.626562419634,3.7483130199689185e-07,0.001677891058534442,3.807584964434719e-10,9.236292937114516e-07,GOOD,0,0
SAN JOAQUIN VALLEY - KAWEAH,Vineyard,Tulare Lake,488.2791055,1297.969307,12.40739544,4.00891598,0.302297005,0.200476183,0.304083218,0.13,0.17,2773.231975,2743.166444,4105.247296,10,40.089159800000004,16063.522444725762,375.0375418990898,16063.522444725762,699.824393361534,15363.6980513642,-4.88235294117647,0.3130186978842974,0.6869714703023428,3.9064665338668944e-06,5.925346825999532e-06,9.785616546700812,0.015753915344034093,445.02972209706354,488.2791047617343,1957.4680944565118,7.382657258858671e-07,0.0018142825442737376,1.511974847111018e-09,9.268507966196244e-07,GOOD,0,0
SAN JOAQUIN VALLEY - KERN COUNTY,Alfalfa,Tulare Lake,38538.6749,278.0,8.6,4.524530937,0.306290873,0.200481491,0.157957374,1.86,0.17,739.7198673,484.1807412,381.4811931,10,45.24530937,2344.8899608919996,49.59595820853076,2344.8899608919996,709.493956297,1635.396004595,-4.88235294117647,0.03161618579234198,0.968378982002361,2.7027418548069903e-06,2.12946344251401e-06,4.255632473243476,1.3950516202158018e-05,68489237.05886638,38538.66983133245,174369.3119934837,0.005068667545856442,0.11486255167983472,1.3152158342259046e-07,6.587310272842079e-07,GOOD,0,0
SAN JOAQUIN VALLEY - KERN COUNTY,Almonds & Pistachios,Tulare Lake,522962.0281,5259.137707,1.283954504,3.767767793,0.287448101,0.299096541,0.094248449,0.4,0.17,2039.310074,2110.873995,639.9084906,10,37.67767793,6714.135075037882,167.653873138506,6714.135075037882,709.493956297,6004.64111874088,-4.88235294117647,0.21527321267115473,0.7847141761713864,9.589428287840259e-06,3.0217291711363188e-06,0.9385038605039279,4.780461803475249e-06,103110237.75725868,522962.0248729825,1970398.4493524022,0.0032270174706354737,1.0370847387239337,6.170653503008078e-09,5.263322213908923e-07,GOOD,0,0
SAN JOAQUIN VALLEY - KERN COUNTY,Citrus & Subtropical,Tulare Lake,65978.99748,1062.0,16.1,3.608433712,0.183365181,0.131883505,0.371008972,0.13,0.17,2549.235389,1743.692937,5418.931559,10,36.08433712,17061.429405222,442.8538645706864,17061.429405222,709.493956297,16351.935448925,-4.88235294117647,0.47335160870500037,0.5266344392163658,3.6589313151976674e-06,1.029314731868928e-05,13.819356301663504,0.00011658721693428935,64002.40812183522,65978.99743395238,238080.7152192464,4.6047629439271986e-05,0.12357154866913334,6.979134451570025e-10,5.190318939430375e-07,GOOD,0,0
SAN JOAQUIN VALLEY - KERN COUNTY,Corn,Tulare Lake,42889.66064,253.0,19.9,2.280437339,0.234536008,0.556552162,0.088672787,0.3,0.17,423.9938724,1022.014707,159.5840787,10,22.804373390000002,5011.015865652999,202.45419615936873,5011.015865652999,709.493956297,4301.521909356,-4.88235294117647,0.7969162634697372,0.2029811293535621,8.850594837967696e-05,1.4101228320992652e-05,19.014099603970983,7.771880876633891e-05,1974564.8865359537,42889.660498282596,97807.13244039397,0.00014171740622259676,0.0511401006806409,3.30423239792267e-09,5.228665094783447e-07,GOOD,0,0
SAN JOAQUIN VALLEY - KERN COUNTY,Cotton,Tulare Lake,10923.02622,3766.0,0.8,3.749301711,0.148539114,0.445240339,0.078228087,0.68,0.17,378.6944542,1135.122209,199.4393382,10,37.493017110000004,2974.6349753500003,75.18227381344907,2974.6349753500003,709.493956297,2265.141019053,-4.88235294117647,0.11119233073354612,0.8887881029100888,1.6642323984010807e-05,2.9240323808651675e-06,0.5114901672205876,0.0001346319422543799,3866404.2207871918,10923.025918106361,40953.69831854613,0.00030189363860699814,0.022577397736313287,2.763827830553337e-08,5.512905113964723e-07,GOOD,0,0
SAN JOAQUIN VALLEY - KERN COUNTY,Cucurbits,Tulare Lake,1817.037687,829.0,16.1,2.442132231,0.087908733,0.228781824,0.653570009,0.05,0.17,920.9338517,2396.72349,6846.813993,10,24.42132231,13321.508417124001,500.6120884786598,13321.508417124001,709.493956297,12612.014460827,-4.88235294117647,0.8745617569270911,0.12538031674407998,1.5019508852859105e-05,4.2906819975955366e-05,15.670117172967425,0.011006926352210546,0.0023617383866990148,1817.0376866233541,4437.444005092616,3.7664585761376657e-07,0.002295271773618879,2.0728566078099544e-10,5.172506027690742e-07,GOOD,0,0
SAN JOAQUIN VALLEY - KERN COUNTY,Dry Beans,Tulare Lake,681.610732,1205.0,1.6,1.919782133,0.272510229,0.483520066,0.106180731,1.68,0.17,521.9411016,903.6303871,214.6292221,10,19.19782133,1907.939967644,91.53477141033959,1907.939967644,709.493956297,1198.446011347,-4.88235294117647,0.8043215844683111,0.19542985354768275,0.00020380624805516328,4.4755735950914116e-05,1.5334436392910127,0.0008732815774357486,756927.5229401838,681.6106972580815,1308.5433598098246,3.474191851182695e-05,0.000745144826851174,5.097032203393616e-08,5.694457099533513e-07,GOOD,0,0
SAN JOAQUIN VALLEY - KERN COUNTY,Grain,Tulare Lake,24052.21207,299.0,2.4,0.715524558,0.351483763,0.486359995,0.112954365,0.74,0.17,345.3012994,477.8051109,110.9675411,10,7.155245580000001,709.493956297,84.31099022765426,709.493956297,709.493956297,0.0,-4.88235294117647,0.9971971235795658,0.0019609543312236826,0.0006832428028236364,0.00015867928638695718,2.4039644309461994,5.618407768144011e-05,1619.5992853006564,24052.224038109976,17209.947987298292,-0.011968109974986874,0.00042301072608097456,4.975887431956637e-07,2.4579430222323315e-08,GOOD,0,0
SAN JOAQUIN VALLEY - KERN COUNTY,Lettuce,Tulare Lake,3421.401921,685.0,16.0,2.300762612,0.164570286,0.334656366,0.457537993,0.25,0.17,2859.243032,5814.317411,7949.261967,10,23.00762612,10936.035609235001,435.5668934150447,10936.035609235001,709.493956297,10226.541652938,-4.88235294117647,0.8904400766202201,0.10949542185327647,2.724816986621182e-05,3.725335663720688e-05,15.631167751808338,0.0011691114029745119,160214.55075126397,3421.4019169860517,7871.829536040655,4.013948455394711e-06,0.004084421124389337,1.1731882275384713e-09,5.188652760358693e-07,GOOD,0,0
SAN JOAQUIN VALLEY - KERN COUNTY,Onions & Garlic,Tulare Lake,7376.153245,2883.0,7.8,1.253629891,0.178481578,0.383051703,0.272440319,0.41,0.17,887.6914461,1905.136225,1355.002253,10,12.536298910000001,22474.029727489997,1601.8051548727503,22474.029727489997,709.493956297,21764.535771193,-4.88235294117647,0.9982919253116059,0.0016789580945375212,1.701494524409843e-05,1.2101648612353798e-05,7.798206539366837,0.0003306634649838952,5742644.387010804,7376.153242758135,9246.961405118354,2.241865331598092e-06,0.004783410293384804,3.039342130151326e-10,5.172950993720383e-07,GOOD,0,0
SAN JOAQUIN VALLEY - KERN COUNTY,Other Deciduous,Tulare Lake,17181.63646,2954.937896,5.779000077,3.502172688,0.215021845,0.341552948,0.346579073,0.13,0.17,2284.866179,4950.948854,6009.195442,10,35.02172688,17040.661447768216,452.7061805981567,17040.661447768216,709.493956297,16331.1674914712,-4.88235294117647,0.5169678686523923,0.48301125553497676,1.0361667715528559e-05,1.0514144915481495e-05,5.050690068577154,0.00044770518281049066,16645.775962597734,17181.63644843584,60173.02672084738,1.1564163287403062e-05,0.031224509628373198,6.730536590228299e-10,5.189117969827641e-07,GOOD,0,0
SAN JOAQUIN VALLEY - KERN COUNTY,Pasture,Tulare Lake,2242.896712,195.0,5.0,4.768194291,0.350906068,0.190014026,0.155066311,0.51,0.17,328.209843,177.7241242,145.0367898,10,47.681942910000004,926.622070685,19.19411272287582,926.622070685,709.493956297,217.128114388,-4.88235294117647,0.009389686068585479,0.990606818472416,1.924729304426581e-06,1.5707296939807272e-06,1.941883153235527,0.0008742196210975097,35013.7809929874,2242.8960647166405,10694.558400185515,0.0006472833597399585,0.008897275558410911,2.8859258488224063e-07,8.319434822316892e-07,GOOD,0,0
SAN JOAQUIN VALLEY - KERN COUNTY,Potatoes,Tulare Lake,17905.94555,445.0,24.0,1.233512156,0.150675135,0.475005897,0.095288578,0.41,0.17,793.9256634,2502.863999,502.0871398,10,12.33512156,10666.943908829999,779.0561845033877,10666.943908829999,709.493956297,9957.449952533,-4.88235294117647,0.9967354800538919,0.003211231514770356,4.438464729528436e-05,8.903784042494093e-06,23.989872150551374,0.00013621310214717493,6377948.178643732,17905.945538554482,22087.19005357846,1.144551788456738e-05,0.011447020646301098,6.392020936625366e-10,5.182648714456018e-07,GOOD,0,0
SAN JOAQUIN VALLEY - KERN COUNTY,Safflower,Tulare Lake,738.8439503,574.0,1.3,2.392307778,0.396694215,0.424242424,0.112947658,0.74,0.17,212.2655769,227.006242,60.43672676,10,23.92307778,721.343037923,28.5902462443004,721.343037923,709.493956297,11.849081626,-4.88235294117647,0.29897778069281744,0.700799690476671,0.00017574071754027958,4.678811297149787e-05,1.0221362177096567,0.0018290078044256152,1733.350187485233,738.841684473576,1767.5357692515659,0.00226582642392259,0.006359779369631724,3.066718517492868e-06,3.598092099291861e-06,GOOD,0,0
SAN JOAQUIN VALLEY - KERN COUNTY,Tomato Processing,Tulare Lake,6474.373852,100.0,56.3,2.220206136,0.124471553,0.533148968,0.188806686,0.74,0.17,657.2463564,2815.18314,996.9547547,10,22.20206136,5606.951511433,232.6358514276613,5606.951511433,709.493956297,4897.457555136,-4.88235294117647,0.8370953238729011,0.16279689344253373,7.959523098932424e-05,2.8187453575824624e-05,54.331805734027164,0.0002087230954285881,6074727.1568338815,6474.373807446877,14374.436994450765,4.455312227946706e-05,0.007558517589131952,6.8814565389522805e-09,5.25830237215747e-07,GOOD,0,0
SAN JOAQUIN VALLEY - KERN COUNTY,Truck Crops,Tulare Lake,20378.4245,1727.380269,21.11485579,1.84535452,0.139554281,0.396137579,0.419814805,0.405237848,0.17,7441.94487,27484.23099,27982.75263,10,18.4535452,36453.97622256141,1789.7091339559681,36453.97622256141,709.493956297,35744.4822662644,-4.88235294117647,0.9899993762089361,0.009978464637455076,1.0758070734829048e-05,1.1401082874085175e-05,21.073713646279646,0.0001210930993183757,25025838.989319194,20378.42449211239,37605.398290476376,7.887610991019756e-06,0.019471077364869416,3.870569577652951e-10,5.177731966263611e-07,GOOD,0,0
SAN JOAQUIN VALLEY - KERN COUNTY,Vineyard,Tulare Lake,74033.47477,1595.330286,11.88203482,4.00891598,0.302297005,0.200476183,0.304083218,0.13,0.17,2773.231975,2743.166444,4105.247296,10,40.089159800000004,18914.873991446555,441.4394351289844,18914.873991446555,709.493956297,18205.3800351496,-4.88235294117647,0.349179125898227,0.6508115598026134,3.7008430307938408e-06,5.613456128684693e-06,9.582724286833463,0.00010390310216027824,79956.11104789471,74033.47471714971,296793.8260081374,5.285028601065278e-05,0.15405224246205762,7.138701266534214e-10,5.190544714913597e-07,GOOD,0,0
SAN JOAQUIN VALLEY - KINGS,Alfalfa,Tulare Lake,29758.31617,270.1001729,7.969044529,4.524530937,0.306290873,0.200481491,0.157957374,1.86,0.17,739.7198673,484.1807412,381.4811931,10,45.24530937,2106.530266022699,44.651304759753785,2106.530266022699,824.954307742549,1281.57595828015,-4.88235294117647,0.028494361685722554,0.9715007905311744,2.7114548098900017e-06,2.136328293218319e-06,3.862032906051674,1.8066694551224354e-05,41445537.34122594,29758.313175217416,134642.36585089346,0.0029947825823910534,0.056293298868695274,1.0063682922389804e-07,4.180948171625226e-07,GOOD,0,0
SAN JOAQUIN VALLEY - KINGS,Almonds & Pistachios,Tulare Lake,582845.8701,4764.063066,1.175644783,3.767767793,0.287448101,0.299096541,0.094248449,0.4,0.17,2039.310074,2110.873995,639.9084906,10,37.67767793,5562.487418404885,139.06025971134514,5562.487418404885,824.954307742549,4737.53311066234,-4.88235294117647,0.18518761992345073,0.8147992854206886,9.957076797881976e-06,3.1375790627223026e-06,0.8334424816531335,4.289298643518003e-06,90668434.71812826,582845.8673678748,2196027.2001916147,0.002732125110924244,0.6974542266689241,4.687560212883533e-09,3.175980721449852e-07,GOOD,0,0
SAN JOAQUIN VALLEY - KINGS,Citrus & Subtropical,Tulare Lake,140469.668,1047.333333,15.33333333,3.608433712,0.183365181,0.131883505,0.371008972,0.13,0.17,2549.235389,1743.692937,5418.931559,10,36.08433712,16022.340507730889,415.9408249591231,16022.340507730889,824.954307742549,15197.3861999883,-4.88235294117647,0.45771865115790084,0.5422669826119051,3.7675425230997497e-06,1.0598687671073985e-05,13.071442545576568,5.4761343155646185e-05,126640.6889184306,140469.66793678637,506875.32740434544,6.321363616734743e-05,0.15812030219240114,4.500162708959163e-10,3.1195097555119835e-07,GOOD,0,0
SAN JOAQUIN VALLEY - KINGS,Corn,Tulare Lake,49789.98829,72.26222784,21.81483688,2.280437339,0.234536008,0.556552162,0.088672787,0.3,0.17,423.9938724,1022.014707,159.5840787,10,22.804373390000002,1552.704578567995,63.38937964683242,1552.704578567995,824.954307742549,727.750270825446,-4.88235294117647,0.5487434721164408,0.4510285324808502,0.0001966621633283914,3.133323938067401e-05,19.35097882596992,6.694786337201874e-05,387915.66822028783,49789.98770873212,113542.91127441468,0.0005812678791699,0.03713047408382408,1.1674392767162869e-08,3.2701699758067384e-07,GOOD,0,0
SAN JOAQUIN VALLEY - KINGS,Cotton,Tulare Lake,9376.797678,3571.19978,0.8,3.749301711,0.148539114,0.445240339,0.078228087,0.68,0.17,378.6944542,1135.122209,199.4393382,10,37.493017110000004,2818.79479935,71.29339344197797,2818.79479935,824.954307742549,1993.84049160745,-4.88235294117647,0.10598465576458294,0.8939956632364499,1.673983418451171e-05,2.9411647828063396e-06,0.5065619400154246,0.0001568326720693181,2921580.5674849837,9376.797501540543,35156.431847058004,0.00017645945808908436,0.011730768230336253,1.8818733660330166e-08,3.3367334794168566e-07,GOOD,0,0
SAN JOAQUIN VALLEY - KINGS,Cucurbits,Tulare Lake,624.3752474,518.4262229,16.77301,2.442132231,0.087908733,0.228781824,0.653570009,0.05,0.17,920.9338517,2396.72349,6846.813993,10,24.42132231,8670.176638087929,326.1511337917731,8670.176638087929,824.954307742549,7845.22233034538,-4.88235294117647,0.8194198937933037,0.18049671582784677,2.162199052999555e-05,6.17683883195507e-05,16.11219440852752,0.03203201933978524,0.0005048195509281053,624.3752472756004,1524.8064433241386,1.2439966212696163e-07,0.00047259000029953313,1.9923861915567928e-10,3.099343237279391e-07,GOOD,0,0
SAN JOAQUIN VALLEY - KINGS,Dry Beans,Tulare Lake,62.71567891,1030.0,1.5,1.919782133,0.272510229,0.483520066,0.106180731,1.68,0.17,521.9411016,903.6303871,214.6292221,10,19.19782133,1524.939967644,73.3512561353603,1524.939967644,824.954307742549,699.985659901452,-4.88235294117647,0.7666504464304277,0.23305313953819037,0.00024304212025194044,5.3371911130035576e-05,1.424299055469556,0.009491057189898086,40685.061243396085,62.715675675570424,120.40039872678,3.234429577503306e-06,4.110360292486348e-05,5.157290224259339e-08,3.4139080374431513e-07,GOOD,0,0
SAN JOAQUIN VALLEY - KINGS,Grain,Tulare Lake,19312.71515,294.75572,2.826273741,0.715524558,0.351483763,0.486359995,0.112954365,0.74,0.17,345.3012994,477.8051109,110.9675411,10,7.155245580000001,824.9543077425485,97.8764536646765,824.9543077425485,824.954307742549,0.0,-4.88235294117647,0.9975883005506524,0.0016872782711109522,0.0005878875997983489,0.00013653357843832658,2.83029254554094,6.997210598590283e-05,1300.4566716409786,19312.726621618756,13818.725850531151,-0.011471618756331736,-0.003879047497321153,5.939930593514572e-07,2.8070956962054555e-07,GOOD,0,0
SAN JOAQUIN VALLEY - KINGS,Lettuce,Tulare Lake,426.8625416,703.0,19.4,2.300762612,0.164570286,0.334656366,0.457537993,0.25,0.17,2859.243032,5814.317411,7949.261967,10,23.00762612,13614.235609235,542.0025917676152,13614.235609235,824.954307742549,12789.2813014925,-4.88235294117647,0.9100539493178469,0.0898930964869238,2.237008928243308e-05,3.058410594680049e-05,19.035893004209264,0.009370698082354294,24997.80380456511,426.862541360809,982.1090728297639,2.3919096747704316e-07,0.0003033468108242232,5.603465850633992e-10,3.088727367670341e-07,GOOD,0,0
SAN JOAQUIN VALLEY - KINGS,Onions & Garlic,Tulare Lake,2592.759293,2367.456407,7.7,1.253629891,0.178481578,0.383051703,0.272440319,0.41,0.17,887.6914461,1905.136225,1355.002253,10,12.536298910000001,18216.04406139,1298.5035998093256,18216.04406139,824.954307742549,17391.0897536475,-4.88235294117647,0.9978935091688345,0.002070582660164444,2.0983758141850598e-05,1.4924412859181633e-05,7.697816335436751,0.0009407060643187529,1612955.8346289059,2592.7592924162027,3250.359541174074,5.837973731104285e-07,0.0010086987535942171,2.2516450897951845e-10,3.103344192488686e-07,GOOD,0,0
SAN JOAQUIN VALLEY - KINGS,Other Deciduous,Tulare Lake,156526.4467,1915.280177,7.005189238,3.502172688,0.215021845,0.341552948,0.346579073,0.13,0.17,2284.866179,4950.948854,6009.195442,10,35.02172688,13380.975202929132,355.6866387402928,13380.975202929132,824.954307742549,12556.0208951866,-4.88235294117647,0.45664231906927943,0.5433341979522547,1.1655729246783161e-05,1.18272492190262e-05,5.969412251574799,4.914382108891054e-05,116590.66029703642,156526.4466178912,548182.4754730068,8.210880332626402e-05,0.17110942082945257,5.245682442637601e-10,3.121394336289404e-07,GOOD,0,0
SAN JOAQUIN VALLEY - KINGS,Pasture,Tulare Lake,8949.879421,190.4760911,4.976288321,4.768194291,0.350906068,0.190014026,0.155066311,0.51,0.17,328.209843,177.7241242,145.0367898,10,47.681942910000004,899.4860182556621,18.659905082688557,899.4860182556621,824.954307742549,74.5317105131136,-4.88235294117647,0.009117320060484803,0.9908791835194485,1.925258504284435e-06,1.5711615624667893e-06,1.9216410992272195,0.00021908499785200519,48107.253584253376,8949.874921883427,42674.72854463491,0.0044991165723331505,0.03541571567620849,5.027013617386199e-07,8.298983377884286e-07,GOOD,0,0
SAN JOAQUIN VALLEY - KINGS,Tomato Processing,Tulare Lake,6052.801446,93.64056947,51.73327123,2.220206136,0.124471553,0.533148968,0.188806686,0.74,0.17,657.2463564,2815.18314,996.9547547,10,22.20206136,4821.284489956167,200.17149681311466,4821.284489956167,824.954307742549,3996.33018221362,-4.88235294117647,0.8154484777348482,0.184429417369312,9.017188084070359e-05,3.1933014999140236e-05,49.664283285294594,0.00022326047920246802,4634240.859252157,6052.801415486255,13438.462649627885,3.051374551432673e-05,0.004260770987457363,5.0412599498851505e-09,3.170578173735219e-07,GOOD,0,0
SAN JOAQUIN VALLEY - KINGS,Truck Crops,Tulare Lake,12083.69734,2160.61945,16.76187042,1.84535452,0.139554281,0.396137579,0.419814805,0.380066075,0.17,7441.94487,27484.23099,27982.75263,10,18.4535452,36196.61419596668,1777.0806607209113,36196.61419596668,824.954307742549,35371.6598882241,-4.88235294117647,0.9899289870175807,0.010048697862049113,1.0833791201410814e-05,1.1481329168801219e-05,16.72897927831762,0.0002177414221645316,11695924.993699431,12083.697337354703,22298.69856863762,2.6452980819158256e-06,0.006936043359019095,2.1891462583717985e-10,3.110513907438739e-07,GOOD,0,0
SAN JOAQUIN VALLEY - KINGS,Vineyard,Tulare Lake,394606.6473,1362.788738,11.62835987,4.00891598,0.302297005,0.200476183,0.304083218,0.13,0.17,2773.231975,2743.166444,4105.247296,10,40.089159800000004,15806.101856041145,369.0427656798366,15806.101856041145,824.954307742549,14981.1475482986,-4.88235294117647,0.3095553712100989,0.690434747410736,3.92616047561893e-06,5.955218689546852e-06,9.150398567376381,1.949360900263702e-05,350699.22808255913,394606.64709478704,1581944.4004291564,0.00020521297119557858,0.49374603759497404,5.200443849582829e-10,3.121132976331688e-07,GOOD,0,0
SAN JOAQUIN VALLEY - MADERA,Alfalfa,San Joaquin River,2506.196493,293.0,7.5,4.134965358,0.306290873,0.200481491,0.157957374,1.86,0.17,739.7198673,484.1807412,381.4811931,10,41.349653579999995,2155.485616682,49.812873058653494,2155.485616682,594.682633467,1560.802983215,-4.88235294117647,0.04849628756807323,0.9514956490589216,4.50999375474928e-06,3.5533792506391343e-06,4.051105401694033,0.00021452204968916237,4250790.574826477,2506.196086930887,10363.027331859768,0.000406069113068952,0.008347036320628831,1.62026047918882e-07,8.054624705796622e-07,GOOD,0,0
SAN JOAQUIN VALLEY - MADERA,Almonds & Pistachios,San Joaquin River,134281.1791,4833.320124,1.158223387,3.753630493,0.287448101,0.299096541,0.094248449,0.4,0.17,2039.310074,2110.873995,639.9084906,10,37.53630493,5559.84730645354,139.50535715960848,5559.84730645354,594.682633467,4965.16467298654,-4.88235294117647,0.18847491324547475,0.8115117533253661,1.0138638199518411e-05,3.1947909597415327e-06,0.8240527829921234,1.861765004415276e-05,21892619.61417722,134281.17778216407,504041.60309226677,0.0013178359367884696,0.3254134875605814,9.814003314694378e-09,6.456079725852933e-07,GOOD,0,0
SAN JOAQUIN VALLEY - MADERA,Citrus & Subtropical,San Joaquin River,8286.07092,1139.0,2.8,3.247465856,0.183365181,0.131883505,0.371008972,0.13,0.17,2549.235389,1743.692937,5418.931559,10,32.474658559999995,3156.0390837819996,91.59377000821968,3156.0390837819996,594.682633467,2561.356450315,-4.88235294117647,0.23610037176667317,0.763862009496784,9.865510135580728e-06,2.775322640733112e-05,2.0877607559073184,0.0009283420051041141,1259.1176890349354,8286.070876676511,26908.715085928226,4.332348908064887e-05,0.017307166279351804,5.2284719137606495e-09,6.431802890794396e-07,GOOD,0,0
SAN JOAQUIN VALLEY - MADERA,Corn,San Joaquin River,6756.923493,71.0,27.3,2.415829265,0.234536008,0.556552162,0.088672787,0.3,0.17,423.9938724,1022.014707,159.5840787,10,24.15829265,1913.261946393,73.72777568795945,1913.261946393,594.682633467,1318.579312926,-4.88235294117647,0.5163083225945535,0.48351757987551724,0.00015017143529735193,2.392609463191047e-05,23.905978413270404,0.0004933211596648358,95368.61647106316,6756.923382136395,16323.562811071839,0.00011086360518675065,0.010704683585572639,1.64074086826057e-08,6.557806460234051e-07,GOOD,0,0
SAN JOAQUIN VALLEY - MADERA,Cucurbits,San Joaquin River,15.80968727,429.0,16.4,2.299627126,0.087908733,0.228781824,0.653570009,0.05,0.17,920.9338517,2396.72349,6846.813993,10,22.99627126,7011.633468173999,279.5803530197197,7011.633468173999,594.682633467,6416.950834707,-4.88235294117647,0.8393748358976115,0.16051953755432458,2.7387526636300236e-05,7.823902142756971e-05,15.833282963213831,1.2650471611763892,1.0455343529699257e-05,15.809687261730748,36.35636478627611,8.269251949855061e-09,2.091339277399129e-05,5.230496852108233e-10,5.752329988671497e-07,GOOD,0,0
SAN JOAQUIN VALLEY - MADERA,Grain,San Joaquin River,4680.71302,207.0,2.9,0.466656841,0.351483763,0.486359995,0.112954365,0.74,0.17,345.3012994,477.8051109,110.9675411,10,4.66656841,594.682633467,101.77621174542745,594.682633467,594.682633467,0.0,-4.88235294117647,0.9988043989131776,0.000189612015327729,0.0008163876463467083,0.00018960142514792364,2.9045263404504644,0.0002887063029878622,315.1842932295199,4680.715809498157,2184.286665168693,-0.00278949815674423,8.637207656647661e-05,5.959558180185612e-07,3.954246231890148e-08,GOOD,0,0
SAN JOAQUIN VALLEY - MADERA,Onions & Garlic,San Joaquin River,167.7531314,2366.0,7.7,1.480822037,0.178481578,0.383051703,0.272440319,0.41,0.17,887.6914461,1905.136225,1355.002253,10,14.80822037,18202.55780603,1109.2220630905952,18202.55780603,594.682633467,17607.875172563,-4.88235294117647,0.9944635862643887,0.005500602474234788,2.0927126794084826e-05,1.4884134582568131e-05,7.692587012695618,0.014539367282677755,105660.09856423544,167.75313125418472,248.41237866409193,1.458152780742239e-07,0.00015508878473724508,8.692253721722413e-10,6.243194833781173e-07,GOOD,0,0
SAN JOAQUIN VALLEY - MADERA,Other Deciduous,San Joaquin River,9693.03366,4886.435415,2.436329862,3.445837194,0.215021845,0.341552948,0.346579073,0.13,0.17,2284.866179,4950.948854,6009.195442,10,34.45837194,11869.60699449286,320.63280639048924,11869.60699449286,594.682633467,11274.9243610259,-4.88235294117647,0.4505792779953158,0.5493946004648026,1.2965373911688367e-05,1.3156165969943081e-05,2.070545392295833,0.0007935913525247877,6483.331208710141,9693.03364766272,33400.5947130583,1.233727925864514e-05,0.021195263645495288,1.2727985573347467e-09,6.345770300665136e-07,GOOD,0,0
SAN JOAQUIN VALLEY - MADERA,Pasture,San Joaquin River,990.2144903,149.0,5.0,4.600187047,0.350906068,0.190014026,0.155066311,0.51,0.17,328.209843,177.7241242,145.0367898,10,46.00187047,698.302143125,15.193926595454911,698.302143125,594.682633467,103.619509658,-4.88235294117647,0.00874511748588645,0.9912505631053704,2.378426578479365e-06,1.9409821647016057e-06,1.9191870630458485,0.0019801612003591683,7390.118906794116,990.2137458527073,4555.165383635277,0.0007444472926181334,0.006488394490588689,7.518040787229766e-07,1.4244016851327906e-06,GOOD,0,0
SAN JOAQUIN VALLEY - MADERA,Tomato Processing,San Joaquin River,1577.476742,99.0,49.2,2.379660861,0.124471553,0.533148968,0.188806686,0.74,0.17,657.2463564,2815.18314,996.9547547,10,23.79660861,4846.156964183,188.2421134029691,4846.156964183,594.682633467,4251.474330716,-4.88235294117647,0.7470969741086141,0.25279173006762984,8.218960991509951e-05,2.9106213840974146e-05,46.395852847028415,0.0008566537403512167,1284879.8712542558,1577.4767225667304,3753.8572356423083,1.9433269699220546e-05,0.0024264328867502627,1.2319211549567522e-08,6.463834839816284e-07,GOOD,0,0
SAN JOAQUIN VALLEY - MADERA,Truck Crops,San Joaquin River,169.5547081,1383.706017,18.30560786,2.667732673,0.139554281,0.396137579,0.419814805,0.398846959,0.17,7441.94487,27484.23099,27982.75263,10,26.67732673,25301.94690732949,872.9980357803429,25301.94690732949,594.682633467,24707.2642738625,-4.88235294117647,0.8873414363544924,0.1126299482836278,1.3892502062119557e-05,1.4722859817777651e-05,17.866881003934417,0.014787128991540928,136165.86638173385,169.55470787713645,452.32635024000217,2.2286354806055897e-07,0.00028441934563261384,1.3144049525839086e-09,6.287919477631761e-07,GOOD,0,0
SAN JOAQUIN VALLEY - MADERA,Vineyard,San Joaquin River,49632.86435,1652.208451,11.31279551,3.098484515,0.302297005,0.200476183,0.304083218,0.13,0.17,2773.231975,2743.166444,4105.247296,10,30.984845149999998,18659.304644500855,559.927379405781,18659.304644500855,594.682633467,18064.6220110339,-4.88235294117647,0.7066224239449113,0.293358468847307,7.591851576443282e-06,1.1515356205396458e-05,10.539757006562741,0.0001549841580381748,53189.02801610804,49632.86431517966,153786.56423488026,3.4820346627384424e-05,0.09738869027933106,7.015582736035346e-10,6.332713725050684e-07,GOOD,0,0
SAN JOAQUIN VALLEY - MERCED,Alfalfa,San Joaquin River,23700.47152,282.0275826,6.801755256,4.134965358,0.306290873,0.200481491,0.157957374,1.86,0.17,739.7198673,484.1807412,381.4811931,10,41.349653579999995,1876.2682089685243,43.48358009565115,1876.2682089685243,835.882633467,1040.38557550152,-4.88235294117647,0.04248190377388711,0.9575099818851297,4.538501087927326e-06,3.5758398950910803e-06,3.577717896917181,2.2684544826395525e-05,26797879.748431403,23700.45693622136,98000.40820371396,0.014583778640371747,0.22049975163827185,6.153370673686811e-07,2.2499830312871688e-06,GOOD,0,0
SAN JOAQUIN VALLEY - MERCED,Almonds & Pistachios,San Joaquin River,1302.357404,4953.973646,1.103955634,3.753630493,0.287448101,0.299096541,0.094248449,0.4,0.17,2039.310074,2110.873995,639.9084906,10,37.53630493,5430.750019168222,136.28821604263962,5430.750019168222,835.882633467,4594.86738570122,-4.88235294117647,0.18490800465660723,0.8150786033096089,1.0183200710602204e-05,3.2088330731646794e-06,0.7824004437198727,0.0019195959514044423,196496.18344594326,1302.357369038775,4888.560466168767,3.4961225082952296e-05,0.007998269954441639,2.6844570450149868e-08,1.636116996749468e-06,GOOD,0,0
SAN JOAQUIN VALLEY - MERCED,Citrus & Subtropical,San Joaquin River,257.2817219,1009.333333,4.7,3.247465856,0.183365181,0.131883505,0.371008972,0.13,0.17,2549.235389,1743.692937,5418.931559,10,32.474658559999995,4710.705748882001,136.24377031005568,4710.705748882001,835.882633467,3874.823115415,-4.88235294117647,0.31568388715403023,0.6842824132516645,8.837715450701906e-06,2.486187885432246e-05,3.716683832877177,0.029898383901898522,59.14226259868376,257.2817196500788,835.5122604741994,2.2499211809190456e-06,0.0013467689379922376,8.744970938096967e-09,1.6119054511105325e-06,GOOD,0,0
SAN JOAQUIN VALLEY - MERCED,Corn,San Joaquin River,49863.70733,62.07686362,26.20939444,2.415829265,0.234536008,0.556552162,0.088672787,0.3,0.17,423.9938724,1022.014707,159.5840787,10,24.15829265,1601.9589506076663,61.88663786396375,1601.9589506076663,835.882633467,766.076317140666,-4.88235294117647,0.4719539371294853,0.5278560006479687,0.0001639421120283431,2.6120110517546433e-05,22.54404552996439,6.684888693239756e-05,408942.7592833125,49863.70376662425,120461.99924684502,0.0035633757506730035,0.20418236398836598,7.146231079631606e-08,1.6949911107043304e-06,GOOD,0,0
SAN JOAQUIN VALLEY - MERCED,Cotton,San Joaquin River,5069.903018,3927.0,0.8,3.634047537,0.148539114,0.445240339,0.078228087,0.68,0.17,378.6944542,1135.122209,199.4393382,10,36.34047537,3104.5875170900003,80.83759220572647,3104.5875170900003,835.882633467,2268.704883623,-4.88235294117647,0.1356142908706799,0.864362844126273,1.9448014822339127e-05,3.4169882246433983e-06,0.5326223215176124,0.00029006239963032715,1797407.909015448,5069.902566473276,18424.237126696546,0.00045152672373660607,0.031448695219296496,8.906022898929663e-08,1.7069168901120292e-06,GOOD,0,0
SAN JOAQUIN VALLEY - MERCED,Cucurbits,San Joaquin River,467.8762046,372.0,15.4,2.299627126,0.087908733,0.228781824,0.653570009,0.05,0.17,920.9338517,2396.72349,6846.813993,10,22.99627126,5704.833468174,227.650794016057,5704.833468174,835.882633467,4868.950834707,-4.88235294117647,0.8095871574569826,0.1902876277214342,3.246649941920892e-05,9.274832216396207e-05,14.760561595339986,0.04274635000319912,0.00023477646262391903,467.8762037758047,1075.939088051662,8.241952969001431e-07,0.0017236564237919083,1.7615670316142065e-09,1.6019992968345126e-06,GOOD,0,0
SAN JOAQUIN VALLEY - MERCED,Dry Beans,San Joaquin River,149.8512364,1321.0,1.3,2.212101358,0.272510229,0.483520066,0.106180731,1.68,0.17,521.9411016,903.6303871,214.6292221,10,22.12101358,1694.316775394,71.16163365069492,1694.316775394,835.882633467,858.434141927,-4.88235294117647,0.6134424786757542,0.3863440492330095,0.0001750345941007515,3.8437497135653686e-05,1.1793957305781921,0.003972193420207878,119208.11465333025,149.85118856350044,331.48548676506846,4.783649956152658e-05,0.0006367733505499018,3.192265923908425e-07,1.920965329567107e-06,GOOD,0,0
SAN JOAQUIN VALLEY - MERCED,Grain,San Joaquin River,21694.07599,187.0,4.5,0.466656841,0.351483763,0.486359995,0.112954365,0.74,0.17,345.3012994,477.8051109,110.9675411,10,4.66656841,835.882633467,142.66980207192603,835.882633467,835.882633467,0.0,-4.88235294117647,0.999148959789247,0.00013496763365672374,0.0005811124816301862,0.00013496009546614098,4.5050038455217765,6.229126107856651e-05,1460.8099191211788,21694.114852744246,10123.690828729223,-0.03886274424439762,-0.0018588218754302943,1.7913989174884243e-06,1.8361112050712344e-07,GOOD,0,0
SAN JOAQUIN VALLEY - MERCED,Lettuce,San Joaquin River,400.3198262,674.0,15.2,3.326092372,0.164570286,0.334656366,0.457537993,0.25,0.17,2859.243032,5814.317411,7949.261967,10,33.26092372,10210.582311635,285.14352801612404,10210.582311635,835.882633467,9374.699678168,-4.88235294117647,0.46484377652446557,0.5351201588642152,1.523521548505244e-05,2.0829395834512276e-05,13.00163039150441,0.009992010732942308,17184.391890162246,400.31982333784924,1331.4985802366728,2.8621507794923673e-06,0.0021400475131940766,7.149660326996732e-09,1.6072447281420323e-06,GOOD,0,0
SAN JOAQUIN VALLEY - MERCED,Onions & Garlic,San Joaquin River,108.5523535,2039.0,6.5,1.480822037,0.178481578,0.383051703,0.272440319,0.41,0.17,887.6914461,1905.136225,1355.002253,10,14.80822037,13237.85780603,806.94440796408,13237.85780603,835.882633467,12401.975172563,-4.88235294117647,0.9924030224960231,0.007547837869538648,2.871586537236614e-05,2.0423769065995994e-05,6.491407272377279,0.022468645880108926,48157.659776058106,108.55235316164496,160.74646542735218,3.383550364333132e-07,0.00025180366191079884,3.1169755931023017e-09,1.5664622348021203e-06,GOOD,0,0
SAN JOAQUIN VALLEY - MERCED,Other Deciduous,San Joaquin River,9572.288446,2524.188367,3.493213769,3.445837194,0.215021845,0.341552948,0.346579073,0.13,0.17,2284.866179,4950.948854,6009.195442,10,34.45837194,8782.168033348024,237.4797752015958,8782.168033348024,835.882633467,7946.28539988102,-4.88235294117647,0.37763893456703224,0.6223314760331867,1.4686639215159372e-05,1.4902760566058364e-05,2.8638983602992956,0.0008036017443166476,4512.40691556038,9572.288402239212,32984.4944493807,4.376078868517652e-05,0.053109542568563484,4.571611995610409e-09,1.610134032418942e-06,GOOD,0,0
SAN JOAQUIN VALLEY - MERCED,Pasture,San Joaquin River,11627.36555,200.0,5.0,4.600187047,0.350906068,0.190014026,0.155066311,0.51,0.17,328.209843,177.7241242,145.0367898,10,46.00187047,953.302143125,20.394532342892497,953.302143125,835.882633467,117.419509658,-4.88235294117647,0.011899000705699995,0.9880966936286528,2.370859120494797e-06,1.934806526944662e-06,2.0371297779908706,0.0001686353030954196,98294.65504660172,11627.34601055453,53487.87683711331,0.01953944547130959,0.17955673072719947,1.6804705577790654e-06,3.3569499965578242e-06,GOOD,0,0
SAN JOAQUIN VALLEY - MERCED,Potatoes,San Joaquin River,13974.8894,1165.0,14.9,3.305132031,0.150675135,0.475005897,0.095288578,0.41,0.17,793.9256634,2502.863999,502.0871398,10,33.05132031,17324.727710080002,489.5109215592319,17324.727710080002,835.882633467,16488.845076613,-4.88235294117647,0.6046908249259692,0.3952892700663954,1.657914712675574e-05,3.3258605085514135e-06,13.446602003091835,0.0001745290657000765,8242740.137717369,13974.889307495205,46188.78026724161,9.25047952478053e-05,0.07431838076445274,6.619357949824297e-09,1.6090111225140989e-06,GOOD,0,0
SAN JOAQUIN VALLEY - MERCED,Rice,San Joaquin River,1170.019764,579.0,4.7,4.833919598,0.381523094,0.545092624,0.07948555,0.2,0.17,851.2633133,1216.2235,177.3500304,10,48.33919598,2671.9547027520002,52.52201182797272,2671.9547027520002,835.882633467,1836.072069285,-4.88235294117647,0.024591463255010056,0.9754027892304867,5.016069873254596e-06,7.314446300672596e-07,2.208587156063502,0.004273432085374586,2895.547823043309,1170.019711753864,5655.7720110269565,5.224613596510608e-05,0.009456219977437286,4.465406275402548e-08,1.6719563922685103e-06,GOOD,0,0
SAN JOAQUIN VALLEY - MERCED,Tomato Processing,San Joaquin River,9832.408885,97.07740276,48.52709097,2.379660861,0.124471553,0.533148968,0.188806686,0.74,0.17,657.2463564,2815.18314,996.9547547,10,23.79660861,4686.240919048849,182.06182796667585,4686.240919048849,835.882633467,3850.35828558185,-4.88235294117647,0.7407047054011383,0.2591811857094693,8.42669993401101e-05,2.984189005233219e-05,45.68243401292464,0.00013743848197901213,7253078.840170494,9832.40854650012,23397.76017944631,0.0003384998799447203,0.0384135368403804,3.442695314076336e-08,1.641758590566737e-06,GOOD,0,0
SAN JOAQUIN VALLEY - MERCED,Truck Crops,San Joaquin River,1757.430333,1152.113711,17.5537077,2.667732673,0.139554281,0.396137579,0.419814805,0.403930086,0.17,7441.94487,27484.23099,27982.75263,10,26.67732673,20196.234486661273,697.0268210927059,20196.234486661273,835.882633467,19360.3518531943,-4.88235294117647,0.8627693593816089,0.13719578393004678,1.6922610195669825e-05,1.7934078148607402e-05,17.035695603937082,0.0014086908055581642,1155921.366957239,1757.4303254384777,4688.346796990502,7.561522352261818e-06,0.007522874868300278,4.302601480284009e-09,1.604587527957209e-06,GOOD,0,0
SAN JOAQUIN VALLEY - MERCED,Vineyard,San Joaquin River,509.0606546,1576.965171,11.00132135,3.098484515,0.302297005,0.200476183,0.304083218,0.13,0.17,2773.231975,2743.166444,4105.247296,10,30.984845149999998,17316.9089023727,519.7133589920525,17316.9089023727,835.882633467,16481.0262689057,-4.88235294117647,0.6909097234227245,0.3090701460266815,7.998455556998168e-06,1.2132095036955014e-05,10.202740493062915,0.015110788120822276,497.71223564378136,509.0606536093795,1577.3140311149957,9.90620549146115e-07,0.0025243588679586537,1.9459774394163423e-09,1.6004136006803504e-06,GOOD,0,0
SAN JOAQUIN VALLEY - MODESTO,Alfalfa,San Joaquin River,2458.028531,280.0,7.1,4.134965358,0.306290873,0.200481491,0.157957374,1.86,0.17,739.7198673,484.1807412,381.4811931,10,41.349653579999995,1945.985616682,45.06393248719142,1945.985616682,752.882633467,1193.102983215,-4.88235294117647,0.04399073787396183,0.9560011605714394,4.531349426531392e-06,3.570205172163771e-06,3.7607861469273023,0.00021872586173091516,3187114.1265765266,2458.0275020625018,10163.845615121345,0.0010289374981766741,0.01720953928270319,4.186027481780577e-07,1.693208534942798e-06,GOOD,0,0
SAN JOAQUIN VALLEY - MODESTO,Almonds & Pistachios,San Joaquin River,76439.7924,4806.666838,1.100862888,3.753630493,0.287448101,0.299096541,0.094248449,0.4,0.17,2039.310074,2110.873995,639.9084906,10,37.53630493,5253.264038913508,131.86521493417322,5253.264038913508,752.882633467,4500.38140544651,-4.88235294117647,0.17995263675562154,0.8200338897934605,1.0245109680655765e-05,3.2283412372752625e-06,0.7759168507642303,3.270547867160351e-05,11295887.161891172,76439.79076555095,286926.3686755231,0.0016344490577466786,0.3669557066168636,2.1382175519182577e-08,1.278917789970226e-06,GOOD,0,0
SAN JOAQUIN VALLEY - MODESTO,Citrus & Subtropical,San Joaquin River,33.36437827,894.0,4.2,3.247465856,0.183365181,0.131883505,0.371008972,0.13,0.17,2549.235389,1743.692937,5418.931559,10,32.474658559999995,3721.639083782,107.83779243285566,3721.639083782,752.882633467,2968.756450315,-4.88235294117647,0.2671086781482971,0.7328552301394775,9.465048151324248e-06,2.6626664074125946e-05,3.21076585381883,0.23055450426973265,5.876259939005333,33.364377974054236,108.34954733941723,2.959457674478472e-07,0.00013189907612343177,8.87011186160632e-09,1.2173462538186456e-06,GOOD,0,0
SAN JOAQUIN VALLEY - MODESTO,Corn,San Joaquin River,14052.89871,69.0,26.9,2.415829265,0.234536008,0.556552162,0.088672787,0.3,0.17,423.9938724,1022.014707,159.5840787,10,24.15829265,1831.061946393,70.60110635836637,1831.061946393,752.882633467,1078.179312926,-4.88235294117647,0.5053369039672123,0.4944850495060655,0.00015357772438496595,2.4468802337224214e-05,23.455065893347072,0.00023719898663763538,162190.10467877047,14052.898153612232,33949.3596737198,0.0005563877675740514,0.044287978947977535,3.959238439384236e-08,1.3045289100787343e-06,GOOD,0,0
SAN JOAQUIN VALLEY - MODESTO,Cucurbits,San Joaquin River,937.9971051,507.0,13.6,2.299627126,0.087908733,0.228781824,0.653570009,0.05,0.17,920.9338517,2396.72349,6846.813993,10,22.99627126,6871.233468173999,274.0011442011444,6871.233468173999,752.882633467,6118.350834707,-4.88235294117647,0.8366290077712593,0.16326356003367135,2.785570633510036e-05,7.957648873423135e-05,13.121417034075296,0.021322027425519394,0.0005914560528430903,937.9971040746802,2157.040887770568,1.0253197615384124e-06,0.0026992268644789874,1.093094803772452e-09,1.2513548083820895e-06,GOOD,0,0
SAN JOAQUIN VALLEY - MODESTO,Dry Beans,San Joaquin River,122.5562474,1752.0,1.3,2.212101358,0.272510229,0.483520066,0.106180731,1.68,0.17,521.9411016,903.6303871,214.6292221,10,22.12101358,2254.6167753939994,94.37939603029335,2254.6167753939994,752.882633467,1501.734141927,-4.88235294117647,0.6786263659239461,0.3211961590614702,0.00014551910257102848,3.195591201266874e-05,1.2032323525443376,0.004856856405657989,170532.81941299283,122.55622997239466,271.10646645737836,1.742760534284571e-05,0.00037484754562910894,1.4220087276306168e-07,1.3826561654617336e-06,GOOD,0,0
SAN JOAQUIN VALLEY - MODESTO,Grain,San Joaquin River,3295.168214,205.0,3.7,0.466656841,0.351483763,0.486359995,0.112954365,0.74,0.17,345.3012994,477.8051109,110.9675411,10,4.66656841,752.882633467,128.59779545045265,752.882633467,752.882633467,0.0,-4.88235294117647,0.9990552709829641,0.00014982586987676607,0.0006450856453328022,0.0001498175018263619,3.7045661200724864,0.0004101008699980594,221.88612293986984,3295.174098760953,1537.7136090626916,-0.005884760952994839,-0.000819753839778059,1.7858757340498062e-06,5.330994483999251e-07,GOOD,0,0
SAN JOAQUIN VALLEY - MODESTO,Lettuce,San Joaquin River,4.25446108,898.0,10.5,3.326092372,0.164570286,0.334656366,0.457537993,0.25,0.17,2859.243032,5814.317411,7949.261967,10,33.26092372,9394.782311635001,262.4373658503859,9394.782311635001,752.882633467,8641.899678168,-4.88235294117647,0.44420184602881485,0.5557606982834515,1.5822864932696566e-05,2.1632822800735442e-05,8.898745716415414,0.9401895856572274,168.3542664613503,4.25446105505856,14.150718233511162,2.4941439136227928e-08,1.231164771908766e-05,5.862420331796273e-09,8.700361921102093e-07,GOOD,0,0
SAN JOAQUIN VALLEY - MODESTO,Onions & Garlic,San Joaquin River,99.27299873,1186.0,5.6,1.480822037,0.178481578,0.383051703,0.272440319,0.41,0.17,887.6914461,1905.136225,1355.002253,10,14.80822037,6625.957806029999,404.37635190208124,6625.957806029999,752.882633467,5873.075172563,-4.88235294117647,0.9849365579000398,0.014966007029527542,5.6938404143022084e-05,4.0496666289657135e-05,5.585283990212631,0.02456885982539416,20856.379526074186,99.27299822154299,147.00546497490916,5.084570062763305e-07,0.0001792235478603743,5.1218056549215166e-09,1.2191609977806243e-06,GOOD,0,0
SAN JOAQUIN VALLEY - MODESTO,Other Deciduous,San Joaquin River,21886.36384,2036.076891,1.817808306,3.445837194,0.215021845,0.341552948,0.346579073,0.13,0.17,2284.866179,4950.948854,6009.195442,10,34.45837194,3665.8359583084566,99.68319818011958,3665.8359583084566,752.882633467,2912.95332484146,-4.88235294117647,0.20210097434414595,0.7978610905172883,1.882902991655231e-05,1.9106108649274395e-05,1.312694991569738,0.00035146576875639163,3782.298195675944,21886.363627106508,75416.75078023034,0.00021289349388098344,0.0957810583349783,9.727220813714821e-09,1.2700220534564559e-06,GOOD,0,0
SAN JOAQUIN VALLEY - MODESTO,Pasture,San Joaquin River,13811.47352,344.0,5.0,4.600187047,0.350906068,0.190014026,0.155066311,0.51,0.17,328.209843,177.7241242,145.0367898,10,46.00187047,1673.302143125,35.078595629775094,1673.302143125,752.882633467,920.419509658,-4.88235294117647,0.020696713838534903,0.9792990188319909,2.3497498022820075e-06,1.917579671791441e-06,2.2722908485157776,0.00014196778576059497,912859.0817010747,13811.47120388119,63535.26942525038,0.0023161188091762597,0.09216143711819313,1.6769527203758195e-07,1.4505534369620024e-06,GOOD,0,0
SAN JOAQUIN VALLEY - MODESTO,Rice,San Joaquin River,203.7318799,579.0,4.7,4.833919598,0.381523094,0.545092624,0.07948555,0.2,0.17,851.2633133,1216.2235,177.3500304,10,48.33919598,2671.9547027520002,52.52201182797272,2671.9547027520002,752.882633467,1919.072069285,-4.88235294117647,0.024591463255010052,0.9754027892304865,5.016069873254596e-06,7.314446300672596e-07,2.208587156063502,0.024542059899777126,526.9800752450842,203.7318731113443,984.8222478304117,6.788655696254864e-06,0.0012791555805051757,3.3321518947290014e-08,1.2988678128151279e-06,GOOD,0,0
SAN JOAQUIN VALLEY - MODESTO,Truck Crops,San Joaquin River,1197.385017,941.3417143,19.25504037,2.667732673,0.139554281,0.396137579,0.419814805,0.404187097,0.17,7441.94487,27484.23099,27982.75263,10,26.67732673,18097.939877416506,624.7079318292565,18097.939877416506,752.882633467,17345.0572439495,-4.88235294117647,0.8492572139702304,0.15070449724609053,1.8588861760725373e-05,1.9699921918417335e-05,18.627103579363602,0.00206625413291453,707142.2125975866,1197.385012513226,3194.2991311388555,4.486774059841991e-06,0.004000872705091751,3.7471439813765356e-09,1.2525025145538603e-06,GOOD,0,0
SAN JOAQUIN VALLEY - MODESTO,Vineyard,San Joaquin River,3833.343383,1630.308163,11.30505992,3.098484515,0.302297005,0.200476183,0.304083218,0.13,0.17,2773.231975,2743.166444,4105.247296,10,30.984845149999998,18398.939769224125,552.1276538250091,18398.939769224125,752.882633467,17646.0571357571,-4.88235294117647,0.7037009801607317,0.2962797223625704,7.667450972609297e-06,1.1630025725341473e-05,10.523667736734915,0.0020066837023840116,4012.817544611673,3833.343377564959,11877.540245860411,5.435040748125175e-06,0.014867042802507058,1.4178329998372534e-09,1.251692175804447e-06,GOOD,0,0
SAN JOAQUIN VALLEY - PLEASANT VALLEY,Almonds & Pistachios,Tulare Lake,314.5554369,4618.0,1.5,3.767767793,0.287448101,0.299096541,0.094248449,0.4,0.17,2039.310074,2110.873995,639.9084906,10,37.67767793,6888.641528979,171.98659596028054,6888.641528979,6888.641528979,0.0,-4.88235294117647,0.2196392579145001,0.780348201093715,9.536074842490127e-06,3.004916942361476e-06,1.100907933551718,0.007947724651139227,2.968796480845016,314.5554146870175,1185.137212924268,2.2212982514702162e-05,0.034631340595979054,7.061706748296921e-08,2.9220522545791757e-05,GOOD,0,0
SAN JOAQUIN VALLEY - PLEASANT VALLEY,Truck Crops,Tulare Lake,233.7790792,941.0,19.4,1.84535452,0.139554281,0.396137579,0.419814805,0.41,0.17,7441.94487,27484.23099,27982.75263,10,18.4535452,18235.990948135,895.7725168145524,18235.990948135,6888.641528979,11347.349419156,-4.88235294117647,0.9802064540366586,0.019749687876622967,2.129270853654033e-05,2.2565378181880375e-05,19.32490382299289,0.010433031041914988,94893.05660257372,233.77910689500794,431.39281419849107,-2.7695007929651183e-05,0.01246628466697075,1.1846657974881433e-07,2.8896921829535722e-05,GOOD,0,0
SAN JOAQUIN VALLEY - TRACY,Alfalfa,San Joaquin River,28169.01882,280.9723808,6.693371386,4.134965358,0.306290873,0.200481491,0.157957374,1.86,0.17,739.7198673,484.1807412,381.4811931,10,41.349653579999995,1838.6381105850157,42.6305820005602,1838.6381105850157,405.229182703697,1433.40892788132,-4.88235294117647,0.04166552702925151,0.9583263517115055,4.5423705988622e-06,3.5788886442942538e-06,3.5070628715457652,1.9086018296825806e-05,43878917.25507476,28169.012444764863,116477.79416212543,0.006375235137966229,0.12282742460956797,2.2632080935100985e-07,1.0545125443871699e-06,GOOD,0,0
SAN JOAQUIN VALLEY - TRACY,Almonds & Pistachios,San Joaquin River,4535.941645,4853.16226,1.201030419,3.753630493,0.287448101,0.299096541,0.094248449,0.4,0.17,2039.310074,2110.873995,639.9084906,10,37.53630493,5790.578404581787,145.25524174944667,5790.578404581787,405.229182703697,5385.34922187809,-4.88235294117647,0.1947727706097968,0.805213999435399,1.0059957086277166e-05,3.1699977178545243e-06,0.8602336406843821,0.0005511534749914094,802099.5942209079,4535.9415923503375,17026.23479641363,5.2649662393378094e-05,0.014076726951316232,1.1607217754093945e-08,8.26766192377388e-07,GOOD,0,0
SAN JOAQUIN VALLEY - TRACY,Citrus & Subtropical,San Joaquin River,1108.464658,933.0,3.6,3.247465856,0.183365181,0.131883505,0.371008972,0.13,0.17,2549.235389,1743.692937,5418.931559,10,32.474658559999995,3325.639083782,96.46467913696485,3325.639083782,405.229182703697,2920.4099010783,-4.88235294117647,0.24567046191046238,0.7542923906383399,9.741915597996872e-06,2.740553559994924e-05,2.7059059583747125,0.006939605730133879,192.0478717519918,1108.4646514793753,3599.6981655249297,6.520624765471439e-06,0.0029639127878908766,5.882573448247403e-09,8.23377464215716e-07,GOOD,0,0
SAN JOAQUIN VALLEY - TRACY,Corn,San Joaquin River,18796.9131,60.24042741,27.06737714,2.415829265,0.234536008,0.556552162,0.088672787,0.3,0.17,423.9938724,1022.014707,159.5840787,10,24.15829265,1605.5123141742636,62.02179836129432,1605.5123141742636,405.229182703697,1200.28313147057,-4.88235294117647,0.47250606766326564,0.5273040688452533,0.00016377069242655456,2.6092799054444035e-05,23.28745569903604,0.0001773340822293493,241506.08131549248,18796.912665321237,45410.09437487252,0.0004346787645772565,0.03838376935891574,2.3125007934268552e-08,8.452688205720128e-07,GOOD,0,0
SAN JOAQUIN VALLEY - TRACY,Cucurbits,San Joaquin River,3724.29074,203.0,12.0,2.299627126,0.087908733,0.228781824,0.653570009,0.05,0.17,920.9338517,2396.72349,6846.813993,10,22.99627126,2412.033468174,96.80165727955502,2412.033468174,405.229182703697,2006.8042854703,-4.88235294117647,0.6425633489870284,0.3572016019170905,6.094503221280849e-05,0.00017410406366823324,10.982847987298127,0.005370150022175766,0.0007702788746765497,3724.29073192733,8564.472990420909,8.072669970715651e-06,0.007020393702987349,2.1675724411128147e-09,8.197104429133466e-07,GOOD,0,0
SAN JOAQUIN VALLEY - TRACY,Dry Beans,San Joaquin River,3482.230412,1752.0,1.3,2.212101358,0.272510229,0.483520066,0.106180731,1.68,0.17,521.9411016,903.6303871,214.6292221,10,22.12101358,2254.6167753939994,94.37939603029335,2254.6167753939994,405.229182703697,1849.3875926903,-4.88235294117647,0.6786263659239458,0.32119615906147053,0.00014551910257102867,3.195591201266878e-05,1.2032323525443374,0.00017093587293559462,5966918.343160306,3482.230150019516,7703.0397445724175,0.00026198048408332397,0.006878681681882881,7.523352940130602e-08,8.929819613342843e-07,GOOD,0,0
SAN JOAQUIN VALLEY - TRACY,Grain,San Joaquin River,11880.98689,164.6446507,2.495353159,0.466656841,0.351483763,0.486359995,0.112954365,0.74,0.17,345.3012994,477.8051109,110.9675411,10,4.66656841,405.22918270369655,69.65584772612395,405.22918270369655,405.229182703697,0.0,-4.88235294117647,0.9982468929156623,0.0002780276557209193,0.001197067301251878,0.000278012127364977,2.501056016895058,0.00011374066513689683,800.02778204801,11880.995197383178,5544.343145731204,-0.00830738317745272,0.0006643186106884968,6.992165932313995e-07,1.198191586683958e-07,GOOD,0,0
SAN JOAQUIN VALLEY - TRACY,Onions & Garlic,San Joaquin River,989.7199034,659.0,5.9,1.480822037,0.178481578,0.383051703,0.272440319,0.41,0.17,887.6914461,1905.136225,1355.002253,10,14.80822037,3872.45780603,236.7284530580707,3872.45780603,405.229182703697,3467.2286233263,-4.88235294117647,0.9744993544665035,0.025335699356046005,9.639005823894713e-05,6.855611921152933e-05,5.873659166729012,0.002464358230914711,122756.97039245794,989.7198977846509,1465.5978448904111,5.6153490959331975e-06,0.001198521820242604,5.673675023249206e-09,8.177692429794346e-07,GOOD,0,0
SAN JOAQUIN VALLEY - TRACY,Other Deciduous,San Joaquin River,3254.963336,1770.418285,2.200134409,3.445837194,0.215021845,0.341552948,0.346579073,0.13,0.17,2284.866179,4950.948854,6009.195442,10,34.45837194,3859.7966613452686,104.90708133765388,3859.7966613452686,405.229182703697,3454.56747864157,-4.88235294117647,0.21054233590063381,0.789420130295067,1.8629828458507048e-05,1.8903975840660558e-05,1.6019994142189136,0.0023632547891493955,667.0883873882035,3254.963318654897,11216.06450394406,1.7345102605759166e-05,0.009224351058946922,5.328816584175241e-09,8.224224699661505e-07,GOOD,0,0
SAN JOAQUIN VALLEY - TRACY,Pasture,San Joaquin River,3501.584012,276.0,5.0,4.600187047,0.350906068,0.190014026,0.155066311,0.51,0.17,328.209843,177.7241242,145.0367898,10,46.00187047,1333.302143125,28.144454633191646,1333.302143125,405.229182703697,928.072960421303,-4.88235294117647,0.016561843137045715,0.983433871515716,2.359671051143909e-06,1.925676187053572e-06,2.1739416021473135,0.0005599706609939508,233358.28005249263,3501.58363381264,16107.926180478382,0.00037818735972905415,0.01523550631100079,1.0800465116158812e-07,9.458381997765312e-07,GOOD,0,0
SAN JOAQUIN VALLEY - TRACY,Rice,San Joaquin River,964.7852889,579.0,4.7,4.833919598,0.381523094,0.545092624,0.07948555,0.2,0.17,851.2633133,1216.2235,177.3500304,10,48.33919598,2671.9547027520002,52.52201182797272,2671.9547027520002,405.229182703697,2266.7255200483,-4.88235294117647,0.02459146325501001,0.9754027892304866,5.016069873254593e-06,7.314446300672593e-07,2.2085871560635018,0.005182500249045826,2947.5439197052947,964.78527121833,4663.690586000248,1.768166998772358e-05,0.003929875553694728,1.8327051822984718e-08,8.426528668026901e-07,GOOD,0,0
SAN JOAQUIN VALLEY - TRACY,Safflower,San Joaquin River,2093.780512,574.0,1.3,2.40565496,0.396694215,0.424242424,0.112947658,0.74,0.17,212.2655769,227.006242,60.43672676,10,24.0565496,721.2095661029999,28.437548127244778,721.2095661029999,405.229182703697,315.980383399303,-4.88235294117647,0.29212769314774,0.7076548363173352,0.00017174596102299635,4.572457390189418e-05,1.0173338142640562,0.0006454121354203108,126906.37768529344,2093.780061192363,5036.908175073489,0.00045080763675287017,0.005298770650369988,2.1530797243033571e-07,1.0519876265267669e-06,GOOD,0,0
SAN JOAQUIN VALLEY - TRACY,Sunflowers,San Joaquin River,93.89009925,3640.0,0.6,2.945560199,0.386904762,0.388227513,0.177248677,0.74,0.17,734.0697039,736.5793439,336.2917618,10,29.455601989999998,2153.592017058,68.40309020060222,2153.592017058,405.229182703697,1748.3628343543,-4.88235294117647,0.27243338400795225,0.7274950950544669,4.910267879604622e-05,2.2418258784650187e-05,0.46101269514105525,0.01439290577117322,31455.366201722813,93.89009457364925,276.55870005681174,4.676350755516978e-06,0.00023937414800911938,4.980664407506181e-08,8.655447858660768e-07,GOOD,0,0
SAN JOAQUIN VALLEY - TRACY,Tomato Processing,San Joaquin River,11233.71553,101.0,43.3,2.379660861,0.124471553,0.533148968,0.188806686,0.74,0.17,657.2463564,2815.18314,996.9547547,10,23.79660861,4348.656964182999,169.0151996684743,4348.656964182999,405.229182703697,3943.4277814793,-4.88235294117647,0.7260896951426212,0.27378976429481755,8.901665382850108e-05,3.152390873270621e-05,40.599074135231554,0.00012029424705855547,8487080.20778356,11233.71533856047,26732.410944648134,0.00019143952886224724,0.022225700737180887,1.7041514746479186e-08,8.314133096508862e-07,GOOD,0,0
SAN JOAQUIN VALLEY - TRACY,Truck Crops,San Joaquin River,1526.255061,5242.988121,9.483953577,2.667732673,0.139554281,0.396137579,0.419814805,0.291635143,0.17,7441.94487,27484.23099,27982.75263,10,26.67732673,49696.62311093146,1713.7741018357074,49696.62311093146,405.229182703697,49291.3939282278,-4.88235294117647,0.9392845966612278,0.06069998157959127,7.4871260452107615e-06,7.93463313582925e-06,9.364119733976422,0.002246637616584517,711326.0272949411,1526.255060056007,4071.637192719598,9.439929726795526e-07,0.0033008417108248977,6.1850276326753e-10,8.106908544712349e-07,GOOD,0,0
SAN JOAQUIN VALLEY - TRACY,Vineyard,San Joaquin River,1688.838318,1689.181611,10.69211111,3.098484515,0.302297005,0.200476183,0.304083218,0.13,0.17,2773.231975,2743.166444,4105.247296,10,30.984845149999998,18029.125768224796,541.049171289082,18029.125768224796,405.229182703697,17623.8965855211,-4.88235294117647,0.699450007681827,0.3005304179825021,7.777455126809987e-06,1.1796880544213968e-05,9.94081204278504,0.004554792255908355,1765.6882524681234,1688.8383164420682,5232.835127433806,1.5579319097014377e-06,0.0042492278407735284,9.22487305680281e-10,8.120310093455181e-07,GOOD,0,0
SAN JOAQUIN VALLEY - TULARE LAKE,Alfalfa,Tulare Lake,18083.59504,284.9413611,8.401675396,4.524530937,0.306290873,0.200481491,0.157957374,1.86,0.17,739.7198673,484.1807412,381.4811931,10,45.24530937,2348.0747837486215,49.6620257764154,2348.0747837486215,721.343037923,1626.73174582562,-4.88235294117647,0.03165776195862511,0.9683374060435413,2.702625816472679e-06,2.129372017063811e-06,4.158590503548681,2.9730504770369517e-05,31967138.760177385,18083.592906861235,81819.70814663472,0.0021331387652026024,0.07706402502662968,1.1795988355657196e-07,9.418751812683753e-07,GOOD,0,0
SAN JOAQUIN VALLEY - TULARE LAKE,Almonds & Pistachios,Tulare Lake,4420.466863,5200.772596,1.423360536,3.767767793,0.287448101,0.299096541,0.094248449,0.4,0.17,2039.310074,2110.873995,639.9084906,10,37.67767793,7364.215998835671,183.79436760691888,7364.215998835671,721.343037923,6642.87296091267,-4.88235294117647,0.23129490931512453,0.7686927370082907,9.39364178800653e-06,2.960034796862469e-06,1.0557048830727107,0.000565551123327129,964198.9743106017,4420.466845114111,16655.279079041735,1.788588906492805e-05,0.013597393408417702,4.046153860949789e-09,8.164007485534054e-07,GOOD,0,0
SAN JOAQUIN VALLEY - TULARE LAKE,Citrus & Subtropical,Tulare Lake,1166.44997,1745.0,11.8,3.608433712,0.183365181,0.131883505,0.371008972,0.13,0.17,2549.235389,1743.692937,5418.931559,10,36.08433712,20554.229405222,533.3195263463408,20554.229405222,721.343037923,19832.886367299,-4.88235294117647,0.5198769972142739,0.48011028326735383,3.3356925020120336e-06,9.383825870260215e-06,10.324075435326245,0.0065946314802577365,1372.3744485062805,1166.4499695442123,4209.053987586916,4.557875854516169e-07,0.0034075224721163977,3.9074765071288653e-10,8.095690203881955e-07,GOOD,0,0
SAN JOAQUIN VALLEY - TULARE LAKE,Corn,Tulare Lake,39184.04013,74.99375865,25.68926191,2.280437339,0.234536008,0.556552162,0.088672787,0.3,0.17,423.9938724,1022.014707,159.5840787,10,22.804373390000002,1902.8501732281782,77.46935360867157,1902.8501732281782,721.343037923,1181.50713530518,-4.88235294117647,0.5984285966814121,0.40136851110948124,0.0001750088830356591,2.788332607093333e-05,23.182956075760654,8.50686484158961e-05,495569.69936200004,39184.04016505505,89356.67518882542,-3.505504719214514e-05,0.07301650100271218,8.94625645437372e-10,8.17134715275592e-07,GOOD,0,0
SAN JOAQUIN VALLEY - TULARE LAKE,Cotton,Tulare Lake,83032.24488,3907.0,0.8,3.749301711,0.148539114,0.445240339,0.078228087,0.68,0.17,378.6944542,1135.122209,199.4393382,10,37.493017110000004,3087.4349753500005,77.99711730991649,3087.4349753500005,721.343037923,2366.091937427,-4.88235294117647,0.11492405121864908,0.8850564645756869,1.6572450035485928e-05,2.9117556286362143e-06,0.5149114890212513,1.771104993511188e-05,30700554.23246323,83032.24329744084,311312.67715279246,0.0015825591544853523,0.2606439625378698,1.9059573263043788e-08,8.372410230763839e-07,GOOD,0,0
SAN JOAQUIN VALLEY - TULARE LAKE,Dry Beans,Tulare Lake,262.183558,1524.0,1.4,1.919782133,0.272510229,0.483520066,0.106180731,1.68,0.17,521.9411016,903.6303871,214.6292221,10,19.19782133,2113.5399676439997,101.29594827857912,2113.5399676439997,721.343037923,1392.196929721,-4.88235294117647,0.8199269790024304,0.17984428188373577,0.00018755265717863498,4.1186456655182244e-05,1.3467790133518838,0.0022703105403661327,338214.1606025783,262.18356455527737,503.33491483364037,-6.55527736626027e-06,0.00039538112883974463,2.500262570340231e-08,7.855223363348751e-07,GOOD,0,0
SAN JOAQUIN VALLEY - TULARE LAKE,Grain,Tulare Lake,26236.62834,281.9550916,2.699654551,0.715524558,0.351483763,0.486359995,0.112954365,0.74,0.17,345.3012994,477.8051109,110.9675411,10,7.155245580000001,753.0753025125618,89.43137268987311,753.0753025125618,721.343037923,31.7322645895619,-4.88235294117647,0.9973588254226144,0.0018478241456823415,0.0006438255742719703,0.00014952485743127523,2.7038574704271,5.150628860687484e-05,161265.10708314105,26236.67550337366,18772.970325950166,-0.047163373659714125,-0.01842956139080343,1.7976156481894245e-06,9.81708230677808e-07,GOOD,0,0
SAN JOAQUIN VALLEY - TULARE LAKE,Lettuce,Tulare Lake,15.51782861,625.0,20.3,2.300762612,0.164570286,0.334656366,0.457537993,0.25,0.17,2859.243032,5814.317411,7949.261967,10,23.00762612,12663.535609235001,504.22034308425,12663.535609235001,721.343037923,11942.192571312,-4.88235294117647,0.9039500214500331,0.09599343077185632,2.3888170513804166e-05,3.265960759679001e-05,19.89209783269572,0.2577680228677303,848.5610373713562,15.51782861110527,35.7028135676517,-1.1052687654000692e-09,2.63176602288695e-05,7.122573609865827e-11,7.371307244300341e-07,GOOD,0,0
SAN JOAQUIN VALLEY - TULARE LAKE,Onions & Garlic,Tulare Lake,1309.335112,1960.0,16.2,1.253629891,0.178481578,0.383051703,0.272440319,0.41,0.17,887.6914461,1905.136225,1355.002253,10,12.536298910000001,31738.62972749,2261.734005599561,31738.62972749,721.343037923,31017.286689567,-4.88235294117647,0.9987899112299312,0.0011894610636294912,1.2054270403465744e-05,8.573436035689588e-06,16.1973614453029,0.0018627961382004874,1452734.1320343614,1309.335112906208,1641.4203100561317,-9.062080152943963e-07,0.0013236829011020745,6.921131244316592e-10,8.06424671086384e-07,GOOD,0,0
SAN JOAQUIN VALLEY - TULARE LAKE,Other Deciduous,Tulare Lake,1077.375193,2023.242772,4.709956079,3.502172688,0.215021845,0.341552948,0.346579073,0.13,0.17,2284.866179,4950.948854,6009.195442,10,35.02172688,9493.459712528209,252.62726517352115,9493.459712528209,721.343037923,8772.11667460521,-4.88235294117647,0.3735325543612168,0.6264403708001424,1.3438541838190227e-05,1.3636296802660548e-05,3.8526134844459805,0.007139859672179859,560.6587245001996,1077.3751921289052,3773.150913825535,8.710949259693734e-07,0.003061827793771954,8.085344192339998e-10,8.114770331475255e-07,GOOD,0,0
SAN JOAQUIN VALLEY - TULARE LAKE,Pasture,Tulare Lake,1467.579452,186.0,4.5,4.768194291,0.350906068,0.190014026,0.155066311,0.51,0.17,328.209843,177.7241242,145.0367898,10,47.681942910000004,788.622070685,16.47740753748416,788.622070685,721.343037923,67.279032762,-4.88235294117647,0.008003015055035978,0.9919934845929701,1.9274235690610624e-06,1.5729284247087775e-06,1.6943954767799068,0.0013360668896347358,7124.4769463947905,1467.5781818986588,6997.691912780484,0.0012701013411060558,0.01205183482488792,8.654395776495621e-07,1.722255597811711e-06,GOOD,0,0
SAN JOAQUIN VALLEY - TULARE LAKE,Safflower,Tulare Lake,12578.83304,574.0,1.3,2.392307778,0.396694215,0.424242424,0.112947658,0.74,0.17,212.2655769,227.006242,60.43672676,10,23.92307778,721.343037923,28.5902462443004,721.343037923,721.343037923,0.0,-4.88235294117647,0.2989777806928175,0.7007996904766709,0.00017574071754027955,4.6788112971497866e-05,1.0221362177096567,0.00010743058176017825,955.9683294611974,12578.790924397797,30092.314237261555,0.04211560220210231,0.12588249383043149,3.3481326978565503e-06,4.183193298033378e-06,GOOD,0,0
SAN JOAQUIN VALLEY - TULARE LAKE,Tomato Processing,Tulare Lake,17828.3199,99.0,56.1,2.220206136,0.124471553,0.533148968,0.188806686,0.74,0.17,657.2463564,2815.18314,996.9547547,10,22.20206136,5530.851511433,229.49134196164977,5530.851511433,721.343037923,4809.50847351,-4.88235294117647,0.8352232670837183,0.16466771162205124,8.050991800815416e-05,2.851137622243566e-05,54.11459799113014,7.579802016853823e-05,16427430.431169793,17828.319917523968,39582.51315207937,-1.752396929077804e-05,0.03208447152428562,9.829288115240765e-10,8.105712084087638e-07,GOOD,0,0
SAN JOAQUIN VALLEY - TULARE LAKE,Truck Crops,Tulare Lake,229.5767608,1691.50482,16.15265637,1.84535452,0.139554281,0.396137579,0.419814805,0.395958301,0.17,7441.94487,27484.23099,27982.75263,10,18.4535452,27302.887053793707,1340.6751946119145,27302.887053793707,721.343037923,26581.5440158707,-4.88235294117647,0.9866920979572348,0.013278414697601578,1.43158421413842e-05,1.5171503022176016e-05,16.110721889256755,0.011000758329465284,193348.6424666002,229.5767608829965,423.65017327289524,-8.299650744447717e-08,0.0003399563435664277,3.6151963794271456e-10,8.024452536954112e-07,GOOD,0,0
SAN JOAQUIN VALLEY - TULARE LAKE,Vineyard,Tulare Lake,4403.226291,1268.380095,12.87183065,4.00891598,0.302297005,0.200476183,0.304083218,0.13,0.17,2773.231975,2743.166444,4105.247296,10,40.089159800000004,16285.477766464912,380.206407727956,16285.477766464912,721.343037923,15564.1347285419,-4.88235294117647,0.31597710218855984,0.6840131083376297,3.8896437944813276e-06,5.899830015716195e-06,10.171419956893919,0.001746970785496632,4065.5657626388397,4403.226288106904,17652.149927844483,2.8930962798767723e-06,0.014313701547507662,6.570401084745822e-10,8.108751624811545e-07,GOOD,0,0
SAN JOAQUIN VALLEY - TULE,Alfalfa,Tulare Lake,13584.59821,287.8871608,8.995486432,4.524530937,0.306290873,0.200481491,0.157957374,1.86,0.17,739.7198673,484.1807412,381.4811931,10,45.24530937,2543.775009815402,53.72172973885812,2543.775009815402,692.527378595856,1851.24763121955,-4.88235294117647,0.03420569262557647,0.9657894880906853,2.6955145876854122e-06,2.1237691505869756e-06,4.522307845731415,3.9576761880699786e-05,27327786.087246343,13584.592818333562,61463.80013433429,0.0053916664382995805,0.13473352552682627,3.968955397098624e-07,2.192074520065912e-06,GOOD,0,0
SAN JOAQUIN VALLEY - TULE,Almonds & Pistachios,Tulare Lake,6873.960749,5148.487495,1.370159737,3.767767793,0.287448101,0.299096541,0.094248449,0.4,0.17,2039.310074,2110.873995,639.9084906,10,37.67767793,7015.89180107599,175.1460215605376,7015.89180107599,692.527378595856,6323.36442248013,-4.88235294117647,0.22279247576490036,0.7771950339179283,9.497542251350637e-06,2.9927749197934252e-06,1.008532785631902,0.00036369134059482244,1427245.846012472,6873.960611352061,25899.441477531625,0.00013764793857262703,0.04644289673160529,2.0024545323837e-08,1.793197490015747e-06,GOOD,0,0
SAN JOAQUIN VALLEY - TULE,Citrus & Subtropical,Tulare Lake,1470.5494,938.0,16.9,3.608433712,0.183365181,0.131883505,0.371008972,0.13,0.17,2549.235389,1743.692937,5418.931559,10,36.08433712,15815.429405221998,410.58170052680606,15815.429405221998,692.527378595856,15122.9020266261,-4.88235294117647,0.4544942369956156,0.5454913113523402,3.7899443952910635e-06,1.066170764898991e-05,14.3862451059317,0.00523090736857102,1319.2788226901155,1470.5493962073788,5306.370640229368,3.792621328102541e-06,0.009389892004946887,2.5790506106782547e-09,1.769547592077025e-06,GOOD,0,0
SAN JOAQUIN VALLEY - TULE,Corn,Tulare Lake,54910.04155,76.34955367,24.98992811,2.280437339,0.234536008,0.556552162,0.088672787,0.3,0.17,423.9938724,1022.014707,159.5840787,10,22.804373390000002,1884.285723096887,76.72284421814756,1884.285723096887,692.527378595856,1191.75834450103,-4.88235294117647,0.5960706077336737,0.4037253086935353,0.00017603651849113194,2.8047054299980793e-05,22.534175286641705,6.070535077446747e-05,700484.3155792535,54910.03930774516,125218.68038334494,0.0022422548427130096,0.22865331650245935,4.0835060025792485e-08,1.8260286586230719e-06,GOOD,0,0
SAN JOAQUIN VALLEY - TULE,Cotton,Tulare Lake,2357.000421,3759.706915,0.8,3.749301711,0.148539114,0.445240339,0.078228087,0.68,0.17,378.6944542,1135.122209,199.4393382,10,37.493017110000004,2969.6005073500005,75.05664225752732,2969.6005073500005,692.527378595856,2277.07312875414,-4.88235294117647,0.11102504358487886,0.8889553863760697,1.6645456323011415e-05,2.9245827283211127e-06,0.5113346987654117,0.0006239236201197597,838697.8400502342,2357.0001995439593,8837.089101581307,0.0002214560408901889,0.016609701715424308,9.39567252161254e-08,1.8795409105740816e-06,GOOD,0,0
SAN JOAQUIN VALLEY - TULE,Cucurbits,Tulare Lake,42.92299144,485.0,17.3,2.442132231,0.087908733,0.228781824,0.653570009,0.05,0.17,920.9338517,2396.72349,6846.813993,10,24.42132231,8365.108417124,314.7087135125156,8365.108417124,692.527378595856,7672.58103852814,-4.88235294117647,0.8140588845501447,0.18585524940189027,2.226389784482523e-05,6.360215012018396e-05,16.59645585432496,0.46595074874865244,3.394038841420561e-05,42.92299139008994,104.82344034561049,4.991005653209868e-08,0.00018050095060573312,1.1627814105609476e-09,1.7219492052268173e-06,GOOD,0,0
SAN JOAQUIN VALLEY - TULE,Grain,Tulare Lake,35844.58548,269.4053907,2.600665935,0.715524558,0.351483763,0.486359995,0.112954365,0.74,0.17,345.3012994,477.8051109,110.9675411,10,7.155245580000001,692.5273785958557,82.31758308334278,692.5273785958557,692.527378595856,0.0,-4.88235294117647,0.9971286864007188,0.0020088344950789446,0.0006999253827446647,0.0001625537214575092,2.6050663838080013,3.770029233858367e-05,2413.66011809434,35844.594785396395,25647.642138955733,-0.009305396393756382,0.03904331448575249,2.596039616345532e-07,1.5222941289812363e-06,GOOD,0,0
SAN JOAQUIN VALLEY - TULE,Lettuce,Tulare Lake,209.2979517,703.0,19.4,2.300762612,0.164570286,0.334656366,0.457537993,0.25,0.17,2859.243032,5814.317411,7949.261967,10,23.00762612,13614.235609235,542.0025917676152,13614.235609235,692.527378595856,12921.7082306391,-4.88235294117647,0.9100539493178463,0.0898930964869243,2.2370089282433217e-05,3.058410594680067e-05,19.035893004209264,0.01911151049262753,12383.759833070188,209.29795103495334,481.54405473103157,6.650466559676715e-07,0.0008473085102878031,3.1775115359032515e-09,1.7595628293417727e-06,GOOD,0,0
SAN JOAQUIN VALLEY - TULE,Other Deciduous,Tulare Lake,8901.423427,1988.276685,2.021748823,3.502172688,0.215021845,0.341552948,0.346579073,0.13,0.17,2284.866179,4950.948854,6009.195442,10,35.02172688,3983.8711669510913,106.56617666599237,3983.8711669510913,692.527378595856,3291.34378835524,-4.88235294117647,0.20014162562967666,0.799823805875867,1.7158002867399065e-05,1.741049158888978e-05,1.4568719104008816,0.0008641660241636421,1738.1115587321494,8901.423325393947,31174.26618803165,0.00010160605233977549,0.05582233111272217,1.1414584776585473e-08,1.7906510073953197e-06,GOOD,0,0
SAN JOAQUIN VALLEY - TULE,Pasture,Tulare Lake,1125.608642,334.6865665,5.0,4.768194291,0.350906068,0.190014026,0.155066311,0.51,0.17,328.209843,177.7241242,145.0367898,10,47.681942910000004,1625.054903185,32.943649662734735,1625.054903185,692.527378595856,932.527524589144,-4.88235294117647,0.0163487335714877,0.9836477955251488,1.9112080615408957e-06,1.5596953019489605e-06,2.1659446539680607,0.001741976954122826,75374.56850873891,1125.6083833286013,5367.109727772784,0.0002586713985692768,0.010972911878525338,2.2980580364918414e-07,2.0444689975251657e-06,GOOD,0,0
SAN JOAQUIN VALLEY - TULE,Potatoes,Tulare Lake,552.8060553,445.0,24.0,1.233512156,0.150675135,0.475005897,0.095288578,0.41,0.17,793.9256634,2502.863999,502.0871398,10,12.33512156,10666.943908829999,779.0561845033877,10666.943908829999,692.527378595856,9974.41653023414,-4.88235294117647,0.9967354800538919,0.003211231514770359,4.438464729528437e-05,8.903784042494095e-06,23.989872150551374,0.004412079728251672,197240.40025614196,552.8060540825802,681.8917884913465,1.2174198218417587e-06,0.0012006316118231553,2.2022548598551115e-09,1.7607331809752022e-06,GOOD,0,0
SAN JOAQUIN VALLEY - TULE,Safflower,Tulare Lake,183.5472792,574.0,1.3,2.392307778,0.396694215,0.424242424,0.112947658,0.74,0.17,212.2655769,227.006242,60.43672676,10,23.92307778,721.343037923,28.5902462443004,721.343037923,692.527378595856,28.8156593271443,-4.88235294117647,0.29897778069281755,0.7007996904766707,0.00017574071754027952,4.678811297149785e-05,1.0221362177096567,0.007362415597993519,1027.2160202043315,183.54647147972648,439.09885637342546,0.0008077202735137234,0.0027272874721688822,4.4006115319944415e-06,6.2110627099789014e-06,GOOD,0,0
SAN JOAQUIN VALLEY - TULE,Tomato Processing,Tulare Lake,298.9744662,97.0,54.6,2.220206136,0.124471553,0.533148968,0.188806686,0.74,0.17,657.2463564,2815.18314,996.9547547,10,22.20206136,5273.1515114329995,218.84298336255412,5273.1515114329995,692.527378595856,4580.62413283714,-4.88235294117647,0.8285513714289588,0.17133519294787963,8.376980648037272e-05,2.9665816681127847e-05,52.58340966375892,0.004519955729086779,262372.21507557103,298.9744586695746,663.7837569335375,7.530425421009568e-06,0.001187431027119601,2.5187520247873154e-08,1.7888791199630448e-06,GOOD,0,0
SAN JOAQUIN VALLEY - TULE,Truck Crops,Tulare Lake,1326.977947,7005.218537,6.856128846,1.84535452,0.139554281,0.396137579,0.419814805,0.26542918,0.17,7441.94487,27484.23099,27982.75263,10,18.4535452,48009.271832194616,2356.7148544976867,48009.271832194616,692.527378595856,47316.7444535988,-4.88235294117647,0.992388085563885,0.007595048130095412,8.188440605511476e-06,8.677865414169358e-06,6.84596984341084,0.0028391453658142447,385151.2438973656,1326.977946128418,2448.7404348807404,8.715821877558483e-07,0.004317556030400738,6.568173870005153e-10,1.763171121083279e-06,GOOD,0,0
SAN JOAQUIN VALLEY - TULE,Vineyard,Tulare Lake,11365.45815,1461.444403,11.91249752,4.00891598,0.302297005,0.200476183,0.304083218,0.13,0.17,2773.231975,2743.166444,4105.247296,10,40.089159800000004,17368.556810149377,405.42900755118103,17368.556810149377,692.527378595856,16676.0294315535,-4.88235294117647,0.3300552711673163,0.6699351408402375,3.809589365337092e-06,5.778403080780327e-06,9.497465954342616,0.0006768145719059898,11243.56516191562,11365.458119735107,45563.08612705739,3.0264893212006427e-05,0.08067049885721644,2.662883696598401e-09,1.7705200170929112e-06,GOOD,0,0
SAN JOAQUIN VALLEY - TURLOCK,Alfalfa,San Joaquin River,9325.289857,280.2949278,7.055760835,4.134965358,0.306290873,0.200481491,0.157957374,1.86,0.17,739.7198673,484.1807412,381.4811931,10,41.349653579999995,1935.6795905023926,44.830315752800544,1935.6795905023926,803.159801351657,1132.51978915074,-4.88235294117647,0.043767992964612375,0.9562239035931713,4.532405206069551e-06,3.571037010367582e-06,3.733554776941297,5.7653372371967284e-05,11477488.490382819,9325.286006961125,38559.688519725685,0.0038500388745887903,0.061992278082470875,4.1285996828278433e-07,1.6076939622099602e-06,GOOD,0,0
SAN JOAQUIN VALLEY - TURLOCK,Almonds & Pistachios,San Joaquin River,92745.52847,4785.512244,1.050029504,3.753630493,0.287448101,0.299096541,0.094248449,0.4,0.17,2039.310074,2110.873995,639.9084906,10,37.53630493,4986.711949932246,125.22266106408051,4986.711949932246,803.159801351657,4183.55214858059,-4.88235294117647,0.17239632754572806,0.8275900748525234,1.0339513028689264e-05,3.2580887198199186e-06,0.7336715915483666,2.6955477436399147e-05,12740656.081738424,92745.52647306836,348132.0258825566,0.0019969316490460187,0.41787183505948633,2.153129840315652e-08,1.200324309199679e-06,GOOD,0,0
SAN JOAQUIN VALLEY - TURLOCK,Citrus & Subtropical,San Joaquin River,243.6021999,883.0,6.0,3.247465856,0.183365181,0.131883505,0.371008972,0.13,0.17,2549.235389,1743.692937,5418.931559,10,32.474658559999995,5264.839083782001,152.15847030714534,5264.839083782001,803.159801351657,4461.67928243034,-4.88235294117647,0.3401850100270625,0.6597824969524444,8.521291581513722e-06,2.397172891158496e-05,4.817180332014277,0.03157733261631227,64.47835831969627,243.60219854968278,791.088896835605,1.3503172056061885e-06,0.0009297861314507827,5.543124020064273e-09,1.1753230798344782e-06,GOOD,0,0
SAN JOAQUIN VALLEY - TURLOCK,Corn,San Joaquin River,51565.75624,66.21338074,26.62133807,2.415829265,0.234536008,0.556552162,0.088672787,0.3,0.17,423.9938724,1022.014707,159.5840787,10,24.15829265,1737.650739830167,67.04799255544309,1737.650739830167,803.159801351657,934.49093847851,-4.88235294117647,0.49224893740570314,0.5075683052512495,0.00015764113671037184,2.5116206336750665e-05,23.09106478195786,6.464238239461013e-05,515844.0812837279,51565.75403659848,124573.90990181483,0.0022034015200915746,0.15309463355515618,4.272993708918744e-08,1.2289446926004245e-06,GOOD,0,0
SAN JOAQUIN VALLEY - TURLOCK,Cucurbits,San Joaquin River,496.5994065,507.0,13.6,2.299627126,0.087908733,0.228781824,0.653570009,0.05,0.17,920.9338517,2396.72349,6846.813993,10,22.99627126,6871.233468173999,274.0011442011444,6871.233468173999,803.159801351657,6068.07366682234,-4.88235294117647,0.8366290077712591,0.16326356003367157,2.7855706335100374e-05,7.957648873423137e-05,13.121417034075296,0.04027391039582324,0.00031055869892126207,496.59940598819503,1141.9921300270234,5.118049557495397e-07,0.0013359158772345836,1.0306193463997618e-09,1.1698104385663613e-06,GOOD,0,0
SAN JOAQUIN VALLEY - TURLOCK,Dry Beans,San Joaquin River,318.3596085,1686.127604,1.3,2.212101358,0.272510229,0.483520066,0.106180731,1.68,0.17,521.9411016,903.6303871,214.6292221,10,22.12101358,2168.9826605939998,90.8308817896836,2168.9826605939998,803.159801351657,1365.82285924234,-4.88235294117647,0.670124738548437,0.3296930915078298,0.0001493686691032494,3.280127462978989e-05,1.2002262102523518,0.0018697035658595345,402902.20366159757,318.3595619013291,704.2427927553715,4.659867090595071e-05,0.0009295398267568089,1.4637117794404724e-07,1.319912123216873e-06,GOOD,0,0
SAN JOAQUIN VALLEY - TURLOCK,Grain,San Joaquin River,5006.546001,194.8648202,4.150452437,0.466656841,0.351483763,0.486359995,0.112954365,0.74,0.17,345.3012994,477.8051109,110.9675411,10,4.66656841,803.1598013516568,137.12189953939023,803.1598013516568,803.159801351657,0.0,-4.88235294117647,0.999114332047261,0.0001404592947271074,0.0006047572081947729,0.00014045144981715316,4.155254961780493,0.0002699168950173302,337.12484745460097,5006.556741990029,2336.3412099962197,-0.01074099002926232,-0.002268848377298127,2.1453892618018354e-06,9.711126828984167e-07,GOOD,0,0
SAN JOAQUIN VALLEY - TURLOCK,Onions & Garlic,San Joaquin River,13.33504136,2039.0,6.5,1.480822037,0.178481578,0.383051703,0.272440319,0.41,0.17,887.6914461,1905.136225,1355.002253,10,14.80822037,13237.85780603,806.94440796408,13237.85780603,803.159801351657,12434.6980046783,-4.88235294117647,0.9924030224960231,0.007547837869538671,2.8715865372366236e-05,2.042376906599606e-05,6.491407272377279,0.18290339897707694,5931.504520107237,13.335041330733468,19.746805793416677,2.926653230872489e-08,1.731677777527807e-05,2.1947087765706706e-09,8.769399350287463e-07,GOOD,0,0
SAN JOAQUIN VALLEY - TURLOCK,Other Deciduous,San Joaquin River,7025.100933,3070.776362,2.864895803,3.445837194,0.215021845,0.341552948,0.346579073,0.13,0.17,2284.866179,4950.948854,6009.195442,10,34.45837194,8762.092785639406,236.93909481249415,8762.092785639406,803.159801351657,7958.93298428775,-4.88235294117647,0.37710123117843064,0.6228691538573345,1.4699328080372475e-05,1.4915636154363865e-05,2.348093228389596,0.0010949746865804486,3316.925503367235,7025.100909589812,24207.32557766206,2.3410188077832572e-05,0.028508873441751348,3.33236323593083e-09,1.1776947344116562e-06,GOOD,0,0
SAN JOAQUIN VALLEY - TURLOCK,Pasture,San Joaquin River,9864.563964,284.7323717,5.0,4.600187047,0.350906068,0.190014026,0.155066311,0.51,0.17,328.209843,177.7241242,145.0367898,10,46.00187047,1376.9640016249998,29.03491781852069,1376.9640016249998,803.159801351657,573.804200273343,-4.88235294117647,0.01709478478678506,0.9829009321882783,2.3583923057809573e-06,1.9246326307945133e-06,2.1876125327681564,0.000198770500235107,406555.1747940656,9864.561480152373,45378.773085087436,0.002483847627445357,0.06628640834242105,2.517949740616996e-07,1.4607338852314971e-06,GOOD,0,0
SAN JOAQUIN VALLEY - TURLOCK,Potatoes,San Joaquin River,3949.02623,962.8127441,15.92965732,3.305132031,0.150675135,0.475005897,0.095288578,0.41,0.17,793.9256634,2502.863999,502.0871398,10,33.05132031,15303.50478692185,432.51229288787266,15303.50478692185,803.159801351657,14500.3449855702,-4.88235294117647,0.5746862987512643,0.4252922854228339,1.783752787095646e-05,3.578298030811202e-06,14.227495025955616,0.0006176267890334835,2048339.259030891,3949.0262083009743,13052.037714239863,2.169902563764481e-05,0.015369792308774777,5.494778807190858e-09,1.1775766011538918e-06,GOOD,0,0
SAN JOAQUIN VALLEY - TURLOCK,Truck Crops,San Joaquin River,501.4786305,3192.260433,13.27972858,2.667732673,0.139554281,0.396137579,0.419814805,0.350763886,0.17,7441.94487,27484.23099,27982.75263,10,26.67732673,42364.719273518276,1461.0759633703042,42364.719273518276,803.159801351657,41561.5594721666,-4.88235294117647,0.929517456245054,0.07046464113458155,8.691561944106733e-06,9.21105842046505e-06,13.084147789343607,0.005685029151527132,422494.9260691922,501.4786298634051,1337.8093653212761,6.365949047903996e-07,0.0015620748683886632,1.2694357567254296e-09,1.1676350046183402e-06,GOOD,0,0
SAN JOAQUIN VALLEY - TURLOCK,Vineyard,San Joaquin River,8785.459389,1566.015027,10.99745356,3.098484515,0.302297005,0.200476183,0.304083218,0.13,0.17,2773.231975,2743.166444,4105.247296,10,30.984845149999998,17190.385832138643,515.9231195197984,17190.385832138643,803.159801351657,16387.226030787,-4.88235294117647,0.6893415421790908,0.310638225137203,8.039036024690059e-06,1.2193647681359144e-05,10.194435637002606,0.0008755726196787149,8540.720300463709,8785.459376447023,27221.577934140416,1.255297684110701e-05,0.03193983744495199,1.4288355662794598e-09,1.1733265443453605e-06,GOOD,0,0
SAN JOAQUIN VALLEY - WESTSIDE,Alfalfa,Tulare Lake,3575.394949,267.2223957,7.807413192,4.524530937,0.306290873,0.200481491,0.157957374,1.86,0.17,739.7198673,484.1807412,381.4811931,10,45.24530937,2040.4056182780241,43.27958179417795,2040.4056182780241,721.343037923,1319.06258035502,-4.88235294117647,0.027624750024616812,0.9723703978529448,2.7138818804372527e-06,2.138240557977746e-06,3.7602865475134117,0.00015037063492874295,5125208.559909173,3575.3945028669123,16176.973619643908,0.0004461330877347791,0.011439100127972779,1.2477868713764273e-07,7.071218825036671e-07,GOOD,0,0
SAN JOAQUIN VALLEY - WESTSIDE,Almonds & Pistachios,San Joaquin River,1328.188732,4738.0,1.1,3.753630493,0.287448101,0.299096541,0.094248449,0.4,0.17,2039.310074,2110.873995,639.9084906,10,37.53630493,5173.582901979,129.8795383388759,5173.582901979,721.343037923,4452.239864056,-4.88235294117647,0.177708307106965,0.8222781825675818,1.0273148796980789e-05,3.2371766561541593e-06,0.7733357590336597,0.001882262618080997,194173.5944710516,1328.1887245231796,4985.526837701396,7.476820428564679e-06,0.00288719280888472,5.629335837916654e-09,5.791145511515303e-07,GOOD,0,0
SAN JOAQUIN VALLEY - WESTSIDE,Almonds & Pistachios,Tulare Lake,160906.2554,4836.773611,1.542571017,3.767767793,0.287448101,0.299096541,0.094248449,0.4,0.17,2039.310074,2110.873995,639.9084906,10,37.67767793,7422.708317098032,185.2466405544819,7422.708317098032,721.343037923,6701.36527917503,-4.88235294117647,0.2327044710659202,0.7672831979102264,9.37641682315915e-06,2.954607030243981e-06,1.1455383140593278,1.5536996953817618e-05,35406144.2202403,160906.254793551,606257.0572620282,0.0006064490007702261,0.349526324076578,3.7689585110450976e-09,5.765312228153932e-07,GOOD,0,0
SAN JOAQUIN VALLEY - WESTSIDE,Citrus & Subtropical,San Joaquin River,91.71868608,583.0,16.5,3.247465856,0.183365181,0.131883505,0.371008972,0.13,0.17,2549.235389,1743.692937,5418.931559,10,32.474658559999995,9586.339083781999,276.27187714601445,9586.339083781999,721.343037923,8864.996045859,-4.88235294117647,0.4842059888433671,0.5157686105433861,6.661308445333265e-06,1.8739304801445884e-05,14.232379554472475,0.08386848984729472,48.234959942192305,91.71868601872148,297.8531334867109,6.127851293058484e-08,0.00016791527156101438,6.681137241448896e-10,5.637515876797221e-07,GOOD,0,0
SAN JOAQUIN VALLEY - WESTSIDE,Citrus & Subtropical,Tulare Lake,183.4373722,1164.0,14.15,3.608433712,0.183365181,0.131883505,0.371008972,0.13,0.17,2549.235389,1743.692937,5418.931559,10,36.08433712,16433.829405222,426.59863972803856,16433.829405222,721.343037923,15712.486367299,-4.88235294117647,0.4640191520219864,0.5359666486619976,3.72376929546993e-06,1.0475546720398907e-05,12.096350983378905,0.04193424491450326,170.98356618761875,183.43737211237953,661.9212221252774,8.762046377341903e-08,0.0003757618942472618,4.776587383615989e-10,5.67683386441354e-07,GOOD,0,0
SAN JOAQUIN VALLEY - WESTSIDE,Corn,Tulare Lake,4207.282191,72.81897971,22.91919913,2.280437339,0.234536008,0.556552162,0.088672787,0.3,0.17,423.9938724,1022.014707,159.5840787,10,22.804373390000002,1645.2685620699197,67.11154122015182,1645.2685620699197,721.343037923,923.92552414692,-4.88235294117647,0.5630357955560636,0.43674343017563066,0.000190433424079326,3.0340844226325624e-05,20.434456151236013,0.0007922771000395047,41612.30942572883,4207.282172856824,9594.437821947298,1.8143176021112595e-05,0.005582118832535343,4.31232686505401e-09,5.818074689116034e-07,GOOD,0,0
SAN JOAQUIN VALLEY - WESTSIDE,Cotton,Tulare Lake,14867.18272,3613.734673,0.8,3.749301711,0.148539114,0.445240339,0.078228087,0.68,0.17,378.6944542,1135.122209,199.4393382,10,37.493017110000004,2852.8227137500003,72.14253576065875,2852.8227137500003,721.343037923,2131.479675827,-4.88235294117647,0.10712695974100081,0.892853384406897,1.6718445313194422e-05,2.9374067888878223e-06,0.5076589328284861,9.891505761315601e-05,4952000.684543871,14867.182423458515,55741.52031759541,0.0002965414860227611,0.03329225022753235,1.994604435874997e-08,5.97260895535067e-07,GOOD,0,0
SAN JOAQUIN VALLEY - WESTSIDE,Cucurbits,Tulare Lake,15728.91697,497.5744895,17.10175354,2.442132231,0.087908733,0.228781824,0.653570009,0.05,0.17,920.9338517,2396.72349,6846.813993,10,24.42132231,8484.00470434432,319.1682448387204,8484.00470434432,721.343037923,7762.66166642132,-4.88235294117647,0.8161856877216872,0.1837294283702189,2.2009242340405395e-05,6.287466575361308e-05,16.414899485536868,0.0012715433642472842,0.012583306127655628,15728.9169681048,38412.07313606452,1.8951996025862172e-06,0.021955095340672415,1.2049142392962974e-10,5.715672443423985e-07,GOOD,0,0
SAN JOAQUIN VALLEY - WESTSIDE,Dry Beans,Tulare Lake,1079.877442,1151.19302,1.475467,1.919782133,0.272510229,0.483520066,0.106180731,1.68,0.17,521.9411016,903.6303871,214.6292221,10,19.19782133,1678.48727928434,80.64115140074966,1678.48727928434,721.343037923,957.14424136134,-4.88235294117647,0.7833701137586245,0.21635471049359117,0.000225627973384329,4.954777439990794e-05,1.406870883810139,0.0005512089354655631,957802.9108562933,1079.8774397539034,2073.128222359222,2.246096528324415e-06,0.0011966221218244755,2.0799550402354038e-09,5.772057020986415e-07,GOOD,0,0
SAN JOAQUIN VALLEY - WESTSIDE,Grain,San Joaquin River,3214.598615,303.0,2.9,0.466656841,0.351483763,0.486359995,0.112954365,0.74,0.17,345.3012994,477.8051109,110.9675411,10,4.66656841,873.0826334669999,148.97677371432133,873.0826334669999,721.343037923,151.739595544,-4.88235294117647,0.9991851764871824,0.0001292239778841179,0.0005563827744461832,0.00012921676048727415,2.903087753766075,0.0004203794977841585,93665.09540898996,3214.5993582168176,1500.1139247479596,-0.0007432168176819687,0.0005100109156046528,2.3120050329579598e-07,3.399813399479959e-07,GOOD,0,0
SAN JOAQUIN VALLEY - WESTSIDE,Grain,Tulare Lake,25871.56476,299.8910322,2.870390783,0.715524558,0.351483763,0.486359995,0.112954365,0.74,0.17,345.3012994,477.8051109,110.9675411,10,7.155245580000001,852.6984110282361,101.1361147864639,852.6984110282361,721.343037923,131.355373105236,-4.88235294117647,0.9976665542461812,0.001632530255086165,0.0005688120979765051,0.00013210340075617017,2.8743402364979795,5.2233073796938415e-05,652797.3259939833,25871.57045408064,18511.733378745586,-0.005694080638932064,0.006560921792697627,2.20090307322102e-07,3.544195096776794e-07,GOOD,0,0
SAN JOAQUIN VALLEY - WESTSIDE,Lettuce,Tulare Lake,8136.398694,701.9533021,19.41207728,2.300762612,0.164570286,0.334656366,0.457537993,0.25,0.17,2859.243032,5814.317411,7949.261967,10,23.00762612,13602.407356551386,541.5325192059428,13602.407356551386,721.343037923,12881.0643186284,-4.88235294117647,0.9099827763896015,0.0899642275133281,2.2387790390455834e-05,3.060830668003443e-05,19.047444409551556,0.0004916179934680079,479900.939158444,8136.398691794426,18719.911222957144,2.2055746740079485e-06,0.010688523689168505,2.710750489199108e-10,5.70970527532665e-07,GOOD,0,0
SAN JOAQUIN VALLEY - WESTSIDE,Onions & Garlic,San Joaquin River,497.9431853,2366.0,7.7,1.480822037,0.178481578,0.383051703,0.272440319,0.41,0.17,887.6914461,1905.136225,1355.002253,10,14.80822037,18202.55780603,1109.2220630905952,18202.55780603,721.343037923,17481.214768107,-4.88235294117647,0.9944635862643887,0.005500602474234786,2.0927126794084822e-05,1.488413458256813e-05,7.692587012695619,0.004898198152414604,311375.8015033284,497.9431854581702,737.3648242441487,-1.5817022358532995e-07,0.0004177220656629288,3.1764712974239385e-10,5.665063144949115e-07,GOOD,0,0
SAN JOAQUIN VALLEY - WESTSIDE,Onions & Garlic,Tulare Lake,28089.5774,2288.356761,9.325535792,1.253629891,0.178481578,0.383051703,0.272440319,0.41,0.17,887.6914461,1905.136225,1355.002253,10,12.536298910000001,21326.78260706069,1520.0853317088192,21326.78260706069,721.343037923,20605.4395691377,-4.88235294117647,0.9982002077473489,0.0017691122007759358,1.7928587571544254e-05,1.2751464303530199e-05,9.323276371975707,8.68302272943381e-05,20704267.666757803,28089.577411811882,35213.91379229026,-1.1811884178314358e-05,0.020061907802300993,4.20507721070747e-10,5.697150419310308e-07,GOOD,0,0
SAN JOAQUIN VALLEY - WESTSIDE,Other Deciduous,San Joaquin River,85.84408219,1850.0,7.8,3.445837194,0.215021845,0.341552948,0.346579073,0.13,0.17,2284.866179,4950.948854,6009.195442,10,34.45837194,14394.638474193998,388.63869218350607,14394.638474193998,721.343037923,13673.295436271,-4.88235294117647,0.4986352737350995,0.5013408894888781,1.1831335954052892e-05,1.2005440068130294e-05,6.767241185724322,0.08960789720230443,69.63169342983485,85.84408214739565,295.8045647683292,4.260434138814162e-08,0.000166526765724484,4.962991076524622e-10,5.629618059028164e-07,GOOD,0,0
SAN JOAQUIN VALLEY - WESTSIDE,Other Deciduous,Tulare Lake,821.8083111,1779.452996,3.241514181,3.502172688,0.215021845,0.341552948,0.346579073,0.13,0.17,2284.866179,4950.948854,6009.195442,10,35.02172688,5732.197240210937,152.91490256702562,5732.197240210937,721.343037923,5010.85420228794,-4.88235294117647,0.2647195594495554,0.7352486630025092,1.577272216126848e-05,1.6004825774008504e-05,2.4721554843287863,0.009360221341655026,244.29664331352092,821.8083099439015,2878.112970279261,1.1560985058167716e-06,0.0016516265659447527,1.4067739279362123e-09,5.738571193009264e-07,GOOD,0,0
SAN JOAQUIN VALLEY - WESTSIDE,Pasture,Tulare Lake,338.6020497,170.0,5.0,4.768194291,0.350906068,0.190014026,0.155066311,0.51,0.17,328.209843,177.7241242,145.0367898,10,47.681942910000004,801.622070685,16.73332904045584,801.622070685,721.343037923,80.279032762,-4.88235294117647,0.008133809092094274,0.9918626910174306,1.927169439750647e-06,1.572721035309623e-06,1.888563083819653,0.005790822339861016,1959.7392079295662,338.60184271671864,1614.5184013531987,0.00020698328137314093,0.0019589472397001373,6.112877389741948e-07,1.2133307748039835e-06,GOOD,0,0
SAN JOAQUIN VALLEY - WESTSIDE,Potatoes,Tulare Lake,217.893609,1165.0,14.9,1.233512156,0.150675135,0.475005897,0.095288578,0.41,0.17,793.9256634,2502.863999,502.0871398,10,12.33512156,17345.443908830002,1266.221608492702,17345.443908830002,721.343037923,16624.100870907,-4.88235294117647,0.9979898776170695,0.0019773101255842946,2.7329768069908028e-05,5.482489276235955e-06,14.896129574913795,0.011193648136067647,129573.3289714923,217.89360911751479,268.77426487532045,-1.1751478723454056e-07,0.00015054089055865916,5.393218634262034e-10,5.601012668022692e-07,GOOD,0,0
SAN JOAQUIN VALLEY - WESTSIDE,Safflower,Tulare Lake,145.8300506,574.0,1.3,2.392307778,0.396694215,0.424242424,0.112947658,0.74,0.17,212.2655769,227.006242,60.43672676,10,23.92307778,721.343037923,28.5902462443004,721.343037923,721.343037923,0.0,-4.88235294117647,0.29897778069281744,0.7007996904766709,0.00017574071754027952,4.678811297149785e-05,1.0221362177096567,0.009266617859565849,11.082817413508169,145.8254402592728,348.85913224179933,0.004610340727197126,0.011232074714257578,3.1614476633783236e-05,3.2195554174579435e-05,GOOD,0,0
SAN JOAQUIN VALLEY - WESTSIDE,Tomato Processing,Tulare Lake,63518.90709,93.82188168,51.87120337,2.220206136,0.124471553,0.533148968,0.188806686,0.74,0.17,657.2463564,2815.18314,996.9547547,10,22.20206136,4843.605416612358,201.09381435793122,4843.605416612358,721.343037923,4122.26237868936,-4.88235294117647,0.8161425680199927,0.1837357863153942,8.983274830082228e-05,3.181291631225737e-05,49.80515508478417,2.1274789086604092e-05,50164795.46327659,63518.90696151956,141024.98625572174,0.0001284804384340532,0.08101751015055925,2.022711729784789e-09,5.744901365201282e-07,GOOD,0,0
SAN JOAQUIN VALLEY - WESTSIDE,Truck Crops,Tulare Lake,5930.65471,1178.986411,18.37965607,1.84535452,0.139554281,0.396137579,0.419814805,0.405562968,0.17,7441.94487,27484.23099,27982.75263,10,18.4535452,21649.955693518667,1063.2920339047548,21649.955693518667,721.343037923,20928.6126555957,-4.88235294117647,0.9832754620751872,0.016687480075956808,1.7991253921903975e-05,1.906659493400297e-05,18.319611360063643,0.0004157565191085135,4276226.833393355,5930.654710149364,10944.154236414653,-1.4936449588276446e-07,0.006239243135496508,2.5185161366908253e-11,5.700979211127205e-07,GOOD,0,0
SAN JOAQUIN VALLEY - WESTSIDE,Vineyard,Tulare Lake,34673.02383,1380.403848,11.47105969,4.00891598,0.302297005,0.200476183,0.304083218,0.13,0.17,2773.231975,2743.166444,4105.247296,10,40.089159800000004,15793.798920507688,368.7562565636084,15793.798920507688,721.343037923,15072.4558825847,-4.88235294117647,0.3093889734337371,0.6906011428056764,3.927106683823817e-06,5.956653902605752e-06,9.025628147356734,0.00022185280782035824,31002.80709809369,34673.02380869901,139001.1598099422,2.13009916478768e-05,0.07949706559884362,6.143390248371309e-10,5.719162361082326e-07,GOOD,0,0
SAN JOAQUIN VALLEY - WHITE WOLF,Almonds & Pistachios,Tulare Lake,9475.374381,5302.593875,1.237849609,3.767767793,0.287448101,0.299096541,0.094248449,0.4,0.17,2039.310074,2110.873995,639.9084906,10,37.67767793,6525.455283833544,162.96924847909634,6525.455283833544,709.493956297,5815.96132753654,-4.88235294117647,0.21049725624468898,0.789490055844593,9.647790882818497e-06,3.040119835361065e-06,0.9006854435753366,0.00026384181769250134,1809518.9645065493,9475.374061020913,35700.91095440131,0.0003199790862709051,0.09946494779433124,3.376954549812052e-08,2.7860541375720724e-06,GOOD,0,0
SAN JOAQUIN VALLEY - WHITE WOLF,Citrus & Subtropical,Tulare Lake,1609.085139,1062.0,16.1,3.608433712,0.183365181,0.131883505,0.371008972,0.13,0.17,2549.235389,1743.692937,5418.931559,10,36.08433712,17061.429405222,442.8538645706864,17061.429405222,709.493956297,16351.935448925,-4.88235294117647,0.47335160870500037,0.5266344392163659,3.658931315197667e-06,1.029314731868928e-05,13.819356301663504,0.004780547346977699,1560.8803968304528,1609.0851330468859,5806.26112150251,5.953114168733009e-06,0.015939543296553893,3.6996887389269518e-09,2.7452260939272017e-06,GOOD,0,0
SAN JOAQUIN VALLEY - WHITE WOLF,Cucurbits,Tulare Lake,136.7870214,829.0,16.1,2.442132231,0.087908733,0.228781824,0.653570009,0.05,0.17,920.9338517,2396.72349,6846.813993,10,24.42132231,13321.508417124001,500.6120884786598,13321.508417124001,709.493956297,12612.014460827,-4.88235294117647,0.8745617569270911,0.12538031674407996,1.5019508852859105e-05,4.2906819975955366e-05,15.670117172967425,0.1462127020188189,0.00017779221727424652,136.7870212495471,334.0510827004404,1.5045287682369235e-07,0.000911042986274424,1.0999060823448297e-09,2.7272490610373765e-06,GOOD,0,0
SAN JOAQUIN VALLEY - WHITE WOLF,Dry Beans,Tulare Lake,90.4274406,1205.0,1.6,1.919782133,0.272510229,0.483520066,0.106180731,1.68,0.17,521.9411016,903.6303871,214.6292221,10,19.19782133,1907.939967644,91.53477141033959,1907.939967644,709.493956297,1198.446011347,-4.88235294117647,0.8043215844683111,0.19542985354768272,0.00020380624805516328,4.475573595091411e-05,1.5334436392910125,0.006582494111174648,100419.51425609097,90.42741610778093,173.6004631368206,2.4492219068861232e-05,0.000521659978204525,2.708494114878358e-07,3.0049367451177295e-06,GOOD,0,0
SAN JOAQUIN VALLEY - WHITE WOLF,Grain,Tulare Lake,751.1109213,299.0,2.4,0.715524558,0.351483763,0.486359995,0.112954365,0.74,0.17,345.3012994,477.8051109,110.9675411,10,7.155245580000001,709.493956297,84.31099022765426,709.493956297,709.493956297,0.0,-4.88235294117647,0.9971971235795658,0.001960954331223681,0.0006832428028236364,0.00015867928638695718,2.403964430946199,0.001799136869175692,50.57741499112757,751.1114713222038,537.4372231627906,-0.0005500222038108404,0.0010868093646649868,7.322782670485987e-07,2.022203003580624e-06,GOOD,0,0
SAN JOAQUIN VALLEY - WHITE WOLF,Lettuce,Tulare Lake,851.4447119,685.0,16.0,2.300762612,0.164570286,0.334656366,0.457537993,0.25,0.17,2859.243032,5814.317411,7949.261967,10,23.00762612,10936.035609235001,435.5668934150447,10936.035609235001,709.493956297,10226.541652938,-4.88235294117647,0.8904400766202201,0.10949542185327645,2.7248169866211812e-05,3.725335663720687e-05,15.631167751808338,0.004697897519468992,39870.74163059075,851.4447065955782,1958.966780038052,5.304421847540652e-06,0.00537928657968223,6.229907559944588e-09,2.745973981343754e-06,GOOD,0,0
SAN JOAQUIN VALLEY - WHITE WOLF,Onions & Garlic,Tulare Lake,790.2986182,2883.0,7.8,1.253629891,0.178481578,0.383051703,0.272440319,0.41,0.17,887.6914461,1905.136225,1355.002253,10,12.536298910000001,22474.029727489997,1601.8051548727503,22474.029727489997,709.493956297,21764.535771193,-4.88235294117647,0.9982919253116059,0.001678958094537521,1.7014945244098427e-05,1.2101648612353795e-05,7.798206539366839,0.0030862060670168875,615280.5904547913,790.298616915545,990.7392613446539,1.2844549246437964e-06,0.002709246862764303,1.6252779583106153e-09,2.7345635323663167e-06,GOOD,0,0
SAN JOAQUIN VALLEY - WHITE WOLF,Other Deciduous,Tulare Lake,729.5196878,3085.0,6.2,3.502172688,0.215021845,0.341552948,0.346579073,0.13,0.17,2284.866179,4950.948854,6009.195442,10,35.02172688,19091.075119253997,507.06335269376575,19091.075119253997,709.493956297,18381.581162957,-4.88235294117647,0.5452545178679927,0.4547258288193935,9.754882284629663e-06,9.898430328966364e-06,5.4778277298945,0.01054434557551867,795.5024685656481,729.5196854873767,2554.8969183953927,2.3126233372749994e-06,0.007007576054093079,3.170062955050792e-09,2.7427943504484615e-06,GOOD,0,0
SAN JOAQUIN VALLEY - WHITE WOLF,Pasture,Tulare Lake,10.46387875,195.0,5.0,4.768194291,0.350906068,0.190014026,0.155066311,0.51,0.17,328.209843,177.7241242,145.0367898,10,47.681942910000004,926.622070685,19.19411272287582,926.622070685,709.493956297,217.128114388,-4.88235294117647,0.009389686068585484,0.9906068184724162,1.9247293044265823e-06,1.5707296939807279e-06,1.9418831532355274,0.1873859933368867,163.3512399075088,10.463862810406926,49.893592786076645,1.593959307299997e-05,0.000214131389569161,1.5232968054986274e-06,4.291742859456982e-06,GOOD,0,0
SAN JOAQUIN VALLEY - WHITE WOLF,Potatoes,Tulare Lake,1598.661545,445.0,24.0,1.233512156,0.150675135,0.475005897,0.095288578,0.41,0.17,793.9256634,2502.863999,502.0871398,10,12.33512156,10666.943908829999,779.0561845033877,10666.943908829999,709.493956297,9957.449952533,-4.88235294117647,0.9967354800538919,0.0032112315147703576,4.4384647295284356e-05,8.903784042494093e-06,23.989872150551374,0.0015256665163881846,569429.8835394658,1598.6615395329313,1971.9630447278084,5.467068604048109e-06,0.0054043594325321465,3.4197786399172498e-09,2.740591227528841e-06,GOOD,0,0
SAN JOAQUIN VALLEY - WHITE WOLF,Tomato Processing,Tulare Lake,406.0647817,100.0,56.3,2.220206136,0.124471553,0.533148968,0.188806686,0.74,0.17,657.2463564,2815.18314,996.9547547,10,22.20206136,5606.951511433,232.6358514276613,5606.951511433,709.493956297,4897.457555136,-4.88235294117647,0.8370953238729012,0.16279689344253376,7.959523098932425e-05,2.8187453575824635e-05,54.33180573402717,0.003327920598516045,380999.4314839902,406.0647668618114,901.5450152175624,1.4838188633348182e-05,0.002504726278061753,3.6541432062213685e-08,2.778252086165994e-06,GOOD,0,0
SAN JOAQUIN VALLEY - WHITE WOLF,Truck Crops,Tulare Lake,5997.165866,2147.516099,20.17287312,1.84535452,0.139554281,0.396137579,0.419814805,0.395991393,0.17,7441.94487,27484.23099,27982.75263,10,18.4535452,43302.160736419355,2125.7420599717757,43302.160736419355,709.493956297,42592.6667801224,-4.88235294117647,0.9915676212129891,0.00841369451483604,9.071046901553626e-06,9.613225273236674e-06,20.139750007082206,0.0004210834699008993,8095449.877750513,5997.165855876781,11066.866825585535,1.012321899906965e-05,0.03031242727956851,1.6880005031145905e-09,2.7390177121508373e-06,GOOD,0,0
SAN JOAQUIN VALLEY - WHITE WOLF,Vineyard,Tulare Lake,11681.41123,1595.330286,11.88203482,4.00891598,0.302297005,0.200476183,0.304083218,0.13,0.17,2773.231975,2743.166444,4105.247296,10,40.089159800000004,18914.873991446555,441.4394351289844,18914.873991446555,709.493956297,18205.3800351496,-4.88235294117647,0.3491791258982269,0.6508115598026136,3.7008430307938387e-06,5.61345612868469e-06,9.582724286833463,0.0006585084234131266,12615.917548158646,11681.411185803789,46829.66754943397,4.4196211092639714e-05,0.12859946448588744,3.783465047368229e-09,2.7461034439910194e-06,GOOD,0,0