g,i,hr,xland,p,y,xwater,omegaland,omegasupply,omegalabor,theta,sigma,omegaland,omegasupply,omegalabor,omegawater,omegawater,mprof,f_adjustment,mprof,lambdaland,lambdacrop,rho,betaland,betawater,betasupply,betalabor,tau,gamma,delta,xlandcalib,xwatercalib,diffland,diffwater,percdiffland,percdiffwater,status,xratio_labor,xratio_supply,pc,pimarginal
SACRAMENTO VALLEY - ANTELOPE,Alfalfa,Sacramento River,13.23026016,277.0,6.0,3.537610105,0.306290873,0.13122437452970753,0.08146025298303902,1.86,0.17,739.7198673,484.1807412,381.4811931,50,176.88050525,1484.454765012,8.915233027595054,1484.454765012,521.196069877,963.258695135,-4.88235294117647,0.017274725896230404,0.9827211037807947,0.026391917025358307,0.033496953903476,2.6740528791230656,0.04063672233956664,13850.666800405492,13.23023118107587,46.80336201231075,2.897892412967451e-05,0.00014002148417091576,2.190351798015929e-06,2.9916881875593815e-06,GOOD,1.939072961544676,1.5277763122781245,0,0
SACRAMENTO VALLEY - ANTELOPE,Almonds & Pistachios,Sacramento River,193.0952096,4899.322714,0.70915252,3.61367267,0.287448101,0.311217018052816,0.03090217019351817,0.4,0.17,2039.310074,2110.873995,639.9084906,50,180.6836335,3293.0026223353393,18.244597693016757,3293.0026223353393,521.196069877,2771.80655245834,-4.88235294117647,0.03325954162724371,0.9667364859094174,0.031964234855132126,0.10143819004259322,0.3570760955985539,0.012946980948822047,17575.319923671814,193.09517706387064,697.7817565037076,3.253612936759964e-05,0.00112513573412798,1.6849785882828882e-07,1.612443875786222e-06,GOOD,3.0498974152879694,0.9610545813701002,0,0
SACRAMENTO VALLEY - ANTELOPE,Corn,Sacramento River,739.6999328,221.0,5.6,2.826875063,0.234536008,1.320694044672553,0.03352518541352239,0.3,0.17,423.9938724,1022.014707,159.5840787,50,141.34375315,1095.3764858929999,8.28742472064016,1095.3764858929999,521.196069877,574.180416016,-4.88235294117647,0.046275602108744866,0.9536971453605544,0.01950094838798129,0.12239713392995533,3.059611193206422,0.004506331805000447,4547.30722543065,739.6996082239446,2091.035071354796,0.00032457605550462176,0.004222780300096929,4.387942206186202e-07,2.019464823994889e-06,GOOD,2.644960375498291,0.4214088525991567,0,0
SACRAMENTO VALLEY - ANTELOPE,Grain,Sacramento River,215.5182395,216.0,2.6,0.78906264,0.351483763,0.6729928083090427,0.036299510576689786,0.74,0.17,345.3012994,477.8051109,110.9675411,50,39.453132000000004,521.196069877,13.23775041756828,521.196069877,521.196069877,0.0,-4.88235294117647,0.9756648458923328,0.023214010026730666,0.705095721248727,3.0360079618087554,2.6264153765872544,0.006270241231027462,14.512311202295821,215.52208686282788,170.06020311766457,-0.0038473628278836713,-0.0028120896422763053,1.785168084524777e-05,1.6536121278097966e-05,GOOD,3.1117324505343373,0.7226823065494933,0,0
SACRAMENTO VALLEY - ANTELOPE,Other Deciduous,Sacramento River,6295.896619,1749.09923,1.916425484,3.327741402,0.215021845,0.542542160251163,0.5586272122329681,0.13,0.17,2284.866179,4950.948854,6009.195442,50,166.3870701,3184.728114450777,19.08299446229811,3184.728114450777,521.196069877,2663.53204457378,-4.88235294117647,0.051263041365953776,0.9487258828506656,0.032272225431995684,0.03180421033331894,1.0538600756034682,0.0012217970144385074,994.8718462600831,6295.896296756791,20951.083591569353,0.000322243208756845,0.03225018876764807,5.118305274968572e-08,1.5393064985765352e-06,GOOD,0.6204120841421951,0.6295417628777134,0,0
SACRAMENTO VALLEY - ANTELOPE,Pasture,Sacramento River,1205.300285,272.0,5.0,3.965593094,0.350906068,0.10289172336777223,0.06852420918280822,0.51,0.17,328.209843,177.7241242,145.0367898,10,39.65593094,1319.648082655,32.09855145578573,1319.648082655,521.196069877,798.452012778,-4.88235294117647,0.03838066969881396,0.9616092966462007,0.07087903022073513,0.08685322946270095,2.580028512217204,0.001626801501773054,69111.01492572788,1205.299273561285,4779.691792945525,0.001011438715067925,0.038693446706929535,8.391591105181933e-07,8.095319771080979e-06,GOOD,2.262942000342034,1.8467377139832826,0,0
SACRAMENTO VALLEY - ANTELOPE,Safflower,Sacramento River,79.96256966,564.0,1.0,2.357007476,0.396694215,0.4537037030434028,0.03215870805598959,0.74,0.17,212.2655769,227.006242,60.43672676,10,23.57007476,539.4960409429999,21.92065600066421,539.4960409429999,521.196069877,18.2999710659999,-4.88235294117647,0.2582568985367486,0.7414861373748913,0.2414869702737936,0.9070486227644502,0.7646499335776759,0.016899798957153114,286.41659663098943,79.9605305641594,188.46634781350477,0.002039095840601135,0.006026675286022964,2.5500629222789476e-05,3.1976438469402286e-05,GOOD,3.5121951355556216,0.9350649358914657,0,0
SACRAMENTO VALLEY - ANTELOPE,Truck Crops,Sacramento River,7.60891266,133.0,22.8,2.662234731,0.139554281,1.1244727167916924,1.262909809962677,0.41,0.17,7441.94487,27484.23099,27982.75263,50,133.11173655,2898.332756785,21.54142899297626,2898.332756785,521.196069877,2377.136686908,-4.88235294117647,0.15447379001425285,0.8454827238855881,0.054419171120304234,0.05134997251653389,15.696928559557932,0.3205483489205806,647.0402119181241,7.608911650715878,20.256713083330634,1.009284122055476e-06,-1.5347330410975246e-06,1.326449871558226e-07,7.576417511872882e-08,GOOD,0.332418674467662,0.35228740820875265,0,0
SACRAMENTO VALLEY - BEND,Almonds & Pistachios,Sacramento River,7.36966412,4863.0,1.2,3.61367267,0.287448101,0.311217018052816,0.03090217019351817,0.4,0.17,2039.310074,2110.873995,639.9084906,50,180.6836335,5654.235573409,30.643905148211022,5654.235573409,521.196069877,5133.039503532,-4.88235294117647,0.05577600323920961,0.9442201168205457,0.053603783443555944,0.1701110881143588,0.6687031796828201,0.3392284857617093,1242.139600436762,7.3696622765925,26.63145754371602,1.843407500423666e-06,9.627380758203685e-05,2.5013453400419907e-07,3.6150278065521113e-06,GOOD,3.0498974152879694,0.9610545813701002,0,0
SACRAMENTO VALLEY - BEND,Grain,Sacramento River,202.7816928,216.0,2.6,0.78906264,0.351483763,0.6729928083090427,0.036299510576689786,0.74,0.17,345.3012994,477.8051109,110.9675411,50,39.453132000000004,521.196069877,13.23775041756828,521.196069877,521.196069877,0.0,-4.88235294117647,0.9756648458923328,0.023214010026730666,0.705095721248727,3.0360079618087554,2.626415376587254,0.006664069782098946,13.654672750061831,202.7820775559243,160.0071133919743,-0.00038475592430131655,0.00034447246272861776,1.8973898431787652e-06,2.1528525440386963e-06,GOOD,3.1117324505343373,0.7226823065494933,0,0
SACRAMENTO VALLEY - BEND,Other Deciduous,Sacramento River,30.95347589,1631.0,1.9,3.327741402,0.215021845,0.542542160251163,0.5586272122329681,0.13,0.17,2284.866179,4950.948854,6009.195442,50,166.3870701,2931.6097760339994,17.641995230594954,2931.6097760339994,521.196069877,2410.413706157,-4.88235294117647,0.04738202863767285,0.9526068502710705,0.029828965837282867,0.029396383137983786,1.0290196161223122,0.2485119189729775,4.42645772710071,30.95347107275023,103.00474340243571,4.8172497706389095e-06,0.0004198525260932229,1.5562871800756944e-07,4.076033791179865e-06,GOOD,0.6204120841421951,0.6295417628777134,0,0
SACRAMENTO VALLEY - BEND,Pasture,Sacramento River,161.2648525,272.0,5.0,3.965593094,0.350906068,0.10289172336777223,0.06852420918280822,0.51,0.17,328.209843,177.7241242,145.0367898,10,39.65593094,1319.648082655,32.09855145578573,1319.648082655,521.196069877,798.452012778,-4.88235294117647,0.03838066969881393,0.9616092966462004,0.07087903022073508,0.0868532294627009,2.5800285122172038,0.012158782793203437,9246.805768508388,161.26448065998161,639.4966593833553,0.00037184001837431424,0.014125995573294858,2.3057722287893717e-06,2.2088752678228557e-05,GOOD,2.262942000342034,1.8467377139832826,0,0
SACRAMENTO VALLEY - BEND,Truck Crops,Sacramento River,69.11366439,5809.0,4.2,2.662234731,0.139554281,1.1244727167916924,1.262909809962677,0.25,0.17,7441.94487,27484.23099,27982.75263,50,133.11173655,24263.732756785,173.31601249335054,24263.732756785,521.196069877,23742.536686908,-4.88235294117647,0.6046480015649459,0.3953316651604625,0.2130098773499166,0.20099628719974014,3.793031479911323,0.057875675314052036,7513.73149299846,69.11366284049396,183.99609448974067,1.5495060381454095e-06,0.000703235995246132,2.2419677090216713e-08,3.82200127360026e-06,GOOD,0.332418674467662,0.35228740820875265,0,0
SACRAMENTO VALLEY - BUTTE,Alfalfa,Sacramento River,1649.792293,264.7665874,6.386422689,3.537610105,0.306290873,0.13122437452970753,0.08146025298303902,1.86,0.17,739.7198673,484.1807412,381.4811931,50,176.88050525,1513.3661060724614,9.070318071334098,1513.3661060724614,490.430159577321,1022.93594649514,-4.88235294117647,0.01760517828739834,0.9823906527919449,0.026896774360920344,0.034137725200267525,2.8561469140628764,0.0003258800582857072,1834125.3625071482,1649.7920495284795,5836.319513808735,0.0002434715204344684,0.002373059185629245,1.4757707468237544e-07,4.0660183444795473e-07,GOOD,1.939072961544676,1.5277763122781245,0,0
SACRAMENTO VALLEY - BUTTE,Almonds & Pistachios,Sacramento River,9175.315501,4597.114389,0.850111155,3.61367267,0.287448101,0.311217018052816,0.03090217019351817,0.4,0.17,2039.310074,2110.873995,639.9084906,50,180.6836335,3726.69379630891,20.521996966246995,3726.69379630891,490.430159577321,3236.26363673159,-4.88235294117647,0.03747532929082516,0.9625207155690605,0.036015836903300624,0.11429590994115318,0.4380980798725422,0.0002724701945919494,975050.8371843441,9175.315402982837,33156.578373168755,9.801716259971727e-05,0.008491422297083773,1.0682702146758286e-08,2.561006152943935e-07,GOOD,3.0498974152879694,0.9610545813701002,0,0
SACRAMENTO VALLEY - BUTTE,Citrus & Subtropical,Sacramento River,1232.119926,991.5,3.85,2.972946835,0.183365181,0.09485584338438294,0.7506750003126099,0.13,0.17,2549.235389,1743.692937,5418.931559,50,148.64734175,3667.941400592,24.344822695040733,3667.941400592,490.430159577321,3177.51124101468,-4.88235294117647,0.10776824218944425,0.8922169830027952,0.14983635167354156,0.05326270987085262,2.4594697350300416,0.006243148519868748,232.2638958435352,1232.1199238711033,3663.02614990697,2.128896767317201e-06,0.0008844351646075665,1.727832431237867e-09,2.4144925940095e-07,GOOD,0.49423381869050864,1.3903572019867076,0,0
SACRAMENTO VALLEY - BUTTE,Corn,Sacramento River,2269.927736,231.2932314,5.979401995,2.826875063,0.234536008,1.320694044672553,0.03352518541352239,0.3,0.17,423.9938724,1022.014707,159.5840787,50,141.34375315,1240.7716951561565,9.261044510160309,1240.7716951561565,490.430159577321,750.341535578836,-4.88235294117647,0.052096765476189036,0.947876148331975,0.02195403816344818,0.13779388037614734,3.3378893309430278,0.0014684755291845702,18233.906695921647,2269.9277068200618,6416.8003698839175,2.9179938337620115e-05,0.0017418265306332614,1.2855007617572947e-08,2.7144775548781323e-07,GOOD,2.644960375498291,0.4214088525991567,0,0
SACRAMENTO VALLEY - BUTTE,Cotton,Sacramento River,494.4033815,1699.0,0.8,2.633766816,0.148539114,1.334590964860844,0.04119880232811655,0.68,0.17,378.6944542,1135.122209,199.4393382,50,131.6883408,1226.83965166,9.779939435872524,1226.83965166,490.430159577321,736.409492082679,-4.88235294117647,0.07611800097218588,0.9238495249009571,0.025394151053908954,0.14453249283546496,0.4820585822956204,0.0029744704229821644,56902.187022458165,494.40337290631027,1302.1428759282614,8.593689756253298e-06,0.0003439846268520341,1.7381939682896964e-08,2.6416804356977435e-07,GOOD,1.8987951731454202,0.3336155801462545,0,0
SACRAMENTO VALLEY - BUTTE,Cucurbits,Sacramento River,136.7563374,203.0,12.0,1.97136542,0.087908733,0.5954029958862788,4.8590594140887005,0.05,0.17,920.9338517,2396.72349,6846.813993,50,98.568271,2336.461468434,23.307557018376357,2336.461468434,490.430159577321,1846.03130885668,-4.88235294117647,0.46296137435757295,0.5368637974015756,0.17789152624166912,0.062270831414042035,10.336798954200365,0.14624550774200537,2.6018818434417284e-05,136.7563374996767,269.5966646321819,-9.967669711841154e-08,4.988403082961668e-05,7.28863459006409e-10,1.8503204283899686e-07,GOOD,0.13450545739469513,0.38424701518246485,0,0
SACRAMENTO VALLEY - BUTTE,Dry Beans,Sacramento River,818.5191722,1333.986797,1.375133076,2.293810917,0.272510229,0.8579188204514863,0.04137219977784526,1.68,0.17,521.9411016,903.6303871,214.6292221,50,114.69054585,1718.8566106259975,15.11912469862458,1718.8566106259975,490.430159577321,1228.42645104868,-4.88235294117647,0.20649979184552947,0.7934293739801468,0.11638256511215309,0.5299766260252773,1.0087892760776187,0.0007272133817442856,931697.6692110635,818.5191773649959,1877.5277712983682,-5.164995968698349e-06,0.00044166779457555094,6.310171030955785e-09,2.3523896553213115e-07,GOOD,2.5664753522934403,0.5635965250716192,0,0
SACRAMENTO VALLEY - BUTTE,Grain,Sacramento River,2300.647898,209.2083635,2.798122375,0.78906264,0.351483763,0.6729928083090427,0.036299510576689786,0.74,0.17,345.3012994,477.8051109,110.9675411,50,39.453132000000004,544.9866728234833,13.798530446216803,544.9866728234833,490.430159577321,54.5565132461626,-4.88235294117647,0.9767017429131986,0.022224883854257273,0.7058450683794205,3.039234507916446,2.825361778648006,0.0005873786043166833,24200.985048878592,2300.6512591862115,1815.3575160419887,-0.0033611862113502866,-0.002211935657669528,1.4609737605968448e-06,1.2184588067504654e-06,GOOD,3.1117324505343373,0.7226823065494933,0,0
SACRAMENTO VALLEY - BUTTE,Other Deciduous,Sacramento River,119757.6717,1713.112524,1.975664386,3.327741402,0.215021845,0.542542160251163,0.5586272122329681,0.13,0.17,2284.866179,4950.948854,6009.195442,50,166.3870701,3217.2451789113697,19.268113664636594,3217.2451789113697,490.430159577321,2726.81501933405,-4.88235294117647,0.05175932802051561,0.9482296019898733,0.03258465860740122,0.03211211257100761,1.088469798995827,6.423227491911645e-05,19373.577955311073,119757.67131912474,398522.46277421585,0.000380875266273506,0.09954899788135663,3.1803830257122975e-09,2.4979513656900413e-07,GOOD,0.6204120841421951,0.6295417628777134,0,0
SACRAMENTO VALLEY - BUTTE,Pasture,Sacramento River,5482.037297,183.9096376,5.0,3.965593094,0.350906068,0.10289172336777223,0.06852420918280822,0.51,0.17,328.209843,177.7241242,145.0367898,10,39.65593094,879.196270655,21.703062373965096,879.196270655,490.430159577321,388.766111077679,-4.88235294117647,0.025905733358724887,0.9740841028212615,0.04784109480195206,0.05862317206712026,2.387586169772571,0.000357674384083179,153120.93715384972,5482.036501522962,21739.49952912495,0.0007954770380820264,0.02971690867707366,1.4510609742063316e-07,1.3669527219636325e-06,GOOD,2.262942000342034,1.8467377139832826,0,0
SACRAMENTO VALLEY - BUTTE,Rice,Sacramento River,124233.5304,564.60337,4.522228848,4.534377778,0.381523094,0.7787889472798347,0.016559817107172286,0.2,0.17,851.2633133,1216.2235,177.3500304,50,226.71888889999997,2325.5406573240184,10.678149847524809,2325.5406573240184,490.430159577321,1835.1104977467,-4.88235294117647,0.006353129016305506,0.9936451649826281,0.004446703793375955,0.030494416140821236,1.6355258358932445,4.0246783488332704e-05,307290.34426450933,124233.52837018092,563321.605351181,0.0020298190793255344,0.15417706640437245,1.6338737801220324e-08,2.7369272320225605e-07,GOOD,4.7999050645054355,0.699923420721246,0,0
SACRAMENTO VALLEY - BUTTE,Safflower,Sacramento River,729.1708965,557.4262507,0.923770845,2.357007476,0.396694215,0.4537037030434028,0.03215870805598959,0.74,0.17,212.2655769,227.006242,60.43672676,10,23.57007476,490.43015957732075,20.013641272319436,490.43015957732075,490.430159577321,0.0,-4.88235294117647,0.24042932479345225,0.7593075350631284,0.22481703117441781,0.8444347049844856,0.6966964053625044,0.001853271102615039,55.415655935825065,729.1712463050203,1718.6600462881377,-0.0003498050202779268,0.0012080439846613444,4.797298163667546e-07,7.028982480499302e-07,GOOD,3.5121951355556216,0.9350649358914657,0,0
SACRAMENTO VALLEY - BUTTE,Sunflowers,Sacramento River,1480.729793,3737.650652,0.6,2.873453662,0.386904762,0.3895547862245365,0.0812011031754898,0.74,0.17,734.0697039,736.5793439,336.2917618,50,143.6726831,2097.9653271479997,14.767843918143402,2097.9653271479997,490.430159577321,1607.53516757068,-4.88235294117647,0.07784110377156908,0.9221379191540789,0.07757588712821659,0.16991434993083893,0.36054786613355294,0.0009126252188209679,456129.4321023557,1480.7297688945525,4254.807326893789,2.4105447437250405e-05,0.0011192345637027756,1.6279437039226513e-08,2.6305169266109245e-07,GOOD,2.182835824495322,0.9965928458037955,0,0
SACRAMENTO VALLEY - BUTTE,Tomato Processing,Sacramento River,1136.166971,95.49029342,47.6427092,2.666779844,0.124471553,2.283636824869254,0.28639447182202826,0.74,0.17,657.2463564,2815.18314,996.9547547,50,133.3389922,4415.230861424733,32.28947995589682,4415.230861424733,490.430159577321,3924.80070184741,-4.88235294117647,0.21601230399474325,0.7839523757892284,0.050431283860862305,0.14240696404858139,35.022361049033954,0.001189395032458967,854320.4971688812,1136.1669664769163,3029.9064491945105,4.523083816820872e-06,0.0007284868224815,3.981002733110494e-09,2.40432059387041e-07,GOOD,0.6592539471827814,0.23346486717761028,0,0
SACRAMENTO VALLEY - BUTTE,Truck Crops,Sacramento River,59.07580698,327.8976781,22.35122389,2.662234731,0.139554281,1.1244727167916924,1.262909809962677,0.40613956,0.17,7441.94487,27484.23099,27982.75263,50,133.11173655,7194.84717300925,52.062818062490024,7194.84717300925,490.430159577321,6704.41701343193,-4.88235294117647,0.3120110779931703,0.6879535381774255,0.10991757399863294,0.10371830896571597,17.67413256669029,0.04167878433297562,13712.976992092357,59.07580690607139,157.2736427944991,7.392861078869828e-08,2.2309509120077564e-05,1.2514193976855309e-09,1.4185152425438704e-07,GOOD,0.332418674467662,0.35228740820875265,0,0
SACRAMENTO VALLEY - COLUSA,Alfalfa,Sacramento River,11261.861,268.0556717,6.656597948,3.537610105,0.306290873,0.13122437452970753,0.08146025298303902,1.86,0.17,739.7198673,484.1807412,381.4811931,50,176.88050525,1606.7935991999818,9.57147804270346,1606.7935991999818,475.896040943,1130.89755825698,-4.88235294117647,0.01867152303435274,0.9813243125701635,0.028525910606039484,0.036205445466772,3.0092790683305983,4.77393930365639e-05,13841154.749126537,11261.859849434282,39840.0616526004,0.0011505657184898155,0.011622105004789773,1.0216479483185021e-07,2.9171896659559326e-07,GOOD,1.939072961544676,1.5277763122781245,0,0
SACRAMENTO VALLEY - COLUSA,Almonds & Pistachios,Sacramento River,223442.6209,4602.806717,0.843295181,3.61367267,0.287448101,0.311217018052816,0.03090217019351817,0.4,0.17,2039.310074,2110.873995,639.9084906,50,180.6836335,3700.1602969295313,20.38266424326533,3700.1602969295313,475.896040943,3224.26425598653,-4.88235294117647,0.03721846097663412,0.9627775828277457,0.03576897243313852,0.11351248793363257,0.43400326464196404,1.1188554761532514e-05,23656971.595897242,223442.61907165425,807448.3409401925,0.0018283457611687481,0.15151930844876915,8.182618668740956e-09,1.8765198011236474e-07,GOOD,3.0498974152879694,0.9610545813701002,0,0
SACRAMENTO VALLEY - COLUSA,Citrus & Subtropical,Sacramento River,1868.061581,959.6666667,3.766666667,2.972946835,0.183365181,0.09485584338438294,0.7506750003126099,0.13,0.17,2549.235389,1743.692937,5418.931559,50,148.64734175,3465.4108454818884,23.053176048025826,3465.4108454818884,475.896040943,2989.51480453889,-4.88235294117647,0.10242743595251928,0.8975577007992618,0.14241072325761742,0.0506231028094911,2.3824266644938903,0.004117801988192429,331.3104258724732,1868.061578261898,5553.646780860585,2.7381020117900334e-06,0.0009839584608926089,1.4657450480429497e-09,1.771733647073797e-07,GOOD,0.49423381869050864,1.3903572019867076,0,0
SACRAMENTO VALLEY - COLUSA,Corn,Sacramento River,12082.59918,228.9332494,6.035558353,2.826875063,0.234536008,1.320694044672553,0.03352518541352239,0.3,0.17,423.9938724,1022.014707,159.5840787,50,141.34375315,1239.5164715886021,9.252639071550353,1239.5164715886021,475.896040943,763.620430645602,-4.88235294117647,0.052046814408775295,0.947926097972044,0.021932988341443256,0.13766176178212416,3.368647369303271,0.0002758788306783287,98774.36747018543,12082.599054910132,34155.99146965725,0.00012508986765169539,0.006848508994153235,1.0352893925236987e-08,2.0050677278874263e-07,GOOD,2.644960375498291,0.4214088525991567,0,0
SACRAMENTO VALLEY - COLUSA,Cotton,Sacramento River,1167.404571,1699.0,0.8,2.633766816,0.148539114,1.334590964860844,0.04119880232811655,0.68,0.17,378.6944542,1135.122209,199.4393382,50,131.6883408,1226.83965166,9.779939435872524,1226.83965166,475.896040943,750.943610717,-4.88235294117647,0.07611800097218586,0.9238495249009573,0.02539415105390895,0.14453249283546493,0.48205858229562043,0.001259707450035432,137010.91583570268,1167.4045534195188,3074.670807319836,1.7580481198820053e-05,0.0006126266798673896,1.5059458936125798e-08,1.9924947943804878e-07,GOOD,1.8987951731454202,0.3336155801462545,0,0
SACRAMENTO VALLEY - COLUSA,Cucurbits,Sacramento River,6312.222009,203.0,12.0,1.97136542,0.087908733,0.5954029958862788,4.8590594140887005,0.05,0.17,920.9338517,2396.72349,6846.813993,50,98.568271,2336.461468434,23.307557018376357,2336.461468434,475.896040943,1860.565427491,-4.88235294117647,0.46296137435757295,0.5368637974015757,0.17789152624166912,0.062270831414042035,10.336798954200365,0.0031684563647292334,0.001210397721348522,6312.22201183288,12443.69399350257,-2.8328795451670885e-06,0.0021984029590385035,4.487927612697959e-10,1.766680032311089e-07,GOOD,0.13450545739469513,0.38424701518246485,0,0
SACRAMENTO VALLEY - COLUSA,Dry Beans,Sacramento River,4017.201241,1251.059374,1.148049702,2.293810917,0.272510229,0.8579188204514863,0.04137219977784526,1.68,0.17,521.9411016,903.6303871,214.6292221,50,114.69054585,1320.7255846290063,11.837745560969637,1320.7255846290063,475.896040943,844.829543686006,-4.88235294117647,0.16664628715782415,0.833279321025309,0.09392126835823689,0.42769358854177053,0.8091179491450576,0.00014817233679085564,3145092.383938193,4017.201244769152,9214.698373246112,-3.7691515899496153e-06,0.0016891456361918245,9.382531179870297e-10,1.833098879784258e-07,GOOD,2.5664753522934403,0.5635965250716192,0,0
SACRAMENTO VALLEY - COLUSA,Grain,Sacramento River,20557.95647,199.7380887,3.057075601,0.78906264,0.351483763,0.6729928083090427,0.036299510576689786,0.74,0.17,345.3012994,477.8051109,110.9675411,50,39.453132000000004,570.2105074321438,14.393093884826968,570.2105074321438,475.896040943,94.3144664891439,-4.88235294117647,0.9777087701502212,0.02126425133580241,0.7065728291458302,3.042368107248461,3.085572395864187,6.573373931029398e-05,372838.73478519236,20557.968716882762,16221.522116723518,-0.012246882761246525,-0.006711500234814594,5.957247151057191e-07,4.1374064427134283e-07,GOOD,3.1117324505343373,0.7226823065494933,0,0
SACRAMENTO VALLEY - COLUSA,Onions & Garlic,Sacramento River,188.4021885,216.0,21.2,2.113494575,0.178481578,0.8220938475297447,0.4158621200492846,0.41,0.17,887.6914461,1905.136225,1355.002253,50,105.67472874999999,4472.691297649999,40.94635237233136,4472.691297649999,475.896040943,3996.795256707,-4.88235294117647,0.5228803963385494,0.47704297636283083,0.24363426010866662,0.3425503192270514,18.653016746088436,0.012945838950506154,26936.81607299927,188.40218868536718,398.1869490239915,-1.85367184712959e-07,5.42888858490187e-05,9.838908252011042e-10,1.3634017533807088e-07,GOOD,0.6551217479671209,0.46594644170006466,0,0
SACRAMENTO VALLEY - COLUSA,Other Deciduous,Sacramento River,77564.08407,1649.410689,1.87938136,3.327741402,0.215021845,0.542542160251163,0.5586272122329681,0.13,0.17,2284.866179,4950.948854,6009.195442,50,166.3870701,2932.581479925357,17.64752712753157,2932.581479925357,475.896040943,2456.68543898236,-4.88235294117647,0.04739698829099399,0.952591890792392,0.029838383563806692,0.029405664287678795,1.0179148702309184,9.917357736559542e-05,11304.849854221486,77564.08385834713,258113.16650197847,0.0002116528630722314,0.04736596919246949,2.728748306770683e-09,1.8350850188050512e-07,GOOD,0.6204120841421951,0.6295417628777134,0,0
SACRAMENTO VALLEY - COLUSA,Pasture,Sacramento River,14272.52638,275.2428594,5.0,3.965593094,0.350906068,0.10289172336777223,0.06852420918280822,0.51,0.17,328.209843,177.7241242,145.0367898,10,39.65593094,1335.862379655,32.481239284148884,1335.862379655,475.896040943,859.966338712,-4.88235294117647,0.0388338129935466,0.9611561580796208,0.07171586703295654,0.08787866645652483,2.5860493942437595,0.00013738172636857933,881397.5746292329,14272.52567203294,56598.97944794584,0.0007079670594976051,0.052598514972487465,4.9603485791392534e-08,9.293182775512941e-07,GOOD,2.262942000342034,1.8467377139832826,0,0
SACRAMENTO VALLEY - COLUSA,Rice,Sacramento River,178565.7495,543.3848257,4.926284761,4.534377778,0.381523094,0.7787889472798347,0.016559817107172286,0.2,0.17,851.2633133,1216.2235,177.3500304,50,226.71888889999997,2449.143396036551,11.195075521448837,2449.143396036551,475.896040943,1973.24735509355,-4.88235294117647,0.006688484998941929,0.9933098095757672,0.004681427299902174,0.03210409302029,1.7988688724150368,2.8000890506720606e-05,474920.85203149036,178565.74746781547,809684.4058603665,0.002032184536801651,0.16058434802107513,1.1380595340886753e-08,1.9832951580909237e-07,GOOD,4.7999050645054355,0.699923420721246,0,0
SACRAMENTO VALLEY - COLUSA,Safflower,Sacramento River,1174.345641,556.0,0.9,2.357007476,0.396694215,0.4537037030434028,0.03215870805598959,0.74,0.17,212.2655769,227.006242,60.43672676,10,23.57007476,475.896040943,19.448752238887185,475.896040943,475.896040943,0.0,-4.88235294117647,0.2349828058524131,0.7647521671517361,0.2197241822899834,0.8253054676540563,0.6757881704404477,0.0011507270978590464,89.24812318176764,1174.3397181598846,2767.925086825015,0.00592284011531774,0.016368419996979355,5.0435237365672145e-06,5.913571606062188e-06,GOOD,3.5121951355556216,0.9350649358914657,0,0
SACRAMENTO VALLEY - COLUSA,Sunflowers,Sacramento River,8833.819337,3838.590348,0.6,2.873453662,0.386904762,0.3895547862245365,0.0812011031754898,0.74,0.17,734.0697039,736.5793439,336.2917618,50,143.6726831,2158.529144748,15.16666708661561,2158.529144748,475.896040943,1682.633103805,-4.88235294117647,0.07990826792509122,0.9200708020239665,0.07963600813471881,0.1744266299002596,0.3623545274304558,0.00015297475528974034,2848295.718003145,8833.819225508487,25383.565585702047,0.00011149151396239176,0.004937647019687574,1.2620986428306865e-08,1.945213741756969e-07,GOOD,2.182835824495322,0.9965928458037955,0,0
SACRAMENTO VALLEY - COLUSA,Tomato Processing,Sacramento River,13259.83882,95.0,50.67392423,2.666779844,0.124471553,2.283636824869254,0.28639447182202826,0.74,0.17,657.2463564,2815.18314,996.9547547,50,133.3389922,4679.837382443,34.16752461683889,4679.837382443,475.896040943,4203.9413415,-4.88235294117647,0.22603158620114241,0.7739335449715614,0.05277043425039428,0.14901221539108825,37.58531589593563,0.00010191310540766826,10679601.21004439,13259.838777282466,35361.06457724294,4.271753459761385e-05,0.006322621804429218,3.221572688589728e-09,1.7880176260310607e-07,GOOD,0.6592539471827814,0.23346486717761028,0,0
SACRAMENTO VALLEY - COLUSA,Truck Crops,Sacramento River,406.6506532,1413.31104,19.43949568,2.662234731,0.139554281,1.1244727167916924,1.262909809962677,0.381092436,0.17,7441.94487,27484.23099,27982.75263,50,133.11173655,27339.98661336131,195.16896857296007,27339.98661336131,475.896040943,26864.0905724183,-4.88235294117647,0.6327974788952454,0.36718363558065986,0.22292658376103885,0.2103536991408358,17.718006446304635,0.006452799884150322,301871.53032658034,406.6506530958584,1082.599320680695,1.0414163398309029e-07,0.00017165218127956905,2.5609606959581364e-10,1.585555715619989e-07,GOOD,0.332418674467662,0.35228740820875265,0,0
SACRAMENTO VALLEY - COLUSA,Vineyard,Sacramento River,2979.843929,1738.181214,10.36744814,2.661751325,0.302297005,0.1329510358537938,0.3058799853780738,0.13,0.17,2773.231975,2743.166444,4105.247296,50,133.08756625,17886.60917141124,128.17848596573387,17886.60917141124,475.896040943,17410.7131304682,-4.88235294117647,0.5302227380525923,0.46976230526427204,0.7995201389892694,0.5271081605568848,9.117956515270357,0.002581446503773484,3077.7560028174958,2979.843928598472,7931.60217261287,4.015282684122212e-07,0.0013536960859710234,1.3474808680566344e-10,1.7067117405463384e-07,GOOD,0.9941259073363267,1.5078948555200695,0,0
SACRAMENTO VALLEY - CORNING,Alfalfa,Sacramento River,1487.058699,269.8935267,6.236882445,3.537610105,0.306290873,0.13122437452970753,0.08146025298303902,1.86,0.17,739.7198673,484.1807412,381.4811931,50,176.88050525,1505.7489637063688,9.029458505029597,1505.7489637063688,524.235749495653,981.513214210716,-4.88235294117647,0.017518137031080058,0.982477693678892,0.026763794791326345,0.03396894585360186,2.7867416672236693,0.00036154215631413385,1586284.405593432,1487.0570425125,5260.623777411555,0.0016564874999858148,0.010102898998411547,1.1139355165332412e-06,1.920471796416887e-06,GOOD,1.939072961544676,1.5277763122781245,0,0
SACRAMENTO VALLEY - CORNING,Almonds & Pistachios,Sacramento River,12765.36373,4754.887721,0.773452267,3.61367267,0.287448101,0.311217018052816,0.03090217019351817,0.4,0.17,2039.310074,2110.873995,639.9084906,50,180.6836335,3496.314260546914,19.312227852191974,3496.314260546914,524.235749495653,2972.07851105126,-4.88235294117647,0.03524046462651943,0.9647555710500144,0.03386800997892746,0.10747980197796873,0.3938499834843,0.00019584244153769993,1245831.3619408647,12765.362691888284,46129.806996963634,0.0010381117153883679,0.03903674662433332,8.132253317221913e-08,8.462362218986483e-07,GOOD,3.0498974152879694,0.9610545813701002,0,0
SACRAMENTO VALLEY - CORNING,Citrus & Subtropical,Sacramento River,1784.775866,1103.5,3.7,2.972946835,0.183365181,0.09485584338438294,0.7506750003126099,0.13,0.17,2549.235389,1743.692937,5418.931559,50,148.64734175,3933.616400592,26.039175543474485,3933.616400592,524.235749495653,3409.38065109635,-4.88235294117647,0.11467856552021427,0.8853067741027185,0.15944416948453444,0.056678025359005194,2.3926314625960314,0.004309957255051594,360.99326724524155,1784.7758342144023,5306.0396926890735,3.1785597684574896e-05,0.0040693200107853045,1.7809293755082017e-08,7.669216827651068e-07,GOOD,0.49423381869050864,1.3903572019867076,0,0
SACRAMENTO VALLEY - CORNING,Corn,Sacramento River,1365.02664,227.9768413,5.774421032,2.826875063,0.234536008,1.320694044672553,0.03352518541352239,0.3,0.17,423.9938724,1022.014707,159.5840787,50,141.34375315,1174.2107531046463,8.815327964760515,1174.2107531046463,524.235749495653,649.975003608993,-4.88235294117647,0.04944072026089574,0.9505321176511766,0.020834757196819955,0.13076874602616476,3.1928902368147525,0.0024419547836321592,9498.771617759276,1365.0263655229403,3858.755882658982,0.0002744770597473689,0.0038862876967868942,2.0107817071421323e-07,1.0071338796630322e-06,GOOD,2.644960375498291,0.4214088525991567,0,0
SACRAMENTO VALLEY - CORNING,Dry Beans,Sacramento River,44.18771134,1188.0,1.3,2.293810917,0.272510229,0.8579188204514863,0.04137219977784526,1.68,0.17,521.9411016,903.6303871,214.6292221,50,114.69054585,1428.847243124,12.728879713666407,1428.847243124,524.235749495653,904.611493628347,-4.88235294117647,0.17786006362427528,0.8220665455902234,0.10024131380765865,0.4564734694490456,0.9273540274850028,0.013470670401054883,37042.05573314072,44.18768498591923,101.35815007656156,2.6354080766566312e-05,0.00010459237513771313,5.96411988025047e-07,1.0319078152967407e-06,GOOD,2.5664753522934403,0.5635965250716192,0,0
SACRAMENTO VALLEY - CORNING,Grain,Sacramento River,5796.708944,210.894477,2.677356409,0.78906264,0.351483763,0.6729928083090427,0.036299510576689786,0.74,0.17,345.3012994,477.8051109,110.9675411,50,39.453132000000004,524.2357494956531,13.309400204144309,524.2357494956531,524.235749495653,0.0,-4.88235294117647,0.9758024419832713,0.023082753120752114,0.7051951595090986,3.0364361240299953,2.704406863821833,0.00023312389226478152,390.3319010939654,5796.715531511385,4573.96811581109,-0.00658751138507796,-0.0016531468372704694,1.1364226578766725e-06,3.6142522048741505e-07,GOOD,3.1117324505343373,0.7226823065494933,0,0
SACRAMENTO VALLEY - CORNING,Other Deciduous,Sacramento River,15055.78563,1739.085959,2.022984734,3.327741402,0.215021845,0.542542160251163,0.5586272122329681,0.13,0.17,2284.866179,4950.948854,6009.195442,50,166.3870701,3350.8541222047497,20.028747547739194,3350.8541222047497,524.235749495653,2826.6183727091,-4.88235294117647,0.053793075823915404,0.9461958779289341,0.03386498778480221,0.033373874284334484,1.1229199180696774,0.0005109203784743109,2524.760599190904,15055.785253984592,50101.72167665258,0.0003760154086194234,0.039503935069660656,2.4974811534921102e-08,7.88473980530784e-07,GOOD,0.6204120841421951,0.6295417628777134,0,0
SACRAMENTO VALLEY - CORNING,Pasture,Sacramento River,7694.089861,287.120707,5.0,3.965593094,0.350906068,0.10289172336777223,0.06852420918280822,0.51,0.17,328.209843,177.7241242,145.0367898,10,39.65593094,1395.251617655,33.8829367193422,1395.251617655,524.235749495653,871.015868159347,-4.88235294117647,0.04048993198903307,0.9595000563642851,0.07477428444076552,0.09162636768897542,2.607603370829807,0.00025484291828515855,481249.8627483034,7694.086800332142,30511.503425287796,0.003060667858335364,0.12619210922639468,3.9779465974908293e-07,4.135869201638541e-06,GOOD,2.262942000342034,1.8467377139832826,0,0
SACRAMENTO VALLEY - CORNING,Rice,Sacramento River,66.29221535,549.0,4.6,4.534377778,0.381523094,0.7787889472798347,0.016559817107172286,0.2,0.17,851.2633133,1216.2235,177.3500304,50,226.71888889999997,2297.675009832,10.561611421603342,2297.675009832,524.235749495653,1773.43926033635,-4.88235294117647,0.006277493328650038,0.9937208005404238,0.004393764604143536,0.0301313720205864,1.659943637969102,0.07542363720388173,158.46372394269582,66.29220936169972,300.5937167399083,5.9883002876404134e-06,0.00023139752221368326,9.033187767257823e-08,7.698010011428744e-07,GOOD,4.7999050645054355,0.699923420721246,0,0
SACRAMENTO VALLEY - CORNING,Sunflowers,Sacramento River,83.27651041,3732.0,0.6,2.873453662,0.386904762,0.3895547862245365,0.0812011031754898,0.74,0.17,734.0697039,736.5793439,336.2917618,50,143.6726831,2094.5749359479996,14.745517608238785,2094.5749359479996,524.235749495653,1570.33918645235,-4.88235294117647,0.07772510836488919,0.9222539119221194,0.07746028693577331,0.16966115100166115,0.3604454410755456,0.016227281194879158,25059.376486360386,83.27649292903126,239.29099260072687,1.7480968736549585e-05,0.00020119546877594985,2.0991476048269233e-07,8.407976306362033e-07,GOOD,2.182835824495322,0.9965928458037955,0,0
SACRAMENTO VALLEY - CORNING,Truck Crops,Sacramento River,28.30385648,2654.838885,14.56835642,2.662234731,0.139554281,1.1244727167916924,1.262909809962677,0.339190163,0.17,7441.94487,27484.23099,27982.75263,50,133.11173655,38542.57187114039,274.74939822215237,38542.57187114039,524.235749495653,38018.3361216447,-4.88235294117647,0.708404662281415,0.29158034073337974,0.2495620424381164,0.2354869388222997,13.584819047162132,0.1041624383988538,19138.025641685876,28.3038563790212,75.35148746400544,1.0097879865611503e-07,2.227828996126391e-05,3.567669258338291e-09,2.9565817642481724e-07,GOOD,0.332418674467662,0.35228740820875265,0,0
SACRAMENTO VALLEY - CORNING,Vineyard,Sacramento River,20.78994879,1849.908129,10.02560391,2.661751325,0.302297005,0.1329510358537938,0.3058799853780738,0.13,0.17,2773.231975,2743.166444,4105.247296,50,133.08756625,18412.55174858718,131.9194759383738,18412.55174858718,524.235749495653,17888.3159990915,-4.88235294117647,0.5374343884275522,0.462550884492527,0.8103945494894808,0.5342774490292842,8.841359415424622,0.3700012813888077,22.062096775016403,20.789948729636382,55.337666156416624,6.036361810402013e-08,7.582048020537968e-06,2.9035000862077706e-09,1.3701421668666505e-07,GOOD,0.9941259073363267,1.5078948555200695,0,0
SACRAMENTO VALLEY - LOS MOLINOS,Alfalfa,Sacramento River,28.69296742,277.0,6.0,3.537610105,0.306290873,0.13122437452970753,0.08146025298303902,1.86,0.17,739.7198673,484.1807412,381.4811931,50,176.88050525,1484.454765012,8.915233027595054,1484.454765012,521.196069877,963.258695135,-4.88235294117647,0.0172747258962304,0.9827211037807946,0.0263919170253583,0.03349695390347599,2.6740528791230656,0.018737497615091584,30038.466851230118,28.692932401127536,101.50434745486412,3.501887246315505e-05,0.00018403256366639198,1.2204688330265093e-06,1.8130477621995231e-06,GOOD,1.939072961544676,1.5277763122781245,0,0
SACRAMENTO VALLEY - LOS MOLINOS,Almonds & Pistachios,Sacramento River,210.77858,4778.401792,0.930364278,3.61367267,0.287448101,0.311217018052816,0.03090217019351817,0.4,0.17,2039.310074,2110.873995,639.9084906,50,180.6836335,4264.289906616986,23.34502188439215,4264.289906616986,521.196069877,3743.09383673999,-4.88235294117647,0.042650383884144216,0.9573456822407197,0.04098934682905029,0.1300792955692911,0.491738043116845,0.011860787751772498,25906.833006853318,210.77856531737848,761.6840985164056,1.4682621525707873e-05,0.0006954510030254824,6.965898302241087e-08,9.130430442270844e-07,GOOD,3.0498974152879694,0.9610545813701002,0,0
SACRAMENTO VALLEY - LOS MOLINOS,Citrus & Subtropical,Sacramento River,6.773498759,1088.0,3.4,2.972946835,0.183365181,0.09485584338438294,0.7506750003126099,0.13,0.17,2549.235389,1743.692937,5418.931559,50,148.64734175,3549.8664005919995,23.59179470001367,3549.8664005919995,521.196069877,3028.670330715,-4.88235294117647,0.10466231321940123,0.8953228605405693,0.14551800096118309,0.05172765473540677,2.1596028494527517,1.1356476122604826,1.2170485966587987,6.773498616960528,20.13726746616782,1.4203947173996312e-07,-1.5768722342102137e-05,2.0969882300669823e-08,7.83062285709151e-07,GOOD,0.49423381869050864,1.3903572019867076,0,0
SACRAMENTO VALLEY - LOS MOLINOS,Corn,Sacramento River,90.81642469,221.0,5.6,2.826875063,0.234536008,1.320694044672553,0.03352518541352239,0.3,0.17,423.9938724,1022.014707,159.5840787,50,141.34375315,1095.3764858929999,8.28742472064016,1095.3764858929999,521.196069877,574.180416016,-4.88235294117647,0.0462756021087449,0.9536971453605542,0.019500948387981307,0.12239713392995541,3.0596111932064223,0.03670408017835538,558.2942026470004,90.8164031283318,256.7264153258769,2.1561668205549722e-05,0.00027094110157577234,2.374203595786779e-07,1.0553678914938037e-06,GOOD,2.644960375498291,0.4214088525991567,0,0
SACRAMENTO VALLEY - LOS MOLINOS,Grain,Sacramento River,46.94787095,216.0,2.6,0.78906264,0.351483763,0.6729928083090427,0.036299510576689786,0.74,0.17,345.3012994,477.8051109,110.9675411,50,39.453132000000004,521.196069877,13.23775041756828,521.196069877,521.196069877,0.0,-4.88235294117647,0.9756648458923328,0.023214010026730666,0.705095721248727,3.0360079618087554,2.626415376587254,0.028784081663480655,3.161319965736004,46.95343776224564,37.04920480003566,-0.005566812245639596,-0.004393805849346677,0.00011857432792997818,0.00011860786251645948,GOOD,3.1117324505343373,0.7226823065494933,0,0
SACRAMENTO VALLEY - LOS MOLINOS,Other Deciduous,Sacramento River,1494.273963,2153.025639,1.987283773,3.327741402,0.215021845,0.542542160251163,0.5586272122329681,0.13,0.17,2284.866179,4950.948854,6009.195442,50,166.3870701,4111.382691271657,24.358426268643242,4111.382691271657,521.196069877,3590.18662139466,-4.88235294117647,0.06520541600992358,0.9347836709733297,0.04104953254406196,0.04045422804407554,1.145368896680261,0.005147856338782831,318.26569637392976,1494.2739316023565,4972.552853610618,3.1397643624586635e-05,0.004478995098907035,2.1011972638237447e-08,9.007427766669821e-07,GOOD,0.6204120841421951,0.6295417628777134,0,0
SACRAMENTO VALLEY - LOS MOLINOS,Pasture,Sacramento River,7319.13445,272.0,5.0,3.965593094,0.350906068,0.10289172336777223,0.06852420918280822,0.51,0.17,328.209843,177.7241242,145.0367898,10,39.65593094,1319.648082655,32.09855145578573,1319.648082655,521.196069877,798.452012778,-4.88235294117647,0.03838066969881396,0.9616092966462008,0.07087903022073513,0.08685322946270095,2.5800285122172038,0.00026789838704568275,419673.6834069187,7319.130991150945,29024.568107346237,0.0034588490543683292,0.14092163124951185,4.7257624217687783e-07,4.855229766776283e-06,GOOD,2.262942000342034,1.8467377139832826,0,0
SACRAMENTO VALLEY - LOS MOLINOS,Safflower,Sacramento River,143.1242232,564.0,1.0,2.357007476,0.396694215,0.4537037030434028,0.03215870805598959,0.74,0.17,212.2655769,227.006242,60.43672676,10,23.57007476,539.4960409429999,21.92065600066421,539.4960409429999,521.196069877,18.2999710659999,-4.88235294117647,0.2582568985367486,0.7414861373748913,0.2414869702737936,0.9070486227644502,0.7646499335776759,0.009441807411335186,512.6542716010823,143.12231467580676,337.33903717603783,0.0019085241932259578,0.005826903054810373,1.3334739225511883e-05,1.7272837607049556e-05,GOOD,3.5121951355556216,0.9350649358914657,0,0
SACRAMENTO VALLEY - LOS MOLINOS,Truck Crops,Sacramento River,34.72675648,133.0,22.8,2.662234731,0.139554281,1.1244727167916924,1.262909809962677,0.41,0.17,7441.94487,27484.23099,27982.75263,50,133.11173655,2898.332756785,21.54142899297626,2898.332756785,521.196069877,2377.136686908,-4.88235294117647,0.1544737900142528,0.845482723885588,0.05441917112030421,0.05134997251653387,15.69692855955793,0.07023473072265177,2953.064238753965,34.72675400653137,92.45072246191674,2.4734686263627736e-06,5.473411856371513e-05,7.122659519864187e-08,5.920352453896122e-07,GOOD,0.332418674467662,0.35228740820875265,0,0
SACRAMENTO VALLEY - LOS MOLINOS,Vineyard,Sacramento River,32.95819986,1849.908129,10.02560391,2.661751325,0.302297005,0.1329510358537938,0.3058799853780738,0.13,0.17,2773.231975,2743.166444,4105.247296,50,133.08756625,18412.55174858718,131.9194759383738,18412.55174858718,521.196069877,17891.3556787102,-4.88235294117647,0.5374343884275526,0.4625508844925264,0.8103945494894814,0.5342774490292846,8.841359415424625,0.23339586885761704,34.98087260627887,32.9581997611366,87.72648956888216,9.886340279763317e-08,4.257808765828486e-05,2.9996602732426408e-09,4.853501741862203e-07,GOOD,0.9941259073363267,1.5078948555200695,0,0
SACRAMENTO VALLEY - NORTH AMERICAN,Alfalfa,Sacramento River,3222.621981,284.2801478,7.135551533,3.537610105,0.306290873,0.13122437452970753,0.08146025298303902,1.86,0.17,739.7198673,484.1807412,381.4811931,50,176.88050525,1850.9504094477568,10.88117410686304,1850.9504094477568,486.695256451173,1364.25515299658,-4.88235294117647,0.021447334212247947,0.978548513171785,0.032766729170984624,0.041587945868182076,3.3097369987136984,0.00016683136023149672,4777753.598750535,3222.6208863941038,11400.372375510577,0.0010946058960144,0.007709070141572738,3.396631384220674e-07,6.76211677538667e-07,GOOD,1.939072961544676,1.5277763122781245,0,0
SACRAMENTO VALLEY - NORTH AMERICAN,Almonds & Pistachios,Sacramento River,6266.072539,4601.800118,0.549226813,3.61367267,0.287448101,0.311217018052816,0.03090217019351817,0.4,0.17,2039.310074,2110.873995,639.9084906,50,180.6836335,2346.067586281164,13.272052037666505,2346.067586281164,486.695256451173,1859.37232982999,-4.88235294117647,0.02392507263246449,0.9760709165476393,0.022993300663042403,0.07296901718233038,0.25961057180298774,0.00039897399598233404,382606.81610724435,6266.072193841687,22643.526327417643,0.00034515831248427276,0.008755004164413549,5.5083676471347784e-08,3.866447589806799e-07,GOOD,3.0498974152879694,0.9610545813701002,0,0
SACRAMENTO VALLEY - NORTH AMERICAN,Citrus & Subtropical,Sacramento River,91.09683955,1059.333333,2.266666667,2.972946835,0.183365181,0.09485584338438294,0.7506750003126099,0.13,0.17,2549.235389,1743.692937,5418.931559,50,148.64734175,2251.8219557451107,15.313464776159588,2251.8219557451107,486.695256451173,1765.12669929394,-4.88235294117647,0.06903536398815754,0.9309492198115014,0.09598381551270864,0.03411961156855633,1.3283470149694772,0.08444099411468213,9.539835275531068,91.09683822268431,270.82598385502706,1.3273156866944191e-06,7.696364826870195e-05,1.4570381291503533e-08,2.841811014643491e-07,GOOD,0.49423381869050864,1.3903572019867076,0,0
SACRAMENTO VALLEY - NORTH AMERICAN,Corn,Sacramento River,977.5315608,248.4627258,6.361128724,2.826875063,0.234536008,1.320694044672553,0.03352518541352239,0.3,0.17,423.9938724,1022.014707,159.5840787,50,141.34375315,1438.279867822716,10.583631866887288,1438.279867822716,486.695256451173,951.584611371543,-4.88235294117647,0.05989147365484366,0.9400816628859298,0.02523879719336029,0.15841057464726127,3.6432437443157095,0.0034099495781040293,9957.680943272115,977.5315038965701,2763.358511907157,5.690342982234142e-05,0.001080613831163646,5.821134795460962e-08,3.91050746377098e-07,GOOD,2.644960375498291,0.4214088525991567,0,0
SACRAMENTO VALLEY - NORTH AMERICAN,Cucurbits,Sacramento River,275.5300049,203.0,12.0,1.97136542,0.087908733,0.5954029958862788,4.8590594140887005,0.05,0.17,920.9338517,2396.72349,6846.813993,50,98.568271,2336.461468434,23.307557018376357,2336.461468434,486.695256451173,1849.76621198283,-4.88235294117647,0.4629613743575735,0.5368637974015753,0.17789152624166935,0.062270831414042105,10.336798954200367,0.07258737576424294,5.252750194854895e-05,275.5300041028728,543.1701633072073,7.971271998030716e-07,0.00016052508317443426,2.893068579200216e-09,2.955336036068091e-07,GOOD,0.13450545739469513,0.38424701518246485,0,0
SACRAMENTO VALLEY - NORTH AMERICAN,Dry Beans,Sacramento River,284.0057639,1366.283453,0.938940486,2.293810917,0.272510229,0.8579188204514863,0.04137219977784526,1.68,0.17,521.9411016,903.6303871,214.6292221,50,114.69054585,1167.306092497578,10.573268572448049,1167.306092497578,486.695256451173,680.610836046405,-4.88235294117647,0.15019911761479499,0.8497250223624542,0.08465170075652188,0.3854823332945948,0.6492011744328694,0.0020958662495585193,179143.28246879994,284.005668390833,651.4550984598317,9.550916695388878e-05,0.00042326491279709444,3.36293058430737e-07,6.497218899557259e-07,GOOD,2.5664753522934403,0.5635965250716192,0,0
SACRAMENTO VALLEY - NORTH AMERICAN,Grain,Sacramento River,17051.68711,190.0848062,2.772968535,0.78906264,0.351483763,0.6729928083090427,0.036299510576689786,0.74,0.17,345.3012994,477.8051109,110.9675411,50,39.453132000000004,486.6952564511729,12.424514738554413,486.6952564511729,486.695256451173,0.0,-4.88235294117647,0.9739858661771921,0.02481563752288342,0.7038823523155393,3.030783426145363,2.803044880674786,7.925030189879854e-05,1148.2062513066148,17051.6949351419,13454.850951293327,-0.007825141899957089,-0.0017038227560988162,4.5890719489967754e-07,1.2663261585179962e-07,GOOD,3.1117324505343373,0.7226823065494933,0,0
SACRAMENTO VALLEY - NORTH AMERICAN,Onions & Garlic,Sacramento River,14.18800314,495.9719202,11.53054091,2.113494575,0.178481578,0.8220938475297447,0.4158621200492846,0.41,0.17,887.6914461,1905.136225,1355.002253,50,105.67472874999999,5612.315813727354,51.13666225341342,5612.315813727354,486.695256451173,5125.62055727618,-4.88235294117647,0.5789709755098269,0.4209614055607902,0.26976946588641915,0.3792964774982269,10.349197373104206,0.17190751694772338,2601.428381278051,14.188003004564722,29.98627329725015,1.3543527721537885e-07,-5.6307771885144575e-06,9.545760307421165e-09,1.8777852752945693e-07,GOOD,0.6551217479671209,0.46594644170006466,0,0
SACRAMENTO VALLEY - NORTH AMERICAN,Other Deciduous,Sacramento River,19182.94132,1756.949957,1.725053902,3.327741402,0.215021845,0.542542160251163,0.5586272122329681,0.13,0.17,2284.866179,4950.948854,6009.195442,50,166.3870701,2863.543154975582,17.254492889740035,2863.543154975582,486.695256451173,2376.84789852441,-4.88235294117647,0.046332953474771954,0.9536559131868159,0.02916852920983901,0.028745524229746626,0.9302400704985408,0.00040099730088251616,2705.0322317937585,19182.941078552038,63835.84641630077,0.00024144796407199465,0.02162639977177605,1.2586597646538316e-08,3.3878132208227993e-07,GOOD,0.6204120841421951,0.6295417628777134,0,0
SACRAMENTO VALLEY - NORTH AMERICAN,Pasture,Sacramento River,7505.827176,172.5909001,5.0,3.965593094,0.350906068,0.10289172336777223,0.06852420918280822,0.51,0.17,328.209843,177.7241242,145.0367898,10,39.65593094,822.602583155,20.367345175221416,822.602583155,486.695256451173,335.907326703827,-4.88235294117647,0.02427932254474243,0.9757104966650725,0.04483754061334041,0.05494269872634888,2.357529762071093,0.00026123494023352,181168.9866078774,7505.823897099906,29764.99536241565,0.0032789000933917123,0.061051487467921106,4.3684726766372224e-07,2.051112775294598e-06,GOOD,2.262942000342034,1.8467377139832826,0,0
SACRAMENTO VALLEY - NORTH AMERICAN,Rice,Sacramento River,56307.03466,554.6265155,4.350005107,4.534377778,0.381523094,0.7787889472798347,0.016559817107172286,0.2,0.17,851.2633133,1216.2235,177.3500304,50,226.71888889999997,2184.903184734615,10.089982295134824,2184.903184734615,486.695256451173,1698.20792828344,-4.88235294117647,0.005971279292817279,0.9940270140505153,0.004179438228710613,0.02866157371917009,1.5552102642713976,8.879885133698852e-05,128886.86648832266,56307.03240823346,255317.2695722935,0.0022517665347550064,0.09713508625281975,3.999085635306312e-08,3.8044841017080774e-07,GOOD,4.7999050645054355,0.699923420721246,0,0
SACRAMENTO VALLEY - NORTH AMERICAN,Safflower,Sacramento River,261.7399337,580.9754582,1.033450199,2.357007476,0.396694215,0.4537037030434028,0.03215870805598959,0.74,0.17,212.2655769,227.006242,60.43672676,10,23.57007476,575.9052438339062,23.335751057100282,575.9052438339062,486.695256451173,89.2099873827333,-4.88235294117647,0.2709541712657867,0.7287932633967215,0.25335974478416806,0.9516439222782008,0.7975922242344904,0.005162954434382328,4493.219833134873,261.7396267035405,616.9213447264806,0.0003069964594715202,0.0016357721638087241,1.1729064615084382e-06,2.651501428081943e-06,GOOD,3.5121951355556216,0.9350649358914657,0,0
SACRAMENTO VALLEY - NORTH AMERICAN,Sunflowers,Sacramento River,417.6073916,3512.820364,0.6,2.873453662,0.386904762,0.3895547862245365,0.0812011031754898,0.74,0.17,734.0697039,736.5793439,336.2917618,50,143.6726831,1963.0671543479998,13.87951621970573,1963.0671543479998,486.695256451173,1476.37189789683,-4.88235294117647,0.07320320586449294,0.9267757115592401,0.07295379125445611,0.15979058022892126,0.35636150509743725,0.0032359373385941557,118147.63428907009,417.6073520696955,1199.9749939404135,3.9530304547952255e-05,0.0004947308748342039,9.465901548461062e-08,4.1228415038878056e-07,GOOD,2.182835824495322,0.9965928458037955,0,0
SACRAMENTO VALLEY - NORTH AMERICAN,Tomato Processing,Sacramento River,300.6240858,103.2908517,39.89825454,2.666779844,0.124471553,2.283636824869254,0.28639447182202826,0.74,0.17,657.2463564,2815.18314,996.9547547,50,133.3389922,3986.9392733729915,29.249680607144416,3986.9392733729915,486.695256451173,3500.24401692182,-4.88235294117647,0.19923360775746293,0.8007303161126357,0.046514047772412186,0.13134554232557347,28.866330732222682,0.004495153300026606,201597.3519812177,300.62407498687804,801.697983745568,1.081312194628481e-05,0.00026888679860803677,3.5968914192319885e-08,3.3539651324566343e-07,GOOD,0.6592539471827814,0.23346486717761028,0,0
SACRAMENTO VALLEY - NORTH AMERICAN,Truck Crops,Sacramento River,279.6261938,775.3457323,21.38797527,2.662234731,0.139554281,1.1244727167916924,1.262909809962677,0.397853551,0.17,7441.94487,27484.23099,27982.75263,50,133.11173655,16449.00810491744,117.8021171669206,16449.00810491744,486.695256451173,15962.3128484663,-4.88235294117647,0.5090377964374235,0.49093695297743034,0.17932760598723455,0.16921366954566788,18.656395220657583,0.008988741893779587,143815.89031896897,279.6261926170912,744.4303453305147,1.1829088180093095e-06,0.000219501182186832,4.230321923472498e-09,2.948578316856959e-07,GOOD,0.332418674467662,0.35228740820875265,0,0
SACRAMENTO VALLEY - NORTH AMERICAN,Vineyard,Sacramento River,60.99858761,1732.281685,10.45176904,2.661751325,0.302297005,0.1329510358537938,0.3058799853780738,0.13,0.17,2773.231975,2743.166444,4105.247296,50,133.08756625,17971.51366118603,128.78240521217535,17971.51366118603,486.695256451173,17484.8184047349,-4.88235294117647,0.531402118620477,0.4685829622452916,0.8012985208802831,0.528280613334028,9.19623309840108,0.12610632464950103,63.271041344869374,60.998587533097286,162.36303589592595,7.690271530691462e-08,3.54981201269311e-05,1.2607294417798506e-09,2.186341994035032e-07,GOOD,0.9941259073363267,1.5078948555200695,0,0
SACRAMENTO VALLEY - NORTH YUBA,Alfalfa,Sacramento River,25.53578782,311.0,6.1,3.537610105,0.306290873,0.13122437452970753,0.08146025298303902,1.86,0.17,739.7198673,484.1807412,381.4811931,50,176.88050525,1719.554765012,10.176346917358952,1719.554765012,492.396069877,1227.158695135,-4.88235294117647,0.019955455693475375,0.9800403853595766,0.03048747250920731,0.038695084570520864,2.791736015498615,0.021054153973705383,34054.904041703456,25.535766138898264,90.33553008264808,2.1681101735282482e-05,0.00013094851985329115,8.490476929128275e-07,1.4495772583997677e-06,GOOD,1.939072961544676,1.5277763122781245,0,0
SACRAMENTO VALLEY - NORTH YUBA,Almonds & Pistachios,Sacramento River,793.8739567,4651.629628,0.70086082,3.61367267,0.287448101,0.311217018052816,0.03090217019351817,0.4,0.17,2039.310074,2110.873995,639.9084906,50,180.6836335,3078.7805288253753,17.119674546438766,3078.7805288253753,492.396069877,2586.38445894838,-4.88235294117647,0.031163494569724802,0.9688325243540041,0.029949819227736263,0.09504546153954435,0.3484854145962683,0.003149114514843235,67424.33751768338,793.8738859138866,2868.798215022144,7.07861133832921e-05,0.0024057294094745885,8.916543084186567e-08,8.385836896690115e-07,GOOD,3.0498974152879694,0.9610545813701002,0,0
SACRAMENTO VALLEY - NORTH YUBA,Citrus & Subtropical,Sacramento River,296.9908027,832.0,2.8,2.972946835,0.183365181,0.09485584338438294,0.7506750003126099,0.13,0.17,2549.235389,1743.692937,5418.931559,50,148.64734175,2180.2664005919996,14.857116385475736,2180.2664005919996,492.396069877,1687.870330715,-4.88235294117647,0.06698876650893819,0.9329957834003282,0.09313831396790817,0.03310811388107937,1.6314964885774152,0.02590082797977397,29.740332915342233,296.99079258644645,882.9371804923028,1.0113553571500233e-05,0.0006864187718065295,3.405342347155531e-08,7.774259067718323e-07,GOOD,0.49423381869050864,1.3903572019867076,0,0
SACRAMENTO VALLEY - NORTH YUBA,Corn,Sacramento River,189.8152257,253.0,6.6,2.826875063,0.234536008,1.320694044672553,0.03352518541352239,0.3,0.17,423.9938724,1022.014707,159.5840787,50,141.34375315,1527.5764858930002,11.181594859829461,1527.5764858930002,492.396069877,1035.180416016,-4.88235294117647,0.06337366123275144,0.9365995748110063,0.026706221865101444,0.16762082281087973,3.819941608429174,0.017560937596236954,2103.383484379842,189.81520306729954,536.5834626957475,2.2632700478197876e-05,0.00046541329936644615,1.1923543221958657e-07,8.673634728617197e-07,GOOD,2.644960375498291,0.4214088525991567,0,0
SACRAMENTO VALLEY - NORTH YUBA,Cucurbits,Sacramento River,2.00167702,203.0,12.0,1.97136542,0.087908733,0.5954029958862788,4.8590594140887005,0.05,0.17,920.9338517,2396.72349,6846.813993,50,98.568271,2336.461468434,23.307557018376357,2336.461468434,492.396069877,1844.065398557,-4.88235294117647,0.46296137435757295,0.5368637974015756,0.17789152624166912,0.062270831414042035,10.336798954200365,9.991621925099585,3.80427051598528e-07,2.001677007646443,3.946050042955846,1.2353556844146851e-08,-1.3183719198117672e-05,6.171603470847086e-09,3.341002547215951e-06,GOOD,0.13450545739469513,0.38424701518246485,0,0
SACRAMENTO VALLEY - NORTH YUBA,Grain,Sacramento River,74.66983645,222.0,2.4,0.78906264,0.351483763,0.6729928083090427,0.036299510576689786,0.74,0.17,345.3012994,477.8051109,110.9675411,50,39.453132000000004,492.39606987699995,12.558891421795545,492.39606987699995,492.396069877,0.0,-4.88235294117647,0.9742790939519373,0.024535919035261047,0.7040942628401365,3.0316958725274357,2.4257435953679436,0.018097687307193123,5.028028748290381,74.6723523376079,58.921134543055366,-0.0025158876078990033,-0.0019562654501328325,3.369349294857071e-05,3.3202524327743304e-05,GOOD,3.1117324505343373,0.7226823065494933,0,0
SACRAMENTO VALLEY - NORTH YUBA,Other Deciduous,Sacramento River,921.935179,1603.648369,1.86919762,3.327741402,0.215021845,0.542542160251163,0.5586272122329681,0.13,0.17,2284.866179,4950.948854,6009.195442,50,166.3870701,2830.2454906856815,17.064929743271165,2830.2454906856815,492.396069877,2337.84942080868,-4.88235294117647,0.04581891193272695,0.9541699487278164,0.02884491859126762,0.028426606645310815,1.0058028586527756,0.008343653510056255,127.87140369571135,921.9351525171221,3067.9594764745616,2.6482877842681773e-05,0.002388644018992636,2.872531436690277e-08,7.785768285292269e-07,GOOD,0.6204120841421951,0.6295417628777134,0,0
SACRAMENTO VALLEY - NORTH YUBA,Pasture,Sacramento River,763.7727344,211.1296004,5.0,3.965593094,0.350906068,0.10289172336777223,0.06852420918280822,0.51,0.17,328.209843,177.7241242,145.0367898,10,39.65593094,1015.296084655,24.915273317201763,1015.296084655,492.396069877,522.900014778,-4.88235294117647,0.029794911462552472,0.9701949652975993,0.055023386682688455,0.0674241565450823,2.4540364597621718,0.0025672352853310892,28687.091614607052,763.7722502046258,3028.798817758071,0.0004841953741561156,0.013063164064988086,6.339521592591112e-07,4.312966462945511e-06,GOOD,2.262942000342034,1.8467377139832826,0,0
SACRAMENTO VALLEY - NORTH YUBA,Rice,Sacramento River,21675.60345,607.0091097,4.302831115,4.534377778,0.381523094,0.7787889472798347,0.016559817107172286,0.2,0.17,851.2633133,1216.2235,177.3500304,50,226.71888889999997,2384.1326941376083,10.923190761924673,2384.1326941376083,492.396069877,1891.73662426061,-4.88235294117647,0.006512127748013738,0.9934861665239064,0.00455799072956352,0.03125759495839752,1.5633748699014187,0.00023067408533901742,55268.41809796792,21675.60168640048,98285.28986863987,0.0017635995172895491,0.08473978025722317,8.136334111101987e-08,8.621809765169628e-07,GOOD,4.7999050645054355,0.699923420721246,0,0
SACRAMENTO VALLEY - NORTH YUBA,Safflower,Sacramento River,7.12631384,567.0,1.1,2.357007476,0.396694215,0.4537037030434028,0.03215870805598959,0.74,0.17,212.2655769,227.006242,60.43672676,10,23.57007476,599.196040943,24.240980758181326,599.196040943,492.396069877,106.799971066,-4.88235294117647,0.2788510431632613,0.7208991272341451,0.26074383279872326,0.9793792773426171,0.8536908263468955,0.1896283803508928,146.35026213916473,7.126298503728345,16.796757515676145,1.5336271655286282e-05,1.7481526125351365e-05,2.1520623424138003e-06,1.0407668215037202e-06,GOOD,3.5121951355556216,0.9350649358914657,0,0
SACRAMENTO VALLEY - NORTH YUBA,Truck Crops,Sacramento River,64.14704741,555.0,22.8,2.662234731,0.139554281,1.1244727167916924,1.262909809962677,0.41,0.17,7441.94487,27484.23099,27982.75263,50,133.11173655,12519.932756785,89.8909254970062,12519.932756785,492.396069877,12027.536686908,-4.88235294117647,0.4410786905633241,0.5588925636594825,0.15538646871466386,0.14662279365299224,19.322857683133336,0.03802239524221155,27598.623596839916,64.14704658585413,170.77438761915198,8.241458715474437e-07,0.000109886853607577,1.2847760026737662e-08,6.434617300145335e-07,GOOD,0.332418674467662,0.35228740820875265,0,0
SACRAMENTO VALLEY - NORTH YUBA,Vineyard,Sacramento River,84.5289682,1799.69484,10.23615004,2.661751325,0.302297005,0.1329510358537938,0.3058799853780738,0.13,0.17,2773.231975,2743.166444,4105.247296,50,133.08756625,18288.051985797792,131.03391849464674,18288.051985797792,492.396069877,17795.6559159208,-4.88235294117647,0.5357473411049589,0.46423787810321376,0.8078506595107234,0.5326003115789918,9.021314887263612,0.09100202990893355,89.23670246065726,84.52896796731159,224.99494620124244,2.3268840720902517e-07,0.00014690599041955466,2.752765260998716e-09,6.529297523370393e-07,GOOD,0.9941259073363267,1.5078948555200695,0,0
SACRAMENTO VALLEY - RED BLUFF,Alfalfa,Sacramento River,128.6330529,277.0,6.0,3.537610105,0.306290873,0.13122437452970753,0.08146025298303902,1.86,0.17,739.7198673,484.1807412,381.4811931,50,176.88050525,1484.454765012,8.915233027595054,1484.454765012,521.196069877,963.258695135,-4.88235294117647,0.01727472589623041,0.9827211037807949,0.026391917025358317,0.03349695390347601,2.674052879123066,0.004179597673236522,134665.0431427974,128.6329075765411,455.0527223810814,0.0001453234588950636,0.0008653949581116649,1.1297520786359538e-06,1.901742962496057e-06,GOOD,1.939072961544676,1.5277763122781245,0,0
SACRAMENTO VALLEY - RED BLUFF,Almonds & Pistachios,Sacramento River,8102.48468,4898.498607,0.720289098,3.61367267,0.287448101,0.311217018052816,0.03090217019351817,0.4,0.17,2039.310074,2110.873995,639.9084906,50,180.6836335,3346.970716599287,18.527994972071888,3346.970716599287,521.196069877,2825.77464672229,-4.88235294117647,0.03378616073265029,0.966209868967958,0.03247034455902014,0.10304432429101401,0.3637898579827547,0.00030854732822524754,751837.0179996274,8102.483990115882,29279.70258933107,0.0006898841174916015,0.02485787862315192,8.514476049482658e-08,8.489791671718867e-07,GOOD,3.0498974152879694,0.9610545813701002,0,0
SACRAMENTO VALLEY - RED BLUFF,Citrus & Subtropical,Sacramento River,1659.31575,1088.0,3.4,2.972946835,0.183365181,0.09485584338438294,0.7506750003126099,0.13,0.17,2549.235389,1743.692937,5418.931559,50,148.64734175,3549.8664005919995,23.59179470001367,3549.8664005919995,521.196069877,3028.670330715,-4.88235294117647,0.10466231321940123,0.8953228605405695,0.14551800096118309,0.05172765473540677,2.1596028494527513,0.004635831180598203,298.14250755830693,1659.3157168918365,4933.053698015632,3.3108163506767596e-05,0.003809212519627181,1.9952901373212178e-08,7.721808460667123e-07,GOOD,0.49423381869050864,1.3903572019867076,0,0
SACRAMENTO VALLEY - RED BLUFF,Corn,Sacramento River,509.5332287,221.0,5.6,2.826875063,0.234536008,1.320694044672553,0.03352518541352239,0.3,0.17,423.9938724,1022.014707,159.5840787,50,141.34375315,1095.3764858929999,8.28742472064016,1095.3764858929999,521.196069877,574.180416016,-4.88235294117647,0.04627560210874488,0.953697145360554,0.019500948387981297,0.12239713392995535,3.059611193206422,0.006541935139024887,3132.356824332696,509.5331132841412,1440.3852905601202,0.00011541585877239413,0.00148742178566863,2.2651291863115763e-07,1.0326544289393046e-06,GOOD,2.644960375498291,0.4214088525991567,0,0
SACRAMENTO VALLEY - RED BLUFF,Cucurbits,Sacramento River,8.29807601,203.0,12.0,1.97136542,0.087908733,0.5954029958862788,4.8590594140887005,0.05,0.17,920.9338517,2396.72349,6846.813993,50,98.568271,2336.461468434,23.307557018376357,2336.461468434,521.196069877,1815.265398557,-4.88235294117647,0.46296137435757284,0.5368637974015757,0.1778915262416691,0.062270831414042015,10.336798954200363,2.4101972524592474,1.5524546970206454e-06,8.298075952840863,16.358544429541205,5.715913786730198e-08,-4.3308956279020094e-06,6.888239852035529e-09,2.647482967175409e-07,GOOD,0.13450545739469513,0.38424701518246485,0,0
SACRAMENTO VALLEY - RED BLUFF,Grain,Sacramento River,2757.087087,216.0,2.6,0.78906264,0.351483763,0.6729928083090427,0.036299510576689786,0.74,0.17,345.3012994,477.8051109,110.9675411,50,39.453132000000004,521.196069877,13.23775041756828,521.196069877,521.196069877,0.0,-4.88235294117647,0.9756648458923328,0.02321401002673065,0.705095721248727,3.0360079618087554,2.626415376587254,0.0004901373473921579,185.65345518412718,2757.0927303875305,2175.517188853526,-0.005643387530653854,-0.0027732753965210577,2.046865895989688e-06,1.2747676488202341e-06,GOOD,3.1117324505343373,0.7226823065494933,0,0
SACRAMENTO VALLEY - RED BLUFF,Other Deciduous,Sacramento River,12461.98262,1690.566218,1.908284592,3.327741402,0.215021845,0.542542160251163,0.5586272122329681,0.13,0.17,2284.866179,4950.948854,6009.195442,50,166.3870701,3058.7912415991127,18.366037571076998,3058.7912415991127,521.196069877,2537.59517172211,-4.88235294117647,0.04933603733950943,0.9506528643808014,0.031059095920115454,0.0306086737491222,1.0416175455683279,0.0006172619499534892,1876.129650548046,12461.982274918491,41470.22267151545,0.00034508150929468684,0.0328440629891702,2.7690739091617094e-08,7.91990851776455e-07,GOOD,0.6204120841421951,0.6295417628777134,0,0
SACRAMENTO VALLEY - RED BLUFF,Pasture,Sacramento River,2920.213556,272.0,5.0,3.965593094,0.350906068,0.10289172336777223,0.06852420918280822,0.51,0.17,328.209843,177.7241242,145.0367898,10,39.65593094,1319.648082655,32.09855145578573,1319.648082655,521.196069877,798.452012778,-4.88235294117647,0.03838066969881396,0.9616092966462005,0.07087903022073513,0.08685322946270095,2.580028512217204,0.000671452370220245,167442.85649532464,2920.2122944762814,11580.330535362424,0.001261523718767421,0.04817531635853811,4.3199707643827574e-07,4.160081251411364e-06,GOOD,2.262942000342034,1.8467377139832826,0,0
SACRAMENTO VALLEY - RED BLUFF,Rice,Sacramento River,146.0259018,549.0,4.6,4.534377778,0.381523094,0.7787889472798347,0.016559817107172286,0.2,0.17,851.2633133,1216.2235,177.3500304,50,226.71888889999997,2297.675009832,10.561611421603342,2297.675009832,521.196069877,1776.478939955,-4.88235294117647,0.006277493328650032,0.9937208005404238,0.004393764604143532,0.030131372020586373,1.6599436379691015,0.034240500749299255,349.6558567426805,146.02588868544677,662.1360347926071,1.3114553240711757e-05,0.0005693417231213971,8.980977401306318e-08,8.598553826604223e-07,GOOD,4.7999050645054355,0.699923420721246,0,0
SACRAMENTO VALLEY - RED BLUFF,Safflower,Sacramento River,221.8213511,564.0,1.0,2.357007476,0.396694215,0.4537037030434028,0.03215870805598959,0.74,0.17,212.2655769,227.006242,60.43672676,10,23.57007476,539.4960409429999,21.92065600066421,539.4960409429999,521.196069877,18.2999710659999,-4.88235294117647,0.2582568985367486,0.7414861373748912,0.2414869702737936,0.9070486227644502,0.7646499335776759,0.006092070689543967,794.5382034656062,221.81842352758287,522.8257880708398,0.0029275724171213824,0.00879480828098167,1.3197883804258293e-05,1.6821397376873645e-05,GOOD,3.5121951355556216,0.9350649358914657,0,0
SACRAMENTO VALLEY - RED BLUFF,Sunflowers,Sacramento River,54.13938576,3732.0,0.6,2.873453662,0.386904762,0.3895547862245365,0.0812011031754898,0.74,0.17,734.0697039,736.5793439,336.2917618,50,143.6726831,2094.5749359479996,14.745517608238785,2094.5749359479996,521.196069877,1573.378866071,-4.88235294117647,0.07772510836488908,0.9222539119221196,0.0774602869357732,0.1696611510016609,0.3604454410755455,0.02496059629013699,16323.027192845251,54.139374470198554,155.56688049834776,1.1289801449265724e-05,0.00013577215491977768,2.0853213036648466e-07,8.727566946690979e-07,GOOD,2.182835824495322,0.9965928458037955,0,0
SACRAMENTO VALLEY - RED BLUFF,Truck Crops,Sacramento River,11.19460621,133.0,22.8,2.662234731,0.139554281,1.1244727167916924,1.262909809962677,0.41,0.17,7441.94487,27484.23099,27982.75263,50,133.11173655,2898.332756785,21.54142899297626,2898.332756785,521.196069877,2377.136686908,-4.88235294117647,0.15447379001425285,0.845482723885588,0.054419171120304234,0.05134997251653389,15.696928559557934,0.21787496089546707,951.9573555544465,11.19460544204812,29.802661667779326,7.679518798653362e-07,7.784350952277919e-06,6.860016917605681e-08,2.6119643291622983e-07,GOOD,0.332418674467662,0.35228740820875265,0,0
SACRAMENTO VALLEY - RED BLUFF,Vineyard,Sacramento River,89.09814975,1849.908129,10.02560391,2.661751325,0.302297005,0.1329510358537938,0.3058799853780738,0.13,0.17,2773.231975,2743.166444,4105.247296,50,133.08756625,18412.55174858718,131.9194759383738,18412.55174858718,521.196069877,17891.3556787102,-4.88235294117647,0.5374343884275526,0.46255088449252646,0.8103945494894814,0.5342774490292846,8.841359415424623,0.08633521250319445,94.5661789508885,89.0981494920845,237.15696046260683,2.5791550228859705e-07,0.00015768950410688376,2.894734660734041e-09,6.64915754313319e-07,GOOD,0.9941259073363267,1.5078948555200695,0,0
SACRAMENTO VALLEY - SOLANO,Alfalfa,Sacramento River,23128.64924,262.4511305,5.645875688,3.537610105,0.306290873,0.13122437452970753,0.08146025298303902,1.86,0.17,739.7198673,484.1807412,381.4811931,50,176.88050525,1304.2212219900653,7.948431562234268,1304.2212219900653,523.159791043,781.061430947065,-4.88235294117647,0.015209659606262754,0.9847861613073844,0.023236957664261662,0.02949263969680235,2.4588173992838125,2.3245387269410227e-05,19634824.496498633,23128.644569903943,81820.1048746273,0.004670096055633621,0.03839179726492148,2.019182360013006e-07,4.6922182890720757e-07,GOOD,1.939072961544676,1.5277763122781245,0,0
SACRAMENTO VALLEY - SOLANO,Almonds & Pistachios,Sacramento River,1470.874609,4840.917178,0.843485779,3.61367267,0.287448101,0.311217018052816,0.03090217019351817,0.4,0.17,2039.310074,2110.873995,639.9084906,50,180.6836335,3901.880370368812,21.441936776846024,3901.880370368812,523.159791043,3378.72057932581,-4.88235294117647,0.039167860134961464,0.9608281916797553,0.037642451425168026,0.11945795538797967,0.4384474060614762,0.0016996690164497903,163188.1658117325,1470.8745933138987,5315.258025576814,1.5686101278333808e-05,0.0013499634214895195,1.066447213267097e-08,2.53978842067761e-07,GOOD,3.0498974152879694,0.9610545813701002,0,0
SACRAMENTO VALLEY - SOLANO,Citrus & Subtropical,Sacramento River,37.74587363,2848.0,2.0,2.972946835,0.183365181,0.09485584338438294,0.7506750003126099,0.13,0.17,2549.235389,1743.692937,5418.931559,50,148.64734175,5546.666400592,36.326465887564304,5546.666400592,523.159791043,5023.506609549,-4.88235294117647,0.15444001899038243,0.8455459790577031,0.2147267926782421,0.07632948034425138,1.3716162591448486,0.20379201625350465,11.2488695422051,37.74587358561035,112.21646488540274,4.438965106601245e-08,1.0657215710807577e-05,1.176013343899187e-09,9.497015174710327e-08,GOOD,0.49423381869050864,1.3903572019867076,0,0
SACRAMENTO VALLEY - SOLANO,Corn,Sacramento River,21681.34883,220.4262204,5.113110215,2.826875063,0.234536008,1.320694044672553,0.03352518541352239,0.3,0.17,423.9938724,1022.014707,159.5840787,50,141.34375315,984.8400450740816,7.547232063744328,984.8400450740816,523.159791043,461.680254031082,-4.88235294117647,0.041802009648050316,0.9581706099890196,0.017615736922123763,0.11056465913529034,2.7431998004370763,0.00015374197239615805,107181.82478100875,21681.34832904687,61290.44643198495,0.000500953130540438,0.017907746274431702,2.3105256710195092e-08,2.9217834237916025e-07,GOOD,2.644960375498291,0.4214088525991567,0,0
SACRAMENTO VALLEY - SOLANO,Cucurbits,Sacramento River,1704.644133,203.0,12.0,1.97136542,0.087908733,0.5954029958862788,4.8590594140887005,0.05,0.17,920.9338517,2396.72349,6846.813993,50,98.568271,2336.461468434,23.307557018376357,2336.461468434,523.159791043,1813.301677391,-4.88235294117647,0.462961374357573,0.5368637974015757,0.17789152624166915,0.06227083141404204,10.336798954200365,0.011732654114030261,0.0003185702465959709,1704.6441341143916,3360.475691177615,-1.114391579903895e-06,0.0008060244658736337,6.537385477300059e-10,2.398542190504015e-07,GOOD,0.13450545739469513,0.38424701518246485,0,0
SACRAMENTO VALLEY - SOLANO,Dry Beans,Sacramento River,2759.081153,1382.353599,1.170065428,2.293810917,0.272510229,0.8579188204514863,0.04137219977784526,1.68,0.17,521.9411016,903.6303871,214.6292221,50,114.69054585,1501.8913985852753,13.330906564646025,1501.8913985852753,523.159791043,978.731607542275,-4.88235294117647,0.1852665265473118,0.8146607438272984,0.10441557057415381,0.475481973988694,0.8410426130413974,0.00021573779900996453,2502359.224144025,2759.0811594609336,6328.808897063616,-6.460933491325704e-06,0.00157257673163258,2.341697519226867e-09,2.484790371233768e-07,GOOD,2.5664753522934403,0.5635965250716192,0,0
SACRAMENTO VALLEY - SOLANO,Grain,Sacramento River,31456.41824,203.6611701,3.12061313,0.78906264,0.351483763,0.6729928083090427,0.036299510576689786,0.74,0.17,345.3012994,477.8051109,110.9675411,50,39.453132000000004,595.1437913622234,14.980808610177323,595.1437913622234,523.159791043,71.9840003192235,-4.88235294117647,0.9786221474898904,0.02039295417337403,0.7072329107884124,3.0452102931558924,3.148530612494215,4.295947939911901e-05,435921.1568393763,31456.45223155385,24821.10502541147,-0.03399155384977348,-0.020604012916010106,1.0805919984415073e-06,8.301012383748689e-07,GOOD,3.1117324505343373,0.7226823065494933,0,0
SACRAMENTO VALLEY - SOLANO,Onions & Garlic,Sacramento River,385.0636258,659.0,5.9,2.113494575,0.178481578,0.8220938475297447,0.4158621200492846,0.41,0.17,887.6914461,1905.136225,1355.002253,50,105.67472874999999,3781.5912976500003,34.76666506351799,3781.5912976500003,523.159791043,3258.431506607,-4.88235294117647,0.4809460898354603,0.5189705480501585,0.22409511920839234,0.31507824305095866,5.107468877756142,0.00633408150452185,44884.242804254995,385.0636264724877,813.8297051290356,-6.724877152919362e-07,0.000179029094397265,1.7464327197740114e-09,2.199834361974339e-07,GOOD,0.6551217479671209,0.46594644170006466,0,0
SACRAMENTO VALLEY - SOLANO,Other Deciduous,Sacramento River,12050.3194,2404.640434,2.389755204,3.327741402,0.215021845,0.542542160251163,0.5586272122329681,0.13,0.17,2284.866179,4950.948854,6009.195442,50,166.3870701,5579.21176693432,32.71475708027618,5579.21176693432,523.159791043,5056.05197589132,-4.88235294117647,0.08647069209136442,0.9135186431478353,0.0544369119364535,0.05364746229762142,1.4562241514995056,0.0006383488633759942,3614.474171041412,12050.319378225342,40100.336989850235,2.1774658307549544e-05,0.009784853566088714,1.806977689533237e-09,2.4400920074489775e-07,GOOD,0.6204120841421951,0.6295417628777134,0,0
SACRAMENTO VALLEY - SOLANO,Pasture,Sacramento River,38869.74638,193.291275,5.0,3.965593094,0.350906068,0.10289172336777223,0.06852420918280822,0.51,0.17,328.209843,177.7241242,145.0367898,10,39.65593094,926.1044576550001,22.810183590227687,926.1044576550001,523.159791043,402.944666612,-4.88235294117647,0.02724969469782329,0.9727401555052217,0.050323038893000556,0.06166447862820196,2.411359313284273,5.044499890882721e-05,1125246.1347048928,38869.740752863596,154141.3862370556,0.0056271364010171965,0.21157300390768796,1.447690537006585e-07,1.3725886257413664e-06,GOOD,2.262942000342034,1.8467377139832826,0,0
SACRAMENTO VALLEY - SOLANO,Potatoes,Sacramento River,218.7230397,209.0,24.7,4.38175,0.150675135,1.4974640784942694,0.06026152289335652,0.41,0.17,793.9256634,2502.863999,502.0871398,50,219.0875,4942.491530390001,22.36709167394394,4942.491530390001,523.159791043,4419.331739347,-4.88235294117647,0.016346799133785724,0.9836513147314625,0.005185317028392695,0.025848388316814287,10.731028702292326,0.011151200136891215,34577.60953992649,218.723036792824,958.3894475739507,2.9071759968246624e-06,0.0002316315242296696,1.3291585563240793e-08,2.416882498376829e-07,GOOD,1.5812507454985842,0.31720687248646934,0,0
SACRAMENTO VALLEY - SOLANO,Rice,Sacramento River,370.6006184,471.0,4.5,4.534377778,0.381523094,0.7787889472798347,0.016559817107172286,0.2,0.17,851.2633133,1216.2235,177.3500304,50,226.71888889999997,1891.7750098320003,8.86407515961364,1891.7750098320003,523.159791043,1368.615218789,-4.88235294117647,0.005174452641132444,0.9948238393341213,0.0036217205929415064,0.024836881438215146,1.5669697929027315,0.013491612673466604,683.7008823170004,370.60061006935916,1680.442745615313,8.33064081007251e-06,0.00046297070457512746,2.2478755826254472e-08,2.755051180603044e-07,GOOD,4.7999050645054355,0.699923420721246,0,0
SACRAMENTO VALLEY - SOLANO,Safflower,Sacramento River,4068.73086,547.6637501,1.0,2.357007476,0.396694215,0.4537037030434028,0.03215870805598959,0.74,0.17,212.2655769,227.006242,60.43672676,10,23.57007476,523.1597910429999,21.285724592155727,523.1597910429999,523.159791043,0.0,-4.88235294117647,0.2524149541087247,0.7473260579621529,0.23602437288172193,0.8865305739621584,0.7612826858273961,0.0003321309267802863,309.2161117722747,4068.7079725922963,9589.963388892711,0.022887407703819918,0.06566595919866813,5.6251957898783e-06,6.847315980283248e-06,GOOD,3.5121951355556216,0.9350649358914657,0,0
SACRAMENTO VALLEY - SOLANO,Sunflowers,Sacramento River,7047.271487,3425.746746,0.699055813,2.873453662,0.386904762,0.3895547862245365,0.0812011031754898,0.74,0.17,734.0697039,736.5793439,336.2917618,50,143.6726831,2250.163112605134,15.77009254506066,2250.163112605134,523.159791043,1727.00332156213,-4.88235294117647,0.08301835891684188,0.9169607817799043,0.08273550256689635,0.18121544793449312,0.42526886168825706,0.0001917552564626139,2332162.1635628403,7047.271369856557,20250.002666797314,0.00011714344327629078,0.005394631021772511,1.6622524546185512e-08,2.6640142588624733e-07,GOOD,2.182835824495322,0.9965928458037955,0,0
SACRAMENTO VALLEY - SOLANO,Tomato Processing,Sacramento River,10261.16568,98.0,48.1,2.666779844,0.124471553,2.283636824869254,0.28639447182202826,0.74,0.17,657.2463564,2815.18314,996.9547547,50,133.3389922,4579.614580593,33.45619332691179,4579.614580593,523.159791043,4056.45478955,-4.88235294117647,0.22226694216008636,0.7776980194078628,0.05189152212937815,0.1465303589472839,35.558131500194946,0.00013169569554707272,7974508.966163194,10261.165634174191,27364.263071318008,4.582580913847778e-05,0.006740050546795828,4.465945738289432e-09,2.463084377276406e-07,GOOD,0.6592539471827814,0.23346486717761028,0,0
SACRAMENTO VALLEY - SOLANO,Truck Crops,Sacramento River,839.0126126,993.6084705,22.46734244,2.662234731,0.139554281,1.1244727167916924,1.262909809962677,0.40713843,0.17,7441.94487,27484.23099,27982.75263,50,133.11173655,22189.674514793136,158.5824092922013,22189.674514793136,523.159791043,21666.5147237501,-4.88235294117647,0.58310060929169,0.41687794923382165,0.205419002372314,0.19383353162202968,20.142191304523298,0.0029274495062127687,634749.8991570699,839.0126122191535,2233.648002892002,3.8084647258074256e-07,0.0005141187662047741,4.539222257941329e-10,2.3016994943000501e-07,GOOD,0.332418674467662,0.35228740820875265,0,0
SACRAMENTO VALLEY - SOLANO,Vineyard,Sacramento River,11675.94548,1724.198409,10.38159916,2.661751325,0.302297005,0.1329510358537938,0.3058799853780738,0.13,0.17,2773.231975,2743.166444,4105.247296,50,133.08756625,17766.042331891735,127.32090310926077,17766.042331891735,523.159791043,17242.8825408487,-4.88235294117647,0.5285377462389058,0.4714472434314952,0.7969793485018181,0.5254330665412494,9.12454561623257,0.0006588166847373538,11943.348652115534,11675.945477875603,31078.455985955105,2.1243977244012058e-06,0.0073660626585478894,1.8194652656096556e-10,2.3701502146725827e-07,GOOD,0.9941259073363267,1.5078948555200695,0,0
SACRAMENTO VALLEY - SOUTH AMERICAN,Alfalfa,Sacramento River,3169.480869,260.0,5.8,3.537610105,0.306290873,0.13122437452970753,0.08146025298303902,1.86,0.17,739.7198673,484.1807412,381.4811931,50,176.88050525,1330.454765012,8.089152470284803,1330.454765012,423.996069877,906.458695135,-4.88235294117647,0.01551077583849063,0.9844850463529824,0.02369699591110185,0.03007652604099763,2.5348764925151395,0.0001696285388123447,3122512.343491619,3169.478987049953,11212.37635585624,0.0018819500469362538,0.011193922340680729,5.937723320380938e-07,9.983531420925406e-07,GOOD,1.939072961544676,1.5277763122781245,0,0
SACRAMENTO VALLEY - SOUTH AMERICAN,Alfalfa,San Joaquin River,891.6944313,260.0,5.8,4.134965358,0.306290873,0.13122437452970753,0.08146025298303902,1.86,0.17,739.7198673,484.1807412,381.4811931,50,206.74826789999997,1300.587002362,6.924303165884878,1300.587002362,423.996069877,876.590932485,-4.88235294117647,0.006113677119772202,0.9938846383612138,0.009340331084504721,0.011854865998564609,2.1045594979842144,0.0006029357027814271,849544.3123188713,891.6937647516344,3687.121311416131,0.0006665483656433935,0.004271930879895081,7.475076015352407e-07,1.1586073713326599e-06,GOOD,1.939072961544676,1.5277763122781245,0,0
SACRAMENTO VALLEY - SOUTH AMERICAN,Almonds & Pistachios,Sacramento River,366.6886596,4884.698089,0.63481405,3.61367267,0.287448101,0.311217018052816,0.03090217019351817,0.4,0.17,2039.310074,2110.873995,639.9084906,50,180.6836335,2919.510550314351,16.28331596900895,2919.510550314351,423.996069877,2495.51448043735,-4.88235294117647,0.029599223793794628,0.9703967887021405,0.02844646963202521,0.0902745961432244,0.3125269658121828,0.006817772883205904,30049.09394594849,366.68864211827304,1325.0922342015879,1.7481726956702914e-05,0.0005533938654025405,4.7674577598807516e-08,4.1762650176878783e-07,GOOD,3.0498974152879694,0.9610545813701002,0,0
SACRAMENTO VALLEY - SOUTH AMERICAN,Almonds & Pistachios,San Joaquin River,15.95739681,4944.0,1.4,3.753630493,0.287448101,0.311217018052816,0.03090217019351817,0.4,0.17,2039.310074,2110.873995,639.9084906,50,187.68152465,6733.2376822589995,34.996383985166624,6733.2376822589995,423.996069877,6309.241612382,-4.88235294117647,0.053256985898552725,0.9467399030462157,0.05118287028776692,0.1624283436380238,0.7721752344606362,0.15666715754247135,3305.847200979521,15.957396494619273,59.898161496349275,3.1538072775560977e-07,9.758567657058848e-06,1.9763920864458955e-08,1.6291929206866703e-07,GOOD,3.0498974152879694,0.9610545813701002,0,0
SACRAMENTO VALLEY - SOUTH AMERICAN,Citrus & Subtropical,Sacramento River,40.41642576,1578.0,2.8,2.972946835,0.183365181,0.09485584338438294,0.7506750003126099,0.13,0.17,2549.235389,1743.692937,5418.931559,50,148.64734175,4269.066400592,28.178521221491238,4269.066400592,423.996069877,3845.070330715,-4.88235294117647,0.12325234698946604,0.8767331346100015,0.1713647882985688,0.060915478115171416,1.8364957454143156,0.19032627323321458,9.219332336134201,40.416425446035724,120.15585313733578,3.139642785754404e-07,3.190786870277407e-05,7.768234639050387e-09,2.6555394012344747e-07,GOOD,0.49423381869050864,1.3903572019867076,0,0
SACRAMENTO VALLEY - SOUTH AMERICAN,Citrus & Subtropical,San Joaquin River,40.41642576,1578.0,2.8,3.247465856,0.183365181,0.09485584338438294,0.7506750003126099,0.13,0.17,2549.235389,1743.692937,5418.931559,50,162.3732928,4255.340449542,25.806522759204302,4255.340449542,423.996069877,3831.344379665,-4.88235294117647,0.07693520025976416,0.9230557079961611,0.10696740976745273,0.038023977816102256,1.6686144118015698,0.19032627323321458,9.186423166969494,40.41642540524077,131.2509263237379,3.547592299923963e-07,3.635342093843974e-05,8.77760027813989e-09,2.7697641371103026e-07,GOOD,0.49423381869050864,1.3903572019867076,0,0
SACRAMENTO VALLEY - SOUTH AMERICAN,Corn,Sacramento River,5236.45495,220.0,4.9,2.826875063,0.234536008,1.320694044672553,0.03352518541352239,0.3,0.17,423.9938724,1022.014707,159.5840787,50,141.34375315,935.7764858930001,7.218684428611906,935.7764858930001,423.996069877,511.780416016,-4.88235294117647,0.03980284984505182,0.9601697126663286,0.01677327328337981,0.10527696067207036,2.60612159871679,0.0006365629734546524,28694.125725016173,5236.454291662735,14802.795966604945,0.0006583372651220998,0.007950072968014865,1.257219381066383e-07,5.370653433474003e-07,GOOD,2.644960375498291,0.4214088525991567,0,0
SACRAMENTO VALLEY - SOUTH AMERICAN,Corn,San Joaquin River,767.7983242,220.0,4.9,2.415829265,0.234536008,1.320694044672553,0.03352518541352239,0.3,0.17,423.9938724,1022.014707,159.5840787,50,120.79146325,956.3287757930001,8.438040081851993,956.3287757930001,423.996069877,532.332705916,-4.88235294117647,0.09645633890289722,0.9034785989777622,0.040647555102985324,0.25512319436379743,3.110273615953011,0.00434141782844664,4376.174097059696,767.7982501344741,1854.8687486074991,7.406552595057292e-05,0.0009126128188654548,9.646481845052837e-08,4.920091357066281e-07,GOOD,2.644960375498291,0.4214088525991567,0,0
SACRAMENTO VALLEY - SOUTH AMERICAN,Cucurbits,Sacramento River,268.4643109,203.0,12.0,1.97136542,0.087908733,0.5954029958862788,4.8590594140887005,0.05,0.17,920.9338517,2396.72349,6846.813993,50,98.568271,2336.461468434,23.307557018376357,2336.461468434,423.996069877,1912.465398557,-4.88235294117647,0.46296137435757295,0.5368637974015756,0.17789152624166912,0.062270831414042035,10.336798954200365,0.07449779798645109,5.291520399226526e-05,268.4643100269721,529.2410733421742,8.730278864277352e-07,0.00018567021481885604,3.2519327559815895e-09,3.5082339416494674e-07,GOOD,0.13450545739469513,0.38424701518246485,0,0
SACRAMENTO VALLEY - SOUTH AMERICAN,Cucurbits,San Joaquin River,370.6094006,203.0,12.0,2.299627126,0.087908733,0.5954029958862788,4.8590594140887005,0.05,0.17,920.9338517,2396.72349,6846.813993,50,114.98135629999999,2320.0483831340002,20.00834540048819,2320.0483831340002,423.996069877,1896.052313257,-4.88235294117647,0.2570639464550779,0.7428382916827642,0.09877605413638865,0.034576503697625674,9.176584256961515,0.05396517186995499,7.242145539023183e-05,370.6093990462295,852.2631204763206,1.5537705166934757e-06,0.0003102940399912768,4.192474648991609e-09,3.6408231162846227e-07,GOOD,0.13450545739469513,0.38424701518246485,0,0
SACRAMENTO VALLEY - SOUTH AMERICAN,Dry Beans,Sacramento River,18.29842438,1373.0,1.0,2.293810917,0.272510229,0.8579188204514863,0.04137219977784526,1.68,0.17,521.9411016,903.6303871,214.6292221,50,114.69054585,1257.447243124,11.316208137052561,1257.447243124,423.996069877,833.451173247,-4.88235294117647,0.15994036269198086,0.8399846468667063,0.09014183263189486,0.4104829986858422,0.6994491551022579,0.032529472640752864,14133.06953708739,18.298418555017033,41.97311015071571,5.824982967084225e-06,1.5456027249172166e-05,3.183324884218378e-07,3.6823627084586625e-07,GOOD,2.5664753522934403,0.5635965250716192,0,0
SACRAMENTO VALLEY - SOUTH AMERICAN,Grain,Sacramento River,5931.663341,172.0,2.7,0.78906264,0.351483763,0.6729928083090427,0.036299510576689786,0.74,0.17,345.3012994,477.8051109,110.9675411,50,39.453132000000004,423.9960698770001,10.946601306835309,423.9960698770001,423.996069877,0.0,-4.88235294117647,0.970256490531264,0.02837319722663494,0.7011871985217504,3.0191786069276962,2.7333846635368615,0.00022781996780072339,399.4192999699302,5931.665527283298,4680.4538422097,-0.0021862832973056356,9.32309803829412e-05,3.6857845289261765e-07,1.991921759489834e-08,GOOD,3.1117324505343373,0.7226823065494933,0,0
SACRAMENTO VALLEY - SOUTH AMERICAN,Grain,San Joaquin River,2351.223811,172.0,2.7,0.466656841,0.351483763,0.6729928083090427,0.036299510576689786,0.74,0.17,345.3012994,477.8051109,110.9675411,50,23.33284205,440.11635982700005,18.213320207959345,440.11635982700005,423.996069877,16.12028995,-4.88235294117647,0.9973640546150083,0.0012789005773461704,0.720777355458729,3.1035300937420227,2.7279431800835363,0.0005747438185293843,7419.619318362036,2351.227418514188,1097.2159594848924,-0.0036075141879337025,-0.0012833596515520185,1.534313395031241e-06,1.1696522836206852e-06,GOOD,3.1117324505343373,0.7226823065494933,0,0
SACRAMENTO VALLEY - SOUTH AMERICAN,Other Deciduous,Sacramento River,2927.302636,2762.69877,1.944626254,3.327741402,0.215021845,0.542542160251163,0.5586272122329681,0.13,0.17,2284.866179,4950.948854,6009.195442,50,166.3870701,5205.126336069509,30.58509384908058,5205.126336069509,423.996069877,4781.13026619251,-4.88235294117647,0.08114350640440886,0.9188457666439438,0.051083226067910575,0.050342411922964854,1.1701472224772418,0.002627780126901677,830.2985891116176,2927.3026147213072,9741.302518910581,2.127869265677873e-05,0.0036590903546311893,7.269044339691132e-09,3.756262546078898e-07,GOOD,0.6204120841421951,0.6295417628777134,0,0
SACRAMENTO VALLEY - SOUTH AMERICAN,Other Deciduous,San Joaquin River,2927.302636,2762.69877,1.944626254,3.445837194,0.215021845,0.542542160251163,0.5586272122329681,0.13,0.17,2284.866179,4950.948854,6009.195442,50,172.2918597,5199.221546469509,29.542347061187318,5199.221546469509,423.996069877,4775.22547659251,-4.88235294117647,0.06703334525536217,0.9329577830542652,0.0422002903436511,0.041588297436902566,1.12550925678328,0.002627780126901677,829.2732001931165,2927.302613703263,10087.004504069766,2.229673691545031e-05,0.0037971532765368465,7.616819880952792e-09,3.7643998727317835e-07,GOOD,0.6204120841421951,0.6295417628777134,0,0
SACRAMENTO VALLEY - SOUTH AMERICAN,Pasture,Sacramento River,7288.387524,330.0,5.0,3.965593094,0.350906068,0.10289172336777223,0.06852420918280822,0.51,0.17,328.209843,177.7241242,145.0367898,10,39.65593094,1609.648082655,38.94309551621063,1609.648082655,423.996069877,1185.652012778,-4.88235294117647,0.04642136233618764,0.9535686879064081,0.08572808056072082,0.10504885054365483,2.679607337648672,0.00026902854812107683,620482.5644655101,7288.386475412415,28902.722086791575,0.001048587584591587,0.057144778584188316,1.438709976848354e-07,1.97713784291615e-06,GOOD,2.262942000342034,1.8467377139832826,0,0
SACRAMENTO VALLEY - SOUTH AMERICAN,Pasture,San Joaquin River,3160.982754,330.0,5.0,4.600187047,0.350906068,0.10289172336777223,0.06852420918280822,0.51,0.17,328.209843,177.7241242,145.0367898,10,46.00187047,1603.302143125,33.65097836577262,1603.302143125,423.996069877,1179.306073248,-4.88235294117647,0.01984826176311288,0.9801474672102697,0.03665453355495288,0.04491546517753097,2.253435285537027,0.0006203084503527443,267664.1679529736,3160.9822053924304,14541.082667372202,0.0005486075697263004,0.02925336898624664,1.7355601482864034e-07,2.011769742623337e-06,GOOD,2.262942000342034,1.8467377139832826,0,0
SACRAMENTO VALLEY - SOUTH AMERICAN,Rice,Sacramento River,605.5379345,471.0,4.5,4.534377778,0.381523094,0.7787889472798347,0.016559817107172286,0.2,0.17,851.2633133,1216.2235,177.3500304,50,226.71888889999997,1891.7750098320003,8.86407515961364,1891.7750098320003,423.996069877,1467.778939955,-4.88235294117647,0.005174452641132441,0.9948238393341214,0.003621720592941504,0.02483688143821513,1.5669697929027315,0.008257121007833407,1198.0431650198889,605.5379019580395,2745.7365194408726,3.254196053603664e-05,0.0012344919468887383,5.374058119563877e-08,4.4960300564776474e-07,GOOD,4.7999050645054355,0.699923420721246,0,0
SACRAMENTO VALLEY - SOUTH AMERICAN,Rice,San Joaquin River,369.6876366,471.0,4.5,4.833919598,0.381523094,0.7787889472798347,0.016559817107172286,0.2,0.17,851.2633133,1216.2235,177.3500304,50,241.69597989999997,1876.7979188320003,8.31707506938995,1876.7979188320003,423.996069877,1452.801848955,-4.88235294117647,0.0035294660859265976,0.9964693595844201,0.0024703559761813714,0.016941102140839253,1.4512281099275803,0.013524931604380301,723.9572684897946,369.6876149223541,1787.039499016791,2.1677645918316557e-05,0.0008126822508529585,5.8637735677841045e-08,4.5476436403401264e-07,GOOD,4.7999050645054355,0.699923420721246,0,0
SACRAMENTO VALLEY - SOUTH AMERICAN,Safflower,Sacramento River,674.2592709,588.0,1.0,2.357007476,0.396694215,0.4537037030434028,0.03215870805598959,0.74,0.17,212.2655769,227.006242,60.43672676,10,23.57007476,563.4960409429999,22.8534498730329,563.4960409429999,423.996069877,139.499971066,-4.88235294117647,0.26667572870475265,0.7330702237652144,0.24935912316511943,0.9366171971275828,0.7694034639851878,0.002004201365370283,18070.974524898,674.2586822492185,1589.2298571977876,0.0005886507815375808,0.004285075821826467,8.730332780620884e-07,2.6963149782926887e-06,GOOD,3.5121951355556216,0.9350649358914657,0,0
SACRAMENTO VALLEY - SOUTH AMERICAN,Safflower,San Joaquin River,14.31513505,588.0,1.0,2.40565496,0.396694215,0.4537037030434028,0.03215870805598959,0.74,0.17,212.2655769,227.006242,60.43672676,10,24.0565496,563.0095661029999,22.408574509273556,563.0095661029999,423.996069877,139.013496226,-4.88235294117647,0.24369055921053173,0.7560770895347786,0.22786649712555127,0.8558887966400587,0.7554631812252804,0.09440018180976584,382.32901218163255,14.3151221593215,34.437248764949295,1.2890678499744013e-05,2.6871153053775743e-05,9.004929715800349e-07,7.802926496777041e-07,GOOD,3.5121951355556216,0.9350649358914657,0,0
SACRAMENTO VALLEY - SOUTH AMERICAN,Tomato Processing,Sacramento River,1128.324144,107.0,35.2,2.666779844,0.124471553,2.283636824869254,0.28639447182202826,0.74,0.17,657.2463564,2815.18314,996.9547547,50,133.3389922,3632.2145805929995,26.732022263668494,3632.2145805929995,423.996069877,3208.218510716,-4.88235294117647,0.18478340797165466,0.8151798648879998,0.04314043379872853,0.12181919107919957,25.093715600140534,0.0011976623548625859,693524.735887882,1128.3240925504929,3008.9908434364384,5.144950705471274e-05,0.0012412813152877789,4.55981619539932e-08,4.1252395497883544e-07,GOOD,0.6592539471827814,0.23346486717761028,0,0
SACRAMENTO VALLEY - SOUTH AMERICAN,Tomato Processing,San Joaquin River,236.2210312,107.0,35.2,2.379660861,0.124471553,2.283636824869254,0.28639447182202826,0.74,0.17,657.2463564,2815.18314,996.9547547,50,118.98304305,3646.5705297429995,29.934602993357355,3646.5705297429995,423.996069877,3222.574459866,-4.88235294117647,0.3078292699814431,0.6921097874165979,0.07186731962959834,0.20293766129366045,27.836310328804814,0.00572070718888366,145842.9971932498,236.22102211931315,562.1257264521171,9.080686851348219e-06,0.0002160395828241235,3.844148340737672e-08,3.843259428065152e-07,GOOD,0.6592539471827814,0.23346486717761028,0,0
SACRAMENTO VALLEY - SOUTH AMERICAN,Truck Crops,Sacramento River,307.8103158,1543.020483,18.65567845,2.662234731,0.139554281,1.1244727167916924,1.262909809962677,0.374349922,0.17,7441.94487,27484.23099,27982.75263,50,133.11173655,28652.026729396694,204.48938111599944,28652.026729396694,423.996069877,28228.0306595197,-4.88235294117647,0.643619908625313,0.3563617624569489,0.22673918948116573,0.21395127688622428,17.061982391772663,0.008678388390928325,224964.4497552869,307.81031499502757,819.4630293454204,8.04972444257146e-07,0.00028393741763466096,2.615157462039633e-09,3.464919210320522e-07,GOOD,0.332418674467662,0.35228740820875265,0,0
SACRAMENTO VALLEY - SOUTH AMERICAN,Truck Crops,San Joaquin River,219.2405867,320.0,22.8,2.667732673,0.139554281,1.1244727167916924,1.262909809962677,0.41,0.17,7441.94487,27484.23099,27982.75263,50,133.38663365000002,7161.6578596849995,51.7229471875221,7161.6578596849995,423.996069877,6737.661789808,-4.88235294117647,0.3084251053558677,0.6915397553927052,0.10865428099233011,0.10252626469494654,17.98681541350797,0.01112487622367735,52840.65356538927,219.24058406159574,584.8750692510708,2.638404254184934e-06,0.00020713620847345737,1.2034287509890768e-08,3.541544955582986e-07,GOOD,0.332418674467662,0.35228740820875265,0,0
SACRAMENTO VALLEY - SOUTH AMERICAN,Vineyard,Sacramento River,7817.146157,1685.130979,10.67836099,2.661751325,0.302297005,0.1329510358537938,0.3058799853780738,0.13,0.17,2773.231975,2743.166444,4105.247296,50,133.08756625,17860.542486538106,127.99307559783026,17860.542486538106,423.996069877,17436.5464166611,-4.88235294117647,0.5298594622323464,0.4701255695186085,0.7989723572487857,0.5267470186524694,9.390100504374463,0.0009840301739042555,8085.982554063058,7817.146145508753,20807.29161302819,1.1491247278172523e-05,0.007528085221565561,1.4700054274771983e-09,3.6180021109470765e-07,GOOD,0.9941259073363267,1.5078948555200695,0,0
SACRAMENTO VALLEY - SOUTH AMERICAN,Vineyard,San Joaquin River,7817.146157,1685.130979,10.67836099,3.098484515,0.302297005,0.1329510358537938,0.3058799853780738,0.13,0.17,2773.231975,2743.166444,4105.247296,50,154.92422575,17838.705827038106,110.04584777732482,17838.705827038106,423.996069877,17414.7097571611,-4.88235294117647,0.31532867940625126,0.6846624018215562,0.47548249347462357,0.3134764095239052,8.445266592779225,0.0009840301739042555,8075.856249095028,7817.14614280871,24221.297534462075,1.4191290574672166e-05,0.00878449418451055,1.8154055571756614e-09,3.6267631765325404e-07,GOOD,0.9941259073363267,1.5078948555200695,0,0
SACRAMENTO VALLEY - SOUTH YUBA,Alfalfa,Sacramento River,260.4056598,311.0,6.1,3.537610105,0.306290873,0.13122437452970753,0.08146025298303902,1.86,0.17,739.7198673,484.1807412,381.4811931,50,176.88050525,1719.554765012,10.176346917358952,1719.554765012,494.906467200991,1224.64829781101,-4.88235294117647,0.019955455693475403,0.9800403853595766,0.030487472509207355,0.03869508457052091,2.791736015498616,0.002064603392319012,346570.5817747585,260.40539208062313,921.2119278752257,0.0002677193768931829,0.0017656324466770457,1.0280858607251473e-06,1.9166372136242465e-06,GOOD,1.939072961544676,1.5277763122781245,0,0
SACRAMENTO VALLEY - SOUTH YUBA,Almonds & Pistachios,Sacramento River,1906.172431,4651.766754,0.701048296,3.61367267,0.287448101,0.311217018052816,0.03090217019351817,0.4,0.17,2039.310074,2110.873995,639.9084906,50,180.6836335,3079.7487296901513,17.124758763222747,3079.7487296901513,494.906467200991,2584.84226248916,-4.88235294117647,0.03117298833696935,0.9688230306257707,0.029958943256241096,0.09507441655572484,0.3485991332958183,0.0013115287784791175,161796.1970933388,1906.1722257439146,6888.276387745987,0.00020525608533716877,0.0068304661735965055,1.0767970515106499e-07,9.916064652419065e-07,GOOD,3.0498974152879694,0.9610545813701002,0,0
SACRAMENTO VALLEY - SOUTH YUBA,Citrus & Subtropical,Sacramento River,1349.055056,832.0,2.8,2.972946835,0.183365181,0.09485584338438294,0.7506750003126099,0.13,0.17,2549.235389,1743.692937,5418.931559,50,148.64734175,2180.2664005919996,14.857116385475736,2180.2664005919996,494.906467200991,1685.35993339101,-4.88235294117647,0.06698876650893824,0.9329957834003281,0.09313831396790824,0.0331081138810794,1.6314964885774155,0.005701996859279916,134.89198812005867,1349.0550000519772,4010.665229567914,5.594802269115462e-05,0.0037294080334504542,4.1472008456825076e-08,9.298718172947118e-07,GOOD,0.49423381869050864,1.3903572019867076,0,0
SACRAMENTO VALLEY - SOUTH YUBA,Corn,Sacramento River,835.1081522,253.0,6.6,2.826875063,0.234536008,1.320694044672553,0.03352518541352239,0.3,0.17,423.9938724,1022.014707,159.5840787,50,141.34375315,1527.5764858930002,11.181594859829461,1527.5764858930002,494.906467200991,1032.67001869201,-4.88235294117647,0.06337366123275148,0.9365995748110059,0.02670622186510146,0.16762082281087984,3.819941608429175,0.003991498974775944,9231.577020455894,835.1080305263791,2360.74393535101,0.00012167362081072497,0.002475011178830755,1.4569803981698572e-07,1.0484019664149508e-06,GOOD,2.644960375498291,0.4214088525991567,0,0
SACRAMENTO VALLEY - SOUTH YUBA,Cucurbits,Sacramento River,304.8630021,203.0,12.0,1.97136542,0.087908733,0.5954029958862788,4.8590594140887005,0.05,0.17,920.9338517,2396.72349,6846.813993,50,98.568271,2336.461468434,23.307557018376357,2336.461468434,494.906467200991,1841.55500123301,-4.88235294117647,0.46296137435757295,0.5368637974015755,0.17789152624166912,0.062270831414042035,10.336798954200365,0.06560323772393895,5.786160998772751e-05,304.86299969658484,600.9958820587167,2.403415180651791e-06,0.0004981186107215763,7.883590872281156e-09,8.288213159863018e-07,GOOD,0.13450545739469513,0.38424701518246485,0,0
SACRAMENTO VALLEY - SOUTH YUBA,Grain,Sacramento River,2070.962927,221.8132674,2.413338046,0.78906264,0.351483763,0.6729928083090427,0.036299510576689786,0.74,0.17,345.3012994,477.8051109,110.9675411,50,39.453132000000004,494.9064672009914,12.61806523451622,494.9064672009914,494.906467200991,0.0,-4.88235294117647,0.9744061330139837,0.024414732785645297,0.7041860717225181,3.032091184099291,2.4390994489141926,0.0006525231976551705,139.4520415291414,2070.9694107727687,1634.123143261844,-0.006483772768660856,-0.003668741096589656,3.1308009835083134e-06,2.245087433197392e-06,GOOD,3.1117324505343373,0.7226823065494933,0,0
SACRAMENTO VALLEY - SOUTH YUBA,Other Deciduous,Sacramento River,2421.153711,1731.231413,1.808991739,3.327741402,0.215021845,0.542542160251163,0.5586272122329681,0.13,0.17,2284.866179,4950.948854,6009.195442,50,166.3870701,2964.493100448297,17.829199545830406,2964.493100448297,494.906467200991,2469.58663324731,-4.88235294117647,0.04788801566897453,0.9521008691467835,0.030147505804961783,0.02971030360662258,0.9817440956199784,0.003177124879498282,354.7325231645238,2421.1536313096144,8056.966069290048,7.969038551891572e-05,0.007375410594249843,3.2914219843564374e-08,9.154070873971805e-07,GOOD,0.6204120841421951,0.6295417628777134,0,0
SACRAMENTO VALLEY - SOUTH YUBA,Pasture,Sacramento River,4880.832915,212.0,5.0,3.965593094,0.350906068,0.10289172336777223,0.06852420918280822,0.51,0.17,328.209843,177.7241242,145.0367898,10,39.65593094,1019.648082655,25.017988634656525,1019.648082655,494.906467200991,524.741615454009,-4.88235294117647,0.029918761489557237,0.9700711165628607,0.055252105198436,0.06770442197293487,2.4560410023305104,0.00040173149703599104,183967.93868519025,4880.829204051037,19355.298348276414,0.003710948963089322,0.09895241547565092,7.603105920066765e-07,5.112393919814486e-06,GOOD,2.262942000342034,1.8467377139832826,0,0
SACRAMENTO VALLEY - SOUTH YUBA,Rice,Sacramento River,16891.67684,608.0,4.3,4.534377778,0.381523094,0.7787889472798347,0.016559817107172286,0.2,0.17,851.2633133,1216.2235,177.3500304,50,226.71888889999997,2386.6750098320003,10.933823117383298,2386.6750098320003,494.906467200991,1891.76854263101,-4.88235294117647,0.006519025570733304,0.9934792687130295,0.004562818677236927,0.03129070385260322,1.5626553587843612,0.00029600376844528834,43071.09643952959,16891.67519158919,76593.1662531653,0.0016484108091390226,0.07784328795969486,9.758716229021953e-08,1.016320549912567e-06,GOOD,4.7999050645054355,0.699923420721246,0,0
SACRAMENTO VALLEY - SOUTH YUBA,Safflower,Sacramento River,84.1937175,567.0,1.1,2.357007476,0.396694215,0.4537037030434028,0.03215870805598959,0.74,0.17,212.2655769,227.006242,60.43672676,10,23.57007476,599.196040943,24.240980758181326,599.196040943,494.906467200991,104.289573742009,-4.88235294117647,0.27885104316326137,0.7208991272341447,0.2607438327987233,0.9793792773426172,0.8536908263468955,0.01605050105254411,1688.5607426354256,84.19348811140864,198.44397730895315,0.00022938859136445444,0.0012442707788977714,2.7245333520812218e-06,6.270096951655969e-06,GOOD,3.5121951355556216,0.9350649358914657,0,0
SACRAMENTO VALLEY - SOUTH YUBA,Sunflowers,Sacramento River,237.6743231,3529.0,0.6,2.873453662,0.386904762,0.3895547862245365,0.0812011031754898,0.74,0.17,734.0697039,736.5793439,336.2917618,50,143.6726831,1972.774935948,13.943443633299754,1972.774935948,494.906467200991,1477.86846874701,-4.88235294117647,0.07353852375050719,0.9264404013009656,0.07328796666072797,0.1605225241231072,0.3566706365580407,0.005685727148501349,67309.91107251911,237.67426205436055,682.9453969843279,6.104563945541486e-05,0.0007570907383751546,2.568457486664652e-07,1.108565783492118e-06,GOOD,2.182835824495322,0.9965928458037955,0,0
SACRAMENTO VALLEY - SOUTH YUBA,Truck Crops,Sacramento River,82.59030813,555.0,22.8,2.662234731,0.139554281,1.1244727167916924,1.262909809962677,0.41,0.17,7441.94487,27484.23099,27982.75263,50,133.11173655,12519.932756785,89.8909254970062,12519.932756785,494.906467200991,12025.026289584,-4.88235294117647,0.4410786905633241,0.5588925636594827,0.15538646871466386,0.14662279365299224,19.322857683133336,0.029531605408285852,35526.23496390397,82.59030683244414,219.8746281803918,1.2975558547623223e-06,0.00015856728583685253,1.5710752074201305e-08,7.211708453812854e-07,GOOD,0.332418674467662,0.35228740820875265,0,0
SACRAMENTO VALLEY - SOUTH YUBA,Vineyard,Sacramento River,2.64069532,1799.69484,10.23615004,2.661751325,0.302297005,0.1329510358537938,0.3058799853780738,0.13,0.17,2773.231975,2743.166444,4105.247296,50,133.08756625,18288.051985797792,131.03391849464674,18288.051985797792,494.906467200991,17793.1455185968,-4.88235294117647,0.5357473411049589,0.4642378781032138,0.8078506595107234,0.5326003115789918,9.021314887263612,2.9129856951114275,2.787372257140401,2.6406953112421268,7.028900271599294,8.757873093401258e-09,-2.6004667995849218e-05,3.316502675288287e-09,3.6996917298966664e-06,GOOD,0.9941259073363267,1.5078948555200695,0,0
SACRAMENTO VALLEY - SUTTER,Alfalfa,Sacramento River,1104.495731,285.0,7.3,3.537610105,0.306290873,0.13122437452970753,0.08146025298303902,1.86,0.17,739.7198673,484.1807412,381.4811931,50,176.88050525,1902.954765012,11.160133762882978,1902.954765012,582.804790900088,1320.14997411191,-4.88235294117647,0.022036542737731264,0.9779593071466853,0.033666907999210356,0.04273046418865838,3.4031957599469993,0.00048676911418696155,1584562.414545136,1104.4951302300829,3907.2711194314506,0.0006007699171277636,0.00413948351115323,5.439314071262477e-07,1.0594297142768364e-06,GOOD,1.939072961544676,1.5277763122781245,0,0
SACRAMENTO VALLEY - SUTTER,Almonds & Pistachios,Sacramento River,13213.66488,4412.901074,0.604616396,3.61367267,0.287448101,0.311217018052816,0.03090217019351817,0.4,0.17,2039.310074,2110.873995,639.9084906,50,180.6836335,2486.7479166754097,14.010792647170284,2486.7479166754097,582.804790900088,1903.94312577532,-4.88235294117647,0.02532322188968681,0.9746727730355955,0.024336998412135116,0.07723322898811953,0.28889588290729107,0.00018919807810352155,826164.6503126632,13213.66377826737,47749.83106719252,0.0011017326305591268,0.028580202313605696,8.337827851428958e-08,5.985400276493795e-07,GOOD,3.0498974152879694,0.9610545813701002,0,0
SACRAMENTO VALLEY - SUTTER,Citrus & Subtropical,Sacramento River,1101.071493,800.0,2.0,2.972946835,0.183365181,0.09485584338438294,0.7506750003126099,0.13,0.17,2549.235389,1743.692937,5418.931559,50,148.64734175,1450.6664005920002,10.204063451563005,1450.6664005920002,582.804790900088,867.861609691912,-4.88235294117647,0.0455956966389123,0.954388499014308,0.06339430520151285,0.022534935265703618,1.0840668503838953,0.006986201841761508,56.69885837622675,1101.071442498361,3273.4251645152176,5.050163895248261e-05,0.0018457078567735152,4.586590359803513e-08,5.638457344578872e-07,GOOD,0.49423381869050864,1.3903572019867076,0,0
SACRAMENTO VALLEY - SUTTER,Corn,Sacramento River,5047.831363,253.0,6.6,2.826875063,0.234536008,1.320694044672553,0.03352518541352239,0.3,0.17,423.9938724,1022.014707,159.5840787,50,141.34375315,1527.5764858930002,11.181594859829461,1527.5764858930002,582.804790900088,944.771694992912,-4.88235294117647,0.06337366123275144,0.9365995748110061,0.026706221865101444,0.16762082281087973,3.819941608429175,0.0006603495825487094,51051.9683645774,5047.830905320829,14269.57984944792,0.000457679171631753,0.008752846082643373,9.066847497848017e-08,6.133916209214504e-07,GOOD,2.644960375498291,0.4214088525991567,0,0
SACRAMENTO VALLEY - SUTTER,Cotton,Sacramento River,267.7319272,1699.0,0.8,2.633766816,0.148539114,1.334590964860844,0.04119880232811655,0.68,0.17,378.6944542,1135.122209,199.4393382,50,131.6883408,1226.83965166,9.779939435872524,1226.83965166,582.804790900088,644.034860759912,-4.88235294117647,0.07611800097218584,0.9238495249009571,0.02539415105390894,0.14453249283546488,0.4820585822956203,0.005492763790534271,26949.471348453124,267.7318542252532,705.142938189824,7.297474678580329e-05,0.0005272532637263794,2.7256647180255797e-07,7.477248100073815e-07,GOOD,1.8987951731454202,0.3336155801462545,0,0
SACRAMENTO VALLEY - SUTTER,Cucurbits,Sacramento River,1633.488234,203.0,12.0,1.97136542,0.087908733,0.5954029958862788,4.8590594140887005,0.05,0.17,920.9338517,2396.72349,6846.813993,50,98.568271,2336.461468434,23.307557018376357,2336.461468434,582.804790900088,1753.65667753391,-4.88235294117647,0.46296137435757273,0.536863797401576,0.17789152624166904,0.062270831414042,10.336798954200361,0.012243736798167839,0.00029523151848192094,1633.4882263362672,3220.2006271569217,7.663732731089112e-06,0.0015913275465209153,4.691636322547955e-09,4.941700671425057e-07,GOOD,0.13450545739469513,0.38424701518246485,0,0
SACRAMENTO VALLEY - SUTTER,Dry Beans,Sacramento River,3664.100214,1362.0,0.9,2.293810917,0.272510229,0.8579188204514863,0.04137219977784526,1.68,0.17,521.9411016,903.6303871,214.6292221,50,114.69054585,1110.2472431239999,10.102991940567392,1110.2472431239999,582.804790900088,527.442452223911,-4.88235294117647,0.14391533749643703,0.8560082415403466,0.0811101841175012,0.3693551665015976,0.617436061433883,0.00016245136881457993,1791296.2337515175,3664.097762217246,8404.743027954088,0.0024517827541785664,0.01004390114940179,6.691363802798452e-07,1.1950263218363337e-06,GOOD,2.5664753522934403,0.5635965250716192,0,0
SACRAMENTO VALLEY - SUTTER,Grain,Sacramento River,6982.210552,215.0072636,2.898547289,0.78906264,0.351483763,0.6729928083090427,0.036299510576689786,0.74,0.17,345.3012994,477.8051109,110.9675411,50,39.453132000000004,582.8047909000884,14.68995994828273,582.8047909000884,582.804790900088,0.0,-4.88235294117647,0.9781796836922567,0.02081503323600457,0.7069131500305739,3.043833464198609,2.925005491044695,0.00019354205108642383,470.15980014340124,6982.250344760372,5509.43009989047,-0.03979276037262025,-0.028608693492969905,5.699163621071543e-06,5.192704423281077e-06,GOOD,3.1117324505343373,0.7226823065494933,0,0
SACRAMENTO VALLEY - SUTTER,Onions & Garlic,Sacramento River,99.24233767,216.0,21.2,2.113494575,0.178481578,0.8220938475297447,0.4158621200492846,0.41,0.17,887.6914461,1905.136225,1355.002253,50,105.67472874999999,4472.691297649999,40.94635237233136,4472.691297649999,582.804790900088,3889.88650674991,-4.88235294117647,0.5228803963385492,0.477042976362831,0.2436342601086665,0.3425503192270513,18.653016746088436,0.024576450409240974,13809.656153545979,99.24233574054108,209.7480723868,1.9294589179708055e-06,6.988906312699328e-05,1.9441893079812674e-08,3.3320468238080694e-07,GOOD,0.6551217479671209,0.46594644170006466,0,0
SACRAMENTO VALLEY - SUTTER,Other Deciduous,Sacramento River,24932.76597,2175.554279,1.897912827,3.327741402,0.215021845,0.542542160251163,0.5586272122329681,0.13,0.17,2284.866179,4950.948854,6009.195442,50,166.3870701,3961.722147982837,23.506410846748505,3961.722147982837,582.804790900088,3378.91735708275,-4.88235294117647,0.06298144787037883,0.9370076131497355,0.0396494517209091,0.03907445133555475,1.0864407161155858,0.0003085220348822651,4997.953771180086,24932.765628069596,82969.75489721996,0.000341930404829327,0.04268752573989332,1.3714098357187886e-08,5.144947557126688e-07,GOOD,0.6204120841421951,0.6295417628777134,0,0
SACRAMENTO VALLEY - SUTTER,Pasture,Sacramento River,1830.941911,184.0,5.0,3.965593094,0.350906068,0.10289172336777223,0.06852420918280822,0.51,0.17,328.209843,177.7241242,145.0367898,10,39.65593094,879.648082655,21.71372598479623,879.648082655,582.804790900088,296.843291754912,-4.88235294117647,0.02591869588714465,0.9740711404280945,0.04786503319205342,0.05865250551711197,2.3878198921180505,0.001070915631973586,39059.552270070766,1830.9405074452652,7260.746973212974,0.0014035547346793464,0.02362456378796196,7.665752399063121e-07,3.25372678696057e-06,GOOD,2.262942000342034,1.8467377139832826,0,0
SACRAMENTO VALLEY - SUTTER,Rice,Sacramento River,76096.25905,569.0,4.3,4.534377778,0.381523094,0.7787889472798347,0.016559817107172286,0.2,0.17,851.2633133,1216.2235,177.3500304,50,226.71888889999997,2218.975009832,10.232475910840618,2218.975009832,582.804790900088,1636.17021893191,-4.88235294117647,0.006063815832867518,0.993934477669342,0.004244206720364285,0.029105740326409047,1.5417250817678119,6.57062523496022e-05,167822.67295295428,76096.25414731374,345048.980900568,0.004902686254354194,0.2051246833289042,6.442742804390454e-08,5.94479545631772e-07,GOOD,4.7999050645054355,0.699923420721246,0,0
SACRAMENTO VALLEY - SUTTER,Safflower,Sacramento River,2728.053655,567.0,1.1,2.357007476,0.396694215,0.4537037030434028,0.03215870805598959,0.74,0.17,212.2655769,227.006242,60.43672676,10,23.57007476,599.196040943,24.240980758181326,599.196040943,582.804790900088,16.3912500429116,-4.88235294117647,0.2788510431632612,0.720899127234145,0.26074383279872315,0.9793792773426166,0.8536908263468954,0.0004953536558471212,8774.001634388705,2728.0273049880507,6429.964870245671,0.02635001194948927,0.07798951845506963,9.658905315588183e-06,1.2128926689289677e-05,GOOD,3.5121951355556216,0.9350649358914657,0,0
SACRAMENTO VALLEY - SUTTER,Sunflowers,Sacramento River,8553.277249,3529.0,0.6,2.873453662,0.386904762,0.3895547862245365,0.0812011031754898,0.74,0.17,734.0697039,736.5793439,336.2917618,50,143.6726831,1972.774935948,13.943443633299754,1972.774935948,582.804790900088,1389.97014504791,-4.88235294117647,0.07353852375050707,0.9264404013009656,0.07328796666072784,0.1605225241231069,0.35667063655804065,0.00015799223058148191,2278275.1736114197,8553.275918799083,24577.42936685473,0.0013302009174367413,0.01646638561214786,1.5551944344984967e-07,6.699795301706052e-07,GOOD,2.182835824495322,0.9965928458037955,0,0
SACRAMENTO VALLEY - SUTTER,Tomato Processing,Sacramento River,12178.59557,98.0,46.6,2.666779844,0.124471553,2.283636824869254,0.28639447182202826,0.74,0.17,657.2463564,2815.18314,996.9547547,50,133.3389922,4432.614580593,32.41286089467961,4432.614580593,582.804790900088,3849.80978969291,-4.88235294117647,0.21667849011336454,0.783286219683626,0.050586814914561795,0.14284614987684086,34.276661452367314,0.00011096118132703142,8982512.022237957,12178.594954448807,32477.615497499475,0.0006155511928227497,0.017696804217848694,5.054369276692795e-08,5.448920526928227e-07,GOOD,0.6592539471827814,0.23346486717761028,0,0
SACRAMENTO VALLEY - SUTTER,Truck Crops,Sacramento River,371.6108107,520.7800224,22.58177753,2.662234731,0.139554281,1.1244727167916924,1.262909809962677,0.408122817,0.17,7441.94487,27484.23099,27982.75263,50,133.11173655,11626.071364690217,83.5411524765034,11626.071364690217,582.804790900088,11043.2665737901,-4.88235294117647,0.42290570852747683,0.5770646110440943,0.148984355973831,0.14058175505351125,18.976862853611998,0.0065935724808558905,144495.83380546485,371.6108070982924,989.3147527508368,3.60170758995082e-06,0.00045390976958969986,9.692149652929406e-09,4.588120818660556e-07,GOOD,0.332418674467662,0.35228740820875265,0,0
SACRAMENTO VALLEY - SUTTER,Vineyard,Sacramento River,104.2482249,1697.952893,10.49402721,2.661751325,0.302297005,0.1329510358537938,0.3058799853780738,0.13,0.17,2773.231975,2743.166444,4105.247296,50,133.08756625,17684.469437784217,126.74068125208763,17684.469437784217,582.804790900088,17101.6646468841,-4.88235294117647,0.5273908452505026,0.4725941079050731,0.795249942401614,0.5242929025555282,9.219322501800402,0.07378838056654231,105.76240057749543,104.24822469234658,277.48275260045483,2.076534144634934e-07,9.815601816853814e-05,1.991913192408645e-09,3.537372414221112e-07,GOOD,0.9941259073363267,1.5078948555200695,0,0
SACRAMENTO VALLEY - VINA,Alfalfa,Sacramento River,53.81526052,286.0,5.6,3.537610105,0.306290873,0.13122437452970753,0.08146025298303902,1.86,0.17,739.7198673,484.1807412,381.4811931,50,176.88050525,1424.054765012,8.591237796026618,1424.054765012,539.496040943,884.558724069,-4.88235294117647,0.01658364488106194,0.9834121818632708,0.025336099820518806,0.03215689739272598,2.47728759622713,0.009990370824319304,51737.299811725075,53.815236746093305,190.37726836975716,2.377390669749957e-05,0.00014104900242273288,4.4176886756246755e-07,7.408914894543894e-07,GOOD,1.939072961544676,1.5277763122781245,0,0
SACRAMENTO VALLEY - VINA,Almonds & Pistachios,Sacramento River,66391.23248,4742.102414,0.80648989,3.61367267,0.287448101,0.311217018052816,0.03090217019351817,0.4,0.17,2039.310074,2110.873995,639.9084906,50,180.6836335,3643.0932276445947,20.08299362529049,3643.0932276445947,539.496040943,3103.59718670159,-4.88235294117647,0.0366655352433307,0.9633305062890053,0.03523758062398984,0.11182612116878425,0.41385277891663935,3.7655574487988476e-05,6766126.116540399,66391.23061258474,239916.0865264449,0.0018674152670428157,0.09581414744025096,2.8127437875255054e-08,3.993650886968111e-07,GOOD,3.0498974152879694,0.9610545813701002,0,0
SACRAMENTO VALLEY - VINA,Citrus & Subtropical,Sacramento River,923.4270573,864.0,3.7,2.972946835,0.183365181,0.09485584338438294,0.7506750003126099,0.13,0.17,2549.235389,1743.692937,5418.931559,50,148.64734175,3047.466400592,20.387718776222886,3047.466400592,539.496040943,2507.970359649,-4.88235294117647,0.091201442672422,0.9087835081838325,0.12680258265117977,0.045074837282074634,2.2879161805208947,0.008330173597900803,137.39575502480383,923.4270500449135,2745.2985247286583,7.255086529767141e-06,0.001022624740471656,7.856696933897759e-09,3.725002400767215e-07,GOOD,0.49423381869050864,1.3903572019867076,0,0
SACRAMENTO VALLEY - VINA,Corn,Sacramento River,183.6817074,232.0,6.1,2.826875063,0.234536008,1.320694044672553,0.03352518541352239,0.3,0.17,423.9938724,1022.014707,159.5840787,50,141.34375315,1272.9764858929998,9.4766996320701,1272.9764858929998,539.496040943,733.48044495,-4.88235294117647,0.05337654318511818,0.9465964071925003,0.02249334781934999,0.14117884170571093,3.420357078264552,0.018147334214802347,1442.3354438540705,183.68169716027614,519.2450237018238,1.023972384928129e-05,0.00021447649874062336,5.5747107288056987e-08,4.1305433920410156e-07,GOOD,2.644960375498291,0.4214088525991567,0,0
SACRAMENTO VALLEY - VINA,Cucurbits,Sacramento River,51.98763004,203.0,12.0,1.97136542,0.087908733,0.5954029958862788,4.8590594140887005,0.05,0.17,920.9338517,2396.72349,6846.813993,50,98.568271,2336.461468434,23.307557018376357,2336.461468434,539.496040943,1796.965427491,-4.88235294117647,0.46296137435757295,0.5368637974015757,0.17789152624166912,0.062270831414042035,10.336798954200365,0.3847069001724396,9.62811686510724e-06,51.98762997173975,102.4865956049932,6.826024900874472e-08,2.0523616015566404e-05,1.3130094400576512e-09,2.002565485215315e-07,GOOD,0.13450545739469513,0.38424701518246485,0,0
SACRAMENTO VALLEY - VINA,Dry Beans,Sacramento River,243.6870741,1523.0,1.7,2.293810917,0.272510229,0.8579188204514863,0.04137219977784526,1.68,0.17,521.9411016,903.6303871,214.6292221,50,114.69054585,2473.5472431239996,21.33925308641135,2473.5472431239996,539.496040943,1934.051202181,-4.88235294117647,0.2724537253240344,0.7274813280771879,0.1535539728354432,0.6992457706846613,1.314732728108346,0.0024426330261318333,436679.00373190874,243.68705697991936,558.9718421858462,1.7120080627819334e-05,0.00022871652174671908,7.025436491060621e-08,4.0917343397406975e-07,GOOD,2.5664753522934403,0.5635965250716192,0,0
SACRAMENTO VALLEY - VINA,Grain,Sacramento River,1737.072444,216.0,2.7,0.78906264,0.351483763,0.6729928083090427,0.036299510576689786,0.74,0.17,345.3012994,477.8051109,110.9675411,50,39.453132000000004,542.796069877,13.74689466439783,542.796069877,539.496040943,3.30002893400012,-4.88235294117647,0.9766099750902696,0.02231242384484773,0.7057787493974792,3.0389489510039227,2.7263857953571917,0.0007779476072048907,1215.1727745000705,1737.099072754626,1370.6794781123504,-0.026628754626017326,-0.020509578458131728,1.5329674198675693e-05,1.4963297894639346e-05,GOOD,3.1117324505343373,0.7226823065494933,0,0
SACRAMENTO VALLEY - VINA,Other Deciduous,Sacramento River,65557.93945,1600.221291,1.968120318,3.327741402,0.215021845,0.542542160251163,0.5586272122329681,0.13,0.17,2284.866179,4950.948854,6009.195442,50,166.3870701,2982.1378121472903,17.929650647717807,2982.1378121472903,539.496040943,2442.64177120429,-4.88235294117647,0.04815929939163482,0.9518295885911543,0.03031829023796537,0.029878611306392105,1.0692709451026825,0.00011733601996710852,9500.355821491143,65557.93879233528,218159.78568378245,0.0006576647283509374,0.08365379166207276,1.0031809020668317e-08,3.834517866007215e-07,GOOD,0.6204120841421951,0.6295417628777134,0,0
SACRAMENTO VALLEY - VINA,Pasture,Sacramento River,611.4249603,179.0,5.0,3.965593094,0.350906068,0.10289172336777223,0.06852420918280822,0.51,0.17,328.209843,177.7241242,145.0367898,10,39.65593094,854.648082655,21.123679083035462,854.648082655,539.496040943,315.152041712,-4.88235294117647,0.02520092458540132,0.9747889042405232,0.04653949785910914,0.05702823069175681,2.3747421876443893,0.003206909172899022,13847.103990621123,611.4247084075967,2424.657200820256,0.0002518924032983705,0.005399244647833257,4.119759899477733e-07,2.2268024622018457e-06,GOOD,2.262942000342034,1.8467377139832826,0,0
SACRAMENTO VALLEY - VINA,Rice,Sacramento River,9523.479043,573.0,4.4,4.534377778,0.381523094,0.7787889472798347,0.016559817107172286,0.2,0.17,851.2633133,1216.2235,177.3500304,50,226.71888889999997,2293.4750098320005,10.544046375285637,2293.4750098320005,539.496040943,1753.978968889,-4.88235294117647,0.006266092276010726,0.9937322015734887,0.004385784740380405,0.030076648050282272,1.587234695676808,0.0005250182183868118,22515.005381321644,9523.47870202866,43183.033427769784,0.00034097133902832866,0.01831405811390141,3.5803232987523745e-08,4.241029148053952e-07,GOOD,4.7999050645054355,0.699923420721246,0,0
SACRAMENTO VALLEY - VINA,Safflower,Sacramento River,143.1242232,564.0,1.0,2.357007476,0.396694215,0.4537037030434028,0.03215870805598959,0.74,0.17,212.2655769,227.006242,60.43672676,10,23.57007476,539.4960409429999,21.92065600066421,539.4960409429999,539.496040943,0.0,-4.88235294117647,0.25825689853674866,0.7414861373748913,0.24148697027379365,0.9070486227644503,0.7646499335776759,0.009441807411335186,10.877179474665764,143.10087823389233,337.2893042176264,0.023344966107657683,0.055559861466235816,0.00016310981876936179,0.00016469751693984426,GOOD,3.5121951355556216,0.9350649358914657,0,0
SACRAMENTO VALLEY - VINA,Sunflowers,Sacramento River,101.3126958,3712.0,0.6,2.873453662,0.386904762,0.3895547862245365,0.0812011031754898,0.74,0.17,734.0697039,736.5793439,336.2917618,50,143.6726831,2082.5749359479996,14.666495541742329,2082.5749359479996,539.496040943,1543.078895005,-4.88235294117647,0.07731431800168662,0.9226646929407505,0.07705089619868048,0.16876446308050513,0.36008179762996023,0.01333842062616748,29957.679282622146,101.31268894412119,291.1172248071748,6.855878808664784e-06,0.00011194642723921788,6.767048053087917e-08,3.8454057215413415e-07,GOOD,2.182835824495322,0.9965928458037955,0,0
SACRAMENTO VALLEY - VINA,Truck Crops,Sacramento River,153.802397,742.2022343,20.8241733,2.662234731,0.139554281,1.1244727167916924,1.262909809962677,0.393003641,0.17,7441.94487,27484.23099,27982.75263,50,133.11173655,15321.680707495405,109.79385866428127,15321.680707495405,539.496040943,14782.1846665524,-4.88235294117647,0.4912907397636486,0.5086830969056572,0.17307554138829656,0.16331421649046915,18.035247558828654,0.01654399240721928,70151.6066276081,153.8023965125893,409.45795243248915,4.874107162322616e-07,0.00013057196105137336,3.1690710010992974e-09,3.1888968974134097e-07,GOOD,0.332418674467662,0.35228740820875265,0,0
SACRAMENTO VALLEY - VINA,Vineyard,Sacramento River,59.91441488,1756.637675,10.24058955,2.661751325,0.302297005,0.1329510358537938,0.3058799853780738,0.13,0.17,2773.231975,2743.166444,4105.247296,50,133.08756625,17855.11099508529,127.95444180786298,17855.11099508529,539.496040943,17315.6149541423,-4.88235294117647,0.5297836960365484,0.47020133330217584,0.7988581097919196,0.5266716975143264,9.00488316456801,0.12838826362093803,61.5450873727158,59.91441482645,159.47723302919297,5.355000354256845e-08,4.016424674091468e-05,8.937749563243076e-10,2.5184934465362353e-07,GOOD,0.9941259073363267,1.5078948555200695,0,0
SACRAMENTO VALLEY - WYANDOTTE CREEK,Alfalfa,Sacramento River,88.5126563,286.0,5.6,3.537610105,0.306290873,0.13122437452970753,0.08146025298303902,1.86,0.17,739.7198673,484.1807412,381.4811931,50,176.88050525,1424.054765012,8.591237796026618,1424.054765012,542.796069877,881.258695135,-4.88235294117647,0.016583644881061937,0.9834121818632707,0.025336099820518803,0.032156897392725974,2.4772875962271295,0.006074096418255956,84777.57585562314,88.51253171474535,313.1225544181457,0.0001245852546531978,0.0007129291262799597,1.4075416992450808e-06,2.2768321636388643e-06,GOOD,1.939072961544676,1.5277763122781245,0,0
SACRAMENTO VALLEY - WYANDOTTE CREEK,Almonds & Pistachios,Sacramento River,1655.543435,4575.0,0.9,3.61367267,0.287448101,0.311217018052816,0.03090217019351817,0.4,0.17,2039.310074,2110.873995,639.9084906,50,180.6836335,3936.1355734090002,21.621817713304356,3936.1355734090002,542.796069877,3393.339503532,-4.88235294117647,0.03949811457880837,0.9604979385929675,0.03795984397144493,0.12046519756265571,0.46859191753597956,0.001510078169589069,184471.1547155375,1655.5433011910557,5982.586424873429,0.00013380894438341784,0.005640183992909442,8.082478632366286e-08,9.427659334909553e-07,GOOD,3.0498974152879694,0.9610545813701002,0,0
SACRAMENTO VALLEY - WYANDOTTE CREEK,Citrus & Subtropical,Sacramento River,1513.686437,864.0,3.7,2.972946835,0.183365181,0.09485584338438294,0.7506750003126099,0.13,0.17,2549.235389,1743.692937,5418.931559,50,148.64734175,3047.466400592,20.387718776222886,3047.466400592,542.796069877,2504.670330715,-4.88235294117647,0.09120144267242203,0.9087835081838325,0.1268025826511798,0.04507483728207465,2.2879161805208943,0.005081836967207821,224.92351019361828,1513.6863953723346,4500.105293194574,4.162766549598018e-05,0.004008867002994521,2.7500851218884363e-08,8.90837696132845e-07,GOOD,0.49423381869050864,1.3903572019867076,0,0
SACRAMENTO VALLEY - WYANDOTTE CREEK,Corn,Sacramento River,51.84041711,232.0,6.1,2.826875063,0.234536008,1.320694044672553,0.03352518541352239,0.3,0.17,423.9938724,1022.014707,159.5840787,50,141.34375315,1272.9764858929998,9.4766996320701,1272.9764858929998,542.796069877,730.180416016,-4.88235294117647,0.053376543185118204,0.9465964071925003,0.02249334781935,0.141178841705711,3.4203570782645527,0.06429989415903706,405.2388962692512,51.84040658785581,146.54623666913108,1.0522144187063986e-05,0.00014571464643609033,2.029718272663024e-07,9.943244184253624e-07,GOOD,2.644960375498291,0.4214088525991567,0,0
SACRAMENTO VALLEY - WYANDOTTE CREEK,Grain,Sacramento River,1133.716491,216.0,2.7,0.78906264,0.351483763,0.6729928083090427,0.036299510576689786,0.74,0.17,345.3012994,477.8051109,110.9675411,50,39.453132000000004,542.796069877,13.74689466439783,542.796069877,542.796069877,0.0,-4.88235294117647,0.9766099750902696,0.022312423844847728,0.7057787493974792,3.0389489510039227,2.726385795357192,0.0011919658592593864,76.34085435523805,1133.7195048831836,894.5749301366925,-0.003013883183712096,-0.001602736696327156,2.658409935497795e-06,1.7916213766236229e-06,GOOD,3.1117324505343373,0.7226823065494933,0,0
SACRAMENTO VALLEY - WYANDOTTE CREEK,Other Deciduous,Sacramento River,10958.4327,1597.35769,2.049187719,3.327741402,0.215021845,0.542542160251163,0.5586272122329681,0.13,0.17,2284.866179,4950.948854,6009.195442,50,166.3870701,3105.995537232209,18.634770979196873,3105.995537232209,542.796069877,2563.19946735521,-4.88235294117647,0.05005924320668343,0.9499296669565066,0.03151438421665968,0.031057359408439487,1.12168603726759,0.0007019532722327795,1666.4176160857958,10958.432357559932,36466.797304691856,0.00034244006747030653,0.032892128787352704,3.124900036757141e-08,9.019738927081302e-07,GOOD,0.6204120841421951,0.6295417628777134,0,0
SACRAMENTO VALLEY - WYANDOTTE CREEK,Pasture,Sacramento River,1616.658315,179.0,5.0,3.965593094,0.350906068,0.10289172336777223,0.06852420918280822,0.51,0.17,328.209843,177.7241242,145.0367898,10,39.65593094,854.648082655,21.123679083035462,854.648082655,542.796069877,311.852012778,-4.88235294117647,0.025200924585401328,0.974788904240523,0.04653949785910915,0.05702823069175683,2.3747421876443897,0.0012128625421541164,36229.936079918596,1616.6562780382785,6410.973323480608,0.0020369617213873425,0.035725841067687725,1.2599828315529633e-06,5.57257692086205e-06,GOOD,2.262942000342034,1.8467377139832826,0,0
SACRAMENTO VALLEY - WYANDOTTE CREEK,Rice,Sacramento River,2125.71521,573.0,4.4,4.534377778,0.381523094,0.7787889472798347,0.016559817107172286,0.2,0.17,851.2633133,1216.2235,177.3500304,50,226.71888889999997,2293.4750098320005,10.544046375285637,2293.4750098320005,542.796069877,1750.678939955,-4.88235294117647,0.0062660922760107264,0.9937322015734887,0.004385784740380406,0.030076648050282276,1.587234695676808,0.0023521495148919784,5016.072540252639,2125.714989143982,9638.786069455116,0.00022085601767685148,0.009741125484652002,1.0389727496791608e-07,1.0106164375802082e-06,GOOD,4.7999050645054355,0.699923420721246,0,0
SACRAMENTO VALLEY - WYANDOTTE CREEK,Truck Crops,Sacramento River,41.6269968,140.0,22.8,2.662234731,0.139554281,1.1244727167916924,1.262909809962677,0.41,0.17,7441.94487,27484.23099,27982.75263,50,133.11173655,3057.932756785,22.67518841365922,3057.932756785,542.796069877,2515.136686908,-4.88235294117647,0.16160506493023616,0.8383518157368692,0.05693142947768008,0.05372054147136955,15.835212789068597,0.05859236980179897,3745.327427660927,41.62699371883746,110.82075032339766,3.081162539331217e-06,8.630478819782184e-05,7.40183721188173e-08,7.787776272379388e-07,GOOD,0.332418674467662,0.35228740820875265,0,0
SACRAMENTO VALLEY - WYANDOTTE CREEK,Vineyard,Sacramento River,2.745477992,1756.637675,10.24058955,2.661751325,0.302297005,0.1329510358537938,0.3058799853780738,0.13,0.17,2773.231975,2743.166444,4105.247296,50,133.08756625,17855.11099508529,127.95444180786298,17855.11099508529,542.796069877,17312.3149252083,-4.88235294117647,0.5297836960365485,0.47020133330217595,0.7988581097919197,0.5266716975143265,9.00488316456801,2.801809999833243,2.8196633678147003,2.7454779827103177,7.3077905362626305,9.289682356694584e-09,-1.0853298291202407e-05,3.3836302398939733e-09,1.4851704296043936e-06,GOOD,0.9941259073363267,1.5078948555200695,0,0
SACRAMENTO VALLEY - YOLO,Alfalfa,Sacramento River,23989.05817,274.8184745,5.796974576,3.537610105,0.306290873,0.13122437452970753,0.08146025298303902,1.86,0.17,739.7198673,484.1807412,381.4811931,50,176.88050525,1415.5704747036043,8.545726709881544,1415.5704747036043,440.947382868311,974.623091835293,-4.88235294117647,0.01648649198573048,0.9835093343463212,0.025187671928362163,0.03196851084025296,2.5616873238811033,2.2411651378398007e-05,25410174.31315492,23989.046697178244,84863.86439335738,0.011472821755887708,0.07019826743635349,4.78252279626187e-07,8.271861041342918e-07,GOOD,1.939072961544676,1.5277763122781245,0,0
SACRAMENTO VALLEY - YOLO,Almonds & Pistachios,Sacramento River,51340.56958,4341.96477,0.823518784,3.61367267,0.287448101,0.311217018052816,0.03090217019351817,0.4,0.17,2039.310074,2110.873995,639.9084906,50,180.6836335,3394.32512097024,18.77666244000895,3394.32512097024,440.947382868311,2953.37773810193,-4.88235294117647,0.03424777128873603,0.9657482603086904,0.032913977498755145,0.10445218913288955,0.41702361311965,4.869443444924086e-05,4979041.352203345,51340.56778878148,185527.94603381568,0.0017912185212480836,0.06711966372677125,3.4888949146872386e-08,3.6177643788620763e-07,GOOD,3.0498974152879694,0.9610545813701002,0,0
SACRAMENTO VALLEY - YOLO,Citrus & Subtropical,Sacramento River,4548.964414,886.0,3.5,2.972946835,0.183365181,0.09485584338438294,0.7506750003126099,0.13,0.17,2549.235389,1743.692937,5418.931559,50,148.64734175,2951.6664005919997,19.776750477060553,2951.6664005919997,440.947382868311,2510.71901772369,-4.88235294117647,0.08858857974568367,0.9113963278431719,0.12316976986318506,0.04378347206007789,2.152065006523861,0.0016910019495060599,677.5774384411309,4548.964367106853,13523.824835970434,4.68931466457434e-05,0.0045211584965727525,1.0308532311535334e-08,3.34310525309126e-07,GOOD,0.49423381869050864,1.3903572019867076,0,0
SACRAMENTO VALLEY - YOLO,Corn,Sacramento River,10581.85656,247.2772028,6.081260815,2.826875063,0.234536008,1.320694044672553,0.03352518541352239,0.3,0.17,423.9938724,1022.014707,159.5840787,50,141.34375315,1361.5336497234484,10.069710967492076,1361.5336497234484,440.947382868311,920.586266855137,-4.88235294117647,0.05687794260908868,0.9430951078204899,0.023968868533096748,0.15043990444090544,3.4498850800464904,0.00031500458491693387,104282.14942970895,10581.85591956288,29913.574397449993,0.0006404371197277214,0.012032256970996968,6.052218871956826e-08,4.02233847795924e-07,GOOD,2.644960375498291,0.4214088525991567,0,0
SACRAMENTO VALLEY - YOLO,Cucurbits,Sacramento River,5033.443186,203.0,12.0,1.97136542,0.087908733,0.5954029958862788,4.8590594140887005,0.05,0.17,920.9338517,2396.72349,6846.813993,50,98.568271,2336.461468434,23.307557018376357,2336.461468434,440.947382868311,1895.51408556569,-4.88235294117647,0.4629613743575731,0.5368637974015754,0.17789152624166918,0.062270831414042056,10.336798954200365,0.003973423213681625,0.0009833150679235893,5033.443171710042,9922.75262997307,1.4289958016888704e-05,0.003210441956980503,2.839002545342071e-09,3.2354337934069574e-07,GOOD,0.13450545739469513,0.38424701518246485,0,0
SACRAMENTO VALLEY - YOLO,Dry Beans,Sacramento River,1241.609484,1339.334285,1.100742856,2.293810917,0.272510229,0.8579188204514863,0.04137219977784526,1.68,0.17,521.9411016,903.6303871,214.6292221,50,114.69054585,1358.709889133618,12.150810597907268,1358.709889133618,440.947382868311,917.762506265307,-4.88235294117647,0.1706204982139678,0.8293054647390264,0.09616111989938066,0.4378933032621753,0.779172619396538,0.0004794084636986352,1055953.8296077,1241.6091725551787,2848.0157457206897,0.00031144482136369334,0.0016433292475994676,2.508395960059317e-07,5.770081509746897e-07,GOOD,2.5664753522934403,0.5635965250716192,0,0
SACRAMENTO VALLEY - YOLO,Grain,Sacramento River,41683.74213,145.9271065,3.298573682,0.78906264,0.351483763,0.6729928083090427,0.036299510576689786,0.74,0.17,345.3012994,477.8051109,110.9675411,50,39.453132000000004,440.9473828683112,11.346169060804431,440.9473828683112,440.947382868311,0.0,-4.88235294117647,0.9713662932133474,0.027314524227253237,0.7019892332838533,3.022632015947225,3.3378720788202507,3.241914670561156e-05,2806.85031239228,41683.772266213746,32891.09629455124,-0.030136213747027796,-0.01268437421094859,7.229728476162559e-07,3.8564780538345784e-07,GOOD,3.1117324505343373,0.7226823065494933,0,0
SACRAMENTO VALLEY - YOLO,Onions & Garlic,Sacramento River,261.9895095,216.0,21.2,2.113494575,0.178481578,0.8220938475297447,0.4158621200492846,0.41,0.17,887.6914461,1905.136225,1355.002253,50,105.67472874999999,4472.691297649999,40.94635237233136,4472.691297649999,440.947382868311,4031.74391478169,-4.88235294117647,0.5228803963385495,0.4770429763628309,0.24363426010866668,0.34255031922705154,18.653016746088436,0.009309626156019437,37785.49266414373,261.98950628828266,553.7132525954805,3.2117173418555467e-06,0.0001544396803865311,1.2258953986306641e-08,2.789162740585838e-07,GOOD,0.6551217479671209,0.46594644170006466,0,0
SACRAMENTO VALLEY - YOLO,Other Deciduous,Sacramento River,4479.248897,2007.954736,2.378413327,3.327741402,0.215021845,0.542542160251163,0.5586272122329681,0.13,0.17,2284.866179,4950.948854,6009.195442,50,166.3870701,4608.456080149168,27.188258259295644,4608.456080149168,440.947382868311,4167.50869728086,-4.88235294117647,0.0725168004357979,0.9274723719023151,0.04565235438460354,0.044990299293697016,1.3997511522710877,0.0017173208877630476,1107.44122289975,4479.248864654294,14905.777129862747,3.234570613130927e-05,0.004874546988503425,7.22123437993655e-09,3.2702390166858316e-07,GOOD,0.6204120841421951,0.6295417628777134,0,0
SACRAMENTO VALLEY - YOLO,Pasture,Sacramento River,14682.5376,161.9324556,5.0,3.965593094,0.350906068,0.10289172336777223,0.06852420918280822,0.51,0.17,328.209843,177.7241242,145.0367898,10,39.65593094,769.3103606550001,19.109548744258596,769.3103606550001,440.947382868311,328.362977786689,-4.88235294117647,0.02274281754715181,0.9772469856305801,0.042000018886566015,0.05146567703356563,2.327699614444036,0.00013354532895767896,346442.7983079378,14682.530999150606,58224.84862317165,0.006600849394089892,0.12108578367769951,4.4957142790425353e-07,2.079619522053196e-06,GOOD,2.262942000342034,1.8467377139832826,0,0
SACRAMENTO VALLEY - YOLO,Rice,Sacramento River,37653.9343,593.0,4.0,4.534377778,0.381523094,0.7787889472798347,0.016559817107172286,0.2,0.17,851.2633133,1216.2235,177.3500304,50,226.71888889999997,2144.2750098320003,9.920069015618568,2144.2750098320003,440.947382868311,1703.32762696369,-4.88235294117647,0.005860913669424202,0.9941373794844204,0.004102190744055298,0.028131829204498367,1.4251432702831857,0.00013278824890285102,86449.68248164911,37653.93278955111,170737.09750578977,0.0015104488920769654,0.06543840220547281,4.011397268723033e-08,3.832698229082226e-07,GOOD,4.7999050645054355,0.699923420721246,0,0
SACRAMENTO VALLEY - YOLO,Safflower,Sacramento River,7813.162109,576.6905871,1.09935539,2.357007476,0.396694215,0.4537037030434028,0.03215870805598959,0.74,0.17,212.2655769,227.006242,60.43672676,10,23.57007476,609.4839462336494,24.64083471712413,609.4839462336494,440.947382868311,168.536563365338,-4.88235294117647,0.28228500047071853,0.7174663595618959,0.2639548058682748,0.9914400054935739,0.8552178281394058,0.0001729583147640987,252865.32345787273,7813.157219828109,18415.640426234586,0.0048891718906816095,0.04107587834369042,6.257609687951771e-07,2.2304837504372327e-06,GOOD,3.5121951355556216,0.9350649358914657,0,0
SACRAMENTO VALLEY - YOLO,Sunflowers,Sacramento River,18978.87192,3609.0,0.6,2.873453662,0.386904762,0.3895547862245365,0.0812011031754898,0.74,0.17,734.0697039,736.5793439,336.2917618,50,143.6726831,2020.774935948,14.25953189928558,2020.774935948,440.947382868311,1579.82755307969,-4.88235294117647,0.075192939187167,0.9247860234985963,0.07493674524889049,0.1641338414068463,0.35818082446988403,7.120293329590852e-05,5745577.811884431,18978.87023115761,54534.88605848239,0.0016888423924683593,0.022960670583415776,8.898539384148809e-08,4.2102702647494754e-07,GOOD,2.182835824495322,0.9965928458037955,0,0
SACRAMENTO VALLEY - YOLO,Tomato Processing,Sacramento River,31960.57126,97.03355012,49.44586241,2.666779844,0.124471553,2.283636824869254,0.28639447182202826,0.74,0.17,657.2463564,2815.18314,996.9547547,50,133.3389922,4663.722148980359,34.053146754767006,4663.722148980359,440.947382868311,4222.77476611205,-4.88235294117647,0.22542871461724082,0.7745363893948907,0.05262968491613354,0.14861476991975678,36.65511720883208,4.228182720384052e-05,25856666.67403825,31960.570301473912,85231.77748858067,0.0009585260886524338,0.02975031301320996,2.999089349357374e-08,3.4905176807789254e-07,GOOD,0.6592539471827814,0.23346486717761028,0,0
SACRAMENTO VALLEY - YOLO,Truck Crops,Sacramento River,4225.810678,200.7096049,22.78137763,2.662234731,0.139554281,1.1244727167916924,1.262909809962677,0.409839808,0.17,7441.94487,27484.23099,27982.75263,50,133.11173655,4438.374059979998,32.48150628456895,4438.374059979998,440.947382868311,3997.42667711169,-4.88235294117647,0.21860762140558784,0.7813521909493244,0.07701271235965478,0.072669255736174,16.78707548098182,0.0005773987301412788,603463.4676104755,4225.810604033716,11250.096187097884,7.396628370770486e-05,0.0037665043728338787,1.7503454211231197e-08,3.347974141001167e-07,GOOD,0.332418674467662,0.35228740820875265,0,0
SACRAMENTO VALLEY - YOLO,Vineyard,Sacramento River,1371.497974,1722.462379,10.34583221,2.661751325,0.302297005,0.1329510358537938,0.3058799853780738,0.13,0.17,2773.231975,2743.166444,4105.247296,50,133.08756625,17686.412338515427,126.75450095877942,17686.412338515427,440.947382868311,17245.4649556471,-4.88235294117647,0.5274182269693789,0.4725667270579709,0.7952912311546428,0.5243201234316505,9.089223800045312,0.005608690525347937,1403.1182048067485,1371.4979722354724,3650.585430630827,1.7645277239353163e-06,0.001118898489039566,1.28656969050347e-09,3.064982774299187e-07,GOOD,0.9941259073363267,1.5078948555200695,0,0
SAN JOAQUIN VALLEY - CHOWCHILLA,Alfalfa,San Joaquin River,9738.547974,288.707966,7.226870561,4.134965358,0.306290873,0.13122437452970753,0.08146025298303902,1.86,0.17,739.7198673,484.1807412,381.4811931,50,206.74826789999997,1879.042102573589,9.58040295482212,1879.042102573589,622.554690803503,1256.48741177009,-4.88235294117647,0.008808239002917183,0.9911900810450303,0.013457018901541157,0.017079818089379945,2.8010644274144814,5.520683473938089e-05,13297790.642697485,9738.541783136161,40268.51509316544,0.00619086383812828,0.04341654563177144,6.357070740583365e-07,1.0781748152544672e-06,GOOD,1.939072961544676,1.5277763122781245,0,0
SAN JOAQUIN VALLEY - CHOWCHILLA,Almonds & Pistachios,San Joaquin River,137945.7552,4808.787403,1.067430793,3.753630493,0.287448101,0.311217018052816,0.03090217019351817,0.4,0.17,2039.310074,2110.873995,639.9084906,50,187.68152465,4944.685433211701,25.953263711647114,4944.685433211701,622.554690803503,4322.1307424082,-4.88235294117647,0.03967212279725121,0.9603247215068289,0.03812707536697547,0.12099590477832338,0.555396237293165,1.812306581217658e-05,19577575.609832797,137945.750288698,517797.1599426074,0.004911302006803453,0.2331560259917751,3.560313979710956e-08,4.5028427933271194e-07,GOOD,3.0498974152879694,0.9610545813701002,0,0
SAN JOAQUIN VALLEY - CHOWCHILLA,Citrus & Subtropical,San Joaquin River,248.3432947,1139.0,2.8,3.247465856,0.183365181,0.09485584338438294,0.7506750003126099,0.13,0.17,2549.235389,1743.692937,5418.931559,50,162.3732928,3026.1404495419997,18.62714158601629,3026.1404495419997,622.554690803503,2403.5857587385,-4.88235294117647,0.05595610262835393,0.9440345989935556,0.07779897028443923,0.027655398281049372,1.56803604689236,0.03097449319741063,35.41292171375673,248.3432903329855,806.486057569352,4.367014497574928e-06,0.0003125354436406269,1.7584587910256663e-08,3.8752724810465886e-07,GOOD,0.49423381869050864,1.3903572019867076,0,0
SAN JOAQUIN VALLEY - CHOWCHILLA,Corn,San Joaquin River,18675.97688,68.60082875,27.00676796,2.415829265,0.234536008,1.320694044672553,0.03352518541352239,0.3,0.17,423.9938724,1022.014707,159.5840787,50,120.79146325,1731.015439707947,14.501896409301462,1731.015439707947,622.554690803503,1108.46074890444,-4.88235294117647,0.1619239597416732,0.8380156923131241,0.06823619008305055,0.4282824573605061,18.860561430462365,0.00017848240843042497,221599.36413853502,18675.975730332542,45117.94947727684,0.0011496674560476094,0.02202189055242343,6.155862493483713e-08,4.880957591994096e-07,GOOD,2.644960375498291,0.4214088525991567,0,0
SAN JOAQUIN VALLEY - CHOWCHILLA,Cotton,San Joaquin River,392.1931353,3318.665487,0.749682836,3.634047537,0.148539114,1.334590964860844,0.04119880232811655,0.68,0.17,378.6944542,1135.122209,199.4393382,50,181.70237684999998,2305.5721696394817,12.992355897594079,2305.5721696394817,622.554690803503,1683.01747883598,-4.88235294117647,0.02277270750653032,0.9772221223992299,0.007597330026292077,0.04324070709285225,0.35092192130659977,0.003749653175773262,103149.58836299632,392.1930765772202,1425.2477117577305,5.872277978369311e-05,0.0007856075421841524,1.4972923924018797e-07,5.512074165567855e-07,GOOD,1.8987951731454202,0.3336155801462545,0,0
SAN JOAQUIN VALLEY - CHOWCHILLA,Cucurbits,San Joaquin River,32.72943318,429.0,16.4,2.299627126,0.087908733,0.5954029958862788,4.8590594140887005,0.05,0.17,920.9338517,2396.72349,6846.813993,50,114.98135629999999,6919.648383133999,57.787649794611944,6919.648383133999,622.554690803503,6297.0936923305,-4.88235294117647,0.5078660078132412,0.49206923299883437,0.1951459976148723,0.06831074967613782,14.323616171214862,0.6110707719870142,2.1240516259647486e-05,32.72943312461009,75.2655013908726,5.538991132425508e-08,-9.031540159298856e-06,1.6923577936602407e-09,1.1999576268206001e-07,GOOD,0.13450545739469513,0.38424701518246485,0,0
SAN JOAQUIN VALLEY - CHOWCHILLA,Dry Beans,San Joaquin River,185.2935212,1176.0,1.4,2.212101358,0.272510229,0.8579188204514863,0.04137219977784526,1.68,0.17,521.9411016,903.6303871,214.6292221,50,110.6050679,1534.9327210739998,14.06690837982105,1534.9327210739998,622.554690803503,912.378030270497,-4.88235294117647,0.22339913174745912,0.7765150565034963,0.1259069743568848,0.5733483653536088,1.044786409059691,0.003212406410020208,156662.6293773386,185.2934518117588,409.8877627149431,6.938824117241893e-05,0.0002871601786296196,3.744774276134752e-07,7.005819728511409e-07,GOOD,2.5664753522934403,0.5635965250716192,0,0
SAN JOAQUIN VALLEY - CHOWCHILLA,Grain,San Joaquin River,4517.533144,203.5222618,3.178219057,0.466656841,0.351483763,0.6729928083090427,0.036299510576689786,0.74,0.17,345.3012994,477.8051109,110.9675411,50,23.33284205,622.5546908035031,25.368375634920408,622.5546908035031,622.554690803503,0.0,-4.88235294117647,0.9981346368435154,0.0009050316563353408,0.7213342416010126,3.1059279394682733,3.2016309813050063,0.00029913479509190984,304.19628057705006,4517.548235070946,2108.1439550858177,-0.015091070946255059,-0.006208993979726074,3.340555667266856e-06,2.945250608617293e-06,GOOD,3.1117324505343373,0.7226823065494933,0,0
SAN JOAQUIN VALLEY - CHOWCHILLA,Onions & Garlic,San Joaquin River,2.47656853,2039.0,6.5,1.480822037,0.178481578,0.8220938475297447,0.4158621200492846,0.41,0.17,887.6914461,1905.136225,1355.002253,50,74.04110185,13178.62492455,168.57920845515423,13178.62492455,622.554690803503,12556.0702337465,-4.88235294117647,0.9631603256956055,0.03679176829275247,0.4487811265445427,0.6309872761422866,6.457691035204279,0.9848402580823807,1112.3444249313216,2.4765685212388266,3.6673950107180735,8.761173564408864e-09,-3.7755353377466605e-05,3.5376261380535523e-09,1.0294975577369014e-05,GOOD,0.6551217479671209,0.46594644170006466,0,0
SAN JOAQUIN VALLEY - CHOWCHILLA,Other Deciduous,San Joaquin River,5731.612907,4183.095122,3.887783572,3.445837194,0.215021845,0.542542160251163,0.5586272122329681,0.13,0.17,2284.866179,4950.948854,6009.195442,50,172.2918597,16089.773481858932,89.42833344513095,16089.773481858932,622.554690803503,15467.2187910554,-4.88235294117647,0.18189928534567948,0.8180929352377713,0.11451319676271526,0.11285251472528884,2.7482257077852346,0.001342084299327525,5259.103122671397,5731.6128902093205,19750.19694163855,1.6790679183031898e-05,0.007994912510184804,2.929485897857041e-09,4.04801496281635e-07,GOOD,0.6204120841421951,0.6295417628777134,0,0
SAN JOAQUIN VALLEY - CHOWCHILLA,Pasture,San Joaquin River,965.9426864,153.4940677,5.0,4.600187047,0.350906068,0.10289172336777223,0.06852420918280822,0.51,0.17,328.209843,177.7241242,145.0367898,10,46.00187047,720.772481625,15.652198640748901,720.772481625,622.554690803503,98.2177908214968,-4.88235294117647,0.009023843118436141,0.9909718386873718,0.016664671411884536,0.02042043359720658,1.9307922714904924,0.002029917862966792,6834.436961994874,965.9402664464269,4443.496666142242,0.002419953573053135,0.020367979421280324,2.5052765626003455e-06,4.583751849013987e-06,GOOD,2.262942000342034,1.8467377139832826,0,0
SAN JOAQUIN VALLEY - CHOWCHILLA,Tomato Processing,San Joaquin River,3322.390931,98.57107594,49.04987658,2.379660861,0.124471553,2.283636824869254,0.28639447182202826,0.74,0.17,657.2463564,2815.18314,996.9547547,50,118.98304305,4715.069638957808,38.42682278761746,4715.069638957808,622.554690803503,4092.5149481543,-4.88235294117647,0.36509482836049817,0.6348492710192085,0.08523681561041613,0.24069020669267852,40.108849659256045,0.0004067406212623542,2604962.64754861,3322.390796891518,7906.160145433257,0.00013410848168859957,0.0035180087952539907,4.036505169734331e-08,4.4497039841474514e-07,GOOD,0.6592539471827814,0.23346486717761028,0,0
SAN JOAQUIN VALLEY - CHOWCHILLA,Truck Crops,San Joaquin River,159.1363455,940.4647777,19.37755519,2.667732673,0.139554281,1.1244727167916924,1.262909809962677,0.41,0.17,7441.94487,27484.23099,27982.75263,50,133.38663365000002,18089.565993817832,129.19328919572462,18089.565993817832,622.554690803503,17467.0113030143,-4.88235294117647,0.5297372699867489,0.4702388357388423,0.186619769875212,0.17609456110511304,17.03878933692308,0.015326633162151524,99430.69484128422,159.13634454015838,424.53309428961336,9.598416284006817e-07,0.00013406255317249816,6.031567618226357e-09,3.1578812733425935e-07,GOOD,0.332418674467662,0.35228740820875265,0,0
SAN JOAQUIN VALLEY - CHOWCHILLA,Vineyard,San Joaquin River,14456.72346,1576.965171,11.00132135,3.098484515,0.302297005,0.1329510358537938,0.3058799853780738,0.13,0.17,2773.231975,2743.166444,4105.247296,50,154.92422575,17192.9695217727,106.09681622317704,17192.9695217727,622.554690803503,16570.4148309692,-4.88235294117647,0.30742342646247883,0.6925675517886913,0.4635622032291242,0.3056175927684543,8.656135084179109,0.0005320920548554016,14211.101643524811,14456.723425098706,44793.9156490708,3.490129347483162e-05,0.01812937642534962,2.414191125077495e-09,4.0472838387042134e-07,GOOD,0.9941259073363267,1.5078948555200695,0,0
SAN JOAQUIN VALLEY - COSUMNES,Alfalfa,San Joaquin River,3677.468895,271.2408806,5.953956842,4.134965358,0.306290873,0.13122437452970753,0.08146025298303902,1.86,0.17,739.7198673,484.1807412,381.4811931,50,206.74826789999997,1407.5434992404753,7.4154167003328775,1407.5434992404753,423.996069877,983.547429363475,-4.88235294117647,0.006613005745195551,0.9933853105820932,0.01010319353046891,0.012823100635048294,2.1907333151334507,0.00014619686092603933,3930979.9388701026,3677.4665378013287,15206.190695072743,0.002357198671234073,0.01579087479512964,6.409839861430216e-07,1.0384493206587988e-06,GOOD,1.939072961544676,1.5277763122781245,0,0
SAN JOAQUIN VALLEY - COSUMNES,Almonds & Pistachios,San Joaquin River,1653.549594,4882.307473,0.603967393,3.753630493,0.287448101,0.311217018052816,0.03090217019351817,0.4,0.17,2039.310074,2110.873995,639.9084906,50,187.68152465,2760.392198551228,14.909232739562684,2760.392198551228,423.996069877,2336.39612867423,-4.88235294117647,0.022543200549526868,0.9774535874678711,0.02166524616686776,0.06875444908832033,0.28154109445797165,0.001511899013535121,126864.73532091238,1653.549509059645,6206.811569792645,8.494035500916652e-05,0.002607933525723638,5.136849557907274e-08,4.20172644298341e-07,GOOD,3.0498974152879694,0.9610545813701002,0,0
SAN JOAQUIN VALLEY - COSUMNES,Citrus & Subtropical,San Joaquin River,9.31698171,1246.5,2.45,3.247465856,0.183365181,0.09485584338438294,0.7506750003126099,0.13,0.17,2549.235389,1743.692937,5418.931559,50,162.3732928,2890.865449542,17.837041693238053,2890.865449542,423.996069877,2466.869379665,-4.88235294117647,0.05358893280689508,0.9464017454995307,0.07450775867484832,0.02648546290070083,1.3606031381038366,0.8256222810925419,1.3635474202289382,9.3169815884732,30.25658234273935,1.215268010668069e-07,-2.358537855684517e-06,1.3043580512385368e-08,7.795123761231541e-08,GOOD,0.49423381869050864,1.3903572019867076,0,0
SAN JOAQUIN VALLEY - COSUMNES,Corn,San Joaquin River,4473.567716,219.2514518,5.003215956,2.415829265,0.234536008,1.320694044672553,0.03352518541352239,0.3,0.17,423.9938724,1022.014707,159.5840787,50,120.79146325,975.291137814925,8.586467884066828,975.291137814925,423.996069877,551.295067937925,-4.88235294117647,0.09818070315794064,0.9017543588902578,0.04137421746516617,0.2596840694913129,3.1859058146989105,0.0007451174420388128,26405.586974509166,4473.567318453425,10807.370642010157,0.0003975465742769302,0.00516526185128896,8.886566595495572e-08,4.7793858041037e-07,GOOD,2.644960375498291,0.4214088525991567,0,0
SAN JOAQUIN VALLEY - COSUMNES,Dry Beans,San Joaquin River,321.593089,1373.0,1.0,2.212101358,0.272510229,0.8579188204514863,0.04137219977784526,1.68,0.17,521.9411016,903.6303871,214.6292221,50,110.6050679,1261.532721074,11.730967690411992,1261.532721074,423.996069877,837.536651197,-4.88235294117647,0.19122234335776542,0.8086882894677415,0.10777224823248861,0.4907674310354982,0.7250328230200171,0.001850904498877758,249604.53624614334,321.5929970854165,711.3960510177772,9.191458349278037e-05,0.000457882537716614,2.85810195046761e-07,6.43639000175042e-07,GOOD,2.5664753522934403,0.5635965250716192,0,0
SAN JOAQUIN VALLEY - COSUMNES,Grain,Sacramento River,267.6377851,172.0,2.7,0.78906264,0.351483763,0.6729928083090427,0.036299510576689786,0.74,0.17,345.3012994,477.8051109,110.9675411,50,39.453132000000004,423.9960698770001,10.946601306835309,423.9960698770001,423.996069877,0.0,-4.88235294117647,0.970256490531264,0.028373197226634943,0.7011871985217504,3.0191786069276962,2.7333846635368615,0.005049179998431214,18.021875252300266,267.63941471128703,211.18419729036444,-0.0016296112870577417,-0.0012200156057815548,6.088868529713975e-06,5.777054673276336e-06,GOOD,3.1117324505343373,0.7226823065494933,0,0
SAN JOAQUIN VALLEY - COSUMNES,Grain,San Joaquin River,7282.082321,176.1370349,2.795432211,0.466656841,0.351483763,0.6729928083090427,0.036299510576689786,0.74,0.17,345.3012994,477.8051109,110.9675411,50,23.33284205,468.0955007364912,19.310635135883928,468.0955007364912,423.996069877,44.0994308594911,-4.88235294117647,0.9975211026213401,0.0012027044667923615,0.7208908512741838,3.104018785119617,2.822671340831045,0.00018557210585965736,62013.118319370034,7282.086662311201,3398.234332062772,-0.004341311200732889,-0.0008002429640328046,5.961634336669687e-07,2.3548792528224564e-07,GOOD,3.1117324505343373,0.7226823065494933,0,0
SAN JOAQUIN VALLEY - COSUMNES,Other Deciduous,San Joaquin River,411.0479417,1718.15538,1.306163009,3.445837194,0.215021845,0.542542160251163,0.5586272122329681,0.13,0.17,2284.866179,4950.948854,6009.195442,50,172.2918597,2070.9959875043382,12.340567542434785,2070.9959875043382,423.996069877,1646.99991762734,-4.88235294117647,0.027825131338264773,0.9721656241358148,0.017517082234995113,0.017263047725103155,0.6375630105021183,0.018713894200501457,40.166067961163535,411.0479329861172,1416.403737165627,8.713882834854303e-06,0.0005488613767283823,2.119918858811379e-08,3.875033294822424e-07,GOOD,0.6204120841421951,0.6295417628777134,0,0
SAN JOAQUIN VALLEY - COSUMNES,Pasture,San Joaquin River,11618.25019,277.4332005,5.0,4.600187047,0.350906068,0.10289172336777223,0.06852420918280822,0.51,0.17,328.209843,177.7241242,145.0367898,10,46.00187047,1340.468145625,28.29060190294715,1340.468145625,423.996069877,916.472075748,-4.88235294117647,0.016649351824209117,0.9833463632098731,0.030746985927143342,0.03767651752147408,2.1762093320766853,0.00016876760972260404,764607.5534034041,11618.24769150029,53446.01657485226,0.0024984997107821982,0.1074579910346074,2.1504957028147782e-07,2.0105852946150625e-06,GOOD,2.262942000342034,1.8467377139832826,0,0
SAN JOAQUIN VALLEY - COSUMNES,Safflower,San Joaquin River,495.9327375,588.0,1.0,2.40565496,0.396694215,0.4537037030434028,0.03215870805598959,0.74,0.17,212.2655769,227.006242,60.43672676,10,24.0565496,563.0095661029999,22.408574509273556,563.0095661029999,423.996069877,139.013496226,-4.88235294117647,0.24369055921053162,0.7560770895347785,0.22786649712555118,0.8558887966400583,0.7554631812252803,0.0027248682112891395,13245.3849002918,495.9323102010556,1193.0399292761151,0.0004272989443734332,0.0031205171378587693,8.616066495780251e-07,2.6155947502477264e-06,GOOD,3.5121951355556216,0.9350649358914657,0,0
SAN JOAQUIN VALLEY - COSUMNES,Truck Crops,San Joaquin River,196.4374799,511.1757038,22.16608219,2.667732673,0.139554281,1.1244727167916924,1.262909809962677,0.404546944,0.17,7441.94487,27484.23099,27982.75263,50,133.38663365000002,11196.420523646895,80.32626629145399,11196.420523646895,423.996069877,10772.4244537699,-4.88235294117647,0.4108030031855145,0.5891670594330514,0.14472072527659685,0.13655858978626345,18.518827981122723,0.012583652633796396,72273.55093508627,196.4374785051907,524.0425086406559,1.3948092885129881e-06,0.0001746903549246781,7.100525262404306e-09,3.3335138621587275e-07,GOOD,0.332418674467662,0.35228740820875265,0,0
SAN JOAQUIN VALLEY - COSUMNES,Vineyard,Sacramento River,501.587335,1685.130979,10.67836099,2.661751325,0.302297005,0.1329510358537938,0.3058799853780738,0.13,0.17,2773.231975,2743.166444,4105.247296,50,133.08756625,17860.542486538106,127.99307559783026,17860.542486538106,423.996069877,17436.5464166611,-4.88235294117647,0.5298594622323465,0.4701255695186082,0.7989723572487858,0.5267470186524695,9.390100504374463,0.015335928871305516,518.837227639287,501.58733429512625,1335.1002975504578,7.048737415971118e-07,0.0004559890110158449,1.4052861633699579e-09,3.4153902603004165e-07,GOOD,0.9941259073363267,1.5078948555200695,0,0
SAN JOAQUIN VALLEY - COSUMNES,Vineyard,San Joaquin River,1504.762005,1725.356663,10.51121954,3.098484515,0.302297005,0.1329510358537938,0.3058799853780738,0.13,0.17,2773.231975,2743.166444,4105.247296,50,154.92422575,17979.871587438796,110.90915380122644,17979.871587438796,423.996069877,17555.8755175618,-4.88235294117647,0.31703288479217817,0.682958218635215,0.47805225600881235,0.31517060424947724,8.322145200020191,0.005111976290435171,1567.1636730058685,1504.7620024023543,4662.48014252584,2.5976457891374594e-06,0.0016287270127577358,1.726283479052529e-09,3.4932619421696556e-07,GOOD,0.9941259073363267,1.5078948555200695,0,0
SAN JOAQUIN VALLEY - DELTA-MENDOTA,Alfalfa,San Joaquin River,34741.54366,277.1212328,7.109673091,4.134965358,0.306290873,0.13122437452970753,0.08146025298303902,1.86,0.17,739.7198673,484.1807412,381.4811931,50,206.74826789999997,1762.8283741449065,9.046782870155003,1762.8283741449065,801.622070685,961.206303459907,-4.88235294117647,0.008268065190119977,0.9917302539422973,0.012631754145836628,0.016032381654450388,2.7237863895509653,1.547525964487182e-05,36293209.519642204,34741.53048756126,143654.97707195973,0.013172438746551052,0.10244558480917476,3.7915525215182827e-07,7.131358330887501e-07,GOOD,1.939072961544676,1.5277763122781245,0,0
SAN JOAQUIN VALLEY - DELTA-MENDOTA,Alfalfa,Tulare Lake,309.8867142,264.0,7.7,4.524530937,0.306290873,0.13122437452970753,0.08146025298303902,1.86,0.17,739.7198673,484.1807412,381.4811931,50,226.22654684999998,1805.908723412,8.532721174271856,1805.908723412,801.622070685,1004.286652727,-4.88235294117647,0.005003862118004242,0.9949951448780378,0.007644782013792727,0.0097028537363197,2.6654865660780156,0.0017349385564660346,338231.7461270466,309.8865821228159,1402.0910122569296,0.00013207718404828483,0.001013106247455653,4.262111862047839e-07,7.225675841022154e-07,GOOD,1.939072961544676,1.5277763122781245,0,0
SAN JOAQUIN VALLEY - DELTA-MENDOTA,Almonds & Pistachios,San Joaquin River,244652.6709,4801.634575,1.153001521,3.753630493,0.287448101,0.311217018052816,0.03090217019351817,0.4,0.17,2039.310074,2110.873995,639.9084906,50,187.68152465,5347.929650520188,27.992111589121368,5347.929650520188,801.622070685,4546.30757983519,-4.88235294117647,0.04276887521199997,0.9572279792681972,0.04110322346253869,0.13044068196385242,0.6088815300402585,1.0218568188130907e-05,36522459.873101965,244652.6674037406,918335.4281245718,0.0034962593927048147,0.29755956202279776,1.429070600309892e-08,3.2402045755230135e-07,GOOD,3.0498974152879694,0.9610545813701002,0,0
SAN JOAQUIN VALLEY - DELTA-MENDOTA,Almonds & Pistachios,Tulare Lake,52635.38093,4695.767798,1.240774007,3.767767793,0.287448101,0.311217018052816,0.03090217019351817,0.4,0.17,2039.310074,2110.873995,639.9084906,50,188.38838965,5637.317443925026,29.34872602715565,5637.317443925026,801.622070685,4835.69537324003,-4.88235294117647,0.04403859169939458,0.9559583356554409,0.04232349030979043,0.13431318699690575,0.6589515742659263,4.749656895852544e-05,8357690.922508702,52635.3802173992,198317.8290707105,0.0007126007985789329,0.06396962990402244,1.3538437187841834e-08,3.225610605443968e-07,GOOD,3.0498974152879694,0.9610545813701002,0,0
SAN JOAQUIN VALLEY - DELTA-MENDOTA,Citrus & Subtropical,San Joaquin River,1814.224797,820.5,8.025,3.247465856,0.183365181,0.09485584338438294,0.7506750003126099,0.13,0.17,2549.235389,1743.692937,5418.931559,50,162.3732928,6421.452949542001,38.458123232282105,6421.452949542001,801.622070685,5619.830878857,-4.88235294117647,0.11172103656852683,0.8882702143111464,0.15533214780647162,0.05521631453132498,5.148879626823482,0.004239996997630989,604.8463766821684,1814.2247920537322,5891.631311067251,4.946267836203333e-06,0.0017722987804518198,2.7263809007475125e-09,3.0081621774030484e-07,GOOD,0.49423381869050864,1.3903572019867076,0,0
SAN JOAQUIN VALLEY - DELTA-MENDOTA,Citrus & Subtropical,Tulare Lake,453.5561991,583.0,16.5,3.608433712,0.183365181,0.09485584338438294,0.7506750003126099,0.13,0.17,2549.235389,1743.692937,5418.931559,50,180.4216856,9438.392056742,50.585459735344266,9438.392056742,801.622070685,8636.769986057,-4.88235294117647,0.09045126391612382,0.9095439167909082,0.12575956621458317,0.044704073570648886,10.125733543193547,0.01695998799613296,232.38508442765294,453.5561980787929,1636.6270275632262,1.021207140183833e-06,0.000451555798008485,2.2515559090808003e-09,2.759062790828563e-07,GOOD,0.49423381869050864,1.3903572019867076,0,0
SAN JOAQUIN VALLEY - DELTA-MENDOTA,Corn,San Joaquin River,37561.15171,64.01025933,25.99447359,2.415829265,0.234536008,1.320694044672553,0.03352518541352239,0.3,0.17,423.9938724,1022.014707,159.5840787,50,120.79146325,1542.241771435736,13.02427138214084,1542.241771435736,801.622070685,740.619700750736,-4.88235294117647,0.14686092124037156,0.8530776461593609,0.06188849231156011,0.3884413173899581,17.823311687821086,8.874417267790785e-05,297813.6852921977,37561.15103050188,90741.2986575566,0.0006794981163693592,0.030870566188241355,1.809044945201866e-08,3.4020403215134584e-07,GOOD,2.644960375498291,0.4214088525991567,0,0
SAN JOAQUIN VALLEY - DELTA-MENDOTA,Corn,Tulare Lake,121.824108,71.0,20.6,2.280437339,0.234536008,1.320694044672553,0.03352518541352239,0.3,0.17,423.9938724,1022.014707,159.5840787,50,114.02186695,1347.6983720930002,12.122999528603893,1347.6983720930002,801.622070685,546.076301408,-4.88235294117647,0.17436303404742842,0.8255535023179391,0.07347812611363451,0.46118331600710755,14.647543606447163,0.02736185298671207,712.2722715078869,121.82410582481994,277.81220413415093,2.1751800574065783e-06,4.053941768233926e-05,1.7855087085116013e-08,1.4592379731128615e-07,GOOD,2.644960375498291,0.4214088525991567,0,0
SAN JOAQUIN VALLEY - DELTA-MENDOTA,Cotton,San Joaquin River,45699.98916,3725.190309,0.799572058,3.634047537,0.148539114,1.334590964860844,0.04119880232811655,0.68,0.17,378.6944542,1135.122209,199.4393382,50,181.70237684999998,2796.1836974187863,15.554388255583213,2796.1836974187863,801.622070685,1994.56162673379,-4.88235294117647,0.0274851056670413,0.9725097491700148,0.00916945947249109,0.05218858597396986,0.38794509142488387,3.2179181271694586e-05,14244147.265064482,45699.98679338946,166075.87156798723,0.002366610540775582,0.061479837459046394,5.178580092196202e-08,3.7019113083255787e-07,GOOD,1.8987951731454202,0.3336155801462545,0,0
SAN JOAQUIN VALLEY - DELTA-MENDOTA,Cotton,Tulare Lake,2232.695552,3438.0,0.8,3.749301711,0.148539114,1.334590964860844,0.04119880232811655,0.68,0.17,378.6944542,1135.122209,199.4393382,50,187.46508555,2562.2629069100003,13.922977805208799,2562.2629069100003,801.622070685,1760.640836225,-4.88235294117647,0.021097815104296484,0.9788978748774659,0.007038559825838282,0.040060429483952706,0.36826385619982926,0.0006586604402811644,614295.6969265689,2232.695412280889,8371.046094860221,0.00013971911130283843,0.0031583954696543515,6.2578666929166e-08,3.7729983113239717e-07,GOOD,1.8987951731454202,0.3336155801462545,0,0
SAN JOAQUIN VALLEY - DELTA-MENDOTA,Cucurbits,San Joaquin River,9061.965727,453.8556865,16.06943566,2.299627126,0.087908733,0.5954029958862788,4.8590594140887005,0.05,0.17,920.9338517,2396.72349,6846.813993,50,114.98135629999999,7177.2531362708805,59.903513865864085,7177.2531362708805,801.622070685,6375.63106558588,-4.88235294117647,0.5169979354422837,0.4829385070267122,0.19865491354919415,0.06953904377877743,14.084521332692926,0.00220702666535256,0.005954316939559224,9061.965724552234,20839.13590947937,2.447766746627167e-06,0.006291212142969016,2.701143240184721e-10,3.0189400707483307e-07,GOOD,0.13450545739469513,0.38424701518246485,0,0
SAN JOAQUIN VALLEY - DELTA-MENDOTA,Cucurbits,Tulare Lake,346.2873917,485.0,17.3,2.442132231,0.087908733,0.5954029958862788,4.8590594140887005,0.05,0.17,920.9338517,2396.72349,6846.813993,50,122.10661155,8267.423127884,64.92651497854857,8267.423127884,801.622070685,7465.801057199,-4.88235294117647,0.4640093407959981,0.5359411377107051,0.17829420421764539,0.0624117886191767,14.827156298297293,0.05775549580888768,0.00026643947682095434,346.2873915912205,845.6793944460007,1.0877948852794361e-07,0.00020601349115167977,3.141306646884297e-10,2.4360702450401346e-07,GOOD,0.13450545739469513,0.38424701518246485,0,0
SAN JOAQUIN VALLEY - DELTA-MENDOTA,Dry Beans,San Joaquin River,5104.503119,1699.021831,1.3,2.212101358,0.272510229,0.8579188204514863,0.04137219977784526,1.68,0.17,521.9411016,903.6303871,214.6292221,50,110.6050679,2097.2611013739997,18.871464869770804,2097.2611013739997,801.622070685,1295.639030689,-4.88235294117647,0.28214055447555075,0.717780124502407,0.15901343608420027,0.7241067789439057,1.0138714311175887,0.00011661038917235605,6128151.48928689,5104.502942073997,11291.6743855031,0.00017692600340524223,0.003895952035236405,3.466076898781541e-08,3.450286076282313e-07,GOOD,2.5664753522934403,0.5635965250716192,0,0
SAN JOAQUIN VALLEY - DELTA-MENDOTA,Grain,San Joaquin River,26821.40256,221.3365492,3.91683269,0.466656841,0.351483763,0.6729928083090427,0.036299510576689786,0.74,0.17,345.3012994,477.8051109,110.9675411,50,23.33284205,842.6545912253534,34.00048150081861,842.6545912253534,801.622070685,41.0325205403534,-4.88235294117647,0.9986209916669078,0.0006690633893244989,0.7216857216265832,3.107441345554697,3.9382415613298947,5.0383321615204576e-05,212647.9889019929,26821.463422125184,12516.415593733047,-0.06086212518493994,-0.024603894134997972,2.269162660259477e-06,1.965733904843015e-06,GOOD,3.1117324505343373,0.7226823065494933,0,0
SAN JOAQUIN VALLEY - DELTA-MENDOTA,Grain,Tulare Lake,551.5647233,303.0,2.9,0.715524558,0.351483763,0.6729928083090427,0.036299510576689786,0.74,0.17,345.3012994,477.8051109,110.9675411,50,35.7762279,841.9729739769999,22.785867342840877,841.9729739769999,801.622070685,40.3509032919999,-4.88235294117647,0.9910828089107777,0.008212035072593063,0.7162380103251915,3.0839845376543886,2.91985960660015,0.00245003223423399,4300.942600421804,551.5657767005076,394.6587879318187,-0.0010534005076578978,-0.0006830841939517995,1.909840247497021e-06,1.7308252017668164e-06,GOOD,3.1117324505343373,0.7226823065494933,0,0
SAN JOAQUIN VALLEY - DELTA-MENDOTA,Lettuce,San Joaquin River,1031.061203,790.7620959,12.75008102,3.326092372,0.164570286,0.680529189238487,1.2720462492145637,0.25,0.17,2859.243032,5814.317411,7949.261967,50,166.3046186,9915.01940702501,57.40818349651293,9915.01940702501,801.622070685,9113.39733634001,-4.88235294117647,0.14435070640248568,0.8556377603959527,0.07098576166621944,0.05192101508597364,8.6066137821224,0.003879498121315695,43026.36672376483,1031.0611994709695,3429.4037982357145,3.529030436766334e-06,0.0010041277291747974,3.4227167373752243e-09,2.9279941769568365e-07,GOOD,0.35968660202607483,0.49175901826412594,0,0
SAN JOAQUIN VALLEY - DELTA-MENDOTA,Onions & Garlic,San Joaquin River,2464.121907,2006.858805,6.771709423,1.480822037,0.178481578,0.8220938475297447,0.4158621200492846,0.41,0.17,887.6914461,1905.136225,1355.002253,50,74.04110185,13514.98960499902,172.8576323871244,13514.98960499902,801.622070685,12713.367534314,-4.88235294117647,0.9640442227243058,0.03590902067653075,0.4491929752198949,0.6315663363087516,6.728702641931011,0.0009898148234124288,1120618.8200447368,2464.1219099911314,3648.9249787426616,-2.991131168528227e-06,0.0010429974036014755,1.2138730474458733e-09,2.858368181178145e-07,GOOD,0.6551217479671209,0.46594644170006466,0,0
SAN JOAQUIN VALLEY - DELTA-MENDOTA,Onions & Garlic,Tulare Lake,565.6142437,2366.0,7.7,1.253629891,0.178481578,0.8220938475297447,0.4158621200492846,0.41,0.17,887.6914461,1905.136225,1355.002253,50,62.681494550000004,18154.684531849998,273.1723023073816,18154.684531849998,801.622070685,17353.062461165,-4.88235294117647,0.9896620518382303,0.010302215830494213,0.46112951153960835,0.6483491332969888,7.68911127334455,0.004312169322838965,351099.2948898292,565.6142444708046,709.070761215705,-7.708046041443595e-07,0.00016146197344824031,1.362774386836679e-09,2.277092012721496e-07,GOOD,0.6551217479671209,0.46594644170006466,0,0
SAN JOAQUIN VALLEY - DELTA-MENDOTA,Other Deciduous,San Joaquin River,7609.270449,3943.651714,4.111761115,3.445837194,0.215021845,0.542542160251163,0.5586272122329681,0.13,0.17,2284.866179,4950.948854,6009.195442,50,172.2918597,16042.1587551623,89.16650512903212,16042.1587551623,801.622070685,15240.5366844773,-4.88235294117647,0.1814586724879443,0.8185335439056667,0.11423581256751009,0.11257915318392152,2.905127999431469,0.0010109126418707598,6879.644173353931,7609.270440215856,26220.299221378304,8.784143574303016e-06,0.007910990974778542,1.1544002323451938e-09,3.017123687697895e-07,GOOD,0.6204120841421951,0.6295417628777134,0,0
SAN JOAQUIN VALLEY - DELTA-MENDOTA,Other Deciduous,Tulare Lake,1521.85409,1840.889238,7.348226675,3.502172688,0.215021845,0.542542160251163,0.5586272122329681,0.13,0.17,2284.866179,4950.948854,6009.195442,50,175.1086344,13351.259616126023,73.19461810001461,13351.259616126023,801.622070685,12549.637545441,-4.88235294117647,0.14362607258059867,0.8563665249636971,0.0904186109275925,0.0891073510268874,4.9514368818918655,0.005054563208689535,1132.9955604028473,1521.8540877885491,5329.7942563367,2.2114509192761034e-06,0.0015727823947599973,1.4531293990714335e-09,2.950924285255306e-07,GOOD,0.6204120841421951,0.6295417628777134,0,0
SAN JOAQUIN VALLEY - DELTA-MENDOTA,Pasture,San Joaquin River,14136.18677,195.3486482,5.0,4.600187047,0.350906068,0.10289172336777223,0.06852420918280822,0.51,0.17,328.209843,177.7241242,145.0367898,10,46.00187047,930.0453841250002,19.920221619276145,930.0453841250002,801.622070685,128.42331344,-4.88235294117647,0.011612189138921826,0.988383503945645,0.021444667624753996,0.0262777105183818,2.02745556630285,0.0001387067351067186,130669.30141937041,14136.173504229715,65028.94039224551,0.013265770285215694,0.1628810812617303,9.384263593183761e-07,2.5047413090892156e-06,GOOD,2.262942000342034,1.8467377139832826,0,0
SAN JOAQUIN VALLEY - DELTA-MENDOTA,Pasture,Tulare Lake,74.67190462,170.0,5.0,4.768194291,0.350906068,0.10289172336777223,0.06852420918280822,0.51,0.17,328.209843,177.7241242,145.0367898,10,47.681942910000004,801.622070685,16.73332904045584,801.622070685,801.622070685,0.0,-4.88235294117647,0.008133809092094274,0.9918626910174306,0.015021012008710618,0.01840633821726404,1.8885630838196534,0.026258662126053725,1.8808773453293857,74.64462506656423,355.9197775117776,0.027279553435775483,0.13037179540293664,0.0003653255340760248,0.0003661613277135828,GOOD,2.262942000342034,1.8467377139832826,0,0
SAN JOAQUIN VALLEY - DELTA-MENDOTA,Rice,San Joaquin River,2000.559108,579.0,4.7,4.833919598,0.381523094,0.7787889472798347,0.016559817107172286,0.2,0.17,851.2633133,1216.2235,177.3500304,50,241.69597989999997,2478.5979188320002,10.678582866869956,2478.5979188320002,801.622070685,1676.975848147,-4.88235294117647,0.004655700362482689,0.9953431266351189,0.003258633723562029,0.022346919748700452,1.5949685822659392,0.0024993013103214944,4522.04182795926,2000.5590465736589,9670.538461088185,6.142634106254263e-05,0.003418030411921791,3.070458694117356e-08,3.534476614285983e-07,GOOD,4.7999050645054355,0.699923420721246,0,0
SAN JOAQUIN VALLEY - DELTA-MENDOTA,Tomato Processing,San Joaquin River,35554.5097,96.27135581,49.70676319,2.379660861,0.124471553,2.283636824869254,0.28639447182202826,0.74,0.17,657.2463564,2815.18314,996.9547547,50,118.98304305,4665.5080149709,38.03291679309905,4665.5080149709,801.622070685,3863.8859442859,-4.88235294117647,0.3626489755286585,0.6372949085044161,0.0846657949038947,0.23907776855906002,40.592261603640594,3.800787474651496e-05,26319659.54516288,35554.509417485686,84607.64857704214,0.00028251431649550796,0.026588092718156986,7.945948879039328e-09,3.1425154592964644e-07,GOOD,0.6592539471827814,0.23346486717761028,0,0
SAN JOAQUIN VALLEY - DELTA-MENDOTA,Tomato Processing,Tulare Lake,1458.885807,93.0,51.2,2.220206136,0.124471553,2.283636824869254,0.28639447182202826,0.74,0.17,657.2463564,2815.18314,996.9547547,50,111.0103068,4649.743265993,40.54165520846828,4649.743265993,801.622070685,3848.121195308,-4.88235294117647,0.4602524641506045,0.5396760753504058,0.10745278041108872,0.3034232536918876,43.88915608703768,0.0009262900117797576,1075551.9028709554,1458.8857993033491,3239.026262355364,7.696650982325082e-06,0.0009580693476891611,5.275704887521112e-09,2.957892238903556e-07,GOOD,0.6592539471827814,0.23346486717761028,0,0
SAN JOAQUIN VALLEY - DELTA-MENDOTA,Truck Crops,San Joaquin River,2229.687221,911.584114,18.65785307,2.667732673,0.139554281,1.1244727167916924,1.262909809962677,0.41,0.17,7441.94487,27484.23099,27982.75263,50,133.38663365000002,16873.860319643132,120.57488453825354,16873.860319643132,801.622070685,16072.2382489581,-4.88235294117647,0.5123776141810447,0.4875976094921257,0.18050418172402444,0.170323887332966,16.296141528594912,0.001093886338528691,1281896.9084294466,2229.6872171984796,5948.207696357128,3.801520506385714e-06,0.0017536751447551069,1.7049568525045216e-09,2.9482404066077266e-07,GOOD,0.332418674467662,0.35228740820875265,0,0
SAN JOAQUIN VALLEY - DELTA-MENDOTA,Truck Crops,Tulare Lake,32.69448044,941.0,19.4,1.84535452,0.139554281,1.1244727167916924,1.262909809962677,0.41,0.17,7441.94487,27484.23099,27982.75263,50,92.26772600000001,18162.176767335,186.4995960885909,18162.176767335,801.622070685,17360.55469665,-4.88235294117647,0.9081028539167787,0.09185634904635398,0.3199132007933135,0.3018703469793165,19.040647025784416,0.07460049394942771,20303.483251868798,32.694480444976456,60.33293968136993,-4.976456580152444e-09,-3.2422364334649956e-05,1.5221090878887335e-10,5.373910492239777e-07,GOOD,0.332418674467662,0.35228740820875265,0,0
SAN JOAQUIN VALLEY - DELTA-MENDOTA,Vineyard,San Joaquin River,14575.2582,1593.169543,10.81402049,3.098484515,0.302297005,0.1329510358537938,0.3058799853780738,0.13,0.17,2773.231975,2743.166444,4105.247296,50,154.92422575,17072.836999889936,105.36213998501913,17072.836999889936,801.622070685,16271.2149292049,-4.88235294117647,0.3059325532925878,0.6940584055379383,0.4613141232460126,0.3041354771257129,8.500403505433283,0.0005277647631866784,14068.923745879529,14575.258187800455,45161.19820913027,1.2199545381008647e-05,0.01362569650518708,8.370037232691114e-10,3.0171237554523305e-07,GOOD,0.9941259073363267,1.5078948555200695,0,0
SAN JOAQUIN VALLEY - DELTA-MENDOTA,Vineyard,Tulare Lake,2915.051641,1492.427601,10.07028874,4.00891598,0.302297005,0.1329510358537938,0.3058799853780738,0.13,0.17,2773.231975,2743.166444,4105.247296,50,200.44579900000002,14827.924210209516,71.12205177070149,14827.924210209516,801.622070685,14026.3021395245,-4.88235294117647,0.07759310424161353,0.9224042555012943,0.11700224270976153,0.07713731515723622,5.982099999324599,0.002638823815028151,2425.578703637724,2915.05163600465,11686.193592356169,4.995350082026562e-06,0.003513773956001387,1.7136403389110874e-09,3.0067727970788697e-07,GOOD,0.9941259073363267,1.5078948555200695,0,0
SAN JOAQUIN VALLEY - EAST CONTRA COSTA,Almonds & Pistachios,San Joaquin River,41.60073635,4846.0,1.2,3.753630493,0.287448101,0.311217018052816,0.03090217019351817,0.4,0.17,2039.310074,2110.873995,639.9084906,50,187.68152465,5626.837682259,29.402301801684718,5626.837682259,360.788050366584,5266.04963189242,-4.88235294117647,0.04489911782372278,0.9550977436565816,0.0431505028839647,0.1369377033992821,0.639820270163569,0.060095090119720924,7193.3875313781555,41.600694582501596,156.15144090966436,4.176749840212324e-05,0.002351584949167318,1.0040086322203582e-06,1.5059416179395292e-05,GOOD,3.0498974152879694,0.9610545813701002,0,0
SAN JOAQUIN VALLEY - EAST CONTRA COSTA,Grain,San Joaquin River,139.0638811,172.1271955,2.237134518,0.466656841,0.351483763,0.6729928083090427,0.036299510576689786,0.74,0.17,345.3012994,477.8051109,110.9675411,50,23.33284205,360.7880503665843,15.102140402277511,360.7880503665843,360.788050366584,0.0,-4.88235294117647,0.9967869003684312,0.001558922653436244,0.7203602562965778,3.1017341441439847,2.265235899484322,0.00971748624202141,9.364118434728882,139.06392466505366,64.89419927068138,-4.356505365876728e-05,0.000912180644220939,3.1327367907587674e-07,1.4056230489797642e-05,GOOD,3.1117324505343373,0.7226823065494933,0,0
SAN JOAQUIN VALLEY - EASTERN SAN JOAQUIN,Alfalfa,San Joaquin River,14880.61425,280.9946565,6.702137391,4.134965358,0.306290873,0.13122437452970753,0.08146025298303902,1.86,0.17,739.7198673,484.1807412,381.4811931,50,206.74826789999997,1675.8517963618513,8.647411389451394,1675.8517963618513,431.766292025678,1244.08550433617,-4.88235294117647,0.007863403404723072,0.9921349150418407,0.012013521455623065,0.015247712927816856,2.544233238910725,3.612985321504121e-05,20118670.82284528,14880.604825970171,61530.75831969944,0.009424029829460778,0.06610981171252206,6.333091948446132e-07,1.0744177788200536e-06,GOOD,1.939072961544676,1.5277763122781245,0,0
SAN JOAQUIN VALLEY - EASTERN SAN JOAQUIN,Almonds & Pistachios,San Joaquin River,825.6748162,4777.50732,0.979248201,3.753630493,0.287448101,0.311217018052816,0.03090217019351817,0.4,0.17,2039.310074,2110.873995,639.9084906,50,187.68152465,4490.003130633331,23.65433912018093,4490.003130633331,431.766292025678,4058.23683860765,-4.88235294117647,0.036156225157509374,0.9638406075931168,0.03474810583267326,0.1102727776544577,0.5003002282909477,0.0030278263923632066,110027.43133813626,825.6747853100352,3099.276810374556,3.0889964818925364e-05,0.0013570159344453714,3.741178029516527e-08,4.3784902843617373e-07,GOOD,3.0498974152879694,0.9610545813701002,0,0
SAN JOAQUIN VALLEY - EASTERN SAN JOAQUIN,Citrus & Subtropical,San Joaquin River,623.6277631,908.0,2.766666667,3.247465856,0.183365181,0.09485584338438294,0.7506750003126099,0.13,0.17,2549.235389,1743.692937,5418.931559,50,162.3732928,2349.0737831779998,14.672602310481897,2349.0737831779998,431.766292025678,1917.30749115232,-4.88235294117647,0.04398795717563259,0.9560026265658035,0.06115897305982365,0.021740336051307457,1.4792724577556433,0.012334774279563648,70.93740728925893,623.6277495255591,2025.2090012595058,1.3574440913544095e-05,0.0008662614009153913,2.176689640317922e-08,4.2773907771632394e-07,GOOD,0.49423381869050864,1.3903572019867076,0,0
SAN JOAQUIN VALLEY - EASTERN SAN JOAQUIN,Corn,San Joaquin River,49646.63572,59.53090831,27.06002727,2.415829265,0.234536008,1.320694044672553,0.03352518541352239,0.3,0.17,423.9938724,1022.014707,159.5840787,50,120.79146325,1489.2367780694697,12.609375038390514,1489.2367780694697,431.766292025678,1057.47048604379,-4.88235294117647,0.1425335749094111,0.8574046808879766,0.060064910259430886,0.37699565781350974,18.450405626571694,6.714117250830171e-05,561988.4269278368,49646.63255269772,119937.73688634521,0.003167302274960093,0.05859482513915282,6.379691652870961e-08,4.885434562481342e-07,GOOD,2.644960375498291,0.4214088525991567,0,0
SAN JOAQUIN VALLEY - EASTERN SAN JOAQUIN,Cotton,San Joaquin River,65.19424293,3323.0,0.7,3.634047537,0.148539114,1.334590964860844,0.04119880232811655,0.68,0.17,378.6944542,1135.122209,199.4393382,50,181.70237684999998,2143.72561561,12.14717374231644,2143.72561561,431.766292025678,1711.95932358432,-4.88235294117647,0.021208113054913106,0.9787867085732432,0.007075356940622189,0.04026986270019138,0.3232882770282588,0.02255702603791426,17441.38324697598,65.19423346497766,236.91887193581243,9.465022344556928e-06,0.00010601053372738534,1.4518187372341542e-07,4.474547993001768e-07,GOOD,1.8987951731454202,0.3336155801462545,0,0
SAN JOAQUIN VALLEY - EASTERN SAN JOAQUIN,Cucurbits,San Joaquin River,5952.010236,203.0,12.0,2.299627126,0.087908733,0.5954029958862788,4.8590594140887005,0.05,0.17,920.9338517,2396.72349,6846.813993,50,114.98135629999999,2320.0483831340002,20.00834540048819,2320.0483831340002,431.766292025678,1888.28209110832,-4.88235294117647,0.25706394645507774,0.7428382916827643,0.09877605413638858,0.03457650369762565,9.176584256961513,0.0033602092750164418,0.001158326862144082,5952.010202669988,13687.398497347918,3.333001222927123e-05,0.00569558734241582,5.599790811460431e-09,4.161188828891012e-07,GOOD,0.13450545739469513,0.38424701518246485,0,0
SAN JOAQUIN VALLEY - EASTERN SAN JOAQUIN,Dry Beans,San Joaquin River,1480.989499,1752.0,1.3,2.212101358,0.272510229,0.8579188204514863,0.04137219977784526,1.68,0.17,521.9411016,903.6303871,214.6292221,50,110.6050679,2166.1327210739996,19.459906781997343,2166.1327210739996,431.766292025678,1734.36642904832,-4.88235294117647,0.2887297369606791,0.7111916700994853,0.16272707643588138,0.7410177533837512,1.0183426341729913,0.00040191918689498775,2379916.5654550786,1480.9892101793564,3276.0969178784253,0.00028882064361823723,0.001964043214229605,1.950186978457686e-07,5.995066953160977e-07,GOOD,2.5664753522934403,0.5635965250716192,0,0
SAN JOAQUIN VALLEY - EASTERN SAN JOAQUIN,Grain,San Joaquin River,19770.09337,170.2005749,2.679485263,0.466656841,0.351483763,0.6729928083090427,0.036299510576689786,0.74,0.17,345.3012994,477.8051109,110.9675411,50,23.33284205,431.7662920256777,17.885838600242604,431.7662920256777,431.766292025678,0.0,-4.88235294117647,0.9973132555324377,0.0013035471335298592,0.7207406438605662,3.10337202058833,2.7077398305549822,6.835331154287571e-05,1331.2550629102798,19770.11189752963,9225.854170431694,-0.018527529631683137,-0.004852112449952983,9.37149323725381e-07,5.259258288901836e-07,GOOD,3.1117324505343373,0.7226823065494933,0,0
SAN JOAQUIN VALLEY - EASTERN SAN JOAQUIN,Lettuce,San Joaquin River,99.02341852,1341.0,12.9,3.326092372,0.164570286,0.680529189238487,1.2720462492145637,0.25,0.17,2859.243032,5814.317411,7949.261967,50,166.3046186,17131.638616755,98.49938185080362,17131.638616755,431.766292025678,16699.8723247293,-4.88235294117647,0.22570125430372404,0.7742883090096921,0.11099062723738116,0.0811817172335295,9.528935855013145,0.04039448506003769,7572.118935122586,99.02341803078984,329.360932007029,4.892101657105741e-07,0.00010498170655637296,4.940348182503587e-09,3.187435511989945e-07,GOOD,0.35968660202607483,0.49175901826412594,0,0
SAN JOAQUIN VALLEY - EASTERN SAN JOAQUIN,Onions & Garlic,San Joaquin River,1898.775028,659.0,5.9,1.480822037,0.178481578,0.8220938475297447,0.4158621200492846,0.41,0.17,887.6914461,1905.136225,1355.002253,50,74.04110185,3813.22492455,49.4550737838673,3813.22492455,431.766292025678,3381.45863252432,-4.88235294117647,0.8832482943819892,0.11659988265339012,0.4115463999049391,0.5786351665045069,5.774764357664748,0.0012845252092939905,229683.3614613474,1898.7750011088383,2811.746765771083,2.6891161724051926e-05,0.0011389966089154768,1.4162373808116001e-08,4.050848964745939e-07,GOOD,0.6551217479671209,0.46594644170006466,0,0
SAN JOAQUIN VALLEY - EASTERN SAN JOAQUIN,Other Deciduous,San Joaquin River,1268.783429,1987.282603,1.75049138,3.445837194,0.215021845,0.542542160251163,0.5586272122329681,0.13,0.17,2284.866179,4950.948854,6009.195442,50,172.2918597,3305.526052609462,19.129117021659212,3305.526052609462,431.766292025678,2873.75976058378,-4.88235294117647,0.043685572238408465,0.9563053340544816,0.02750189215928936,0.027103056919375413,0.9315622900059436,0.0060627428735969815,216.31519103354933,1268.7834092567475,4372.019282975718,1.9743252551052137e-05,0.0018478033407518524,1.556077428171718e-08,4.226428202149583e-07,GOOD,0.6204120841421951,0.6295417628777134,0,0
SAN JOAQUIN VALLEY - EASTERN SAN JOAQUIN,Pasture,San Joaquin River,19601.53714,304.953219,5.0,4.600187047,0.350906068,0.10289172336777223,0.06852420918280822,0.51,0.17,328.209843,177.7241242,145.0367898,10,46.00187047,1478.0682381249999,31.096891439823395,1478.0682381249999,431.766292025678,1046.30194609932,-4.88235294117647,0.018326660065967032,0.9816690622770121,0.03384453431517267,0.04147216878926791,2.2180009187752887,0.00010003217093236035,1472669.0493713666,19601.53257937419,90170.53365827995,0.004560625809972407,0.20359443748020567,2.326667432966641e-07,2.257877041745825e-06,GOOD,2.262942000342034,1.8467377139832826,0,0
SAN JOAQUIN VALLEY - EASTERN SAN JOAQUIN,Potatoes,San Joaquin River,1720.489758,733.0,17.1,3.305132031,0.150675135,1.4974640784942694,0.06026152289335652,0.41,0.17,793.9256634,2502.863999,502.0871398,50,165.25660155,12368.32242884,71.92193793413847,12368.32242884,431.766292025678,11936.5561368143,-4.88235294117647,0.17926409144630184,0.8207276429157283,0.056863801796809846,0.28346147824059115,12.05818166465034,0.0014176337748613918,734624.8944826014,1720.4897386319326,5686.443506298685,1.9368067341929418e-05,0.002301874553268135,1.1257298831260708e-08,4.0480022687626887e-07,GOOD,1.5812507454985842,0.31720687248646934,0,0
SAN JOAQUIN VALLEY - EASTERN SAN JOAQUIN,Rice,San Joaquin River,3442.648092,579.0,4.7,4.833919598,0.381523094,0.7787889472798347,0.016559817107172286,0.2,0.17,851.2633133,1216.2235,177.3500304,50,241.69597989999997,2478.5979188320002,10.678582866869956,2478.5979188320002,431.766292025678,2046.83162680632,-4.88235294117647,0.004655700362482683,0.9953431266351191,0.003258633723562025,0.022346919748700424,1.5949685822659387,0.0014523703458448056,9497.586988968404,3442.6479223190786,16641.476110627562,0.0001696809213171946,0.007970308543008287,4.9287907675343833e-08,4.789421727199673e-07,GOOD,4.7999050645054355,0.699923420721246,0,0
SAN JOAQUIN VALLEY - EASTERN SAN JOAQUIN,Safflower,San Joaquin River,810.5899533,574.0,1.3,2.40565496,0.396694215,0.4537037030434028,0.03215870805598959,0.74,0.17,212.2655769,227.006242,60.43672676,10,24.0565496,721.2095661029999,28.437548127244778,721.2095661029999,431.766292025678,289.443274077322,-4.88235294117647,0.2921276931477399,0.7076548363173351,0.2731583626653132,1.0260094628345773,1.0173338142640567,0.0016671207752450578,45009.76805201879,810.5894902768504,1949.9948075102293,0.0004630231496776105,0.00493417208417668,5.712174790627404e-07,2.5303449937484847e-06,GOOD,3.5121951355556216,0.9350649358914657,0,0
SAN JOAQUIN VALLEY - EASTERN SAN JOAQUIN,Sunflowers,San Joaquin River,222.3827287,3640.0,0.6,2.945560199,0.386904762,0.3895547862245365,0.0812011031754898,0.74,0.17,734.0697039,736.5793439,336.2917618,50,147.27800995,2035.7696090979998,14.032210178647887,2035.7696090979998,431.766292025678,1604.00331707232,-4.88235294117647,0.06611710677336387,0.9338645313524986,0.0658918355955801,0.14432278927688097,0.3489504680562088,0.00607669201313902,68353.12049713827,222.38269935390736,655.0413811110905,2.9346092645710087e-05,0.000333492644585931,1.3196210342979791e-07,5.091166518878512e-07,GOOD,2.182835824495322,0.9965928458037955,0,0
SAN JOAQUIN VALLEY - EASTERN SAN JOAQUIN,Tomato Processing,San Joaquin River,3860.980652,101.0,43.3,2.379660861,0.124471553,2.283636824869254,0.28639447182202826,0.74,0.17,657.2463564,2815.18314,996.9547547,50,118.98304305,4253.470529742999,34.758124275395524,4253.470529742999,431.766292025678,3821.70423771732,-4.88235294117647,0.3415613353766267,0.6583806919820693,0.07974257179671135,0.22517565855206295,34.94636489727694,0.00035000210390884683,2826936.989865562,3860.9804869775517,9187.82046485553,0.00016502244852745207,0.004077787132700905,4.274107109083023e-08,4.438250985067272e-07,GOOD,0.6592539471827814,0.23346486717761028,0,0
SAN JOAQUIN VALLEY - EASTERN SAN JOAQUIN,Truck Crops,San Joaquin River,2591.344983,2720.702413,16.64840722,2.667732673,0.139554281,1.1244727167916924,1.262909809962677,0.355319175,0.17,7441.94487,27484.23099,27982.75263,50,133.38663365000002,45161.01955574562,321.10877204564895,45161.01955574562,431.766292025678,44729.2532637199,-4.88235294117647,0.7376875502063994,0.2622991215724675,0.25987803513007657,0.24522111761090815,15.652163019141675,0.0010860657571665534,2468715.6172380433,2591.3449777704186,6913.012965716447,5.229581347521162e-06,0.00271244728264719,2.0180953836053415e-09,3.9236816592432267e-07,GOOD,0.332418674467662,0.35228740820875265,0,0
SAN JOAQUIN VALLEY - EASTERN SAN JOAQUIN,Vineyard,San Joaquin River,320.9834532,1696.994609,10.77661639,3.098484515,0.302297005,0.1329510358537938,0.3058799853780738,0.13,0.17,2773.231975,2743.166444,4105.247296,50,154.92422575,18132.12883493504,111.84029035001197,18132.12883493504,431.766292025678,17700.3625429094,-4.88235294117647,0.31886150630208077,0.6811296209455867,0.4808096249762878,0.3169884842671839,8.542201224103913,0.023964810695443328,337.04570110220214,320.9834524837926,994.5618901176509,7.162074098232551e-07,0.000369193776236898,2.231290749361454e-09,3.7121233264220655e-07,GOOD,0.9941259073363267,1.5078948555200695,0,0
SAN JOAQUIN VALLEY - KAWEAH,Alfalfa,Tulare Lake,28202.48407,287.191103,8.838220591,4.524530937,0.306290873,0.13122437452970753,0.08146025298303902,1.86,0.17,739.7198673,484.1807412,381.4811931,50,226.22654684999998,2311.367043498602,10.654393208173289,2311.367043498602,671.203411041534,1640.16363245707,-4.88235294117647,0.006395207379783172,0.9936038010048185,0.009770446346938981,0.012400773713608523,3.200951894731795,1.906337070407396e-05,50266300.388780534,28202.471354226345,127602.90434911494,0.012715773653326323,0.10732584971992765,4.5087424291296916e-07,8.410918230779084e-07,GOOD,1.939072961544676,1.5277763122781245,0,0
SAN JOAQUIN VALLEY - KAWEAH,Almonds & Pistachios,Tulare Lake,13999.87459,4837.806554,1.240009193,3.767767793,0.287448101,0.311217018052816,0.03090217019351817,0.4,0.17,2039.310074,2110.873995,639.9084906,50,188.38838965,5809.85541817465,30.217835830538238,5809.85541817465,671.203411041534,5138.65200713312,-4.88235294117647,0.04532529642722065,0.9546716350633331,0.04356008378333824,0.13823750442054128,0.662310759661592,0.0001785730282031048,2362225.9327506763,13999.874242917127,52748.255934435816,0.0003470828723948216,0.02065180525823962,2.479185582439004e-08,3.915162085812385e-07,GOOD,3.0498974152879694,0.9610545813701002,0,0
SAN JOAQUIN VALLEY - KAWEAH,Citrus & Subtropical,Tulare Lake,73.98218146,1279.5,14.75,3.608433712,0.183365181,0.09485584338438294,0.7506750003126099,0.13,0.17,2549.235389,1743.692937,5418.931559,50,180.4216856,18691.517056742,99.24428629739089,18691.517056742,671.203411041534,18020.3136457005,-4.88235294117647,0.16453531388246062,0.8354602593629005,0.22876285863762263,0.08131891648956997,10.212301823308826,0.10397514023652706,79.08797687320074,73.98218129899043,266.9597222070412,1.6100958077913674e-07,7.546052421503191e-05,2.1763291863215725e-09,2.826662474062853e-07,GOOD,0.49423381869050864,1.3903572019867076,0,0
SAN JOAQUIN VALLEY - KAWEAH,Corn,Tulare Lake,87526.8262,75.71970874,25.19620388,2.280437339,0.234536008,1.320694044672553,0.03352518541352239,0.3,0.17,423.9938724,1022.014707,159.5840787,50,114.02186695,1792.947591240258,15.813520569102634,1792.947591240258,671.203411041534,1121.74418019872,-4.88235294117647,0.21932639861374617,0.7805946830978046,0.09242608598452405,0.580109633634102,18.702148130574955,3.808356224086797e-05,1050990.477323717,87526.82238637103,199599.35846651628,0.00381362896587234,0.08416412721271627,4.3570972825612865e-08,4.2166514146264944e-07,GOOD,2.644960375498291,0.4214088525991567,0,0
SAN JOAQUIN VALLEY - KAWEAH,Cotton,Tulare Lake,7048.484371,3754.527291,0.8,3.749301711,0.148539114,1.334590964860844,0.04119880232811655,0.68,0.17,378.6944542,1135.122209,199.4393382,50,187.46508555,2815.48473971,15.204828429797473,2815.48473971,671.203411041534,2144.28132866847,-4.88235294117647,0.023134503245327467,0.9768611957037895,0.0077180307215853295,0.04392768309534485,0.3748073034203716,0.00020863892971723772,2361827.339713594,7048.483663424594,26426.88185837217,0.00070757540561317,0.012653774887439795,1.0038688721853308e-07,4.788218639016975e-07,GOOD,1.8987951731454202,0.3336155801462545,0,0
SAN JOAQUIN VALLEY - KAWEAH,Cucurbits,Tulare Lake,18.56292686,485.0,17.3,2.442132231,0.087908733,0.5954029958862788,4.8590594140887005,0.05,0.17,920.9338517,2396.72349,6846.813993,50,122.10661155,8267.423127884,64.92651497854857,8267.423127884,671.203411041534,7596.21971684247,-4.88235294117647,0.46400934079599837,0.535941137710705,0.1782942042176455,0.062411788619176733,14.827156298297297,1.0774163013644498,1.4532132992404286e-05,18.562926838103852,45.333126649243056,2.1896148894029466e-08,-4.662741432071016e-06,1.1795633877765257e-09,1.0285506993009201e-07,GOOD,0.13450545739469513,0.38424701518246485,0,0
SAN JOAQUIN VALLEY - KAWEAH,Dry Beans,Tulare Lake,1911.118077,1466.0,1.2,1.919782133,0.272510229,0.8579188204514863,0.04137219977784526,1.68,0.17,521.9411016,903.6303871,214.6292221,50,95.98910665,1662.348682324,17.298975498025122,1662.348682324,671.203411041534,991.145271282466,-4.88235294117647,0.4175920533950925,0.5822598344746093,0.23535343019099617,1.071739712352111,1.0151414234793612,0.00031146065876394054,1755273.8625801385,1911.1176714603198,3668.928201721896,0.0004055396802868927,0.0021365560223784996,2.1220022204148335e-07,5.823375821796966e-07,GOOD,2.5664753522934403,0.5635965250716192,0,0
SAN JOAQUIN VALLEY - KAWEAH,Grain,Tulare Lake,12378.22293,270.8214811,2.614011393,0.715524558,0.351483763,0.6729928083090427,0.036299510576689786,0.74,0.17,345.3012994,477.8051109,110.9675411,50,35.7762279,671.2034110415343,18.357583961433757,671.2034110415343,671.203411041534,0.0,-4.88235294117647,0.9888405627223766,0.010276968318533334,0.714617578677906,3.077007267427854,2.63634025597956,0.00010917167666096892,833.5100718542851,12378.241712493818,8856.932634847593,-0.018782493818434887,-0.010144033878532355,1.5173820931042876e-06,1.1453226432831059e-06,GOOD,3.1117324505343373,0.7226823065494933,0,0
SAN JOAQUIN VALLEY - KAWEAH,Lettuce,Tulare Lake,50.87859672,703.0,19.4,2.300762612,0.164570286,0.680529189238487,1.2720462492145637,0.25,0.17,2859.243032,5814.317411,7949.261967,50,115.03813060000002,13522.205104755,111.9770131032709,13522.205104755,671.203411041534,12851.0016937135,-4.88235294117647,0.6678649394503138,0.33209593435728646,0.32842860695711623,0.24022207068323356,17.891769184457353,0.07861852051488735,2993.916942839525,50.878596556848464,117.05955167278375,1.6315153317236764e-07,2.1411618078559513e-05,3.206683039436777e-09,1.829121490398858e-07,GOOD,0.35968660202607483,0.49175901826412594,0,0
SAN JOAQUIN VALLEY - KAWEAH,Other Deciduous,Tulare Lake,5739.259313,1889.193515,3.200340647,3.502172688,0.215021845,0.542542160251163,0.5586272122329681,0.13,0.17,2284.866179,4950.948854,6009.195442,50,175.1086344,5870.051007837305,32.71459883815183,5870.051007837305,671.203411041534,5198.84759679577,-4.88235294117647,0.06867514570478502,0.9313168039672457,0.04323387229287418,0.04260689027547459,1.8602661036267942,0.001340296242562841,1770.0986230974622,5739.259271278093,20099.86972987544,4.1721906200109515e-05,0.0074854628001048695,7.269562834633591e-09,3.7241335953996296e-07,GOOD,0.6204120841421951,0.6295417628777134,0,0
SAN JOAQUIN VALLEY - KAWEAH,Pasture,Tulare Lake,2752.748838,330.6489052,4.985399011,4.768194291,0.350906068,0.10289172336777223,0.06852420918280822,0.51,0.17,328.209843,177.7241242,145.0367898,10,47.681942910000004,1600.0387956573127,32.451175829120366,1600.0387956573127,671.203411041534,928.835384615778,-4.88235294117647,0.016101166722330456,0.9838953615007439,0.02973463182526025,0.036436006430471075,2.1530785766700102,0.0007123004782194699,183603.83573932416,2752.748198681396,13125.614319826575,0.0006393186040440924,0.026974081909429515,2.3224734317155758e-07,2.0550677338674487e-06,GOOD,2.262942000342034,1.8467377139832826,0,0
SAN JOAQUIN VALLEY - KAWEAH,Tomato Processing,Tulare Lake,385.3885214,99.0,56.1,2.220206136,0.124471553,2.283636824869254,0.28639447182202826,0.74,0.17,657.2463564,2815.18314,996.9547547,50,111.0103068,5442.043265993,47.28752916295195,5442.043265993,671.203411041534,4770.83985495147,-4.88235294117647,0.49950308941730054,0.5004306467156179,0.11661642242561607,0.3292993833283492,48.86809742231334,0.0035064649731712306,352250.99559183395,385.38851203785805,855.6416498882,9.362141952351521e-06,0.00031006804715616454,2.4292736894035374e-08,3.623806003763767e-07,GOOD,0.6592539471827814,0.23346486717761028,0,0
SAN JOAQUIN VALLEY - KAWEAH,Truck Crops,Tulare Lake,984.4331919,4221.481827,12.90799011,1.84535452,0.139554281,1.1244727167916924,1.262909809962677,0.335262105,0.17,7441.94487,27484.23099,27982.75263,50,92.26772600000001,54397.62243979573,556.6857318075565,54397.62243979573,671.203411041534,53726.4190287542,-4.88235294117647,0.9673167020563239,0.03266878844291376,0.34077349388446054,0.32155413588799353,12.824926778481354,0.003029906900749852,898197.4456432356,984.4331911785928,1816.6276126906641,7.214072184069664e-07,0.0006276200283537037,7.328148058626693e-10,3.4548622245703046e-07,GOOD,0.332418674467662,0.35228740820875265,0,0
SAN JOAQUIN VALLEY - KAWEAH,Vineyard,Tulare Lake,488.2791055,1297.969307,12.40739544,4.00891598,0.302297005,0.1329510358537938,0.3058799853780738,0.13,0.17,2773.231975,2743.166444,4105.247296,50,200.44579900000002,15903.165805525763,76.21038023285787,15903.165805525763,671.203411041534,15231.9623944842,-4.88235294117647,0.08275400840671014,0.9172433661085436,0.12478434355014281,0.08226790369303873,7.466892153714133,0.015753915344034093,441.2139006025136,488.27910406769604,1957.469219173962,1.4323039749797317e-06,0.0006895650940350606,2.933371423938049e-09,3.522736625255496e-07,GOOD,0.9941259073363267,1.5078948555200695,0,0
SAN JOAQUIN VALLEY - KERN COUNTY,Alfalfa,Tulare Lake,38538.6749,278.0,8.6,4.524530937,0.306290873,0.13122437452970753,0.08146025298303902,1.86,0.17,739.7198673,484.1807412,381.4811931,50,226.22654684999998,2163.9087234119997,10.035433777769162,2163.9087234119997,680.872973977,1483.035749435,-4.88235294117647,0.005989709739758438,0.9940092982401574,0.00915093665782451,0.011614484203866385,3.076984274694945,1.3950516202158018e-05,62109691.30477977,38538.666693614134,174369.36050114897,0.008206385864468757,0.06635488639585674,2.129389732719834e-07,3.805419768377247e-07,GOOD,1.939072961544676,1.5277763122781245,0,0
SAN JOAQUIN VALLEY - KERN COUNTY,Almonds & Pistachios,Tulare Lake,522962.0281,5259.137707,1.283954504,3.767767793,0.287448101,0.311217018052816,0.03090217019351817,0.4,0.17,2039.310074,2110.873995,639.9084906,50,188.38838965,6563.424363317882,34.01371995747898,6563.424363317882,680.872973977,5882.55138934088,-4.88235294117647,0.050904685706662185,0.9490922637171294,0.048922181411592755,0.15525406936279543,0.701763824637521,4.780461803475249e-06,101013842.95655015,522962.0232634565,1970399.1604139702,0.004836543521378189,0.32602317072451115,9.248364625917645e-09,1.654604423968986e-07,GOOD,3.0498974152879694,0.9610545813701002,0,0
SAN JOAQUIN VALLEY - KERN COUNTY,Citrus & Subtropical,Tulare Lake,65978.99748,1062.0,16.1,3.608433712,0.183365181,0.09485584338438294,0.7506750003126099,0.13,0.17,2549.235389,1743.692937,5418.931559,50,180.4216856,16917.092056742,89.91322913320478,16917.092056742,680.872973977,16236.219082765,-4.88235294117647,0.15127868590781846,0.8487168170965851,0.21033141045902046,0.07476704262270314,10.959097881334982,0.00011658721693428935,63549.49274263927,65978.9974119057,238080.8020247316,6.809430487919599e-05,0.036766063480172306,1.03206031434226e-09,1.5442680589881135e-07,GOOD,0.49423381869050864,1.3903572019867076,0,0
SAN JOAQUIN VALLEY - KERN COUNTY,Corn,Tulare Lake,42889.66064,253.0,19.9,2.280437339,0.234536008,1.320694044672553,0.03352518541352239,0.3,0.17,423.9938724,1022.014707,159.5840787,50,114.02186695,4919.798372093,41.730935133776846,4919.798372093,680.872973977,4238.925398116,-4.88235294117647,0.4352966833149007,0.5646462308310941,0.18343787585595078,1.1513424789537403,16.8623730198419,7.771880876633891e-05,1945832.2340290083,42889.660428798,97807.16792278405,0.00021120200108271092,0.01565771059540566,4.924310379964594e-09,1.6008753163329227e-07,GOOD,2.644960375498291,0.4214088525991567,0,0
SAN JOAQUIN VALLEY - KERN COUNTY,Cotton,Tulare Lake,10923.02622,3766.0,0.8,3.749301711,0.148539114,1.334590964860844,0.04119880232811655,0.68,0.17,378.6944542,1135.122209,199.4393382,50,187.46508555,2824.6629069100004,15.251289823855828,2824.6629069100004,680.872973977,2143.789932933,-4.88235294117647,0.023208165002516632,0.9767875342709266,0.007742605431444585,0.04406755168434105,0.3750358056316038,0.0001346319422543799,3659281.7582834866,10923.025751632978,40953.712530270976,0.0004683670213125879,0.008365672889340203,4.287887000170434e-08,2.0427137525784027e-07,GOOD,1.8987951731454202,0.3336155801462545,0,0
SAN JOAQUIN VALLEY - KERN COUNTY,Cucurbits,Tulare Lake,1817.037687,829.0,16.1,2.442132231,0.087908733,0.5954029958862788,4.8590594140887005,0.05,0.17,920.9338517,2396.72349,6846.813993,50,122.10661155,13223.823127884001,103.27962609703712,13223.823127884001,680.872973977,12542.950153907,-4.88235294117647,0.5806594497883272,0.4193018063084168,0.22311666041865705,0.07810186488433096,14.430983208230268,0.011006926352210546,0.0023488054259582737,1817.0376864437294,4437.445640153656,5.56270606466569e-07,0.0006602107332582818,3.0614147986385105e-10,1.487816840068729e-07,GOOD,0.13450545739469513,0.38424701518246485,0,0
SAN JOAQUIN VALLEY - KERN COUNTY,Dry Beans,Tulare Lake,681.610732,1205.0,1.6,1.919782133,0.272510229,0.8579188204514863,0.04137219977784526,1.68,0.17,521.9411016,903.6303871,214.6292221,50,95.98910665,1831.148682324,18.958859004202157,1831.148682324,680.872973977,1150.275708347,-4.88235294117647,0.44127990363023345,0.5585780082952543,0.24870382026993856,1.1325339961294187,1.367482920801317,0.0008732815774357486,726510.5172188316,681.6106787966439,1308.5438158523589,5.320335606029403e-05,0.00028910229252687714,7.805533798475173e-08,2.209343127466813e-07,GOOD,2.5664753522934403,0.5635965250716192,0,0
SAN JOAQUIN VALLEY - KERN COUNTY,Grain,Tulare Lake,24052.21207,299.0,2.4,0.715524558,0.351483763,0.6729928083090427,0.036299510576689786,0.74,0.17,345.3012994,477.8051109,110.9675411,50,35.7762279,680.872973977,18.608328673293062,680.872973977,680.872973977,0.0,-4.88235294117647,0.9889972212279944,0.010132698096029253,0.7147307930080865,3.077494746783437,2.4202176142738314,5.618407768144011e-05,1619.5992853006564,24052.228050988688,17209.95711655,-0.01598098868635134,-0.008706240980245639,6.644290612373325e-07,5.058841998056467e-07,GOOD,3.1117324505343373,0.7226823065494933,0,0
SAN JOAQUIN VALLEY - KERN COUNTY,Lettuce,Tulare Lake,3421.401921,685.0,16.0,2.300762612,0.164570286,0.680529189238487,1.2720462492145637,0.25,0.17,2859.243032,5814.317411,7949.261967,50,115.03813060000002,10844.005104755,89.98753967619255,10844.005104755,680.872973977,10163.132130778,-4.88235294117647,0.617234508623955,0.3827204008148896,0.3035306359996563,0.22201098306018435,14.525972953340988,0.0011691114029745119,159221.15875539868,3421.4019150677073,7871.832419969199,5.932292879151646e-06,0.0012004925802102662,1.7338778127001716e-09,1.5250482137855992e-07,GOOD,0.35968660202607483,0.49175901826412594,0,0
SAN JOAQUIN VALLEY - KERN COUNTY,Onions & Garlic,Tulare Lake,7376.153245,2883.0,7.8,1.253629891,0.178481578,0.8220938475297447,0.4158621200492846,0.41,0.17,887.6914461,1905.136225,1355.002253,50,62.681494550000004,22423.884531849995,337.1867051029746,22423.884531849995,680.872973977,21743.011557873,-4.88235294117647,0.9916137339377914,0.008357279571619875,0.46203889086922856,0.6496277226855294,7.791056867076814,0.0003306634649838952,5736965.199065979,7376.153241701066,9246.964797306224,3.2989346436806954e-06,0.001391222423990257,4.4724323561429683e-10,1.5045176932907382e-07,GOOD,0.6551217479671209,0.46594644170006466,0,0
SAN JOAQUIN VALLEY - KERN COUNTY,Other Deciduous,Tulare Lake,17181.63646,2954.937896,5.779000077,3.502172688,0.215021845,0.542542160251163,0.5586272122329681,0.13,0.17,2284.866179,4950.948854,6009.195442,50,175.1086344,16900.574540248217,92.39958136433246,16900.574540248217,680.872973977,16219.7015662712,-4.88235294117647,0.17512087570071616,0.8248719940831675,0.11024590480531776,0.1086471074702876,4.053164133879802,0.00044770518281049066,16532.164220491395,17181.636442903167,60173.04867393216,1.7096834199037403e-05,0.00927142485306831,9.950643664728896e-10,1.5407933666073055e-07,GOOD,0.6204120841421951,0.6295417628777134,0,0
SAN JOAQUIN VALLEY - KERN COUNTY,Pasture,Tulare Lake,2242.896712,195.0,5.0,4.768194291,0.350906068,0.10289172336777223,0.06852420918280822,0.51,0.17,328.209843,177.7241242,145.0367898,10,47.681942910000004,926.622070685,19.19411272287582,926.622070685,680.872973977,245.749096708,-4.88235294117647,0.009389686068585479,0.990606818472416,0.017340287385320223,0.021248314974628556,1.941883153235527,0.0008742196210975097,39621.714230204605,2242.8958721207237,10694.554865327853,0.0008398792765547114,0.012432133220499963,3.7446186088782823e-07,1.162471830295686e-06,GOOD,2.262942000342034,1.8467377139832826,0,0
SAN JOAQUIN VALLEY - KERN COUNTY,Potatoes,Tulare Lake,17905.94555,445.0,24.0,1.233512156,0.150675135,1.4974640784942694,0.06026152289335652,0.41,0.17,793.9256634,2502.863999,502.0871398,50,61.6756078,10617.603422589998,163.0126041143796,10617.603422589998,680.872973977,9936.730448613,-4.88235294117647,0.9840221244663672,0.015925022324216113,0.3121385805594676,1.5559857178995438,23.949610509846828,0.00013621310214717493,6364677.117950479,17905.945533139904,22087.198127243842,1.6860096366144717e-05,0.003373355262738187,9.415920716984822e-10,1.5272895765661784e-07,GOOD,1.5812507454985842,0.31720687248646934,0,0
SAN JOAQUIN VALLEY - KERN COUNTY,Safflower,Tulare Lake,738.8439503,574.0,1.3,2.392307778,0.396694215,0.4537037030434028,0.03215870805598959,0.74,0.17,212.2655769,227.006242,60.43672676,10,23.92307778,721.343037923,28.5902462443004,721.343037923,680.872973977,40.470063946,-4.88235294117647,0.29897778069281744,0.7007996904766708,0.279563639336502,1.0500683069885288,1.0221362177096567,0.0018290078044256152,5784.558188883071,738.8429527367579,1767.5384647933397,0.0009975632420946567,0.00366423759578538,1.3501677068474425e-06,2.0730694536793405e-06,GOOD,3.5121951355556216,0.9350649358914657,0,0
SAN JOAQUIN VALLEY - KERN COUNTY,Tomato Processing,Tulare Lake,6474.373852,100.0,56.3,2.220206136,0.124471553,2.283636824869254,0.28639447182202826,0.74,0.17,657.2463564,2815.18314,996.9547547,50,111.0103068,5518.143265993,47.9354668228487,5518.143265993,680.872973977,4837.270292016,-4.88235294117647,0.5029746873352344,0.49695950842390396,0.11742691857242056,0.3315880479587786,49.10914454549403,0.0002087230954285881,6000073.746277785,6474.373785749813,14374.442200491412,6.625018704653485e-05,0.0023524769421783276,1.023267864367602e-08,1.6365689355923919e-07,GOOD,0.6592539471827814,0.23346486717761028,0,0
SAN JOAQUIN VALLEY - KERN COUNTY,Truck Crops,Tulare Lake,20378.4245,1727.380269,21.11485579,1.84535452,0.139554281,1.1244727167916924,1.262909809962677,0.405237848,0.17,7441.94487,27484.23099,27982.75263,50,92.26772600000001,36380.16204176141,372.6169583610376,36380.16204176141,680.872973977,35699.2890677844,-4.88235294117647,0.9519086258983581,0.04807002430302628,0.3353454226692877,0.31643220363546576,20.913721523659536,0.0001210930993183757,24994197.92974243,20378.42448839929,37605.41203585084,1.1600710422499105e-05,0.005725702903873753,5.692643424175948e-10,1.5225739387284456e-07,GOOD,0.332418674467662,0.35228740820875265,0,0
SAN JOAQUIN VALLEY - KERN COUNTY,Vineyard,Tulare Lake,74033.47477,1595.330286,11.88203482,4.00891598,0.302297005,0.1329510358537938,0.3058799853780738,0.13,0.17,2773.231975,2743.166444,4105.247296,50,200.44579900000002,18754.517352246556,89.70373213999446,18754.517352246556,680.872973977,18073.6443782696,-4.88235294117647,0.09616427664145989,0.9038331362587585,0.14500561803246617,0.09559939876953284,7.371238275432113,0.00010390310216027824,79377.55152904266,74033.47469183579,296793.93421411165,7.816421566531062e-05,0.045846268185414374,1.0557955831216028e-09,1.544716916970061e-07,GOOD,0.9941259073363267,1.5078948555200695,0,0
SAN JOAQUIN VALLEY - KINGS,Alfalfa,Tulare Lake,29758.31617,270.1001729,7.969044529,4.524530937,0.306290873,0.13122437452970753,0.08146025298303902,1.86,0.17,739.7198673,484.1807412,381.4811931,50,226.22654684999998,1925.549028542699,9.034913896076787,1925.549028542699,796.333325422549,1129.21570312015,-4.88235294117647,0.005333540804778275,0.9946654665202824,0.008148457302109053,0.010342124763840783,2.7909337985727234,1.8066694551224354e-05,36519458.79639536,29758.309209082734,134642.3715270951,0.006960917264223099,0.05061709723668173,2.3391502477685716e-07,3.759372152595002e-07,GOOD,1.939072961544676,1.5277763122781245,0,0
SAN JOAQUIN VALLEY - KINGS,Almonds & Pistachios,Tulare Lake,582845.8701,4764.063066,1.175644783,3.767767793,0.287448101,0.311217018052816,0.03090217019351817,0.4,0.17,2039.310074,2110.873995,639.9084906,50,188.38838965,5411.776706684885,28.212630239257116,5411.776706684885,796.333325422549,4615.44338126234,-4.88235294117647,0.0423513784758395,0.9576455434559659,0.040701986311544605,0.12916735974734544,0.6195580797292397,4.289298643518003e-06,88331983.91283496,582845.8643560206,2196027.5867939726,0.005743979359976947,0.31085186870768666,9.855057150857812e-09,1.4155187602166723e-07,GOOD,3.0498974152879694,0.9610545813701002,0,0
SAN JOAQUIN VALLEY - KINGS,Citrus & Subtropical,Tulare Lake,140469.668,1047.333333,15.33333333,3.608433712,0.183365181,0.09485584338438294,0.7506750003126099,0.13,0.17,2549.235389,1743.692937,5418.931559,50,180.4216856,15878.00315925089,84.44903769025245,15878.00315925089,796.333325422549,15081.6698338283,-4.88235294117647,0.1433185701985619,0.8566768906287398,0.19926400625400806,0.07083288423849897,10.323783596519498,5.4761343155646185e-05,125676.42945136256,140469.66786952945,506875.4198314664,0.00013047055108472705,0.06569318124093115,9.288165405554104e-10,1.2960417916627912e-07,GOOD,0.49423381869050864,1.3903572019867076,0,0
SAN JOAQUIN VALLEY - KINGS,Corn,Tulare Lake,49789.98829,72.26222784,21.81483688,2.280437339,0.234536008,1.320694044672553,0.03352518541352239,0.3,0.17,423.9938724,1022.014707,159.5840787,50,114.02186695,1461.487085007995,13.066155902888678,1461.487085007995,796.333325422549,665.153759585446,-4.88235294117647,0.18633949661287563,0.813578250453002,0.07852511346153637,0.49286058493135404,15.704139541582716,6.694786337201874e-05,354560.3464361083,49789.986987029566,113542.929881751,0.001302970435062889,0.018523137769079767,2.6169325999311034e-08,1.631377203895317e-07,GOOD,2.644960375498291,0.4214088525991567,0,0
SAN JOAQUIN VALLEY - KINGS,Cotton,Tulare Lake,9376.797678,3571.19978,0.8,3.749301711,0.148539114,1.334590964860844,0.04119880232811655,0.68,0.17,378.6944542,1135.122209,199.4393382,50,187.46508555,2668.8227309100002,14.462401185254956,2668.8227309100002,796.333325422549,1872.48940548745,-4.88235294117647,0.02195592031551737,0.9780397734444051,0.007324837093706262,0.041689795517069854,0.37107551580724896,0.0001568326720693181,2743777.6961607053,9376.797293146492,35156.437372377826,0.0003848535088764038,0.006205448407854419,4.104317082359082e-08,1.765095605907163e-07,GOOD,1.8987951731454202,0.3336155801462545,0,0
SAN JOAQUIN VALLEY - KINGS,Cucurbits,Tulare Lake,624.3752474,518.4262229,16.77301,2.442132231,0.087908733,0.5954029958862788,4.8590594140887005,0.05,0.17,920.9338517,2396.72349,6846.813993,50,122.10661155,8572.491348847929,67.28716290392771,8572.491348847929,796.333325422549,7776.15802342538,-4.88235294117647,0.4730319713846548,0.5269193407450465,0.18176112309043074,0.06362538167340734,14.430767108607915,0.03203201933978524,0.0005003754930971162,624.375247142772,1524.8067434365764,2.5722806640260387e-07,0.00017247756250071689,4.1197671988718857e-10,1.13114362678054e-07,GOOD,0.13450545739469513,0.38424701518246485,0,0
SAN JOAQUIN VALLEY - KINGS,Dry Beans,Tulare Lake,62.71567891,1030.0,1.5,1.919782133,0.272510229,0.8579188204514863,0.04137219977784526,1.68,0.17,521.9411016,903.6303871,214.6292221,50,95.98910665,1448.148682324,15.192654129404737,1448.148682324,796.333325422549,651.815356901451,-4.88235294117647,0.38447722513695953,0.6153662413027355,0.21669002805636897,0.9867513218321826,1.2497023420698914,0.009491057189898086,37886.36240450515,62.71567175038009,120.40043601712743,7.1596199120449455e-06,3.8132554891490145e-06,1.1415996823249482e-07,3.167144152065418e-08,GOOD,2.5664753522934403,0.5635965250716192,0,0
SAN JOAQUIN VALLEY - KINGS,Grain,Tulare Lake,19312.71515,294.75572,2.826273741,0.715524558,0.351483763,0.6729928083090427,0.036299510576689786,0.74,0.17,345.3012994,477.8051109,110.9675411,50,35.7762279,796.3333254225486,21.602370156616217,796.3333254225486,796.333325422549,0.0,-4.88235294117647,0.9905767839105041,0.008678044492855242,0.715872315010822,3.0824099232402555,2.8467115772617966,6.997210598590283e-05,1300.4566716409786,19312.737111414295,13818.735873411735,-0.021961414295219583,-0.013901928081395454,1.1371479424124154e-06,1.0060212594249674e-06,GOOD,3.1117324505343373,0.7226823065494933,0,0
SAN JOAQUIN VALLEY - KINGS,Lettuce,Tulare Lake,426.8625416,703.0,19.4,2.300762612,0.164570286,0.680529189238487,1.2720462492145637,0.25,0.17,2859.243032,5814.317411,7949.261967,50,115.03813060000002,13522.205104755,111.9770131032709,13522.205104755,796.333325422549,12725.8717793325,-4.88235294117647,0.6678649394503139,0.33209593435728635,0.3284286069571163,0.24022207068323362,17.891769184457353,0.009370698082354294,24873.865769235945,426.86254110717886,982.1092738263949,4.928211296828522e-07,0.00010235017987270112,1.154519503715695e-09,1.0421464488116184e-07,GOOD,0.35968660202607483,0.49175901826412594,0,0
SAN JOAQUIN VALLEY - KINGS,Onions & Garlic,Tulare Lake,2592.759293,2367.456407,7.7,1.253629891,0.178481578,0.8220938475297447,0.4158621200492846,0.41,0.17,887.6914461,1905.136225,1355.002253,50,62.681494550000004,18165.898865749998,273.3404553307487,18165.898865749998,796.333325422549,17369.5655403275,-4.88235294117647,0.9896683677544912,0.010295921744717378,0.4611324544183162,0.6483532709910896,7.689117944056873,0.0009407060643187529,1610959.568169743,2592.759291800541,3250.3601579649603,1.1994588930974714e-06,0.00039190786719700554,4.626186844015186e-10,1.2057365980901386e-07,GOOD,0.6551217479671209,0.46594644170006466,0,0
SAN JOAQUIN VALLEY - KINGS,Other Deciduous,Tulare Lake,156526.4467,1915.280177,7.005189238,3.502172688,0.215021845,0.542542160251163,0.5586272122329681,0.13,0.17,2284.866179,4950.948854,6009.195442,50,175.1086344,13240.888295409133,72.59741069376385,13240.888295409133,796.333325422549,12444.5549699866,-4.88235294117647,0.14260809158627796,0.8573844971586383,0.08977774937785182,0.08847578331658375,4.713521570714846,4.914382108891054e-05,115555.64583047482,156526.44653031233,548182.5753186905,0.00016968767158687115,0.0712637371616438,1.0840830745496707e-09,1.2999998742376863e-07,GOOD,0.6204120841421951,0.6295417628777134,0,0
SAN JOAQUIN VALLEY - KINGS,Pasture,Tulare Lake,8949.879421,190.4760911,4.976288321,4.768194291,0.350906068,0.10289172336777223,0.06852420918280822,0.51,0.17,328.209843,177.7241242,145.0367898,10,47.681942910000004,899.4860182556621,18.659905082688557,899.4860182556621,796.333325422549,103.152692833114,-4.88235294117647,0.009117320060484806,0.9908791835194484,0.016837298806153634,0.020631966495432044,1.9216410992272197,0.00021908499785200519,66494.38957338172,8949.872754508788,42674.70370657541,0.006666491211944958,0.060253775176533964,7.448693885531799e-07,1.4119298991909165e-06,GOOD,2.262942000342034,1.8467377139832826,0,0
SAN JOAQUIN VALLEY - KINGS,Tomato Processing,Tulare Lake,6052.801446,93.64056947,51.73327123,2.220206136,0.124471553,2.283636824869254,0.28639447182202826,0.74,0.17,657.2463564,2815.18314,996.9547547,50,111.0103068,4732.476244516167,41.24606798771388,4732.476244516167,796.333325422549,3936.14291909362,-4.88235294117647,0.46463658855402545,0.5352925313882035,0.10847631943262351,0.3063135050097832,44.42874163964721,0.00022326047920246802,4564448.431182347,6052.80138252154,13438.465044140066,6.347846010612557e-05,0.001866258806330734,1.0487451252522973e-08,1.3887438342290348e-07,GOOD,0.6592539471827814,0.23346486717761028,0,0
SAN JOAQUIN VALLEY - KINGS,Truck Crops,Tulare Lake,12083.69734,2160.61945,16.76187042,1.84535452,0.139554281,1.1244727167916924,1.262909809962677,0.380066075,0.17,7441.94487,27484.23099,27982.75263,50,92.26772600000001,36122.80001516668,369.9877136439424,36122.80001516668,796.333325422549,35326.4666897441,-4.88235294117647,0.9515825827683068,0.04839592268871761,0.33523056178003763,0.31632382081035476,16.60109844634065,0.0002177414221645316,11680981.556611741,12083.697334571767,22298.70267397447,5.4282336350297555e-06,0.0028307065113040153,4.4921959581534467e-10,1.2694488075596088e-07,GOOD,0.332418674467662,0.35228740820875265,0,0
SAN JOAQUIN VALLEY - KINGS,Vineyard,Tulare Lake,394606.6473,1362.788738,11.62835987,4.00891598,0.302297005,0.1329510358537938,0.3058799853780738,0.13,0.17,2773.231975,2743.166444,4105.247296,50,200.44579900000002,15645.745216841146,74.99219772033729,15645.745216841146,796.333325422549,14849.4118914186,-4.88235294117647,0.08152371577472221,0.9184736552189959,0.12292919161958396,0.08104483791397453,6.976917920402608,1.949360900263702e-05,347615.4415561671,394606.6468759625,1581944.6885734906,0.00042403751285746694,0.20560170337557793,1.0745827921522367e-09,1.29967677213419e-07,GOOD,0.9941259073363267,1.5078948555200695,0,0
SAN JOAQUIN VALLEY - MADERA,Alfalfa,San Joaquin River,2506.196493,293.0,7.5,4.134965358,0.306290873,0.13122437452970753,0.08146025298303902,1.86,0.17,739.7198673,484.1807412,381.4811931,50,206.74826789999997,1990.087002362,10.090289261957572,1990.087002362,576.016359827,1414.070642535,-4.88235294117647,0.00932383806978185,0.9906744828520448,0.0142447389425297,0.018079602298934887,2.937651678928888,0.00021452204968916237,3851248.748294728,2506.1955682582293,10363.028893874205,0.0009247417706319538,0.006785021883843001,3.689821501286228e-07,6.54733042911396e-07,GOOD,1.939072961544676,1.5277763122781245,0,0
SAN JOAQUIN VALLEY - MADERA,Almonds & Pistachios,San Joaquin River,134281.1791,4833.320124,1.158223387,3.753630493,0.287448101,0.311217018052816,0.03090217019351817,0.4,0.17,2039.310074,2110.873995,639.9084906,50,187.68152465,5409.70208673354,28.304439937685526,5409.70208673354,576.016359827,4833.68572690654,-4.88235294117647,0.04324149930817015,0.9567553567250985,0.04155744101542894,0.13188213697316467,0.6129687366906648,1.861765004415276e-05,21312930.497535024,134281.1763070473,504041.7821377597,0.0027929526986554265,0.1463679946027696,2.079928637337551e-08,2.9038852985243e-07,GOOD,3.0498974152879694,0.9610545813701002,0,0
SAN JOAQUIN VALLEY - MADERA,Citrus & Subtropical,San Joaquin River,8286.07092,1139.0,2.8,3.247465856,0.183365181,0.09485584338438294,0.7506750003126099,0.13,0.17,2549.235389,1743.692937,5418.931559,50,162.3732928,3026.1404495419997,18.62714158601629,3026.1404495419997,576.016359827,2450.124089715,-4.88235294117647,0.05595610262835389,0.9440345989935554,0.07779897028443918,0.02765539828104935,1.5680360468923595,0.0009283420051041141,1204.4417351507466,8286.070826554436,26908.724720204944,9.34455638343934e-05,0.00767288956194534,1.1277427472753684e-08,2.851449652052137e-07,GOOD,0.49423381869050864,1.3903572019867076,0,0
SAN JOAQUIN VALLEY - MADERA,Corn,San Joaquin River,6756.923493,71.0,27.3,2.415829265,0.234536008,1.320694044672553,0.03352518541352239,0.3,0.17,423.9938724,1022.014707,159.5840787,50,120.79146325,1816.628775793,15.172034406914396,1816.628775793,576.016359827,1240.612415966,-4.88235294117647,0.16858147929231485,0.8313586521552891,0.0710417277580429,0.4458913327710584,19.211158950401416,0.0004933211596648358,89730.52349863392,6756.9232498786405,16323.568411022263,0.0002431213597446913,0.005104733161715558,3.598107333856285e-08,3.1272154695713517e-07,GOOD,2.644960375498291,0.4214088525991567,0,0
SAN JOAQUIN VALLEY - MADERA,Cucurbits,San Joaquin River,15.80968727,429.0,16.4,2.299627126,0.087908733,0.5954029958862788,4.8590594140887005,0.05,0.17,920.9338517,2396.72349,6846.813993,50,114.98135629999999,6919.648383133999,57.787649794611944,6919.648383133999,576.016359827,6343.632023307,-4.88235294117647,0.5078660078132411,0.49206923299883454,0.19514599761487225,0.0683107496761378,14.32361617121486,1.2650471611763892,1.0335884478410238e-05,15.809687252647407,36.35639414742986,1.7352592251995702e-08,-8.447760976082463e-06,1.0975923783719286e-09,2.3235975781166283e-07,GOOD,0.13450545739469513,0.38424701518246485,0,0
SAN JOAQUIN VALLEY - MADERA,Grain,San Joaquin River,4680.71302,207.0,2.9,0.466656841,0.351483763,0.6729928083090427,0.036299510576689786,0.74,0.17,345.3012994,477.8051109,110.9675411,50,23.33284205,576.016359827,23.543187168040465,576.016359827,576.016359827,0.0,-4.88235294117647,0.9979843232785839,0.0009779603695280418,0.7212256126472022,3.1054602038705204,2.923057703006216,0.0002887063029878622,315.1842932295199,4680.718616072506,2184.288789315264,-0.005596072505795746,-0.002037774494056066,1.1955598392562306e-06,9.329244398056456e-07,GOOD,3.1117324505343373,0.7226823065494933,0,0
SAN JOAQUIN VALLEY - MADERA,Onions & Garlic,San Joaquin River,167.7531314,2366.0,7.7,1.480822037,0.178481578,0.8220938475297447,0.4158621200492846,0.41,0.17,887.6914461,1905.136225,1355.002253,50,74.04110185,18143.324924549997,231.72820277494176,18143.324924549997,576.016359827,17567.308564723,-4.88235294117647,0.9729684600067496,0.02699638839937586,0.45335119182653666,0.6374127982364995,7.6633486461442875,0.014539367282677755,105416.67178538853,167.75313109814184,248.4124862040312,3.0185816513039754e-07,4.754884545832283e-05,1.799418959343477e-09,1.914108146637436e-07,GOOD,0.6551217479671209,0.46594644170006466,0,0
SAN JOAQUIN VALLEY - MADERA,Other Deciduous,San Joaquin River,9693.03366,4886.435415,2.436329862,3.445837194,0.215021845,0.542542160251163,0.5586272122329681,0.13,0.17,2284.866179,4950.948854,6009.195442,50,172.2918597,11731.77350673286,65.46415525471727,11731.77350673286,576.016359827,11155.7571469059,-4.88235294117647,0.13950463909964952,0.8604871783480911,0.08782399642841254,0.08655036389131832,1.632425283655898,0.0007935913525247877,6414.808728222409,9693.033634273179,33400.60700619959,2.572682024037931e-05,0.008902122353902087,2.6541556691942113e-09,2.6652569456613145e-07,GOOD,0.6204120841421951,0.6295417628777134,0,0
SAN JOAQUIN VALLEY - MADERA,Pasture,San Joaquin River,990.2144903,149.0,5.0,4.600187047,0.350906068,0.10289172336777223,0.06852420918280822,0.51,0.17,328.209843,177.7241242,145.0367898,10,46.00187047,698.302143125,15.193926595454911,698.302143125,576.016359827,122.285783298,-4.88235294117647,0.00874511748588645,0.9912505631053704,0.01614993827440117,0.019789693656737984,1.9191870630458485,0.0019801612003591683,8716.899999118443,990.2131880858351,4555.159650929572,0.0013022141648662,0.01222110019534739,1.315082921551345e-06,2.68290649369103e-06,GOOD,2.262942000342034,1.8467377139832826,0,0
SAN JOAQUIN VALLEY - MADERA,Tomato Processing,San Joaquin River,1577.476742,99.0,49.2,2.379660861,0.124471553,2.283636824869254,0.28639447182202826,0.74,0.17,657.2463564,2815.18314,996.9547547,50,118.98304305,4750.970529743,38.712155973886205,4750.970529743,576.016359827,4174.954169916,-4.88235294117647,0.3668548362860687,0.6330894180546291,0.08564771562699099,0.24185049886468385,40.269712229618904,0.0008566537403512167,1261754.6379174255,1577.4767011661545,3753.858580474998,4.083384555997327e-05,0.0010816001972671074,2.5885545233587518e-08,2.881301632542068e-07,GOOD,0.6592539471827814,0.23346486717761028,0,0
SAN JOAQUIN VALLEY - MADERA,Truck Crops,San Joaquin River,169.5547081,1383.706017,18.30560786,2.667732673,0.139554281,1.1244727167916924,1.262909809962677,0.398846959,0.17,7441.94487,27484.23099,27982.75263,50,133.38663365000002,25195.23760040949,179.56695658054036,25195.23760040949,576.016359827,24619.2212405825,-4.88235294117647,0.6107360301303972,0.389244191180968,0.2151546131543403,0.20302006158558872,16.56515007101146,0.014787128991540928,135680.64923836928,169.55470763833276,452.32653285042045,4.6166724132490344e-07,0.000101808927354341,2.7228217163549436e-09,2.2507833842465286e-07,GOOD,0.332418674467662,0.35228740820875265,0,0
SAN JOAQUIN VALLEY - MADERA,Vineyard,San Joaquin River,49632.86435,1652.208451,11.31279551,3.098484515,0.302297005,0.1329510358537938,0.3058799853780738,0.13,0.17,2773.231975,2743.166444,4105.247296,50,154.92422575,18535.365263900854,114.30630220157323,18535.365263900854,576.016359827,17959.3489040739,-4.88235294117647,0.32365743301750405,0.6763337567036108,0.48804137819792587,0.32175623926467256,8.994329775186122,0.0001549841580381748,52879.06966034861,49632.86427773548,153786.62100798995,7.226451998576522e-05,0.04061558059765957,1.455981252183468e-09,2.641034025244392e-07,GOOD,0.9941259073363267,1.5078948555200695,0,0
SAN JOAQUIN VALLEY - MERCED,Alfalfa,San Joaquin River,23700.47152,282.0275826,6.801755256,4.134965358,0.306290873,0.13122437452970753,0.08146025298303902,1.86,0.17,739.7198673,484.1807412,381.4811931,50,206.74826789999997,1710.8695946485243,8.808203068190604,1710.8695946485243,817.216359827,893.653234821524,-4.88235294117647,0.008026364729189998,0.9919719539935734,0.012262489906961101,0.01556370682586818,2.591724202525978,2.2684544826395525e-05,23019512.92555347,23700.446002466782,98000.47043509533,0.02551753321677097,0.15826837027270813,1.076667744573673e-06,1.6149730095263285e-06,GOOD,1.939072961544676,1.5277763122781245,0,0
SAN JOAQUIN VALLEY - MERCED,Almonds & Pistachios,San Joaquin River,1302.357404,4953.973646,1.103955634,3.753630493,0.287448101,0.311217018052816,0.03090217019351817,0.4,0.17,2039.310074,2110.873995,639.9084906,50,187.68152465,5280.604799448222,27.651709609830643,5280.604799448222,817.216359827,4463.38843962122,-4.88235294117647,0.04225323723630214,0.9577436155494777,0.040607667223665884,0.12886803903454727,0.5815862107103366,0.0019195959514044423,190873.9330446792,1302.357349903518,4888.565880530996,5.409648201748496e-05,0.0025839077252385323,4.153735514639494e-08,5.285612227863525e-07,GOOD,3.0498974152879694,0.9610545813701002,0,0
SAN JOAQUIN VALLEY - MERCED,Citrus & Subtropical,San Joaquin River,257.2817219,1009.333333,4.7,3.247465856,0.183365181,0.09485584338438294,0.7506750003126099,0.13,0.17,2549.235389,1743.692937,5418.931559,50,162.3732928,4580.807114642001,27.707473985952785,4580.807114642001,817.216359827,3763.590754815,-4.88235294117647,0.08233481572284575,0.9176561457166935,0.11447480401450699,0.040692650385881386,2.8385477100583336,0.029898383901898522,57.4445793785347,257.28171841784325,835.5132331263172,3.482156728296104e-06,0.00037411682012589154,1.3534411626992863e-08,4.4776867412169174e-07,GOOD,0.49423381869050864,1.3903572019867076,0,0
SAN JOAQUIN VALLEY - MERCED,Corn,San Joaquin River,49863.70733,62.07686362,26.20939444,2.415829265,0.234536008,1.320694044672553,0.03352518541352239,0.3,0.17,423.9938724,1022.014707,159.5840787,50,120.79146325,1505.3257800076663,12.735311627659064,1505.3257800076663,817.216359827,688.109420180666,-4.88235294117647,0.14385171972863284,0.8560866309853584,0.060620388155258643,0.3804820986295196,17.901187081518994,6.684888693239756e-05,367335.62577532005,49863.701367595175,120462.12651593825,0.005962404822639655,0.07691327076463494,1.1957403775014607e-07,6.384846746542695e-07,GOOD,2.644960375498291,0.4214088525991567,0,0
SAN JOAQUIN VALLEY - MERCED,Cotton,San Joaquin River,5069.903018,3927.0,0.8,3.634047537,0.148539114,1.334590964860844,0.04119880232811655,0.68,0.17,378.6944542,1135.122209,199.4393382,50,181.70237684999998,2959.2256156100007,16.405812746167978,2959.2256156100007,817.216359827,2142.009255783,-4.88235294117647,0.029041102696383568,0.9709537603727916,0.009688564324140959,0.055143105622713566,0.3922841031184156,0.00029006239963032715,1697038.391427757,5069.90229920577,18424.256615329443,0.0007187942301243311,0.011960062322032172,1.41776721876602e-07,6.49147198060635e-07,GOOD,1.8987951731454202,0.3336155801462545,0,0
SAN JOAQUIN VALLEY - MERCED,Cucurbits,San Joaquin River,467.8762046,372.0,15.4,2.299627126,0.087908733,0.5954029958862788,4.8590594140887005,0.05,0.17,920.9338517,2396.72349,6846.813993,50,114.98135629999999,5612.848383134,47.05410883838947,5612.848383134,817.216359827,4795.632023307,-4.88235294117647,0.4556575411501956,0.5442708296265694,0.1750850501323438,0.061288425987749175,13.164997821439194,0.04274635000319912,0.00023124115882140284,467.87620334212573,1075.9403332808374,1.2578742598634562e-06,0.0004784272484812391,2.688476668606917e-09,4.4465944899117876e-07,GOOD,0.13450545739469513,0.38424701518246485,0,0
SAN JOAQUIN VALLEY - MERCED,Dry Beans,San Joaquin River,149.8512364,1321.0,1.3,2.212101358,0.272510229,0.8579188204514863,0.04137219977784526,1.68,0.17,521.9411016,903.6303871,214.6292221,50,110.6050679,1605.832721074,14.672680855604163,1605.832721074,817.216359827,788.616361247,-4.88235294117647,0.2313296470129592,0.7685854175329035,0.13037658520254808,0.5937018373135016,0.9765178972553801,0.003972193420207878,109515.8105547817,149.85115810415527,331.485834849376,7.829584473029172e-05,0.000288689043031809,5.224904819690345e-07,8.708932969809523e-07,GOOD,2.5664753522934403,0.5635965250716192,0,0
SAN JOAQUIN VALLEY - MERCED,Grain,San Joaquin River,21694.07599,187.0,4.5,0.466656841,0.351483763,0.6729928083090427,0.036299510576689786,0.74,0.17,345.3012994,477.8051109,110.9675411,50,23.33284205,817.216359827,33.002818593879816,817.216359827,817.216359827,0.0,-4.88235294117647,0.9985781454916824,0.0006898513762626863,0.7216547574538446,3.107308019720867,4.525352332948264,6.229126107856651e-05,1460.8099191211788,21694.13460653575,10123.711370106841,-0.05861653574902448,-0.022400199493858963,2.701960469579072e-06,2.2126518861299994e-06,GOOD,3.1117324505343373,0.7226823065494933,0,0
SAN JOAQUIN VALLEY - MERCED,Lettuce,San Joaquin River,400.3198262,674.0,15.2,3.326092372,0.164570286,0.680529189238487,1.2720462492145637,0.25,0.17,2859.243032,5814.317411,7949.261967,50,166.3046186,10077.538616755,58.333562664973655,10077.538616755,817.216359827,9260.322256928,-4.88235294117647,0.14637043162170604,0.8536180624003837,0.07197897975718653,0.05264748318710138,10.289046980676883,0.009992010732942308,16974.734835096253,400.3198218445826,1331.5001072147031,4.355417445367493e-06,0.0006130694828243577,1.0879844465139041e-08,4.6043496145725596e-07,GOOD,0.35968660202607483,0.49175901826412594,0,0
SAN JOAQUIN VALLEY - MERCED,Onions & Garlic,San Joaquin River,108.5523535,2039.0,6.5,1.480822037,0.178481578,0.8220938475297447,0.4158621200492846,0.41,0.17,887.6914461,1905.136225,1355.002253,50,74.04110185,13178.62492455,168.57920845515423,13178.62492455,817.216359827,12361.408564723,-4.88235294117647,0.9631603256956055,0.03679176829275249,0.4487811265445427,0.6309872761422866,6.457691035204279,0.022468645880108926,48000.13932008672,108.55235298925402,160.74669036044287,5.107459770670175e-07,2.6870571218751138e-05,4.705065902297711e-09,1.6716093293609604e-07,GOOD,0.6551217479671209,0.46594644170006466,0,0
SAN JOAQUIN VALLEY - MERCED,Other Deciduous,San Joaquin River,9572.288446,2524.188367,3.493213769,3.445837194,0.215021845,0.542542160251163,0.5586272122329681,0.13,0.17,2284.866179,4950.948854,6009.195442,50,172.2918597,8644.334545588023,48.48665689785688,8644.334545588023,817.216359827,7827.11818576102,-4.88235294117647,0.10670960671789403,0.8932818988780009,0.0671781539291705,0.06620392950184262,2.217914955836311,0.0008036017443166476,4444.738013205203,9572.288379225338,32984.5312057639,6.677466262772214e-05,0.016353159364371095,6.9758305972931115e-09,4.95782436765518e-07,GOOD,0.6204120841421951,0.6295417628777134,0,0
SAN JOAQUIN VALLEY - MERCED,Pasture,San Joaquin River,11627.36555,200.0,5.0,4.600187047,0.350906068,0.10289172336777223,0.06852420918280822,0.51,0.17,328.209843,177.7241242,145.0367898,10,46.00187047,953.302143125,20.394532342892497,953.302143125,817.216359827,136.085783298,-4.88235294117647,0.011899000705699995,0.9880966936286528,0.021974333361929874,0.026926748459028024,2.0371297779908706,0.0001686353030954196,113874.07639056671,11627.340199736265,53487.80525871248,0.025350263735163026,0.2511351315624779,2.1802241983493005e-06,4.6951627801413465e-06,GOOD,2.262942000342034,1.8467377139832826,0,0
SAN JOAQUIN VALLEY - MERCED,Potatoes,San Joaquin River,13974.8894,1165.0,14.9,3.305132031,0.150675135,1.4974640784942694,0.06026152289335652,0.41,0.17,793.9256634,2502.863999,502.0871398,50,165.25660155,17192.522428840002,99.60324546482393,17192.522428840002,817.216359827,16375.306069013,-4.88235294117647,0.23289986849857758,0.7670924060297967,0.07387743888894377,0.36827309068989805,11.077051591625523,0.0001745290657000765,8185982.737252766,13974.889259999774,46188.831753125356,0.00014000022565596737,0.02283249701577006,1.0017984518429704e-08,4.943291454314898e-07,GOOD,1.5812507454985842,0.31720687248646934,0,0
SAN JOAQUIN VALLEY - MERCED,Rice,San Joaquin River,1170.019764,579.0,4.7,4.833919598,0.381523094,0.7787889472798347,0.016559817107172286,0.2,0.17,851.2633133,1216.2235,177.3500304,50,241.69597989999997,2478.5979188320002,10.678582866869956,2478.5979188320002,817.216359827,1661.381559005,-4.88235294117647,0.004655700362482686,0.9953431266351187,0.0032586337235620266,0.022346919748700435,1.594968582265939,0.004273432085374586,2620.1122068934246,1170.0196772160875,5655.778119649948,8.67839123657177e-05,0.0033475969858045573,7.417303111959885e-08,5.918893799540788e-07,GOOD,4.7999050645054355,0.699923420721246,0,0
SAN JOAQUIN VALLEY - MERCED,Tomato Processing,San Joaquin River,9832.408885,97.07740276,48.52709097,2.379660861,0.124471553,2.283636824869254,0.28639447182202826,0.74,0.17,657.2463564,2815.18314,996.9547547,50,118.98304305,4591.054484608849,37.44117484512701,4591.054484608849,817.216359827,3773.83812478185,-4.88235294117647,0.3589390899095545,0.6410044674843359,0.08379966695058645,0.23663201182106905,39.548811662743496,0.00013743848197901213,7108939.314258709,9832.408365915031,23397.785868962397,0.000519084969710093,0.012724020754831145,5.2793265188756736e-08,5.438127311108233e-07,GOOD,0.6592539471827814,0.23346486717761028,0,0
SAN JOAQUIN VALLEY - MERCED,Truck Crops,San Joaquin River,1757.430333,1152.113711,17.5537077,2.667732673,0.139554281,1.1244727167916924,1.262909809962677,0.403930086,0.17,7441.94487,27484.23099,27982.75263,50,133.38663365000002,20089.525179741275,143.37143932603135,20089.525179741275,817.216359827,19272.3088199143,-4.88235294117647,0.5557551873260578,0.44422224038236735,0.1957855545416667,0.1847434026994553,15.585054632925468,0.0014086908055581642,1150664.742978119,1757.4303215827256,4688.352071901565,1.1417274436098523e-05,0.002247963805530162,6.4965729916638026e-09,4.794782245883485e-07,GOOD,0.332418674467662,0.35228740820875265,0,0
SAN JOAQUIN VALLEY - MERCED,Vineyard,San Joaquin River,509.0606546,1576.965171,11.00132135,3.098484515,0.302297005,0.1329510358537938,0.3058799853780738,0.13,0.17,2773.231975,2743.166444,4105.247296,50,154.92422575,17192.9695217727,106.09681622317704,17192.9695217727,817.216359827,16375.7531619457,-4.88235294117647,0.3074234264624789,0.6925675517886913,0.46356220322912434,0.30561759276845435,8.65613508417911,0.015110788120822276,494.5331403901012,509.06065310138683,1577.3158374023544,1.498613187322917e-06,0.0007180715092545142,2.9438794253318766e-09,4.552488254577334e-07,GOOD,0.9941259073363267,1.5078948555200695,0,0
SAN JOAQUIN VALLEY - MODESTO,Alfalfa,San Joaquin River,2458.028531,280.0,7.1,4.134965358,0.306290873,0.13122437452970753,0.08146025298303902,1.86,0.17,739.7198673,484.1807412,381.4811931,50,206.74826789999997,1780.587002362,9.128325393752744,1780.587002362,734.216359827,1046.370642535,-4.88235294117647,0.008350647296491598,0.9916476719758924,0.012757921131769224,0.016192514384023006,2.725037759339355,0.00021872586173091516,2795251.3130717073,2458.0268488138445,10163.851832041848,0.001682186155449017,0.010992618779710028,6.843639665828668e-07,1.0815394667703097e-06,GOOD,1.939072961544676,1.5277763122781245,0,0
SAN JOAQUIN VALLEY - MODESTO,Almonds & Pistachios,San Joaquin River,76439.7924,4806.666838,1.100862888,3.753630493,0.287448101,0.311217018052816,0.03090217019351817,0.4,0.17,2039.310074,2110.873995,639.9084906,50,187.68152465,5103.118819193508,26.754320636619582,5103.118819193508,734.216359827,4368.90245936651,-4.88235294117647,0.040891213723346406,0.9591056345867406,0.03929868828660598,0.12471400704282215,0.576218846475516,3.270547867160351e-05,10965898.134168455,76439.78998599359,286926.6200651448,0.0024140064197126776,0.11556608491810039,3.158049418921077e-08,4.0277210370047486e-07,GOOD,3.0498974152879694,0.9610545813701002,0,0
SAN JOAQUIN VALLEY - MODESTO,Citrus & Subtropical,San Joaquin River,33.36437827,894.0,4.2,3.247465856,0.183365181,0.09485584338438294,0.7506750003126099,0.13,0.17,2549.235389,1743.692937,5418.931559,50,162.3732928,3591.740449542,21.93063816228959,3591.740449542,734.216359827,2857.524089715,-4.88235294117647,0.06572657273179891,0.9342642251245392,0.09138341375955977,0.03248429503067643,2.426859366771898,0.23055450426973265,5.656103820951596,33.36437782796016,108.34966099289433,4.4203984117530126e-07,1.8245599022748138e-05,1.3248855938453584e-08,1.683955056533848e-07,GOOD,0.49423381869050864,1.3903572019867076,0,0
SAN JOAQUIN VALLEY - MODESTO,Corn,San Joaquin River,14052.89871,69.0,26.9,2.415829265,0.234536008,1.320694044672553,0.03352518541352239,0.3,0.17,423.9938724,1022.014707,159.5840787,50,120.79146325,1734.4287757929999,14.528614281934587,1734.4287757929999,734.216359827,1000.212415966,-4.88235294117647,0.1621914298083472,0.8377482415063602,0.06834890433695226,0.42898990508849066,18.7918536562072,0.00023719898663763538,150464.12472040736,14052.897850143814,33949.38890501882,0.0008598561853432329,0.01505667992751114,6.118710474525529e-08,4.435035131838509e-07,GOOD,2.644960375498291,0.4214088525991567,0,0
SAN JOAQUIN VALLEY - MODESTO,Cucurbits,San Joaquin River,937.9971051,507.0,13.6,2.299627126,0.087908733,0.5954029958862788,4.8590594140887005,0.05,0.17,920.9338517,2396.72349,6846.813993,50,114.98135629999999,6779.248383134,56.63445944394341,6779.248383134,734.216359827,6045.032023307,-4.88235294117647,0.5027420154352301,0.49719255111822747,0.19317711883780384,0.0676215447376465,11.854303737421166,0.021322027425519394,0.0005843684841661487,937.9971036119898,2157.042821130093,1.4880101844028104e-06,0.000765867339396209,1.586369698064445e-09,3.55054178790278e-07,GOOD,0.13450545739469513,0.38424701518246485,0,0
SAN JOAQUIN VALLEY - MODESTO,Dry Beans,San Joaquin River,122.5562474,1752.0,1.3,2.212101358,0.272510229,0.8579188204514863,0.04137219977784526,1.68,0.17,521.9411016,903.6303871,214.6292221,50,110.6050679,2166.1327210739996,19.459906781997343,2166.1327210739996,734.216359827,1431.916361247,-4.88235294117647,0.2887297369606793,0.7111916700994853,0.1627270764358815,0.7410177533837516,1.0183426341729915,0.004856856405657989,162605.94174741922,122.5562211659245,271.106705109217,2.623407550572665e-05,0.00013619570700029726,2.140574312797264e-07,5.023691262999625e-07,GOOD,2.5664753522934403,0.5635965250716192,0,0
SAN JOAQUIN VALLEY - MODESTO,Grain,San Joaquin River,3295.168214,205.0,3.7,0.466656841,0.351483763,0.6729928083090427,0.036299510576689786,0.74,0.17,345.3012994,477.8051109,110.9675411,50,23.33284205,734.216359827,29.74763862561835,734.216359827,734.216359827,0.0,-4.88235294117647,0.9984177420697912,0.0007676754579120025,0.7215388367389337,3.1068088871877912,3.7231686088212106,0.0004101008699980594,221.88612293986984,3295.1768972370455,1537.716296698503,-0.008683237045715941,-0.0035073896510766644,2.63514226946714e-06,2.2809133639664357e-06,GOOD,3.1117324505343373,0.7226823065494933,0,0
SAN JOAQUIN VALLEY - MODESTO,Lettuce,San Joaquin River,4.25446108,898.0,10.5,3.326092372,0.164570286,0.680529189238487,1.2720462492145637,0.25,0.17,2859.243032,5814.317411,7949.261967,50,166.3046186,9261.738616755001,53.68842362642869,9261.738616755001,734.216359827,8527.522256928,-4.88235294117647,0.13613463725880598,0.8638537187961512,0.06694543557013333,0.0489658050936722,7.00486685726262,0.9401895856572274,166.12610357121144,4.254461042983584,14.15074840283825,3.7016415710411366e-08,-1.78576793690155e-05,8.700612137321837e-09,1.2619616571757001e-06,GOOD,0.35968660202607483,0.49175901826412594,0,0
SAN JOAQUIN VALLEY - MODESTO,Onions & Garlic,San Joaquin River,99.27299873,1186.0,5.6,1.480822037,0.178481578,0.8220938475297447,0.4158621200492846,0.41,0.17,887.6914461,1905.136225,1355.002253,50,74.04110185,6566.724924549999,84.47849027621022,6566.724924549999,734.216359827,5832.508564723,-4.88235294117647,0.9287124306804794,0.07119486754649393,0.4327302524381873,0.6084197109461892,5.528605225238875,0.02456885982539416,20712.32435341875,99.27299799424888,147.00561284540134,7.357511151440121e-07,3.135305567525393e-05,7.411392065883776e-09,2.1327790403018424e-07,GOOD,0.6551217479671209,0.46594644170006466,0,0
SAN JOAQUIN VALLEY - MODESTO,Other Deciduous,San Joaquin River,21886.36384,2036.076891,1.817808306,3.445837194,0.215021845,0.542542160251163,0.5586272122329681,0.13,0.17,2284.866179,4950.948854,6009.195442,50,172.2918597,3528.0024705484566,20.352491173353826,3528.0024705484566,734.216359827,2793.78611072146,-4.88235294117647,0.04648893252456777,0.9535020004258069,0.02926672453581946,0.028842295517112967,0.979158833761246,0.00035146576875639163,3627.5780129365985,21886.36352173573,75416.81716269691,0.0003182642722094897,0.02939859176694881,1.4541669622974233e-08,3.898146515985336e-07,GOOD,0.6204120841421951,0.6295417628777134,0,0
SAN JOAQUIN VALLEY - MODESTO,Pasture,San Joaquin River,13811.47352,344.0,5.0,4.600187047,0.350906068,0.10289172336777223,0.06852420918280822,0.51,0.17,328.209843,177.7241242,145.0367898,10,46.00187047,1673.302143125,35.078595629775094,1673.302143125,734.216359827,939.085783298,-4.88235294117647,0.020696713838534903,0.9792990188319909,0.038221402001142116,0.046835463014280834,2.2722908485157776,0.00014196778576059497,931364.9732053713,13811.470265021038,63535.2298421243,0.0032549789611948654,0.13174456319393357,2.3567209946725986e-07,2.0735628145309536e-06,GOOD,2.262942000342034,1.8467377139832826,0,0
SAN JOAQUIN VALLEY - MODESTO,Rice,San Joaquin River,203.7318799,579.0,4.7,4.833919598,0.381523094,0.7787889472798347,0.016559817107172286,0.2,0.17,851.2633133,1216.2235,177.3500304,50,241.69597989999997,2478.5979188320002,10.678582866869956,2478.5979188320002,734.216359827,1744.381559005,-4.88235294117647,0.004655700362482687,0.995343126635119,0.003258633723562027,0.022346919748700438,1.594968582265939,0.024542059899777126,479.0193333873674,203.7318691884572,984.8231130923556,1.0711542785202255e-05,0.00041389363661892276,5.257666493069186e-08,4.202718814868543e-07,GOOD,4.7999050645054355,0.699923420721246,0,0
SAN JOAQUIN VALLEY - MODESTO,Truck Crops,San Joaquin River,1197.385017,941.3417143,19.25504037,2.667732673,0.139554281,1.1244727167916924,1.262909809962677,0.404187097,0.17,7441.94487,27484.23099,27982.75263,50,133.38663365000002,17991.230570496507,128.49616777205253,17991.230570496507,734.216359827,17257.0142106695,-4.88235294117647,0.528379169196255,0.47159686752358504,0.1861413280676427,0.1756431030405436,16.922301312606514,0.00206625413291453,703552.807064651,1197.3850105337972,3194.3019852702646,6.466202876254101e-06,0.0011467412959973444,5.4002704096422654e-09,3.589957648368841e-07,GOOD,0.332418674467662,0.35228740820875265,0,0
SAN JOAQUIN VALLEY - MODESTO,Vineyard,San Joaquin River,3833.343383,1630.308163,11.30505992,3.098484515,0.302297005,0.1329510358537938,0.3058799853780738,0.13,0.17,2773.231975,2743.166444,4105.247296,50,154.92422575,18275.000388624125,112.71402823513277,18275.000388624125,734.216359827,17540.7840287971,-4.88235294117647,0.3205685218948121,0.6794226275890475,0.48338362500685994,0.3186854726921452,8.970760521688883,0.0020066837023840116,3988.878228845467,3833.343375160485,11877.550822052608,7.8395150922006e-06,0.004290850605684682,2.0450855321146167e-09,3.6125705710456395e-07,GOOD,0.9941259073363267,1.5078948555200695,0,0
SAN JOAQUIN VALLEY - PLEASANT VALLEY,Almonds & Pistachios,Tulare Lake,314.5554369,4618.0,1.5,3.767767793,0.287448101,0.311217018052816,0.03090217019351817,0.4,0.17,2039.310074,2110.873995,639.9084906,50,188.38838965,6737.930817259,34.8927454040994,6737.930817259,6737.930817259,0.0,-4.88235294117647,0.05218743625978274,0.9478095172870176,0.05015497470742429,0.15916632695921704,0.8239140351541285,0.007947724651139227,2.968796480845016,314.555386304663,1185.1572839254295,5.0595337029335496e-05,0.014560339434410707,1.6084712293629884e-07,1.2285424687457173e-05,GOOD,3.0498974152879694,0.9610545813701002,0,0
SAN JOAQUIN VALLEY - PLEASANT VALLEY,Truck Crops,Tulare Lake,233.7790792,941.0,19.4,1.84535452,0.139554281,1.1244727167916924,1.262909809962677,0.41,0.17,7441.94487,27484.23099,27982.75263,50,92.26772600000001,18162.176767335,186.4995960885909,18162.176767335,6737.930817259,11424.245950076,-4.88235294117647,0.9081028539167787,0.09185634904635397,0.3199132007933135,0.3018703469793165,19.04064702578442,0.010433031041914988,95536.10167432608,233.7791352773329,431.40028983432745,-5.607733288570671e-05,0.004990648830585087,2.398731874451951e-07,1.1568353602430976e-05,GOOD,0.332418674467662,0.35228740820875265,0,0
SAN JOAQUIN VALLEY - TRACY,Alfalfa,San Joaquin River,28169.01882,280.9723808,6.693371386,4.134965358,0.306290873,0.13122437452970753,0.08146025298303902,1.86,0.17,739.7198673,484.1807412,381.4811931,50,206.74826789999997,1673.2394962650158,8.635416457202881,1673.2394962650158,386.562909063697,1286.67658720132,-4.88235294117647,0.007851244472491687,0.992147073953464,0.011994945326977358,0.015224135871085722,2.5401896178352477,1.9086018296825806e-05,39388167.522408046,28169.00545472875,116477.82183602155,0.013365271250222577,0.09515352848393377,4.7446704962024573e-07,8.169233357123873e-07,GOOD,1.939072961544676,1.5277763122781245,0,0
SAN JOAQUIN VALLEY - TRACY,Almonds & Pistachios,San Joaquin River,4535.941645,4853.16226,1.201030419,3.753630493,0.287448101,0.311217018052816,0.03090217019351817,0.4,0.17,2039.310074,2110.873995,639.9084906,50,187.68152465,5640.433184861788,29.471042183902483,5640.433184861788,386.562909063697,5253.87027579809,-4.88235294117647,0.0450027151721063,0.9549941466486253,0.04325006559024648,0.1372536646843477,0.6406617963738999,0.0005511534749914094,782518.0264766117,4535.941543441855,17026.243140069037,0.0001015581447063596,0.0057330715462740045,2.23896497474362e-08,3.367195903801275e-07,GOOD,3.0498974152879694,0.9610545813701002,0,0
SAN JOAQUIN VALLEY - TRACY,Citrus & Subtropical,San Joaquin River,1108.464658,933.0,3.6,3.247465856,0.183365181,0.09485584338438294,0.7506750003126099,0.13,0.17,2549.235389,1743.692937,5418.931559,50,162.3732928,3195.740449542,19.617723303371225,3195.740449542,386.562909063697,2809.1775404783,-4.88235294117647,0.05890724621213125,0.941083484477122,0.08190211402024089,0.02911395324396363,2.0362492143992164,0.006939605730133879,184.7336255781175,1108.464645243478,3599.699947234096,1.2756522210111143e-05,0.0011822036217381537,1.1508280501362761e-08,3.284171599887285e-07,GOOD,0.49423381869050864,1.3903572019867076,0,0
SAN JOAQUIN VALLEY - TRACY,Corn,San Joaquin River,18796.9131,60.24042741,27.06737714,2.415829265,0.234536008,1.320694044672553,0.03352518541352239,0.3,0.17,423.9938724,1022.014707,159.5840787,50,120.79146325,1508.8791435742635,12.76312556476513,1508.8791435742635,386.562909063697,1122.31623451057,-4.88235294117647,0.1441422946368816,0.8557960770007463,0.06074283899393786,0.38125065774795164,18.49417158675457,0.0001773340822293493,225821.61429995438,18796.912225295913,45410.115704577496,0.0008747040883463342,0.017054064381227363,4.6534454018747053e-08,3.7555636474068336e-07,GOOD,2.644960375498291,0.4214088525991567,0,0
SAN JOAQUIN VALLEY - TRACY,Cucurbits,San Joaquin River,3724.29074,203.0,12.0,2.299627126,0.087908733,0.5954029958862788,4.8590594140887005,0.05,0.17,920.9338517,2396.72349,6846.813993,50,114.98135629999999,2320.0483831340002,20.00834540048819,2320.0483831340002,386.562909063697,1933.4854740703,-4.88235294117647,0.2570639464550777,0.7428382916827644,0.09877605413638857,0.03457650369762564,9.176584256961513,0.005370150022175766,0.0007421378854889196,3724.290724234551,8564.477246339295,1.576544900672161e-05,0.0027644753172353376,4.233141316652848e-09,3.2278378999595496e-07,GOOD,0.13450545739469513,0.38424701518246485,0,0
SAN JOAQUIN VALLEY - TRACY,Dry Beans,San Joaquin River,3482.230412,1752.0,1.3,2.212101358,0.272510229,0.8579188204514863,0.04137219977784526,1.68,0.17,521.9411016,903.6303871,214.6292221,50,110.6050679,2166.1327210739996,19.459906781997343,2166.1327210739996,386.562909063697,1779.5698120103,-4.88235294117647,0.288729736960679,0.7111916700994854,0.16272707643588133,0.741017753383751,1.018342634172991,0.00017093587293559462,5741689.396738894,3482.229899730338,7703.043034004998,0.0005122696620674105,0.003589249101423775,1.4710963993137698e-07,4.6595188591855114e-07,GOOD,2.5664753522934403,0.5635965250716192,0,0
SAN JOAQUIN VALLEY - TRACY,Grain,San Joaquin River,11880.98689,164.6446507,2.495353159,0.466656841,0.351483763,0.6729928083090427,0.036299510576689786,0.74,0.17,345.3012994,477.8051109,110.9675411,50,23.33284205,386.56290906369657,16.113005507284857,386.56290906369657,386.562909063697,0.0,-4.88235294117647,0.9970003035503403,0.001455384297101139,0.7205144790003049,3.1023981977501784,2.5246626426838787,0.00011374066513689683,800.02778204801,11881.003832957504,5544.349936953894,-0.016942957503488287,-0.006126904079792439,1.4260564093163718e-06,1.105072897659532e-06,GOOD,3.1117324505343373,0.7226823065494933,0,0
SAN JOAQUIN VALLEY - TRACY,Onions & Garlic,San Joaquin River,989.7199034,659.0,5.9,1.480822037,0.178481578,0.8220938475297447,0.4158621200492846,0.41,0.17,887.6914461,1905.136225,1355.002253,50,74.04110185,3813.22492455,49.4550737838673,3813.22492455,386.562909063697,3426.6620154863,-4.88235294117647,0.8832482943819892,0.11659988265339022,0.4115463999049391,0.5786351665045069,5.774764357664749,0.002464358230914711,121320.7866024167,989.7198927112273,1465.5985842239281,1.0688772704270377e-05,0.00045918830323898874,1.079979564677953e-08,3.133110009200737e-07,GOOD,0.6551217479671209,0.46594644170006466,0,0
SAN JOAQUIN VALLEY - TRACY,Other Deciduous,San Joaquin River,3254.963336,1770.418285,2.200134409,3.445837194,0.215021845,0.542542160251163,0.5586272122329681,0.13,0.17,2284.866179,4950.948854,6009.195442,50,172.2918597,3721.9631735852686,21.419060442753054,3721.9631735852686,386.562909063697,3335.40026452157,-4.88235294117647,0.04891959808438442,0.9510713579794768,0.030796930017312575,0.03035030980293147,1.1969353852867823,0.0023632547891493955,644.0782370572755,3254.963302193517,11216.070046138771,3.3806482861109544e-05,0.0036821563480771147,1.0386133228355831e-08,3.282928088095597e-07,GOOD,0.6204120841421951,0.6295417628777134,0,0
SAN JOAQUIN VALLEY - TRACY,Pasture,San Joaquin River,3501.584012,276.0,5.0,4.600187047,0.350906068,0.10289172336777223,0.06852420918280822,0.51,0.17,328.209843,177.7241242,145.0367898,10,46.00187047,1333.302143125,28.144454633191646,1333.302143125,386.562909063697,946.739234061303,-4.88235294117647,0.016561843137045715,0.983433871515716,0.03058538033425752,0.03747849043789722,2.1739416021473135,0.0005599706609939508,238050.02664458624,3501.583314308847,16107.912864059164,0.0006976911527090124,0.02855192552851804,1.9925015373556957e-07,1.7725372095148408e-06,GOOD,2.262942000342034,1.8467377139832826,0,0
SAN JOAQUIN VALLEY - TRACY,Rice,San Joaquin River,964.7852889,579.0,4.7,4.833919598,0.381523094,0.7787889472798347,0.016559817107172286,0.2,0.17,851.2633133,1216.2235,177.3500304,50,241.69597989999997,2478.5979188320002,10.678582866869956,2478.5979188320002,386.562909063697,2092.0350097683,-4.88235294117647,0.004655700362482678,0.9953431266351187,0.003258633723562021,0.022346919748700397,1.5949685822659385,0.005182500249045826,2720.422772971814,964.7852528456755,4663.692794096514,3.6054324482392985e-05,0.0017217792874362203,3.737030912183614e-08,3.6918783629053476e-07,GOOD,4.7999050645054355,0.699923420721246,0,0
SAN JOAQUIN VALLEY - TRACY,Safflower,San Joaquin River,2093.780512,574.0,1.3,2.40565496,0.396694215,0.4537037030434028,0.03215870805598959,0.74,0.17,212.2655769,227.006242,60.43672676,10,24.0565496,721.2095661029999,28.437548127244778,721.2095661029999,386.562909063697,334.646657039303,-4.88235294117647,0.29212769314774,0.7076548363173352,0.2731583626653133,1.0260094628345777,1.0173338142640562,0.0006454121354203108,134393.86442231547,2093.779711001035,5036.903673856909,0.0008009989646780014,0.009799987229598628,3.825610946740923e-07,1.94563342818739e-06,GOOD,3.5121951355556216,0.9350649358914657,0,0
SAN JOAQUIN VALLEY - TRACY,Sunflowers,San Joaquin River,93.89009925,3640.0,0.6,2.945560199,0.386904762,0.3895547862245365,0.0812011031754898,0.74,0.17,734.0697039,736.5793439,336.2917618,50,147.27800995,2035.7696090979998,14.032210178647887,2035.7696090979998,386.562909063697,1649.2067000343,-4.88235294117647,0.06611710677336387,0.9338645313524986,0.0658918355955801,0.14432278927688097,0.3489504680562088,0.01439290577117322,29671.810529680828,93.89008991835924,276.5588343457947,9.331640768550642e-06,0.00010508516504614818,9.938897544141898e-08,3.7997385028438636e-07,GOOD,2.182835824495322,0.9965928458037955,0,0
SAN JOAQUIN VALLEY - TRACY,Tomato Processing,San Joaquin River,11233.71553,101.0,43.3,2.379660861,0.124471553,2.283636824869254,0.28639447182202826,0.74,0.17,657.2463564,2815.18314,996.9547547,50,118.98304305,4253.470529742999,34.758124275395524,4253.470529742999,386.562909063697,3866.9076206793,-4.88235294117647,0.3415613353766266,0.6583806919820695,0.07974257179671132,0.22517565855206287,34.946364897276936,0.00012029424705855547,8322398.037863603,11233.715162658698,26732.423929510813,0.0003673413011711091,0.009240838058758527,3.269989347603758e-08,3.456788987322073e-07,GOOD,0.6592539471827814,0.23346486717761028,0,0
SAN JOAQUIN VALLEY - TRACY,Truck Crops,San Joaquin River,1526.255061,5242.988121,9.483953577,2.667732673,0.139554281,1.1244727167916924,1.262909809962677,0.291635143,0.17,7441.94487,27484.23099,27982.75263,50,133.38663365000002,49589.91380401146,352.5061765552672,49589.91380401146,386.562909063697,49203.3508949478,-4.88235294117647,0.7553840530611803,0.24460351788546733,0.2661122902551461,0.2511037656326076,8.95934455505321,0.002246637616584517,710055.4784467036,1526.2550592204955,4071.6392559782403,1.7795046005630866e-06,0.0012375830683595268,1.1659287140362751e-09,3.0395195015782447e-07,GOOD,0.332418674467662,0.35228740820875265,0,0
SAN JOAQUIN VALLEY - TRACY,Vineyard,San Joaquin River,1688.838318,1689.181611,10.69211111,3.098484515,0.302297005,0.1329510358537938,0.3058799853780738,0.13,0.17,2773.231975,2743.166444,4105.247296,50,154.92422575,17905.186387624795,110.45241285559833,17905.186387624795,386.562909063697,17518.6234785611,-4.88235294117647,0.31613231566573974,0.6838587760305197,0.47669429245601563,0.31427532514953754,8.460495270274855,0.004554792255908355,1755.141419134077,1688.8383150506838,5232.837770230498,2.949316240119515e-06,0.0016064311485024518,1.7463579601937447e-09,3.069903417381969e-07,GOOD,0.9941259073363267,1.5078948555200695,0,0
SAN JOAQUIN VALLEY - TULARE LAKE,Alfalfa,Tulare Lake,18083.59504,284.9413611,8.401675396,4.524530937,0.306290873,0.13122437452970753,0.08146025298303902,1.86,0.17,739.7198673,484.1807412,381.4811931,50,226.22654684999998,2167.0935462686216,10.048802139351709,2167.0935462686216,721.343037923,1445.75050834562,-4.88235294117647,0.0059984712244236975,0.994000536764236,0.009164322246556483,0.011631473361883778,3.0068402497007116,2.9730504770369517e-05,28411320.02636899,18083.59125932861,81819.74778165646,0.0037806713917234447,0.03742900327779353,2.090663600551102e-07,4.574566308311105e-07,GOOD,1.939072961544676,1.5277763122781245,0,0
SAN JOAQUIN VALLEY - TULARE LAKE,Almonds & Pistachios,Tulare Lake,4420.466863,5200.772596,1.423360536,3.767767793,0.287448101,0.311217018052816,0.03090217019351817,0.4,0.17,2039.310074,2110.873995,639.9084906,50,188.38838965,7213.50528711567,37.28831331190918,7213.50528711567,721.343037923,6492.16224919267,-4.88235294117647,0.055665721347148436,0.9443312433795342,0.053497796525948396,0.16977473965680837,0.7919267663707402,0.000565551123327129,942324.5794877887,4420.466832402252,16655.288754275658,3.059774735447718e-05,0.003922159485227894,6.921836155041704e-09,2.3549027696025952e-07,GOOD,3.0498974152879694,0.9610545813701002,0,0
SAN JOAQUIN VALLEY - TULARE LAKE,Citrus & Subtropical,Tulare Lake,1166.44997,1745.0,11.8,3.608433712,0.183365181,0.09485584338438294,0.7506750003126099,0.13,0.17,2549.235389,1743.692937,5418.931559,50,180.4216856,20409.892056742,108.28059685123694,20409.892056742,721.343037923,19688.549018819,-4.88235294117647,0.17698436763586445,0.8230112715714786,0.2460714901815873,0.08747165986519816,8.291433390861586,0.0065946314802577365,1362.3868423670906,1166.4499692162185,4209.056480571911,7.837813882360933e-07,0.0009145374770014314,6.719374241452408e-10,2.1727845243071664e-07,GOOD,0.49423381869050864,1.3903572019867076,0,0
SAN JOAQUIN VALLEY - TULARE LAKE,Corn,Tulare Lake,39184.04013,74.99375865,25.68926191,2.280437339,0.234536008,1.320694044672553,0.03352518541352239,0.3,0.17,423.9938724,1022.014707,159.5840787,50,114.02186695,1811.632679668178,15.968394983298994,1811.632679668178,721.343037923,1090.28964174518,-4.88235294117647,0.22110647957148546,0.778814782088436,0.09317622785845858,0.5848178772325013,19.09729624180692,8.50686484158961e-05,457317.1548698929,39184.03998208573,89356.72650132257,0.00014791427383897826,0.02170400385512039,3.774860207070186e-09,2.4289160349980875e-07,GOOD,2.644960375498291,0.4214088525991567,0,0
SAN JOAQUIN VALLEY - TULARE LAKE,Cotton,Tulare Lake,83032.24488,3907.0,0.8,3.749301711,0.148539114,1.334590964860844,0.04119880232811655,0.68,0.17,378.6944542,1135.122209,199.4393382,50,187.46508555,2937.4629069100006,15.822302002603484,2937.4629069100006,721.343037923,2216.119868987,-4.88235294117647,0.024112564194157696,0.9758831390612736,0.008044327092447724,0.04578482050402572,0.3777982005367554,1.771104993511188e-05,28754756.387255445,83032.24204883096,311312.85255925695,0.00283116904029157,0.08523749804589897,3.409722384819581e-08,2.738000503581623e-07,GOOD,1.8987951731454202,0.3336155801462545,0,0
SAN JOAQUIN VALLEY - TULARE LAKE,Dry Beans,Tulare Lake,262.183558,1524.0,1.4,1.919782133,0.272510229,0.8579188204514863,0.04137219977784526,1.68,0.17,521.9411016,903.6303871,214.6292221,50,95.98910665,2036.7486823239997,20.980612848218737,2036.7486823239997,721.343037923,1315.405644401,-4.88235294117647,0.4676519998434463,0.5322126187682624,0.2635670420545597,1.2002173310489408,1.2096014646117645,0.0022703105403661327,319562.476507429,262.1835614468849,503.33524543083126,-3.446884875302203e-06,6.478393794395743e-05,1.3146838427229686e-08,1.2870930496871882e-07,GOOD,2.5664753522934403,0.5635965250716192,0,0
SAN JOAQUIN VALLEY - TULARE LAKE,Grain,Tulare Lake,26236.62834,281.9550916,2.699654551,0.715524558,0.351483763,0.6729928083090427,0.036299510576689786,0.74,0.17,345.3012994,477.8051109,110.9675411,50,35.7762279,724.4543201925619,19.738451324357378,724.4543201925619,721.343037923,3.11128226956191,-4.88235294117647,0.9896519536480891,0.009529740780975156,0.7152039565436132,3.079532098901463,2.721063678176479,5.150628860687484e-05,17405.177503219307,26237.13326597149,18773.30878931844,-0.5049259714905929,-0.3568929296634451,1.924507848139884e-05,1.9011018173018288e-05,GOOD,3.1117324505343373,0.7226823065494933,0,0
SAN JOAQUIN VALLEY - TULARE LAKE,Lettuce,Tulare Lake,15.51782861,625.0,20.3,2.300762612,0.164570286,0.680529189238487,1.2720462492145637,0.25,0.17,2859.243032,5814.317411,7949.261967,50,115.03813060000002,12571.505104755,104.17125087971651,12571.505104755,721.343037923,11850.162066832,-4.88235294117647,0.6515012764744947,0.3484576696599931,0.32038162811692245,0.23433628035076134,18.62936761078237,0.2577680228677303,842.0218341449395,15.517828605627695,35.70287741052916,4.372305184574543e-09,-3.752521723043856e-05,2.8176011570052666e-10,1.051042924063762e-06,GOOD,0.35968660202607483,0.49175901826412594,0,0
SAN JOAQUIN VALLEY - TULARE LAKE,Onions & Garlic,Tulare Lake,1309.335112,1960.0,16.2,1.253629891,0.178481578,0.8220938475297447,0.4158621200492846,0.41,0.17,887.6914461,1905.136225,1355.002253,50,62.681494550000004,31688.484531849997,476.1044967595031,31688.484531849997,721.343037923,30967.141493927,-4.88235294117647,0.9940509837936821,0.005928453884421771,0.4631745187671148,0.6512244180713531,16.186832441756206,0.0018627961382004874,1450385.5314358978,1309.3351129428786,1641.4213094860716,-9.428786142962053e-07,0.0003242529612634826,7.201201630161472e-10,1.9754397931557606e-07,GOOD,0.6551217479671209,0.46594644170006466,0,0
SAN JOAQUIN VALLEY - TULARE LAKE,Other Deciduous,Tulare Lake,1077.375193,2023.242772,4.709956079,3.502172688,0.215021845,0.542542160251163,0.5586272122329681,0.13,0.17,2284.866179,4950.948854,6009.195442,50,175.1086344,9353.37280500821,51.56248035405021,9353.37280500821,721.343037923,8632.02976708521,-4.88235294117647,0.10514129220197482,0.8948509726817002,0.066190834444072,0.06523092822443072,2.9806670785082234,0.007139859672179859,551.7054667339523,1077.3751914632019,3773.153149756892,1.5367982086900156e-06,0.0008258964367087174,1.4264280620855314e-09,2.188875519095962e-07,GOOD,0.6204120841421951,0.6295417628777134,0,0
SAN JOAQUIN VALLEY - TULARE LAKE,Pasture,Tulare Lake,1467.579452,186.0,4.5,4.768194291,0.350906068,0.10289172336777223,0.06852420918280822,0.51,0.17,328.209843,177.7241242,145.0367898,10,47.681942910000004,788.622070685,16.47740753748416,788.622070685,721.343037923,67.279032762,-4.88235294117647,0.008003015055035978,0.9919934845929701,0.014779469727710937,0.01811035889741053,1.6943954767799068,0.0013360668896347358,7124.4769463947905,1467.5774745291412,6997.6864105967115,0.0019774708587192436,0.01755401859736594,1.3474370031716985e-06,2.50853975620144e-06,GOOD,2.262942000342034,1.8467377139832826,0,0
SAN JOAQUIN VALLEY - TULARE LAKE,Safflower,Tulare Lake,12578.83304,574.0,1.3,2.392307778,0.396694215,0.4537037030434028,0.03215870805598959,0.74,0.17,212.2655769,227.006242,60.43672676,10,23.92307778,721.343037923,28.5902462443004,721.343037923,721.343037923,0.0,-4.88235294117647,0.2989777806928175,0.7007996904766709,0.2795636393365021,1.050068306988529,1.0221362177096567,0.00010743058176017825,955.9683294611974,12578.337011668435,30091.21865322833,0.4960283315649576,1.2214665270548721,3.9433573049869947e-05,4.059047794708384e-05,GOOD,3.5121951355556216,0.9350649358914657,0,0
SAN JOAQUIN VALLEY - TULARE LAKE,Tomato Processing,Tulare Lake,17828.3199,99.0,56.1,2.220206136,0.124471553,2.283636824869254,0.28639447182202826,0.74,0.17,657.2463564,2815.18314,996.9547547,50,111.0103068,5442.043265993,47.28752916295195,5442.043265993,721.343037923,4720.70022807,-4.88235294117647,0.4995030894173003,0.5004306467156181,0.11661642242561601,0.329299383328349,48.86809742231333,7.579802016853823e-05,16124103.484946718,17828.319872817025,39582.536115661016,2.7182974008610472e-05,0.00912088988116011,1.5247075529876753e-09,2.3042706896821264e-07,GOOD,0.6592539471827814,0.23346486717761028,0,0
SAN JOAQUIN VALLEY - TULARE LAKE,Truck Crops,Tulare Lake,229.5767608,1691.50482,16.15265637,1.84535452,0.139554281,1.1244727167916924,1.262909809962677,0.395958301,0.17,7441.94487,27484.23099,27982.75263,50,92.26772600000001,27229.072872993707,279.1282134556476,27229.072872993707,721.343037923,26507.7298350707,-4.88235294117647,0.9367682363360664,0.06320369240488642,0.3300116540711171,0.3113992554062447,15.949138824669205,0.011000758329465284,192811.7362313424,229.57676085228258,423.6504629322473,-5.2282587148511084e-08,5.02969915032736e-05,2.2773466689887666e-10,1.1872283859610886e-07,GOOD,0.332418674467662,0.35228740820875265,0,0
SAN JOAQUIN VALLEY - TULARE LAKE,Vineyard,Tulare Lake,4403.226291,1268.380095,12.87183065,4.00891598,0.302297005,0.1329510358537938,0.3058799853780738,0.13,0.17,2773.231975,2743.166444,4105.247296,50,200.44579900000002,16125.121127264913,77.26073169419641,16125.121127264913,721.343037923,15403.7780893419,-4.88235294117647,0.08381215852164202,0.9161852190224145,0.12637992266481657,0.08331983813614341,7.766305732466267,0.001746970785496632,4023.6792195487637,4403.22628623082,17652.160238758235,4.769180122821126e-06,0.004002787794888718,1.0831103848941672e-09,2.2675903872839458e-07,GOOD,0.9941259073363267,1.5078948555200695,0,0
SAN JOAQUIN VALLEY - TULE,Alfalfa,Tulare Lake,13584.59821,287.8871608,8.995486432,4.524530937,0.306290873,0.13122437452970753,0.08146025298303902,1.86,0.17,739.7198673,484.1807412,381.4811931,50,226.22654684999998,2362.793772335402,10.870257994708757,2362.793772335402,663.906396275856,1698.88737605955,-4.88235294117647,0.006536548641439563,0.9934624598842203,0.009986384178445119,0.012674844732437041,3.2712257534056635,3.9576761880699786e-05,25079043.335803736,13584.591116041414,61463.874105742136,0.0070939585857558995,0.060762117682315875,5.222059921164131e-07,9.885816424371012e-07,GOOD,1.939072961544676,1.5277763122781245,0,0
SAN JOAQUIN VALLEY - TULE,Almonds & Pistachios,Tulare Lake,6873.960749,5148.487495,1.370159737,3.767767793,0.287448101,0.311217018052816,0.03090217019351817,0.4,0.17,2039.310074,2110.873995,639.9084906,50,188.38838965,6865.18108935599,35.53373159536295,6865.18108935599,663.906396275856,6201.27469308013,-4.88235294117647,0.05312063524865695,0.9468763212976259,0.0510518298710118,0.16201248814333383,0.7552547313055543,0.00036369134059482244,1399690.2400599066,6873.9605795234165,25899.475967899998,0.00016947658332355786,0.01195252835896099,2.4654866315349958e-08,4.614967058685886e-07,GOOD,3.0498974152879694,0.9610545813701002,0,0
SAN JOAQUIN VALLEY - TULE,Citrus & Subtropical,Tulare Lake,1470.5494,938.0,16.9,3.608433712,0.183365181,0.09485584338438294,0.7506750003126099,0.13,0.17,2549.235389,1743.692937,5418.931559,50,180.4216856,15671.092056741998,83.36096728693012,15671.092056741998,663.906396275856,15007.1856604661,-4.88235294117647,0.1417156327891031,0.8582798195449487,0.1970353506824331,0.07004065836150028,11.352768151572896,0.00523090736857102,1309.184179476883,1470.5493953851199,5306.377747872471,4.614880253939191e-06,0.0022822489017926273,3.1382014463024433e-09,4.300952605802011e-07,GOOD,0.49423381869050864,1.3903572019867076,0,0
SAN JOAQUIN VALLEY - TULE,Corn,Tulare Lake,54910.04155,76.34955367,24.98992811,2.280437339,0.234536008,1.320694044672553,0.03352518541352239,0.3,0.17,423.9938724,1022.014707,159.5840787,50,114.02186695,1793.068229536887,15.814520499372813,1793.068229536887,663.906396275856,1129.16183326103,-4.88235294117647,0.21933791761400706,0.7805831652619996,0.09243094019320708,0.5801401009333573,18.549221932544402,6.070535077446747e-05,663698.9663958963,54910.038692547816,125218.84581271016,0.002857452185708098,0.06322395127790514,5.2038791176403654e-08,5.049073799181121e-07,GOOD,2.644960375498291,0.4214088525991567,0,0
SAN JOAQUIN VALLEY - TULE,Cotton,Tulare Lake,2357.000421,3759.706915,0.8,3.749301711,0.148539114,1.334590964860844,0.04119880232811655,0.68,0.17,378.6944542,1135.122209,199.4393382,50,187.46508555,2819.6284389100006,15.225804517636721,2819.6284389100006,663.906396275856,2155.72204263414,-4.88235294117647,0.02316776095172101,0.9768279381438268,0.007729126010598146,0.0439908326677148,0.3749105373328288,0.0006239236201197597,794004.3895826414,2357.000138544993,8837.100659635134,0.0002824550069817633,0.0050516478877398185,1.1983663832436933e-07,5.71640540781354e-07,GOOD,1.8987951731454202,0.3336155801462545,0,0
SAN JOAQUIN VALLEY - TULE,Cucurbits,Tulare Lake,42.92299144,485.0,17.3,2.442132231,0.087908733,0.5954029958862788,4.8590594140887005,0.05,0.17,920.9338517,2396.72349,6846.813993,50,122.10661155,8267.423127884,64.92651497854857,8267.423127884,663.906396275856,7603.51673160814,-4.88235294117647,0.46400934079599787,0.5359411377107053,0.1782942042176453,0.062411788619176664,14.827156298297291,0.46595074874865244,3.363487941615879e-05,42.922991379065536,104.82359623233363,6.093446103250244e-08,2.4614227470465266e-05,1.419622887134505e-09,2.348156576893592e-07,GOOD,0.13450545739469513,0.38424701518246485,0,0
SAN JOAQUIN VALLEY - TULE,Grain,Tulare Lake,35844.58548,269.4053907,2.600665935,0.715524558,0.351483763,0.6729928083090427,0.036299510576689786,0.74,0.17,345.3012994,477.8051109,110.9675411,50,35.7762279,663.9063962758557,18.168362599820576,663.9063962758557,663.906396275856,0.0,-4.88235294117647,0.9887193567996346,0.01038858948697131,0.7145299853020913,3.0766301070248607,2.6231181069047405,3.770029233858367e-05,2413.66011809434,35844.596960291485,25647.677905349476,-0.011480291483167093,0.0032769207427918445,3.202796553351882e-07,1.2776674505206813e-07,GOOD,3.1117324505343373,0.7226823065494933,0,0
SAN JOAQUIN VALLEY - TULE,Lettuce,Tulare Lake,209.2979517,703.0,19.4,2.300762612,0.164570286,0.680529189238487,1.2720462492145637,0.25,0.17,2859.243032,5814.317411,7949.261967,50,115.03813060000002,13522.205104755,111.9770131032709,13522.205104755,663.906396275856,12858.2987084791,-4.88235294117647,0.6678649394503126,0.33209593435728774,0.3284286069571156,0.24022207068323315,17.891769184457345,0.01911151049262753,12322.990910046665,209.29795089267003,481.5447140307802,8.073299682109791e-07,0.00018800876165414593,3.857323789619194e-09,3.9042830867454113e-07,GOOD,0.35968660202607483,0.49175901826412594,0,0
SAN JOAQUIN VALLEY - TULE,Other Deciduous,Tulare Lake,8901.423427,1988.276685,2.021748823,3.502172688,0.215021845,0.542542160251163,0.5586272122329681,0.13,0.17,2284.866179,4950.948854,6009.195442,50,175.1086344,3843.7842594310914,21.75068628072378,3843.7842594310914,663.906396275856,3179.87786315524,-4.88235294117647,0.04606212841873248,0.953929625787447,0.028998033526628466,0.02857750109229125,1.0862555832641831,0.0008641660241636421,1679.2518438777438,8901.423300014643,31174.30770301269,0.00012698535647359677,0.014307350069429958,1.4265735982002822e-08,4.589466312907785e-07,GOOD,0.6204120841421951,0.6295417628777134,0,0
SAN JOAQUIN VALLEY - TULE,Pasture,Tulare Lake,1125.608642,334.6865665,5.0,4.768194291,0.350906068,0.10289172336777223,0.06852420918280822,0.51,0.17,328.209843,177.7241242,145.0367898,10,47.681942910000004,1625.054903185,32.943649662734735,1625.054903185,663.906396275856,961.148506909144,-4.88235294117647,0.0163487335714877,0.9836477955251488,0.030191822862330946,0.03699623585132135,2.1659446539680607,0.001741976954122826,77687.08225305026,1125.6083389531916,5367.107595059573,0.0003030468083125015,0.013105625089337991,2.692292836114362e-07,2.441835356463319e-06,GOOD,2.262942000342034,1.8467377139832826,0,0
SAN JOAQUIN VALLEY - TULE,Potatoes,Tulare Lake,552.8060553,445.0,24.0,1.233512156,0.150675135,1.4974640784942694,0.06026152289335652,0.41,0.17,793.9256634,2502.863999,502.0871398,50,61.6756078,10617.603422589998,163.0126041143796,10617.603422589998,663.906396275856,9953.69702631414,-4.88235294117647,0.9840221244663672,0.015925022324216127,0.3121385805594676,1.5559857178995438,23.949610509846828,0.004412079728251672,196830.68591343946,552.8060538262612,681.8927158140964,1.4737388482899405e-06,0.00027330886189247394,2.665923851883575e-09,4.0080902172641513e-07,GOOD,1.5812507454985842,0.31720687248646934,0,0
SAN JOAQUIN VALLEY - TULE,Safflower,Tulare Lake,183.5472792,574.0,1.3,2.392307778,0.396694215,0.4537037030434028,0.03215870805598959,0.74,0.17,212.2655769,227.006242,60.43672676,10,23.92307778,721.343037923,28.5902462443004,721.343037923,663.906396275856,57.4366416471443,-4.88235294117647,0.2989777806928175,0.7007996904766707,0.2795636393365021,1.050068306988529,1.0221362177096567,0.007362415597993519,2033.6372080991725,183.5467863355905,439.0995445172739,0.0004928644094945867,0.0020391436237332528,2.6852177359575193e-06,4.64389949754317e-06,GOOD,3.5121951355556216,0.9350649358914657,0,0
SAN JOAQUIN VALLEY - TULE,Tomato Processing,Tulare Lake,298.9744662,97.0,54.6,2.220206136,0.124471553,2.283636824869254,0.28639447182202826,0.74,0.17,657.2463564,2815.18314,996.9547547,50,111.0103068,5184.3432659929995,45.093395983511776,5184.3432659929995,663.906396275856,4520.43686971714,-4.88235294117647,0.48737820118132347,0.5125539296630001,0.1137856870040603,0.32130600289963124,47.33237217414321,0.004519955729086779,258924.86030718315,298.9744569833275,663.7846560782924,9.216672481215937e-06,0.00028828627216626046,3.082762417259544e-08,4.3430673535723884e-07,GOOD,0.6592539471827814,0.23346486717761028,0,0
SAN JOAQUIN VALLEY - TULE,Truck Crops,Tulare Lake,1326.977947,7005.218537,6.856128846,1.84535452,0.139554281,1.1244727167916924,1.262909809962677,0.26542918,0.17,7441.94487,27484.23099,27982.75263,50,92.26772600000001,47935.457651394616,490.6673962523388,47935.457651394616,663.906396275856,47271.5512551188,-4.88235294117647,0.9630733883342447,0.036910218378240586,0.33927862789109264,0.3201435791651495,6.806199280546591,0.0028391453658142447,384783.3790859935,1326.977945946512,2448.7437259775393,1.0534881766943727e-06,0.001026459231525223,7.939002898096938e-10,4.1917771564544773e-07,GOOD,0.332418674467662,0.35228740820875265,0,0
SAN JOAQUIN VALLEY - TULE,Vineyard,Tulare Lake,11365.45815,1461.444403,11.91249752,4.00891598,0.302297005,0.1329510358537938,0.3058799853780738,0.13,0.17,2773.231975,2743.166444,4105.247296,50,200.44579900000002,17208.200170949378,82.38614904109872,17208.200170949378,663.906396275856,16544.2937746735,-4.88235294117647,0.08894080362784053,0.911056588596225,0.13411338023624148,0.08841835710574902,7.274299323114302,0.0006768145719059898,11154.745961962823,11365.458113165432,45563.147036116985,3.683456816361286e-05,0.01976143926003715,3.2409224227896923e-09,4.337152276495637e-07,GOOD,0.9941259073363267,1.5078948555200695,0,0
SAN JOAQUIN VALLEY - TURLOCK,Alfalfa,San Joaquin River,9325.289857,280.2949278,7.055760835,4.134965358,0.306290873,0.13122437452970753,0.08146025298303902,1.86,0.17,739.7198673,484.1807412,381.4811931,50,206.74826789999997,1770.2809761823926,9.081003079625988,1770.2809761823926,784.493527711657,985.787448470736,-4.88235294117647,0.00830272334670317,0.9916955958444553,0.012684704056491657,0.01609958634877784,2.705203803100443,5.7653372371967284e-05,9990835.96620507,9325.280285398276,38559.68917665527,0.009571601724019274,0.0613353484950494,1.0264133202073478e-06,1.5906572962902216e-06,GOOD,1.939072961544676,1.5277763122781245,0,0
SAN JOAQUIN VALLEY - TURLOCK,Almonds & Pistachios,San Joaquin River,92745.52847,4785.512244,1.050029504,3.753630493,0.287448101,0.311217018052816,0.03090217019351817,0.4,0.17,2039.310074,2110.873995,639.9084906,50,187.68152465,4836.5667302122465,25.406603453015137,4836.5667302122465,784.493527711657,4052.07320250059,-4.88235294117647,0.03883840559644316,0.9611584359679918,0.037325827631571835,0.1184531528424978,0.5440618438277279,2.6955477436399147e-05,12340275.523333808,92745.52400842913,348132.24387492187,0.00446157087571919,0.19987946981564164,4.810550922853768e-08,5.741477802530151e-07,GOOD,3.0498974152879694,0.9610545813701002,0,0
SAN JOAQUIN VALLEY - TURLOCK,Citrus & Subtropical,San Joaquin River,243.6021999,883.0,6.0,3.247465856,0.183365181,0.09485584338438294,0.7506750003126099,0.13,0.17,2549.235389,1743.692937,5418.931559,50,162.3732928,5134.940449542,30.9439972791654,5134.940449542,784.493527711657,4350.44692183034,-4.88235294117647,0.09138419296802885,0.9086068576035216,0.12705667084084196,0.04516515865853923,3.699092381970991,0.03157733261631227,62.87093994536508,243.602196902324,791.0894543400823,2.9976759776673134e-06,0.00037228165422220627,1.2305619484954879e-08,4.705934038009246e-07,GOOD,0.49423381869050864,1.3903572019867076,0,0
SAN JOAQUIN VALLEY - TURLOCK,Corn,San Joaquin River,51565.75624,66.21338074,26.62133807,2.415829265,0.234536008,1.320694044672553,0.03352518541352239,0.3,0.17,423.9938724,1022.014707,159.5840787,50,120.79146325,1641.0175692301668,13.79743848873297,1641.0175692301668,784.493527711657,856.52404151851,-4.88235294117647,0.15480956196244533,0.8451295778007861,0.06523811987797215,0.40946515713891535,18.434625389789627,6.464238239461013e-05,472816.7289426907,51565.75103903455,124573.98274120502,0.0052009654536959715,0.08025524335971568,1.0086083930369158e-07,6.442371825185132e-07,GOOD,2.644960375498291,0.4214088525991567,0,0
SAN JOAQUIN VALLEY - TURLOCK,Cucurbits,San Joaquin River,496.5994065,507.0,13.6,2.299627126,0.087908733,0.5954029958862788,4.8590594140887005,0.05,0.17,920.9338517,2396.72349,6846.813993,50,114.98135629999999,6779.248383134,56.63445944394341,6779.248383134,784.493527711657,5994.75485542234,-4.88235294117647,0.5027420154352299,0.49719255111822797,0.19317711883780375,0.06762154473764648,11.854303737421166,0.04027391039582324,0.0003068063606897684,496.5994053788946,1141.9929252105596,1.121105412948964e-06,0.000540732341050898,2.257564947268949e-09,4.734986295253763e-07,GOOD,0.13450545739469513,0.38424701518246485,0,0
SAN JOAQUIN VALLEY - TURLOCK,Dry Beans,San Joaquin River,318.3596085,1686.127604,1.3,2.212101358,0.272510229,0.8579188204514863,0.04137219977784526,1.68,0.17,521.9411016,903.6303871,214.6292221,50,110.6050679,2080.498606274,18.7282454317309,2080.498606274,784.493527711657,1296.00507856234,-4.88235294117647,0.28051831489386586,0.7194021848321471,0.15809914749312903,0.7199433410419966,1.0127588013081883,0.0018697035658595345,382310.86112478777,318.3595022131563,704.2431633954177,0.00010628684367475216,0.0005588997805716645,3.338578162460335e-07,7.936169863895358e-07,GOOD,2.5664753522934403,0.5635965250716192,0,0
SAN JOAQUIN VALLEY - TURLOCK,Grain,San Joaquin River,5006.546001,194.8648202,4.150452437,0.466656841,0.351483763,0.6729928083090427,0.036299510576689786,0.74,0.17,345.3012994,477.8051109,110.9675411,50,23.33284205,784.4935277116568,31.719460670908152,784.4935277116568,784.493527711657,0.0,-4.88235294117647,0.998518951387391,0.0007185710055026358,0.7216119789220211,3.107123823505663,4.174797983647604,0.0002699168950173302,337.12484745460097,5006.570779228281,2336.349336225993,-0.02477822828132048,-0.01039507815039542,4.9491662068762204e-06,4.449302268312286e-06,GOOD,3.1117324505343373,0.7226823065494933,0,0
SAN JOAQUIN VALLEY - TURLOCK,Onions & Garlic,San Joaquin River,13.33504136,2039.0,6.5,1.480822037,0.178481578,0.8220938475297447,0.4158621200492846,0.41,0.17,887.6914461,1905.136225,1355.002253,50,74.04110185,13178.62492455,168.57920845515423,13178.62492455,784.493527711657,12394.1313968383,-4.88235294117647,0.9631603256956055,0.03679176829275261,0.4487811265445427,0.6309872761422866,6.457691035204279,0.18290339897707694,5912.154024906556,13.335041295342219,19.746862427349036,6.465778135122946e-08,-3.931715458449503e-05,4.848712471577175e-09,1.9910622769592363e-06,GOOD,0.6551217479671209,0.46594644170006466,0,0
SAN JOAQUIN VALLEY - TURLOCK,Other Deciduous,San Joaquin River,7025.100933,3070.776362,2.864895803,3.445837194,0.215021845,0.542542160251163,0.5586272122329681,0.13,0.17,2284.866179,4950.948854,6009.195442,50,172.2918597,8624.259297879405,48.376265246628826,8624.259297879405,784.493527711657,7839.76577016775,-4.88235294117647,0.10648818390515875,0.8935033195852005,0.06703875902129978,0.06606655611311689,1.8182259505760707,0.0010949746865804486,3267.2633069392646,7025.100881571403,24207.341452751687,5.14285966346506e-05,0.01263378381554503,7.320691492568852e-09,5.218985838097908e-07,GOOD,0.6204120841421951,0.6295417628777134,0,0
SAN JOAQUIN VALLEY - TURLOCK,Pasture,San Joaquin River,9864.563964,284.7323717,5.0,4.600187047,0.350906068,0.10289172336777223,0.06852420918280822,0.51,0.17,328.209843,177.7241242,145.0367898,10,46.00187047,1376.9640016249998,29.03491781852069,1376.9640016249998,784.493527711657,592.470473913343,-4.88235294117647,0.01709478478678506,0.9829009321882783,0.031569583778183634,0.03868450648082396,2.1876125327681564,0.000198770500235107,419772.6312943172,9864.558757835151,45378.69690972976,0.005206164849369088,0.14246176601591287,5.277643156219173e-07,3.139387608608577e-06,GOOD,2.262942000342034,1.8467377139832826,0,0
SAN JOAQUIN VALLEY - TURLOCK,Potatoes,San Joaquin River,3949.02623,962.8127441,15.92965732,3.305132031,0.150675135,1.4974640784942694,0.06026152289335652,0.41,0.17,793.9256634,2502.863999,502.0871398,50,165.25660155,15171.29950568185,88.0054482499465,15171.29950568185,784.493527711657,14386.8059779702,-4.88235294117647,0.21130507277707988,0.788686984269932,0.0670274212761433,0.33412630385639014,11.611864465128665,0.0006176267890334835,2032300.744752464,3949.026182674072,13052.04629408487,4.7325927880592644e-05,0.006789947301513166,1.1984201958717465e-08,5.202206317885697e-07,GOOD,1.5812507454985842,0.31720687248646934,0,0
SAN JOAQUIN VALLEY - TURLOCK,Truck Crops,San Joaquin River,501.4786305,3192.260433,13.27972858,2.667732673,0.139554281,1.1244727167916924,1.262909809962677,0.350763886,0.17,7441.94487,27484.23099,27982.75263,50,133.38663365000002,42258.00996659828,300.52869917498856,42258.00996659828,784.493527711657,41473.5164388866,-4.88235294117647,0.7246296602355623,0.2753563480656652,0.2552779049155753,0.2408804311354579,12.439998407185094,0.005685029151527132,421599.92572734214,501.4786291194003,1337.8102933608725,1.3805997127747105e-06,0.0006340352720144438,2.753057914747397e-09,4.7393488798039776e-07,GOOD,0.332418674467662,0.35228740820875265,0,0
SAN JOAQUIN VALLEY - TURLOCK,Vineyard,San Joaquin River,8785.459389,1566.015027,10.99745356,3.098484515,0.302297005,0.1329510358537938,0.3058799853780738,0.13,0.17,2773.231975,2743.166444,4105.247296,50,154.92422575,17066.446451538643,105.32305827800995,17066.446451538643,784.493527711657,16281.952923827,-4.88235294117647,0.3058530652425982,0.6941378925524884,0.461194263624358,0.30405645599589465,8.644137692058761,0.0008755726196787149,8485.854908702262,8785.459361661571,27221.595925107482,2.7338428481016308e-05,0.01394887037895387,3.1117813275929434e-09,5.124190098796511e-07,GOOD,0.9941259073363267,1.5078948555200695,0,0
SAN JOAQUIN VALLEY - WESTSIDE,Alfalfa,Tulare Lake,3575.394949,267.2223957,7.807413192,4.524530937,0.306290873,0.13122437452970753,0.08146025298303902,1.86,0.17,739.7198673,484.1807412,381.4811931,50,226.22654684999998,1859.4243807980242,8.75735428275907,1859.4243807980242,721.343037923,1138.08134287502,-4.88235294117647,0.005151355917421018,0.9948476512258195,0.007870119546749578,0.009988854974764266,2.7170098356875645,0.00015037063492874295,4422170.45756854,3575.3932857383147,16176.97116162859,0.001663261685280304,0.013897115446525277,4.651966311429456e-07,8.590670879685064e-07,GOOD,1.939072961544676,1.5277763122781245,0,0
SAN JOAQUIN VALLEY - WESTSIDE,Almonds & Pistachios,San Joaquin River,1328.188732,4738.0,1.1,3.753630493,0.287448101,0.311217018052816,0.03090217019351817,0.4,0.17,2039.310074,2110.873995,639.9084906,50,187.68152465,5023.437682259,26.351443893592727,5023.437682259,721.343037923,4302.094644336,-4.88235294117647,0.04027848165085488,0.9597183646457573,0.038709819321185605,0.12284523707866621,0.5740557391219728,0.001882262618080997,187625.799261334,1328.188706753842,4985.5278465173415,2.5246157974834205e-05,0.0018783768637149478,1.900795976247915e-08,3.767657535638919e-07,GOOD,3.0498974152879694,0.9610545813701002,0,0
SAN JOAQUIN VALLEY - WESTSIDE,Almonds & Pistachios,Tulare Lake,160906.2554,4836.773611,1.542571017,3.767767793,0.287448101,0.311217018052816,0.03090217019351817,0.4,0.17,2039.310074,2110.873995,639.9084906,50,188.38838965,7271.997605378032,37.582951332585395,7271.997605378032,721.343037923,6550.65456745503,-4.88235294117647,0.05609176371638726,0.9439052023796781,0.053907246496763137,0.171074125177553,0.8595580856732767,1.5536996953817618e-05,34609910.00580909,160906.25337665124,606257.179060138,0.002023348759394139,0.22772821434773505,1.257470540448696e-08,3.756295787858905e-07,GOOD,3.0498974152879694,0.9610545813701002,0,0
SAN JOAQUIN VALLEY - WESTSIDE,Citrus & Subtropical,San Joaquin River,91.71868608,583.0,16.5,3.247465856,0.183365181,0.09485584338438294,0.7506750003126099,0.13,0.17,2549.235389,1743.692937,5418.931559,50,162.3732928,9456.440449541999,56.18455678122529,9456.440449541999,721.343037923,8735.097411619,-4.88235294117647,0.1562711736305319,0.8437205160465525,0.21727275172012528,0.0772344988946653,11.321235295660742,0.08386848984729472,47.52818852464951,91.71868587322902,297.8532395709573,2.067709772290982e-07,6.183102510703975e-05,2.2544040485789985e-09,2.0758885268688923e-07,GOOD,0.49423381869050864,1.3903572019867076,0,0
SAN JOAQUIN VALLEY - WESTSIDE,Citrus & Subtropical,Tulare Lake,183.4373722,1164.0,14.15,3.608433712,0.183365181,0.09485584338438294,0.7506750003126099,0.13,0.17,2549.235389,1743.692937,5418.931559,50,180.4216856,16289.492056742,86.61290847933482,16289.492056742,721.343037923,15568.149018819,-4.88235294117647,0.146488641237256,0.8535068363868379,0.20367153735346588,0.07239964055347295,9.569285764013392,0.04193424491450326,169.4129028313999,183.43737191018025,661.9214057582067,2.898197521972179e-07,0.0001921289649544633,1.5799384210608416e-09,2.902593986474102e-07,GOOD,0.49423381869050864,1.3903572019867076,0,0
SAN JOAQUIN VALLEY - WESTSIDE,Corn,Tulare Lake,4207.282191,72.81897971,22.91919913,2.280437339,0.234536008,1.320694044672553,0.03352518541352239,0.3,0.17,423.9938724,1022.014707,159.5840787,50,114.02186695,1554.0510685099196,13.833387632930748,1554.0510685099196,721.343037923,832.70803058692,-4.88235294117647,0.1958287237040836,0.8040899826276888,0.08252395776209516,0.517959214581704,16.653046418029344,0.0007922771000395047,37505.0441037219,4207.282113576815,9594.43963103321,7.742318484815769e-05,0.003773032920435071,1.8402184910196268e-08,3.932518814834071e-07,GOOD,2.644960375498291,0.4214088525991567,0,0
SAN JOAQUIN VALLEY - WESTSIDE,Cotton,Tulare Lake,14867.18272,3613.734673,0.8,3.749301711,0.148539114,1.334590964860844,0.04119880232811655,0.68,0.17,378.6944542,1135.122209,199.4393382,50,187.46508555,2702.8506453100003,14.634656092522535,2702.8506453100003,721.343037923,1981.507607387,-4.88235294117647,0.022229623565289184,0.9777660713997243,0.007416148762166801,0.04220950192661079,0.37195517717189014,9.891505761315601e-05,4603599.5044638375,14867.181679183226,55741.52865740474,0.0010408167745481478,0.02495244089368498,7.000766682903509e-08,4.4764523551560334e-07,GOOD,1.8987951731454202,0.3336155801462545,0,0
SAN JOAQUIN VALLEY - WESTSIDE,Cucurbits,Tulare Lake,15728.91697,497.5744895,17.10175354,2.442132231,0.087908733,0.5954029958862788,4.8590594140887005,0.05,0.17,920.9338517,2396.72349,6846.813993,50,122.10661155,8386.319415104319,65.84654615346113,8386.319415104319,721.343037923,7664.97637718132,-4.88235294117647,0.4675622903364954,0.5323885164359414,0.17965941447367537,0.06288967972222155,14.679539590514612,0.0012715433642472842,0.012424959669770431,15728.91696303015,38412.081325715706,6.969850801397115e-06,0.013765444156888407,4.431233768155059e-10,3.5836223263063767e-07,GOOD,0.13450545739469513,0.38424701518246485,0,0
SAN JOAQUIN VALLEY - WESTSIDE,Dry Beans,Tulare Lake,1079.877442,1151.19302,1.475467,1.919782133,0.272510229,0.8579188204514863,0.04137219977784526,1.68,0.17,521.9411016,903.6303871,214.6292221,50,95.98910665,1601.69599396434,16.702551345101572,1601.69599396434,721.343037923,880.35295604134,-4.88235294117647,0.4085825025999588,0.5912670940514153,0.2302756786704026,1.0486169223011648,1.2431380559624774,0.0005512089354655631,880980.6529568793,1079.8774141301412,2073.128635735784,2.786985874081438e-05,0.0007832455598872912,2.580835348240785e-08,3.778083281805667e-07,GOOD,2.5664753522934403,0.5635965250716192,0,0
SAN JOAQUIN VALLEY - WESTSIDE,Grain,San Joaquin River,3214.598615,303.0,2.9,0.466656841,0.351483763,0.6729928083090427,0.036299510576689786,0.74,0.17,345.3012994,477.8051109,110.9675411,50,23.33284205,854.416359827,34.461766724233144,854.416359827,721.343037923,133.073321904,-4.88235294117647,0.998639941276978,0.0006598694707413803,0.721699416174497,3.1075003116712776,2.9156354424600037,0.0004203794977841585,82169.49481632296,3214.60107065585,1500.1150817814669,-0.0024556558500989922,-0.000647022591692803,7.639074560165554e-07,4.313154894725107e-07,GOOD,3.1117324505343373,0.7226823065494933,0,0
SAN JOAQUIN VALLEY - WESTSIDE,Grain,Tulare Lake,25871.56476,299.8910322,2.870390783,0.715524558,0.351483763,0.6729928083090427,0.036299510576689786,0.74,0.17,345.3012994,477.8051109,110.9675411,50,35.7762279,824.0774287082362,22.321811896702428,824.0774287082362,721.343037923,102.734390785236,-4.88235294117647,0.9908910102000941,0.008388666673649008,0.7160994007905614,3.0833877113823838,2.890464755209535,5.2233073796938415e-05,510939.10258721816,25871.58552692963,18511.748009584353,-0.020766929628734943,-0.00806991697390913,8.026932201968189e-07,4.359350876908511e-07,GOOD,3.1117324505343373,0.7226823065494933,0,0
SAN JOAQUIN VALLEY - WESTSIDE,Lettuce,Tulare Lake,8136.398694,701.9533021,19.41207728,2.300762612,0.164570286,0.680529189238487,1.2720462492145637,0.25,0.17,2859.243032,5814.317411,7949.261967,50,115.03813060000002,13510.376852071386,111.87989673852029,13510.376852071386,721.343037923,12789.0338141484,-4.88235294117647,0.6676707950168561,0.33229005592013117,0.32833313468111763,0.2401522395316609,17.90186873540076,0.0004916179934680079,476472.26586088416,8136.39868553668,18719.915255133532,8.463320227747317e-06,0.0066563473010319285,1.0401801271105849e-09,3.5557559120744113e-07,GOOD,0.35968660202607483,0.49175901826412594,0,0
SAN JOAQUIN VALLEY - WESTSIDE,Onions & Garlic,San Joaquin River,497.9431853,2366.0,7.7,1.480822037,0.178481578,0.8220938475297447,0.4158621200492846,0.41,0.17,887.6914461,1905.136225,1355.002253,50,74.04110185,18143.324924549997,231.72820277494176,18143.324924549997,721.343037923,17421.981886627,-4.88235294117647,0.9729684600067496,0.026996388399375855,0.45335119182653666,0.6374127982364995,7.663348646144287,0.004898198152414604,310320.7548212501,497.9431856773177,737.3650259507524,-3.7731768998128246e-07,0.00021601546200145094,7.577524928952621e-10,2.929558510588822e-07,GOOD,0.6551217479671209,0.46594644170006466,0,0
SAN JOAQUIN VALLEY - WESTSIDE,Onions & Garlic,Tulare Lake,28089.5774,2288.356761,9.325535792,1.253629891,0.178481578,0.8220938475297447,0.4158621200492846,0.41,0.17,887.6914461,1905.136225,1355.002253,50,62.681494550000004,21276.63741142069,319.98433949039,21276.63741142069,721.343037923,20555.2943734977,-4.88235294117647,0.9911655408316988,0.008803923532341253,0.46183005688625023,0.6493341016344393,9.314270771445408,8.68302272943381e-05,20653882.400459208,28089.57743126277,35213.921437695695,-3.1262770789908245e-05,0.012416502366249915,1.112966932350796e-09,3.5260196766598035e-07,GOOD,0.6551217479671209,0.46594644170006466,0,0
SAN JOAQUIN VALLEY - WESTSIDE,Other Deciduous,San Joaquin River,85.84408219,1850.0,7.8,3.445837194,0.215021845,0.542542160251163,0.5586272122329681,0.13,0.17,2284.866179,4950.948854,6009.195442,50,172.2918597,14256.804986433997,79.34903470890117,14256.804986433997,721.343037923,13535.461948511,-4.88235294117647,0.1645879326860755,0.8354041232816735,0.10361497729159039,0.1021123423424234,5.403442834564045,0.08960789720230443,68.92978303210137,85.84408204809635,295.8046706861227,1.4190364083788154e-07,6.060897226234374e-05,1.6530392919083705e-09,2.0489520906912136e-07,GOOD,0.6204120841421951,0.6295417628777134,0,0
SAN JOAQUIN VALLEY - WESTSIDE,Other Deciduous,Tulare Lake,821.8083111,1779.452996,3.241514181,3.502172688,0.215021845,0.542542160251163,0.5586272122329681,0.13,0.17,2284.866179,4950.948854,6009.195442,50,175.1086344,5592.110332690937,31.21069158563722,5592.110332690937,721.343037923,4870.76729476794,-4.88235294117647,0.06563699334087605,0.9343549300695092,0.041321228497807845,0.04072198383544029,1.8673699142013909,0.009360221341655026,237.4672103624666,821.8083071902741,2878.113604299637,3.909725819539744e-06,0.0010176061900892819,4.757466877289828e-09,3.5356694356232573e-07,GOOD,0.6204120841421951,0.6295417628777134,0,0
SAN JOAQUIN VALLEY - WESTSIDE,Pasture,Tulare Lake,338.6020497,170.0,5.0,4.768194291,0.350906068,0.10289172336777223,0.06852420918280822,0.51,0.17,328.209843,177.7241242,145.0367898,10,47.681942910000004,801.622070685,16.73332904045584,801.622070685,721.343037923,80.279032762,-4.88235294117647,0.008133809092094274,0.9918626910174306,0.015021012008710618,0.01840633821726404,1.888563083819653,0.005790822339861016,1959.7392079295662,338.6013857375323,1614.5144075212963,0.000663962467683632,0.0059527791420350695,1.9608932322527285e-06,3.6870263691981844e-06,GOOD,2.262942000342034,1.8467377139832826,0,0
SAN JOAQUIN VALLEY - WESTSIDE,Potatoes,Tulare Lake,217.893609,1165.0,14.9,1.233512156,0.150675135,1.4974640784942694,0.06026152289335652,0.41,0.17,793.9256634,2502.863999,502.0871398,50,61.6756078,17296.103422590004,264.94890341942494,17296.103422590004,721.343037923,16574.760384667,-4.88235294117647,0.9901306785623302,0.00983667471241232,0.3140762558996624,1.5656448736177038,14.880706775368763,0.011193648136067647,129188.7576097391,217.89360931269002,268.7743657889955,-3.1269001965483767e-07,4.962721550327842e-05,1.435058242827295e-09,1.8464263209884812e-07,GOOD,1.5812507454985842,0.31720687248646934,0,0
SAN JOAQUIN VALLEY - WESTSIDE,Safflower,Tulare Lake,145.8300506,574.0,1.3,2.392307778,0.396694215,0.4537037030434028,0.03215870805598959,0.74,0.17,212.2655769,227.006242,60.43672676,10,23.92307778,721.343037923,28.5902462443004,721.343037923,721.343037923,0.0,-4.88235294117647,0.29897778069281744,0.7007996904766709,0.279563639336502,1.0500683069885288,1.0221362177096567,0.009266617859565849,11.082817413508169,145.81303085528108,348.8292442162993,0.017019744718908214,0.04112010021430024,0.00011670944807933993,0.00011786641807440519,GOOD,3.5121951355556216,0.9350649358914657,0,0
SAN JOAQUIN VALLEY - WESTSIDE,Tomato Processing,Tulare Lake,63518.90709,93.82188168,51.87120337,2.220206136,0.124471553,2.283636824869254,0.28639447182202826,0.74,0.17,657.2463564,2815.18314,996.9547547,50,111.0103068,4754.797171172358,41.436114886325434,4754.797171172358,721.343037923,4033.45413324936,-4.88235294117647,0.4658072296533665,0.5341220452772442,0.10874962300139382,0.3070852547752582,44.56917491206015,2.1274789086604092e-05,49084099.3447917,63518.906567604026,141025.0150769461,0.0005223959742579609,0.05219628580380231,8.224259487301593e-09,3.7012062332630236e-07,GOOD,0.6592539471827814,0.23346486717761028,0,0
SAN JOAQUIN VALLEY - WESTSIDE,Truck Crops,Tulare Lake,5930.65471,1178.986411,18.37965607,1.84535452,0.139554281,1.1244727167916924,1.262909809962677,0.405562968,0.17,7441.94487,27484.23099,27982.75263,50,92.26772600000001,21576.141512718666,221.37711430647397,21576.141512718666,721.343037923,20854.7984747957,-4.88235294117647,0.9215021135103117,0.07846303795188667,0.3246335912274355,0.30632451109224684,18.090412647592558,0.0004157565191085135,4261144.893607525,5930.654709331066,10944.156629536254,6.689333531539887e-07,0.003846121535389102,1.1279249692720498e-10,3.514313906437793e-07,GOOD,0.332418674467662,0.35228740820875265,0,0
SAN JOAQUIN VALLEY - WESTSIDE,Vineyard,Tulare Lake,34673.02383,1380.403848,11.47105969,4.00891598,0.302297005,0.1329510358537938,0.3058799853780738,0.13,0.17,2773.231975,2743.166444,4105.247296,50,200.44579900000002,15633.442281307689,74.93397696574999,15633.442281307689,721.343037923,14912.0992433847,-4.88235294117647,0.0814648335978054,0.9185325372273707,0.12284040348792928,0.08098630161642116,6.881534742707125,0.00022185280782035824,30672.973242021602,34673.02376016325,139001.1892408749,6.983675120864064e-05,0.05006613291334361,2.014152314809534e-09,3.601847952072144e-07,GOOD,0.9941259073363267,1.5078948555200695,0,0
SAN JOAQUIN VALLEY - WHITE WOLF,Almonds & Pistachios,Tulare Lake,9475.374381,5302.593875,1.237849609,3.767767793,0.287448101,0.311217018052816,0.03090217019351817,0.4,0.17,2039.310074,2110.873995,639.9084906,50,188.38838965,6374.744572113544,33.06330045157576,6374.744572113544,680.872973977,5693.87159813654,-4.88235294117647,0.049513838440956054,0.950483106512383,0.0475855012748998,0.15101212788205798,0.6728505060971405,0.00026384181769250134,1771535.087055132,9475.373785485763,35700.97154245028,0.0005955142369202804,0.03887689882685663,6.284862349232388e-08,1.0889579418118168e-06,GOOD,3.0498974152879694,0.9610545813701002,0,0
SAN JOAQUIN VALLEY - WHITE WOLF,Citrus & Subtropical,Tulare Lake,1609.085139,1062.0,16.1,3.608433712,0.183365181,0.09485584338438294,0.7506750003126099,0.13,0.17,2549.235389,1743.692937,5418.931559,50,180.4216856,16917.092056742,89.91322913320478,16917.092056742,680.872973977,16236.219082765,-4.88235294117647,0.1512786859078184,0.8487168170965853,0.21033141045902037,0.07476704262270312,10.959097881334982,0.004780547346977699,1549.8347696805456,1609.0851280756663,5806.2711908627525,1.0924333764705807e-05,0.0058701830539575894,6.7891583235272215e-09,1.0110063629826636e-06,GOOD,0.49423381869050864,1.3903572019867076,0,0
SAN JOAQUIN VALLEY - WHITE WOLF,Cucurbits,Tulare Lake,136.7870214,829.0,16.1,2.442132231,0.087908733,0.5954029958862788,4.8590594140887005,0.05,0.17,920.9338517,2396.72349,6846.813993,50,122.10661155,13223.823127884001,103.27962609703712,13223.823127884001,680.872973977,12542.950153907,-4.88235294117647,0.5806594497883272,0.4193018063084168,0.22311666041865705,0.07810186488433096,14.43098320823027,0.1462127020188189,0.00017681862096952163,136.78702112422087,334.0516781230964,2.757791150997946e-07,0.0003156203302978611,2.0161204789549912e-09,9.44823968152328e-07,GOOD,0.13450545739469513,0.38424701518246485,0,0
SAN JOAQUIN VALLEY - WHITE WOLF,Dry Beans,Tulare Lake,90.4274406,1205.0,1.6,1.919782133,0.272510229,0.8579188204514863,0.04137219977784526,1.68,0.17,521.9411016,903.6303871,214.6292221,50,95.98910665,1831.148682324,18.958859004202157,1831.148682324,680.872973977,1150.275708347,-4.88235294117647,0.4412799036302335,0.5585780082952542,0.2487038202699386,1.132533996129419,1.367482920801317,0.006582494111174648,96384.17289632872,90.42739405476159,173.60073541733405,4.6545238404860356e-05,0.0002493794647477898,5.147247129413984e-07,1.4365095050566119e-06,GOOD,2.5664753522934403,0.5635965250716192,0,0
SAN JOAQUIN VALLEY - WHITE WOLF,Grain,Tulare Lake,751.1109213,299.0,2.4,0.715524558,0.351483763,0.6729928083090427,0.036299510576689786,0.74,0.17,345.3012994,477.8051109,110.9675411,50,35.7762279,680.872973977,18.608328673293062,680.872973977,680.872973977,0.0,-4.88235294117647,0.9889972212279944,0.010132698096029244,0.7147307930080865,3.077494746783437,2.4202176142738314,0.001799136869175692,50.57741499112757,751.1118535365143,537.4384351006166,-0.0009322365143589195,-0.0001251284613772441,1.2411436019934751e-06,2.3282385913971598e-07,GOOD,3.1117324505343373,0.7226823065494933,0,0
SAN JOAQUIN VALLEY - WHITE WOLF,Lettuce,Tulare Lake,851.4447119,685.0,16.0,2.300762612,0.164570286,0.680529189238487,1.2720462492145637,0.25,0.17,2859.243032,5814.317411,7949.261967,50,115.03813060000002,10844.005104755,89.98753967619255,10844.005104755,680.872973977,10163.132130778,-4.88235294117647,0.617234508623955,0.38272040081488967,0.3035306359996563,0.22201098306018435,14.525972953340988,0.004697897519468992,39623.52765770677,851.444702174048,1958.9701839327408,9.725952054395748e-06,0.001975391890937317,1.1422881507705031e-08,1.0083818095803598e-06,GOOD,0.35968660202607483,0.49175901826412594,0,0
SAN JOAQUIN VALLEY - WHITE WOLF,Onions & Garlic,Tulare Lake,790.2986182,2883.0,7.8,1.253629891,0.178481578,0.8220938475297447,0.4158621200492846,0.41,0.17,887.6914461,1905.136225,1355.002253,50,62.681494550000004,22423.884531849995,337.1867051029746,22423.884531849995,680.872973977,21743.011557873,-4.88235294117647,0.9916137339377914,0.008357279571619872,0.46203889086922856,0.6496277226855294,7.791056867076815,0.0030862060670168875,614672.1087386154,790.2986158567365,990.7409980021309,2.3432634179698653e-06,0.000972589385696665,2.9650354486345036e-09,9.816777875232098e-07,GOOD,0.6551217479671209,0.46594644170006466,0,0
SAN JOAQUIN VALLEY - WHITE WOLF,Other Deciduous,Tulare Lake,729.5196878,3085.0,6.2,3.502172688,0.215021845,0.542542160251163,0.5586272122329681,0.13,0.17,2284.866179,4950.948854,6009.195442,50,175.1086344,18950.988211734,103.49415033873206,18950.988211734,680.872973977,18270.115237757,-4.88235294117647,0.19228147530413284,0.8077115428151619,0.1210492189316913,0.11929375083537307,4.431488372778619,0.01054434557551867,790.6785972874501,729.5196835603753,2554.901360968795,4.23962478635076e-06,0.002565002651863324,5.8115289515161995e-09,1.0039526832258624e-06,GOOD,0.6204120841421951,0.6295417628777134,0,0
SAN JOAQUIN VALLEY - WHITE WOLF,Pasture,Tulare Lake,10.46387875,195.0,5.0,4.768194291,0.350906068,0.10289172336777223,0.06852420918280822,0.51,0.17,328.209843,177.7241242,145.0367898,10,47.681942910000004,926.622070685,19.19411272287582,926.622070685,680.872973977,245.749096708,-4.88235294117647,0.009389686068585484,0.9906068184724162,0.017340287385320233,0.021248314974628566,1.9418831532355274,0.1873859933368867,184.84882132727054,10.463853011979447,49.89353343589528,2.573802055216845e-05,0.000273481570935985,2.459701719323578e-06,5.481272883994906e-06,GOOD,2.262942000342034,1.8467377139832826,0,0
SAN JOAQUIN VALLEY - WHITE WOLF,Potatoes,Tulare Lake,1598.661545,445.0,24.0,1.233512156,0.150675135,1.4974640784942694,0.06026152289335652,0.41,0.17,793.9256634,2502.863999,502.0871398,50,61.6756078,10617.603422589998,163.0126041143796,10617.603422589998,680.872973977,9936.730448613,-4.88235294117647,0.9840221244663672,0.015925022324216116,0.3121385805594676,1.5559857178995438,23.949610509846828,0.0015256665163881846,568245.0293617055,1598.6615350167663,1971.966479996541,9.983233667298919e-06,0.0019690906999585422,6.2447449859056435e-09,9.985406718195564e-07,GOOD,1.5812507454985842,0.31720687248646934,0,0
SAN JOAQUIN VALLEY - WHITE WOLF,Tomato Processing,Tulare Lake,406.0647817,100.0,56.3,2.220206136,0.124471553,2.283636824869254,0.28639447182202826,0.74,0.17,657.2463564,2815.18314,996.9547547,50,111.0103068,5518.143265993,47.9354668228487,5518.143265993,680.872973977,4837.270292016,-4.88235294117647,0.5029746873352344,0.4969595084239039,0.11742691857242056,0.3315880479587786,49.10914454549403,0.003327920598516045,376317.26119948353,406.0647543226911,901.5465635003886,2.737730892476975e-05,0.0009564434518551934,6.742103762398202e-08,1.0608907802383755e-06,GOOD,0.6592539471827814,0.23346486717761028,0,0
SAN JOAQUIN VALLEY - WHITE WOLF,Truck Crops,Tulare Lake,5997.165866,2147.516099,20.17287312,1.84535452,0.139554281,1.1244727167916924,1.262909809962677,0.395991393,0.17,7441.94487,27484.23099,27982.75263,50,92.26772600000001,43228.346555619355,442.57892280852434,43228.346555619355,680.872973977,42547.4735816424,-4.88235294117647,0.9592164694247216,0.040765425038040495,0.3379198839247854,0.31886146729371656,20.01037683181924,0.0004210834699008993,8086860.181400437,5997.1658475353815,11066.88606504329,1.84646187335602e-05,0.011072969524320797,3.0788907871037027e-09,1.000548698179106e-06,GOOD,0.332418674467662,0.35228740820875265,0,0
SAN JOAQUIN VALLEY - WHITE WOLF,Vineyard,Tulare Lake,11681.41123,1595.330286,11.88203482,4.00891598,0.302297005,0.1329510358537938,0.3058799853780738,0.13,0.17,2773.231975,2743.166444,4105.247296,50,200.44579900000002,18754.517352246556,89.70373213999446,18754.517352246556,680.872973977,18073.6443782696,-4.88235294117647,0.09616427664145985,0.9038331362587586,0.1450056180324661,0.0955993987695328,7.371238275432111,0.0006585084234131266,12524.629226467168,11681.411148886004,46829.74864493176,8.111399620247539e-05,0.04750396669987822,6.943852468283953e-09,1.0143961880345622e-06,GOOD,0.9941259073363267,1.5078948555200695,0,0
