"internal_id","crop_code","implan_category","total_revenue","direct_value_add","total_value_add","direct_jobs","total_jobs"
SM01 - 9032,Beans Dry,PPIC_05_OtherField,1.48042893228129,0.885604107695223,1.17631974615459,0.0000014521670601,0.0000045694202856
SM01 - 9032,Cotton,PPIC_05_OtherField,1.48042893228129,0.885604107695223,1.17631974615459,0.0000014521670601,0.0000045694202856
SM01 - 9032,Safflower,PPIC_05_OtherField,1.48042893228129,0.885604107695223,1.17631974615459,0.0000014521670601,0.0000045694202856
SM01 - 9032,Field and Grain,PPIC_05_OtherField,1.48042893228129,0.885604107695223,1.17631974615459,0.0000014521670601,0.0000045694202856
SM01 - 9032,Sunflowers,PPIC_05_OtherField,1.48042893228129,0.885604107695223,1.17631974615459,0.0000014521670601,0.0000045694202856
SM01 - 9032,Grapes Table,PPIC_04_Trees,1.61984788457122,0.692275371065863,1.08465708966897,0.0000090683511071,0.0000139457786238
SM01 - 9032,Almonds,PPIC_04_Trees,1.61984788457122,0.692275371065863,1.08465708966897,0.0000090683511071,0.0000139457786238
SM01 - 9032,Grapes Wine,PPIC_04_Trees,1.61984788457122,0.692275371065863,1.08465708966897,0.0000090683511071,0.0000139457786238
SM01 - 9032,Pistachios,PPIC_04_Trees,1.61984788457122,0.692275371065863,1.08465708966897,0.0000090683511071,0.0000139457786238
SM01 - 9032,Orchards,PPIC_04_Trees,1.61984788457122,0.692275371065863,1.08465708966897,0.0000090683511071,0.0000139457786238
SM01 - 9032,Subtropical,PPIC_04_Trees,1.61984788457122,0.692275371065863,1.08465708966897,0.0000090683511071,0.0000139457786238
SM01 - 9032,Berries,PPIC_02_Vegetables,1.7034434239029,0.549801686728929,0.971795820804474,0.0000049695172853,0.0000099109114865
SM01 - 9032,Walnuts,PPIC_04_Trees,1.61984788457122,0.692275371065863,1.08465708966897,0.0000090683511071,0.0000139457786238
SM01 - 9032,Cucurbits,PPIC_02_Vegetables,1.7034434239029,0.549801686728929,0.971795820804474,0.0000049695172853,0.0000099109114865
SM01 - 9032,Onions and Garlic,PPIC_02_Vegetables,1.7034434239029,0.549801686728929,0.971795820804474,0.0000049695172853,0.0000099109114865
SM01 - 9032,Lettuce,PPIC_02_Vegetables,1.7034434239029,0.549801686728929,0.971795820804474,0.0000049695172853,0.0000099109114865
SM01 - 9032,Potatoes,PPIC_02_Vegetables,1.7034434239029,0.549801686728929,0.971795820804474,0.0000049695172853,0.0000099109114865
SM01 - 9032,Tomatoes Processing,PPIC_02_Vegetables,1.7034434239029,0.549801686728929,0.971795820804474,0.0000049695172853,0.0000099109114865
SM01 - 9032,Tomatoes Fresh,PPIC_02_Vegetables,1.7034434239029,0.549801686728929,0.971795820804474,0.0000049695172853,0.0000099109114865
SM01 - 9032,Truck,PPIC_02_Vegetables,1.7034434239029,0.549801686728929,0.971795820804474,0.0000049695172853,0.0000099109114865
SM01 - 9032,Rice,PPIC_03_Grain,1.73391190502281,0.563281167375603,1.00026595495366,0.0000020679451474,0.0000070425164941
SM01 - 9032,Corn,PPIC_03_Grain,1.73391190502281,0.563281167375603,1.00026595495366,0.0000020679451474,0.0000070425164941
SM01 - 9032,Alfalfa,PPIC_01_Feed_Crops,1.88958912121113,0.57840494843677,1.11175872273374,0.0000338773582163,0.0000400034987227
SM01 - 9032,Pasture,PPIC_01_Feed_Crops,1.88958912121113,0.57840494843677,1.11175872273374,0.0000338773582163,0.0000400034987227
IV01 - 7030,Cotton,PPIC_05_OtherField,1.48042893228129,0.885604107695223,1.17631974615459,0.0000014521670601,0.0000045694202856
IV01 - 7030,Beans Dry,PPIC_05_OtherField,1.48042893228129,0.885604107695223,1.17631974615459,0.0000014521670601,0.0000045694202856
IV01 - 7030,Field and Grain,PPIC_05_OtherField,1.48042893228129,0.885604107695223,1.17631974615459,0.0000014521670601,0.0000045694202856
IV01 - 7030,Safflower,PPIC_05_OtherField,1.48042893228129,0.885604107695223,1.17631974615459,0.0000014521670601,0.0000045694202856
IV01 - 7030,Sunflowers,PPIC_05_OtherField,1.48042893228129,0.885604107695223,1.17631974615459,0.0000014521670601,0.0000045694202856
IV01 - 7030,Almonds,PPIC_04_Trees,1.61984788457122,0.692275371065863,1.08465708966897,0.0000090683511071,0.0000139457786238
IV01 - 7030,Grapes Table,PPIC_04_Trees,1.61984788457122,0.692275371065863,1.08465708966897,0.0000090683511071,0.0000139457786238
IV01 - 7030,Grapes Wine,PPIC_04_Trees,1.61984788457122,0.692275371065863,1.08465708966897,0.0000090683511071,0.0000139457786238
IV01 - 7030,Orchards,PPIC_04_Trees,1.61984788457122,0.692275371065863,1.08465708966897,0.0000090683511071,0.0000139457786238
IV01 - 7030,Pistachios,PPIC_04_Trees,1.61984788457122,0.692275371065863,1.08465708966897,0.0000090683511071,0.0000139457786238
IV01 - 7030,Subtropical,PPIC_04_Trees,1.61984788457122,0.692275371065863,1.08465708966897,0.0000090683511071,0.0000139457786238
IV01 - 7030,Walnuts,PPIC_04_Trees,1.61984788457122,0.692275371065863,1.08465708966897,0.0000090683511071,0.0000139457786238
IV01 - 7030,Berries,PPIC_02_Vegetables,1.7034434239029,0.549801686728929,0.971795820804474,0.0000049695172853,0.0000099109114865
IV01 - 7030,Cucurbits,PPIC_02_Vegetables,1.7034434239029,0.549801686728929,0.971795820804474,0.0000049695172853,0.0000099109114865
IV01 - 7030,Lettuce,PPIC_02_Vegetables,1.7034434239029,0.549801686728929,0.971795820804474,0.0000049695172853,0.0000099109114865
IV01 - 7030,Onions and Garlic,PPIC_02_Vegetables,1.7034434239029,0.549801686728929,0.971795820804474,0.0000049695172853,0.0000099109114865
IV01 - 7030,Potatoes,PPIC_02_Vegetables,1.7034434239029,0.549801686728929,0.971795820804474,0.0000049695172853,0.0000099109114865
IV01 - 7030,Tomatoes Fresh,PPIC_02_Vegetables,1.7034434239029,0.549801686728929,0.971795820804474,0.0000049695172853,0.0000099109114865
IV01 - 7030,Tomatoes Processing,PPIC_02_Vegetables,1.7034434239029,0.549801686728929,0.971795820804474,0.0000049695172853,0.0000099109114865
IV01 - 7030,Truck,PPIC_02_Vegetables,1.7034434239029,0.549801686728929,0.971795820804474,0.0000049695172853,0.0000099109114865
IV01 - 7030,Corn,PPIC_03_Grain,1.73391190502281,0.563281167375603,1.00026595495366,0.0000020679451474,0.0000070425164941
IV01 - 7030,Rice,PPIC_03_Grain,1.73391190502281,0.563281167375603,1.00026595495366,0.0000020679451474,0.0000070425164941
IV01 - 7030,Alfalfa,PPIC_01_Feed_Crops,1.88958912121113,0.57840494843677,1.11175872273374,0.0000338773582163,0.0000400034987227
IV01 - 7030,Pasture,PPIC_01_Feed_Crops,1.88958912121113,0.57840494843677,1.11175872273374,0.0000338773582163,0.0000400034987227
PV01 - 7038,Beans Dry,PPIC_05_OtherField,1.48042893228129,0.885604107695223,1.17631974615459,0.0000014521670601,0.0000045694202856
PV01 - 7038,Cotton,PPIC_05_OtherField,1.48042893228129,0.885604107695223,1.17631974615459,0.0000014521670601,0.0000045694202856
PV01 - 7038,Field and Grain,PPIC_05_OtherField,1.48042893228129,0.885604107695223,1.17631974615459,0.0000014521670601,0.0000045694202856
PV01 - 7038,Safflower,PPIC_05_OtherField,1.48042893228129,0.885604107695223,1.17631974615459,0.0000014521670601,0.0000045694202856
PV01 - 7038,Sunflowers,PPIC_05_OtherField,1.48042893228129,0.885604107695223,1.17631974615459,0.0000014521670601,0.0000045694202856
PV01 - 7038,Almonds,PPIC_04_Trees,1.61984788457122,0.692275371065863,1.08465708966897,0.0000090683511071,0.0000139457786238
PV01 - 7038,Grapes Table,PPIC_04_Trees,1.61984788457122,0.692275371065863,1.08465708966897,0.0000090683511071,0.0000139457786238
PV01 - 7038,Grapes Wine,PPIC_04_Trees,1.61984788457122,0.692275371065863,1.08465708966897,0.0000090683511071,0.0000139457786238
PV01 - 7038,Orchards,PPIC_04_Trees,1.61984788457122,0.692275371065863,1.08465708966897,0.0000090683511071,0.0000139457786238
PV01 - 7038,Pistachios,PPIC_04_Trees,1.61984788457122,0.692275371065863,1.08465708966897,0.0000090683511071,0.0000139457786238
PV01 - 7038,Subtropical,PPIC_04_Trees,1.61984788457122,0.692275371065863,1.08465708966897,0.0000090683511071,0.0000139457786238
PV01 - 7038,Walnuts,PPIC_04_Trees,1.61984788457122,0.692275371065863,1.08465708966897,0.0000090683511071,0.0000139457786238
PV01 - 7038,Berries,PPIC_02_Vegetables,1.7034434239029,0.549801686728929,0.971795820804474,0.0000049695172853,0.0000099109114865
PV01 - 7038,Cucurbits,PPIC_02_Vegetables,1.7034434239029,0.549801686728929,0.971795820804474,0.0000049695172853,0.0000099109114865
PV01 - 7038,Lettuce,PPIC_02_Vegetables,1.7034434239029,0.549801686728929,0.971795820804474,0.0000049695172853,0.0000099109114865
PV01 - 7038,Onions and Garlic,PPIC_02_Vegetables,1.7034434239029,0.549801686728929,0.971795820804474,0.0000049695172853,0.0000099109114865
PV01 - 7038,Potatoes,PPIC_02_Vegetables,1.7034434239029,0.549801686728929,0.971795820804474,0.0000049695172853,0.0000099109114865
PV01 - 7038,Tomatoes Fresh,PPIC_02_Vegetables,1.7034434239029,0.549801686728929,0.971795820804474,0.0000049695172853,0.0000099109114865
PV01 - 7038,Tomatoes Processing,PPIC_02_Vegetables,1.7034434239029,0.549801686728929,0.971795820804474,0.0000049695172853,0.0000099109114865
PV01 - 7038,Truck,PPIC_02_Vegetables,1.7034434239029,0.549801686728929,0.971795820804474,0.0000049695172853,0.0000099109114865
PV01 - 7038,Corn,PPIC_03_Grain,1.73391190502281,0.563281167375603,1.00026595495366,0.0000020679451474,0.0000070425164941
PV01 - 7038,Rice,PPIC_03_Grain,1.73391190502281,0.563281167375603,1.00026595495366,0.0000020679451474,0.0000070425164941
PV01 - 7038,Alfalfa,PPIC_01_Feed_Crops,1.88958912121113,0.57840494843677,1.11175872273374,0.0000338773582163,0.0000400034987227
PV01 - 7038,Pasture,PPIC_01_Feed_Crops,1.88958912121113,0.57840494843677,1.11175872273374,0.0000338773582163,0.0000400034987227
OV01 - 4015,Beans Dry,PPIC_05_OtherField,1.48042893228129,0.885604107695223,1.17631974615459,0.0000014521670601,0.0000045694202856
OV01 - 4015,Cotton,PPIC_05_OtherField,1.48042893228129,0.885604107695223,1.17631974615459,0.0000014521670601,0.0000045694202856
OV01 - 4015,Field and Grain,PPIC_05_OtherField,1.48042893228129,0.885604107695223,1.17631974615459,0.0000014521670601,0.0000045694202856
OV01 - 4015,Safflower,PPIC_05_OtherField,1.48042893228129,0.885604107695223,1.17631974615459,0.0000014521670601,0.0000045694202856
OV01 - 4015,Sunflowers,PPIC_05_OtherField,1.48042893228129,0.885604107695223,1.17631974615459,0.0000014521670601,0.0000045694202856
OV01 - 4015,Almonds,PPIC_04_Trees,1.61984788457122,0.692275371065863,1.08465708966897,0.0000090683511071,0.0000139457786238
OV01 - 4015,Grapes Table,PPIC_04_Trees,1.61984788457122,0.692275371065863,1.08465708966897,0.0000090683511071,0.0000139457786238
OV01 - 4015,Grapes Wine,PPIC_04_Trees,1.61984788457122,0.692275371065863,1.08465708966897,0.0000090683511071,0.0000139457786238
OV01 - 4015,Orchards,PPIC_04_Trees,1.61984788457122,0.692275371065863,1.08465708966897,0.0000090683511071,0.0000139457786238
OV01 - 4015,Pistachios,PPIC_04_Trees,1.61984788457122,0.692275371065863,1.08465708966897,0.0000090683511071,0.0000139457786238
OV01 - 4015,Subtropical,PPIC_04_Trees,1.61984788457122,0.692275371065863,1.08465708966897,0.0000090683511071,0.0000139457786238
OV01 - 4015,Walnuts,PPIC_04_Trees,1.61984788457122,0.692275371065863,1.08465708966897,0.0000090683511071,0.0000139457786238
OV01 - 4015,Berries,PPIC_02_Vegetables,1.7034434239029,0.549801686728929,0.971795820804474,0.0000049695172853,0.0000099109114865
OV01 - 4015,Cucurbits,PPIC_02_Vegetables,1.7034434239029,0.549801686728929,0.971795820804474,0.0000049695172853,0.0000099109114865
OV01 - 4015,Lettuce,PPIC_02_Vegetables,1.7034434239029,0.549801686728929,0.971795820804474,0.0000049695172853,0.0000099109114865
OV01 - 4015,Onions and Garlic,PPIC_02_Vegetables,1.7034434239029,0.549801686728929,0.971795820804474,0.0000049695172853,0.0000099109114865
OV01 - 4015,Potatoes,PPIC_02_Vegetables,1.7034434239029,0.549801686728929,0.971795820804474,0.0000049695172853,0.0000099109114865
OV01 - 4015,Tomatoes Fresh,PPIC_02_Vegetables,1.7034434239029,0.549801686728929,0.971795820804474,0.0000049695172853,0.0000099109114865
OV01 - 4015,Tomatoes Processing,PPIC_02_Vegetables,1.7034434239029,0.549801686728929,0.971795820804474,0.0000049695172853,0.0000099109114865
OV01 - 4015,Truck,PPIC_02_Vegetables,1.7034434239029,0.549801686728929,0.971795820804474,0.0000049695172853,0.0000099109114865
OV01 - 4015,Corn,PPIC_03_Grain,1.73391190502281,0.563281167375603,1.00026595495366,0.0000020679451474,0.0000070425164941
OV01 - 4015,Rice,PPIC_03_Grain,1.73391190502281,0.563281167375603,1.00026595495366,0.0000020679451474,0.0000070425164941
OV01 - 4015,Alfalfa,PPIC_01_Feed_Crops,1.88958912121113,0.57840494843677,1.11175872273374,0.0000338773582163,0.0000400034987227
OV01 - 4015,Pasture,PPIC_01_Feed_Crops,1.88958912121113,0.57840494843677,1.11175872273374,0.0000338773582163,0.0000400034987227
VRV01 - 4003,Beans Dry,PPIC_05_OtherField,1.48042893228129,0.885604107695223,1.17631974615459,0.0000014521670601,0.0000045694202856
VRV01 - 4003,Cotton,PPIC_05_OtherField,1.48042893228129,0.885604107695223,1.17631974615459,0.0000014521670601,0.0000045694202856
VRV01 - 4003,Field and Grain,PPIC_05_OtherField,1.48042893228129,0.885604107695223,1.17631974615459,0.0000014521670601,0.0000045694202856
VRV01 - 4003,Safflower,PPIC_05_OtherField,1.48042893228129,0.885604107695223,1.17631974615459,0.0000014521670601,0.0000045694202856
VRV01 - 4003,Sunflowers,PPIC_05_OtherField,1.48042893228129,0.885604107695223,1.17631974615459,0.0000014521670601,0.0000045694202856
VRV01 - 4003,Almonds,PPIC_04_Trees,1.61984788457122,0.692275371065863,1.08465708966897,0.0000090683511071,0.0000139457786238
VRV01 - 4003,Grapes Table,PPIC_04_Trees,1.61984788457122,0.692275371065863,1.08465708966897,0.0000090683511071,0.0000139457786238
VRV01 - 4003,Grapes Wine,PPIC_04_Trees,1.61984788457122,0.692275371065863,1.08465708966897,0.0000090683511071,0.0000139457786238
VRV01 - 4003,Orchards,PPIC_04_Trees,1.61984788457122,0.692275371065863,1.08465708966897,0.0000090683511071,0.0000139457786238
VRV01 - 4003,Pistachios,PPIC_04_Trees,1.61984788457122,0.692275371065863,1.08465708966897,0.0000090683511071,0.0000139457786238
VRV01 - 4003,Subtropical,PPIC_04_Trees,1.61984788457122,0.692275371065863,1.08465708966897,0.0000090683511071,0.0000139457786238
VRV01 - 4003,Walnuts,PPIC_04_Trees,1.61984788457122,0.692275371065863,1.08465708966897,0.0000090683511071,0.0000139457786238
VRV01 - 4003,Berries,PPIC_02_Vegetables,1.7034434239029,0.549801686728929,0.971795820804474,0.0000049695172853,0.0000099109114865
VRV01 - 4003,Cucurbits,PPIC_02_Vegetables,1.7034434239029,0.549801686728929,0.971795820804474,0.0000049695172853,0.0000099109114865
VRV01 - 4003,Lettuce,PPIC_02_Vegetables,1.7034434239029,0.549801686728929,0.971795820804474,0.0000049695172853,0.0000099109114865
VRV01 - 4003,Onions and Garlic,PPIC_02_Vegetables,1.7034434239029,0.549801686728929,0.971795820804474,0.0000049695172853,0.0000099109114865
VRV01 - 4003,Potatoes,PPIC_02_Vegetables,1.7034434239029,0.549801686728929,0.971795820804474,0.0000049695172853,0.0000099109114865
VRV01 - 4003,Tomatoes Fresh,PPIC_02_Vegetables,1.7034434239029,0.549801686728929,0.971795820804474,0.0000049695172853,0.0000099109114865
VRV01 - 4003,Tomatoes Processing,PPIC_02_Vegetables,1.7034434239029,0.549801686728929,0.971795820804474,0.0000049695172853,0.0000099109114865
VRV01 - 4003,Truck,PPIC_02_Vegetables,1.7034434239029,0.549801686728929,0.971795820804474,0.0000049695172853,0.0000099109114865
VRV01 - 4003,Corn,PPIC_03_Grain,1.73391190502281,0.563281167375603,1.00026595495366,0.0000020679451474,0.0000070425164941
VRV01 - 4003,Rice,PPIC_03_Grain,1.73391190502281,0.563281167375603,1.00026595495366,0.0000020679451474,0.0000070425164941
VRV01 - 4003,Alfalfa,PPIC_01_Feed_Crops,1.88958912121113,0.57840494843677,1.11175872273374,0.0000338773582163,0.0000400034987227
VRV01 - 4003,Pasture,PPIC_01_Feed_Crops,1.88958912121113,0.57840494843677,1.11175872273374,0.0000338773582163,0.0000400034987227
SAL01 - 3004,Beans Dry,PPIC_05_OtherField,1.48042893228129,0.885604107695223,1.17631974615459,0.0000014521670601,0.0000045694202856
SAL01 - 3004,Cotton,PPIC_05_OtherField,1.48042893228129,0.885604107695223,1.17631974615459,0.0000014521670601,0.0000045694202856
SAL01 - 3004,Field and Grain,PPIC_05_OtherField,1.48042893228129,0.885604107695223,1.17631974615459,0.0000014521670601,0.0000045694202856
SAL01 - 3004,Safflower,PPIC_05_OtherField,1.48042893228129,0.885604107695223,1.17631974615459,0.0000014521670601,0.0000045694202856
SAL01 - 3004,Sunflowers,PPIC_05_OtherField,1.48042893228129,0.885604107695223,1.17631974615459,0.0000014521670601,0.0000045694202856
SAL01 - 3004,Almonds,PPIC_04_Trees,1.61984788457122,0.692275371065863,1.08465708966897,0.0000090683511071,0.0000139457786238
SAL01 - 3004,Grapes Table,PPIC_04_Trees,1.61984788457122,0.692275371065863,1.08465708966897,0.0000090683511071,0.0000139457786238
SAL01 - 3004,Grapes Wine,PPIC_04_Trees,1.61984788457122,0.692275371065863,1.08465708966897,0.0000090683511071,0.0000139457786238
SAL01 - 3004,Orchards,PPIC_04_Trees,1.61984788457122,0.692275371065863,1.08465708966897,0.0000090683511071,0.0000139457786238
SAL01 - 3004,Pistachios,PPIC_04_Trees,1.61984788457122,0.692275371065863,1.08465708966897,0.0000090683511071,0.0000139457786238
SAL01 - 3004,Subtropical,PPIC_04_Trees,1.61984788457122,0.692275371065863,1.08465708966897,0.0000090683511071,0.0000139457786238
SAL01 - 3004,Walnuts,PPIC_04_Trees,1.61984788457122,0.692275371065863,1.08465708966897,0.0000090683511071,0.0000139457786238
SAL01 - 3004,Berries,PPIC_02_Vegetables,1.7034434239029,0.549801686728929,0.971795820804474,0.0000049695172853,0.0000099109114865
SAL01 - 3004,Cucurbits,PPIC_02_Vegetables,1.7034434239029,0.549801686728929,0.971795820804474,0.0000049695172853,0.0000099109114865
SAL01 - 3004,Lettuce,PPIC_02_Vegetables,1.7034434239029,0.549801686728929,0.971795820804474,0.0000049695172853,0.0000099109114865
SAL01 - 3004,Onions and Garlic,PPIC_02_Vegetables,1.7034434239029,0.549801686728929,0.971795820804474,0.0000049695172853,0.0000099109114865
SAL01 - 3004,Potatoes,PPIC_02_Vegetables,1.7034434239029,0.549801686728929,0.971795820804474,0.0000049695172853,0.0000099109114865
SAL01 - 3004,Tomatoes Fresh,PPIC_02_Vegetables,1.7034434239029,0.549801686728929,0.971795820804474,0.0000049695172853,0.0000099109114865
SAL01 - 3004,Tomatoes Processing,PPIC_02_Vegetables,1.7034434239029,0.549801686728929,0.971795820804474,0.0000049695172853,0.0000099109114865
SAL01 - 3004,Truck,PPIC_02_Vegetables,1.7034434239029,0.549801686728929,0.971795820804474,0.0000049695172853,0.0000099109114865
SAL01 - 3004,Corn,PPIC_03_Grain,1.73391190502281,0.563281167375603,1.00026595495366,0.0000020679451474,0.0000070425164941
SAL01 - 3004,Rice,PPIC_03_Grain,1.73391190502281,0.563281167375603,1.00026595495366,0.0000020679451474,0.0000070425164941
SAL01 - 3004,Alfalfa,PPIC_01_Feed_Crops,1.88958912121113,0.57840494843677,1.11175872273374,0.0000338773582163,0.0000400034987227
SAL01 - 3004,Pasture,PPIC_01_Feed_Crops,1.88958912121113,0.57840494843677,1.11175872273374,0.0000338773582163,0.0000400034987227
SAL02 - 300402,Beans Dry,PPIC_05_OtherField,1.48042893228129,0.885604107695223,1.17631974615459,0.0000014521670601,0.0000045694202856
SAL02 - 300402,Cotton,PPIC_05_OtherField,1.48042893228129,0.885604107695223,1.17631974615459,0.0000014521670601,0.0000045694202856
SAL02 - 300402,Field and Grain,PPIC_05_OtherField,1.48042893228129,0.885604107695223,1.17631974615459,0.0000014521670601,0.0000045694202856
SAL02 - 300402,Safflower,PPIC_05_OtherField,1.48042893228129,0.885604107695223,1.17631974615459,0.0000014521670601,0.0000045694202856
SAL02 - 300402,Sunflowers,PPIC_05_OtherField,1.48042893228129,0.885604107695223,1.17631974615459,0.0000014521670601,0.0000045694202856
SAL02 - 300402,Almonds,PPIC_04_Trees,1.61984788457122,0.692275371065863,1.08465708966897,0.0000090683511071,0.0000139457786238
SAL02 - 300402,Grapes Table,PPIC_04_Trees,1.61984788457122,0.692275371065863,1.08465708966897,0.0000090683511071,0.0000139457786238
SAL02 - 300402,Grapes Wine,PPIC_04_Trees,1.61984788457122,0.692275371065863,1.08465708966897,0.0000090683511071,0.0000139457786238
SAL02 - 300402,Orchards,PPIC_04_Trees,1.61984788457122,0.692275371065863,1.08465708966897,0.0000090683511071,0.0000139457786238
SAL02 - 300402,Pistachios,PPIC_04_Trees,1.61984788457122,0.692275371065863,1.08465708966897,0.0000090683511071,0.0000139457786238
SAL02 - 300402,Subtropical,PPIC_04_Trees,1.61984788457122,0.692275371065863,1.08465708966897,0.0000090683511071,0.0000139457786238
SAL02 - 300402,Walnuts,PPIC_04_Trees,1.61984788457122,0.692275371065863,1.08465708966897,0.0000090683511071,0.0000139457786238
SAL02 - 300402,Berries,PPIC_02_Vegetables,1.7034434239029,0.549801686728929,0.971795820804474,0.0000049695172853,0.0000099109114865
SAL02 - 300402,Cucurbits,PPIC_02_Vegetables,1.7034434239029,0.549801686728929,0.971795820804474,0.0000049695172853,0.0000099109114865
SAL02 - 300402,Lettuce,PPIC_02_Vegetables,1.7034434239029,0.549801686728929,0.971795820804474,0.0000049695172853,0.0000099109114865
SAL02 - 300402,Onions and Garlic,PPIC_02_Vegetables,1.7034434239029,0.549801686728929,0.971795820804474,0.0000049695172853,0.0000099109114865
SAL02 - 300402,Potatoes,PPIC_02_Vegetables,1.7034434239029,0.549801686728929,0.971795820804474,0.0000049695172853,0.0000099109114865
SAL02 - 300402,Tomatoes Fresh,PPIC_02_Vegetables,1.7034434239029,0.549801686728929,0.971795820804474,0.0000049695172853,0.0000099109114865
SAL02 - 300402,Tomatoes Processing,PPIC_02_Vegetables,1.7034434239029,0.549801686728929,0.971795820804474,0.0000049695172853,0.0000099109114865
SAL02 - 300402,Truck,PPIC_02_Vegetables,1.7034434239029,0.549801686728929,0.971795820804474,0.0000049695172853,0.0000099109114865
SAL02 - 300402,Corn,PPIC_03_Grain,1.73391190502281,0.563281167375603,1.00026595495366,0.0000020679451474,0.0000070425164941
SAL02 - 300402,Rice,PPIC_03_Grain,1.73391190502281,0.563281167375603,1.00026595495366,0.0000020679451474,0.0000070425164941
SAL02 - 300402,Alfalfa,PPIC_01_Feed_Crops,1.88958912121113,0.57840494843677,1.11175872273374,0.0000338773582163,0.0000400034987227
SAL02 - 300402,Pasture,PPIC_01_Feed_Crops,1.88958912121113,0.57840494843677,1.11175872273374,0.0000338773582163,0.0000400034987227
SRV - 105503,Beans Dry,PPIC_05_OtherField,1.48042893228129,0.885604107695223,1.17631974615459,0.0000014521670601,0.0000045694202856
SRV - 105503,Cotton,PPIC_05_OtherField,1.48042893228129,0.885604107695223,1.17631974615459,0.0000014521670601,0.0000045694202856
SRV - 105503,Field and Grain,PPIC_05_OtherField,1.48042893228129,0.885604107695223,1.17631974615459,0.0000014521670601,0.0000045694202856
SRV - 105503,Safflower,PPIC_05_OtherField,1.48042893228129,0.885604107695223,1.17631974615459,0.0000014521670601,0.0000045694202856
SRV - 105503,Sunflowers,PPIC_05_OtherField,1.48042893228129,0.885604107695223,1.17631974615459,0.0000014521670601,0.0000045694202856
SRV - 105503,Almonds,PPIC_04_Trees,1.61984788457122,0.692275371065863,1.08465708966897,0.0000090683511071,0.0000139457786238
SRV - 105503,Grapes Table,PPIC_04_Trees,1.61984788457122,0.692275371065863,1.08465708966897,0.0000090683511071,0.0000139457786238
SRV - 105503,Grapes Wine,PPIC_04_Trees,1.61984788457122,0.692275371065863,1.08465708966897,0.0000090683511071,0.0000139457786238
SRV - 105503,Orchards,PPIC_04_Trees,1.61984788457122,0.692275371065863,1.08465708966897,0.0000090683511071,0.0000139457786238
SRV - 105503,Pistachios,PPIC_04_Trees,1.61984788457122,0.692275371065863,1.08465708966897,0.0000090683511071,0.0000139457786238
SRV - 105503,Subtropical,PPIC_04_Trees,1.61984788457122,0.692275371065863,1.08465708966897,0.0000090683511071,0.0000139457786238
SRV - 105503,Walnuts,PPIC_04_Trees,1.61984788457122,0.692275371065863,1.08465708966897,0.0000090683511071,0.0000139457786238
SRV - 105503,Berries,PPIC_02_Vegetables,1.7034434239029,0.549801686728929,0.971795820804474,0.0000049695172853,0.0000099109114865
SRV - 105503,Cucurbits,PPIC_02_Vegetables,1.7034434239029,0.549801686728929,0.971795820804474,0.0000049695172853,0.0000099109114865
SRV - 105503,Lettuce,PPIC_02_Vegetables,1.7034434239029,0.549801686728929,0.971795820804474,0.0000049695172853,0.0000099109114865
SRV - 105503,Onions and Garlic,PPIC_02_Vegetables,1.7034434239029,0.549801686728929,0.971795820804474,0.0000049695172853,0.0000099109114865
SRV - 105503,Potatoes,PPIC_02_Vegetables,1.7034434239029,0.549801686728929,0.971795820804474,0.0000049695172853,0.0000099109114865
SRV - 105503,Tomatoes Fresh,PPIC_02_Vegetables,1.7034434239029,0.549801686728929,0.971795820804474,0.0000049695172853,0.0000099109114865
SRV - 105503,Tomatoes Processing,PPIC_02_Vegetables,1.7034434239029,0.549801686728929,0.971795820804474,0.0000049695172853,0.0000099109114865
SRV - 105503,Truck,PPIC_02_Vegetables,1.7034434239029,0.549801686728929,0.971795820804474,0.0000049695172853,0.0000099109114865
SRV - 105503,Corn,PPIC_03_Grain,1.73391190502281,0.563281167375603,1.00026595495366,0.0000020679451474,0.0000070425164941
SRV - 105503,Rice,PPIC_03_Grain,1.73391190502281,0.563281167375603,1.00026595495366,0.0000020679451474,0.0000070425164941
SRV - 105503,Alfalfa,PPIC_01_Feed_Crops,1.88958912121113,0.57840494843677,1.11175872273374,0.0000338773582163,0.0000400034987227
SRV - 105503,Pasture,PPIC_01_Feed_Crops,1.88958912121113,0.57840494843677,1.11175872273374,0.0000338773582163,0.0000400034987227
RR02 Lower - 1060,Beans Dry,PPIC_05_OtherField,1.48042893228129,0.885604107695223,1.17631974615459,0.0000014521670601,0.0000045694202856
RR02 Lower - 1060,Cotton,PPIC_05_OtherField,1.48042893228129,0.885604107695223,1.17631974615459,0.0000014521670601,0.0000045694202856
RR02 Lower - 1060,Field and Grain,PPIC_05_OtherField,1.48042893228129,0.885604107695223,1.17631974615459,0.0000014521670601,0.0000045694202856
RR02 Lower - 1060,Safflower,PPIC_05_OtherField,1.48042893228129,0.885604107695223,1.17631974615459,0.0000014521670601,0.0000045694202856
RR02 Lower - 1060,Sunflowers,PPIC_05_OtherField,1.48042893228129,0.885604107695223,1.17631974615459,0.0000014521670601,0.0000045694202856
RR02 Lower - 1060,Almonds,PPIC_04_Trees,1.61984788457122,0.692275371065863,1.08465708966897,0.0000090683511071,0.0000139457786238
RR02 Lower - 1060,Grapes Table,PPIC_04_Trees,1.61984788457122,0.692275371065863,1.08465708966897,0.0000090683511071,0.0000139457786238
RR02 Lower - 1060,Grapes Wine,PPIC_04_Trees,1.61984788457122,0.692275371065863,1.08465708966897,0.0000090683511071,0.0000139457786238
RR02 Lower - 1060,Orchards,PPIC_04_Trees,1.61984788457122,0.692275371065863,1.08465708966897,0.0000090683511071,0.0000139457786238
RR02 Lower - 1060,Pistachios,PPIC_04_Trees,1.61984788457122,0.692275371065863,1.08465708966897,0.0000090683511071,0.0000139457786238
RR02 Lower - 1060,Subtropical,PPIC_04_Trees,1.61984788457122,0.692275371065863,1.08465708966897,0.0000090683511071,0.0000139457786238
RR02 Lower - 1060,Walnuts,PPIC_04_Trees,1.61984788457122,0.692275371065863,1.08465708966897,0.0000090683511071,0.0000139457786238
RR02 Lower - 1060,Berries,PPIC_02_Vegetables,1.7034434239029,0.549801686728929,0.971795820804474,0.0000049695172853,0.0000099109114865
RR02 Lower - 1060,Cucurbits,PPIC_02_Vegetables,1.7034434239029,0.549801686728929,0.971795820804474,0.0000049695172853,0.0000099109114865
RR02 Lower - 1060,Lettuce,PPIC_02_Vegetables,1.7034434239029,0.549801686728929,0.971795820804474,0.0000049695172853,0.0000099109114865
RR02 Lower - 1060,Onions and Garlic,PPIC_02_Vegetables,1.7034434239029,0.549801686728929,0.971795820804474,0.0000049695172853,0.0000099109114865
RR02 Lower - 1060,Potatoes,PPIC_02_Vegetables,1.7034434239029,0.549801686728929,0.971795820804474,0.0000049695172853,0.0000099109114865
RR02 Lower - 1060,Tomatoes Fresh,PPIC_02_Vegetables,1.7034434239029,0.549801686728929,0.971795820804474,0.0000049695172853,0.0000099109114865
RR02 Lower - 1060,Tomatoes Processing,PPIC_02_Vegetables,1.7034434239029,0.549801686728929,0.971795820804474,0.0000049695172853,0.0000099109114865
RR02 Lower - 1060,Truck,PPIC_02_Vegetables,1.7034434239029,0.549801686728929,0.971795820804474,0.0000049695172853,0.0000099109114865
RR02 Lower - 1060,Corn,PPIC_03_Grain,1.73391190502281,0.563281167375603,1.00026595495366,0.0000020679451474,0.0000070425164941
RR02 Lower - 1060,Rice,PPIC_03_Grain,1.73391190502281,0.563281167375603,1.00026595495366,0.0000020679451474,0.0000070425164941
RR02 Lower - 1060,Alfalfa,PPIC_01_Feed_Crops,1.88958912121113,0.57840494843677,1.11175872273374,0.0000338773582163,0.0000400034987227
RR02 Lower - 1060,Pasture,PPIC_01_Feed_Crops,1.88958912121113,0.57840494843677,1.11175872273374,0.0000338773582163,0.0000400034987227
RR03 Central - 1050,Beans Dry,PPIC_05_OtherField,1.48042893228129,0.885604107695223,1.17631974615459,0.0000014521670601,0.0000045694202856
RR03 Central - 1050,Cotton,PPIC_05_OtherField,1.48042893228129,0.885604107695223,1.17631974615459,0.0000014521670601,0.0000045694202856
RR03 Central - 1050,Field and Grain,PPIC_05_OtherField,1.48042893228129,0.885604107695223,1.17631974615459,0.0000014521670601,0.0000045694202856
RR03 Central - 1050,Safflower,PPIC_05_OtherField,1.48042893228129,0.885604107695223,1.17631974615459,0.0000014521670601,0.0000045694202856
RR03 Central - 1050,Sunflowers,PPIC_05_OtherField,1.48042893228129,0.885604107695223,1.17631974615459,0.0000014521670601,0.0000045694202856
RR03 Central - 1050,Almonds,PPIC_04_Trees,1.61984788457122,0.692275371065863,1.08465708966897,0.0000090683511071,0.0000139457786238
RR03 Central - 1050,Grapes Table,PPIC_04_Trees,1.61984788457122,0.692275371065863,1.08465708966897,0.0000090683511071,0.0000139457786238
RR03 Central - 1050,Grapes Wine,PPIC_04_Trees,1.61984788457122,0.692275371065863,1.08465708966897,0.0000090683511071,0.0000139457786238
RR03 Central - 1050,Orchards,PPIC_04_Trees,1.61984788457122,0.692275371065863,1.08465708966897,0.0000090683511071,0.0000139457786238
RR03 Central - 1050,Pistachios,PPIC_04_Trees,1.61984788457122,0.692275371065863,1.08465708966897,0.0000090683511071,0.0000139457786238
RR03 Central - 1050,Subtropical,PPIC_04_Trees,1.61984788457122,0.692275371065863,1.08465708966897,0.0000090683511071,0.0000139457786238
RR03 Central - 1050,Walnuts,PPIC_04_Trees,1.61984788457122,0.692275371065863,1.08465708966897,0.0000090683511071,0.0000139457786238
RR03 Central - 1050,Berries,PPIC_02_Vegetables,1.7034434239029,0.549801686728929,0.971795820804474,0.0000049695172853,0.0000099109114865
RR03 Central - 1050,Cucurbits,PPIC_02_Vegetables,1.7034434239029,0.549801686728929,0.971795820804474,0.0000049695172853,0.0000099109114865
RR03 Central - 1050,Lettuce,PPIC_02_Vegetables,1.7034434239029,0.549801686728929,0.971795820804474,0.0000049695172853,0.0000099109114865
RR03 Central - 1050,Onions and Garlic,PPIC_02_Vegetables,1.7034434239029,0.549801686728929,0.971795820804474,0.0000049695172853,0.0000099109114865
RR03 Central - 1050,Potatoes,PPIC_02_Vegetables,1.7034434239029,0.549801686728929,0.971795820804474,0.0000049695172853,0.0000099109114865
RR03 Central - 1050,Tomatoes Fresh,PPIC_02_Vegetables,1.7034434239029,0.549801686728929,0.971795820804474,0.0000049695172853,0.0000099109114865
RR03 Central - 1050,Tomatoes Processing,PPIC_02_Vegetables,1.7034434239029,0.549801686728929,0.971795820804474,0.0000049695172853,0.0000099109114865
RR03 Central - 1050,Truck,PPIC_02_Vegetables,1.7034434239029,0.549801686728929,0.971795820804474,0.0000049695172853,0.0000099109114865
RR03 Central - 1050,Corn,PPIC_03_Grain,1.73391190502281,0.563281167375603,1.00026595495366,0.0000020679451474,0.0000070425164941
RR03 Central - 1050,Rice,PPIC_03_Grain,1.73391190502281,0.563281167375603,1.00026595495366,0.0000020679451474,0.0000070425164941
RR03 Central - 1050,Alfalfa,PPIC_01_Feed_Crops,1.88958912121113,0.57840494843677,1.11175872273374,0.0000338773582163,0.0000400034987227
RR03 Central - 1050,Pasture,PPIC_01_Feed_Crops,1.88958912121113,0.57840494843677,1.11175872273374,0.0000338773582163,0.0000400034987227
RR04 Central - 105502,Beans Dry,PPIC_05_OtherField,1.48042893228129,0.885604107695223,1.17631974615459,0.0000014521670601,0.0000045694202856
RR04 Central - 105502,Cotton,PPIC_05_OtherField,1.48042893228129,0.885604107695223,1.17631974615459,0.0000014521670601,0.0000045694202856
RR04 Central - 105502,Field and Grain,PPIC_05_OtherField,1.48042893228129,0.885604107695223,1.17631974615459,0.0000014521670601,0.0000045694202856
RR04 Central - 105502,Safflower,PPIC_05_OtherField,1.48042893228129,0.885604107695223,1.17631974615459,0.0000014521670601,0.0000045694202856
RR04 Central - 105502,Sunflowers,PPIC_05_OtherField,1.48042893228129,0.885604107695223,1.17631974615459,0.0000014521670601,0.0000045694202856
RR04 Central - 105502,Almonds,PPIC_04_Trees,1.61984788457122,0.692275371065863,1.08465708966897,0.0000090683511071,0.0000139457786238
RR04 Central - 105502,Grapes Table,PPIC_04_Trees,1.61984788457122,0.692275371065863,1.08465708966897,0.0000090683511071,0.0000139457786238
RR04 Central - 105502,Grapes Wine,PPIC_04_Trees,1.61984788457122,0.692275371065863,1.08465708966897,0.0000090683511071,0.0000139457786238
RR04 Central - 105502,Orchards,PPIC_04_Trees,1.61984788457122,0.692275371065863,1.08465708966897,0.0000090683511071,0.0000139457786238
RR04 Central - 105502,Pistachios,PPIC_04_Trees,1.61984788457122,0.692275371065863,1.08465708966897,0.0000090683511071,0.0000139457786238
RR04 Central - 105502,Subtropical,PPIC_04_Trees,1.61984788457122,0.692275371065863,1.08465708966897,0.0000090683511071,0.0000139457786238
RR04 Central - 105502,Walnuts,PPIC_04_Trees,1.61984788457122,0.692275371065863,1.08465708966897,0.0000090683511071,0.0000139457786238
RR04 Central - 105502,Berries,PPIC_02_Vegetables,1.7034434239029,0.549801686728929,0.971795820804474,0.0000049695172853,0.0000099109114865
RR04 Central - 105502,Cucurbits,PPIC_02_Vegetables,1.7034434239029,0.549801686728929,0.971795820804474,0.0000049695172853,0.0000099109114865
RR04 Central - 105502,Lettuce,PPIC_02_Vegetables,1.7034434239029,0.549801686728929,0.971795820804474,0.0000049695172853,0.0000099109114865
RR04 Central - 105502,Onions and Garlic,PPIC_02_Vegetables,1.7034434239029,0.549801686728929,0.971795820804474,0.0000049695172853,0.0000099109114865
RR04 Central - 105502,Potatoes,PPIC_02_Vegetables,1.7034434239029,0.549801686728929,0.971795820804474,0.0000049695172853,0.0000099109114865
RR04 Central - 105502,Tomatoes Fresh,PPIC_02_Vegetables,1.7034434239029,0.549801686728929,0.971795820804474,0.0000049695172853,0.0000099109114865
RR04 Central - 105502,Tomatoes Processing,PPIC_02_Vegetables,1.7034434239029,0.549801686728929,0.971795820804474,0.0000049695172853,0.0000099109114865
RR04 Central - 105502,Truck,PPIC_02_Vegetables,1.7034434239029,0.549801686728929,0.971795820804474,0.0000049695172853,0.0000099109114865
RR04 Central - 105502,Corn,PPIC_03_Grain,1.73391190502281,0.563281167375603,1.00026595495366,0.0000020679451474,0.0000070425164941
RR04 Central - 105502,Rice,PPIC_03_Grain,1.73391190502281,0.563281167375603,1.00026595495366,0.0000020679451474,0.0000070425164941
RR04 Central - 105502,Alfalfa,PPIC_01_Feed_Crops,1.88958912121113,0.57840494843677,1.11175872273374,0.0000338773582163,0.0000400034987227
RR04 Central - 105502,Pasture,PPIC_01_Feed_Crops,1.88958912121113,0.57840494843677,1.11175872273374,0.0000338773582163,0.0000400034987227
RR05 Central - 105402,Beans Dry,PPIC_05_OtherField,1.48042893228129,0.885604107695223,1.17631974615459,0.0000014521670601,0.0000045694202856
RR05 Central - 105402,Cotton,PPIC_05_OtherField,1.48042893228129,0.885604107695223,1.17631974615459,0.0000014521670601,0.0000045694202856
RR05 Central - 105402,Field and Grain,PPIC_05_OtherField,1.48042893228129,0.885604107695223,1.17631974615459,0.0000014521670601,0.0000045694202856
RR05 Central - 105402,Safflower,PPIC_05_OtherField,1.48042893228129,0.885604107695223,1.17631974615459,0.0000014521670601,0.0000045694202856
RR05 Central - 105402,Sunflowers,PPIC_05_OtherField,1.48042893228129,0.885604107695223,1.17631974615459,0.0000014521670601,0.0000045694202856
RR05 Central - 105402,Almonds,PPIC_04_Trees,1.61984788457122,0.692275371065863,1.08465708966897,0.0000090683511071,0.0000139457786238
RR05 Central - 105402,Grapes Table,PPIC_04_Trees,1.61984788457122,0.692275371065863,1.08465708966897,0.0000090683511071,0.0000139457786238
RR05 Central - 105402,Grapes Wine,PPIC_04_Trees,1.61984788457122,0.692275371065863,1.08465708966897,0.0000090683511071,0.0000139457786238
RR05 Central - 105402,Orchards,PPIC_04_Trees,1.61984788457122,0.692275371065863,1.08465708966897,0.0000090683511071,0.0000139457786238
RR05 Central - 105402,Pistachios,PPIC_04_Trees,1.61984788457122,0.692275371065863,1.08465708966897,0.0000090683511071,0.0000139457786238
RR05 Central - 105402,Subtropical,PPIC_04_Trees,1.61984788457122,0.692275371065863,1.08465708966897,0.0000090683511071,0.0000139457786238
RR05 Central - 105402,Walnuts,PPIC_04_Trees,1.61984788457122,0.692275371065863,1.08465708966897,0.0000090683511071,0.0000139457786238
RR05 Central - 105402,Berries,PPIC_02_Vegetables,1.7034434239029,0.549801686728929,0.971795820804474,0.0000049695172853,0.0000099109114865
RR05 Central - 105402,Cucurbits,PPIC_02_Vegetables,1.7034434239029,0.549801686728929,0.971795820804474,0.0000049695172853,0.0000099109114865
RR05 Central - 105402,Lettuce,PPIC_02_Vegetables,1.7034434239029,0.549801686728929,0.971795820804474,0.0000049695172853,0.0000099109114865
RR05 Central - 105402,Onions and Garlic,PPIC_02_Vegetables,1.7034434239029,0.549801686728929,0.971795820804474,0.0000049695172853,0.0000099109114865
RR05 Central - 105402,Potatoes,PPIC_02_Vegetables,1.7034434239029,0.549801686728929,0.971795820804474,0.0000049695172853,0.0000099109114865
RR05 Central - 105402,Tomatoes Fresh,PPIC_02_Vegetables,1.7034434239029,0.549801686728929,0.971795820804474,0.0000049695172853,0.0000099109114865
RR05 Central - 105402,Tomatoes Processing,PPIC_02_Vegetables,1.7034434239029,0.549801686728929,0.971795820804474,0.0000049695172853,0.0000099109114865
RR05 Central - 105402,Truck,PPIC_02_Vegetables,1.7034434239029,0.549801686728929,0.971795820804474,0.0000049695172853,0.0000099109114865
RR05 Central - 105402,Corn,PPIC_03_Grain,1.73391190502281,0.563281167375603,1.00026595495366,0.0000020679451474,0.0000070425164941
RR05 Central - 105402,Rice,PPIC_03_Grain,1.73391190502281,0.563281167375603,1.00026595495366,0.0000020679451474,0.0000070425164941
RR05 Central - 105402,Alfalfa,PPIC_01_Feed_Crops,1.88958912121113,0.57840494843677,1.11175872273374,0.0000338773582163,0.0000400034987227
RR05 Central - 105402,Pasture,PPIC_01_Feed_Crops,1.88958912121113,0.57840494843677,1.11175872273374,0.0000338773582163,0.0000400034987227
RR06 Central - 1056,Beans Dry,PPIC_05_OtherField,1.48042893228129,0.885604107695223,1.17631974615459,0.0000014521670601,0.0000045694202856
RR06 Central - 1056,Cotton,PPIC_05_OtherField,1.48042893228129,0.885604107695223,1.17631974615459,0.0000014521670601,0.0000045694202856
RR06 Central - 1056,Field and Grain,PPIC_05_OtherField,1.48042893228129,0.885604107695223,1.17631974615459,0.0000014521670601,0.0000045694202856
RR06 Central - 1056,Safflower,PPIC_05_OtherField,1.48042893228129,0.885604107695223,1.17631974615459,0.0000014521670601,0.0000045694202856
RR06 Central - 1056,Sunflowers,PPIC_05_OtherField,1.48042893228129,0.885604107695223,1.17631974615459,0.0000014521670601,0.0000045694202856
RR06 Central - 1056,Almonds,PPIC_04_Trees,1.61984788457122,0.692275371065863,1.08465708966897,0.0000090683511071,0.0000139457786238
RR06 Central - 1056,Grapes Table,PPIC_04_Trees,1.61984788457122,0.692275371065863,1.08465708966897,0.0000090683511071,0.0000139457786238
RR06 Central - 1056,Grapes Wine,PPIC_04_Trees,1.61984788457122,0.692275371065863,1.08465708966897,0.0000090683511071,0.0000139457786238
RR06 Central - 1056,Orchards,PPIC_04_Trees,1.61984788457122,0.692275371065863,1.08465708966897,0.0000090683511071,0.0000139457786238
RR06 Central - 1056,Pistachios,PPIC_04_Trees,1.61984788457122,0.692275371065863,1.08465708966897,0.0000090683511071,0.0000139457786238
RR06 Central - 1056,Subtropical,PPIC_04_Trees,1.61984788457122,0.692275371065863,1.08465708966897,0.0000090683511071,0.0000139457786238
RR06 Central - 1056,Walnuts,PPIC_04_Trees,1.61984788457122,0.692275371065863,1.08465708966897,0.0000090683511071,0.0000139457786238
RR06 Central - 1056,Berries,PPIC_02_Vegetables,1.7034434239029,0.549801686728929,0.971795820804474,0.0000049695172853,0.0000099109114865
RR06 Central - 1056,Cucurbits,PPIC_02_Vegetables,1.7034434239029,0.549801686728929,0.971795820804474,0.0000049695172853,0.0000099109114865
RR06 Central - 1056,Lettuce,PPIC_02_Vegetables,1.7034434239029,0.549801686728929,0.971795820804474,0.0000049695172853,0.0000099109114865
RR06 Central - 1056,Onions and Garlic,PPIC_02_Vegetables,1.7034434239029,0.549801686728929,0.971795820804474,0.0000049695172853,0.0000099109114865
RR06 Central - 1056,Potatoes,PPIC_02_Vegetables,1.7034434239029,0.549801686728929,0.971795820804474,0.0000049695172853,0.0000099109114865
RR06 Central - 1056,Tomatoes Fresh,PPIC_02_Vegetables,1.7034434239029,0.549801686728929,0.971795820804474,0.0000049695172853,0.0000099109114865
RR06 Central - 1056,Tomatoes Processing,PPIC_02_Vegetables,1.7034434239029,0.549801686728929,0.971795820804474,0.0000049695172853,0.0000099109114865
RR06 Central - 1056,Truck,PPIC_02_Vegetables,1.7034434239029,0.549801686728929,0.971795820804474,0.0000049695172853,0.0000099109114865
RR06 Central - 1056,Corn,PPIC_03_Grain,1.73391190502281,0.563281167375603,1.00026595495366,0.0000020679451474,0.0000070425164941
RR06 Central - 1056,Rice,PPIC_03_Grain,1.73391190502281,0.563281167375603,1.00026595495366,0.0000020679451474,0.0000070425164941
RR06 Central - 1056,Alfalfa,PPIC_01_Feed_Crops,1.88958912121113,0.57840494843677,1.11175872273374,0.0000338773582163,0.0000400034987227
RR06 Central - 1056,Pasture,PPIC_01_Feed_Crops,1.88958912121113,0.57840494843677,1.11175872273374,0.0000338773582163,0.0000400034987227
RR07 Central - 1053,Beans Dry,PPIC_05_OtherField,1.48042893228129,0.885604107695223,1.17631974615459,0.0000014521670601,0.0000045694202856
RR07 Central - 1053,Cotton,PPIC_05_OtherField,1.48042893228129,0.885604107695223,1.17631974615459,0.0000014521670601,0.0000045694202856
RR07 Central - 1053,Field and Grain,PPIC_05_OtherField,1.48042893228129,0.885604107695223,1.17631974615459,0.0000014521670601,0.0000045694202856
RR07 Central - 1053,Safflower,PPIC_05_OtherField,1.48042893228129,0.885604107695223,1.17631974615459,0.0000014521670601,0.0000045694202856
RR07 Central - 1053,Sunflowers,PPIC_05_OtherField,1.48042893228129,0.885604107695223,1.17631974615459,0.0000014521670601,0.0000045694202856
RR07 Central - 1053,Almonds,PPIC_04_Trees,1.61984788457122,0.692275371065863,1.08465708966897,0.0000090683511071,0.0000139457786238
RR07 Central - 1053,Grapes Table,PPIC_04_Trees,1.61984788457122,0.692275371065863,1.08465708966897,0.0000090683511071,0.0000139457786238
RR07 Central - 1053,Grapes Wine,PPIC_04_Trees,1.61984788457122,0.692275371065863,1.08465708966897,0.0000090683511071,0.0000139457786238
RR07 Central - 1053,Orchards,PPIC_04_Trees,1.61984788457122,0.692275371065863,1.08465708966897,0.0000090683511071,0.0000139457786238
RR07 Central - 1053,Pistachios,PPIC_04_Trees,1.61984788457122,0.692275371065863,1.08465708966897,0.0000090683511071,0.0000139457786238
RR07 Central - 1053,Subtropical,PPIC_04_Trees,1.61984788457122,0.692275371065863,1.08465708966897,0.0000090683511071,0.0000139457786238
RR07 Central - 1053,Walnuts,PPIC_04_Trees,1.61984788457122,0.692275371065863,1.08465708966897,0.0000090683511071,0.0000139457786238
RR07 Central - 1053,Berries,PPIC_02_Vegetables,1.7034434239029,0.549801686728929,0.971795820804474,0.0000049695172853,0.0000099109114865
RR07 Central - 1053,Cucurbits,PPIC_02_Vegetables,1.7034434239029,0.549801686728929,0.971795820804474,0.0000049695172853,0.0000099109114865
RR07 Central - 1053,Lettuce,PPIC_02_Vegetables,1.7034434239029,0.549801686728929,0.971795820804474,0.0000049695172853,0.0000099109114865
RR07 Central - 1053,Onions and Garlic,PPIC_02_Vegetables,1.7034434239029,0.549801686728929,0.971795820804474,0.0000049695172853,0.0000099109114865
RR07 Central - 1053,Potatoes,PPIC_02_Vegetables,1.7034434239029,0.549801686728929,0.971795820804474,0.0000049695172853,0.0000099109114865
RR07 Central - 1053,Tomatoes Fresh,PPIC_02_Vegetables,1.7034434239029,0.549801686728929,0.971795820804474,0.0000049695172853,0.0000099109114865
RR07 Central - 1053,Tomatoes Processing,PPIC_02_Vegetables,1.7034434239029,0.549801686728929,0.971795820804474,0.0000049695172853,0.0000099109114865
RR07 Central - 1053,Truck,PPIC_02_Vegetables,1.7034434239029,0.549801686728929,0.971795820804474,0.0000049695172853,0.0000099109114865
RR07 Central - 1053,Corn,PPIC_03_Grain,1.73391190502281,0.563281167375603,1.00026595495366,0.0000020679451474,0.0000070425164941
RR07 Central - 1053,Rice,PPIC_03_Grain,1.73391190502281,0.563281167375603,1.00026595495366,0.0000020679451474,0.0000070425164941
RR07 Central - 1053,Alfalfa,PPIC_01_Feed_Crops,1.88958912121113,0.57840494843677,1.11175872273374,0.0000338773582163,0.0000400034987227
RR07 Central - 1053,Pasture,PPIC_01_Feed_Crops,1.88958912121113,0.57840494843677,1.11175872273374,0.0000338773582163,0.0000400034987227
RR08 Central - 1052,Beans Dry,PPIC_05_OtherField,1.48042893228129,0.885604107695223,1.17631974615459,0.0000014521670601,0.0000045694202856
RR08 Central - 1052,Cotton,PPIC_05_OtherField,1.48042893228129,0.885604107695223,1.17631974615459,0.0000014521670601,0.0000045694202856
RR08 Central - 1052,Field and Grain,PPIC_05_OtherField,1.48042893228129,0.885604107695223,1.17631974615459,0.0000014521670601,0.0000045694202856
RR08 Central - 1052,Safflower,PPIC_05_OtherField,1.48042893228129,0.885604107695223,1.17631974615459,0.0000014521670601,0.0000045694202856
RR08 Central - 1052,Sunflowers,PPIC_05_OtherField,1.48042893228129,0.885604107695223,1.17631974615459,0.0000014521670601,0.0000045694202856
RR08 Central - 1052,Almonds,PPIC_04_Trees,1.61984788457122,0.692275371065863,1.08465708966897,0.0000090683511071,0.0000139457786238
RR08 Central - 1052,Grapes Table,PPIC_04_Trees,1.61984788457122,0.692275371065863,1.08465708966897,0.0000090683511071,0.0000139457786238
RR08 Central - 1052,Grapes Wine,PPIC_04_Trees,1.61984788457122,0.692275371065863,1.08465708966897,0.0000090683511071,0.0000139457786238
RR08 Central - 1052,Orchards,PPIC_04_Trees,1.61984788457122,0.692275371065863,1.08465708966897,0.0000090683511071,0.0000139457786238
RR08 Central - 1052,Pistachios,PPIC_04_Trees,1.61984788457122,0.692275371065863,1.08465708966897,0.0000090683511071,0.0000139457786238
RR08 Central - 1052,Subtropical,PPIC_04_Trees,1.61984788457122,0.692275371065863,1.08465708966897,0.0000090683511071,0.0000139457786238
RR08 Central - 1052,Walnuts,PPIC_04_Trees,1.61984788457122,0.692275371065863,1.08465708966897,0.0000090683511071,0.0000139457786238
RR08 Central - 1052,Berries,PPIC_02_Vegetables,1.7034434239029,0.549801686728929,0.971795820804474,0.0000049695172853,0.0000099109114865
RR08 Central - 1052,Cucurbits,PPIC_02_Vegetables,1.7034434239029,0.549801686728929,0.971795820804474,0.0000049695172853,0.0000099109114865
RR08 Central - 1052,Lettuce,PPIC_02_Vegetables,1.7034434239029,0.549801686728929,0.971795820804474,0.0000049695172853,0.0000099109114865
RR08 Central - 1052,Onions and Garlic,PPIC_02_Vegetables,1.7034434239029,0.549801686728929,0.971795820804474,0.0000049695172853,0.0000099109114865
RR08 Central - 1052,Potatoes,PPIC_02_Vegetables,1.7034434239029,0.549801686728929,0.971795820804474,0.0000049695172853,0.0000099109114865
RR08 Central - 1052,Tomatoes Fresh,PPIC_02_Vegetables,1.7034434239029,0.549801686728929,0.971795820804474,0.0000049695172853,0.0000099109114865
RR08 Central - 1052,Tomatoes Processing,PPIC_02_Vegetables,1.7034434239029,0.549801686728929,0.971795820804474,0.0000049695172853,0.0000099109114865
RR08 Central - 1052,Truck,PPIC_02_Vegetables,1.7034434239029,0.549801686728929,0.971795820804474,0.0000049695172853,0.0000099109114865
RR08 Central - 1052,Corn,PPIC_03_Grain,1.73391190502281,0.563281167375603,1.00026595495366,0.0000020679451474,0.0000070425164941
RR08 Central - 1052,Rice,PPIC_03_Grain,1.73391190502281,0.563281167375603,1.00026595495366,0.0000020679451474,0.0000070425164941
RR08 Central - 1052,Alfalfa,PPIC_01_Feed_Crops,1.88958912121113,0.57840494843677,1.11175872273374,0.0000338773582163,0.0000400034987227
RR08 Central - 1052,Pasture,PPIC_01_Feed_Crops,1.88958912121113,0.57840494843677,1.11175872273374,0.0000338773582163,0.0000400034987227
RR09 Central - 1051,Beans Dry,PPIC_05_OtherField,1.48042893228129,0.885604107695223,1.17631974615459,0.0000014521670601,0.0000045694202856
RR09 Central - 1051,Cotton,PPIC_05_OtherField,1.48042893228129,0.885604107695223,1.17631974615459,0.0000014521670601,0.0000045694202856
RR09 Central - 1051,Field and Grain,PPIC_05_OtherField,1.48042893228129,0.885604107695223,1.17631974615459,0.0000014521670601,0.0000045694202856
RR09 Central - 1051,Safflower,PPIC_05_OtherField,1.48042893228129,0.885604107695223,1.17631974615459,0.0000014521670601,0.0000045694202856
RR09 Central - 1051,Sunflowers,PPIC_05_OtherField,1.48042893228129,0.885604107695223,1.17631974615459,0.0000014521670601,0.0000045694202856
RR09 Central - 1051,Almonds,PPIC_04_Trees,1.61984788457122,0.692275371065863,1.08465708966897,0.0000090683511071,0.0000139457786238
RR09 Central - 1051,Grapes Table,PPIC_04_Trees,1.61984788457122,0.692275371065863,1.08465708966897,0.0000090683511071,0.0000139457786238
RR09 Central - 1051,Grapes Wine,PPIC_04_Trees,1.61984788457122,0.692275371065863,1.08465708966897,0.0000090683511071,0.0000139457786238
RR09 Central - 1051,Orchards,PPIC_04_Trees,1.61984788457122,0.692275371065863,1.08465708966897,0.0000090683511071,0.0000139457786238
RR09 Central - 1051,Pistachios,PPIC_04_Trees,1.61984788457122,0.692275371065863,1.08465708966897,0.0000090683511071,0.0000139457786238
RR09 Central - 1051,Subtropical,PPIC_04_Trees,1.61984788457122,0.692275371065863,1.08465708966897,0.0000090683511071,0.0000139457786238
RR09 Central - 1051,Walnuts,PPIC_04_Trees,1.61984788457122,0.692275371065863,1.08465708966897,0.0000090683511071,0.0000139457786238
RR09 Central - 1051,Berries,PPIC_02_Vegetables,1.7034434239029,0.549801686728929,0.971795820804474,0.0000049695172853,0.0000099109114865
RR09 Central - 1051,Cucurbits,PPIC_02_Vegetables,1.7034434239029,0.549801686728929,0.971795820804474,0.0000049695172853,0.0000099109114865
RR09 Central - 1051,Lettuce,PPIC_02_Vegetables,1.7034434239029,0.549801686728929,0.971795820804474,0.0000049695172853,0.0000099109114865
RR09 Central - 1051,Onions and Garlic,PPIC_02_Vegetables,1.7034434239029,0.549801686728929,0.971795820804474,0.0000049695172853,0.0000099109114865
RR09 Central - 1051,Potatoes,PPIC_02_Vegetables,1.7034434239029,0.549801686728929,0.971795820804474,0.0000049695172853,0.0000099109114865
RR09 Central - 1051,Tomatoes Fresh,PPIC_02_Vegetables,1.7034434239029,0.549801686728929,0.971795820804474,0.0000049695172853,0.0000099109114865
RR09 Central - 1051,Tomatoes Processing,PPIC_02_Vegetables,1.7034434239029,0.549801686728929,0.971795820804474,0.0000049695172853,0.0000099109114865
RR09 Central - 1051,Truck,PPIC_02_Vegetables,1.7034434239029,0.549801686728929,0.971795820804474,0.0000049695172853,0.0000099109114865
RR09 Central - 1051,Corn,PPIC_03_Grain,1.73391190502281,0.563281167375603,1.00026595495366,0.0000020679451474,0.0000070425164941
RR09 Central - 1051,Rice,PPIC_03_Grain,1.73391190502281,0.563281167375603,1.00026595495366,0.0000020679451474,0.0000070425164941
RR09 Central - 1051,Alfalfa,PPIC_01_Feed_Crops,1.88958912121113,0.57840494843677,1.11175872273374,0.0000338773582163,0.0000400034987227
RR09 Central - 1051,Pasture,PPIC_01_Feed_Crops,1.88958912121113,0.57840494843677,1.11175872273374,0.0000338773582163,0.0000400034987227
PR01 Western - 5048,Beans Dry,PPIC_05_OtherField,1.48042893228129,0.885604107695223,1.17631974615459,0.0000014521670601,0.0000045694202856
PR01 Western - 5048,Cotton,PPIC_05_OtherField,1.48042893228129,0.885604107695223,1.17631974615459,0.0000014521670601,0.0000045694202856
PR01 Western - 5048,Field and Grain,PPIC_05_OtherField,1.48042893228129,0.885604107695223,1.17631974615459,0.0000014521670601,0.0000045694202856
PR01 Western - 5048,Safflower,PPIC_05_OtherField,1.48042893228129,0.885604107695223,1.17631974615459,0.0000014521670601,0.0000045694202856
PR01 Western - 5048,Sunflowers,PPIC_05_OtherField,1.48042893228129,0.885604107695223,1.17631974615459,0.0000014521670601,0.0000045694202856
PR01 Western - 5048,Almonds,PPIC_04_Trees,1.61984788457122,0.692275371065863,1.08465708966897,0.0000090683511071,0.0000139457786238
PR01 Western - 5048,Grapes Table,PPIC_04_Trees,1.61984788457122,0.692275371065863,1.08465708966897,0.0000090683511071,0.0000139457786238
PR01 Western - 5048,Grapes Wine,PPIC_04_Trees,1.61984788457122,0.692275371065863,1.08465708966897,0.0000090683511071,0.0000139457786238
PR01 Western - 5048,Orchards,PPIC_04_Trees,1.61984788457122,0.692275371065863,1.08465708966897,0.0000090683511071,0.0000139457786238
PR01 Western - 5048,Pistachios,PPIC_04_Trees,1.61984788457122,0.692275371065863,1.08465708966897,0.0000090683511071,0.0000139457786238
PR01 Western - 5048,Subtropical,PPIC_04_Trees,1.61984788457122,0.692275371065863,1.08465708966897,0.0000090683511071,0.0000139457786238
PR01 Western - 5048,Walnuts,PPIC_04_Trees,1.61984788457122,0.692275371065863,1.08465708966897,0.0000090683511071,0.0000139457786238
PR01 Western - 5048,Berries,PPIC_02_Vegetables,1.7034434239029,0.549801686728929,0.971795820804474,0.0000049695172853,0.0000099109114865
PR01 Western - 5048,Cucurbits,PPIC_02_Vegetables,1.7034434239029,0.549801686728929,0.971795820804474,0.0000049695172853,0.0000099109114865
PR01 Western - 5048,Lettuce,PPIC_02_Vegetables,1.7034434239029,0.549801686728929,0.971795820804474,0.0000049695172853,0.0000099109114865
PR01 Western - 5048,Onions and Garlic,PPIC_02_Vegetables,1.7034434239029,0.549801686728929,0.971795820804474,0.0000049695172853,0.0000099109114865
PR01 Western - 5048,Potatoes,PPIC_02_Vegetables,1.7034434239029,0.549801686728929,0.971795820804474,0.0000049695172853,0.0000099109114865
PR01 Western - 5048,Tomatoes Fresh,PPIC_02_Vegetables,1.7034434239029,0.549801686728929,0.971795820804474,0.0000049695172853,0.0000099109114865
PR01 Western - 5048,Tomatoes Processing,PPIC_02_Vegetables,1.7034434239029,0.549801686728929,0.971795820804474,0.0000049695172853,0.0000099109114865
PR01 Western - 5048,Truck,PPIC_02_Vegetables,1.7034434239029,0.549801686728929,0.971795820804474,0.0000049695172853,0.0000099109114865
PR01 Western - 5048,Corn,PPIC_03_Grain,1.73391190502281,0.563281167375603,1.00026595495366,0.0000020679451474,0.0000070425164941
PR01 Western - 5048,Rice,PPIC_03_Grain,1.73391190502281,0.563281167375603,1.00026595495366,0.0000020679451474,0.0000070425164941
PR01 Western - 5048,Alfalfa,PPIC_01_Feed_Crops,1.88958912121113,0.57840494843677,1.11175872273374,0.0000338773582163,0.0000400034987227
PR01 Western - 5048,Pasture,PPIC_01_Feed_Crops,1.88958912121113,0.57840494843677,1.11175872273374,0.0000338773582163,0.0000400034987227
RR01 Lower - 6095,Beans Dry,PPIC_05_OtherField,1.48042893228129,0.885604107695223,1.17631974615459,0.0000014521670601,0.0000045694202856
RR01 Lower - 6095,Cotton,PPIC_05_OtherField,1.48042893228129,0.885604107695223,1.17631974615459,0.0000014521670601,0.0000045694202856
RR01 Lower - 6095,Field and Grain,PPIC_05_OtherField,1.48042893228129,0.885604107695223,1.17631974615459,0.0000014521670601,0.0000045694202856
RR01 Lower - 6095,Safflower,PPIC_05_OtherField,1.48042893228129,0.885604107695223,1.17631974615459,0.0000014521670601,0.0000045694202856
RR01 Lower - 6095,Sunflowers,PPIC_05_OtherField,1.48042893228129,0.885604107695223,1.17631974615459,0.0000014521670601,0.0000045694202856
RR01 Lower - 6095,Almonds,PPIC_04_Trees,1.61984788457122,0.692275371065863,1.08465708966897,0.0000090683511071,0.0000139457786238
RR01 Lower - 6095,Grapes Table,PPIC_04_Trees,1.61984788457122,0.692275371065863,1.08465708966897,0.0000090683511071,0.0000139457786238
RR01 Lower - 6095,Grapes Wine,PPIC_04_Trees,1.61984788457122,0.692275371065863,1.08465708966897,0.0000090683511071,0.0000139457786238
RR01 Lower - 6095,Orchards,PPIC_04_Trees,1.61984788457122,0.692275371065863,1.08465708966897,0.0000090683511071,0.0000139457786238
RR01 Lower - 6095,Pistachios,PPIC_04_Trees,1.61984788457122,0.692275371065863,1.08465708966897,0.0000090683511071,0.0000139457786238
RR01 Lower - 6095,Subtropical,PPIC_04_Trees,1.61984788457122,0.692275371065863,1.08465708966897,0.0000090683511071,0.0000139457786238
RR01 Lower - 6095,Walnuts,PPIC_04_Trees,1.61984788457122,0.692275371065863,1.08465708966897,0.0000090683511071,0.0000139457786238
RR01 Lower - 6095,Berries,PPIC_02_Vegetables,1.7034434239029,0.549801686728929,0.971795820804474,0.0000049695172853,0.0000099109114865
RR01 Lower - 6095,Cucurbits,PPIC_02_Vegetables,1.7034434239029,0.549801686728929,0.971795820804474,0.0000049695172853,0.0000099109114865
RR01 Lower - 6095,Lettuce,PPIC_02_Vegetables,1.7034434239029,0.549801686728929,0.971795820804474,0.0000049695172853,0.0000099109114865
RR01 Lower - 6095,Onions and Garlic,PPIC_02_Vegetables,1.7034434239029,0.549801686728929,0.971795820804474,0.0000049695172853,0.0000099109114865
RR01 Lower - 6095,Potatoes,PPIC_02_Vegetables,1.7034434239029,0.549801686728929,0.971795820804474,0.0000049695172853,0.0000099109114865
RR01 Lower - 6095,Tomatoes Fresh,PPIC_02_Vegetables,1.7034434239029,0.549801686728929,0.971795820804474,0.0000049695172853,0.0000099109114865
RR01 Lower - 6095,Tomatoes Processing,PPIC_02_Vegetables,1.7034434239029,0.549801686728929,0.971795820804474,0.0000049695172853,0.0000099109114865
RR01 Lower - 6095,Truck,PPIC_02_Vegetables,1.7034434239029,0.549801686728929,0.971795820804474,0.0000049695172853,0.0000099109114865
RR01 Lower - 6095,Corn,PPIC_03_Grain,1.73391190502281,0.563281167375603,1.00026595495366,0.0000020679451474,0.0000070425164941
RR01 Lower - 6095,Rice,PPIC_03_Grain,1.73391190502281,0.563281167375603,1.00026595495366,0.0000020679451474,0.0000070425164941
RR01 Lower - 6095,Alfalfa,PPIC_01_Feed_Crops,1.88958912121113,0.57840494843677,1.11175872273374,0.0000338773582163,0.0000400034987227
RR01 Lower - 6095,Pasture,PPIC_01_Feed_Crops,1.88958912121113,0.57840494843677,1.11175872273374,0.0000338773582163,0.0000400034987227
PR02 Western - 5047,Beans Dry,PPIC_05_OtherField,1.48042893228129,0.885604107695223,1.17631974615459,0.0000014521670601,0.0000045694202856
PR02 Western - 5047,Cotton,PPIC_05_OtherField,1.48042893228129,0.885604107695223,1.17631974615459,0.0000014521670601,0.0000045694202856
PR02 Western - 5047,Field and Grain,PPIC_05_OtherField,1.48042893228129,0.885604107695223,1.17631974615459,0.0000014521670601,0.0000045694202856
PR02 Western - 5047,Safflower,PPIC_05_OtherField,1.48042893228129,0.885604107695223,1.17631974615459,0.0000014521670601,0.0000045694202856
PR02 Western - 5047,Sunflowers,PPIC_05_OtherField,1.48042893228129,0.885604107695223,1.17631974615459,0.0000014521670601,0.0000045694202856
PR02 Western - 5047,Almonds,PPIC_04_Trees,1.61984788457122,0.692275371065863,1.08465708966897,0.0000090683511071,0.0000139457786238
PR02 Western - 5047,Grapes Table,PPIC_04_Trees,1.61984788457122,0.692275371065863,1.08465708966897,0.0000090683511071,0.0000139457786238
PR02 Western - 5047,Grapes Wine,PPIC_04_Trees,1.61984788457122,0.692275371065863,1.08465708966897,0.0000090683511071,0.0000139457786238
PR02 Western - 5047,Orchards,PPIC_04_Trees,1.61984788457122,0.692275371065863,1.08465708966897,0.0000090683511071,0.0000139457786238
PR02 Western - 5047,Pistachios,PPIC_04_Trees,1.61984788457122,0.692275371065863,1.08465708966897,0.0000090683511071,0.0000139457786238
PR02 Western - 5047,Subtropical,PPIC_04_Trees,1.61984788457122,0.692275371065863,1.08465708966897,0.0000090683511071,0.0000139457786238
PR02 Western - 5047,Walnuts,PPIC_04_Trees,1.61984788457122,0.692275371065863,1.08465708966897,0.0000090683511071,0.0000139457786238
PR02 Western - 5047,Berries,PPIC_02_Vegetables,1.7034434239029,0.549801686728929,0.971795820804474,0.0000049695172853,0.0000099109114865
PR02 Western - 5047,Cucurbits,PPIC_02_Vegetables,1.7034434239029,0.549801686728929,0.971795820804474,0.0000049695172853,0.0000099109114865
PR02 Western - 5047,Lettuce,PPIC_02_Vegetables,1.7034434239029,0.549801686728929,0.971795820804474,0.0000049695172853,0.0000099109114865
PR02 Western - 5047,Onions and Garlic,PPIC_02_Vegetables,1.7034434239029,0.549801686728929,0.971795820804474,0.0000049695172853,0.0000099109114865
PR02 Western - 5047,Potatoes,PPIC_02_Vegetables,1.7034434239029,0.549801686728929,0.971795820804474,0.0000049695172853,0.0000099109114865
PR02 Western - 5047,Tomatoes Fresh,PPIC_02_Vegetables,1.7034434239029,0.549801686728929,0.971795820804474,0.0000049695172853,0.0000099109114865
PR02 Western - 5047,Tomatoes Processing,PPIC_02_Vegetables,1.7034434239029,0.549801686728929,0.971795820804474,0.0000049695172853,0.0000099109114865
PR02 Western - 5047,Truck,PPIC_02_Vegetables,1.7034434239029,0.549801686728929,0.971795820804474,0.0000049695172853,0.0000099109114865
PR02 Western - 5047,Corn,PPIC_03_Grain,1.73391190502281,0.563281167375603,1.00026595495366,0.0000020679451474,0.0000070425164941
PR02 Western - 5047,Rice,PPIC_03_Grain,1.73391190502281,0.563281167375603,1.00026595495366,0.0000020679451474,0.0000070425164941
PR02 Western - 5047,Alfalfa,PPIC_01_Feed_Crops,1.88958912121113,0.57840494843677,1.11175872273374,0.0000338773582163,0.0000400034987227
PR02 Western - 5047,Pasture,PPIC_01_Feed_Crops,1.88958912121113,0.57840494843677,1.11175872273374,0.0000338773582163,0.0000400034987227
PR04 Western - 5005,Beans Dry,PPIC_05_OtherField,1.48042893228129,0.885604107695223,1.17631974615459,0.0000014521670601,0.0000045694202856
PR04 Western - 5005,Cotton,PPIC_05_OtherField,1.48042893228129,0.885604107695223,1.17631974615459,0.0000014521670601,0.0000045694202856
PR04 Western - 5005,Field and Grain,PPIC_05_OtherField,1.48042893228129,0.885604107695223,1.17631974615459,0.0000014521670601,0.0000045694202856
PR04 Western - 5005,Safflower,PPIC_05_OtherField,1.48042893228129,0.885604107695223,1.17631974615459,0.0000014521670601,0.0000045694202856
PR04 Western - 5005,Sunflowers,PPIC_05_OtherField,1.48042893228129,0.885604107695223,1.17631974615459,0.0000014521670601,0.0000045694202856
PR04 Western - 5005,Almonds,PPIC_04_Trees,1.61984788457122,0.692275371065863,1.08465708966897,0.0000090683511071,0.0000139457786238
PR04 Western - 5005,Grapes Table,PPIC_04_Trees,1.61984788457122,0.692275371065863,1.08465708966897,0.0000090683511071,0.0000139457786238
PR04 Western - 5005,Grapes Wine,PPIC_04_Trees,1.61984788457122,0.692275371065863,1.08465708966897,0.0000090683511071,0.0000139457786238
PR04 Western - 5005,Orchards,PPIC_04_Trees,1.61984788457122,0.692275371065863,1.08465708966897,0.0000090683511071,0.0000139457786238
PR04 Western - 5005,Pistachios,PPIC_04_Trees,1.61984788457122,0.692275371065863,1.08465708966897,0.0000090683511071,0.0000139457786238
PR04 Western - 5005,Subtropical,PPIC_04_Trees,1.61984788457122,0.692275371065863,1.08465708966897,0.0000090683511071,0.0000139457786238
PR04 Western - 5005,Walnuts,PPIC_04_Trees,1.61984788457122,0.692275371065863,1.08465708966897,0.0000090683511071,0.0000139457786238
PR04 Western - 5005,Berries,PPIC_02_Vegetables,1.7034434239029,0.549801686728929,0.971795820804474,0.0000049695172853,0.0000099109114865
PR04 Western - 5005,Cucurbits,PPIC_02_Vegetables,1.7034434239029,0.549801686728929,0.971795820804474,0.0000049695172853,0.0000099109114865
PR04 Western - 5005,Lettuce,PPIC_02_Vegetables,1.7034434239029,0.549801686728929,0.971795820804474,0.0000049695172853,0.0000099109114865
PR04 Western - 5005,Onions and Garlic,PPIC_02_Vegetables,1.7034434239029,0.549801686728929,0.971795820804474,0.0000049695172853,0.0000099109114865
PR04 Western - 5005,Potatoes,PPIC_02_Vegetables,1.7034434239029,0.549801686728929,0.971795820804474,0.0000049695172853,0.0000099109114865
PR04 Western - 5005,Tomatoes Fresh,PPIC_02_Vegetables,1.7034434239029,0.549801686728929,0.971795820804474,0.0000049695172853,0.0000099109114865
PR04 Western - 5005,Tomatoes Processing,PPIC_02_Vegetables,1.7034434239029,0.549801686728929,0.971795820804474,0.0000049695172853,0.0000099109114865
PR04 Western - 5005,Truck,PPIC_02_Vegetables,1.7034434239029,0.549801686728929,0.971795820804474,0.0000049695172853,0.0000099109114865
PR04 Western - 5005,Corn,PPIC_03_Grain,1.73391190502281,0.563281167375603,1.00026595495366,0.0000020679451474,0.0000070425164941
PR04 Western - 5005,Rice,PPIC_03_Grain,1.73391190502281,0.563281167375603,1.00026595495366,0.0000020679451474,0.0000070425164941
PR04 Western - 5005,Alfalfa,PPIC_01_Feed_Crops,1.88958912121113,0.57840494843677,1.11175872273374,0.0000338773582163,0.0000400034987227
PR04 Western - 5005,Pasture,PPIC_01_Feed_Crops,1.88958912121113,0.57840494843677,1.11175872273374,0.0000338773582163,0.0000400034987227
PR05 Western 5046,Beans Dry,PPIC_05_OtherField,1.48042893228129,0.885604107695223,1.17631974615459,0.0000014521670601,0.0000045694202856
PR05 Western 5046,Cotton,PPIC_05_OtherField,1.48042893228129,0.885604107695223,1.17631974615459,0.0000014521670601,0.0000045694202856
PR05 Western 5046,Field and Grain,PPIC_05_OtherField,1.48042893228129,0.885604107695223,1.17631974615459,0.0000014521670601,0.0000045694202856
PR05 Western 5046,Safflower,PPIC_05_OtherField,1.48042893228129,0.885604107695223,1.17631974615459,0.0000014521670601,0.0000045694202856
PR05 Western 5046,Sunflowers,PPIC_05_OtherField,1.48042893228129,0.885604107695223,1.17631974615459,0.0000014521670601,0.0000045694202856
PR05 Western 5046,Almonds,PPIC_04_Trees,1.61984788457122,0.692275371065863,1.08465708966897,0.0000090683511071,0.0000139457786238
PR05 Western 5046,Grapes Table,PPIC_04_Trees,1.61984788457122,0.692275371065863,1.08465708966897,0.0000090683511071,0.0000139457786238
PR05 Western 5046,Grapes Wine,PPIC_04_Trees,1.61984788457122,0.692275371065863,1.08465708966897,0.0000090683511071,0.0000139457786238
PR05 Western 5046,Orchards,PPIC_04_Trees,1.61984788457122,0.692275371065863,1.08465708966897,0.0000090683511071,0.0000139457786238
PR05 Western 5046,Pistachios,PPIC_04_Trees,1.61984788457122,0.692275371065863,1.08465708966897,0.0000090683511071,0.0000139457786238
PR05 Western 5046,Subtropical,PPIC_04_Trees,1.61984788457122,0.692275371065863,1.08465708966897,0.0000090683511071,0.0000139457786238
PR05 Western 5046,Walnuts,PPIC_04_Trees,1.61984788457122,0.692275371065863,1.08465708966897,0.0000090683511071,0.0000139457786238
PR05 Western 5046,Berries,PPIC_02_Vegetables,1.7034434239029,0.549801686728929,0.971795820804474,0.0000049695172853,0.0000099109114865
PR05 Western 5046,Cucurbits,PPIC_02_Vegetables,1.7034434239029,0.549801686728929,0.971795820804474,0.0000049695172853,0.0000099109114865
PR05 Western 5046,Lettuce,PPIC_02_Vegetables,1.7034434239029,0.549801686728929,0.971795820804474,0.0000049695172853,0.0000099109114865
PR05 Western 5046,Onions and Garlic,PPIC_02_Vegetables,1.7034434239029,0.549801686728929,0.971795820804474,0.0000049695172853,0.0000099109114865
PR05 Western 5046,Potatoes,PPIC_02_Vegetables,1.7034434239029,0.549801686728929,0.971795820804474,0.0000049695172853,0.0000099109114865
PR05 Western 5046,Tomatoes Fresh,PPIC_02_Vegetables,1.7034434239029,0.549801686728929,0.971795820804474,0.0000049695172853,0.0000099109114865
PR05 Western 5046,Tomatoes Processing,PPIC_02_Vegetables,1.7034434239029,0.549801686728929,0.971795820804474,0.0000049695172853,0.0000099109114865
PR05 Western 5046,Truck,PPIC_02_Vegetables,1.7034434239029,0.549801686728929,0.971795820804474,0.0000049695172853,0.0000099109114865
PR05 Western 5046,Corn,PPIC_03_Grain,1.73391190502281,0.563281167375603,1.00026595495366,0.0000020679451474,0.0000070425164941
PR05 Western 5046,Rice,PPIC_03_Grain,1.73391190502281,0.563281167375603,1.00026595495366,0.0000020679451474,0.0000070425164941
PR05 Western 5046,Alfalfa,PPIC_01_Feed_Crops,1.88958912121113,0.57840494843677,1.11175872273374,0.0000338773582163,0.0000400034987227
PR05 Western 5046,Pasture,PPIC_01_Feed_Crops,1.88958912121113,0.57840494843677,1.11175872273374,0.0000338773582163,0.0000400034987227
PR01 Eastern - 6002,Beans Dry,PPIC_05_OtherField,1.48042893228129,0.885604107695223,1.17631974615459,0.0000014521670601,0.0000045694202856
PR01 Eastern - 6002,Cotton,PPIC_05_OtherField,1.48042893228129,0.885604107695223,1.17631974615459,0.0000014521670601,0.0000045694202856
PR01 Eastern - 6002,Field and Grain,PPIC_05_OtherField,1.48042893228129,0.885604107695223,1.17631974615459,0.0000014521670601,0.0000045694202856
PR01 Eastern - 6002,Safflower,PPIC_05_OtherField,1.48042893228129,0.885604107695223,1.17631974615459,0.0000014521670601,0.0000045694202856
PR01 Eastern - 6002,Sunflowers,PPIC_05_OtherField,1.48042893228129,0.885604107695223,1.17631974615459,0.0000014521670601,0.0000045694202856
PR01 Eastern - 6002,Almonds,PPIC_04_Trees,1.61984788457122,0.692275371065863,1.08465708966897,0.0000090683511071,0.0000139457786238
PR01 Eastern - 6002,Grapes Table,PPIC_04_Trees,1.61984788457122,0.692275371065863,1.08465708966897,0.0000090683511071,0.0000139457786238
PR01 Eastern - 6002,Grapes Wine,PPIC_04_Trees,1.61984788457122,0.692275371065863,1.08465708966897,0.0000090683511071,0.0000139457786238
PR01 Eastern - 6002,Orchards,PPIC_04_Trees,1.61984788457122,0.692275371065863,1.08465708966897,0.0000090683511071,0.0000139457786238
PR01 Eastern - 6002,Pistachios,PPIC_04_Trees,1.61984788457122,0.692275371065863,1.08465708966897,0.0000090683511071,0.0000139457786238
PR01 Eastern - 6002,Subtropical,PPIC_04_Trees,1.61984788457122,0.692275371065863,1.08465708966897,0.0000090683511071,0.0000139457786238
PR01 Eastern - 6002,Walnuts,PPIC_04_Trees,1.61984788457122,0.692275371065863,1.08465708966897,0.0000090683511071,0.0000139457786238
PR01 Eastern - 6002,Berries,PPIC_02_Vegetables,1.7034434239029,0.549801686728929,0.971795820804474,0.0000049695172853,0.0000099109114865
PR01 Eastern - 6002,Cucurbits,PPIC_02_Vegetables,1.7034434239029,0.549801686728929,0.971795820804474,0.0000049695172853,0.0000099109114865
PR01 Eastern - 6002,Lettuce,PPIC_02_Vegetables,1.7034434239029,0.549801686728929,0.971795820804474,0.0000049695172853,0.0000099109114865
PR01 Eastern - 6002,Onions and Garlic,PPIC_02_Vegetables,1.7034434239029,0.549801686728929,0.971795820804474,0.0000049695172853,0.0000099109114865
PR01 Eastern - 6002,Potatoes,PPIC_02_Vegetables,1.7034434239029,0.549801686728929,0.971795820804474,0.0000049695172853,0.0000099109114865
PR01 Eastern - 6002,Tomatoes Fresh,PPIC_02_Vegetables,1.7034434239029,0.549801686728929,0.971795820804474,0.0000049695172853,0.0000099109114865
PR01 Eastern - 6002,Tomatoes Processing,PPIC_02_Vegetables,1.7034434239029,0.549801686728929,0.971795820804474,0.0000049695172853,0.0000099109114865
PR01 Eastern - 6002,Truck,PPIC_02_Vegetables,1.7034434239029,0.549801686728929,0.971795820804474,0.0000049695172853,0.0000099109114865
PR01 Eastern - 6002,Corn,PPIC_03_Grain,1.73391190502281,0.563281167375603,1.00026595495366,0.0000020679451474,0.0000070425164941
PR01 Eastern - 6002,Rice,PPIC_03_Grain,1.73391190502281,0.563281167375603,1.00026595495366,0.0000020679451474,0.0000070425164941
PR01 Eastern - 6002,Alfalfa,PPIC_01_Feed_Crops,1.88958912121113,0.57840494843677,1.11175872273374,0.0000338773582163,0.0000400034987227
PR01 Eastern - 6002,Pasture,PPIC_01_Feed_Crops,1.88958912121113,0.57840494843677,1.11175872273374,0.0000338773582163,0.0000400034987227
PR07 Western - 5045,Beans Dry,PPIC_05_OtherField,1.48042893228129,0.885604107695223,1.17631974615459,0.0000014521670601,0.0000045694202856
PR07 Western - 5045,Cotton,PPIC_05_OtherField,1.48042893228129,0.885604107695223,1.17631974615459,0.0000014521670601,0.0000045694202856
PR07 Western - 5045,Field and Grain,PPIC_05_OtherField,1.48042893228129,0.885604107695223,1.17631974615459,0.0000014521670601,0.0000045694202856
PR07 Western - 5045,Safflower,PPIC_05_OtherField,1.48042893228129,0.885604107695223,1.17631974615459,0.0000014521670601,0.0000045694202856
PR07 Western - 5045,Sunflowers,PPIC_05_OtherField,1.48042893228129,0.885604107695223,1.17631974615459,0.0000014521670601,0.0000045694202856
PR07 Western - 5045,Almonds,PPIC_04_Trees,1.61984788457122,0.692275371065863,1.08465708966897,0.0000090683511071,0.0000139457786238
PR07 Western - 5045,Grapes Table,PPIC_04_Trees,1.61984788457122,0.692275371065863,1.08465708966897,0.0000090683511071,0.0000139457786238
PR07 Western - 5045,Grapes Wine,PPIC_04_Trees,1.61984788457122,0.692275371065863,1.08465708966897,0.0000090683511071,0.0000139457786238
PR07 Western - 5045,Orchards,PPIC_04_Trees,1.61984788457122,0.692275371065863,1.08465708966897,0.0000090683511071,0.0000139457786238
PR07 Western - 5045,Pistachios,PPIC_04_Trees,1.61984788457122,0.692275371065863,1.08465708966897,0.0000090683511071,0.0000139457786238
PR07 Western - 5045,Subtropical,PPIC_04_Trees,1.61984788457122,0.692275371065863,1.08465708966897,0.0000090683511071,0.0000139457786238
PR07 Western - 5045,Walnuts,PPIC_04_Trees,1.61984788457122,0.692275371065863,1.08465708966897,0.0000090683511071,0.0000139457786238
PR07 Western - 5045,Berries,PPIC_02_Vegetables,1.7034434239029,0.549801686728929,0.971795820804474,0.0000049695172853,0.0000099109114865
PR07 Western - 5045,Cucurbits,PPIC_02_Vegetables,1.7034434239029,0.549801686728929,0.971795820804474,0.0000049695172853,0.0000099109114865
PR07 Western - 5045,Lettuce,PPIC_02_Vegetables,1.7034434239029,0.549801686728929,0.971795820804474,0.0000049695172853,0.0000099109114865
PR07 Western - 5045,Onions and Garlic,PPIC_02_Vegetables,1.7034434239029,0.549801686728929,0.971795820804474,0.0000049695172853,0.0000099109114865
PR07 Western - 5045,Potatoes,PPIC_02_Vegetables,1.7034434239029,0.549801686728929,0.971795820804474,0.0000049695172853,0.0000099109114865
PR07 Western - 5045,Tomatoes Fresh,PPIC_02_Vegetables,1.7034434239029,0.549801686728929,0.971795820804474,0.0000049695172853,0.0000099109114865
PR07 Western - 5045,Tomatoes Processing,PPIC_02_Vegetables,1.7034434239029,0.549801686728929,0.971795820804474,0.0000049695172853,0.0000099109114865
PR07 Western - 5045,Truck,PPIC_02_Vegetables,1.7034434239029,0.549801686728929,0.971795820804474,0.0000049695172853,0.0000099109114865
PR07 Western - 5045,Corn,PPIC_03_Grain,1.73391190502281,0.563281167375603,1.00026595495366,0.0000020679451474,0.0000070425164941
PR07 Western - 5045,Rice,PPIC_03_Grain,1.73391190502281,0.563281167375603,1.00026595495366,0.0000020679451474,0.0000070425164941
PR07 Western - 5045,Alfalfa,PPIC_01_Feed_Crops,1.88958912121113,0.57840494843677,1.11175872273374,0.0000338773582163,0.0000400034987227
PR07 Western - 5045,Pasture,PPIC_01_Feed_Crops,1.88958912121113,0.57840494843677,1.11175872273374,0.0000338773582163,0.0000400034987227
PR05 Lower - 5054,Beans Dry,PPIC_05_OtherField,1.48042893228129,0.885604107695223,1.17631974615459,0.0000014521670601,0.0000045694202856
PR05 Lower - 5054,Cotton,PPIC_05_OtherField,1.48042893228129,0.885604107695223,1.17631974615459,0.0000014521670601,0.0000045694202856
PR05 Lower - 5054,Field and Grain,PPIC_05_OtherField,1.48042893228129,0.885604107695223,1.17631974615459,0.0000014521670601,0.0000045694202856
PR05 Lower - 5054,Safflower,PPIC_05_OtherField,1.48042893228129,0.885604107695223,1.17631974615459,0.0000014521670601,0.0000045694202856
PR05 Lower - 5054,Sunflowers,PPIC_05_OtherField,1.48042893228129,0.885604107695223,1.17631974615459,0.0000014521670601,0.0000045694202856
PR05 Lower - 5054,Almonds,PPIC_04_Trees,1.61984788457122,0.692275371065863,1.08465708966897,0.0000090683511071,0.0000139457786238
PR05 Lower - 5054,Grapes Table,PPIC_04_Trees,1.61984788457122,0.692275371065863,1.08465708966897,0.0000090683511071,0.0000139457786238
PR05 Lower - 5054,Grapes Wine,PPIC_04_Trees,1.61984788457122,0.692275371065863,1.08465708966897,0.0000090683511071,0.0000139457786238
PR05 Lower - 5054,Orchards,PPIC_04_Trees,1.61984788457122,0.692275371065863,1.08465708966897,0.0000090683511071,0.0000139457786238
PR05 Lower - 5054,Pistachios,PPIC_04_Trees,1.61984788457122,0.692275371065863,1.08465708966897,0.0000090683511071,0.0000139457786238
PR05 Lower - 5054,Subtropical,PPIC_04_Trees,1.61984788457122,0.692275371065863,1.08465708966897,0.0000090683511071,0.0000139457786238
PR05 Lower - 5054,Walnuts,PPIC_04_Trees,1.61984788457122,0.692275371065863,1.08465708966897,0.0000090683511071,0.0000139457786238
PR05 Lower - 5054,Berries,PPIC_02_Vegetables,1.7034434239029,0.549801686728929,0.971795820804474,0.0000049695172853,0.0000099109114865
PR05 Lower - 5054,Cucurbits,PPIC_02_Vegetables,1.7034434239029,0.549801686728929,0.971795820804474,0.0000049695172853,0.0000099109114865
PR05 Lower - 5054,Lettuce,PPIC_02_Vegetables,1.7034434239029,0.549801686728929,0.971795820804474,0.0000049695172853,0.0000099109114865
PR05 Lower - 5054,Onions and Garlic,PPIC_02_Vegetables,1.7034434239029,0.549801686728929,0.971795820804474,0.0000049695172853,0.0000099109114865
PR05 Lower - 5054,Potatoes,PPIC_02_Vegetables,1.7034434239029,0.549801686728929,0.971795820804474,0.0000049695172853,0.0000099109114865
PR05 Lower - 5054,Tomatoes Fresh,PPIC_02_Vegetables,1.7034434239029,0.549801686728929,0.971795820804474,0.0000049695172853,0.0000099109114865
PR05 Lower - 5054,Tomatoes Processing,PPIC_02_Vegetables,1.7034434239029,0.549801686728929,0.971795820804474,0.0000049695172853,0.0000099109114865
PR05 Lower - 5054,Truck,PPIC_02_Vegetables,1.7034434239029,0.549801686728929,0.971795820804474,0.0000049695172853,0.0000099109114865
PR05 Lower - 5054,Corn,PPIC_03_Grain,1.73391190502281,0.563281167375603,1.00026595495366,0.0000020679451474,0.0000070425164941
PR05 Lower - 5054,Rice,PPIC_03_Grain,1.73391190502281,0.563281167375603,1.00026595495366,0.0000020679451474,0.0000070425164941
PR05 Lower - 5054,Alfalfa,PPIC_01_Feed_Crops,1.88958912121113,0.57840494843677,1.11175872273374,0.0000338773582163,0.0000400034987227
PR05 Lower - 5054,Pasture,PPIC_01_Feed_Crops,1.88958912121113,0.57840494843677,1.11175872273374,0.0000338773582163,0.0000400034987227
PR08 Western - 5040,Beans Dry,PPIC_05_OtherField,1.48042893228129,0.885604107695223,1.17631974615459,0.0000014521670601,0.0000045694202856
PR08 Western - 5040,Cotton,PPIC_05_OtherField,1.48042893228129,0.885604107695223,1.17631974615459,0.0000014521670601,0.0000045694202856
PR08 Western - 5040,Field and Grain,PPIC_05_OtherField,1.48042893228129,0.885604107695223,1.17631974615459,0.0000014521670601,0.0000045694202856
PR08 Western - 5040,Safflower,PPIC_05_OtherField,1.48042893228129,0.885604107695223,1.17631974615459,0.0000014521670601,0.0000045694202856
PR08 Western - 5040,Sunflowers,PPIC_05_OtherField,1.48042893228129,0.885604107695223,1.17631974615459,0.0000014521670601,0.0000045694202856
PR08 Western - 5040,Almonds,PPIC_04_Trees,1.61984788457122,0.692275371065863,1.08465708966897,0.0000090683511071,0.0000139457786238
PR08 Western - 5040,Grapes Table,PPIC_04_Trees,1.61984788457122,0.692275371065863,1.08465708966897,0.0000090683511071,0.0000139457786238
PR08 Western - 5040,Grapes Wine,PPIC_04_Trees,1.61984788457122,0.692275371065863,1.08465708966897,0.0000090683511071,0.0000139457786238
PR08 Western - 5040,Orchards,PPIC_04_Trees,1.61984788457122,0.692275371065863,1.08465708966897,0.0000090683511071,0.0000139457786238
PR08 Western - 5040,Pistachios,PPIC_04_Trees,1.61984788457122,0.692275371065863,1.08465708966897,0.0000090683511071,0.0000139457786238
PR08 Western - 5040,Subtropical,PPIC_04_Trees,1.61984788457122,0.692275371065863,1.08465708966897,0.0000090683511071,0.0000139457786238
PR08 Western - 5040,Walnuts,PPIC_04_Trees,1.61984788457122,0.692275371065863,1.08465708966897,0.0000090683511071,0.0000139457786238
PR08 Western - 5040,Berries,PPIC_02_Vegetables,1.7034434239029,0.549801686728929,0.971795820804474,0.0000049695172853,0.0000099109114865
PR08 Western - 5040,Cucurbits,PPIC_02_Vegetables,1.7034434239029,0.549801686728929,0.971795820804474,0.0000049695172853,0.0000099109114865
PR08 Western - 5040,Lettuce,PPIC_02_Vegetables,1.7034434239029,0.549801686728929,0.971795820804474,0.0000049695172853,0.0000099109114865
PR08 Western - 5040,Onions and Garlic,PPIC_02_Vegetables,1.7034434239029,0.549801686728929,0.971795820804474,0.0000049695172853,0.0000099109114865
PR08 Western - 5040,Potatoes,PPIC_02_Vegetables,1.7034434239029,0.549801686728929,0.971795820804474,0.0000049695172853,0.0000099109114865
PR08 Western - 5040,Tomatoes Fresh,PPIC_02_Vegetables,1.7034434239029,0.549801686728929,0.971795820804474,0.0000049695172853,0.0000099109114865
PR08 Western - 5040,Tomatoes Processing,PPIC_02_Vegetables,1.7034434239029,0.549801686728929,0.971795820804474,0.0000049695172853,0.0000099109114865
PR08 Western - 5040,Truck,PPIC_02_Vegetables,1.7034434239029,0.549801686728929,0.971795820804474,0.0000049695172853,0.0000099109114865
PR08 Western - 5040,Corn,PPIC_03_Grain,1.73391190502281,0.563281167375603,1.00026595495366,0.0000020679451474,0.0000070425164941
PR08 Western - 5040,Rice,PPIC_03_Grain,1.73391190502281,0.563281167375603,1.00026595495366,0.0000020679451474,0.0000070425164941
PR08 Western - 5040,Alfalfa,PPIC_01_Feed_Crops,1.88958912121113,0.57840494843677,1.11175872273374,0.0000338773582163,0.0000400034987227
PR08 Western - 5040,Pasture,PPIC_01_Feed_Crops,1.88958912121113,0.57840494843677,1.11175872273374,0.0000338773582163,0.0000400034987227
PR06 Central - 5036,Beans Dry,PPIC_05_OtherField,1.48042893228129,0.885604107695223,1.17631974615459,0.0000014521670601,0.0000045694202856
PR06 Central - 5036,Cotton,PPIC_05_OtherField,1.48042893228129,0.885604107695223,1.17631974615459,0.0000014521670601,0.0000045694202856
PR06 Central - 5036,Field and Grain,PPIC_05_OtherField,1.48042893228129,0.885604107695223,1.17631974615459,0.0000014521670601,0.0000045694202856
PR06 Central - 5036,Safflower,PPIC_05_OtherField,1.48042893228129,0.885604107695223,1.17631974615459,0.0000014521670601,0.0000045694202856
PR06 Central - 5036,Sunflowers,PPIC_05_OtherField,1.48042893228129,0.885604107695223,1.17631974615459,0.0000014521670601,0.0000045694202856
PR06 Central - 5036,Almonds,PPIC_04_Trees,1.61984788457122,0.692275371065863,1.08465708966897,0.0000090683511071,0.0000139457786238
PR06 Central - 5036,Grapes Table,PPIC_04_Trees,1.61984788457122,0.692275371065863,1.08465708966897,0.0000090683511071,0.0000139457786238
PR06 Central - 5036,Grapes Wine,PPIC_04_Trees,1.61984788457122,0.692275371065863,1.08465708966897,0.0000090683511071,0.0000139457786238
PR06 Central - 5036,Orchards,PPIC_04_Trees,1.61984788457122,0.692275371065863,1.08465708966897,0.0000090683511071,0.0000139457786238
PR06 Central - 5036,Pistachios,PPIC_04_Trees,1.61984788457122,0.692275371065863,1.08465708966897,0.0000090683511071,0.0000139457786238
PR06 Central - 5036,Subtropical,PPIC_04_Trees,1.61984788457122,0.692275371065863,1.08465708966897,0.0000090683511071,0.0000139457786238
PR06 Central - 5036,Walnuts,PPIC_04_Trees,1.61984788457122,0.692275371065863,1.08465708966897,0.0000090683511071,0.0000139457786238
PR06 Central - 5036,Berries,PPIC_02_Vegetables,1.7034434239029,0.549801686728929,0.971795820804474,0.0000049695172853,0.0000099109114865
PR06 Central - 5036,Cucurbits,PPIC_02_Vegetables,1.7034434239029,0.549801686728929,0.971795820804474,0.0000049695172853,0.0000099109114865
PR06 Central - 5036,Lettuce,PPIC_02_Vegetables,1.7034434239029,0.549801686728929,0.971795820804474,0.0000049695172853,0.0000099109114865
PR06 Central - 5036,Onions and Garlic,PPIC_02_Vegetables,1.7034434239029,0.549801686728929,0.971795820804474,0.0000049695172853,0.0000099109114865
PR06 Central - 5036,Potatoes,PPIC_02_Vegetables,1.7034434239029,0.549801686728929,0.971795820804474,0.0000049695172853,0.0000099109114865
PR06 Central - 5036,Tomatoes Fresh,PPIC_02_Vegetables,1.7034434239029,0.549801686728929,0.971795820804474,0.0000049695172853,0.0000099109114865
PR06 Central - 5036,Tomatoes Processing,PPIC_02_Vegetables,1.7034434239029,0.549801686728929,0.971795820804474,0.0000049695172853,0.0000099109114865
PR06 Central - 5036,Truck,PPIC_02_Vegetables,1.7034434239029,0.549801686728929,0.971795820804474,0.0000049695172853,0.0000099109114865
PR06 Central - 5036,Corn,PPIC_03_Grain,1.73391190502281,0.563281167375603,1.00026595495366,0.0000020679451474,0.0000070425164941
PR06 Central - 5036,Rice,PPIC_03_Grain,1.73391190502281,0.563281167375603,1.00026595495366,0.0000020679451474,0.0000070425164941
PR06 Central - 5036,Alfalfa,PPIC_01_Feed_Crops,1.88958912121113,0.57840494843677,1.11175872273374,0.0000338773582163,0.0000400034987227
PR06 Central - 5036,Pasture,PPIC_01_Feed_Crops,1.88958912121113,0.57840494843677,1.11175872273374,0.0000338773582163,0.0000400034987227
PR08 Eastern - 5003,Beans Dry,PPIC_05_OtherField,1.48042893228129,0.885604107695223,1.17631974615459,0.0000014521670601,0.0000045694202856
PR08 Eastern - 5003,Cotton,PPIC_05_OtherField,1.48042893228129,0.885604107695223,1.17631974615459,0.0000014521670601,0.0000045694202856
PR08 Eastern - 5003,Field and Grain,PPIC_05_OtherField,1.48042893228129,0.885604107695223,1.17631974615459,0.0000014521670601,0.0000045694202856
PR08 Eastern - 5003,Safflower,PPIC_05_OtherField,1.48042893228129,0.885604107695223,1.17631974615459,0.0000014521670601,0.0000045694202856
PR08 Eastern - 5003,Sunflowers,PPIC_05_OtherField,1.48042893228129,0.885604107695223,1.17631974615459,0.0000014521670601,0.0000045694202856
PR08 Eastern - 5003,Almonds,PPIC_04_Trees,1.61984788457122,0.692275371065863,1.08465708966897,0.0000090683511071,0.0000139457786238
PR08 Eastern - 5003,Grapes Table,PPIC_04_Trees,1.61984788457122,0.692275371065863,1.08465708966897,0.0000090683511071,0.0000139457786238
PR08 Eastern - 5003,Grapes Wine,PPIC_04_Trees,1.61984788457122,0.692275371065863,1.08465708966897,0.0000090683511071,0.0000139457786238
PR08 Eastern - 5003,Orchards,PPIC_04_Trees,1.61984788457122,0.692275371065863,1.08465708966897,0.0000090683511071,0.0000139457786238
PR08 Eastern - 5003,Pistachios,PPIC_04_Trees,1.61984788457122,0.692275371065863,1.08465708966897,0.0000090683511071,0.0000139457786238
PR08 Eastern - 5003,Subtropical,PPIC_04_Trees,1.61984788457122,0.692275371065863,1.08465708966897,0.0000090683511071,0.0000139457786238
PR08 Eastern - 5003,Walnuts,PPIC_04_Trees,1.61984788457122,0.692275371065863,1.08465708966897,0.0000090683511071,0.0000139457786238
PR08 Eastern - 5003,Berries,PPIC_02_Vegetables,1.7034434239029,0.549801686728929,0.971795820804474,0.0000049695172853,0.0000099109114865
PR08 Eastern - 5003,Cucurbits,PPIC_02_Vegetables,1.7034434239029,0.549801686728929,0.971795820804474,0.0000049695172853,0.0000099109114865
PR08 Eastern - 5003,Lettuce,PPIC_02_Vegetables,1.7034434239029,0.549801686728929,0.971795820804474,0.0000049695172853,0.0000099109114865
PR08 Eastern - 5003,Onions and Garlic,PPIC_02_Vegetables,1.7034434239029,0.549801686728929,0.971795820804474,0.0000049695172853,0.0000099109114865
PR08 Eastern - 5003,Potatoes,PPIC_02_Vegetables,1.7034434239029,0.549801686728929,0.971795820804474,0.0000049695172853,0.0000099109114865
PR08 Eastern - 5003,Tomatoes Fresh,PPIC_02_Vegetables,1.7034434239029,0.549801686728929,0.971795820804474,0.0000049695172853,0.0000099109114865
PR08 Eastern - 5003,Tomatoes Processing,PPIC_02_Vegetables,1.7034434239029,0.549801686728929,0.971795820804474,0.0000049695172853,0.0000099109114865
PR08 Eastern - 5003,Truck,PPIC_02_Vegetables,1.7034434239029,0.549801686728929,0.971795820804474,0.0000049695172853,0.0000099109114865
PR08 Eastern - 5003,Corn,PPIC_03_Grain,1.73391190502281,0.563281167375603,1.00026595495366,0.0000020679451474,0.0000070425164941
PR08 Eastern - 5003,Rice,PPIC_03_Grain,1.73391190502281,0.563281167375603,1.00026595495366,0.0000020679451474,0.0000070425164941
PR08 Eastern - 5003,Alfalfa,PPIC_01_Feed_Crops,1.88958912121113,0.57840494843677,1.11175872273374,0.0000338773582163,0.0000400034987227
PR08 Eastern - 5003,Pasture,PPIC_01_Feed_Crops,1.88958912121113,0.57840494843677,1.11175872273374,0.0000338773582163,0.0000400034987227
PR09 Eastern - 5043,Beans Dry,PPIC_05_OtherField,1.48042893228129,0.885604107695223,1.17631974615459,0.0000014521670601,0.0000045694202856
PR09 Eastern - 5043,Cotton,PPIC_05_OtherField,1.48042893228129,0.885604107695223,1.17631974615459,0.0000014521670601,0.0000045694202856
PR09 Eastern - 5043,Field and Grain,PPIC_05_OtherField,1.48042893228129,0.885604107695223,1.17631974615459,0.0000014521670601,0.0000045694202856
PR09 Eastern - 5043,Safflower,PPIC_05_OtherField,1.48042893228129,0.885604107695223,1.17631974615459,0.0000014521670601,0.0000045694202856
PR09 Eastern - 5043,Sunflowers,PPIC_05_OtherField,1.48042893228129,0.885604107695223,1.17631974615459,0.0000014521670601,0.0000045694202856
PR09 Eastern - 5043,Almonds,PPIC_04_Trees,1.61984788457122,0.692275371065863,1.08465708966897,0.0000090683511071,0.0000139457786238
PR09 Eastern - 5043,Grapes Table,PPIC_04_Trees,1.61984788457122,0.692275371065863,1.08465708966897,0.0000090683511071,0.0000139457786238
PR09 Eastern - 5043,Grapes Wine,PPIC_04_Trees,1.61984788457122,0.692275371065863,1.08465708966897,0.0000090683511071,0.0000139457786238
PR09 Eastern - 5043,Orchards,PPIC_04_Trees,1.61984788457122,0.692275371065863,1.08465708966897,0.0000090683511071,0.0000139457786238
PR09 Eastern - 5043,Pistachios,PPIC_04_Trees,1.61984788457122,0.692275371065863,1.08465708966897,0.0000090683511071,0.0000139457786238
PR09 Eastern - 5043,Subtropical,PPIC_04_Trees,1.61984788457122,0.692275371065863,1.08465708966897,0.0000090683511071,0.0000139457786238
PR09 Eastern - 5043,Walnuts,PPIC_04_Trees,1.61984788457122,0.692275371065863,1.08465708966897,0.0000090683511071,0.0000139457786238
PR09 Eastern - 5043,Berries,PPIC_02_Vegetables,1.7034434239029,0.549801686728929,0.971795820804474,0.0000049695172853,0.0000099109114865
PR09 Eastern - 5043,Cucurbits,PPIC_02_Vegetables,1.7034434239029,0.549801686728929,0.971795820804474,0.0000049695172853,0.0000099109114865
PR09 Eastern - 5043,Lettuce,PPIC_02_Vegetables,1.7034434239029,0.549801686728929,0.971795820804474,0.0000049695172853,0.0000099109114865
PR09 Eastern - 5043,Onions and Garlic,PPIC_02_Vegetables,1.7034434239029,0.549801686728929,0.971795820804474,0.0000049695172853,0.0000099109114865
PR09 Eastern - 5043,Potatoes,PPIC_02_Vegetables,1.7034434239029,0.549801686728929,0.971795820804474,0.0000049695172853,0.0000099109114865
PR09 Eastern - 5043,Tomatoes Fresh,PPIC_02_Vegetables,1.7034434239029,0.549801686728929,0.971795820804474,0.0000049695172853,0.0000099109114865
PR09 Eastern - 5043,Tomatoes Processing,PPIC_02_Vegetables,1.7034434239029,0.549801686728929,0.971795820804474,0.0000049695172853,0.0000099109114865
PR09 Eastern - 5043,Truck,PPIC_02_Vegetables,1.7034434239029,0.549801686728929,0.971795820804474,0.0000049695172853,0.0000099109114865
PR09 Eastern - 5043,Corn,PPIC_03_Grain,1.73391190502281,0.563281167375603,1.00026595495366,0.0000020679451474,0.0000070425164941
PR09 Eastern - 5043,Rice,PPIC_03_Grain,1.73391190502281,0.563281167375603,1.00026595495366,0.0000020679451474,0.0000070425164941
PR09 Eastern - 5043,Alfalfa,PPIC_01_Feed_Crops,1.88958912121113,0.57840494843677,1.11175872273374,0.0000338773582163,0.0000400034987227
PR09 Eastern - 5043,Pasture,PPIC_01_Feed_Crops,1.88958912121113,0.57840494843677,1.11175872273374,0.0000338773582163,0.0000400034987227
PR10 Central - 5004,Beans Dry,PPIC_05_OtherField,1.48042893228129,0.885604107695223,1.17631974615459,0.0000014521670601,0.0000045694202856
PR10 Central - 5004,Cotton,PPIC_05_OtherField,1.48042893228129,0.885604107695223,1.17631974615459,0.0000014521670601,0.0000045694202856
PR10 Central - 5004,Field and Grain,PPIC_05_OtherField,1.48042893228129,0.885604107695223,1.17631974615459,0.0000014521670601,0.0000045694202856
PR10 Central - 5004,Safflower,PPIC_05_OtherField,1.48042893228129,0.885604107695223,1.17631974615459,0.0000014521670601,0.0000045694202856
PR10 Central - 5004,Sunflowers,PPIC_05_OtherField,1.48042893228129,0.885604107695223,1.17631974615459,0.0000014521670601,0.0000045694202856
PR10 Central - 5004,Almonds,PPIC_04_Trees,1.61984788457122,0.692275371065863,1.08465708966897,0.0000090683511071,0.0000139457786238
PR10 Central - 5004,Grapes Table,PPIC_04_Trees,1.61984788457122,0.692275371065863,1.08465708966897,0.0000090683511071,0.0000139457786238
PR10 Central - 5004,Grapes Wine,PPIC_04_Trees,1.61984788457122,0.692275371065863,1.08465708966897,0.0000090683511071,0.0000139457786238
PR10 Central - 5004,Orchards,PPIC_04_Trees,1.61984788457122,0.692275371065863,1.08465708966897,0.0000090683511071,0.0000139457786238
PR10 Central - 5004,Pistachios,PPIC_04_Trees,1.61984788457122,0.692275371065863,1.08465708966897,0.0000090683511071,0.0000139457786238
PR10 Central - 5004,Subtropical,PPIC_04_Trees,1.61984788457122,0.692275371065863,1.08465708966897,0.0000090683511071,0.0000139457786238
PR10 Central - 5004,Walnuts,PPIC_04_Trees,1.61984788457122,0.692275371065863,1.08465708966897,0.0000090683511071,0.0000139457786238
PR10 Central - 5004,Berries,PPIC_02_Vegetables,1.7034434239029,0.549801686728929,0.971795820804474,0.0000049695172853,0.0000099109114865
PR10 Central - 5004,Cucurbits,PPIC_02_Vegetables,1.7034434239029,0.549801686728929,0.971795820804474,0.0000049695172853,0.0000099109114865
PR10 Central - 5004,Lettuce,PPIC_02_Vegetables,1.7034434239029,0.549801686728929,0.971795820804474,0.0000049695172853,0.0000099109114865
PR10 Central - 5004,Onions and Garlic,PPIC_02_Vegetables,1.7034434239029,0.549801686728929,0.971795820804474,0.0000049695172853,0.0000099109114865
PR10 Central - 5004,Potatoes,PPIC_02_Vegetables,1.7034434239029,0.549801686728929,0.971795820804474,0.0000049695172853,0.0000099109114865
PR10 Central - 5004,Tomatoes Fresh,PPIC_02_Vegetables,1.7034434239029,0.549801686728929,0.971795820804474,0.0000049695172853,0.0000099109114865
PR10 Central - 5004,Tomatoes Processing,PPIC_02_Vegetables,1.7034434239029,0.549801686728929,0.971795820804474,0.0000049695172853,0.0000099109114865
PR10 Central - 5004,Truck,PPIC_02_Vegetables,1.7034434239029,0.549801686728929,0.971795820804474,0.0000049695172853,0.0000099109114865
PR10 Central - 5004,Corn,PPIC_03_Grain,1.73391190502281,0.563281167375603,1.00026595495366,0.0000020679451474,0.0000070425164941
PR10 Central - 5004,Rice,PPIC_03_Grain,1.73391190502281,0.563281167375603,1.00026595495366,0.0000020679451474,0.0000070425164941
PR10 Central - 5004,Alfalfa,PPIC_01_Feed_Crops,1.88958912121113,0.57840494843677,1.11175872273374,0.0000338773582163,0.0000400034987227
PR10 Central - 5004,Pasture,PPIC_01_Feed_Crops,1.88958912121113,0.57840494843677,1.11175872273374,0.0000338773582163,0.0000400034987227
PR11 Central - 500202,Beans Dry,PPIC_05_OtherField,1.48042893228129,0.885604107695223,1.17631974615459,0.0000014521670601,0.0000045694202856
PR11 Central - 500202,Cotton,PPIC_05_OtherField,1.48042893228129,0.885604107695223,1.17631974615459,0.0000014521670601,0.0000045694202856
PR11 Central - 500202,Field and Grain,PPIC_05_OtherField,1.48042893228129,0.885604107695223,1.17631974615459,0.0000014521670601,0.0000045694202856
PR11 Central - 500202,Safflower,PPIC_05_OtherField,1.48042893228129,0.885604107695223,1.17631974615459,0.0000014521670601,0.0000045694202856
PR11 Central - 500202,Sunflowers,PPIC_05_OtherField,1.48042893228129,0.885604107695223,1.17631974615459,0.0000014521670601,0.0000045694202856
PR11 Central - 500202,Almonds,PPIC_04_Trees,1.61984788457122,0.692275371065863,1.08465708966897,0.0000090683511071,0.0000139457786238
PR11 Central - 500202,Grapes Table,PPIC_04_Trees,1.61984788457122,0.692275371065863,1.08465708966897,0.0000090683511071,0.0000139457786238
PR11 Central - 500202,Grapes Wine,PPIC_04_Trees,1.61984788457122,0.692275371065863,1.08465708966897,0.0000090683511071,0.0000139457786238
PR11 Central - 500202,Orchards,PPIC_04_Trees,1.61984788457122,0.692275371065863,1.08465708966897,0.0000090683511071,0.0000139457786238
PR11 Central - 500202,Pistachios,PPIC_04_Trees,1.61984788457122,0.692275371065863,1.08465708966897,0.0000090683511071,0.0000139457786238
PR11 Central - 500202,Subtropical,PPIC_04_Trees,1.61984788457122,0.692275371065863,1.08465708966897,0.0000090683511071,0.0000139457786238
PR11 Central - 500202,Walnuts,PPIC_04_Trees,1.61984788457122,0.692275371065863,1.08465708966897,0.0000090683511071,0.0000139457786238
PR11 Central - 500202,Berries,PPIC_02_Vegetables,1.7034434239029,0.549801686728929,0.971795820804474,0.0000049695172853,0.0000099109114865
PR11 Central - 500202,Cucurbits,PPIC_02_Vegetables,1.7034434239029,0.549801686728929,0.971795820804474,0.0000049695172853,0.0000099109114865
PR11 Central - 500202,Lettuce,PPIC_02_Vegetables,1.7034434239029,0.549801686728929,0.971795820804474,0.0000049695172853,0.0000099109114865
PR11 Central - 500202,Onions and Garlic,PPIC_02_Vegetables,1.7034434239029,0.549801686728929,0.971795820804474,0.0000049695172853,0.0000099109114865
PR11 Central - 500202,Potatoes,PPIC_02_Vegetables,1.7034434239029,0.549801686728929,0.971795820804474,0.0000049695172853,0.0000099109114865
PR11 Central - 500202,Tomatoes Fresh,PPIC_02_Vegetables,1.7034434239029,0.549801686728929,0.971795820804474,0.0000049695172853,0.0000099109114865
PR11 Central - 500202,Tomatoes Processing,PPIC_02_Vegetables,1.7034434239029,0.549801686728929,0.971795820804474,0.0000049695172853,0.0000099109114865
PR11 Central - 500202,Truck,PPIC_02_Vegetables,1.7034434239029,0.549801686728929,0.971795820804474,0.0000049695172853,0.0000099109114865
PR11 Central - 500202,Corn,PPIC_03_Grain,1.73391190502281,0.563281167375603,1.00026595495366,0.0000020679451474,0.0000070425164941
PR11 Central - 500202,Rice,PPIC_03_Grain,1.73391190502281,0.563281167375603,1.00026595495366,0.0000020679451474,0.0000070425164941
PR11 Central - 500202,Alfalfa,PPIC_01_Feed_Crops,1.88958912121113,0.57840494843677,1.11175872273374,0.0000338773582163,0.0000400034987227
PR11 Central - 500202,Pasture,PPIC_01_Feed_Crops,1.88958912121113,0.57840494843677,1.11175872273374,0.0000338773582163,0.0000400034987227
PR12 Eastern - 500201,Beans Dry,PPIC_05_OtherField,1.48042893228129,0.885604107695223,1.17631974615459,0.0000014521670601,0.0000045694202856
PR12 Eastern - 500201,Cotton,PPIC_05_OtherField,1.48042893228129,0.885604107695223,1.17631974615459,0.0000014521670601,0.0000045694202856
PR12 Eastern - 500201,Field and Grain,PPIC_05_OtherField,1.48042893228129,0.885604107695223,1.17631974615459,0.0000014521670601,0.0000045694202856
PR12 Eastern - 500201,Safflower,PPIC_05_OtherField,1.48042893228129,0.885604107695223,1.17631974615459,0.0000014521670601,0.0000045694202856
PR12 Eastern - 500201,Sunflowers,PPIC_05_OtherField,1.48042893228129,0.885604107695223,1.17631974615459,0.0000014521670601,0.0000045694202856
PR12 Eastern - 500201,Almonds,PPIC_04_Trees,1.61984788457122,0.692275371065863,1.08465708966897,0.0000090683511071,0.0000139457786238
PR12 Eastern - 500201,Grapes Table,PPIC_04_Trees,1.61984788457122,0.692275371065863,1.08465708966897,0.0000090683511071,0.0000139457786238
PR12 Eastern - 500201,Grapes Wine,PPIC_04_Trees,1.61984788457122,0.692275371065863,1.08465708966897,0.0000090683511071,0.0000139457786238
PR12 Eastern - 500201,Orchards,PPIC_04_Trees,1.61984788457122,0.692275371065863,1.08465708966897,0.0000090683511071,0.0000139457786238
PR12 Eastern - 500201,Pistachios,PPIC_04_Trees,1.61984788457122,0.692275371065863,1.08465708966897,0.0000090683511071,0.0000139457786238
PR12 Eastern - 500201,Subtropical,PPIC_04_Trees,1.61984788457122,0.692275371065863,1.08465708966897,0.0000090683511071,0.0000139457786238
PR12 Eastern - 500201,Walnuts,PPIC_04_Trees,1.61984788457122,0.692275371065863,1.08465708966897,0.0000090683511071,0.0000139457786238
PR12 Eastern - 500201,Berries,PPIC_02_Vegetables,1.7034434239029,0.549801686728929,0.971795820804474,0.0000049695172853,0.0000099109114865
PR12 Eastern - 500201,Cucurbits,PPIC_02_Vegetables,1.7034434239029,0.549801686728929,0.971795820804474,0.0000049695172853,0.0000099109114865
PR12 Eastern - 500201,Lettuce,PPIC_02_Vegetables,1.7034434239029,0.549801686728929,0.971795820804474,0.0000049695172853,0.0000099109114865
PR12 Eastern - 500201,Onions and Garlic,PPIC_02_Vegetables,1.7034434239029,0.549801686728929,0.971795820804474,0.0000049695172853,0.0000099109114865
PR12 Eastern - 500201,Potatoes,PPIC_02_Vegetables,1.7034434239029,0.549801686728929,0.971795820804474,0.0000049695172853,0.0000099109114865
PR12 Eastern - 500201,Tomatoes Fresh,PPIC_02_Vegetables,1.7034434239029,0.549801686728929,0.971795820804474,0.0000049695172853,0.0000099109114865
PR12 Eastern - 500201,Tomatoes Processing,PPIC_02_Vegetables,1.7034434239029,0.549801686728929,0.971795820804474,0.0000049695172853,0.0000099109114865
PR12 Eastern - 500201,Truck,PPIC_02_Vegetables,1.7034434239029,0.549801686728929,0.971795820804474,0.0000049695172853,0.0000099109114865
PR12 Eastern - 500201,Corn,PPIC_03_Grain,1.73391190502281,0.563281167375603,1.00026595495366,0.0000020679451474,0.0000070425164941
PR12 Eastern - 500201,Rice,PPIC_03_Grain,1.73391190502281,0.563281167375603,1.00026595495366,0.0000020679451474,0.0000070425164941
PR12 Eastern - 500201,Alfalfa,PPIC_01_Feed_Crops,1.88958912121113,0.57840494843677,1.11175872273374,0.0000338773582163,0.0000400034987227
PR12 Eastern - 500201,Pasture,PPIC_01_Feed_Crops,1.88958912121113,0.57840494843677,1.11175872273374,0.0000338773582163,0.0000400034987227
PR13 Eastern - 5086,Beans Dry,PPIC_05_OtherField,1.48042893228129,0.885604107695223,1.17631974615459,0.0000014521670601,0.0000045694202856
PR13 Eastern - 5086,Cotton,PPIC_05_OtherField,1.48042893228129,0.885604107695223,1.17631974615459,0.0000014521670601,0.0000045694202856
PR13 Eastern - 5086,Field and Grain,PPIC_05_OtherField,1.48042893228129,0.885604107695223,1.17631974615459,0.0000014521670601,0.0000045694202856
PR13 Eastern - 5086,Safflower,PPIC_05_OtherField,1.48042893228129,0.885604107695223,1.17631974615459,0.0000014521670601,0.0000045694202856
PR13 Eastern - 5086,Sunflowers,PPIC_05_OtherField,1.48042893228129,0.885604107695223,1.17631974615459,0.0000014521670601,0.0000045694202856
PR13 Eastern - 5086,Almonds,PPIC_04_Trees,1.61984788457122,0.692275371065863,1.08465708966897,0.0000090683511071,0.0000139457786238
PR13 Eastern - 5086,Grapes Table,PPIC_04_Trees,1.61984788457122,0.692275371065863,1.08465708966897,0.0000090683511071,0.0000139457786238
PR13 Eastern - 5086,Grapes Wine,PPIC_04_Trees,1.61984788457122,0.692275371065863,1.08465708966897,0.0000090683511071,0.0000139457786238
PR13 Eastern - 5086,Orchards,PPIC_04_Trees,1.61984788457122,0.692275371065863,1.08465708966897,0.0000090683511071,0.0000139457786238
PR13 Eastern - 5086,Pistachios,PPIC_04_Trees,1.61984788457122,0.692275371065863,1.08465708966897,0.0000090683511071,0.0000139457786238
PR13 Eastern - 5086,Subtropical,PPIC_04_Trees,1.61984788457122,0.692275371065863,1.08465708966897,0.0000090683511071,0.0000139457786238
PR13 Eastern - 5086,Walnuts,PPIC_04_Trees,1.61984788457122,0.692275371065863,1.08465708966897,0.0000090683511071,0.0000139457786238
PR13 Eastern - 5086,Berries,PPIC_02_Vegetables,1.7034434239029,0.549801686728929,0.971795820804474,0.0000049695172853,0.0000099109114865
PR13 Eastern - 5086,Cucurbits,PPIC_02_Vegetables,1.7034434239029,0.549801686728929,0.971795820804474,0.0000049695172853,0.0000099109114865
PR13 Eastern - 5086,Lettuce,PPIC_02_Vegetables,1.7034434239029,0.549801686728929,0.971795820804474,0.0000049695172853,0.0000099109114865
PR13 Eastern - 5086,Onions and Garlic,PPIC_02_Vegetables,1.7034434239029,0.549801686728929,0.971795820804474,0.0000049695172853,0.0000099109114865
PR13 Eastern - 5086,Potatoes,PPIC_02_Vegetables,1.7034434239029,0.549801686728929,0.971795820804474,0.0000049695172853,0.0000099109114865
PR13 Eastern - 5086,Tomatoes Fresh,PPIC_02_Vegetables,1.7034434239029,0.549801686728929,0.971795820804474,0.0000049695172853,0.0000099109114865
PR13 Eastern - 5086,Tomatoes Processing,PPIC_02_Vegetables,1.7034434239029,0.549801686728929,0.971795820804474,0.0000049695172853,0.0000099109114865
PR13 Eastern - 5086,Truck,PPIC_02_Vegetables,1.7034434239029,0.549801686728929,0.971795820804474,0.0000049695172853,0.0000099109114865
PR13 Eastern - 5086,Corn,PPIC_03_Grain,1.73391190502281,0.563281167375603,1.00026595495366,0.0000020679451474,0.0000070425164941
PR13 Eastern - 5086,Rice,PPIC_03_Grain,1.73391190502281,0.563281167375603,1.00026595495366,0.0000020679451474,0.0000070425164941
PR13 Eastern - 5086,Alfalfa,PPIC_01_Feed_Crops,1.88958912121113,0.57840494843677,1.11175872273374,0.0000338773582163,0.0000400034987227
PR13 Eastern - 5086,Pasture,PPIC_01_Feed_Crops,1.88958912121113,0.57840494843677,1.11175872273374,0.0000338773582163,0.0000400034987227
SRV01 - 1005,Beans Dry,PPIC_05_OtherField,1.48042893228129,0.885604107695223,1.17631974615459,0.0000014521670601,0.0000045694202856
SRV01 - 1005,Cotton,PPIC_05_OtherField,1.48042893228129,0.885604107695223,1.17631974615459,0.0000014521670601,0.0000045694202856
SRV01 - 1005,Field and Grain,PPIC_05_OtherField,1.48042893228129,0.885604107695223,1.17631974615459,0.0000014521670601,0.0000045694202856
SRV01 - 1005,Safflower,PPIC_05_OtherField,1.48042893228129,0.885604107695223,1.17631974615459,0.0000014521670601,0.0000045694202856
SRV01 - 1005,Sunflowers,PPIC_05_OtherField,1.48042893228129,0.885604107695223,1.17631974615459,0.0000014521670601,0.0000045694202856
SRV01 - 1005,Almonds,PPIC_04_Trees,1.61984788457122,0.692275371065863,1.08465708966897,0.0000090683511071,0.0000139457786238
SRV01 - 1005,Grapes Table,PPIC_04_Trees,1.61984788457122,0.692275371065863,1.08465708966897,0.0000090683511071,0.0000139457786238
SRV01 - 1005,Grapes Wine,PPIC_04_Trees,1.61984788457122,0.692275371065863,1.08465708966897,0.0000090683511071,0.0000139457786238
SRV01 - 1005,Orchards,PPIC_04_Trees,1.61984788457122,0.692275371065863,1.08465708966897,0.0000090683511071,0.0000139457786238
SRV01 - 1005,Pistachios,PPIC_04_Trees,1.61984788457122,0.692275371065863,1.08465708966897,0.0000090683511071,0.0000139457786238
SRV01 - 1005,Subtropical,PPIC_04_Trees,1.61984788457122,0.692275371065863,1.08465708966897,0.0000090683511071,0.0000139457786238
SRV01 - 1005,Walnuts,PPIC_04_Trees,1.61984788457122,0.692275371065863,1.08465708966897,0.0000090683511071,0.0000139457786238
SRV01 - 1005,Berries,PPIC_02_Vegetables,1.7034434239029,0.549801686728929,0.971795820804474,0.0000049695172853,0.0000099109114865
SRV01 - 1005,Cucurbits,PPIC_02_Vegetables,1.7034434239029,0.549801686728929,0.971795820804474,0.0000049695172853,0.0000099109114865
SRV01 - 1005,Lettuce,PPIC_02_Vegetables,1.7034434239029,0.549801686728929,0.971795820804474,0.0000049695172853,0.0000099109114865
SRV01 - 1005,Onions and Garlic,PPIC_02_Vegetables,1.7034434239029,0.549801686728929,0.971795820804474,0.0000049695172853,0.0000099109114865
SRV01 - 1005,Potatoes,PPIC_02_Vegetables,1.7034434239029,0.549801686728929,0.971795820804474,0.0000049695172853,0.0000099109114865
SRV01 - 1005,Tomatoes Fresh,PPIC_02_Vegetables,1.7034434239029,0.549801686728929,0.971795820804474,0.0000049695172853,0.0000099109114865
SRV01 - 1005,Tomatoes Processing,PPIC_02_Vegetables,1.7034434239029,0.549801686728929,0.971795820804474,0.0000049695172853,0.0000099109114865
SRV01 - 1005,Truck,PPIC_02_Vegetables,1.7034434239029,0.549801686728929,0.971795820804474,0.0000049695172853,0.0000099109114865
SRV01 - 1005,Corn,PPIC_03_Grain,1.73391190502281,0.563281167375603,1.00026595495366,0.0000020679451474,0.0000070425164941
SRV01 - 1005,Rice,PPIC_03_Grain,1.73391190502281,0.563281167375603,1.00026595495366,0.0000020679451474,0.0000070425164941
SRV01 - 1005,Alfalfa,PPIC_01_Feed_Crops,1.88958912121113,0.57840494843677,1.11175872273374,0.0000338773582163,0.0000400034987227
SRV01 - 1005,Pasture,PPIC_01_Feed_Crops,1.88958912121113,0.57840494843677,1.11175872273374,0.0000338773582163,0.0000400034987227
SV01 - 1004,Beans Dry,PPIC_05_OtherField,1.48042893228129,0.885604107695223,1.17631974615459,0.0000014521670601,0.0000045694202856
SV01 - 1004,Cotton,PPIC_05_OtherField,1.48042893228129,0.885604107695223,1.17631974615459,0.0000014521670601,0.0000045694202856
SV01 - 1004,Field and Grain,PPIC_05_OtherField,1.48042893228129,0.885604107695223,1.17631974615459,0.0000014521670601,0.0000045694202856
SV01 - 1004,Safflower,PPIC_05_OtherField,1.48042893228129,0.885604107695223,1.17631974615459,0.0000014521670601,0.0000045694202856
SV01 - 1004,Sunflowers,PPIC_05_OtherField,1.48042893228129,0.885604107695223,1.17631974615459,0.0000014521670601,0.0000045694202856
SV01 - 1004,Almonds,PPIC_04_Trees,1.61984788457122,0.692275371065863,1.08465708966897,0.0000090683511071,0.0000139457786238
SV01 - 1004,Grapes Table,PPIC_04_Trees,1.61984788457122,0.692275371065863,1.08465708966897,0.0000090683511071,0.0000139457786238
SV01 - 1004,Grapes Wine,PPIC_04_Trees,1.61984788457122,0.692275371065863,1.08465708966897,0.0000090683511071,0.0000139457786238
SV01 - 1004,Orchards,PPIC_04_Trees,1.61984788457122,0.692275371065863,1.08465708966897,0.0000090683511071,0.0000139457786238
SV01 - 1004,Pistachios,PPIC_04_Trees,1.61984788457122,0.692275371065863,1.08465708966897,0.0000090683511071,0.0000139457786238
SV01 - 1004,Subtropical,PPIC_04_Trees,1.61984788457122,0.692275371065863,1.08465708966897,0.0000090683511071,0.0000139457786238
SV01 - 1004,Walnuts,PPIC_04_Trees,1.61984788457122,0.692275371065863,1.08465708966897,0.0000090683511071,0.0000139457786238
SV01 - 1004,Berries,PPIC_02_Vegetables,1.7034434239029,0.549801686728929,0.971795820804474,0.0000049695172853,0.0000099109114865
SV01 - 1004,Cucurbits,PPIC_02_Vegetables,1.7034434239029,0.549801686728929,0.971795820804474,0.0000049695172853,0.0000099109114865
SV01 - 1004,Lettuce,PPIC_02_Vegetables,1.7034434239029,0.549801686728929,0.971795820804474,0.0000049695172853,0.0000099109114865
SV01 - 1004,Onions and Garlic,PPIC_02_Vegetables,1.7034434239029,0.549801686728929,0.971795820804474,0.0000049695172853,0.0000099109114865
SV01 - 1004,Potatoes,PPIC_02_Vegetables,1.7034434239029,0.549801686728929,0.971795820804474,0.0000049695172853,0.0000099109114865
SV01 - 1004,Tomatoes Fresh,PPIC_02_Vegetables,1.7034434239029,0.549801686728929,0.971795820804474,0.0000049695172853,0.0000099109114865
SV01 - 1004,Tomatoes Processing,PPIC_02_Vegetables,1.7034434239029,0.549801686728929,0.971795820804474,0.0000049695172853,0.0000099109114865
SV01 - 1004,Truck,PPIC_02_Vegetables,1.7034434239029,0.549801686728929,0.971795820804474,0.0000049695172853,0.0000099109114865
SV01 - 1004,Corn,PPIC_03_Grain,1.73391190502281,0.563281167375603,1.00026595495366,0.0000020679451474,0.0000070425164941
SV01 - 1004,Rice,PPIC_03_Grain,1.73391190502281,0.563281167375603,1.00026595495366,0.0000020679451474,0.0000070425164941
SV01 - 1004,Alfalfa,PPIC_01_Feed_Crops,1.88958912121113,0.57840494843677,1.11175872273374,0.0000338773582163,0.0000400034987227
SV01 - 1004,Pasture,PPIC_01_Feed_Crops,1.88958912121113,0.57840494843677,1.11175872273374,0.0000338773582163,0.0000400034987227
PR15 Easter - 5001,Beans Dry,PPIC_05_OtherField,1.48042893228129,0.885604107695223,1.17631974615459,0.0000014521670601,0.0000045694202856
PR15 Easter - 5001,Cotton,PPIC_05_OtherField,1.48042893228129,0.885604107695223,1.17631974615459,0.0000014521670601,0.0000045694202856
PR15 Easter - 5001,Field and Grain,PPIC_05_OtherField,1.48042893228129,0.885604107695223,1.17631974615459,0.0000014521670601,0.0000045694202856
PR15 Easter - 5001,Safflower,PPIC_05_OtherField,1.48042893228129,0.885604107695223,1.17631974615459,0.0000014521670601,0.0000045694202856
PR15 Easter - 5001,Sunflowers,PPIC_05_OtherField,1.48042893228129,0.885604107695223,1.17631974615459,0.0000014521670601,0.0000045694202856
PR15 Easter - 5001,Almonds,PPIC_04_Trees,1.61984788457122,0.692275371065863,1.08465708966897,0.0000090683511071,0.0000139457786238
PR15 Easter - 5001,Grapes Table,PPIC_04_Trees,1.61984788457122,0.692275371065863,1.08465708966897,0.0000090683511071,0.0000139457786238
PR15 Easter - 5001,Grapes Wine,PPIC_04_Trees,1.61984788457122,0.692275371065863,1.08465708966897,0.0000090683511071,0.0000139457786238
PR15 Easter - 5001,Orchards,PPIC_04_Trees,1.61984788457122,0.692275371065863,1.08465708966897,0.0000090683511071,0.0000139457786238
PR15 Easter - 5001,Pistachios,PPIC_04_Trees,1.61984788457122,0.692275371065863,1.08465708966897,0.0000090683511071,0.0000139457786238
PR15 Easter - 5001,Subtropical,PPIC_04_Trees,1.61984788457122,0.692275371065863,1.08465708966897,0.0000090683511071,0.0000139457786238
PR15 Easter - 5001,Walnuts,PPIC_04_Trees,1.61984788457122,0.692275371065863,1.08465708966897,0.0000090683511071,0.0000139457786238
PR15 Easter - 5001,Berries,PPIC_02_Vegetables,1.7034434239029,0.549801686728929,0.971795820804474,0.0000049695172853,0.0000099109114865
PR15 Easter - 5001,Cucurbits,PPIC_02_Vegetables,1.7034434239029,0.549801686728929,0.971795820804474,0.0000049695172853,0.0000099109114865
PR15 Easter - 5001,Lettuce,PPIC_02_Vegetables,1.7034434239029,0.549801686728929,0.971795820804474,0.0000049695172853,0.0000099109114865
PR15 Easter - 5001,Onions and Garlic,PPIC_02_Vegetables,1.7034434239029,0.549801686728929,0.971795820804474,0.0000049695172853,0.0000099109114865
PR15 Easter - 5001,Potatoes,PPIC_02_Vegetables,1.7034434239029,0.549801686728929,0.971795820804474,0.0000049695172853,0.0000099109114865
PR15 Easter - 5001,Tomatoes Fresh,PPIC_02_Vegetables,1.7034434239029,0.549801686728929,0.971795820804474,0.0000049695172853,0.0000099109114865
PR15 Easter - 5001,Tomatoes Processing,PPIC_02_Vegetables,1.7034434239029,0.549801686728929,0.971795820804474,0.0000049695172853,0.0000099109114865
PR15 Easter - 5001,Truck,PPIC_02_Vegetables,1.7034434239029,0.549801686728929,0.971795820804474,0.0000049695172853,0.0000099109114865
PR15 Easter - 5001,Corn,PPIC_03_Grain,1.73391190502281,0.563281167375603,1.00026595495366,0.0000020679451474,0.0000070425164941
PR15 Easter - 5001,Rice,PPIC_03_Grain,1.73391190502281,0.563281167375603,1.00026595495366,0.0000020679451474,0.0000070425164941
PR15 Easter - 5001,Alfalfa,PPIC_01_Feed_Crops,1.88958912121113,0.57840494843677,1.11175872273374,0.0000338773582163,0.0000400034987227
PR15 Easter - 5001,Pasture,PPIC_01_Feed_Crops,1.88958912121113,0.57840494843677,1.11175872273374,0.0000338773582163,0.0000400034987227
PR16 Eastern - 5001,Beans Dry,PPIC_05_OtherField,1.48042893228129,0.885604107695223,1.17631974615459,0.0000014521670601,0.0000045694202856
PR16 Eastern - 5001,Cotton,PPIC_05_OtherField,1.48042893228129,0.885604107695223,1.17631974615459,0.0000014521670601,0.0000045694202856
PR16 Eastern - 5001,Field and Grain,PPIC_05_OtherField,1.48042893228129,0.885604107695223,1.17631974615459,0.0000014521670601,0.0000045694202856
PR16 Eastern - 5001,Safflower,PPIC_05_OtherField,1.48042893228129,0.885604107695223,1.17631974615459,0.0000014521670601,0.0000045694202856
PR16 Eastern - 5001,Sunflowers,PPIC_05_OtherField,1.48042893228129,0.885604107695223,1.17631974615459,0.0000014521670601,0.0000045694202856
PR16 Eastern - 5001,Almonds,PPIC_04_Trees,1.61984788457122,0.692275371065863,1.08465708966897,0.0000090683511071,0.0000139457786238
PR16 Eastern - 5001,Grapes Table,PPIC_04_Trees,1.61984788457122,0.692275371065863,1.08465708966897,0.0000090683511071,0.0000139457786238
PR16 Eastern - 5001,Grapes Wine,PPIC_04_Trees,1.61984788457122,0.692275371065863,1.08465708966897,0.0000090683511071,0.0000139457786238
PR16 Eastern - 5001,Orchards,PPIC_04_Trees,1.61984788457122,0.692275371065863,1.08465708966897,0.0000090683511071,0.0000139457786238
PR16 Eastern - 5001,Pistachios,PPIC_04_Trees,1.61984788457122,0.692275371065863,1.08465708966897,0.0000090683511071,0.0000139457786238
PR16 Eastern - 5001,Subtropical,PPIC_04_Trees,1.61984788457122,0.692275371065863,1.08465708966897,0.0000090683511071,0.0000139457786238
PR16 Eastern - 5001,Walnuts,PPIC_04_Trees,1.61984788457122,0.692275371065863,1.08465708966897,0.0000090683511071,0.0000139457786238
PR16 Eastern - 5001,Berries,PPIC_02_Vegetables,1.7034434239029,0.549801686728929,0.971795820804474,0.0000049695172853,0.0000099109114865
PR16 Eastern - 5001,Cucurbits,PPIC_02_Vegetables,1.7034434239029,0.549801686728929,0.971795820804474,0.0000049695172853,0.0000099109114865
PR16 Eastern - 5001,Lettuce,PPIC_02_Vegetables,1.7034434239029,0.549801686728929,0.971795820804474,0.0000049695172853,0.0000099109114865
PR16 Eastern - 5001,Onions and Garlic,PPIC_02_Vegetables,1.7034434239029,0.549801686728929,0.971795820804474,0.0000049695172853,0.0000099109114865
PR16 Eastern - 5001,Potatoes,PPIC_02_Vegetables,1.7034434239029,0.549801686728929,0.971795820804474,0.0000049695172853,0.0000099109114865
PR16 Eastern - 5001,Tomatoes Fresh,PPIC_02_Vegetables,1.7034434239029,0.549801686728929,0.971795820804474,0.0000049695172853,0.0000099109114865
PR16 Eastern - 5001,Tomatoes Processing,PPIC_02_Vegetables,1.7034434239029,0.549801686728929,0.971795820804474,0.0000049695172853,0.0000099109114865
PR16 Eastern - 5001,Truck,PPIC_02_Vegetables,1.7034434239029,0.549801686728929,0.971795820804474,0.0000049695172853,0.0000099109114865
PR16 Eastern - 5001,Corn,PPIC_03_Grain,1.73391190502281,0.563281167375603,1.00026595495366,0.0000020679451474,0.0000070425164941
PR16 Eastern - 5001,Rice,PPIC_03_Grain,1.73391190502281,0.563281167375603,1.00026595495366,0.0000020679451474,0.0000070425164941
PR16 Eastern - 5001,Alfalfa,PPIC_01_Feed_Crops,1.88958912121113,0.57840494843677,1.11175872273374,0.0000338773582163,0.0000400034987227
PR16 Eastern - 5001,Pasture,PPIC_01_Feed_Crops,1.88958912121113,0.57840494843677,1.11175872273374,0.0000338773582163,0.0000400034987227
BV01 - 1003,Beans Dry,PPIC_05_OtherField,1.48042893228129,0.885604107695223,1.17631974615459,0.0000014521670601,0.0000045694202856
BV01 - 1003,Cotton,PPIC_05_OtherField,1.48042893228129,0.885604107695223,1.17631974615459,0.0000014521670601,0.0000045694202856
BV01 - 1003,Field and Grain,PPIC_05_OtherField,1.48042893228129,0.885604107695223,1.17631974615459,0.0000014521670601,0.0000045694202856
BV01 - 1003,Safflower,PPIC_05_OtherField,1.48042893228129,0.885604107695223,1.17631974615459,0.0000014521670601,0.0000045694202856
BV01 - 1003,Sunflowers,PPIC_05_OtherField,1.48042893228129,0.885604107695223,1.17631974615459,0.0000014521670601,0.0000045694202856
BV01 - 1003,Almonds,PPIC_04_Trees,1.61984788457122,0.692275371065863,1.08465708966897,0.0000090683511071,0.0000139457786238
BV01 - 1003,Grapes Table,PPIC_04_Trees,1.61984788457122,0.692275371065863,1.08465708966897,0.0000090683511071,0.0000139457786238
BV01 - 1003,Grapes Wine,PPIC_04_Trees,1.61984788457122,0.692275371065863,1.08465708966897,0.0000090683511071,0.0000139457786238
BV01 - 1003,Orchards,PPIC_04_Trees,1.61984788457122,0.692275371065863,1.08465708966897,0.0000090683511071,0.0000139457786238
BV01 - 1003,Pistachios,PPIC_04_Trees,1.61984788457122,0.692275371065863,1.08465708966897,0.0000090683511071,0.0000139457786238
BV01 - 1003,Subtropical,PPIC_04_Trees,1.61984788457122,0.692275371065863,1.08465708966897,0.0000090683511071,0.0000139457786238
BV01 - 1003,Walnuts,PPIC_04_Trees,1.61984788457122,0.692275371065863,1.08465708966897,0.0000090683511071,0.0000139457786238
BV01 - 1003,Berries,PPIC_02_Vegetables,1.7034434239029,0.549801686728929,0.971795820804474,0.0000049695172853,0.0000099109114865
BV01 - 1003,Cucurbits,PPIC_02_Vegetables,1.7034434239029,0.549801686728929,0.971795820804474,0.0000049695172853,0.0000099109114865
BV01 - 1003,Lettuce,PPIC_02_Vegetables,1.7034434239029,0.549801686728929,0.971795820804474,0.0000049695172853,0.0000099109114865
BV01 - 1003,Onions and Garlic,PPIC_02_Vegetables,1.7034434239029,0.549801686728929,0.971795820804474,0.0000049695172853,0.0000099109114865
BV01 - 1003,Potatoes,PPIC_02_Vegetables,1.7034434239029,0.549801686728929,0.971795820804474,0.0000049695172853,0.0000099109114865
BV01 - 1003,Tomatoes Fresh,PPIC_02_Vegetables,1.7034434239029,0.549801686728929,0.971795820804474,0.0000049695172853,0.0000099109114865
BV01 - 1003,Tomatoes Processing,PPIC_02_Vegetables,1.7034434239029,0.549801686728929,0.971795820804474,0.0000049695172853,0.0000099109114865
BV01 - 1003,Truck,PPIC_02_Vegetables,1.7034434239029,0.549801686728929,0.971795820804474,0.0000049695172853,0.0000099109114865
BV01 - 1003,Corn,PPIC_03_Grain,1.73391190502281,0.563281167375603,1.00026595495366,0.0000020679451474,0.0000070425164941
BV01 - 1003,Rice,PPIC_03_Grain,1.73391190502281,0.563281167375603,1.00026595495366,0.0000020679451474,0.0000070425164941
BV01 - 1003,Alfalfa,PPIC_01_Feed_Crops,1.88958912121113,0.57840494843677,1.11175872273374,0.0000338773582163,0.0000400034987227
BV01 - 1003,Pasture,PPIC_01_Feed_Crops,1.88958912121113,0.57840494843677,1.11175872273374,0.0000338773582163,0.0000400034987227
RR10 Central - 1054,Beans Dry,PPIC_05_OtherField,1.48042893228129,0.885604107695223,1.17631974615459,0.0000014521670601,0.0000045694202856
RR10 Central - 1054,Cotton,PPIC_05_OtherField,1.48042893228129,0.885604107695223,1.17631974615459,0.0000014521670601,0.0000045694202856
RR10 Central - 1054,Field and Grain,PPIC_05_OtherField,1.48042893228129,0.885604107695223,1.17631974615459,0.0000014521670601,0.0000045694202856
RR10 Central - 1054,Safflower,PPIC_05_OtherField,1.48042893228129,0.885604107695223,1.17631974615459,0.0000014521670601,0.0000045694202856
RR10 Central - 1054,Sunflowers,PPIC_05_OtherField,1.48042893228129,0.885604107695223,1.17631974615459,0.0000014521670601,0.0000045694202856
RR10 Central - 1054,Almonds,PPIC_04_Trees,1.61984788457122,0.692275371065863,1.08465708966897,0.0000090683511071,0.0000139457786238
RR10 Central - 1054,Grapes Table,PPIC_04_Trees,1.61984788457122,0.692275371065863,1.08465708966897,0.0000090683511071,0.0000139457786238
RR10 Central - 1054,Grapes Wine,PPIC_04_Trees,1.61984788457122,0.692275371065863,1.08465708966897,0.0000090683511071,0.0000139457786238
RR10 Central - 1054,Orchards,PPIC_04_Trees,1.61984788457122,0.692275371065863,1.08465708966897,0.0000090683511071,0.0000139457786238
RR10 Central - 1054,Pistachios,PPIC_04_Trees,1.61984788457122,0.692275371065863,1.08465708966897,0.0000090683511071,0.0000139457786238
RR10 Central - 1054,Subtropical,PPIC_04_Trees,1.61984788457122,0.692275371065863,1.08465708966897,0.0000090683511071,0.0000139457786238
RR10 Central - 1054,Walnuts,PPIC_04_Trees,1.61984788457122,0.692275371065863,1.08465708966897,0.0000090683511071,0.0000139457786238
RR10 Central - 1054,Berries,PPIC_02_Vegetables,1.7034434239029,0.549801686728929,0.971795820804474,0.0000049695172853,0.0000099109114865
RR10 Central - 1054,Cucurbits,PPIC_02_Vegetables,1.7034434239029,0.549801686728929,0.971795820804474,0.0000049695172853,0.0000099109114865
RR10 Central - 1054,Lettuce,PPIC_02_Vegetables,1.7034434239029,0.549801686728929,0.971795820804474,0.0000049695172853,0.0000099109114865
RR10 Central - 1054,Onions and Garlic,PPIC_02_Vegetables,1.7034434239029,0.549801686728929,0.971795820804474,0.0000049695172853,0.0000099109114865
RR10 Central - 1054,Potatoes,PPIC_02_Vegetables,1.7034434239029,0.549801686728929,0.971795820804474,0.0000049695172853,0.0000099109114865
RR10 Central - 1054,Tomatoes Fresh,PPIC_02_Vegetables,1.7034434239029,0.549801686728929,0.971795820804474,0.0000049695172853,0.0000099109114865
RR10 Central - 1054,Tomatoes Processing,PPIC_02_Vegetables,1.7034434239029,0.549801686728929,0.971795820804474,0.0000049695172853,0.0000099109114865
RR10 Central - 1054,Truck,PPIC_02_Vegetables,1.7034434239029,0.549801686728929,0.971795820804474,0.0000049695172853,0.0000099109114865
RR10 Central - 1054,Corn,PPIC_03_Grain,1.73391190502281,0.563281167375603,1.00026595495366,0.0000020679451474,0.0000070425164941
RR10 Central - 1054,Rice,PPIC_03_Grain,1.73391190502281,0.563281167375603,1.00026595495366,0.0000020679451474,0.0000070425164941
RR10 Central - 1054,Alfalfa,PPIC_01_Feed_Crops,1.88958912121113,0.57840494843677,1.11175872273374,0.0000338773582163,0.0000400034987227
RR10 Central - 1054,Pasture,PPIC_01_Feed_Crops,1.88958912121113,0.57840494843677,1.11175872273374,0.0000338773582163,0.0000400034987227
SAL02 - 300401,Beans Dry,PPIC_05_OtherField,1.48042893228129,0.885604107695223,1.17631974615459,0.0000014521670601,0.0000045694202856
SAL02 - 300401,Cotton,PPIC_05_OtherField,1.48042893228129,0.885604107695223,1.17631974615459,0.0000014521670601,0.0000045694202856
SAL02 - 300401,Field and Grain,PPIC_05_OtherField,1.48042893228129,0.885604107695223,1.17631974615459,0.0000014521670601,0.0000045694202856
SAL02 - 300401,Safflower,PPIC_05_OtherField,1.48042893228129,0.885604107695223,1.17631974615459,0.0000014521670601,0.0000045694202856
SAL02 - 300401,Sunflowers,PPIC_05_OtherField,1.48042893228129,0.885604107695223,1.17631974615459,0.0000014521670601,0.0000045694202856
SAL02 - 300401,Almonds,PPIC_04_Trees,1.61984788457122,0.692275371065863,1.08465708966897,0.0000090683511071,0.0000139457786238
SAL02 - 300401,Grapes Table,PPIC_04_Trees,1.61984788457122,0.692275371065863,1.08465708966897,0.0000090683511071,0.0000139457786238
SAL02 - 300401,Grapes Wine,PPIC_04_Trees,1.61984788457122,0.692275371065863,1.08465708966897,0.0000090683511071,0.0000139457786238
SAL02 - 300401,Orchards,PPIC_04_Trees,1.61984788457122,0.692275371065863,1.08465708966897,0.0000090683511071,0.0000139457786238
SAL02 - 300401,Pistachios,PPIC_04_Trees,1.61984788457122,0.692275371065863,1.08465708966897,0.0000090683511071,0.0000139457786238
SAL02 - 300401,Subtropical,PPIC_04_Trees,1.61984788457122,0.692275371065863,1.08465708966897,0.0000090683511071,0.0000139457786238
SAL02 - 300401,Walnuts,PPIC_04_Trees,1.61984788457122,0.692275371065863,1.08465708966897,0.0000090683511071,0.0000139457786238
SAL02 - 300401,Berries,PPIC_02_Vegetables,1.7034434239029,0.549801686728929,0.971795820804474,0.0000049695172853,0.0000099109114865
SAL02 - 300401,Cucurbits,PPIC_02_Vegetables,1.7034434239029,0.549801686728929,0.971795820804474,0.0000049695172853,0.0000099109114865
SAL02 - 300401,Lettuce,PPIC_02_Vegetables,1.7034434239029,0.549801686728929,0.971795820804474,0.0000049695172853,0.0000099109114865
SAL02 - 300401,Onions and Garlic,PPIC_02_Vegetables,1.7034434239029,0.549801686728929,0.971795820804474,0.0000049695172853,0.0000099109114865
SAL02 - 300401,Potatoes,PPIC_02_Vegetables,1.7034434239029,0.549801686728929,0.971795820804474,0.0000049695172853,0.0000099109114865
SAL02 - 300401,Tomatoes Fresh,PPIC_02_Vegetables,1.7034434239029,0.549801686728929,0.971795820804474,0.0000049695172853,0.0000099109114865
SAL02 - 300401,Tomatoes Processing,PPIC_02_Vegetables,1.7034434239029,0.549801686728929,0.971795820804474,0.0000049695172853,0.0000099109114865
SAL02 - 300401,Truck,PPIC_02_Vegetables,1.7034434239029,0.549801686728929,0.971795820804474,0.0000049695172853,0.0000099109114865
SAL02 - 300401,Corn,PPIC_03_Grain,1.73391190502281,0.563281167375603,1.00026595495366,0.0000020679451474,0.0000070425164941
SAL02 - 300401,Rice,PPIC_03_Grain,1.73391190502281,0.563281167375603,1.00026595495366,0.0000020679451474,0.0000070425164941
SAL02 - 300401,Alfalfa,PPIC_01_Feed_Crops,1.88958912121113,0.57840494843677,1.11175872273374,0.0000338773582163,0.0000400034987227
SAL02 - 300401,Pasture,PPIC_01_Feed_Crops,1.88958912121113,0.57840494843677,1.11175872273374,0.0000338773582163,0.0000400034987227
WAT01 - 3002,Beans Dry,PPIC_05_OtherField,1.48042893228129,0.885604107695223,1.17631974615459,0.0000014521670601,0.0000045694202856
WAT01 - 3002,Cotton,PPIC_05_OtherField,1.48042893228129,0.885604107695223,1.17631974615459,0.0000014521670601,0.0000045694202856
WAT01 - 3002,Field and Grain,PPIC_05_OtherField,1.48042893228129,0.885604107695223,1.17631974615459,0.0000014521670601,0.0000045694202856
WAT01 - 3002,Safflower,PPIC_05_OtherField,1.48042893228129,0.885604107695223,1.17631974615459,0.0000014521670601,0.0000045694202856
WAT01 - 3002,Sunflowers,PPIC_05_OtherField,1.48042893228129,0.885604107695223,1.17631974615459,0.0000014521670601,0.0000045694202856
WAT01 - 3002,Almonds,PPIC_04_Trees,1.61984788457122,0.692275371065863,1.08465708966897,0.0000090683511071,0.0000139457786238
WAT01 - 3002,Grapes Table,PPIC_04_Trees,1.61984788457122,0.692275371065863,1.08465708966897,0.0000090683511071,0.0000139457786238
WAT01 - 3002,Grapes Wine,PPIC_04_Trees,1.61984788457122,0.692275371065863,1.08465708966897,0.0000090683511071,0.0000139457786238
WAT01 - 3002,Orchards,PPIC_04_Trees,1.61984788457122,0.692275371065863,1.08465708966897,0.0000090683511071,0.0000139457786238
WAT01 - 3002,Pistachios,PPIC_04_Trees,1.61984788457122,0.692275371065863,1.08465708966897,0.0000090683511071,0.0000139457786238
WAT01 - 3002,Subtropical,PPIC_04_Trees,1.61984788457122,0.692275371065863,1.08465708966897,0.0000090683511071,0.0000139457786238
WAT01 - 3002,Walnuts,PPIC_04_Trees,1.61984788457122,0.692275371065863,1.08465708966897,0.0000090683511071,0.0000139457786238
WAT01 - 3002,Berries,PPIC_02_Vegetables,1.7034434239029,0.549801686728929,0.971795820804474,0.0000049695172853,0.0000099109114865
WAT01 - 3002,Cucurbits,PPIC_02_Vegetables,1.7034434239029,0.549801686728929,0.971795820804474,0.0000049695172853,0.0000099109114865
WAT01 - 3002,Lettuce,PPIC_02_Vegetables,1.7034434239029,0.549801686728929,0.971795820804474,0.0000049695172853,0.0000099109114865
WAT01 - 3002,Onions and Garlic,PPIC_02_Vegetables,1.7034434239029,0.549801686728929,0.971795820804474,0.0000049695172853,0.0000099109114865
WAT01 - 3002,Potatoes,PPIC_02_Vegetables,1.7034434239029,0.549801686728929,0.971795820804474,0.0000049695172853,0.0000099109114865
WAT01 - 3002,Tomatoes Fresh,PPIC_02_Vegetables,1.7034434239029,0.549801686728929,0.971795820804474,0.0000049695172853,0.0000099109114865
WAT01 - 3002,Tomatoes Processing,PPIC_02_Vegetables,1.7034434239029,0.549801686728929,0.971795820804474,0.0000049695172853,0.0000099109114865
WAT01 - 3002,Truck,PPIC_02_Vegetables,1.7034434239029,0.549801686728929,0.971795820804474,0.0000049695172853,0.0000099109114865
WAT01 - 3002,Corn,PPIC_03_Grain,1.73391190502281,0.563281167375603,1.00026595495366,0.0000020679451474,0.0000070425164941
WAT01 - 3002,Rice,PPIC_03_Grain,1.73391190502281,0.563281167375603,1.00026595495366,0.0000020679451474,0.0000070425164941
WAT01 - 3002,Alfalfa,PPIC_01_Feed_Crops,1.88958912121113,0.57840494843677,1.11175872273374,0.0000338773582163,0.0000400034987227
WAT01 - 3002,Pasture,PPIC_01_Feed_Crops,1.88958912121113,0.57840494843677,1.11175872273374,0.0000338773582163,0.0000400034987227
OXN02 - 4006,Beans Dry,PPIC_05_OtherField,1.48042893228129,0.885604107695223,1.17631974615459,0.0000014521670601,0.0000045694202856
OXN02 - 4006,Cotton,PPIC_05_OtherField,1.48042893228129,0.885604107695223,1.17631974615459,0.0000014521670601,0.0000045694202856
OXN02 - 4006,Field and Grain,PPIC_05_OtherField,1.48042893228129,0.885604107695223,1.17631974615459,0.0000014521670601,0.0000045694202856
OXN02 - 4006,Safflower,PPIC_05_OtherField,1.48042893228129,0.885604107695223,1.17631974615459,0.0000014521670601,0.0000045694202856
OXN02 - 4006,Sunflowers,PPIC_05_OtherField,1.48042893228129,0.885604107695223,1.17631974615459,0.0000014521670601,0.0000045694202856
OXN02 - 4006,Almonds,PPIC_04_Trees,1.61984788457122,0.692275371065863,1.08465708966897,0.0000090683511071,0.0000139457786238
OXN02 - 4006,Grapes Table,PPIC_04_Trees,1.61984788457122,0.692275371065863,1.08465708966897,0.0000090683511071,0.0000139457786238
OXN02 - 4006,Grapes Wine,PPIC_04_Trees,1.61984788457122,0.692275371065863,1.08465708966897,0.0000090683511071,0.0000139457786238
OXN02 - 4006,Orchards,PPIC_04_Trees,1.61984788457122,0.692275371065863,1.08465708966897,0.0000090683511071,0.0000139457786238
OXN02 - 4006,Pistachios,PPIC_04_Trees,1.61984788457122,0.692275371065863,1.08465708966897,0.0000090683511071,0.0000139457786238
OXN02 - 4006,Subtropical,PPIC_04_Trees,1.61984788457122,0.692275371065863,1.08465708966897,0.0000090683511071,0.0000139457786238
OXN02 - 4006,Walnuts,PPIC_04_Trees,1.61984788457122,0.692275371065863,1.08465708966897,0.0000090683511071,0.0000139457786238
OXN02 - 4006,Berries,PPIC_02_Vegetables,1.7034434239029,0.549801686728929,0.971795820804474,0.0000049695172853,0.0000099109114865
OXN02 - 4006,Cucurbits,PPIC_02_Vegetables,1.7034434239029,0.549801686728929,0.971795820804474,0.0000049695172853,0.0000099109114865
OXN02 - 4006,Lettuce,PPIC_02_Vegetables,1.7034434239029,0.549801686728929,0.971795820804474,0.0000049695172853,0.0000099109114865
OXN02 - 4006,Onions and Garlic,PPIC_02_Vegetables,1.7034434239029,0.549801686728929,0.971795820804474,0.0000049695172853,0.0000099109114865
OXN02 - 4006,Potatoes,PPIC_02_Vegetables,1.7034434239029,0.549801686728929,0.971795820804474,0.0000049695172853,0.0000099109114865
OXN02 - 4006,Tomatoes Fresh,PPIC_02_Vegetables,1.7034434239029,0.549801686728929,0.971795820804474,0.0000049695172853,0.0000099109114865
OXN02 - 4006,Tomatoes Processing,PPIC_02_Vegetables,1.7034434239029,0.549801686728929,0.971795820804474,0.0000049695172853,0.0000099109114865
OXN02 - 4006,Truck,PPIC_02_Vegetables,1.7034434239029,0.549801686728929,0.971795820804474,0.0000049695172853,0.0000099109114865
OXN02 - 4006,Corn,PPIC_03_Grain,1.73391190502281,0.563281167375603,1.00026595495366,0.0000020679451474,0.0000070425164941
OXN02 - 4006,Rice,PPIC_03_Grain,1.73391190502281,0.563281167375603,1.00026595495366,0.0000020679451474,0.0000070425164941
OXN02 - 4006,Alfalfa,PPIC_01_Feed_Crops,1.88958912121113,0.57840494843677,1.11175872273374,0.0000338773582163,0.0000400034987227
OXN02 - 4006,Pasture,PPIC_01_Feed_Crops,1.88958912121113,0.57840494843677,1.11175872273374,0.0000338773582163,0.0000400034987227
OXN04 - 4002,Beans Dry,PPIC_05_OtherField,1.48042893228129,0.885604107695223,1.17631974615459,0.0000014521670601,0.0000045694202856
OXN04 - 4002,Cotton,PPIC_05_OtherField,1.48042893228129,0.885604107695223,1.17631974615459,0.0000014521670601,0.0000045694202856
OXN04 - 4002,Field and Grain,PPIC_05_OtherField,1.48042893228129,0.885604107695223,1.17631974615459,0.0000014521670601,0.0000045694202856
OXN04 - 4002,Safflower,PPIC_05_OtherField,1.48042893228129,0.885604107695223,1.17631974615459,0.0000014521670601,0.0000045694202856
OXN04 - 4002,Sunflowers,PPIC_05_OtherField,1.48042893228129,0.885604107695223,1.17631974615459,0.0000014521670601,0.0000045694202856
OXN04 - 4002,Almonds,PPIC_04_Trees,1.61984788457122,0.692275371065863,1.08465708966897,0.0000090683511071,0.0000139457786238
OXN04 - 4002,Grapes Table,PPIC_04_Trees,1.61984788457122,0.692275371065863,1.08465708966897,0.0000090683511071,0.0000139457786238
OXN04 - 4002,Grapes Wine,PPIC_04_Trees,1.61984788457122,0.692275371065863,1.08465708966897,0.0000090683511071,0.0000139457786238
OXN04 - 4002,Orchards,PPIC_04_Trees,1.61984788457122,0.692275371065863,1.08465708966897,0.0000090683511071,0.0000139457786238
OXN04 - 4002,Pistachios,PPIC_04_Trees,1.61984788457122,0.692275371065863,1.08465708966897,0.0000090683511071,0.0000139457786238
OXN04 - 4002,Subtropical,PPIC_04_Trees,1.61984788457122,0.692275371065863,1.08465708966897,0.0000090683511071,0.0000139457786238
OXN04 - 4002,Walnuts,PPIC_04_Trees,1.61984788457122,0.692275371065863,1.08465708966897,0.0000090683511071,0.0000139457786238
OXN04 - 4002,Berries,PPIC_02_Vegetables,1.7034434239029,0.549801686728929,0.971795820804474,0.0000049695172853,0.0000099109114865
OXN04 - 4002,Cucurbits,PPIC_02_Vegetables,1.7034434239029,0.549801686728929,0.971795820804474,0.0000049695172853,0.0000099109114865
OXN04 - 4002,Lettuce,PPIC_02_Vegetables,1.7034434239029,0.549801686728929,0.971795820804474,0.0000049695172853,0.0000099109114865
OXN04 - 4002,Onions and Garlic,PPIC_02_Vegetables,1.7034434239029,0.549801686728929,0.971795820804474,0.0000049695172853,0.0000099109114865
OXN04 - 4002,Potatoes,PPIC_02_Vegetables,1.7034434239029,0.549801686728929,0.971795820804474,0.0000049695172853,0.0000099109114865
OXN04 - 4002,Tomatoes Fresh,PPIC_02_Vegetables,1.7034434239029,0.549801686728929,0.971795820804474,0.0000049695172853,0.0000099109114865
OXN04 - 4002,Tomatoes Processing,PPIC_02_Vegetables,1.7034434239029,0.549801686728929,0.971795820804474,0.0000049695172853,0.0000099109114865
OXN04 - 4002,Truck,PPIC_02_Vegetables,1.7034434239029,0.549801686728929,0.971795820804474,0.0000049695172853,0.0000099109114865
OXN04 - 4002,Corn,PPIC_03_Grain,1.73391190502281,0.563281167375603,1.00026595495366,0.0000020679451474,0.0000070425164941
OXN04 - 4002,Rice,PPIC_03_Grain,1.73391190502281,0.563281167375603,1.00026595495366,0.0000020679451474,0.0000070425164941
OXN04 - 4002,Alfalfa,PPIC_01_Feed_Crops,1.88958912121113,0.57840494843677,1.11175872273374,0.0000338773582163,0.0000400034987227
OXN04 - 4002,Pasture,PPIC_01_Feed_Crops,1.88958912121113,0.57840494843677,1.11175872273374,0.0000338773582163,0.0000400034987227
OXN05 - 4003,Beans Dry,PPIC_05_OtherField,1.48042893228129,0.885604107695223,1.17631974615459,0.0000014521670601,0.0000045694202856
OXN05 - 4003,Cotton,PPIC_05_OtherField,1.48042893228129,0.885604107695223,1.17631974615459,0.0000014521670601,0.0000045694202856
OXN05 - 4003,Field and Grain,PPIC_05_OtherField,1.48042893228129,0.885604107695223,1.17631974615459,0.0000014521670601,0.0000045694202856
OXN05 - 4003,Safflower,PPIC_05_OtherField,1.48042893228129,0.885604107695223,1.17631974615459,0.0000014521670601,0.0000045694202856
OXN05 - 4003,Sunflowers,PPIC_05_OtherField,1.48042893228129,0.885604107695223,1.17631974615459,0.0000014521670601,0.0000045694202856
OXN05 - 4003,Almonds,PPIC_04_Trees,1.61984788457122,0.692275371065863,1.08465708966897,0.0000090683511071,0.0000139457786238
OXN05 - 4003,Grapes Table,PPIC_04_Trees,1.61984788457122,0.692275371065863,1.08465708966897,0.0000090683511071,0.0000139457786238
OXN05 - 4003,Grapes Wine,PPIC_04_Trees,1.61984788457122,0.692275371065863,1.08465708966897,0.0000090683511071,0.0000139457786238
OXN05 - 4003,Orchards,PPIC_04_Trees,1.61984788457122,0.692275371065863,1.08465708966897,0.0000090683511071,0.0000139457786238
OXN05 - 4003,Pistachios,PPIC_04_Trees,1.61984788457122,0.692275371065863,1.08465708966897,0.0000090683511071,0.0000139457786238
OXN05 - 4003,Subtropical,PPIC_04_Trees,1.61984788457122,0.692275371065863,1.08465708966897,0.0000090683511071,0.0000139457786238
OXN05 - 4003,Walnuts,PPIC_04_Trees,1.61984788457122,0.692275371065863,1.08465708966897,0.0000090683511071,0.0000139457786238
OXN05 - 4003,Berries,PPIC_02_Vegetables,1.7034434239029,0.549801686728929,0.971795820804474,0.0000049695172853,0.0000099109114865
OXN05 - 4003,Cucurbits,PPIC_02_Vegetables,1.7034434239029,0.549801686728929,0.971795820804474,0.0000049695172853,0.0000099109114865
OXN05 - 4003,Lettuce,PPIC_02_Vegetables,1.7034434239029,0.549801686728929,0.971795820804474,0.0000049695172853,0.0000099109114865
OXN05 - 4003,Onions and Garlic,PPIC_02_Vegetables,1.7034434239029,0.549801686728929,0.971795820804474,0.0000049695172853,0.0000099109114865
OXN05 - 4003,Potatoes,PPIC_02_Vegetables,1.7034434239029,0.549801686728929,0.971795820804474,0.0000049695172853,0.0000099109114865
OXN05 - 4003,Tomatoes Fresh,PPIC_02_Vegetables,1.7034434239029,0.549801686728929,0.971795820804474,0.0000049695172853,0.0000099109114865
OXN05 - 4003,Tomatoes Processing,PPIC_02_Vegetables,1.7034434239029,0.549801686728929,0.971795820804474,0.0000049695172853,0.0000099109114865
OXN05 - 4003,Truck,PPIC_02_Vegetables,1.7034434239029,0.549801686728929,0.971795820804474,0.0000049695172853,0.0000099109114865
OXN05 - 4003,Corn,PPIC_03_Grain,1.73391190502281,0.563281167375603,1.00026595495366,0.0000020679451474,0.0000070425164941
OXN05 - 4003,Rice,PPIC_03_Grain,1.73391190502281,0.563281167375603,1.00026595495366,0.0000020679451474,0.0000070425164941
OXN05 - 4003,Alfalfa,PPIC_01_Feed_Crops,1.88958912121113,0.57840494843677,1.11175872273374,0.0000338773582163,0.0000400034987227
OXN05 - 4003,Pasture,PPIC_01_Feed_Crops,1.88958912121113,0.57840494843677,1.11175872273374,0.0000338773582163,0.0000400034987227
OXN06 - 4008,Beans Dry,PPIC_05_OtherField,1.48042893228129,0.885604107695223,1.17631974615459,0.0000014521670601,0.0000045694202856
OXN06 - 4008,Cotton,PPIC_05_OtherField,1.48042893228129,0.885604107695223,1.17631974615459,0.0000014521670601,0.0000045694202856
OXN06 - 4008,Field and Grain,PPIC_05_OtherField,1.48042893228129,0.885604107695223,1.17631974615459,0.0000014521670601,0.0000045694202856
OXN06 - 4008,Safflower,PPIC_05_OtherField,1.48042893228129,0.885604107695223,1.17631974615459,0.0000014521670601,0.0000045694202856
OXN06 - 4008,Sunflowers,PPIC_05_OtherField,1.48042893228129,0.885604107695223,1.17631974615459,0.0000014521670601,0.0000045694202856
OXN06 - 4008,Almonds,PPIC_04_Trees,1.61984788457122,0.692275371065863,1.08465708966897,0.0000090683511071,0.0000139457786238
OXN06 - 4008,Grapes Table,PPIC_04_Trees,1.61984788457122,0.692275371065863,1.08465708966897,0.0000090683511071,0.0000139457786238
OXN06 - 4008,Grapes Wine,PPIC_04_Trees,1.61984788457122,0.692275371065863,1.08465708966897,0.0000090683511071,0.0000139457786238
OXN06 - 4008,Orchards,PPIC_04_Trees,1.61984788457122,0.692275371065863,1.08465708966897,0.0000090683511071,0.0000139457786238
OXN06 - 4008,Pistachios,PPIC_04_Trees,1.61984788457122,0.692275371065863,1.08465708966897,0.0000090683511071,0.0000139457786238
OXN06 - 4008,Subtropical,PPIC_04_Trees,1.61984788457122,0.692275371065863,1.08465708966897,0.0000090683511071,0.0000139457786238
OXN06 - 4008,Walnuts,PPIC_04_Trees,1.61984788457122,0.692275371065863,1.08465708966897,0.0000090683511071,0.0000139457786238
OXN06 - 4008,Berries,PPIC_02_Vegetables,1.7034434239029,0.549801686728929,0.971795820804474,0.0000049695172853,0.0000099109114865
OXN06 - 4008,Cucurbits,PPIC_02_Vegetables,1.7034434239029,0.549801686728929,0.971795820804474,0.0000049695172853,0.0000099109114865
OXN06 - 4008,Lettuce,PPIC_02_Vegetables,1.7034434239029,0.549801686728929,0.971795820804474,0.0000049695172853,0.0000099109114865
OXN06 - 4008,Onions and Garlic,PPIC_02_Vegetables,1.7034434239029,0.549801686728929,0.971795820804474,0.0000049695172853,0.0000099109114865
OXN06 - 4008,Potatoes,PPIC_02_Vegetables,1.7034434239029,0.549801686728929,0.971795820804474,0.0000049695172853,0.0000099109114865
OXN06 - 4008,Tomatoes Fresh,PPIC_02_Vegetables,1.7034434239029,0.549801686728929,0.971795820804474,0.0000049695172853,0.0000099109114865
OXN06 - 4008,Tomatoes Processing,PPIC_02_Vegetables,1.7034434239029,0.549801686728929,0.971795820804474,0.0000049695172853,0.0000099109114865
OXN06 - 4008,Truck,PPIC_02_Vegetables,1.7034434239029,0.549801686728929,0.971795820804474,0.0000049695172853,0.0000099109114865
OXN06 - 4008,Corn,PPIC_03_Grain,1.73391190502281,0.563281167375603,1.00026595495366,0.0000020679451474,0.0000070425164941
OXN06 - 4008,Rice,PPIC_03_Grain,1.73391190502281,0.563281167375603,1.00026595495366,0.0000020679451474,0.0000070425164941
OXN06 - 4008,Alfalfa,PPIC_01_Feed_Crops,1.88958912121113,0.57840494843677,1.11175872273374,0.0000338773582163,0.0000400034987227
OXN06 - 4008,Pasture,PPIC_01_Feed_Crops,1.88958912121113,0.57840494843677,1.11175872273374,0.0000338773582163,0.0000400034987227
SD02 - 9010,Beans Dry,PPIC_05_OtherField,1.48042893228129,0.885604107695223,1.17631974615459,0.0000014521670601,0.0000045694202856
SD02 - 9010,Cotton,PPIC_05_OtherField,1.48042893228129,0.885604107695223,1.17631974615459,0.0000014521670601,0.0000045694202856
SD02 - 9010,Field and Grain,PPIC_05_OtherField,1.48042893228129,0.885604107695223,1.17631974615459,0.0000014521670601,0.0000045694202856
SD02 - 9010,Safflower,PPIC_05_OtherField,1.48042893228129,0.885604107695223,1.17631974615459,0.0000014521670601,0.0000045694202856
SD02 - 9010,Sunflowers,PPIC_05_OtherField,1.48042893228129,0.885604107695223,1.17631974615459,0.0000014521670601,0.0000045694202856
SD02 - 9010,Almonds,PPIC_04_Trees,1.61984788457122,0.692275371065863,1.08465708966897,0.0000090683511071,0.0000139457786238
SD02 - 9010,Grapes Table,PPIC_04_Trees,1.61984788457122,0.692275371065863,1.08465708966897,0.0000090683511071,0.0000139457786238
SD02 - 9010,Grapes Wine,PPIC_04_Trees,1.61984788457122,0.692275371065863,1.08465708966897,0.0000090683511071,0.0000139457786238
SD02 - 9010,Orchards,PPIC_04_Trees,1.61984788457122,0.692275371065863,1.08465708966897,0.0000090683511071,0.0000139457786238
SD02 - 9010,Pistachios,PPIC_04_Trees,1.61984788457122,0.692275371065863,1.08465708966897,0.0000090683511071,0.0000139457786238
SD02 - 9010,Subtropical,PPIC_04_Trees,1.61984788457122,0.692275371065863,1.08465708966897,0.0000090683511071,0.0000139457786238
SD02 - 9010,Walnuts,PPIC_04_Trees,1.61984788457122,0.692275371065863,1.08465708966897,0.0000090683511071,0.0000139457786238
SD02 - 9010,Berries,PPIC_02_Vegetables,1.7034434239029,0.549801686728929,0.971795820804474,0.0000049695172853,0.0000099109114865
SD02 - 9010,Cucurbits,PPIC_02_Vegetables,1.7034434239029,0.549801686728929,0.971795820804474,0.0000049695172853,0.0000099109114865
SD02 - 9010,Lettuce,PPIC_02_Vegetables,1.7034434239029,0.549801686728929,0.971795820804474,0.0000049695172853,0.0000099109114865
SD02 - 9010,Onions and Garlic,PPIC_02_Vegetables,1.7034434239029,0.549801686728929,0.971795820804474,0.0000049695172853,0.0000099109114865
SD02 - 9010,Potatoes,PPIC_02_Vegetables,1.7034434239029,0.549801686728929,0.971795820804474,0.0000049695172853,0.0000099109114865
SD02 - 9010,Tomatoes Fresh,PPIC_02_Vegetables,1.7034434239029,0.549801686728929,0.971795820804474,0.0000049695172853,0.0000099109114865
SD02 - 9010,Tomatoes Processing,PPIC_02_Vegetables,1.7034434239029,0.549801686728929,0.971795820804474,0.0000049695172853,0.0000099109114865
SD02 - 9010,Truck,PPIC_02_Vegetables,1.7034434239029,0.549801686728929,0.971795820804474,0.0000049695172853,0.0000099109114865
SD02 - 9010,Corn,PPIC_03_Grain,1.73391190502281,0.563281167375603,1.00026595495366,0.0000020679451474,0.0000070425164941
SD02 - 9010,Rice,PPIC_03_Grain,1.73391190502281,0.563281167375603,1.00026595495366,0.0000020679451474,0.0000070425164941
SD02 - 9010,Alfalfa,PPIC_01_Feed_Crops,1.88958912121113,0.57840494843677,1.11175872273374,0.0000338773582163,0.0000400034987227
SD02 - 9010,Pasture,PPIC_01_Feed_Crops,1.88958912121113,0.57840494843677,1.11175872273374,0.0000338773582163,0.0000400034987227
OXN07 - 4007,Beans Dry,PPIC_05_OtherField,1.48042893228129,0.885604107695223,1.17631974615459,0.0000014521670601,0.0000045694202856
OXN07 - 4007,Cotton,PPIC_05_OtherField,1.48042893228129,0.885604107695223,1.17631974615459,0.0000014521670601,0.0000045694202856
OXN07 - 4007,Field and Grain,PPIC_05_OtherField,1.48042893228129,0.885604107695223,1.17631974615459,0.0000014521670601,0.0000045694202856
OXN07 - 4007,Safflower,PPIC_05_OtherField,1.48042893228129,0.885604107695223,1.17631974615459,0.0000014521670601,0.0000045694202856
OXN07 - 4007,Sunflowers,PPIC_05_OtherField,1.48042893228129,0.885604107695223,1.17631974615459,0.0000014521670601,0.0000045694202856
OXN07 - 4007,Almonds,PPIC_04_Trees,1.61984788457122,0.692275371065863,1.08465708966897,0.0000090683511071,0.0000139457786238
OXN07 - 4007,Grapes Table,PPIC_04_Trees,1.61984788457122,0.692275371065863,1.08465708966897,0.0000090683511071,0.0000139457786238
OXN07 - 4007,Grapes Wine,PPIC_04_Trees,1.61984788457122,0.692275371065863,1.08465708966897,0.0000090683511071,0.0000139457786238
OXN07 - 4007,Orchards,PPIC_04_Trees,1.61984788457122,0.692275371065863,1.08465708966897,0.0000090683511071,0.0000139457786238
OXN07 - 4007,Pistachios,PPIC_04_Trees,1.61984788457122,0.692275371065863,1.08465708966897,0.0000090683511071,0.0000139457786238
OXN07 - 4007,Subtropical,PPIC_04_Trees,1.61984788457122,0.692275371065863,1.08465708966897,0.0000090683511071,0.0000139457786238
OXN07 - 4007,Walnuts,PPIC_04_Trees,1.61984788457122,0.692275371065863,1.08465708966897,0.0000090683511071,0.0000139457786238
OXN07 - 4007,Berries,PPIC_02_Vegetables,1.7034434239029,0.549801686728929,0.971795820804474,0.0000049695172853,0.0000099109114865
OXN07 - 4007,Cucurbits,PPIC_02_Vegetables,1.7034434239029,0.549801686728929,0.971795820804474,0.0000049695172853,0.0000099109114865
OXN07 - 4007,Lettuce,PPIC_02_Vegetables,1.7034434239029,0.549801686728929,0.971795820804474,0.0000049695172853,0.0000099109114865
OXN07 - 4007,Onions and Garlic,PPIC_02_Vegetables,1.7034434239029,0.549801686728929,0.971795820804474,0.0000049695172853,0.0000099109114865
OXN07 - 4007,Potatoes,PPIC_02_Vegetables,1.7034434239029,0.549801686728929,0.971795820804474,0.0000049695172853,0.0000099109114865
OXN07 - 4007,Tomatoes Fresh,PPIC_02_Vegetables,1.7034434239029,0.549801686728929,0.971795820804474,0.0000049695172853,0.0000099109114865
OXN07 - 4007,Tomatoes Processing,PPIC_02_Vegetables,1.7034434239029,0.549801686728929,0.971795820804474,0.0000049695172853,0.0000099109114865
OXN07 - 4007,Truck,PPIC_02_Vegetables,1.7034434239029,0.549801686728929,0.971795820804474,0.0000049695172853,0.0000099109114865
OXN07 - 4007,Corn,PPIC_03_Grain,1.73391190502281,0.563281167375603,1.00026595495366,0.0000020679451474,0.0000070425164941
OXN07 - 4007,Rice,PPIC_03_Grain,1.73391190502281,0.563281167375603,1.00026595495366,0.0000020679451474,0.0000070425164941
OXN07 - 4007,Alfalfa,PPIC_01_Feed_Crops,1.88958912121113,0.57840494843677,1.11175872273374,0.0000338773582163,0.0000400034987227
OXN07 - 4007,Pasture,PPIC_01_Feed_Crops,1.88958912121113,0.57840494843677,1.11175872273374,0.0000338773582163,0.0000400034987227
RR18 Lower - 1059,Beans Dry,PPIC_05_OtherField,1.48042893228129,0.885604107695223,1.17631974615459,0.0000014521670601,0.0000045694202856
RR18 Lower - 1059,Cotton,PPIC_05_OtherField,1.48042893228129,0.885604107695223,1.17631974615459,0.0000014521670601,0.0000045694202856
RR18 Lower - 1059,Field and Grain,PPIC_05_OtherField,1.48042893228129,0.885604107695223,1.17631974615459,0.0000014521670601,0.0000045694202856
RR18 Lower - 1059,Safflower,PPIC_05_OtherField,1.48042893228129,0.885604107695223,1.17631974615459,0.0000014521670601,0.0000045694202856
RR18 Lower - 1059,Sunflowers,PPIC_05_OtherField,1.48042893228129,0.885604107695223,1.17631974615459,0.0000014521670601,0.0000045694202856
RR18 Lower - 1059,Almonds,PPIC_04_Trees,1.61984788457122,0.692275371065863,1.08465708966897,0.0000090683511071,0.0000139457786238
RR18 Lower - 1059,Grapes Table,PPIC_04_Trees,1.61984788457122,0.692275371065863,1.08465708966897,0.0000090683511071,0.0000139457786238
RR18 Lower - 1059,Grapes Wine,PPIC_04_Trees,1.61984788457122,0.692275371065863,1.08465708966897,0.0000090683511071,0.0000139457786238
RR18 Lower - 1059,Orchards,PPIC_04_Trees,1.61984788457122,0.692275371065863,1.08465708966897,0.0000090683511071,0.0000139457786238
RR18 Lower - 1059,Pistachios,PPIC_04_Trees,1.61984788457122,0.692275371065863,1.08465708966897,0.0000090683511071,0.0000139457786238
RR18 Lower - 1059,Subtropical,PPIC_04_Trees,1.61984788457122,0.692275371065863,1.08465708966897,0.0000090683511071,0.0000139457786238
RR18 Lower - 1059,Walnuts,PPIC_04_Trees,1.61984788457122,0.692275371065863,1.08465708966897,0.0000090683511071,0.0000139457786238
RR18 Lower - 1059,Berries,PPIC_02_Vegetables,1.7034434239029,0.549801686728929,0.971795820804474,0.0000049695172853,0.0000099109114865
RR18 Lower - 1059,Cucurbits,PPIC_02_Vegetables,1.7034434239029,0.549801686728929,0.971795820804474,0.0000049695172853,0.0000099109114865
RR18 Lower - 1059,Lettuce,PPIC_02_Vegetables,1.7034434239029,0.549801686728929,0.971795820804474,0.0000049695172853,0.0000099109114865
RR18 Lower - 1059,Onions and Garlic,PPIC_02_Vegetables,1.7034434239029,0.549801686728929,0.971795820804474,0.0000049695172853,0.0000099109114865
RR18 Lower - 1059,Potatoes,PPIC_02_Vegetables,1.7034434239029,0.549801686728929,0.971795820804474,0.0000049695172853,0.0000099109114865
RR18 Lower - 1059,Tomatoes Fresh,PPIC_02_Vegetables,1.7034434239029,0.549801686728929,0.971795820804474,0.0000049695172853,0.0000099109114865
RR18 Lower - 1059,Tomatoes Processing,PPIC_02_Vegetables,1.7034434239029,0.549801686728929,0.971795820804474,0.0000049695172853,0.0000099109114865
RR18 Lower - 1059,Truck,PPIC_02_Vegetables,1.7034434239029,0.549801686728929,0.971795820804474,0.0000049695172853,0.0000099109114865
RR18 Lower - 1059,Corn,PPIC_03_Grain,1.73391190502281,0.563281167375603,1.00026595495366,0.0000020679451474,0.0000070425164941
RR18 Lower - 1059,Rice,PPIC_03_Grain,1.73391190502281,0.563281167375603,1.00026595495366,0.0000020679451474,0.0000070425164941
RR18 Lower - 1059,Alfalfa,PPIC_01_Feed_Crops,1.88958912121113,0.57840494843677,1.11175872273374,0.0000338773582163,0.0000400034987227
RR18 Lower - 1059,Pasture,PPIC_01_Feed_Crops,1.88958912121113,0.57840494843677,1.11175872273374,0.0000338773582163,0.0000400034987227
RR19 Lower - 1055,Beans Dry,PPIC_05_OtherField,1.48042893228129,0.885604107695223,1.17631974615459,0.0000014521670601,0.0000045694202856
RR19 Lower - 1055,Cotton,PPIC_05_OtherField,1.48042893228129,0.885604107695223,1.17631974615459,0.0000014521670601,0.0000045694202856
RR19 Lower - 1055,Field and Grain,PPIC_05_OtherField,1.48042893228129,0.885604107695223,1.17631974615459,0.0000014521670601,0.0000045694202856
RR19 Lower - 1055,Safflower,PPIC_05_OtherField,1.48042893228129,0.885604107695223,1.17631974615459,0.0000014521670601,0.0000045694202856
RR19 Lower - 1055,Sunflowers,PPIC_05_OtherField,1.48042893228129,0.885604107695223,1.17631974615459,0.0000014521670601,0.0000045694202856
RR19 Lower - 1055,Almonds,PPIC_04_Trees,1.61984788457122,0.692275371065863,1.08465708966897,0.0000090683511071,0.0000139457786238
RR19 Lower - 1055,Grapes Table,PPIC_04_Trees,1.61984788457122,0.692275371065863,1.08465708966897,0.0000090683511071,0.0000139457786238
RR19 Lower - 1055,Grapes Wine,PPIC_04_Trees,1.61984788457122,0.692275371065863,1.08465708966897,0.0000090683511071,0.0000139457786238
RR19 Lower - 1055,Orchards,PPIC_04_Trees,1.61984788457122,0.692275371065863,1.08465708966897,0.0000090683511071,0.0000139457786238
RR19 Lower - 1055,Pistachios,PPIC_04_Trees,1.61984788457122,0.692275371065863,1.08465708966897,0.0000090683511071,0.0000139457786238
RR19 Lower - 1055,Subtropical,PPIC_04_Trees,1.61984788457122,0.692275371065863,1.08465708966897,0.0000090683511071,0.0000139457786238
RR19 Lower - 1055,Walnuts,PPIC_04_Trees,1.61984788457122,0.692275371065863,1.08465708966897,0.0000090683511071,0.0000139457786238
RR19 Lower - 1055,Berries,PPIC_02_Vegetables,1.7034434239029,0.549801686728929,0.971795820804474,0.0000049695172853,0.0000099109114865
RR19 Lower - 1055,Cucurbits,PPIC_02_Vegetables,1.7034434239029,0.549801686728929,0.971795820804474,0.0000049695172853,0.0000099109114865
RR19 Lower - 1055,Lettuce,PPIC_02_Vegetables,1.7034434239029,0.549801686728929,0.971795820804474,0.0000049695172853,0.0000099109114865
RR19 Lower - 1055,Onions and Garlic,PPIC_02_Vegetables,1.7034434239029,0.549801686728929,0.971795820804474,0.0000049695172853,0.0000099109114865
RR19 Lower - 1055,Potatoes,PPIC_02_Vegetables,1.7034434239029,0.549801686728929,0.971795820804474,0.0000049695172853,0.0000099109114865
RR19 Lower - 1055,Tomatoes Fresh,PPIC_02_Vegetables,1.7034434239029,0.549801686728929,0.971795820804474,0.0000049695172853,0.0000099109114865
RR19 Lower - 1055,Tomatoes Processing,PPIC_02_Vegetables,1.7034434239029,0.549801686728929,0.971795820804474,0.0000049695172853,0.0000099109114865
RR19 Lower - 1055,Truck,PPIC_02_Vegetables,1.7034434239029,0.549801686728929,0.971795820804474,0.0000049695172853,0.0000099109114865
RR19 Lower - 1055,Corn,PPIC_03_Grain,1.73391190502281,0.563281167375603,1.00026595495366,0.0000020679451474,0.0000070425164941
RR19 Lower - 1055,Rice,PPIC_03_Grain,1.73391190502281,0.563281167375603,1.00026595495366,0.0000020679451474,0.0000070425164941
RR19 Lower - 1055,Alfalfa,PPIC_01_Feed_Crops,1.88958912121113,0.57840494843677,1.11175872273374,0.0000338773582163,0.0000400034987227
RR19 Lower - 1055,Pasture,PPIC_01_Feed_Crops,1.88958912121113,0.57840494843677,1.11175872273374,0.0000338773582163,0.0000400034987227
OXN09 - 4004,Beans Dry,PPIC_05_OtherField,1.48042893228129,0.885604107695223,1.17631974615459,0.0000014521670601,0.0000045694202856
OXN09 - 4004,Cotton,PPIC_05_OtherField,1.48042893228129,0.885604107695223,1.17631974615459,0.0000014521670601,0.0000045694202856
OXN09 - 4004,Field and Grain,PPIC_05_OtherField,1.48042893228129,0.885604107695223,1.17631974615459,0.0000014521670601,0.0000045694202856
OXN09 - 4004,Safflower,PPIC_05_OtherField,1.48042893228129,0.885604107695223,1.17631974615459,0.0000014521670601,0.0000045694202856
OXN09 - 4004,Sunflowers,PPIC_05_OtherField,1.48042893228129,0.885604107695223,1.17631974615459,0.0000014521670601,0.0000045694202856
OXN09 - 4004,Almonds,PPIC_04_Trees,1.61984788457122,0.692275371065863,1.08465708966897,0.0000090683511071,0.0000139457786238
OXN09 - 4004,Grapes Table,PPIC_04_Trees,1.61984788457122,0.692275371065863,1.08465708966897,0.0000090683511071,0.0000139457786238
OXN09 - 4004,Grapes Wine,PPIC_04_Trees,1.61984788457122,0.692275371065863,1.08465708966897,0.0000090683511071,0.0000139457786238
OXN09 - 4004,Orchards,PPIC_04_Trees,1.61984788457122,0.692275371065863,1.08465708966897,0.0000090683511071,0.0000139457786238
OXN09 - 4004,Pistachios,PPIC_04_Trees,1.61984788457122,0.692275371065863,1.08465708966897,0.0000090683511071,0.0000139457786238
OXN09 - 4004,Subtropical,PPIC_04_Trees,1.61984788457122,0.692275371065863,1.08465708966897,0.0000090683511071,0.0000139457786238
OXN09 - 4004,Walnuts,PPIC_04_Trees,1.61984788457122,0.692275371065863,1.08465708966897,0.0000090683511071,0.0000139457786238
OXN09 - 4004,Berries,PPIC_02_Vegetables,1.7034434239029,0.549801686728929,0.971795820804474,0.0000049695172853,0.0000099109114865
OXN09 - 4004,Cucurbits,PPIC_02_Vegetables,1.7034434239029,0.549801686728929,0.971795820804474,0.0000049695172853,0.0000099109114865
OXN09 - 4004,Lettuce,PPIC_02_Vegetables,1.7034434239029,0.549801686728929,0.971795820804474,0.0000049695172853,0.0000099109114865
OXN09 - 4004,Onions and Garlic,PPIC_02_Vegetables,1.7034434239029,0.549801686728929,0.971795820804474,0.0000049695172853,0.0000099109114865
OXN09 - 4004,Potatoes,PPIC_02_Vegetables,1.7034434239029,0.549801686728929,0.971795820804474,0.0000049695172853,0.0000099109114865
OXN09 - 4004,Tomatoes Fresh,PPIC_02_Vegetables,1.7034434239029,0.549801686728929,0.971795820804474,0.0000049695172853,0.0000099109114865
OXN09 - 4004,Tomatoes Processing,PPIC_02_Vegetables,1.7034434239029,0.549801686728929,0.971795820804474,0.0000049695172853,0.0000099109114865
OXN09 - 4004,Truck,PPIC_02_Vegetables,1.7034434239029,0.549801686728929,0.971795820804474,0.0000049695172853,0.0000099109114865
OXN09 - 4004,Corn,PPIC_03_Grain,1.73391190502281,0.563281167375603,1.00026595495366,0.0000020679451474,0.0000070425164941
OXN09 - 4004,Rice,PPIC_03_Grain,1.73391190502281,0.563281167375603,1.00026595495366,0.0000020679451474,0.0000070425164941
OXN09 - 4004,Alfalfa,PPIC_01_Feed_Crops,1.88958912121113,0.57840494843677,1.11175872273374,0.0000338773582163,0.0000400034987227
OXN09 - 4004,Pasture,PPIC_01_Feed_Crops,1.88958912121113,0.57840494843677,1.11175872273374,0.0000338773582163,0.0000400034987227
OXN10 - 4004B,Beans Dry,PPIC_05_OtherField,1.48042893228129,0.885604107695223,1.17631974615459,0.0000014521670601,0.0000045694202856
OXN10 - 4004B,Cotton,PPIC_05_OtherField,1.48042893228129,0.885604107695223,1.17631974615459,0.0000014521670601,0.0000045694202856
OXN10 - 4004B,Field and Grain,PPIC_05_OtherField,1.48042893228129,0.885604107695223,1.17631974615459,0.0000014521670601,0.0000045694202856
OXN10 - 4004B,Safflower,PPIC_05_OtherField,1.48042893228129,0.885604107695223,1.17631974615459,0.0000014521670601,0.0000045694202856
OXN10 - 4004B,Sunflowers,PPIC_05_OtherField,1.48042893228129,0.885604107695223,1.17631974615459,0.0000014521670601,0.0000045694202856
OXN10 - 4004B,Almonds,PPIC_04_Trees,1.61984788457122,0.692275371065863,1.08465708966897,0.0000090683511071,0.0000139457786238
OXN10 - 4004B,Grapes Table,PPIC_04_Trees,1.61984788457122,0.692275371065863,1.08465708966897,0.0000090683511071,0.0000139457786238
OXN10 - 4004B,Grapes Wine,PPIC_04_Trees,1.61984788457122,0.692275371065863,1.08465708966897,0.0000090683511071,0.0000139457786238
OXN10 - 4004B,Orchards,PPIC_04_Trees,1.61984788457122,0.692275371065863,1.08465708966897,0.0000090683511071,0.0000139457786238
OXN10 - 4004B,Pistachios,PPIC_04_Trees,1.61984788457122,0.692275371065863,1.08465708966897,0.0000090683511071,0.0000139457786238
OXN10 - 4004B,Subtropical,PPIC_04_Trees,1.61984788457122,0.692275371065863,1.08465708966897,0.0000090683511071,0.0000139457786238
OXN10 - 4004B,Walnuts,PPIC_04_Trees,1.61984788457122,0.692275371065863,1.08465708966897,0.0000090683511071,0.0000139457786238
OXN10 - 4004B,Berries,PPIC_02_Vegetables,1.7034434239029,0.549801686728929,0.971795820804474,0.0000049695172853,0.0000099109114865
OXN10 - 4004B,Cucurbits,PPIC_02_Vegetables,1.7034434239029,0.549801686728929,0.971795820804474,0.0000049695172853,0.0000099109114865
OXN10 - 4004B,Lettuce,PPIC_02_Vegetables,1.7034434239029,0.549801686728929,0.971795820804474,0.0000049695172853,0.0000099109114865
OXN10 - 4004B,Onions and Garlic,PPIC_02_Vegetables,1.7034434239029,0.549801686728929,0.971795820804474,0.0000049695172853,0.0000099109114865
OXN10 - 4004B,Potatoes,PPIC_02_Vegetables,1.7034434239029,0.549801686728929,0.971795820804474,0.0000049695172853,0.0000099109114865
OXN10 - 4004B,Tomatoes Fresh,PPIC_02_Vegetables,1.7034434239029,0.549801686728929,0.971795820804474,0.0000049695172853,0.0000099109114865
OXN10 - 4004B,Tomatoes Processing,PPIC_02_Vegetables,1.7034434239029,0.549801686728929,0.971795820804474,0.0000049695172853,0.0000099109114865
OXN10 - 4004B,Truck,PPIC_02_Vegetables,1.7034434239029,0.549801686728929,0.971795820804474,0.0000049695172853,0.0000099109114865
OXN10 - 4004B,Corn,PPIC_03_Grain,1.73391190502281,0.563281167375603,1.00026595495366,0.0000020679451474,0.0000070425164941
OXN10 - 4004B,Rice,PPIC_03_Grain,1.73391190502281,0.563281167375603,1.00026595495366,0.0000020679451474,0.0000070425164941
OXN10 - 4004B,Alfalfa,PPIC_01_Feed_Crops,1.88958912121113,0.57840494843677,1.11175872273374,0.0000338773582163,0.0000400034987227
OXN10 - 4004B,Pasture,PPIC_01_Feed_Crops,1.88958912121113,0.57840494843677,1.11175872273374,0.0000338773582163,0.0000400034987227
OXN11 - 40047,Beans Dry,PPIC_05_OtherField,1.48042893228129,0.885604107695223,1.17631974615459,0.0000014521670601,0.0000045694202856
OXN11 - 40047,Cotton,PPIC_05_OtherField,1.48042893228129,0.885604107695223,1.17631974615459,0.0000014521670601,0.0000045694202856
OXN11 - 40047,Field and Grain,PPIC_05_OtherField,1.48042893228129,0.885604107695223,1.17631974615459,0.0000014521670601,0.0000045694202856
OXN11 - 40047,Safflower,PPIC_05_OtherField,1.48042893228129,0.885604107695223,1.17631974615459,0.0000014521670601,0.0000045694202856
OXN11 - 40047,Sunflowers,PPIC_05_OtherField,1.48042893228129,0.885604107695223,1.17631974615459,0.0000014521670601,0.0000045694202856
OXN11 - 40047,Almonds,PPIC_04_Trees,1.61984788457122,0.692275371065863,1.08465708966897,0.0000090683511071,0.0000139457786238
OXN11 - 40047,Grapes Table,PPIC_04_Trees,1.61984788457122,0.692275371065863,1.08465708966897,0.0000090683511071,0.0000139457786238
OXN11 - 40047,Grapes Wine,PPIC_04_Trees,1.61984788457122,0.692275371065863,1.08465708966897,0.0000090683511071,0.0000139457786238
OXN11 - 40047,Orchards,PPIC_04_Trees,1.61984788457122,0.692275371065863,1.08465708966897,0.0000090683511071,0.0000139457786238
OXN11 - 40047,Pistachios,PPIC_04_Trees,1.61984788457122,0.692275371065863,1.08465708966897,0.0000090683511071,0.0000139457786238
OXN11 - 40047,Subtropical,PPIC_04_Trees,1.61984788457122,0.692275371065863,1.08465708966897,0.0000090683511071,0.0000139457786238
OXN11 - 40047,Walnuts,PPIC_04_Trees,1.61984788457122,0.692275371065863,1.08465708966897,0.0000090683511071,0.0000139457786238
OXN11 - 40047,Berries,PPIC_02_Vegetables,1.7034434239029,0.549801686728929,0.971795820804474,0.0000049695172853,0.0000099109114865
OXN11 - 40047,Cucurbits,PPIC_02_Vegetables,1.7034434239029,0.549801686728929,0.971795820804474,0.0000049695172853,0.0000099109114865
OXN11 - 40047,Lettuce,PPIC_02_Vegetables,1.7034434239029,0.549801686728929,0.971795820804474,0.0000049695172853,0.0000099109114865
OXN11 - 40047,Onions and Garlic,PPIC_02_Vegetables,1.7034434239029,0.549801686728929,0.971795820804474,0.0000049695172853,0.0000099109114865
OXN11 - 40047,Potatoes,PPIC_02_Vegetables,1.7034434239029,0.549801686728929,0.971795820804474,0.0000049695172853,0.0000099109114865
OXN11 - 40047,Tomatoes Fresh,PPIC_02_Vegetables,1.7034434239029,0.549801686728929,0.971795820804474,0.0000049695172853,0.0000099109114865
OXN11 - 40047,Tomatoes Processing,PPIC_02_Vegetables,1.7034434239029,0.549801686728929,0.971795820804474,0.0000049695172853,0.0000099109114865
OXN11 - 40047,Truck,PPIC_02_Vegetables,1.7034434239029,0.549801686728929,0.971795820804474,0.0000049695172853,0.0000099109114865
OXN11 - 40047,Corn,PPIC_03_Grain,1.73391190502281,0.563281167375603,1.00026595495366,0.0000020679451474,0.0000070425164941
OXN11 - 40047,Rice,PPIC_03_Grain,1.73391190502281,0.563281167375603,1.00026595495366,0.0000020679451474,0.0000070425164941
OXN11 - 40047,Alfalfa,PPIC_01_Feed_Crops,1.88958912121113,0.57840494843677,1.11175872273374,0.0000338773582163,0.0000400034987227
OXN11 - 40047,Pasture,PPIC_01_Feed_Crops,1.88958912121113,0.57840494843677,1.11175872273374,0.0000338773582163,0.0000400034987227
OXN13 - 4004C,Beans Dry,PPIC_05_OtherField,1.48042893228129,0.885604107695223,1.17631974615459,0.0000014521670601,0.0000045694202856
OXN13 - 4004C,Cotton,PPIC_05_OtherField,1.48042893228129,0.885604107695223,1.17631974615459,0.0000014521670601,0.0000045694202856
OXN13 - 4004C,Field and Grain,PPIC_05_OtherField,1.48042893228129,0.885604107695223,1.17631974615459,0.0000014521670601,0.0000045694202856
OXN13 - 4004C,Safflower,PPIC_05_OtherField,1.48042893228129,0.885604107695223,1.17631974615459,0.0000014521670601,0.0000045694202856
OXN13 - 4004C,Sunflowers,PPIC_05_OtherField,1.48042893228129,0.885604107695223,1.17631974615459,0.0000014521670601,0.0000045694202856
OXN13 - 4004C,Almonds,PPIC_04_Trees,1.61984788457122,0.692275371065863,1.08465708966897,0.0000090683511071,0.0000139457786238
OXN13 - 4004C,Grapes Table,PPIC_04_Trees,1.61984788457122,0.692275371065863,1.08465708966897,0.0000090683511071,0.0000139457786238
OXN13 - 4004C,Grapes Wine,PPIC_04_Trees,1.61984788457122,0.692275371065863,1.08465708966897,0.0000090683511071,0.0000139457786238
OXN13 - 4004C,Orchards,PPIC_04_Trees,1.61984788457122,0.692275371065863,1.08465708966897,0.0000090683511071,0.0000139457786238
OXN13 - 4004C,Pistachios,PPIC_04_Trees,1.61984788457122,0.692275371065863,1.08465708966897,0.0000090683511071,0.0000139457786238
OXN13 - 4004C,Subtropical,PPIC_04_Trees,1.61984788457122,0.692275371065863,1.08465708966897,0.0000090683511071,0.0000139457786238
OXN13 - 4004C,Walnuts,PPIC_04_Trees,1.61984788457122,0.692275371065863,1.08465708966897,0.0000090683511071,0.0000139457786238
OXN13 - 4004C,Berries,PPIC_02_Vegetables,1.7034434239029,0.549801686728929,0.971795820804474,0.0000049695172853,0.0000099109114865
OXN13 - 4004C,Cucurbits,PPIC_02_Vegetables,1.7034434239029,0.549801686728929,0.971795820804474,0.0000049695172853,0.0000099109114865
OXN13 - 4004C,Lettuce,PPIC_02_Vegetables,1.7034434239029,0.549801686728929,0.971795820804474,0.0000049695172853,0.0000099109114865
OXN13 - 4004C,Onions and Garlic,PPIC_02_Vegetables,1.7034434239029,0.549801686728929,0.971795820804474,0.0000049695172853,0.0000099109114865
OXN13 - 4004C,Potatoes,PPIC_02_Vegetables,1.7034434239029,0.549801686728929,0.971795820804474,0.0000049695172853,0.0000099109114865
OXN13 - 4004C,Tomatoes Fresh,PPIC_02_Vegetables,1.7034434239029,0.549801686728929,0.971795820804474,0.0000049695172853,0.0000099109114865
OXN13 - 4004C,Tomatoes Processing,PPIC_02_Vegetables,1.7034434239029,0.549801686728929,0.971795820804474,0.0000049695172853,0.0000099109114865
OXN13 - 4004C,Truck,PPIC_02_Vegetables,1.7034434239029,0.549801686728929,0.971795820804474,0.0000049695172853,0.0000099109114865
OXN13 - 4004C,Corn,PPIC_03_Grain,1.73391190502281,0.563281167375603,1.00026595495366,0.0000020679451474,0.0000070425164941
OXN13 - 4004C,Rice,PPIC_03_Grain,1.73391190502281,0.563281167375603,1.00026595495366,0.0000020679451474,0.0000070425164941
OXN13 - 4004C,Alfalfa,PPIC_01_Feed_Crops,1.88958912121113,0.57840494843677,1.11175872273374,0.0000338773582163,0.0000400034987227
OXN13 - 4004C,Pasture,PPIC_01_Feed_Crops,1.88958912121113,0.57840494843677,1.11175872273374,0.0000338773582163,0.0000400034987227
OXN16 - 400403,Beans Dry,PPIC_05_OtherField,1.48042893228129,0.885604107695223,1.17631974615459,0.0000014521670601,0.0000045694202856
OXN16 - 400403,Cotton,PPIC_05_OtherField,1.48042893228129,0.885604107695223,1.17631974615459,0.0000014521670601,0.0000045694202856
OXN16 - 400403,Field and Grain,PPIC_05_OtherField,1.48042893228129,0.885604107695223,1.17631974615459,0.0000014521670601,0.0000045694202856
OXN16 - 400403,Safflower,PPIC_05_OtherField,1.48042893228129,0.885604107695223,1.17631974615459,0.0000014521670601,0.0000045694202856
OXN16 - 400403,Sunflowers,PPIC_05_OtherField,1.48042893228129,0.885604107695223,1.17631974615459,0.0000014521670601,0.0000045694202856
OXN16 - 400403,Almonds,PPIC_04_Trees,1.61984788457122,0.692275371065863,1.08465708966897,0.0000090683511071,0.0000139457786238
OXN16 - 400403,Grapes Table,PPIC_04_Trees,1.61984788457122,0.692275371065863,1.08465708966897,0.0000090683511071,0.0000139457786238
OXN16 - 400403,Grapes Wine,PPIC_04_Trees,1.61984788457122,0.692275371065863,1.08465708966897,0.0000090683511071,0.0000139457786238
OXN16 - 400403,Orchards,PPIC_04_Trees,1.61984788457122,0.692275371065863,1.08465708966897,0.0000090683511071,0.0000139457786238
OXN16 - 400403,Pistachios,PPIC_04_Trees,1.61984788457122,0.692275371065863,1.08465708966897,0.0000090683511071,0.0000139457786238
OXN16 - 400403,Subtropical,PPIC_04_Trees,1.61984788457122,0.692275371065863,1.08465708966897,0.0000090683511071,0.0000139457786238
OXN16 - 400403,Walnuts,PPIC_04_Trees,1.61984788457122,0.692275371065863,1.08465708966897,0.0000090683511071,0.0000139457786238
OXN16 - 400403,Berries,PPIC_02_Vegetables,1.7034434239029,0.549801686728929,0.971795820804474,0.0000049695172853,0.0000099109114865
OXN16 - 400403,Cucurbits,PPIC_02_Vegetables,1.7034434239029,0.549801686728929,0.971795820804474,0.0000049695172853,0.0000099109114865
OXN16 - 400403,Lettuce,PPIC_02_Vegetables,1.7034434239029,0.549801686728929,0.971795820804474,0.0000049695172853,0.0000099109114865
OXN16 - 400403,Onions and Garlic,PPIC_02_Vegetables,1.7034434239029,0.549801686728929,0.971795820804474,0.0000049695172853,0.0000099109114865
OXN16 - 400403,Potatoes,PPIC_02_Vegetables,1.7034434239029,0.549801686728929,0.971795820804474,0.0000049695172853,0.0000099109114865
OXN16 - 400403,Tomatoes Fresh,PPIC_02_Vegetables,1.7034434239029,0.549801686728929,0.971795820804474,0.0000049695172853,0.0000099109114865
OXN16 - 400403,Tomatoes Processing,PPIC_02_Vegetables,1.7034434239029,0.549801686728929,0.971795820804474,0.0000049695172853,0.0000099109114865
OXN16 - 400403,Truck,PPIC_02_Vegetables,1.7034434239029,0.549801686728929,0.971795820804474,0.0000049695172853,0.0000099109114865
OXN16 - 400403,Corn,PPIC_03_Grain,1.73391190502281,0.563281167375603,1.00026595495366,0.0000020679451474,0.0000070425164941
OXN16 - 400403,Rice,PPIC_03_Grain,1.73391190502281,0.563281167375603,1.00026595495366,0.0000020679451474,0.0000070425164941
OXN16 - 400403,Alfalfa,PPIC_01_Feed_Crops,1.88958912121113,0.57840494843677,1.11175872273374,0.0000338773582163,0.0000400034987227
OXN16 - 400403,Pasture,PPIC_01_Feed_Crops,1.88958912121113,0.57840494843677,1.11175872273374,0.0000338773582163,0.0000400034987227
SD04 - 900701,Beans Dry,PPIC_05_OtherField,1.48042893228129,0.885604107695223,1.17631974615459,0.0000014521670601,0.0000045694202856
SD04 - 900701,Cotton,PPIC_05_OtherField,1.48042893228129,0.885604107695223,1.17631974615459,0.0000014521670601,0.0000045694202856
SD04 - 900701,Field and Grain,PPIC_05_OtherField,1.48042893228129,0.885604107695223,1.17631974615459,0.0000014521670601,0.0000045694202856
SD04 - 900701,Safflower,PPIC_05_OtherField,1.48042893228129,0.885604107695223,1.17631974615459,0.0000014521670601,0.0000045694202856
SD04 - 900701,Sunflowers,PPIC_05_OtherField,1.48042893228129,0.885604107695223,1.17631974615459,0.0000014521670601,0.0000045694202856
SD04 - 900701,Almonds,PPIC_04_Trees,1.61984788457122,0.692275371065863,1.08465708966897,0.0000090683511071,0.0000139457786238
SD04 - 900701,Grapes Table,PPIC_04_Trees,1.61984788457122,0.692275371065863,1.08465708966897,0.0000090683511071,0.0000139457786238
SD04 - 900701,Grapes Wine,PPIC_04_Trees,1.61984788457122,0.692275371065863,1.08465708966897,0.0000090683511071,0.0000139457786238
SD04 - 900701,Orchards,PPIC_04_Trees,1.61984788457122,0.692275371065863,1.08465708966897,0.0000090683511071,0.0000139457786238
SD04 - 900701,Pistachios,PPIC_04_Trees,1.61984788457122,0.692275371065863,1.08465708966897,0.0000090683511071,0.0000139457786238
SD04 - 900701,Subtropical,PPIC_04_Trees,1.61984788457122,0.692275371065863,1.08465708966897,0.0000090683511071,0.0000139457786238
SD04 - 900701,Walnuts,PPIC_04_Trees,1.61984788457122,0.692275371065863,1.08465708966897,0.0000090683511071,0.0000139457786238
SD04 - 900701,Berries,PPIC_02_Vegetables,1.7034434239029,0.549801686728929,0.971795820804474,0.0000049695172853,0.0000099109114865
SD04 - 900701,Cucurbits,PPIC_02_Vegetables,1.7034434239029,0.549801686728929,0.971795820804474,0.0000049695172853,0.0000099109114865
SD04 - 900701,Lettuce,PPIC_02_Vegetables,1.7034434239029,0.549801686728929,0.971795820804474,0.0000049695172853,0.0000099109114865
SD04 - 900701,Onions and Garlic,PPIC_02_Vegetables,1.7034434239029,0.549801686728929,0.971795820804474,0.0000049695172853,0.0000099109114865
SD04 - 900701,Potatoes,PPIC_02_Vegetables,1.7034434239029,0.549801686728929,0.971795820804474,0.0000049695172853,0.0000099109114865
SD04 - 900701,Tomatoes Fresh,PPIC_02_Vegetables,1.7034434239029,0.549801686728929,0.971795820804474,0.0000049695172853,0.0000099109114865
SD04 - 900701,Tomatoes Processing,PPIC_02_Vegetables,1.7034434239029,0.549801686728929,0.971795820804474,0.0000049695172853,0.0000099109114865
SD04 - 900701,Truck,PPIC_02_Vegetables,1.7034434239029,0.549801686728929,0.971795820804474,0.0000049695172853,0.0000099109114865
SD04 - 900701,Corn,PPIC_03_Grain,1.73391190502281,0.563281167375603,1.00026595495366,0.0000020679451474,0.0000070425164941
SD04 - 900701,Rice,PPIC_03_Grain,1.73391190502281,0.563281167375603,1.00026595495366,0.0000020679451474,0.0000070425164941
SD04 - 900701,Alfalfa,PPIC_01_Feed_Crops,1.88958912121113,0.57840494843677,1.11175872273374,0.0000338773582163,0.0000400034987227
SD04 - 900701,Pasture,PPIC_01_Feed_Crops,1.88958912121113,0.57840494843677,1.11175872273374,0.0000338773582163,0.0000400034987227
ANT01-IDs,Beans Dry,PPIC_05_OtherField,1.48042893228129,0.885604107695223,1.17631974615459,0.0000014521670601,0.0000045694202856
ANT01-IDs,Cotton,PPIC_05_OtherField,1.48042893228129,0.885604107695223,1.17631974615459,0.0000014521670601,0.0000045694202856
ANT01-IDs,Field and Grain,PPIC_05_OtherField,1.48042893228129,0.885604107695223,1.17631974615459,0.0000014521670601,0.0000045694202856
ANT01-IDs,Safflower,PPIC_05_OtherField,1.48042893228129,0.885604107695223,1.17631974615459,0.0000014521670601,0.0000045694202856
ANT01-IDs,Sunflowers,PPIC_05_OtherField,1.48042893228129,0.885604107695223,1.17631974615459,0.0000014521670601,0.0000045694202856
ANT01-IDs,Almonds,PPIC_04_Trees,1.61984788457122,0.692275371065863,1.08465708966897,0.0000090683511071,0.0000139457786238
ANT01-IDs,Grapes Table,PPIC_04_Trees,1.61984788457122,0.692275371065863,1.08465708966897,0.0000090683511071,0.0000139457786238
ANT01-IDs,Grapes Wine,PPIC_04_Trees,1.61984788457122,0.692275371065863,1.08465708966897,0.0000090683511071,0.0000139457786238
ANT01-IDs,Orchards,PPIC_04_Trees,1.61984788457122,0.692275371065863,1.08465708966897,0.0000090683511071,0.0000139457786238
ANT01-IDs,Pistachios,PPIC_04_Trees,1.61984788457122,0.692275371065863,1.08465708966897,0.0000090683511071,0.0000139457786238
ANT01-IDs,Subtropical,PPIC_04_Trees,1.61984788457122,0.692275371065863,1.08465708966897,0.0000090683511071,0.0000139457786238
ANT01-IDs,Walnuts,PPIC_04_Trees,1.61984788457122,0.692275371065863,1.08465708966897,0.0000090683511071,0.0000139457786238
ANT01-IDs,Berries,PPIC_02_Vegetables,1.7034434239029,0.549801686728929,0.971795820804474,0.0000049695172853,0.0000099109114865
ANT01-IDs,Cucurbits,PPIC_02_Vegetables,1.7034434239029,0.549801686728929,0.971795820804474,0.0000049695172853,0.0000099109114865
ANT01-IDs,Lettuce,PPIC_02_Vegetables,1.7034434239029,0.549801686728929,0.971795820804474,0.0000049695172853,0.0000099109114865
ANT01-IDs,Onions and Garlic,PPIC_02_Vegetables,1.7034434239029,0.549801686728929,0.971795820804474,0.0000049695172853,0.0000099109114865
ANT01-IDs,Potatoes,PPIC_02_Vegetables,1.7034434239029,0.549801686728929,0.971795820804474,0.0000049695172853,0.0000099109114865
ANT01-IDs,Tomatoes Fresh,PPIC_02_Vegetables,1.7034434239029,0.549801686728929,0.971795820804474,0.0000049695172853,0.0000099109114865
ANT01-IDs,Tomatoes Processing,PPIC_02_Vegetables,1.7034434239029,0.549801686728929,0.971795820804474,0.0000049695172853,0.0000099109114865
ANT01-IDs,Truck,PPIC_02_Vegetables,1.7034434239029,0.549801686728929,0.971795820804474,0.0000049695172853,0.0000099109114865
ANT01-IDs,Corn,PPIC_03_Grain,1.73391190502281,0.563281167375603,1.00026595495366,0.0000020679451474,0.0000070425164941
ANT01-IDs,Rice,PPIC_03_Grain,1.73391190502281,0.563281167375603,1.00026595495366,0.0000020679451474,0.0000070425164941
ANT01-IDs,Alfalfa,PPIC_01_Feed_Crops,1.88958912121113,0.57840494843677,1.11175872273374,0.0000338773582163,0.0000400034987227
ANT01-IDs,Pasture,PPIC_01_Feed_Crops,1.88958912121113,0.57840494843677,1.11175872273374,0.0000338773582163,0.0000400034987227
ANT02-WAs,Beans Dry,PPIC_05_OtherField,1.48042893228129,0.885604107695223,1.17631974615459,0.0000014521670601,0.0000045694202856
ANT02-WAs,Cotton,PPIC_05_OtherField,1.48042893228129,0.885604107695223,1.17631974615459,0.0000014521670601,0.0000045694202856
ANT02-WAs,Field and Grain,PPIC_05_OtherField,1.48042893228129,0.885604107695223,1.17631974615459,0.0000014521670601,0.0000045694202856
ANT02-WAs,Safflower,PPIC_05_OtherField,1.48042893228129,0.885604107695223,1.17631974615459,0.0000014521670601,0.0000045694202856
ANT02-WAs,Sunflowers,PPIC_05_OtherField,1.48042893228129,0.885604107695223,1.17631974615459,0.0000014521670601,0.0000045694202856
ANT02-WAs,Almonds,PPIC_04_Trees,1.61984788457122,0.692275371065863,1.08465708966897,0.0000090683511071,0.0000139457786238
ANT02-WAs,Grapes Table,PPIC_04_Trees,1.61984788457122,0.692275371065863,1.08465708966897,0.0000090683511071,0.0000139457786238
ANT02-WAs,Grapes Wine,PPIC_04_Trees,1.61984788457122,0.692275371065863,1.08465708966897,0.0000090683511071,0.0000139457786238
ANT02-WAs,Orchards,PPIC_04_Trees,1.61984788457122,0.692275371065863,1.08465708966897,0.0000090683511071,0.0000139457786238
ANT02-WAs,Pistachios,PPIC_04_Trees,1.61984788457122,0.692275371065863,1.08465708966897,0.0000090683511071,0.0000139457786238
ANT02-WAs,Subtropical,PPIC_04_Trees,1.61984788457122,0.692275371065863,1.08465708966897,0.0000090683511071,0.0000139457786238
ANT02-WAs,Walnuts,PPIC_04_Trees,1.61984788457122,0.692275371065863,1.08465708966897,0.0000090683511071,0.0000139457786238
ANT02-WAs,Berries,PPIC_02_Vegetables,1.7034434239029,0.549801686728929,0.971795820804474,0.0000049695172853,0.0000099109114865
ANT02-WAs,Cucurbits,PPIC_02_Vegetables,1.7034434239029,0.549801686728929,0.971795820804474,0.0000049695172853,0.0000099109114865
ANT02-WAs,Lettuce,PPIC_02_Vegetables,1.7034434239029,0.549801686728929,0.971795820804474,0.0000049695172853,0.0000099109114865
ANT02-WAs,Onions and Garlic,PPIC_02_Vegetables,1.7034434239029,0.549801686728929,0.971795820804474,0.0000049695172853,0.0000099109114865
ANT02-WAs,Potatoes,PPIC_02_Vegetables,1.7034434239029,0.549801686728929,0.971795820804474,0.0000049695172853,0.0000099109114865
ANT02-WAs,Tomatoes Fresh,PPIC_02_Vegetables,1.7034434239029,0.549801686728929,0.971795820804474,0.0000049695172853,0.0000099109114865
ANT02-WAs,Tomatoes Processing,PPIC_02_Vegetables,1.7034434239029,0.549801686728929,0.971795820804474,0.0000049695172853,0.0000099109114865
ANT02-WAs,Truck,PPIC_02_Vegetables,1.7034434239029,0.549801686728929,0.971795820804474,0.0000049695172853,0.0000099109114865
ANT02-WAs,Corn,PPIC_03_Grain,1.73391190502281,0.563281167375603,1.00026595495366,0.0000020679451474,0.0000070425164941
ANT02-WAs,Rice,PPIC_03_Grain,1.73391190502281,0.563281167375603,1.00026595495366,0.0000020679451474,0.0000070425164941
ANT02-WAs,Alfalfa,PPIC_01_Feed_Crops,1.88958912121113,0.57840494843677,1.11175872273374,0.0000338773582163,0.0000400034987227
ANT02-WAs,Pasture,PPIC_01_Feed_Crops,1.88958912121113,0.57840494843677,1.11175872273374,0.0000338773582163,0.0000400034987227
BND01-FULL,Beans Dry,PPIC_05_OtherField,1.48042893228129,0.885604107695223,1.17631974615459,0.0000014521670601,0.0000045694202856
BND01-FULL,Cotton,PPIC_05_OtherField,1.48042893228129,0.885604107695223,1.17631974615459,0.0000014521670601,0.0000045694202856
BND01-FULL,Field and Grain,PPIC_05_OtherField,1.48042893228129,0.885604107695223,1.17631974615459,0.0000014521670601,0.0000045694202856
BND01-FULL,Safflower,PPIC_05_OtherField,1.48042893228129,0.885604107695223,1.17631974615459,0.0000014521670601,0.0000045694202856
BND01-FULL,Sunflowers,PPIC_05_OtherField,1.48042893228129,0.885604107695223,1.17631974615459,0.0000014521670601,0.0000045694202856
BND01-FULL,Almonds,PPIC_04_Trees,1.61984788457122,0.692275371065863,1.08465708966897,0.0000090683511071,0.0000139457786238
BND01-FULL,Grapes Table,PPIC_04_Trees,1.61984788457122,0.692275371065863,1.08465708966897,0.0000090683511071,0.0000139457786238
BND01-FULL,Grapes Wine,PPIC_04_Trees,1.61984788457122,0.692275371065863,1.08465708966897,0.0000090683511071,0.0000139457786238
BND01-FULL,Orchards,PPIC_04_Trees,1.61984788457122,0.692275371065863,1.08465708966897,0.0000090683511071,0.0000139457786238
BND01-FULL,Pistachios,PPIC_04_Trees,1.61984788457122,0.692275371065863,1.08465708966897,0.0000090683511071,0.0000139457786238
BND01-FULL,Subtropical,PPIC_04_Trees,1.61984788457122,0.692275371065863,1.08465708966897,0.0000090683511071,0.0000139457786238
BND01-FULL,Walnuts,PPIC_04_Trees,1.61984788457122,0.692275371065863,1.08465708966897,0.0000090683511071,0.0000139457786238
BND01-FULL,Berries,PPIC_02_Vegetables,1.7034434239029,0.549801686728929,0.971795820804474,0.0000049695172853,0.0000099109114865
BND01-FULL,Cucurbits,PPIC_02_Vegetables,1.7034434239029,0.549801686728929,0.971795820804474,0.0000049695172853,0.0000099109114865
BND01-FULL,Lettuce,PPIC_02_Vegetables,1.7034434239029,0.549801686728929,0.971795820804474,0.0000049695172853,0.0000099109114865
BND01-FULL,Onions and Garlic,PPIC_02_Vegetables,1.7034434239029,0.549801686728929,0.971795820804474,0.0000049695172853,0.0000099109114865
BND01-FULL,Potatoes,PPIC_02_Vegetables,1.7034434239029,0.549801686728929,0.971795820804474,0.0000049695172853,0.0000099109114865
BND01-FULL,Tomatoes Fresh,PPIC_02_Vegetables,1.7034434239029,0.549801686728929,0.971795820804474,0.0000049695172853,0.0000099109114865
BND01-FULL,Tomatoes Processing,PPIC_02_Vegetables,1.7034434239029,0.549801686728929,0.971795820804474,0.0000049695172853,0.0000099109114865
BND01-FULL,Truck,PPIC_02_Vegetables,1.7034434239029,0.549801686728929,0.971795820804474,0.0000049695172853,0.0000099109114865
BND01-FULL,Corn,PPIC_03_Grain,1.73391190502281,0.563281167375603,1.00026595495366,0.0000020679451474,0.0000070425164941
BND01-FULL,Rice,PPIC_03_Grain,1.73391190502281,0.563281167375603,1.00026595495366,0.0000020679451474,0.0000070425164941
BND01-FULL,Alfalfa,PPIC_01_Feed_Crops,1.88958912121113,0.57840494843677,1.11175872273374,0.0000338773582163,0.0000400034987227
BND01-FULL,Pasture,PPIC_01_Feed_Crops,1.88958912121113,0.57840494843677,1.11175872273374,0.0000338773582163,0.0000400034987227
BTE01-IDs,Beans Dry,PPIC_05_OtherField,1.48042893228129,0.885604107695223,1.17631974615459,0.0000014521670601,0.0000045694202856
BTE01-IDs,Cotton,PPIC_05_OtherField,1.48042893228129,0.885604107695223,1.17631974615459,0.0000014521670601,0.0000045694202856
BTE01-IDs,Field and Grain,PPIC_05_OtherField,1.48042893228129,0.885604107695223,1.17631974615459,0.0000014521670601,0.0000045694202856
BTE01-IDs,Safflower,PPIC_05_OtherField,1.48042893228129,0.885604107695223,1.17631974615459,0.0000014521670601,0.0000045694202856
BTE01-IDs,Sunflowers,PPIC_05_OtherField,1.48042893228129,0.885604107695223,1.17631974615459,0.0000014521670601,0.0000045694202856
BTE01-IDs,Almonds,PPIC_04_Trees,1.61984788457122,0.692275371065863,1.08465708966897,0.0000090683511071,0.0000139457786238
BTE01-IDs,Grapes Table,PPIC_04_Trees,1.61984788457122,0.692275371065863,1.08465708966897,0.0000090683511071,0.0000139457786238
BTE01-IDs,Grapes Wine,PPIC_04_Trees,1.61984788457122,0.692275371065863,1.08465708966897,0.0000090683511071,0.0000139457786238
BTE01-IDs,Orchards,PPIC_04_Trees,1.61984788457122,0.692275371065863,1.08465708966897,0.0000090683511071,0.0000139457786238
BTE01-IDs,Pistachios,PPIC_04_Trees,1.61984788457122,0.692275371065863,1.08465708966897,0.0000090683511071,0.0000139457786238
BTE01-IDs,Subtropical,PPIC_04_Trees,1.61984788457122,0.692275371065863,1.08465708966897,0.0000090683511071,0.0000139457786238
BTE01-IDs,Walnuts,PPIC_04_Trees,1.61984788457122,0.692275371065863,1.08465708966897,0.0000090683511071,0.0000139457786238
BTE01-IDs,Berries,PPIC_02_Vegetables,1.7034434239029,0.549801686728929,0.971795820804474,0.0000049695172853,0.0000099109114865
BTE01-IDs,Cucurbits,PPIC_02_Vegetables,1.7034434239029,0.549801686728929,0.971795820804474,0.0000049695172853,0.0000099109114865
BTE01-IDs,Lettuce,PPIC_02_Vegetables,1.7034434239029,0.549801686728929,0.971795820804474,0.0000049695172853,0.0000099109114865
BTE01-IDs,Onions and Garlic,PPIC_02_Vegetables,1.7034434239029,0.549801686728929,0.971795820804474,0.0000049695172853,0.0000099109114865
BTE01-IDs,Potatoes,PPIC_02_Vegetables,1.7034434239029,0.549801686728929,0.971795820804474,0.0000049695172853,0.0000099109114865
BTE01-IDs,Tomatoes Fresh,PPIC_02_Vegetables,1.7034434239029,0.549801686728929,0.971795820804474,0.0000049695172853,0.0000099109114865
BTE01-IDs,Tomatoes Processing,PPIC_02_Vegetables,1.7034434239029,0.549801686728929,0.971795820804474,0.0000049695172853,0.0000099109114865
BTE01-IDs,Truck,PPIC_02_Vegetables,1.7034434239029,0.549801686728929,0.971795820804474,0.0000049695172853,0.0000099109114865
BTE01-IDs,Corn,PPIC_03_Grain,1.73391190502281,0.563281167375603,1.00026595495366,0.0000020679451474,0.0000070425164941
BTE01-IDs,Rice,PPIC_03_Grain,1.73391190502281,0.563281167375603,1.00026595495366,0.0000020679451474,0.0000070425164941
BTE01-IDs,Alfalfa,PPIC_01_Feed_Crops,1.88958912121113,0.57840494843677,1.11175872273374,0.0000338773582163,0.0000400034987227
BTE01-IDs,Pasture,PPIC_01_Feed_Crops,1.88958912121113,0.57840494843677,1.11175872273374,0.0000338773582163,0.0000400034987227
BTE02-WAs,Beans Dry,PPIC_05_OtherField,1.48042893228129,0.885604107695223,1.17631974615459,0.0000014521670601,0.0000045694202856
BTE02-WAs,Cotton,PPIC_05_OtherField,1.48042893228129,0.885604107695223,1.17631974615459,0.0000014521670601,0.0000045694202856
BTE02-WAs,Field and Grain,PPIC_05_OtherField,1.48042893228129,0.885604107695223,1.17631974615459,0.0000014521670601,0.0000045694202856
BTE02-WAs,Safflower,PPIC_05_OtherField,1.48042893228129,0.885604107695223,1.17631974615459,0.0000014521670601,0.0000045694202856
BTE02-WAs,Sunflowers,PPIC_05_OtherField,1.48042893228129,0.885604107695223,1.17631974615459,0.0000014521670601,0.0000045694202856
BTE02-WAs,Almonds,PPIC_04_Trees,1.61984788457122,0.692275371065863,1.08465708966897,0.0000090683511071,0.0000139457786238
BTE02-WAs,Grapes Table,PPIC_04_Trees,1.61984788457122,0.692275371065863,1.08465708966897,0.0000090683511071,0.0000139457786238
BTE02-WAs,Grapes Wine,PPIC_04_Trees,1.61984788457122,0.692275371065863,1.08465708966897,0.0000090683511071,0.0000139457786238
BTE02-WAs,Orchards,PPIC_04_Trees,1.61984788457122,0.692275371065863,1.08465708966897,0.0000090683511071,0.0000139457786238
BTE02-WAs,Pistachios,PPIC_04_Trees,1.61984788457122,0.692275371065863,1.08465708966897,0.0000090683511071,0.0000139457786238
BTE02-WAs,Subtropical,PPIC_04_Trees,1.61984788457122,0.692275371065863,1.08465708966897,0.0000090683511071,0.0000139457786238
BTE02-WAs,Walnuts,PPIC_04_Trees,1.61984788457122,0.692275371065863,1.08465708966897,0.0000090683511071,0.0000139457786238
BTE02-WAs,Berries,PPIC_02_Vegetables,1.7034434239029,0.549801686728929,0.971795820804474,0.0000049695172853,0.0000099109114865
BTE02-WAs,Cucurbits,PPIC_02_Vegetables,1.7034434239029,0.549801686728929,0.971795820804474,0.0000049695172853,0.0000099109114865
BTE02-WAs,Lettuce,PPIC_02_Vegetables,1.7034434239029,0.549801686728929,0.971795820804474,0.0000049695172853,0.0000099109114865
BTE02-WAs,Onions and Garlic,PPIC_02_Vegetables,1.7034434239029,0.549801686728929,0.971795820804474,0.0000049695172853,0.0000099109114865
BTE02-WAs,Potatoes,PPIC_02_Vegetables,1.7034434239029,0.549801686728929,0.971795820804474,0.0000049695172853,0.0000099109114865
BTE02-WAs,Tomatoes Fresh,PPIC_02_Vegetables,1.7034434239029,0.549801686728929,0.971795820804474,0.0000049695172853,0.0000099109114865
BTE02-WAs,Tomatoes Processing,PPIC_02_Vegetables,1.7034434239029,0.549801686728929,0.971795820804474,0.0000049695172853,0.0000099109114865
BTE02-WAs,Truck,PPIC_02_Vegetables,1.7034434239029,0.549801686728929,0.971795820804474,0.0000049695172853,0.0000099109114865
BTE02-WAs,Corn,PPIC_03_Grain,1.73391190502281,0.563281167375603,1.00026595495366,0.0000020679451474,0.0000070425164941
BTE02-WAs,Rice,PPIC_03_Grain,1.73391190502281,0.563281167375603,1.00026595495366,0.0000020679451474,0.0000070425164941
BTE02-WAs,Alfalfa,PPIC_01_Feed_Crops,1.88958912121113,0.57840494843677,1.11175872273374,0.0000338773582163,0.0000400034987227
BTE02-WAs,Pasture,PPIC_01_Feed_Crops,1.88958912121113,0.57840494843677,1.11175872273374,0.0000338773582163,0.0000400034987227
CHW01-E-ChID&WA,Almonds,PPIC_04_Trees,1.60740153243631,0.691945099805778,1.06892111001069,0.0000061482613017,0.0000114783791492
CHW01-E-ChID&WA,Grapes Table,PPIC_04_Trees,1.60740153243631,0.691945099805778,1.06892111001069,0.0000061482613017,0.0000114783791492
CHW01-E-ChID&WA,Grapes Wine,PPIC_04_Trees,1.60740153243631,0.691945099805778,1.06892111001069,0.0000061482613017,0.0000114783791492
CHW01-E-ChID&WA,Orchards,PPIC_04_Trees,1.60740153243631,0.691945099805778,1.06892111001069,0.0000061482613017,0.0000114783791492
CHW01-E-ChID&WA,Pistachios,PPIC_04_Trees,1.60740153243631,0.691945099805778,1.06892111001069,0.0000061482613017,0.0000114783791492
CHW01-E-ChID&WA,Subtropical,PPIC_04_Trees,1.60740153243631,0.691945099805778,1.06892111001069,0.0000061482613017,0.0000114783791492
CHW01-E-ChID&WA,Walnuts,PPIC_04_Trees,1.60740153243631,0.691945099805778,1.06892111001069,0.0000061482613017,0.0000114783791492
CHW01-E-ChID&WA,Berries,PPIC_02_Vegetables,1.66628086715253,0.549801631775685,0.937728057541747,0.0000039251506647,0.0000091389600903
CHW01-E-ChID&WA,Cucurbits,PPIC_02_Vegetables,1.66628086715253,0.549801631775685,0.937728057541747,0.0000039251506647,0.0000091389600903
CHW01-E-ChID&WA,Lettuce,PPIC_02_Vegetables,1.66628086715253,0.549801631775685,0.937728057541747,0.0000039251506647,0.0000091389600903
CHW01-E-ChID&WA,Onions and Garlic,PPIC_02_Vegetables,1.66628086715253,0.549801631775685,0.937728057541747,0.0000039251506647,0.0000091389600903
CHW01-E-ChID&WA,Potatoes,PPIC_02_Vegetables,1.66628086715253,0.549801631775685,0.937728057541747,0.0000039251506647,0.0000091389600903
CHW01-E-ChID&WA,Tomatoes Fresh,PPIC_02_Vegetables,1.66628086715253,0.549801631775685,0.937728057541747,0.0000039251506647,0.0000091389600903
CHW01-E-ChID&WA,Tomatoes Processing,PPIC_02_Vegetables,1.66628086715253,0.549801631775685,0.937728057541747,0.0000039251506647,0.0000091389600903
CHW01-E-ChID&WA,Truck,PPIC_02_Vegetables,1.66628086715253,0.549801631775685,0.937728057541747,0.0000039251506647,0.0000091389600903
CHW01-E-ChID&WA,Beans Dry,PPIC_05_OtherField,1.7016395248374,0.628816309954396,1.03659146549067,0.0000064773330502,0.0000116947792324
CHW01-E-ChID&WA,Cotton,PPIC_05_OtherField,1.7016395248374,0.628816309954396,1.03659146549067,0.0000064773330502,0.0000116947792324
CHW01-E-ChID&WA,Field and Grain,PPIC_05_OtherField,1.7016395248374,0.628816309954396,1.03659146549067,0.0000064773330502,0.0000116947792324
CHW01-E-ChID&WA,Safflower,PPIC_05_OtherField,1.7016395248374,0.628816309954396,1.03659146549067,0.0000064773330502,0.0000116947792324
CHW01-E-ChID&WA,Sunflowers,PPIC_05_OtherField,1.7016395248374,0.628816309954396,1.03659146549067,0.0000064773330502,0.0000116947792324
CHW01-E-ChID&WA,Corn,PPIC_03_Grain,1.71786187568245,0.563281134003145,0.976348593022219,0.0000014418504877,0.0000068268635051
CHW01-E-ChID&WA,Rice,PPIC_03_Grain,1.71786187568245,0.563281134003145,0.976348593022219,0.0000014418504877,0.0000068268635051
CHW01-E-ChID&WA,Alfalfa,PPIC_01_Feed_Crops,1.73210994923085,0.578404973378961,1.00715521935711,0.0000160715747934,0.0000218152474585
CHW01-E-ChID&WA,Pasture,PPIC_01_Feed_Crops,1.73210994923085,0.578404973378961,1.00715521935711,0.0000160715747934,0.0000218152474585
CHW02-W-WA,Almonds,PPIC_04_Trees,1.60740153243631,0.691945099805778,1.06892111001069,0.0000061482613017,0.0000114783791492
CHW02-W-WA,Grapes Table,PPIC_04_Trees,1.60740153243631,0.691945099805778,1.06892111001069,0.0000061482613017,0.0000114783791492
CHW02-W-WA,Grapes Wine,PPIC_04_Trees,1.60740153243631,0.691945099805778,1.06892111001069,0.0000061482613017,0.0000114783791492
CHW02-W-WA,Orchards,PPIC_04_Trees,1.60740153243631,0.691945099805778,1.06892111001069,0.0000061482613017,0.0000114783791492
CHW02-W-WA,Pistachios,PPIC_04_Trees,1.60740153243631,0.691945099805778,1.06892111001069,0.0000061482613017,0.0000114783791492
CHW02-W-WA,Subtropical,PPIC_04_Trees,1.60740153243631,0.691945099805778,1.06892111001069,0.0000061482613017,0.0000114783791492
CHW02-W-WA,Walnuts,PPIC_04_Trees,1.60740153243631,0.691945099805778,1.06892111001069,0.0000061482613017,0.0000114783791492
CHW02-W-WA,Berries,PPIC_02_Vegetables,1.66628086715253,0.549801631775685,0.937728057541747,0.0000039251506647,0.0000091389600903
CHW02-W-WA,Cucurbits,PPIC_02_Vegetables,1.66628086715253,0.549801631775685,0.937728057541747,0.0000039251506647,0.0000091389600903
CHW02-W-WA,Lettuce,PPIC_02_Vegetables,1.66628086715253,0.549801631775685,0.937728057541747,0.0000039251506647,0.0000091389600903
CHW02-W-WA,Onions and Garlic,PPIC_02_Vegetables,1.66628086715253,0.549801631775685,0.937728057541747,0.0000039251506647,0.0000091389600903
CHW02-W-WA,Potatoes,PPIC_02_Vegetables,1.66628086715253,0.549801631775685,0.937728057541747,0.0000039251506647,0.0000091389600903
CHW02-W-WA,Tomatoes Fresh,PPIC_02_Vegetables,1.66628086715253,0.549801631775685,0.937728057541747,0.0000039251506647,0.0000091389600903
CHW02-W-WA,Tomatoes Processing,PPIC_02_Vegetables,1.66628086715253,0.549801631775685,0.937728057541747,0.0000039251506647,0.0000091389600903
CHW02-W-WA,Truck,PPIC_02_Vegetables,1.66628086715253,0.549801631775685,0.937728057541747,0.0000039251506647,0.0000091389600903
CHW02-W-WA,Beans Dry,PPIC_05_OtherField,1.7016395248374,0.628816309954396,1.03659146549067,0.0000064773330502,0.0000116947792324
CHW02-W-WA,Cotton,PPIC_05_OtherField,1.7016395248374,0.628816309954396,1.03659146549067,0.0000064773330502,0.0000116947792324
CHW02-W-WA,Field and Grain,PPIC_05_OtherField,1.7016395248374,0.628816309954396,1.03659146549067,0.0000064773330502,0.0000116947792324
CHW02-W-WA,Safflower,PPIC_05_OtherField,1.7016395248374,0.628816309954396,1.03659146549067,0.0000064773330502,0.0000116947792324
CHW02-W-WA,Sunflowers,PPIC_05_OtherField,1.7016395248374,0.628816309954396,1.03659146549067,0.0000064773330502,0.0000116947792324
CHW02-W-WA,Corn,PPIC_03_Grain,1.71786187568245,0.563281134003145,0.976348593022219,0.0000014418504877,0.0000068268635051
CHW02-W-WA,Rice,PPIC_03_Grain,1.71786187568245,0.563281134003145,0.976348593022219,0.0000014418504877,0.0000068268635051
CHW02-W-WA,Alfalfa,PPIC_01_Feed_Crops,1.73210994923085,0.578404973378961,1.00715521935711,0.0000160715747934,0.0000218152474585
CHW02-W-WA,Pasture,PPIC_01_Feed_Crops,1.73210994923085,0.578404973378961,1.00715521935711,0.0000160715747934,0.0000218152474585
CLS01-SC-ColusaCountyWD,Beans Dry,PPIC_05_OtherField,1.48042893228129,0.885604107695223,1.17631974615459,0.0000014521670601,0.0000045694202856
CLS01-SC-ColusaCountyWD,Cotton,PPIC_05_OtherField,1.48042893228129,0.885604107695223,1.17631974615459,0.0000014521670601,0.0000045694202856
CLS01-SC-ColusaCountyWD,Field and Grain,PPIC_05_OtherField,1.48042893228129,0.885604107695223,1.17631974615459,0.0000014521670601,0.0000045694202856
CLS01-SC-ColusaCountyWD,Safflower,PPIC_05_OtherField,1.48042893228129,0.885604107695223,1.17631974615459,0.0000014521670601,0.0000045694202856
CLS01-SC-ColusaCountyWD,Sunflowers,PPIC_05_OtherField,1.48042893228129,0.885604107695223,1.17631974615459,0.0000014521670601,0.0000045694202856
CLS01-SC-ColusaCountyWD,Almonds,PPIC_04_Trees,1.61984788457122,0.692275371065863,1.08465708966897,0.0000090683511071,0.0000139457786238
CLS01-SC-ColusaCountyWD,Grapes Table,PPIC_04_Trees,1.61984788457122,0.692275371065863,1.08465708966897,0.0000090683511071,0.0000139457786238
CLS01-SC-ColusaCountyWD,Grapes Wine,PPIC_04_Trees,1.61984788457122,0.692275371065863,1.08465708966897,0.0000090683511071,0.0000139457786238
CLS01-SC-ColusaCountyWD,Orchards,PPIC_04_Trees,1.61984788457122,0.692275371065863,1.08465708966897,0.0000090683511071,0.0000139457786238
CLS01-SC-ColusaCountyWD,Pistachios,PPIC_04_Trees,1.61984788457122,0.692275371065863,1.08465708966897,0.0000090683511071,0.0000139457786238
CLS01-SC-ColusaCountyWD,Subtropical,PPIC_04_Trees,1.61984788457122,0.692275371065863,1.08465708966897,0.0000090683511071,0.0000139457786238
CLS01-SC-ColusaCountyWD,Walnuts,PPIC_04_Trees,1.61984788457122,0.692275371065863,1.08465708966897,0.0000090683511071,0.0000139457786238
CLS01-SC-ColusaCountyWD,Berries,PPIC_02_Vegetables,1.7034434239029,0.549801686728929,0.971795820804474,0.0000049695172853,0.0000099109114865
CLS01-SC-ColusaCountyWD,Cucurbits,PPIC_02_Vegetables,1.7034434239029,0.549801686728929,0.971795820804474,0.0000049695172853,0.0000099109114865
CLS01-SC-ColusaCountyWD,Lettuce,PPIC_02_Vegetables,1.7034434239029,0.549801686728929,0.971795820804474,0.0000049695172853,0.0000099109114865
CLS01-SC-ColusaCountyWD,Onions and Garlic,PPIC_02_Vegetables,1.7034434239029,0.549801686728929,0.971795820804474,0.0000049695172853,0.0000099109114865
CLS01-SC-ColusaCountyWD,Potatoes,PPIC_02_Vegetables,1.7034434239029,0.549801686728929,0.971795820804474,0.0000049695172853,0.0000099109114865
CLS01-SC-ColusaCountyWD,Tomatoes Fresh,PPIC_02_Vegetables,1.7034434239029,0.549801686728929,0.971795820804474,0.0000049695172853,0.0000099109114865
CLS01-SC-ColusaCountyWD,Tomatoes Processing,PPIC_02_Vegetables,1.7034434239029,0.549801686728929,0.971795820804474,0.0000049695172853,0.0000099109114865
CLS01-SC-ColusaCountyWD,Truck,PPIC_02_Vegetables,1.7034434239029,0.549801686728929,0.971795820804474,0.0000049695172853,0.0000099109114865
CLS01-SC-ColusaCountyWD,Corn,PPIC_03_Grain,1.73391190502281,0.563281167375603,1.00026595495366,0.0000020679451474,0.0000070425164941
CLS01-SC-ColusaCountyWD,Rice,PPIC_03_Grain,1.73391190502281,0.563281167375603,1.00026595495366,0.0000020679451474,0.0000070425164941
CLS01-SC-ColusaCountyWD,Alfalfa,PPIC_01_Feed_Crops,1.88958912121113,0.57840494843677,1.11175872273374,0.0000338773582163,0.0000400034987227
CLS01-SC-ColusaCountyWD,Pasture,PPIC_01_Feed_Crops,1.88958912121113,0.57840494843677,1.11175872273374,0.0000338773582163,0.0000400034987227
CLS02-North-WAs,Beans Dry,PPIC_05_OtherField,1.48042893228129,0.885604107695223,1.17631974615459,0.0000014521670601,0.0000045694202856
CLS02-North-WAs,Cotton,PPIC_05_OtherField,1.48042893228129,0.885604107695223,1.17631974615459,0.0000014521670601,0.0000045694202856
CLS02-North-WAs,Field and Grain,PPIC_05_OtherField,1.48042893228129,0.885604107695223,1.17631974615459,0.0000014521670601,0.0000045694202856
CLS02-North-WAs,Safflower,PPIC_05_OtherField,1.48042893228129,0.885604107695223,1.17631974615459,0.0000014521670601,0.0000045694202856
CLS02-North-WAs,Sunflowers,PPIC_05_OtherField,1.48042893228129,0.885604107695223,1.17631974615459,0.0000014521670601,0.0000045694202856
CLS02-North-WAs,Almonds,PPIC_04_Trees,1.61984788457122,0.692275371065863,1.08465708966897,0.0000090683511071,0.0000139457786238
CLS02-North-WAs,Grapes Table,PPIC_04_Trees,1.61984788457122,0.692275371065863,1.08465708966897,0.0000090683511071,0.0000139457786238
CLS02-North-WAs,Grapes Wine,PPIC_04_Trees,1.61984788457122,0.692275371065863,1.08465708966897,0.0000090683511071,0.0000139457786238
CLS02-North-WAs,Orchards,PPIC_04_Trees,1.61984788457122,0.692275371065863,1.08465708966897,0.0000090683511071,0.0000139457786238
CLS02-North-WAs,Pistachios,PPIC_04_Trees,1.61984788457122,0.692275371065863,1.08465708966897,0.0000090683511071,0.0000139457786238
CLS02-North-WAs,Subtropical,PPIC_04_Trees,1.61984788457122,0.692275371065863,1.08465708966897,0.0000090683511071,0.0000139457786238
CLS02-North-WAs,Walnuts,PPIC_04_Trees,1.61984788457122,0.692275371065863,1.08465708966897,0.0000090683511071,0.0000139457786238
CLS02-North-WAs,Berries,PPIC_02_Vegetables,1.7034434239029,0.549801686728929,0.971795820804474,0.0000049695172853,0.0000099109114865
CLS02-North-WAs,Cucurbits,PPIC_02_Vegetables,1.7034434239029,0.549801686728929,0.971795820804474,0.0000049695172853,0.0000099109114865
CLS02-North-WAs,Lettuce,PPIC_02_Vegetables,1.7034434239029,0.549801686728929,0.971795820804474,0.0000049695172853,0.0000099109114865
CLS02-North-WAs,Onions and Garlic,PPIC_02_Vegetables,1.7034434239029,0.549801686728929,0.971795820804474,0.0000049695172853,0.0000099109114865
CLS02-North-WAs,Potatoes,PPIC_02_Vegetables,1.7034434239029,0.549801686728929,0.971795820804474,0.0000049695172853,0.0000099109114865
CLS02-North-WAs,Tomatoes Fresh,PPIC_02_Vegetables,1.7034434239029,0.549801686728929,0.971795820804474,0.0000049695172853,0.0000099109114865
CLS02-North-WAs,Tomatoes Processing,PPIC_02_Vegetables,1.7034434239029,0.549801686728929,0.971795820804474,0.0000049695172853,0.0000099109114865
CLS02-North-WAs,Truck,PPIC_02_Vegetables,1.7034434239029,0.549801686728929,0.971795820804474,0.0000049695172853,0.0000099109114865
CLS02-North-WAs,Corn,PPIC_03_Grain,1.73391190502281,0.563281167375603,1.00026595495366,0.0000020679451474,0.0000070425164941
CLS02-North-WAs,Rice,PPIC_03_Grain,1.73391190502281,0.563281167375603,1.00026595495366,0.0000020679451474,0.0000070425164941
CLS02-North-WAs,Alfalfa,PPIC_01_Feed_Crops,1.88958912121113,0.57840494843677,1.11175872273374,0.0000338773582163,0.0000400034987227
CLS02-North-WAs,Pasture,PPIC_01_Feed_Crops,1.88958912121113,0.57840494843677,1.11175872273374,0.0000338773582163,0.0000400034987227
CLS03-IDs,Beans Dry,PPIC_05_OtherField,1.48042893228129,0.885604107695223,1.17631974615459,0.0000014521670601,0.0000045694202856
CLS03-IDs,Cotton,PPIC_05_OtherField,1.48042893228129,0.885604107695223,1.17631974615459,0.0000014521670601,0.0000045694202856
CLS03-IDs,Field and Grain,PPIC_05_OtherField,1.48042893228129,0.885604107695223,1.17631974615459,0.0000014521670601,0.0000045694202856
CLS03-IDs,Safflower,PPIC_05_OtherField,1.48042893228129,0.885604107695223,1.17631974615459,0.0000014521670601,0.0000045694202856
CLS03-IDs,Sunflowers,PPIC_05_OtherField,1.48042893228129,0.885604107695223,1.17631974615459,0.0000014521670601,0.0000045694202856
CLS03-IDs,Almonds,PPIC_04_Trees,1.61984788457122,0.692275371065863,1.08465708966897,0.0000090683511071,0.0000139457786238
CLS03-IDs,Grapes Table,PPIC_04_Trees,1.61984788457122,0.692275371065863,1.08465708966897,0.0000090683511071,0.0000139457786238
CLS03-IDs,Grapes Wine,PPIC_04_Trees,1.61984788457122,0.692275371065863,1.08465708966897,0.0000090683511071,0.0000139457786238
CLS03-IDs,Orchards,PPIC_04_Trees,1.61984788457122,0.692275371065863,1.08465708966897,0.0000090683511071,0.0000139457786238
CLS03-IDs,Pistachios,PPIC_04_Trees,1.61984788457122,0.692275371065863,1.08465708966897,0.0000090683511071,0.0000139457786238
CLS03-IDs,Subtropical,PPIC_04_Trees,1.61984788457122,0.692275371065863,1.08465708966897,0.0000090683511071,0.0000139457786238
CLS03-IDs,Walnuts,PPIC_04_Trees,1.61984788457122,0.692275371065863,1.08465708966897,0.0000090683511071,0.0000139457786238
CLS03-IDs,Berries,PPIC_02_Vegetables,1.7034434239029,0.549801686728929,0.971795820804474,0.0000049695172853,0.0000099109114865
CLS03-IDs,Cucurbits,PPIC_02_Vegetables,1.7034434239029,0.549801686728929,0.971795820804474,0.0000049695172853,0.0000099109114865
CLS03-IDs,Lettuce,PPIC_02_Vegetables,1.7034434239029,0.549801686728929,0.971795820804474,0.0000049695172853,0.0000099109114865
CLS03-IDs,Onions and Garlic,PPIC_02_Vegetables,1.7034434239029,0.549801686728929,0.971795820804474,0.0000049695172853,0.0000099109114865
CLS03-IDs,Potatoes,PPIC_02_Vegetables,1.7034434239029,0.549801686728929,0.971795820804474,0.0000049695172853,0.0000099109114865
CLS03-IDs,Tomatoes Fresh,PPIC_02_Vegetables,1.7034434239029,0.549801686728929,0.971795820804474,0.0000049695172853,0.0000099109114865
CLS03-IDs,Tomatoes Processing,PPIC_02_Vegetables,1.7034434239029,0.549801686728929,0.971795820804474,0.0000049695172853,0.0000099109114865
CLS03-IDs,Truck,PPIC_02_Vegetables,1.7034434239029,0.549801686728929,0.971795820804474,0.0000049695172853,0.0000099109114865
CLS03-IDs,Corn,PPIC_03_Grain,1.73391190502281,0.563281167375603,1.00026595495366,0.0000020679451474,0.0000070425164941
CLS03-IDs,Rice,PPIC_03_Grain,1.73391190502281,0.563281167375603,1.00026595495366,0.0000020679451474,0.0000070425164941
CLS03-IDs,Alfalfa,PPIC_01_Feed_Crops,1.88958912121113,0.57840494843677,1.11175872273374,0.0000338773582163,0.0000400034987227
CLS03-IDs,Pasture,PPIC_01_Feed_Crops,1.88958912121113,0.57840494843677,1.11175872273374,0.0000338773582163,0.0000400034987227
CRN01-IDs,Beans Dry,PPIC_05_OtherField,1.48042893228129,0.885604107695223,1.17631974615459,0.0000014521670601,0.0000045694202856
CRN01-IDs,Cotton,PPIC_05_OtherField,1.48042893228129,0.885604107695223,1.17631974615459,0.0000014521670601,0.0000045694202856
CRN01-IDs,Field and Grain,PPIC_05_OtherField,1.48042893228129,0.885604107695223,1.17631974615459,0.0000014521670601,0.0000045694202856
CRN01-IDs,Safflower,PPIC_05_OtherField,1.48042893228129,0.885604107695223,1.17631974615459,0.0000014521670601,0.0000045694202856
CRN01-IDs,Sunflowers,PPIC_05_OtherField,1.48042893228129,0.885604107695223,1.17631974615459,0.0000014521670601,0.0000045694202856
CRN01-IDs,Almonds,PPIC_04_Trees,1.61984788457122,0.692275371065863,1.08465708966897,0.0000090683511071,0.0000139457786238
CRN01-IDs,Grapes Table,PPIC_04_Trees,1.61984788457122,0.692275371065863,1.08465708966897,0.0000090683511071,0.0000139457786238
CRN01-IDs,Grapes Wine,PPIC_04_Trees,1.61984788457122,0.692275371065863,1.08465708966897,0.0000090683511071,0.0000139457786238
CRN01-IDs,Orchards,PPIC_04_Trees,1.61984788457122,0.692275371065863,1.08465708966897,0.0000090683511071,0.0000139457786238
CRN01-IDs,Pistachios,PPIC_04_Trees,1.61984788457122,0.692275371065863,1.08465708966897,0.0000090683511071,0.0000139457786238
CRN01-IDs,Subtropical,PPIC_04_Trees,1.61984788457122,0.692275371065863,1.08465708966897,0.0000090683511071,0.0000139457786238
CRN01-IDs,Walnuts,PPIC_04_Trees,1.61984788457122,0.692275371065863,1.08465708966897,0.0000090683511071,0.0000139457786238
CRN01-IDs,Berries,PPIC_02_Vegetables,1.7034434239029,0.549801686728929,0.971795820804474,0.0000049695172853,0.0000099109114865
CRN01-IDs,Cucurbits,PPIC_02_Vegetables,1.7034434239029,0.549801686728929,0.971795820804474,0.0000049695172853,0.0000099109114865
CRN01-IDs,Lettuce,PPIC_02_Vegetables,1.7034434239029,0.549801686728929,0.971795820804474,0.0000049695172853,0.0000099109114865
CRN01-IDs,Onions and Garlic,PPIC_02_Vegetables,1.7034434239029,0.549801686728929,0.971795820804474,0.0000049695172853,0.0000099109114865
CRN01-IDs,Potatoes,PPIC_02_Vegetables,1.7034434239029,0.549801686728929,0.971795820804474,0.0000049695172853,0.0000099109114865
CRN01-IDs,Tomatoes Fresh,PPIC_02_Vegetables,1.7034434239029,0.549801686728929,0.971795820804474,0.0000049695172853,0.0000099109114865
CRN01-IDs,Tomatoes Processing,PPIC_02_Vegetables,1.7034434239029,0.549801686728929,0.971795820804474,0.0000049695172853,0.0000099109114865
CRN01-IDs,Truck,PPIC_02_Vegetables,1.7034434239029,0.549801686728929,0.971795820804474,0.0000049695172853,0.0000099109114865
CRN01-IDs,Corn,PPIC_03_Grain,1.73391190502281,0.563281167375603,1.00026595495366,0.0000020679451474,0.0000070425164941
CRN01-IDs,Rice,PPIC_03_Grain,1.73391190502281,0.563281167375603,1.00026595495366,0.0000020679451474,0.0000070425164941
CRN01-IDs,Alfalfa,PPIC_01_Feed_Crops,1.88958912121113,0.57840494843677,1.11175872273374,0.0000338773582163,0.0000400034987227
CRN01-IDs,Pasture,PPIC_01_Feed_Crops,1.88958912121113,0.57840494843677,1.11175872273374,0.0000338773582163,0.0000400034987227
CRN02-WAs,Beans Dry,PPIC_05_OtherField,1.48042893228129,0.885604107695223,1.17631974615459,0.0000014521670601,0.0000045694202856
CRN02-WAs,Cotton,PPIC_05_OtherField,1.48042893228129,0.885604107695223,1.17631974615459,0.0000014521670601,0.0000045694202856
CRN02-WAs,Field and Grain,PPIC_05_OtherField,1.48042893228129,0.885604107695223,1.17631974615459,0.0000014521670601,0.0000045694202856
CRN02-WAs,Safflower,PPIC_05_OtherField,1.48042893228129,0.885604107695223,1.17631974615459,0.0000014521670601,0.0000045694202856
CRN02-WAs,Sunflowers,PPIC_05_OtherField,1.48042893228129,0.885604107695223,1.17631974615459,0.0000014521670601,0.0000045694202856
CRN02-WAs,Almonds,PPIC_04_Trees,1.61984788457122,0.692275371065863,1.08465708966897,0.0000090683511071,0.0000139457786238
CRN02-WAs,Grapes Table,PPIC_04_Trees,1.61984788457122,0.692275371065863,1.08465708966897,0.0000090683511071,0.0000139457786238
CRN02-WAs,Grapes Wine,PPIC_04_Trees,1.61984788457122,0.692275371065863,1.08465708966897,0.0000090683511071,0.0000139457786238
CRN02-WAs,Orchards,PPIC_04_Trees,1.61984788457122,0.692275371065863,1.08465708966897,0.0000090683511071,0.0000139457786238
CRN02-WAs,Pistachios,PPIC_04_Trees,1.61984788457122,0.692275371065863,1.08465708966897,0.0000090683511071,0.0000139457786238
CRN02-WAs,Subtropical,PPIC_04_Trees,1.61984788457122,0.692275371065863,1.08465708966897,0.0000090683511071,0.0000139457786238
CRN02-WAs,Walnuts,PPIC_04_Trees,1.61984788457122,0.692275371065863,1.08465708966897,0.0000090683511071,0.0000139457786238
CRN02-WAs,Berries,PPIC_02_Vegetables,1.7034434239029,0.549801686728929,0.971795820804474,0.0000049695172853,0.0000099109114865
CRN02-WAs,Cucurbits,PPIC_02_Vegetables,1.7034434239029,0.549801686728929,0.971795820804474,0.0000049695172853,0.0000099109114865
CRN02-WAs,Lettuce,PPIC_02_Vegetables,1.7034434239029,0.549801686728929,0.971795820804474,0.0000049695172853,0.0000099109114865
CRN02-WAs,Onions and Garlic,PPIC_02_Vegetables,1.7034434239029,0.549801686728929,0.971795820804474,0.0000049695172853,0.0000099109114865
CRN02-WAs,Potatoes,PPIC_02_Vegetables,1.7034434239029,0.549801686728929,0.971795820804474,0.0000049695172853,0.0000099109114865
CRN02-WAs,Tomatoes Fresh,PPIC_02_Vegetables,1.7034434239029,0.549801686728929,0.971795820804474,0.0000049695172853,0.0000099109114865
CRN02-WAs,Tomatoes Processing,PPIC_02_Vegetables,1.7034434239029,0.549801686728929,0.971795820804474,0.0000049695172853,0.0000099109114865
CRN02-WAs,Truck,PPIC_02_Vegetables,1.7034434239029,0.549801686728929,0.971795820804474,0.0000049695172853,0.0000099109114865
CRN02-WAs,Corn,PPIC_03_Grain,1.73391190502281,0.563281167375603,1.00026595495366,0.0000020679451474,0.0000070425164941
CRN02-WAs,Rice,PPIC_03_Grain,1.73391190502281,0.563281167375603,1.00026595495366,0.0000020679451474,0.0000070425164941
CRN02-WAs,Alfalfa,PPIC_01_Feed_Crops,1.88958912121113,0.57840494843677,1.11175872273374,0.0000338773582163,0.0000400034987227
CRN02-WAs,Pasture,PPIC_01_Feed_Crops,1.88958912121113,0.57840494843677,1.11175872273374,0.0000338773582163,0.0000400034987227
CSM01-IDs,Beans Dry,PPIC_05_OtherField,1.48042893228129,0.885604107695223,1.17631974615459,0.0000014521670601,0.0000045694202856
CSM01-IDs,Cotton,PPIC_05_OtherField,1.48042893228129,0.885604107695223,1.17631974615459,0.0000014521670601,0.0000045694202856
CSM01-IDs,Field and Grain,PPIC_05_OtherField,1.48042893228129,0.885604107695223,1.17631974615459,0.0000014521670601,0.0000045694202856
CSM01-IDs,Safflower,PPIC_05_OtherField,1.48042893228129,0.885604107695223,1.17631974615459,0.0000014521670601,0.0000045694202856
CSM01-IDs,Sunflowers,PPIC_05_OtherField,1.48042893228129,0.885604107695223,1.17631974615459,0.0000014521670601,0.0000045694202856
CSM01-IDs,Almonds,PPIC_04_Trees,1.61984788457122,0.692275371065863,1.08465708966897,0.0000090683511071,0.0000139457786238
CSM01-IDs,Grapes Table,PPIC_04_Trees,1.61984788457122,0.692275371065863,1.08465708966897,0.0000090683511071,0.0000139457786238
CSM01-IDs,Grapes Wine,PPIC_04_Trees,1.61984788457122,0.692275371065863,1.08465708966897,0.0000090683511071,0.0000139457786238
CSM01-IDs,Orchards,PPIC_04_Trees,1.61984788457122,0.692275371065863,1.08465708966897,0.0000090683511071,0.0000139457786238
CSM01-IDs,Pistachios,PPIC_04_Trees,1.61984788457122,0.692275371065863,1.08465708966897,0.0000090683511071,0.0000139457786238
CSM01-IDs,Subtropical,PPIC_04_Trees,1.61984788457122,0.692275371065863,1.08465708966897,0.0000090683511071,0.0000139457786238
CSM01-IDs,Walnuts,PPIC_04_Trees,1.61984788457122,0.692275371065863,1.08465708966897,0.0000090683511071,0.0000139457786238
CSM01-IDs,Berries,PPIC_02_Vegetables,1.7034434239029,0.549801686728929,0.971795820804474,0.0000049695172853,0.0000099109114865
CSM01-IDs,Cucurbits,PPIC_02_Vegetables,1.7034434239029,0.549801686728929,0.971795820804474,0.0000049695172853,0.0000099109114865
CSM01-IDs,Lettuce,PPIC_02_Vegetables,1.7034434239029,0.549801686728929,0.971795820804474,0.0000049695172853,0.0000099109114865
CSM01-IDs,Onions and Garlic,PPIC_02_Vegetables,1.7034434239029,0.549801686728929,0.971795820804474,0.0000049695172853,0.0000099109114865
CSM01-IDs,Potatoes,PPIC_02_Vegetables,1.7034434239029,0.549801686728929,0.971795820804474,0.0000049695172853,0.0000099109114865
CSM01-IDs,Tomatoes Fresh,PPIC_02_Vegetables,1.7034434239029,0.549801686728929,0.971795820804474,0.0000049695172853,0.0000099109114865
CSM01-IDs,Tomatoes Processing,PPIC_02_Vegetables,1.7034434239029,0.549801686728929,0.971795820804474,0.0000049695172853,0.0000099109114865
CSM01-IDs,Truck,PPIC_02_Vegetables,1.7034434239029,0.549801686728929,0.971795820804474,0.0000049695172853,0.0000099109114865
CSM01-IDs,Corn,PPIC_03_Grain,1.73391190502281,0.563281167375603,1.00026595495366,0.0000020679451474,0.0000070425164941
CSM01-IDs,Rice,PPIC_03_Grain,1.73391190502281,0.563281167375603,1.00026595495366,0.0000020679451474,0.0000070425164941
CSM01-IDs,Alfalfa,PPIC_01_Feed_Crops,1.88958912121113,0.57840494843677,1.11175872273374,0.0000338773582163,0.0000400034987227
CSM01-IDs,Pasture,PPIC_01_Feed_Crops,1.88958912121113,0.57840494843677,1.11175872273374,0.0000338773582163,0.0000400034987227
CSM02-WAs,Almonds,PPIC_04_Trees,1.60740153243631,0.691945099805778,1.06892111001069,0.0000061482613017,0.0000114783791492
CSM02-WAs,Grapes Table,PPIC_04_Trees,1.60740153243631,0.691945099805778,1.06892111001069,0.0000061482613017,0.0000114783791492
CSM02-WAs,Grapes Wine,PPIC_04_Trees,1.60740153243631,0.691945099805778,1.06892111001069,0.0000061482613017,0.0000114783791492
CSM02-WAs,Orchards,PPIC_04_Trees,1.60740153243631,0.691945099805778,1.06892111001069,0.0000061482613017,0.0000114783791492
CSM02-WAs,Pistachios,PPIC_04_Trees,1.60740153243631,0.691945099805778,1.06892111001069,0.0000061482613017,0.0000114783791492
CSM02-WAs,Subtropical,PPIC_04_Trees,1.60740153243631,0.691945099805778,1.06892111001069,0.0000061482613017,0.0000114783791492
CSM02-WAs,Walnuts,PPIC_04_Trees,1.60740153243631,0.691945099805778,1.06892111001069,0.0000061482613017,0.0000114783791492
CSM02-WAs,Berries,PPIC_02_Vegetables,1.66628086715253,0.549801631775685,0.937728057541747,0.0000039251506647,0.0000091389600903
CSM02-WAs,Cucurbits,PPIC_02_Vegetables,1.66628086715253,0.549801631775685,0.937728057541747,0.0000039251506647,0.0000091389600903
CSM02-WAs,Lettuce,PPIC_02_Vegetables,1.66628086715253,0.549801631775685,0.937728057541747,0.0000039251506647,0.0000091389600903
CSM02-WAs,Onions and Garlic,PPIC_02_Vegetables,1.66628086715253,0.549801631775685,0.937728057541747,0.0000039251506647,0.0000091389600903
CSM02-WAs,Potatoes,PPIC_02_Vegetables,1.66628086715253,0.549801631775685,0.937728057541747,0.0000039251506647,0.0000091389600903
CSM02-WAs,Tomatoes Fresh,PPIC_02_Vegetables,1.66628086715253,0.549801631775685,0.937728057541747,0.0000039251506647,0.0000091389600903
CSM02-WAs,Tomatoes Processing,PPIC_02_Vegetables,1.66628086715253,0.549801631775685,0.937728057541747,0.0000039251506647,0.0000091389600903
CSM02-WAs,Truck,PPIC_02_Vegetables,1.66628086715253,0.549801631775685,0.937728057541747,0.0000039251506647,0.0000091389600903
CSM02-WAs,Beans Dry,PPIC_05_OtherField,1.7016395248374,0.628816309954396,1.03659146549067,0.0000064773330502,0.0000116947792324
CSM02-WAs,Cotton,PPIC_05_OtherField,1.7016395248374,0.628816309954396,1.03659146549067,0.0000064773330502,0.0000116947792324
CSM02-WAs,Field and Grain,PPIC_05_OtherField,1.7016395248374,0.628816309954396,1.03659146549067,0.0000064773330502,0.0000116947792324
CSM02-WAs,Safflower,PPIC_05_OtherField,1.7016395248374,0.628816309954396,1.03659146549067,0.0000064773330502,0.0000116947792324
CSM02-WAs,Sunflowers,PPIC_05_OtherField,1.7016395248374,0.628816309954396,1.03659146549067,0.0000064773330502,0.0000116947792324
CSM02-WAs,Corn,PPIC_03_Grain,1.71786187568245,0.563281134003145,0.976348593022219,0.0000014418504877,0.0000068268635051
CSM02-WAs,Rice,PPIC_03_Grain,1.71786187568245,0.563281134003145,0.976348593022219,0.0000014418504877,0.0000068268635051
CSM02-WAs,Alfalfa,PPIC_01_Feed_Crops,1.73210994923085,0.578404973378961,1.00715521935711,0.0000160715747934,0.0000218152474585
CSM02-WAs,Pasture,PPIC_01_Feed_Crops,1.73210994923085,0.578404973378961,1.00715521935711,0.0000160715747934,0.0000218152474585
DLM01-CC-IDs,Almonds,PPIC_04_Trees,1.60740153243631,0.691945099805778,1.06892111001069,0.0000061482613017,0.0000114783791492
DLM01-CC-IDs,Grapes Table,PPIC_04_Trees,1.60740153243631,0.691945099805778,1.06892111001069,0.0000061482613017,0.0000114783791492
DLM01-CC-IDs,Grapes Wine,PPIC_04_Trees,1.60740153243631,0.691945099805778,1.06892111001069,0.0000061482613017,0.0000114783791492
DLM01-CC-IDs,Orchards,PPIC_04_Trees,1.60740153243631,0.691945099805778,1.06892111001069,0.0000061482613017,0.0000114783791492
DLM01-CC-IDs,Pistachios,PPIC_04_Trees,1.60740153243631,0.691945099805778,1.06892111001069,0.0000061482613017,0.0000114783791492
DLM01-CC-IDs,Subtropical,PPIC_04_Trees,1.60740153243631,0.691945099805778,1.06892111001069,0.0000061482613017,0.0000114783791492
DLM01-CC-IDs,Walnuts,PPIC_04_Trees,1.60740153243631,0.691945099805778,1.06892111001069,0.0000061482613017,0.0000114783791492
DLM01-CC-IDs,Berries,PPIC_02_Vegetables,1.66628086715253,0.549801631775685,0.937728057541747,0.0000039251506647,0.0000091389600903
DLM01-CC-IDs,Cucurbits,PPIC_02_Vegetables,1.66628086715253,0.549801631775685,0.937728057541747,0.0000039251506647,0.0000091389600903
DLM01-CC-IDs,Lettuce,PPIC_02_Vegetables,1.66628086715253,0.549801631775685,0.937728057541747,0.0000039251506647,0.0000091389600903
DLM01-CC-IDs,Onions and Garlic,PPIC_02_Vegetables,1.66628086715253,0.549801631775685,0.937728057541747,0.0000039251506647,0.0000091389600903
DLM01-CC-IDs,Potatoes,PPIC_02_Vegetables,1.66628086715253,0.549801631775685,0.937728057541747,0.0000039251506647,0.0000091389600903
DLM01-CC-IDs,Tomatoes Fresh,PPIC_02_Vegetables,1.66628086715253,0.549801631775685,0.937728057541747,0.0000039251506647,0.0000091389600903
DLM01-CC-IDs,Tomatoes Processing,PPIC_02_Vegetables,1.66628086715253,0.549801631775685,0.937728057541747,0.0000039251506647,0.0000091389600903
DLM01-CC-IDs,Truck,PPIC_02_Vegetables,1.66628086715253,0.549801631775685,0.937728057541747,0.0000039251506647,0.0000091389600903
DLM01-CC-IDs,Beans Dry,PPIC_05_OtherField,1.7016395248374,0.628816309954396,1.03659146549067,0.0000064773330502,0.0000116947792324
DLM01-CC-IDs,Cotton,PPIC_05_OtherField,1.7016395248374,0.628816309954396,1.03659146549067,0.0000064773330502,0.0000116947792324
DLM01-CC-IDs,Field and Grain,PPIC_05_OtherField,1.7016395248374,0.628816309954396,1.03659146549067,0.0000064773330502,0.0000116947792324
DLM01-CC-IDs,Safflower,PPIC_05_OtherField,1.7016395248374,0.628816309954396,1.03659146549067,0.0000064773330502,0.0000116947792324
DLM01-CC-IDs,Sunflowers,PPIC_05_OtherField,1.7016395248374,0.628816309954396,1.03659146549067,0.0000064773330502,0.0000116947792324
DLM01-CC-IDs,Corn,PPIC_03_Grain,1.71786187568245,0.563281134003145,0.976348593022219,0.0000014418504877,0.0000068268635051
DLM01-CC-IDs,Rice,PPIC_03_Grain,1.71786187568245,0.563281134003145,0.976348593022219,0.0000014418504877,0.0000068268635051
DLM01-CC-IDs,Alfalfa,PPIC_01_Feed_Crops,1.73210994923085,0.578404973378961,1.00715521935711,0.0000160715747934,0.0000218152474585
DLM01-CC-IDs,Pasture,PPIC_01_Feed_Crops,1.73210994923085,0.578404973378961,1.00715521935711,0.0000160715747934,0.0000218152474585
DLM02-NE-WAs,Almonds,PPIC_04_Trees,1.60740153243631,0.691945099805778,1.06892111001069,0.0000061482613017,0.0000114783791492
DLM02-NE-WAs,Grapes Table,PPIC_04_Trees,1.60740153243631,0.691945099805778,1.06892111001069,0.0000061482613017,0.0000114783791492
DLM02-NE-WAs,Grapes Wine,PPIC_04_Trees,1.60740153243631,0.691945099805778,1.06892111001069,0.0000061482613017,0.0000114783791492
DLM02-NE-WAs,Orchards,PPIC_04_Trees,1.60740153243631,0.691945099805778,1.06892111001069,0.0000061482613017,0.0000114783791492
DLM02-NE-WAs,Pistachios,PPIC_04_Trees,1.60740153243631,0.691945099805778,1.06892111001069,0.0000061482613017,0.0000114783791492
DLM02-NE-WAs,Subtropical,PPIC_04_Trees,1.60740153243631,0.691945099805778,1.06892111001069,0.0000061482613017,0.0000114783791492
DLM02-NE-WAs,Walnuts,PPIC_04_Trees,1.60740153243631,0.691945099805778,1.06892111001069,0.0000061482613017,0.0000114783791492
DLM02-NE-WAs,Berries,PPIC_02_Vegetables,1.66628086715253,0.549801631775685,0.937728057541747,0.0000039251506647,0.0000091389600903
DLM02-NE-WAs,Cucurbits,PPIC_02_Vegetables,1.66628086715253,0.549801631775685,0.937728057541747,0.0000039251506647,0.0000091389600903
DLM02-NE-WAs,Lettuce,PPIC_02_Vegetables,1.66628086715253,0.549801631775685,0.937728057541747,0.0000039251506647,0.0000091389600903
DLM02-NE-WAs,Onions and Garlic,PPIC_02_Vegetables,1.66628086715253,0.549801631775685,0.937728057541747,0.0000039251506647,0.0000091389600903
DLM02-NE-WAs,Potatoes,PPIC_02_Vegetables,1.66628086715253,0.549801631775685,0.937728057541747,0.0000039251506647,0.0000091389600903
DLM02-NE-WAs,Tomatoes Fresh,PPIC_02_Vegetables,1.66628086715253,0.549801631775685,0.937728057541747,0.0000039251506647,0.0000091389600903
DLM02-NE-WAs,Tomatoes Processing,PPIC_02_Vegetables,1.66628086715253,0.549801631775685,0.937728057541747,0.0000039251506647,0.0000091389600903
DLM02-NE-WAs,Truck,PPIC_02_Vegetables,1.66628086715253,0.549801631775685,0.937728057541747,0.0000039251506647,0.0000091389600903
DLM02-NE-WAs,Beans Dry,PPIC_05_OtherField,1.7016395248374,0.628816309954396,1.03659146549067,0.0000064773330502,0.0000116947792324
DLM02-NE-WAs,Cotton,PPIC_05_OtherField,1.7016395248374,0.628816309954396,1.03659146549067,0.0000064773330502,0.0000116947792324
DLM02-NE-WAs,Field and Grain,PPIC_05_OtherField,1.7016395248374,0.628816309954396,1.03659146549067,0.0000064773330502,0.0000116947792324
DLM02-NE-WAs,Safflower,PPIC_05_OtherField,1.7016395248374,0.628816309954396,1.03659146549067,0.0000064773330502,0.0000116947792324
DLM02-NE-WAs,Sunflowers,PPIC_05_OtherField,1.7016395248374,0.628816309954396,1.03659146549067,0.0000064773330502,0.0000116947792324
DLM02-NE-WAs,Corn,PPIC_03_Grain,1.71786187568245,0.563281134003145,0.976348593022219,0.0000014418504877,0.0000068268635051
DLM02-NE-WAs,Rice,PPIC_03_Grain,1.71786187568245,0.563281134003145,0.976348593022219,0.0000014418504877,0.0000068268635051
DLM02-NE-WAs,Alfalfa,PPIC_01_Feed_Crops,1.73210994923085,0.578404973378961,1.00715521935711,0.0000160715747934,0.0000218152474585
DLM02-NE-WAs,Pasture,PPIC_01_Feed_Crops,1.73210994923085,0.578404973378961,1.00715521935711,0.0000160715747934,0.0000218152474585
DLM03-NW,Almonds,PPIC_04_Trees,1.60740153243631,0.691945099805778,1.06892111001069,0.0000061482613017,0.0000114783791492
DLM03-NW,Grapes Table,PPIC_04_Trees,1.60740153243631,0.691945099805778,1.06892111001069,0.0000061482613017,0.0000114783791492
DLM03-NW,Grapes Wine,PPIC_04_Trees,1.60740153243631,0.691945099805778,1.06892111001069,0.0000061482613017,0.0000114783791492
DLM03-NW,Orchards,PPIC_04_Trees,1.60740153243631,0.691945099805778,1.06892111001069,0.0000061482613017,0.0000114783791492
DLM03-NW,Pistachios,PPIC_04_Trees,1.60740153243631,0.691945099805778,1.06892111001069,0.0000061482613017,0.0000114783791492
DLM03-NW,Subtropical,PPIC_04_Trees,1.60740153243631,0.691945099805778,1.06892111001069,0.0000061482613017,0.0000114783791492
DLM03-NW,Walnuts,PPIC_04_Trees,1.60740153243631,0.691945099805778,1.06892111001069,0.0000061482613017,0.0000114783791492
DLM03-NW,Berries,PPIC_02_Vegetables,1.66628086715253,0.549801631775685,0.937728057541747,0.0000039251506647,0.0000091389600903
DLM03-NW,Cucurbits,PPIC_02_Vegetables,1.66628086715253,0.549801631775685,0.937728057541747,0.0000039251506647,0.0000091389600903
DLM03-NW,Lettuce,PPIC_02_Vegetables,1.66628086715253,0.549801631775685,0.937728057541747,0.0000039251506647,0.0000091389600903
DLM03-NW,Onions and Garlic,PPIC_02_Vegetables,1.66628086715253,0.549801631775685,0.937728057541747,0.0000039251506647,0.0000091389600903
DLM03-NW,Potatoes,PPIC_02_Vegetables,1.66628086715253,0.549801631775685,0.937728057541747,0.0000039251506647,0.0000091389600903
DLM03-NW,Tomatoes Fresh,PPIC_02_Vegetables,1.66628086715253,0.549801631775685,0.937728057541747,0.0000039251506647,0.0000091389600903
DLM03-NW,Tomatoes Processing,PPIC_02_Vegetables,1.66628086715253,0.549801631775685,0.937728057541747,0.0000039251506647,0.0000091389600903
DLM03-NW,Truck,PPIC_02_Vegetables,1.66628086715253,0.549801631775685,0.937728057541747,0.0000039251506647,0.0000091389600903
DLM03-NW,Beans Dry,PPIC_05_OtherField,1.7016395248374,0.628816309954396,1.03659146549067,0.0000064773330502,0.0000116947792324
DLM03-NW,Cotton,PPIC_05_OtherField,1.7016395248374,0.628816309954396,1.03659146549067,0.0000064773330502,0.0000116947792324
DLM03-NW,Field and Grain,PPIC_05_OtherField,1.7016395248374,0.628816309954396,1.03659146549067,0.0000064773330502,0.0000116947792324
DLM03-NW,Safflower,PPIC_05_OtherField,1.7016395248374,0.628816309954396,1.03659146549067,0.0000064773330502,0.0000116947792324
DLM03-NW,Sunflowers,PPIC_05_OtherField,1.7016395248374,0.628816309954396,1.03659146549067,0.0000064773330502,0.0000116947792324
DLM03-NW,Corn,PPIC_03_Grain,1.71786187568245,0.563281134003145,0.976348593022219,0.0000014418504877,0.0000068268635051
DLM03-NW,Rice,PPIC_03_Grain,1.71786187568245,0.563281134003145,0.976348593022219,0.0000014418504877,0.0000068268635051
DLM03-NW,Alfalfa,PPIC_01_Feed_Crops,1.73210994923085,0.578404973378961,1.00715521935711,0.0000160715747934,0.0000218152474585
DLM03-NW,Pasture,PPIC_01_Feed_Crops,1.73210994923085,0.578404973378961,1.00715521935711,0.0000160715747934,0.0000218152474585
DLM04-SW-IDs,Almonds,PPIC_04_Trees,1.60740153243631,0.691945099805778,1.06892111001069,0.0000061482613017,0.0000114783791492
DLM04-SW-IDs,Grapes Table,PPIC_04_Trees,1.60740153243631,0.691945099805778,1.06892111001069,0.0000061482613017,0.0000114783791492
DLM04-SW-IDs,Grapes Wine,PPIC_04_Trees,1.60740153243631,0.691945099805778,1.06892111001069,0.0000061482613017,0.0000114783791492
DLM04-SW-IDs,Orchards,PPIC_04_Trees,1.60740153243631,0.691945099805778,1.06892111001069,0.0000061482613017,0.0000114783791492
DLM04-SW-IDs,Pistachios,PPIC_04_Trees,1.60740153243631,0.691945099805778,1.06892111001069,0.0000061482613017,0.0000114783791492
DLM04-SW-IDs,Subtropical,PPIC_04_Trees,1.60740153243631,0.691945099805778,1.06892111001069,0.0000061482613017,0.0000114783791492
DLM04-SW-IDs,Walnuts,PPIC_04_Trees,1.60740153243631,0.691945099805778,1.06892111001069,0.0000061482613017,0.0000114783791492
DLM04-SW-IDs,Berries,PPIC_02_Vegetables,1.66628086715253,0.549801631775685,0.937728057541747,0.0000039251506647,0.0000091389600903
DLM04-SW-IDs,Cucurbits,PPIC_02_Vegetables,1.66628086715253,0.549801631775685,0.937728057541747,0.0000039251506647,0.0000091389600903
DLM04-SW-IDs,Lettuce,PPIC_02_Vegetables,1.66628086715253,0.549801631775685,0.937728057541747,0.0000039251506647,0.0000091389600903
DLM04-SW-IDs,Onions and Garlic,PPIC_02_Vegetables,1.66628086715253,0.549801631775685,0.937728057541747,0.0000039251506647,0.0000091389600903
DLM04-SW-IDs,Potatoes,PPIC_02_Vegetables,1.66628086715253,0.549801631775685,0.937728057541747,0.0000039251506647,0.0000091389600903
DLM04-SW-IDs,Tomatoes Fresh,PPIC_02_Vegetables,1.66628086715253,0.549801631775685,0.937728057541747,0.0000039251506647,0.0000091389600903
DLM04-SW-IDs,Tomatoes Processing,PPIC_02_Vegetables,1.66628086715253,0.549801631775685,0.937728057541747,0.0000039251506647,0.0000091389600903
DLM04-SW-IDs,Truck,PPIC_02_Vegetables,1.66628086715253,0.549801631775685,0.937728057541747,0.0000039251506647,0.0000091389600903
DLM04-SW-IDs,Beans Dry,PPIC_05_OtherField,1.7016395248374,0.628816309954396,1.03659146549067,0.0000064773330502,0.0000116947792324
DLM04-SW-IDs,Cotton,PPIC_05_OtherField,1.7016395248374,0.628816309954396,1.03659146549067,0.0000064773330502,0.0000116947792324
DLM04-SW-IDs,Field and Grain,PPIC_05_OtherField,1.7016395248374,0.628816309954396,1.03659146549067,0.0000064773330502,0.0000116947792324
DLM04-SW-IDs,Safflower,PPIC_05_OtherField,1.7016395248374,0.628816309954396,1.03659146549067,0.0000064773330502,0.0000116947792324
DLM04-SW-IDs,Sunflowers,PPIC_05_OtherField,1.7016395248374,0.628816309954396,1.03659146549067,0.0000064773330502,0.0000116947792324
DLM04-SW-IDs,Corn,PPIC_03_Grain,1.71786187568245,0.563281134003145,0.976348593022219,0.0000014418504877,0.0000068268635051
DLM04-SW-IDs,Rice,PPIC_03_Grain,1.71786187568245,0.563281134003145,0.976348593022219,0.0000014418504877,0.0000068268635051
DLM04-SW-IDs,Alfalfa,PPIC_01_Feed_Crops,1.73210994923085,0.578404973378961,1.00715521935711,0.0000160715747934,0.0000218152474585
DLM04-SW-IDs,Pasture,PPIC_01_Feed_Crops,1.73210994923085,0.578404973378961,1.00715521935711,0.0000160715747934,0.0000218152474585
DLM05-S-WAs,Almonds,PPIC_04_Trees,1.60740153243631,0.691945099805778,1.06892111001069,0.0000061482613017,0.0000114783791492
DLM05-S-WAs,Grapes Table,PPIC_04_Trees,1.60740153243631,0.691945099805778,1.06892111001069,0.0000061482613017,0.0000114783791492
DLM05-S-WAs,Grapes Wine,PPIC_04_Trees,1.60740153243631,0.691945099805778,1.06892111001069,0.0000061482613017,0.0000114783791492
DLM05-S-WAs,Orchards,PPIC_04_Trees,1.60740153243631,0.691945099805778,1.06892111001069,0.0000061482613017,0.0000114783791492
DLM05-S-WAs,Pistachios,PPIC_04_Trees,1.60740153243631,0.691945099805778,1.06892111001069,0.0000061482613017,0.0000114783791492
DLM05-S-WAs,Subtropical,PPIC_04_Trees,1.60740153243631,0.691945099805778,1.06892111001069,0.0000061482613017,0.0000114783791492
DLM05-S-WAs,Walnuts,PPIC_04_Trees,1.60740153243631,0.691945099805778,1.06892111001069,0.0000061482613017,0.0000114783791492
DLM05-S-WAs,Berries,PPIC_02_Vegetables,1.66628086715253,0.549801631775685,0.937728057541747,0.0000039251506647,0.0000091389600903
DLM05-S-WAs,Cucurbits,PPIC_02_Vegetables,1.66628086715253,0.549801631775685,0.937728057541747,0.0000039251506647,0.0000091389600903
DLM05-S-WAs,Lettuce,PPIC_02_Vegetables,1.66628086715253,0.549801631775685,0.937728057541747,0.0000039251506647,0.0000091389600903
DLM05-S-WAs,Onions and Garlic,PPIC_02_Vegetables,1.66628086715253,0.549801631775685,0.937728057541747,0.0000039251506647,0.0000091389600903
DLM05-S-WAs,Potatoes,PPIC_02_Vegetables,1.66628086715253,0.549801631775685,0.937728057541747,0.0000039251506647,0.0000091389600903
DLM05-S-WAs,Tomatoes Fresh,PPIC_02_Vegetables,1.66628086715253,0.549801631775685,0.937728057541747,0.0000039251506647,0.0000091389600903
DLM05-S-WAs,Tomatoes Processing,PPIC_02_Vegetables,1.66628086715253,0.549801631775685,0.937728057541747,0.0000039251506647,0.0000091389600903
DLM05-S-WAs,Truck,PPIC_02_Vegetables,1.66628086715253,0.549801631775685,0.937728057541747,0.0000039251506647,0.0000091389600903
DLM05-S-WAs,Beans Dry,PPIC_05_OtherField,1.7016395248374,0.628816309954396,1.03659146549067,0.0000064773330502,0.0000116947792324
DLM05-S-WAs,Cotton,PPIC_05_OtherField,1.7016395248374,0.628816309954396,1.03659146549067,0.0000064773330502,0.0000116947792324
DLM05-S-WAs,Field and Grain,PPIC_05_OtherField,1.7016395248374,0.628816309954396,1.03659146549067,0.0000064773330502,0.0000116947792324
DLM05-S-WAs,Safflower,PPIC_05_OtherField,1.7016395248374,0.628816309954396,1.03659146549067,0.0000064773330502,0.0000116947792324
DLM05-S-WAs,Sunflowers,PPIC_05_OtherField,1.7016395248374,0.628816309954396,1.03659146549067,0.0000064773330502,0.0000116947792324
DLM05-S-WAs,Corn,PPIC_03_Grain,1.71786187568245,0.563281134003145,0.976348593022219,0.0000014418504877,0.0000068268635051
DLM05-S-WAs,Rice,PPIC_03_Grain,1.71786187568245,0.563281134003145,0.976348593022219,0.0000014418504877,0.0000068268635051
DLM05-S-WAs,Alfalfa,PPIC_01_Feed_Crops,1.73210994923085,0.578404973378961,1.00715521935711,0.0000160715747934,0.0000218152474585
DLM05-S-WAs,Pasture,PPIC_01_Feed_Crops,1.73210994923085,0.578404973378961,1.00715521935711,0.0000160715747934,0.0000218152474585
DLM06-S-IDs,Almonds,PPIC_04_Trees,1.60740153243631,0.691945099805778,1.06892111001069,0.0000061482613017,0.0000114783791492
DLM06-S-IDs,Grapes Table,PPIC_04_Trees,1.60740153243631,0.691945099805778,1.06892111001069,0.0000061482613017,0.0000114783791492
DLM06-S-IDs,Grapes Wine,PPIC_04_Trees,1.60740153243631,0.691945099805778,1.06892111001069,0.0000061482613017,0.0000114783791492
DLM06-S-IDs,Orchards,PPIC_04_Trees,1.60740153243631,0.691945099805778,1.06892111001069,0.0000061482613017,0.0000114783791492
DLM06-S-IDs,Pistachios,PPIC_04_Trees,1.60740153243631,0.691945099805778,1.06892111001069,0.0000061482613017,0.0000114783791492
DLM06-S-IDs,Subtropical,PPIC_04_Trees,1.60740153243631,0.691945099805778,1.06892111001069,0.0000061482613017,0.0000114783791492
DLM06-S-IDs,Walnuts,PPIC_04_Trees,1.60740153243631,0.691945099805778,1.06892111001069,0.0000061482613017,0.0000114783791492
DLM06-S-IDs,Berries,PPIC_02_Vegetables,1.66628086715253,0.549801631775685,0.937728057541747,0.0000039251506647,0.0000091389600903
DLM06-S-IDs,Cucurbits,PPIC_02_Vegetables,1.66628086715253,0.549801631775685,0.937728057541747,0.0000039251506647,0.0000091389600903
DLM06-S-IDs,Lettuce,PPIC_02_Vegetables,1.66628086715253,0.549801631775685,0.937728057541747,0.0000039251506647,0.0000091389600903
DLM06-S-IDs,Onions and Garlic,PPIC_02_Vegetables,1.66628086715253,0.549801631775685,0.937728057541747,0.0000039251506647,0.0000091389600903
DLM06-S-IDs,Potatoes,PPIC_02_Vegetables,1.66628086715253,0.549801631775685,0.937728057541747,0.0000039251506647,0.0000091389600903
DLM06-S-IDs,Tomatoes Fresh,PPIC_02_Vegetables,1.66628086715253,0.549801631775685,0.937728057541747,0.0000039251506647,0.0000091389600903
DLM06-S-IDs,Tomatoes Processing,PPIC_02_Vegetables,1.66628086715253,0.549801631775685,0.937728057541747,0.0000039251506647,0.0000091389600903
DLM06-S-IDs,Truck,PPIC_02_Vegetables,1.66628086715253,0.549801631775685,0.937728057541747,0.0000039251506647,0.0000091389600903
DLM06-S-IDs,Beans Dry,PPIC_05_OtherField,1.7016395248374,0.628816309954396,1.03659146549067,0.0000064773330502,0.0000116947792324
DLM06-S-IDs,Cotton,PPIC_05_OtherField,1.7016395248374,0.628816309954396,1.03659146549067,0.0000064773330502,0.0000116947792324
DLM06-S-IDs,Field and Grain,PPIC_05_OtherField,1.7016395248374,0.628816309954396,1.03659146549067,0.0000064773330502,0.0000116947792324
DLM06-S-IDs,Safflower,PPIC_05_OtherField,1.7016395248374,0.628816309954396,1.03659146549067,0.0000064773330502,0.0000116947792324
DLM06-S-IDs,Sunflowers,PPIC_05_OtherField,1.7016395248374,0.628816309954396,1.03659146549067,0.0000064773330502,0.0000116947792324
DLM06-S-IDs,Corn,PPIC_03_Grain,1.71786187568245,0.563281134003145,0.976348593022219,0.0000014418504877,0.0000068268635051
DLM06-S-IDs,Rice,PPIC_03_Grain,1.71786187568245,0.563281134003145,0.976348593022219,0.0000014418504877,0.0000068268635051
DLM06-S-IDs,Alfalfa,PPIC_01_Feed_Crops,1.73210994923085,0.578404973378961,1.00715521935711,0.0000160715747934,0.0000218152474585
DLM06-S-IDs,Pasture,PPIC_01_Feed_Crops,1.73210994923085,0.578404973378961,1.00715521935711,0.0000160715747934,0.0000218152474585
ESJ01-NW-IDs,Almonds,PPIC_04_Trees,1.60740153243631,0.691945099805778,1.06892111001069,0.0000061482613017,0.0000114783791492
ESJ01-NW-IDs,Grapes Table,PPIC_04_Trees,1.60740153243631,0.691945099805778,1.06892111001069,0.0000061482613017,0.0000114783791492
ESJ01-NW-IDs,Grapes Wine,PPIC_04_Trees,1.60740153243631,0.691945099805778,1.06892111001069,0.0000061482613017,0.0000114783791492
ESJ01-NW-IDs,Orchards,PPIC_04_Trees,1.60740153243631,0.691945099805778,1.06892111001069,0.0000061482613017,0.0000114783791492
ESJ01-NW-IDs,Pistachios,PPIC_04_Trees,1.60740153243631,0.691945099805778,1.06892111001069,0.0000061482613017,0.0000114783791492
ESJ01-NW-IDs,Subtropical,PPIC_04_Trees,1.60740153243631,0.691945099805778,1.06892111001069,0.0000061482613017,0.0000114783791492
ESJ01-NW-IDs,Walnuts,PPIC_04_Trees,1.60740153243631,0.691945099805778,1.06892111001069,0.0000061482613017,0.0000114783791492
ESJ01-NW-IDs,Berries,PPIC_02_Vegetables,1.66628086715253,0.549801631775685,0.937728057541747,0.0000039251506647,0.0000091389600903
ESJ01-NW-IDs,Cucurbits,PPIC_02_Vegetables,1.66628086715253,0.549801631775685,0.937728057541747,0.0000039251506647,0.0000091389600903
ESJ01-NW-IDs,Lettuce,PPIC_02_Vegetables,1.66628086715253,0.549801631775685,0.937728057541747,0.0000039251506647,0.0000091389600903
ESJ01-NW-IDs,Onions and Garlic,PPIC_02_Vegetables,1.66628086715253,0.549801631775685,0.937728057541747,0.0000039251506647,0.0000091389600903
ESJ01-NW-IDs,Potatoes,PPIC_02_Vegetables,1.66628086715253,0.549801631775685,0.937728057541747,0.0000039251506647,0.0000091389600903
ESJ01-NW-IDs,Tomatoes Fresh,PPIC_02_Vegetables,1.66628086715253,0.549801631775685,0.937728057541747,0.0000039251506647,0.0000091389600903
ESJ01-NW-IDs,Tomatoes Processing,PPIC_02_Vegetables,1.66628086715253,0.549801631775685,0.937728057541747,0.0000039251506647,0.0000091389600903
ESJ01-NW-IDs,Truck,PPIC_02_Vegetables,1.66628086715253,0.549801631775685,0.937728057541747,0.0000039251506647,0.0000091389600903
ESJ01-NW-IDs,Beans Dry,PPIC_05_OtherField,1.7016395248374,0.628816309954396,1.03659146549067,0.0000064773330502,0.0000116947792324
ESJ01-NW-IDs,Cotton,PPIC_05_OtherField,1.7016395248374,0.628816309954396,1.03659146549067,0.0000064773330502,0.0000116947792324
ESJ01-NW-IDs,Field and Grain,PPIC_05_OtherField,1.7016395248374,0.628816309954396,1.03659146549067,0.0000064773330502,0.0000116947792324
ESJ01-NW-IDs,Safflower,PPIC_05_OtherField,1.7016395248374,0.628816309954396,1.03659146549067,0.0000064773330502,0.0000116947792324
ESJ01-NW-IDs,Sunflowers,PPIC_05_OtherField,1.7016395248374,0.628816309954396,1.03659146549067,0.0000064773330502,0.0000116947792324
ESJ01-NW-IDs,Corn,PPIC_03_Grain,1.71786187568245,0.563281134003145,0.976348593022219,0.0000014418504877,0.0000068268635051
ESJ01-NW-IDs,Rice,PPIC_03_Grain,1.71786187568245,0.563281134003145,0.976348593022219,0.0000014418504877,0.0000068268635051
ESJ01-NW-IDs,Alfalfa,PPIC_01_Feed_Crops,1.73210994923085,0.578404973378961,1.00715521935711,0.0000160715747934,0.0000218152474585
ESJ01-NW-IDs,Pasture,PPIC_01_Feed_Crops,1.73210994923085,0.578404973378961,1.00715521935711,0.0000160715747934,0.0000218152474585
ESJ02-SW-IDs,Almonds,PPIC_04_Trees,1.60740153243631,0.691945099805778,1.06892111001069,0.0000061482613017,0.0000114783791492
ESJ02-SW-IDs,Grapes Table,PPIC_04_Trees,1.60740153243631,0.691945099805778,1.06892111001069,0.0000061482613017,0.0000114783791492
ESJ02-SW-IDs,Grapes Wine,PPIC_04_Trees,1.60740153243631,0.691945099805778,1.06892111001069,0.0000061482613017,0.0000114783791492
ESJ02-SW-IDs,Orchards,PPIC_04_Trees,1.60740153243631,0.691945099805778,1.06892111001069,0.0000061482613017,0.0000114783791492
ESJ02-SW-IDs,Pistachios,PPIC_04_Trees,1.60740153243631,0.691945099805778,1.06892111001069,0.0000061482613017,0.0000114783791492
ESJ02-SW-IDs,Subtropical,PPIC_04_Trees,1.60740153243631,0.691945099805778,1.06892111001069,0.0000061482613017,0.0000114783791492
ESJ02-SW-IDs,Walnuts,PPIC_04_Trees,1.60740153243631,0.691945099805778,1.06892111001069,0.0000061482613017,0.0000114783791492
ESJ02-SW-IDs,Berries,PPIC_02_Vegetables,1.66628086715253,0.549801631775685,0.937728057541747,0.0000039251506647,0.0000091389600903
ESJ02-SW-IDs,Cucurbits,PPIC_02_Vegetables,1.66628086715253,0.549801631775685,0.937728057541747,0.0000039251506647,0.0000091389600903
ESJ02-SW-IDs,Lettuce,PPIC_02_Vegetables,1.66628086715253,0.549801631775685,0.937728057541747,0.0000039251506647,0.0000091389600903
ESJ02-SW-IDs,Onions and Garlic,PPIC_02_Vegetables,1.66628086715253,0.549801631775685,0.937728057541747,0.0000039251506647,0.0000091389600903
ESJ02-SW-IDs,Potatoes,PPIC_02_Vegetables,1.66628086715253,0.549801631775685,0.937728057541747,0.0000039251506647,0.0000091389600903
ESJ02-SW-IDs,Tomatoes Fresh,PPIC_02_Vegetables,1.66628086715253,0.549801631775685,0.937728057541747,0.0000039251506647,0.0000091389600903
ESJ02-SW-IDs,Tomatoes Processing,PPIC_02_Vegetables,1.66628086715253,0.549801631775685,0.937728057541747,0.0000039251506647,0.0000091389600903
ESJ02-SW-IDs,Truck,PPIC_02_Vegetables,1.66628086715253,0.549801631775685,0.937728057541747,0.0000039251506647,0.0000091389600903
ESJ02-SW-IDs,Beans Dry,PPIC_05_OtherField,1.7016395248374,0.628816309954396,1.03659146549067,0.0000064773330502,0.0000116947792324
ESJ02-SW-IDs,Cotton,PPIC_05_OtherField,1.7016395248374,0.628816309954396,1.03659146549067,0.0000064773330502,0.0000116947792324
ESJ02-SW-IDs,Field and Grain,PPIC_05_OtherField,1.7016395248374,0.628816309954396,1.03659146549067,0.0000064773330502,0.0000116947792324
ESJ02-SW-IDs,Safflower,PPIC_05_OtherField,1.7016395248374,0.628816309954396,1.03659146549067,0.0000064773330502,0.0000116947792324
ESJ02-SW-IDs,Sunflowers,PPIC_05_OtherField,1.7016395248374,0.628816309954396,1.03659146549067,0.0000064773330502,0.0000116947792324
ESJ02-SW-IDs,Corn,PPIC_03_Grain,1.71786187568245,0.563281134003145,0.976348593022219,0.0000014418504877,0.0000068268635051
ESJ02-SW-IDs,Rice,PPIC_03_Grain,1.71786187568245,0.563281134003145,0.976348593022219,0.0000014418504877,0.0000068268635051
ESJ02-SW-IDs,Alfalfa,PPIC_01_Feed_Crops,1.73210994923085,0.578404973378961,1.00715521935711,0.0000160715747934,0.0000218152474585
ESJ02-SW-IDs,Pasture,PPIC_01_Feed_Crops,1.73210994923085,0.578404973378961,1.00715521935711,0.0000160715747934,0.0000218152474585
ESJ03-CE-WAs,Almonds,PPIC_04_Trees,1.60740153243631,0.691945099805778,1.06892111001069,0.0000061482613017,0.0000114783791492
ESJ03-CE-WAs,Grapes Table,PPIC_04_Trees,1.60740153243631,0.691945099805778,1.06892111001069,0.0000061482613017,0.0000114783791492
ESJ03-CE-WAs,Grapes Wine,PPIC_04_Trees,1.60740153243631,0.691945099805778,1.06892111001069,0.0000061482613017,0.0000114783791492
ESJ03-CE-WAs,Orchards,PPIC_04_Trees,1.60740153243631,0.691945099805778,1.06892111001069,0.0000061482613017,0.0000114783791492
ESJ03-CE-WAs,Pistachios,PPIC_04_Trees,1.60740153243631,0.691945099805778,1.06892111001069,0.0000061482613017,0.0000114783791492
ESJ03-CE-WAs,Subtropical,PPIC_04_Trees,1.60740153243631,0.691945099805778,1.06892111001069,0.0000061482613017,0.0000114783791492
ESJ03-CE-WAs,Walnuts,PPIC_04_Trees,1.60740153243631,0.691945099805778,1.06892111001069,0.0000061482613017,0.0000114783791492
ESJ03-CE-WAs,Berries,PPIC_02_Vegetables,1.66628086715253,0.549801631775685,0.937728057541747,0.0000039251506647,0.0000091389600903
ESJ03-CE-WAs,Cucurbits,PPIC_02_Vegetables,1.66628086715253,0.549801631775685,0.937728057541747,0.0000039251506647,0.0000091389600903
ESJ03-CE-WAs,Lettuce,PPIC_02_Vegetables,1.66628086715253,0.549801631775685,0.937728057541747,0.0000039251506647,0.0000091389600903
ESJ03-CE-WAs,Onions and Garlic,PPIC_02_Vegetables,1.66628086715253,0.549801631775685,0.937728057541747,0.0000039251506647,0.0000091389600903
ESJ03-CE-WAs,Potatoes,PPIC_02_Vegetables,1.66628086715253,0.549801631775685,0.937728057541747,0.0000039251506647,0.0000091389600903
ESJ03-CE-WAs,Tomatoes Fresh,PPIC_02_Vegetables,1.66628086715253,0.549801631775685,0.937728057541747,0.0000039251506647,0.0000091389600903
ESJ03-CE-WAs,Tomatoes Processing,PPIC_02_Vegetables,1.66628086715253,0.549801631775685,0.937728057541747,0.0000039251506647,0.0000091389600903
ESJ03-CE-WAs,Truck,PPIC_02_Vegetables,1.66628086715253,0.549801631775685,0.937728057541747,0.0000039251506647,0.0000091389600903
ESJ03-CE-WAs,Beans Dry,PPIC_05_OtherField,1.7016395248374,0.628816309954396,1.03659146549067,0.0000064773330502,0.0000116947792324
ESJ03-CE-WAs,Cotton,PPIC_05_OtherField,1.7016395248374,0.628816309954396,1.03659146549067,0.0000064773330502,0.0000116947792324
ESJ03-CE-WAs,Field and Grain,PPIC_05_OtherField,1.7016395248374,0.628816309954396,1.03659146549067,0.0000064773330502,0.0000116947792324
ESJ03-CE-WAs,Safflower,PPIC_05_OtherField,1.7016395248374,0.628816309954396,1.03659146549067,0.0000064773330502,0.0000116947792324
ESJ03-CE-WAs,Sunflowers,PPIC_05_OtherField,1.7016395248374,0.628816309954396,1.03659146549067,0.0000064773330502,0.0000116947792324
ESJ03-CE-WAs,Corn,PPIC_03_Grain,1.71786187568245,0.563281134003145,0.976348593022219,0.0000014418504877,0.0000068268635051
ESJ03-CE-WAs,Rice,PPIC_03_Grain,1.71786187568245,0.563281134003145,0.976348593022219,0.0000014418504877,0.0000068268635051
ESJ03-CE-WAs,Alfalfa,PPIC_01_Feed_Crops,1.73210994923085,0.578404973378961,1.00715521935711,0.0000160715747934,0.0000218152474585
ESJ03-CE-WAs,Pasture,PPIC_01_Feed_Crops,1.73210994923085,0.578404973378961,1.00715521935711,0.0000160715747934,0.0000218152474585
KAW01-CC-TID,Almonds,PPIC_04_Trees,1.60740153243631,0.691945099805778,1.06892111001069,0.0000061482613017,0.0000114783791492
KAW01-CC-TID,Grapes Table,PPIC_04_Trees,1.60740153243631,0.691945099805778,1.06892111001069,0.0000061482613017,0.0000114783791492
KAW01-CC-TID,Grapes Wine,PPIC_04_Trees,1.60740153243631,0.691945099805778,1.06892111001069,0.0000061482613017,0.0000114783791492
KAW01-CC-TID,Orchards,PPIC_04_Trees,1.60740153243631,0.691945099805778,1.06892111001069,0.0000061482613017,0.0000114783791492
KAW01-CC-TID,Pistachios,PPIC_04_Trees,1.60740153243631,0.691945099805778,1.06892111001069,0.0000061482613017,0.0000114783791492
KAW01-CC-TID,Subtropical,PPIC_04_Trees,1.60740153243631,0.691945099805778,1.06892111001069,0.0000061482613017,0.0000114783791492
KAW01-CC-TID,Walnuts,PPIC_04_Trees,1.60740153243631,0.691945099805778,1.06892111001069,0.0000061482613017,0.0000114783791492
KAW01-CC-TID,Berries,PPIC_02_Vegetables,1.66628086715253,0.549801631775685,0.937728057541747,0.0000039251506647,0.0000091389600903
KAW01-CC-TID,Cucurbits,PPIC_02_Vegetables,1.66628086715253,0.549801631775685,0.937728057541747,0.0000039251506647,0.0000091389600903
KAW01-CC-TID,Lettuce,PPIC_02_Vegetables,1.66628086715253,0.549801631775685,0.937728057541747,0.0000039251506647,0.0000091389600903
KAW01-CC-TID,Onions and Garlic,PPIC_02_Vegetables,1.66628086715253,0.549801631775685,0.937728057541747,0.0000039251506647,0.0000091389600903
KAW01-CC-TID,Potatoes,PPIC_02_Vegetables,1.66628086715253,0.549801631775685,0.937728057541747,0.0000039251506647,0.0000091389600903
KAW01-CC-TID,Tomatoes Fresh,PPIC_02_Vegetables,1.66628086715253,0.549801631775685,0.937728057541747,0.0000039251506647,0.0000091389600903
KAW01-CC-TID,Tomatoes Processing,PPIC_02_Vegetables,1.66628086715253,0.549801631775685,0.937728057541747,0.0000039251506647,0.0000091389600903
KAW01-CC-TID,Truck,PPIC_02_Vegetables,1.66628086715253,0.549801631775685,0.937728057541747,0.0000039251506647,0.0000091389600903
KAW01-CC-TID,Beans Dry,PPIC_05_OtherField,1.7016395248374,0.628816309954396,1.03659146549067,0.0000064773330502,0.0000116947792324
KAW01-CC-TID,Cotton,PPIC_05_OtherField,1.7016395248374,0.628816309954396,1.03659146549067,0.0000064773330502,0.0000116947792324
KAW01-CC-TID,Field and Grain,PPIC_05_OtherField,1.7016395248374,0.628816309954396,1.03659146549067,0.0000064773330502,0.0000116947792324
KAW01-CC-TID,Safflower,PPIC_05_OtherField,1.7016395248374,0.628816309954396,1.03659146549067,0.0000064773330502,0.0000116947792324
KAW01-CC-TID,Sunflowers,PPIC_05_OtherField,1.7016395248374,0.628816309954396,1.03659146549067,0.0000064773330502,0.0000116947792324
KAW01-CC-TID,Corn,PPIC_03_Grain,1.71786187568245,0.563281134003145,0.976348593022219,0.0000014418504877,0.0000068268635051
KAW01-CC-TID,Rice,PPIC_03_Grain,1.71786187568245,0.563281134003145,0.976348593022219,0.0000014418504877,0.0000068268635051
KAW01-CC-TID,Alfalfa,PPIC_01_Feed_Crops,1.73210994923085,0.578404973378961,1.00715521935711,0.0000160715747934,0.0000218152474585
KAW01-CC-TID,Pasture,PPIC_01_Feed_Crops,1.73210994923085,0.578404973378961,1.00715521935711,0.0000160715747934,0.0000218152474585
KAW02-CC,Almonds,PPIC_04_Trees,1.60740153243631,0.691945099805778,1.06892111001069,0.0000061482613017,0.0000114783791492
KAW02-CC,Grapes Table,PPIC_04_Trees,1.60740153243631,0.691945099805778,1.06892111001069,0.0000061482613017,0.0000114783791492
KAW02-CC,Grapes Wine,PPIC_04_Trees,1.60740153243631,0.691945099805778,1.06892111001069,0.0000061482613017,0.0000114783791492
KAW02-CC,Orchards,PPIC_04_Trees,1.60740153243631,0.691945099805778,1.06892111001069,0.0000061482613017,0.0000114783791492
KAW02-CC,Pistachios,PPIC_04_Trees,1.60740153243631,0.691945099805778,1.06892111001069,0.0000061482613017,0.0000114783791492
KAW02-CC,Subtropical,PPIC_04_Trees,1.60740153243631,0.691945099805778,1.06892111001069,0.0000061482613017,0.0000114783791492
KAW02-CC,Walnuts,PPIC_04_Trees,1.60740153243631,0.691945099805778,1.06892111001069,0.0000061482613017,0.0000114783791492
KAW02-CC,Berries,PPIC_02_Vegetables,1.66628086715253,0.549801631775685,0.937728057541747,0.0000039251506647,0.0000091389600903
KAW02-CC,Cucurbits,PPIC_02_Vegetables,1.66628086715253,0.549801631775685,0.937728057541747,0.0000039251506647,0.0000091389600903
KAW02-CC,Lettuce,PPIC_02_Vegetables,1.66628086715253,0.549801631775685,0.937728057541747,0.0000039251506647,0.0000091389600903
KAW02-CC,Onions and Garlic,PPIC_02_Vegetables,1.66628086715253,0.549801631775685,0.937728057541747,0.0000039251506647,0.0000091389600903
KAW02-CC,Potatoes,PPIC_02_Vegetables,1.66628086715253,0.549801631775685,0.937728057541747,0.0000039251506647,0.0000091389600903
KAW02-CC,Tomatoes Fresh,PPIC_02_Vegetables,1.66628086715253,0.549801631775685,0.937728057541747,0.0000039251506647,0.0000091389600903
KAW02-CC,Tomatoes Processing,PPIC_02_Vegetables,1.66628086715253,0.549801631775685,0.937728057541747,0.0000039251506647,0.0000091389600903
KAW02-CC,Truck,PPIC_02_Vegetables,1.66628086715253,0.549801631775685,0.937728057541747,0.0000039251506647,0.0000091389600903
KAW02-CC,Beans Dry,PPIC_05_OtherField,1.7016395248374,0.628816309954396,1.03659146549067,0.0000064773330502,0.0000116947792324
KAW02-CC,Cotton,PPIC_05_OtherField,1.7016395248374,0.628816309954396,1.03659146549067,0.0000064773330502,0.0000116947792324
KAW02-CC,Field and Grain,PPIC_05_OtherField,1.7016395248374,0.628816309954396,1.03659146549067,0.0000064773330502,0.0000116947792324
KAW02-CC,Safflower,PPIC_05_OtherField,1.7016395248374,0.628816309954396,1.03659146549067,0.0000064773330502,0.0000116947792324
KAW02-CC,Sunflowers,PPIC_05_OtherField,1.7016395248374,0.628816309954396,1.03659146549067,0.0000064773330502,0.0000116947792324
KAW02-CC,Corn,PPIC_03_Grain,1.71786187568245,0.563281134003145,0.976348593022219,0.0000014418504877,0.0000068268635051
KAW02-CC,Rice,PPIC_03_Grain,1.71786187568245,0.563281134003145,0.976348593022219,0.0000014418504877,0.0000068268635051
KAW02-CC,Alfalfa,PPIC_01_Feed_Crops,1.73210994923085,0.578404973378961,1.00715521935711,0.0000160715747934,0.0000218152474585
KAW02-CC,Pasture,PPIC_01_Feed_Crops,1.73210994923085,0.578404973378961,1.00715521935711,0.0000160715747934,0.0000218152474585
KAW03-SE-LindsayStrat,Almonds,PPIC_04_Trees,1.60740153243631,0.691945099805778,1.06892111001069,0.0000061482613017,0.0000114783791492
KAW03-SE-LindsayStrat,Grapes Table,PPIC_04_Trees,1.60740153243631,0.691945099805778,1.06892111001069,0.0000061482613017,0.0000114783791492
KAW03-SE-LindsayStrat,Grapes Wine,PPIC_04_Trees,1.60740153243631,0.691945099805778,1.06892111001069,0.0000061482613017,0.0000114783791492
KAW03-SE-LindsayStrat,Orchards,PPIC_04_Trees,1.60740153243631,0.691945099805778,1.06892111001069,0.0000061482613017,0.0000114783791492
KAW03-SE-LindsayStrat,Pistachios,PPIC_04_Trees,1.60740153243631,0.691945099805778,1.06892111001069,0.0000061482613017,0.0000114783791492
KAW03-SE-LindsayStrat,Subtropical,PPIC_04_Trees,1.60740153243631,0.691945099805778,1.06892111001069,0.0000061482613017,0.0000114783791492
KAW03-SE-LindsayStrat,Walnuts,PPIC_04_Trees,1.60740153243631,0.691945099805778,1.06892111001069,0.0000061482613017,0.0000114783791492
KAW03-SE-LindsayStrat,Berries,PPIC_02_Vegetables,1.66628086715253,0.549801631775685,0.937728057541747,0.0000039251506647,0.0000091389600903
KAW03-SE-LindsayStrat,Cucurbits,PPIC_02_Vegetables,1.66628086715253,0.549801631775685,0.937728057541747,0.0000039251506647,0.0000091389600903
KAW03-SE-LindsayStrat,Lettuce,PPIC_02_Vegetables,1.66628086715253,0.549801631775685,0.937728057541747,0.0000039251506647,0.0000091389600903
KAW03-SE-LindsayStrat,Onions and Garlic,PPIC_02_Vegetables,1.66628086715253,0.549801631775685,0.937728057541747,0.0000039251506647,0.0000091389600903
KAW03-SE-LindsayStrat,Potatoes,PPIC_02_Vegetables,1.66628086715253,0.549801631775685,0.937728057541747,0.0000039251506647,0.0000091389600903
KAW03-SE-LindsayStrat,Tomatoes Fresh,PPIC_02_Vegetables,1.66628086715253,0.549801631775685,0.937728057541747,0.0000039251506647,0.0000091389600903
KAW03-SE-LindsayStrat,Tomatoes Processing,PPIC_02_Vegetables,1.66628086715253,0.549801631775685,0.937728057541747,0.0000039251506647,0.0000091389600903
KAW03-SE-LindsayStrat,Truck,PPIC_02_Vegetables,1.66628086715253,0.549801631775685,0.937728057541747,0.0000039251506647,0.0000091389600903
KAW03-SE-LindsayStrat,Beans Dry,PPIC_05_OtherField,1.7016395248374,0.628816309954396,1.03659146549067,0.0000064773330502,0.0000116947792324
KAW03-SE-LindsayStrat,Cotton,PPIC_05_OtherField,1.7016395248374,0.628816309954396,1.03659146549067,0.0000064773330502,0.0000116947792324
KAW03-SE-LindsayStrat,Field and Grain,PPIC_05_OtherField,1.7016395248374,0.628816309954396,1.03659146549067,0.0000064773330502,0.0000116947792324
KAW03-SE-LindsayStrat,Safflower,PPIC_05_OtherField,1.7016395248374,0.628816309954396,1.03659146549067,0.0000064773330502,0.0000116947792324
KAW03-SE-LindsayStrat,Sunflowers,PPIC_05_OtherField,1.7016395248374,0.628816309954396,1.03659146549067,0.0000064773330502,0.0000116947792324
KAW03-SE-LindsayStrat,Corn,PPIC_03_Grain,1.71786187568245,0.563281134003145,0.976348593022219,0.0000014418504877,0.0000068268635051
KAW03-SE-LindsayStrat,Rice,PPIC_03_Grain,1.71786187568245,0.563281134003145,0.976348593022219,0.0000014418504877,0.0000068268635051
KAW03-SE-LindsayStrat,Alfalfa,PPIC_01_Feed_Crops,1.73210994923085,0.578404973378961,1.00715521935711,0.0000160715747934,0.0000218152474585
KAW03-SE-LindsayStrat,Pasture,PPIC_01_Feed_Crops,1.73210994923085,0.578404973378961,1.00715521935711,0.0000160715747934,0.0000218152474585
KGS01-NE-FID,Almonds,PPIC_04_Trees,1.60740153243631,0.691945099805778,1.06892111001069,0.0000061482613017,0.0000114783791492
KGS01-NE-FID,Grapes Table,PPIC_04_Trees,1.60740153243631,0.691945099805778,1.06892111001069,0.0000061482613017,0.0000114783791492
KGS01-NE-FID,Grapes Wine,PPIC_04_Trees,1.60740153243631,0.691945099805778,1.06892111001069,0.0000061482613017,0.0000114783791492
KGS01-NE-FID,Orchards,PPIC_04_Trees,1.60740153243631,0.691945099805778,1.06892111001069,0.0000061482613017,0.0000114783791492
KGS01-NE-FID,Pistachios,PPIC_04_Trees,1.60740153243631,0.691945099805778,1.06892111001069,0.0000061482613017,0.0000114783791492
KGS01-NE-FID,Subtropical,PPIC_04_Trees,1.60740153243631,0.691945099805778,1.06892111001069,0.0000061482613017,0.0000114783791492
KGS01-NE-FID,Walnuts,PPIC_04_Trees,1.60740153243631,0.691945099805778,1.06892111001069,0.0000061482613017,0.0000114783791492
KGS01-NE-FID,Berries,PPIC_02_Vegetables,1.66628086715253,0.549801631775685,0.937728057541747,0.0000039251506647,0.0000091389600903
KGS01-NE-FID,Cucurbits,PPIC_02_Vegetables,1.66628086715253,0.549801631775685,0.937728057541747,0.0000039251506647,0.0000091389600903
KGS01-NE-FID,Lettuce,PPIC_02_Vegetables,1.66628086715253,0.549801631775685,0.937728057541747,0.0000039251506647,0.0000091389600903
KGS01-NE-FID,Onions and Garlic,PPIC_02_Vegetables,1.66628086715253,0.549801631775685,0.937728057541747,0.0000039251506647,0.0000091389600903
KGS01-NE-FID,Potatoes,PPIC_02_Vegetables,1.66628086715253,0.549801631775685,0.937728057541747,0.0000039251506647,0.0000091389600903
KGS01-NE-FID,Tomatoes Fresh,PPIC_02_Vegetables,1.66628086715253,0.549801631775685,0.937728057541747,0.0000039251506647,0.0000091389600903
KGS01-NE-FID,Tomatoes Processing,PPIC_02_Vegetables,1.66628086715253,0.549801631775685,0.937728057541747,0.0000039251506647,0.0000091389600903
KGS01-NE-FID,Truck,PPIC_02_Vegetables,1.66628086715253,0.549801631775685,0.937728057541747,0.0000039251506647,0.0000091389600903
KGS01-NE-FID,Beans Dry,PPIC_05_OtherField,1.7016395248374,0.628816309954396,1.03659146549067,0.0000064773330502,0.0000116947792324
KGS01-NE-FID,Cotton,PPIC_05_OtherField,1.7016395248374,0.628816309954396,1.03659146549067,0.0000064773330502,0.0000116947792324
KGS01-NE-FID,Field and Grain,PPIC_05_OtherField,1.7016395248374,0.628816309954396,1.03659146549067,0.0000064773330502,0.0000116947792324
KGS01-NE-FID,Safflower,PPIC_05_OtherField,1.7016395248374,0.628816309954396,1.03659146549067,0.0000064773330502,0.0000116947792324
KGS01-NE-FID,Sunflowers,PPIC_05_OtherField,1.7016395248374,0.628816309954396,1.03659146549067,0.0000064773330502,0.0000116947792324
KGS01-NE-FID,Corn,PPIC_03_Grain,1.71786187568245,0.563281134003145,0.976348593022219,0.0000014418504877,0.0000068268635051
KGS01-NE-FID,Rice,PPIC_03_Grain,1.71786187568245,0.563281134003145,0.976348593022219,0.0000014418504877,0.0000068268635051
KGS01-NE-FID,Alfalfa,PPIC_01_Feed_Crops,1.73210994923085,0.578404973378961,1.00715521935711,0.0000160715747934,0.0000218152474585
KGS01-NE-FID,Pasture,PPIC_01_Feed_Crops,1.73210994923085,0.578404973378961,1.00715521935711,0.0000160715747934,0.0000218152474585
KGS02-SE,Almonds,PPIC_04_Trees,1.60740153243631,0.691945099805778,1.06892111001069,0.0000061482613017,0.0000114783791492
KGS02-SE,Grapes Table,PPIC_04_Trees,1.60740153243631,0.691945099805778,1.06892111001069,0.0000061482613017,0.0000114783791492
KGS02-SE,Grapes Wine,PPIC_04_Trees,1.60740153243631,0.691945099805778,1.06892111001069,0.0000061482613017,0.0000114783791492
KGS02-SE,Orchards,PPIC_04_Trees,1.60740153243631,0.691945099805778,1.06892111001069,0.0000061482613017,0.0000114783791492
KGS02-SE,Pistachios,PPIC_04_Trees,1.60740153243631,0.691945099805778,1.06892111001069,0.0000061482613017,0.0000114783791492
KGS02-SE,Subtropical,PPIC_04_Trees,1.60740153243631,0.691945099805778,1.06892111001069,0.0000061482613017,0.0000114783791492
KGS02-SE,Walnuts,PPIC_04_Trees,1.60740153243631,0.691945099805778,1.06892111001069,0.0000061482613017,0.0000114783791492
KGS02-SE,Berries,PPIC_02_Vegetables,1.66628086715253,0.549801631775685,0.937728057541747,0.0000039251506647,0.0000091389600903
KGS02-SE,Cucurbits,PPIC_02_Vegetables,1.66628086715253,0.549801631775685,0.937728057541747,0.0000039251506647,0.0000091389600903
KGS02-SE,Lettuce,PPIC_02_Vegetables,1.66628086715253,0.549801631775685,0.937728057541747,0.0000039251506647,0.0000091389600903
KGS02-SE,Onions and Garlic,PPIC_02_Vegetables,1.66628086715253,0.549801631775685,0.937728057541747,0.0000039251506647,0.0000091389600903
KGS02-SE,Potatoes,PPIC_02_Vegetables,1.66628086715253,0.549801631775685,0.937728057541747,0.0000039251506647,0.0000091389600903
KGS02-SE,Tomatoes Fresh,PPIC_02_Vegetables,1.66628086715253,0.549801631775685,0.937728057541747,0.0000039251506647,0.0000091389600903
KGS02-SE,Tomatoes Processing,PPIC_02_Vegetables,1.66628086715253,0.549801631775685,0.937728057541747,0.0000039251506647,0.0000091389600903
KGS02-SE,Truck,PPIC_02_Vegetables,1.66628086715253,0.549801631775685,0.937728057541747,0.0000039251506647,0.0000091389600903
KGS02-SE,Beans Dry,PPIC_05_OtherField,1.7016395248374,0.628816309954396,1.03659146549067,0.0000064773330502,0.0000116947792324
KGS02-SE,Cotton,PPIC_05_OtherField,1.7016395248374,0.628816309954396,1.03659146549067,0.0000064773330502,0.0000116947792324
KGS02-SE,Field and Grain,PPIC_05_OtherField,1.7016395248374,0.628816309954396,1.03659146549067,0.0000064773330502,0.0000116947792324
KGS02-SE,Safflower,PPIC_05_OtherField,1.7016395248374,0.628816309954396,1.03659146549067,0.0000064773330502,0.0000116947792324
KGS02-SE,Sunflowers,PPIC_05_OtherField,1.7016395248374,0.628816309954396,1.03659146549067,0.0000064773330502,0.0000116947792324
KGS02-SE,Corn,PPIC_03_Grain,1.71786187568245,0.563281134003145,0.976348593022219,0.0000014418504877,0.0000068268635051
KGS02-SE,Rice,PPIC_03_Grain,1.71786187568245,0.563281134003145,0.976348593022219,0.0000014418504877,0.0000068268635051
KGS02-SE,Alfalfa,PPIC_01_Feed_Crops,1.73210994923085,0.578404973378961,1.00715521935711,0.0000160715747934,0.0000218152474585
KGS02-SE,Pasture,PPIC_01_Feed_Crops,1.73210994923085,0.578404973378961,1.00715521935711,0.0000160715747934,0.0000218152474585
KGS03-CC-WA,Almonds,PPIC_04_Trees,1.60740153243631,0.691945099805778,1.06892111001069,0.0000061482613017,0.0000114783791492
KGS03-CC-WA,Grapes Table,PPIC_04_Trees,1.60740153243631,0.691945099805778,1.06892111001069,0.0000061482613017,0.0000114783791492
KGS03-CC-WA,Grapes Wine,PPIC_04_Trees,1.60740153243631,0.691945099805778,1.06892111001069,0.0000061482613017,0.0000114783791492
KGS03-CC-WA,Orchards,PPIC_04_Trees,1.60740153243631,0.691945099805778,1.06892111001069,0.0000061482613017,0.0000114783791492
KGS03-CC-WA,Pistachios,PPIC_04_Trees,1.60740153243631,0.691945099805778,1.06892111001069,0.0000061482613017,0.0000114783791492
KGS03-CC-WA,Subtropical,PPIC_04_Trees,1.60740153243631,0.691945099805778,1.06892111001069,0.0000061482613017,0.0000114783791492
KGS03-CC-WA,Walnuts,PPIC_04_Trees,1.60740153243631,0.691945099805778,1.06892111001069,0.0000061482613017,0.0000114783791492
KGS03-CC-WA,Berries,PPIC_02_Vegetables,1.66628086715253,0.549801631775685,0.937728057541747,0.0000039251506647,0.0000091389600903
KGS03-CC-WA,Cucurbits,PPIC_02_Vegetables,1.66628086715253,0.549801631775685,0.937728057541747,0.0000039251506647,0.0000091389600903
KGS03-CC-WA,Lettuce,PPIC_02_Vegetables,1.66628086715253,0.549801631775685,0.937728057541747,0.0000039251506647,0.0000091389600903
KGS03-CC-WA,Onions and Garlic,PPIC_02_Vegetables,1.66628086715253,0.549801631775685,0.937728057541747,0.0000039251506647,0.0000091389600903
KGS03-CC-WA,Potatoes,PPIC_02_Vegetables,1.66628086715253,0.549801631775685,0.937728057541747,0.0000039251506647,0.0000091389600903
KGS03-CC-WA,Tomatoes Fresh,PPIC_02_Vegetables,1.66628086715253,0.549801631775685,0.937728057541747,0.0000039251506647,0.0000091389600903
KGS03-CC-WA,Tomatoes Processing,PPIC_02_Vegetables,1.66628086715253,0.549801631775685,0.937728057541747,0.0000039251506647,0.0000091389600903
KGS03-CC-WA,Truck,PPIC_02_Vegetables,1.66628086715253,0.549801631775685,0.937728057541747,0.0000039251506647,0.0000091389600903
KGS03-CC-WA,Beans Dry,PPIC_05_OtherField,1.7016395248374,0.628816309954396,1.03659146549067,0.0000064773330502,0.0000116947792324
KGS03-CC-WA,Cotton,PPIC_05_OtherField,1.7016395248374,0.628816309954396,1.03659146549067,0.0000064773330502,0.0000116947792324
KGS03-CC-WA,Field and Grain,PPIC_05_OtherField,1.7016395248374,0.628816309954396,1.03659146549067,0.0000064773330502,0.0000116947792324
KGS03-CC-WA,Safflower,PPIC_05_OtherField,1.7016395248374,0.628816309954396,1.03659146549067,0.0000064773330502,0.0000116947792324
KGS03-CC-WA,Sunflowers,PPIC_05_OtherField,1.7016395248374,0.628816309954396,1.03659146549067,0.0000064773330502,0.0000116947792324
KGS03-CC-WA,Corn,PPIC_03_Grain,1.71786187568245,0.563281134003145,0.976348593022219,0.0000014418504877,0.0000068268635051
KGS03-CC-WA,Rice,PPIC_03_Grain,1.71786187568245,0.563281134003145,0.976348593022219,0.0000014418504877,0.0000068268635051
KGS03-CC-WA,Alfalfa,PPIC_01_Feed_Crops,1.73210994923085,0.578404973378961,1.00715521935711,0.0000160715747934,0.0000218152474585
KGS03-CC-WA,Pasture,PPIC_01_Feed_Crops,1.73210994923085,0.578404973378961,1.00715521935711,0.0000160715747934,0.0000218152474585
KGS04-SW-ID,Almonds,PPIC_04_Trees,1.60740153243631,0.691945099805778,1.06892111001069,0.0000061482613017,0.0000114783791492
KGS04-SW-ID,Grapes Table,PPIC_04_Trees,1.60740153243631,0.691945099805778,1.06892111001069,0.0000061482613017,0.0000114783791492
KGS04-SW-ID,Grapes Wine,PPIC_04_Trees,1.60740153243631,0.691945099805778,1.06892111001069,0.0000061482613017,0.0000114783791492
KGS04-SW-ID,Orchards,PPIC_04_Trees,1.60740153243631,0.691945099805778,1.06892111001069,0.0000061482613017,0.0000114783791492
KGS04-SW-ID,Pistachios,PPIC_04_Trees,1.60740153243631,0.691945099805778,1.06892111001069,0.0000061482613017,0.0000114783791492
KGS04-SW-ID,Subtropical,PPIC_04_Trees,1.60740153243631,0.691945099805778,1.06892111001069,0.0000061482613017,0.0000114783791492
KGS04-SW-ID,Walnuts,PPIC_04_Trees,1.60740153243631,0.691945099805778,1.06892111001069,0.0000061482613017,0.0000114783791492
KGS04-SW-ID,Berries,PPIC_02_Vegetables,1.66628086715253,0.549801631775685,0.937728057541747,0.0000039251506647,0.0000091389600903
KGS04-SW-ID,Cucurbits,PPIC_02_Vegetables,1.66628086715253,0.549801631775685,0.937728057541747,0.0000039251506647,0.0000091389600903
KGS04-SW-ID,Lettuce,PPIC_02_Vegetables,1.66628086715253,0.549801631775685,0.937728057541747,0.0000039251506647,0.0000091389600903
KGS04-SW-ID,Onions and Garlic,PPIC_02_Vegetables,1.66628086715253,0.549801631775685,0.937728057541747,0.0000039251506647,0.0000091389600903
KGS04-SW-ID,Potatoes,PPIC_02_Vegetables,1.66628086715253,0.549801631775685,0.937728057541747,0.0000039251506647,0.0000091389600903
KGS04-SW-ID,Tomatoes Fresh,PPIC_02_Vegetables,1.66628086715253,0.549801631775685,0.937728057541747,0.0000039251506647,0.0000091389600903
KGS04-SW-ID,Tomatoes Processing,PPIC_02_Vegetables,1.66628086715253,0.549801631775685,0.937728057541747,0.0000039251506647,0.0000091389600903
KGS04-SW-ID,Truck,PPIC_02_Vegetables,1.66628086715253,0.549801631775685,0.937728057541747,0.0000039251506647,0.0000091389600903
KGS04-SW-ID,Beans Dry,PPIC_05_OtherField,1.7016395248374,0.628816309954396,1.03659146549067,0.0000064773330502,0.0000116947792324
KGS04-SW-ID,Cotton,PPIC_05_OtherField,1.7016395248374,0.628816309954396,1.03659146549067,0.0000064773330502,0.0000116947792324
KGS04-SW-ID,Field and Grain,PPIC_05_OtherField,1.7016395248374,0.628816309954396,1.03659146549067,0.0000064773330502,0.0000116947792324
KGS04-SW-ID,Safflower,PPIC_05_OtherField,1.7016395248374,0.628816309954396,1.03659146549067,0.0000064773330502,0.0000116947792324
KGS04-SW-ID,Sunflowers,PPIC_05_OtherField,1.7016395248374,0.628816309954396,1.03659146549067,0.0000064773330502,0.0000116947792324
KGS04-SW-ID,Corn,PPIC_03_Grain,1.71786187568245,0.563281134003145,0.976348593022219,0.0000014418504877,0.0000068268635051
KGS04-SW-ID,Rice,PPIC_03_Grain,1.71786187568245,0.563281134003145,0.976348593022219,0.0000014418504877,0.0000068268635051
KGS04-SW-ID,Alfalfa,PPIC_01_Feed_Crops,1.73210994923085,0.578404973378961,1.00715521935711,0.0000160715747934,0.0000218152474585
KGS04-SW-ID,Pasture,PPIC_01_Feed_Crops,1.73210994923085,0.578404973378961,1.00715521935711,0.0000160715747934,0.0000218152474585
KGS05-SW-WA,Almonds,PPIC_04_Trees,1.60740153243631,0.691945099805778,1.06892111001069,0.0000061482613017,0.0000114783791492
KGS05-SW-WA,Grapes Table,PPIC_04_Trees,1.60740153243631,0.691945099805778,1.06892111001069,0.0000061482613017,0.0000114783791492
KGS05-SW-WA,Grapes Wine,PPIC_04_Trees,1.60740153243631,0.691945099805778,1.06892111001069,0.0000061482613017,0.0000114783791492
KGS05-SW-WA,Orchards,PPIC_04_Trees,1.60740153243631,0.691945099805778,1.06892111001069,0.0000061482613017,0.0000114783791492
KGS05-SW-WA,Pistachios,PPIC_04_Trees,1.60740153243631,0.691945099805778,1.06892111001069,0.0000061482613017,0.0000114783791492
KGS05-SW-WA,Subtropical,PPIC_04_Trees,1.60740153243631,0.691945099805778,1.06892111001069,0.0000061482613017,0.0000114783791492
KGS05-SW-WA,Walnuts,PPIC_04_Trees,1.60740153243631,0.691945099805778,1.06892111001069,0.0000061482613017,0.0000114783791492
KGS05-SW-WA,Berries,PPIC_02_Vegetables,1.66628086715253,0.549801631775685,0.937728057541747,0.0000039251506647,0.0000091389600903
KGS05-SW-WA,Cucurbits,PPIC_02_Vegetables,1.66628086715253,0.549801631775685,0.937728057541747,0.0000039251506647,0.0000091389600903
KGS05-SW-WA,Lettuce,PPIC_02_Vegetables,1.66628086715253,0.549801631775685,0.937728057541747,0.0000039251506647,0.0000091389600903
KGS05-SW-WA,Onions and Garlic,PPIC_02_Vegetables,1.66628086715253,0.549801631775685,0.937728057541747,0.0000039251506647,0.0000091389600903
KGS05-SW-WA,Potatoes,PPIC_02_Vegetables,1.66628086715253,0.549801631775685,0.937728057541747,0.0000039251506647,0.0000091389600903
KGS05-SW-WA,Tomatoes Fresh,PPIC_02_Vegetables,1.66628086715253,0.549801631775685,0.937728057541747,0.0000039251506647,0.0000091389600903
KGS05-SW-WA,Tomatoes Processing,PPIC_02_Vegetables,1.66628086715253,0.549801631775685,0.937728057541747,0.0000039251506647,0.0000091389600903
KGS05-SW-WA,Truck,PPIC_02_Vegetables,1.66628086715253,0.549801631775685,0.937728057541747,0.0000039251506647,0.0000091389600903
KGS05-SW-WA,Beans Dry,PPIC_05_OtherField,1.7016395248374,0.628816309954396,1.03659146549067,0.0000064773330502,0.0000116947792324
KGS05-SW-WA,Cotton,PPIC_05_OtherField,1.7016395248374,0.628816309954396,1.03659146549067,0.0000064773330502,0.0000116947792324
KGS05-SW-WA,Field and Grain,PPIC_05_OtherField,1.7016395248374,0.628816309954396,1.03659146549067,0.0000064773330502,0.0000116947792324
KGS05-SW-WA,Safflower,PPIC_05_OtherField,1.7016395248374,0.628816309954396,1.03659146549067,0.0000064773330502,0.0000116947792324
KGS05-SW-WA,Sunflowers,PPIC_05_OtherField,1.7016395248374,0.628816309954396,1.03659146549067,0.0000064773330502,0.0000116947792324
KGS05-SW-WA,Corn,PPIC_03_Grain,1.71786187568245,0.563281134003145,0.976348593022219,0.0000014418504877,0.0000068268635051
KGS05-SW-WA,Rice,PPIC_03_Grain,1.71786187568245,0.563281134003145,0.976348593022219,0.0000014418504877,0.0000068268635051
KGS05-SW-WA,Alfalfa,PPIC_01_Feed_Crops,1.73210994923085,0.578404973378961,1.00715521935711,0.0000160715747934,0.0000218152474585
KGS05-SW-WA,Pasture,PPIC_01_Feed_Crops,1.73210994923085,0.578404973378961,1.00715521935711,0.0000160715747934,0.0000218152474585
KRN01-NW,Almonds,PPIC_04_Trees,1.60740153243631,0.691945099805778,1.06892111001069,0.0000061482613017,0.0000114783791492
KRN01-NW,Grapes Table,PPIC_04_Trees,1.60740153243631,0.691945099805778,1.06892111001069,0.0000061482613017,0.0000114783791492
KRN01-NW,Grapes Wine,PPIC_04_Trees,1.60740153243631,0.691945099805778,1.06892111001069,0.0000061482613017,0.0000114783791492
KRN01-NW,Orchards,PPIC_04_Trees,1.60740153243631,0.691945099805778,1.06892111001069,0.0000061482613017,0.0000114783791492
KRN01-NW,Pistachios,PPIC_04_Trees,1.60740153243631,0.691945099805778,1.06892111001069,0.0000061482613017,0.0000114783791492
KRN01-NW,Subtropical,PPIC_04_Trees,1.60740153243631,0.691945099805778,1.06892111001069,0.0000061482613017,0.0000114783791492
KRN01-NW,Walnuts,PPIC_04_Trees,1.60740153243631,0.691945099805778,1.06892111001069,0.0000061482613017,0.0000114783791492
KRN01-NW,Berries,PPIC_02_Vegetables,1.66628086715253,0.549801631775685,0.937728057541747,0.0000039251506647,0.0000091389600903
KRN01-NW,Cucurbits,PPIC_02_Vegetables,1.66628086715253,0.549801631775685,0.937728057541747,0.0000039251506647,0.0000091389600903
KRN01-NW,Lettuce,PPIC_02_Vegetables,1.66628086715253,0.549801631775685,0.937728057541747,0.0000039251506647,0.0000091389600903
KRN01-NW,Onions and Garlic,PPIC_02_Vegetables,1.66628086715253,0.549801631775685,0.937728057541747,0.0000039251506647,0.0000091389600903
KRN01-NW,Potatoes,PPIC_02_Vegetables,1.66628086715253,0.549801631775685,0.937728057541747,0.0000039251506647,0.0000091389600903
KRN01-NW,Tomatoes Fresh,PPIC_02_Vegetables,1.66628086715253,0.549801631775685,0.937728057541747,0.0000039251506647,0.0000091389600903
KRN01-NW,Tomatoes Processing,PPIC_02_Vegetables,1.66628086715253,0.549801631775685,0.937728057541747,0.0000039251506647,0.0000091389600903
KRN01-NW,Truck,PPIC_02_Vegetables,1.66628086715253,0.549801631775685,0.937728057541747,0.0000039251506647,0.0000091389600903
KRN01-NW,Beans Dry,PPIC_05_OtherField,1.7016395248374,0.628816309954396,1.03659146549067,0.0000064773330502,0.0000116947792324
KRN01-NW,Cotton,PPIC_05_OtherField,1.7016395248374,0.628816309954396,1.03659146549067,0.0000064773330502,0.0000116947792324
KRN01-NW,Field and Grain,PPIC_05_OtherField,1.7016395248374,0.628816309954396,1.03659146549067,0.0000064773330502,0.0000116947792324
KRN01-NW,Safflower,PPIC_05_OtherField,1.7016395248374,0.628816309954396,1.03659146549067,0.0000064773330502,0.0000116947792324
KRN01-NW,Sunflowers,PPIC_05_OtherField,1.7016395248374,0.628816309954396,1.03659146549067,0.0000064773330502,0.0000116947792324
KRN01-NW,Corn,PPIC_03_Grain,1.71786187568245,0.563281134003145,0.976348593022219,0.0000014418504877,0.0000068268635051
KRN01-NW,Rice,PPIC_03_Grain,1.71786187568245,0.563281134003145,0.976348593022219,0.0000014418504877,0.0000068268635051
KRN01-NW,Alfalfa,PPIC_01_Feed_Crops,1.73210994923085,0.578404973378961,1.00715521935711,0.0000160715747934,0.0000218152474585
KRN01-NW,Pasture,PPIC_01_Feed_Crops,1.73210994923085,0.578404973378961,1.00715521935711,0.0000160715747934,0.0000218152474585
KRN02-NC,Almonds,PPIC_04_Trees,1.60740153243631,0.691945099805778,1.06892111001069,0.0000061482613017,0.0000114783791492
KRN02-NC,Grapes Table,PPIC_04_Trees,1.60740153243631,0.691945099805778,1.06892111001069,0.0000061482613017,0.0000114783791492
KRN02-NC,Grapes Wine,PPIC_04_Trees,1.60740153243631,0.691945099805778,1.06892111001069,0.0000061482613017,0.0000114783791492
KRN02-NC,Orchards,PPIC_04_Trees,1.60740153243631,0.691945099805778,1.06892111001069,0.0000061482613017,0.0000114783791492
KRN02-NC,Pistachios,PPIC_04_Trees,1.60740153243631,0.691945099805778,1.06892111001069,0.0000061482613017,0.0000114783791492
KRN02-NC,Subtropical,PPIC_04_Trees,1.60740153243631,0.691945099805778,1.06892111001069,0.0000061482613017,0.0000114783791492
KRN02-NC,Walnuts,PPIC_04_Trees,1.60740153243631,0.691945099805778,1.06892111001069,0.0000061482613017,0.0000114783791492
KRN02-NC,Berries,PPIC_02_Vegetables,1.66628086715253,0.549801631775685,0.937728057541747,0.0000039251506647,0.0000091389600903
KRN02-NC,Cucurbits,PPIC_02_Vegetables,1.66628086715253,0.549801631775685,0.937728057541747,0.0000039251506647,0.0000091389600903
KRN02-NC,Lettuce,PPIC_02_Vegetables,1.66628086715253,0.549801631775685,0.937728057541747,0.0000039251506647,0.0000091389600903
KRN02-NC,Onions and Garlic,PPIC_02_Vegetables,1.66628086715253,0.549801631775685,0.937728057541747,0.0000039251506647,0.0000091389600903
KRN02-NC,Potatoes,PPIC_02_Vegetables,1.66628086715253,0.549801631775685,0.937728057541747,0.0000039251506647,0.0000091389600903
KRN02-NC,Tomatoes Fresh,PPIC_02_Vegetables,1.66628086715253,0.549801631775685,0.937728057541747,0.0000039251506647,0.0000091389600903
KRN02-NC,Tomatoes Processing,PPIC_02_Vegetables,1.66628086715253,0.549801631775685,0.937728057541747,0.0000039251506647,0.0000091389600903
KRN02-NC,Truck,PPIC_02_Vegetables,1.66628086715253,0.549801631775685,0.937728057541747,0.0000039251506647,0.0000091389600903
KRN02-NC,Beans Dry,PPIC_05_OtherField,1.7016395248374,0.628816309954396,1.03659146549067,0.0000064773330502,0.0000116947792324
KRN02-NC,Cotton,PPIC_05_OtherField,1.7016395248374,0.628816309954396,1.03659146549067,0.0000064773330502,0.0000116947792324
KRN02-NC,Field and Grain,PPIC_05_OtherField,1.7016395248374,0.628816309954396,1.03659146549067,0.0000064773330502,0.0000116947792324
KRN02-NC,Safflower,PPIC_05_OtherField,1.7016395248374,0.628816309954396,1.03659146549067,0.0000064773330502,0.0000116947792324
KRN02-NC,Sunflowers,PPIC_05_OtherField,1.7016395248374,0.628816309954396,1.03659146549067,0.0000064773330502,0.0000116947792324
KRN02-NC,Corn,PPIC_03_Grain,1.71786187568245,0.563281134003145,0.976348593022219,0.0000014418504877,0.0000068268635051
KRN02-NC,Rice,PPIC_03_Grain,1.71786187568245,0.563281134003145,0.976348593022219,0.0000014418504877,0.0000068268635051
KRN02-NC,Alfalfa,PPIC_01_Feed_Crops,1.73210994923085,0.578404973378961,1.00715521935711,0.0000160715747934,0.0000218152474585
KRN02-NC,Pasture,PPIC_01_Feed_Crops,1.73210994923085,0.578404973378961,1.00715521935711,0.0000160715747934,0.0000218152474585
KRN03-NE,Almonds,PPIC_04_Trees,1.60740153243631,0.691945099805778,1.06892111001069,0.0000061482613017,0.0000114783791492
KRN03-NE,Grapes Table,PPIC_04_Trees,1.60740153243631,0.691945099805778,1.06892111001069,0.0000061482613017,0.0000114783791492
KRN03-NE,Grapes Wine,PPIC_04_Trees,1.60740153243631,0.691945099805778,1.06892111001069,0.0000061482613017,0.0000114783791492
KRN03-NE,Orchards,PPIC_04_Trees,1.60740153243631,0.691945099805778,1.06892111001069,0.0000061482613017,0.0000114783791492
KRN03-NE,Pistachios,PPIC_04_Trees,1.60740153243631,0.691945099805778,1.06892111001069,0.0000061482613017,0.0000114783791492
KRN03-NE,Subtropical,PPIC_04_Trees,1.60740153243631,0.691945099805778,1.06892111001069,0.0000061482613017,0.0000114783791492
KRN03-NE,Walnuts,PPIC_04_Trees,1.60740153243631,0.691945099805778,1.06892111001069,0.0000061482613017,0.0000114783791492
KRN03-NE,Berries,PPIC_02_Vegetables,1.66628086715253,0.549801631775685,0.937728057541747,0.0000039251506647,0.0000091389600903
KRN03-NE,Cucurbits,PPIC_02_Vegetables,1.66628086715253,0.549801631775685,0.937728057541747,0.0000039251506647,0.0000091389600903
KRN03-NE,Lettuce,PPIC_02_Vegetables,1.66628086715253,0.549801631775685,0.937728057541747,0.0000039251506647,0.0000091389600903
KRN03-NE,Onions and Garlic,PPIC_02_Vegetables,1.66628086715253,0.549801631775685,0.937728057541747,0.0000039251506647,0.0000091389600903
KRN03-NE,Potatoes,PPIC_02_Vegetables,1.66628086715253,0.549801631775685,0.937728057541747,0.0000039251506647,0.0000091389600903
KRN03-NE,Tomatoes Fresh,PPIC_02_Vegetables,1.66628086715253,0.549801631775685,0.937728057541747,0.0000039251506647,0.0000091389600903
KRN03-NE,Tomatoes Processing,PPIC_02_Vegetables,1.66628086715253,0.549801631775685,0.937728057541747,0.0000039251506647,0.0000091389600903
KRN03-NE,Truck,PPIC_02_Vegetables,1.66628086715253,0.549801631775685,0.937728057541747,0.0000039251506647,0.0000091389600903
KRN03-NE,Beans Dry,PPIC_05_OtherField,1.7016395248374,0.628816309954396,1.03659146549067,0.0000064773330502,0.0000116947792324
KRN03-NE,Cotton,PPIC_05_OtherField,1.7016395248374,0.628816309954396,1.03659146549067,0.0000064773330502,0.0000116947792324
KRN03-NE,Field and Grain,PPIC_05_OtherField,1.7016395248374,0.628816309954396,1.03659146549067,0.0000064773330502,0.0000116947792324
KRN03-NE,Safflower,PPIC_05_OtherField,1.7016395248374,0.628816309954396,1.03659146549067,0.0000064773330502,0.0000116947792324
KRN03-NE,Sunflowers,PPIC_05_OtherField,1.7016395248374,0.628816309954396,1.03659146549067,0.0000064773330502,0.0000116947792324
KRN03-NE,Corn,PPIC_03_Grain,1.71786187568245,0.563281134003145,0.976348593022219,0.0000014418504877,0.0000068268635051
KRN03-NE,Rice,PPIC_03_Grain,1.71786187568245,0.563281134003145,0.976348593022219,0.0000014418504877,0.0000068268635051
KRN03-NE,Alfalfa,PPIC_01_Feed_Crops,1.73210994923085,0.578404973378961,1.00715521935711,0.0000160715747934,0.0000218152474585
KRN03-NE,Pasture,PPIC_01_Feed_Crops,1.73210994923085,0.578404973378961,1.00715521935711,0.0000160715747934,0.0000218152474585
KRN04-CC,Almonds,PPIC_04_Trees,1.60740153243631,0.691945099805778,1.06892111001069,0.0000061482613017,0.0000114783791492
KRN04-CC,Grapes Table,PPIC_04_Trees,1.60740153243631,0.691945099805778,1.06892111001069,0.0000061482613017,0.0000114783791492
KRN04-CC,Grapes Wine,PPIC_04_Trees,1.60740153243631,0.691945099805778,1.06892111001069,0.0000061482613017,0.0000114783791492
KRN04-CC,Orchards,PPIC_04_Trees,1.60740153243631,0.691945099805778,1.06892111001069,0.0000061482613017,0.0000114783791492
KRN04-CC,Pistachios,PPIC_04_Trees,1.60740153243631,0.691945099805778,1.06892111001069,0.0000061482613017,0.0000114783791492
KRN04-CC,Subtropical,PPIC_04_Trees,1.60740153243631,0.691945099805778,1.06892111001069,0.0000061482613017,0.0000114783791492
KRN04-CC,Walnuts,PPIC_04_Trees,1.60740153243631,0.691945099805778,1.06892111001069,0.0000061482613017,0.0000114783791492
KRN04-CC,Berries,PPIC_02_Vegetables,1.66628086715253,0.549801631775685,0.937728057541747,0.0000039251506647,0.0000091389600903
KRN04-CC,Cucurbits,PPIC_02_Vegetables,1.66628086715253,0.549801631775685,0.937728057541747,0.0000039251506647,0.0000091389600903
KRN04-CC,Lettuce,PPIC_02_Vegetables,1.66628086715253,0.549801631775685,0.937728057541747,0.0000039251506647,0.0000091389600903
KRN04-CC,Onions and Garlic,PPIC_02_Vegetables,1.66628086715253,0.549801631775685,0.937728057541747,0.0000039251506647,0.0000091389600903
KRN04-CC,Potatoes,PPIC_02_Vegetables,1.66628086715253,0.549801631775685,0.937728057541747,0.0000039251506647,0.0000091389600903
KRN04-CC,Tomatoes Fresh,PPIC_02_Vegetables,1.66628086715253,0.549801631775685,0.937728057541747,0.0000039251506647,0.0000091389600903
KRN04-CC,Tomatoes Processing,PPIC_02_Vegetables,1.66628086715253,0.549801631775685,0.937728057541747,0.0000039251506647,0.0000091389600903
KRN04-CC,Truck,PPIC_02_Vegetables,1.66628086715253,0.549801631775685,0.937728057541747,0.0000039251506647,0.0000091389600903
KRN04-CC,Beans Dry,PPIC_05_OtherField,1.7016395248374,0.628816309954396,1.03659146549067,0.0000064773330502,0.0000116947792324
KRN04-CC,Cotton,PPIC_05_OtherField,1.7016395248374,0.628816309954396,1.03659146549067,0.0000064773330502,0.0000116947792324
KRN04-CC,Field and Grain,PPIC_05_OtherField,1.7016395248374,0.628816309954396,1.03659146549067,0.0000064773330502,0.0000116947792324
KRN04-CC,Safflower,PPIC_05_OtherField,1.7016395248374,0.628816309954396,1.03659146549067,0.0000064773330502,0.0000116947792324
KRN04-CC,Sunflowers,PPIC_05_OtherField,1.7016395248374,0.628816309954396,1.03659146549067,0.0000064773330502,0.0000116947792324
KRN04-CC,Corn,PPIC_03_Grain,1.71786187568245,0.563281134003145,0.976348593022219,0.0000014418504877,0.0000068268635051
KRN04-CC,Rice,PPIC_03_Grain,1.71786187568245,0.563281134003145,0.976348593022219,0.0000014418504877,0.0000068268635051
KRN04-CC,Alfalfa,PPIC_01_Feed_Crops,1.73210994923085,0.578404973378961,1.00715521935711,0.0000160715747934,0.0000218152474585
KRN04-CC,Pasture,PPIC_01_Feed_Crops,1.73210994923085,0.578404973378961,1.00715521935711,0.0000160715747934,0.0000218152474585
KRN05-SC,Almonds,PPIC_04_Trees,1.60740153243631,0.691945099805778,1.06892111001069,0.0000061482613017,0.0000114783791492
KRN05-SC,Grapes Table,PPIC_04_Trees,1.60740153243631,0.691945099805778,1.06892111001069,0.0000061482613017,0.0000114783791492
KRN05-SC,Grapes Wine,PPIC_04_Trees,1.60740153243631,0.691945099805778,1.06892111001069,0.0000061482613017,0.0000114783791492
KRN05-SC,Orchards,PPIC_04_Trees,1.60740153243631,0.691945099805778,1.06892111001069,0.0000061482613017,0.0000114783791492
KRN05-SC,Pistachios,PPIC_04_Trees,1.60740153243631,0.691945099805778,1.06892111001069,0.0000061482613017,0.0000114783791492
KRN05-SC,Subtropical,PPIC_04_Trees,1.60740153243631,0.691945099805778,1.06892111001069,0.0000061482613017,0.0000114783791492
KRN05-SC,Walnuts,PPIC_04_Trees,1.60740153243631,0.691945099805778,1.06892111001069,0.0000061482613017,0.0000114783791492
KRN05-SC,Berries,PPIC_02_Vegetables,1.66628086715253,0.549801631775685,0.937728057541747,0.0000039251506647,0.0000091389600903
KRN05-SC,Cucurbits,PPIC_02_Vegetables,1.66628086715253,0.549801631775685,0.937728057541747,0.0000039251506647,0.0000091389600903
KRN05-SC,Lettuce,PPIC_02_Vegetables,1.66628086715253,0.549801631775685,0.937728057541747,0.0000039251506647,0.0000091389600903
KRN05-SC,Onions and Garlic,PPIC_02_Vegetables,1.66628086715253,0.549801631775685,0.937728057541747,0.0000039251506647,0.0000091389600903
KRN05-SC,Potatoes,PPIC_02_Vegetables,1.66628086715253,0.549801631775685,0.937728057541747,0.0000039251506647,0.0000091389600903
KRN05-SC,Tomatoes Fresh,PPIC_02_Vegetables,1.66628086715253,0.549801631775685,0.937728057541747,0.0000039251506647,0.0000091389600903
KRN05-SC,Tomatoes Processing,PPIC_02_Vegetables,1.66628086715253,0.549801631775685,0.937728057541747,0.0000039251506647,0.0000091389600903
KRN05-SC,Truck,PPIC_02_Vegetables,1.66628086715253,0.549801631775685,0.937728057541747,0.0000039251506647,0.0000091389600903
KRN05-SC,Beans Dry,PPIC_05_OtherField,1.7016395248374,0.628816309954396,1.03659146549067,0.0000064773330502,0.0000116947792324
KRN05-SC,Cotton,PPIC_05_OtherField,1.7016395248374,0.628816309954396,1.03659146549067,0.0000064773330502,0.0000116947792324
KRN05-SC,Field and Grain,PPIC_05_OtherField,1.7016395248374,0.628816309954396,1.03659146549067,0.0000064773330502,0.0000116947792324
KRN05-SC,Safflower,PPIC_05_OtherField,1.7016395248374,0.628816309954396,1.03659146549067,0.0000064773330502,0.0000116947792324
KRN05-SC,Sunflowers,PPIC_05_OtherField,1.7016395248374,0.628816309954396,1.03659146549067,0.0000064773330502,0.0000116947792324
KRN05-SC,Corn,PPIC_03_Grain,1.71786187568245,0.563281134003145,0.976348593022219,0.0000014418504877,0.0000068268635051
KRN05-SC,Rice,PPIC_03_Grain,1.71786187568245,0.563281134003145,0.976348593022219,0.0000014418504877,0.0000068268635051
KRN05-SC,Alfalfa,PPIC_01_Feed_Crops,1.73210994923085,0.578404973378961,1.00715521935711,0.0000160715747934,0.0000218152474585
KRN05-SC,Pasture,PPIC_01_Feed_Crops,1.73210994923085,0.578404973378961,1.00715521935711,0.0000160715747934,0.0000218152474585
KRN06-OTHER,Almonds,PPIC_04_Trees,1.60740153243631,0.691945099805778,1.06892111001069,0.0000061482613017,0.0000114783791492
KRN06-OTHER,Grapes Table,PPIC_04_Trees,1.60740153243631,0.691945099805778,1.06892111001069,0.0000061482613017,0.0000114783791492
KRN06-OTHER,Grapes Wine,PPIC_04_Trees,1.60740153243631,0.691945099805778,1.06892111001069,0.0000061482613017,0.0000114783791492
KRN06-OTHER,Orchards,PPIC_04_Trees,1.60740153243631,0.691945099805778,1.06892111001069,0.0000061482613017,0.0000114783791492
KRN06-OTHER,Pistachios,PPIC_04_Trees,1.60740153243631,0.691945099805778,1.06892111001069,0.0000061482613017,0.0000114783791492
KRN06-OTHER,Subtropical,PPIC_04_Trees,1.60740153243631,0.691945099805778,1.06892111001069,0.0000061482613017,0.0000114783791492
KRN06-OTHER,Walnuts,PPIC_04_Trees,1.60740153243631,0.691945099805778,1.06892111001069,0.0000061482613017,0.0000114783791492
KRN06-OTHER,Berries,PPIC_02_Vegetables,1.66628086715253,0.549801631775685,0.937728057541747,0.0000039251506647,0.0000091389600903
KRN06-OTHER,Cucurbits,PPIC_02_Vegetables,1.66628086715253,0.549801631775685,0.937728057541747,0.0000039251506647,0.0000091389600903
KRN06-OTHER,Lettuce,PPIC_02_Vegetables,1.66628086715253,0.549801631775685,0.937728057541747,0.0000039251506647,0.0000091389600903
KRN06-OTHER,Onions and Garlic,PPIC_02_Vegetables,1.66628086715253,0.549801631775685,0.937728057541747,0.0000039251506647,0.0000091389600903
KRN06-OTHER,Potatoes,PPIC_02_Vegetables,1.66628086715253,0.549801631775685,0.937728057541747,0.0000039251506647,0.0000091389600903
KRN06-OTHER,Tomatoes Fresh,PPIC_02_Vegetables,1.66628086715253,0.549801631775685,0.937728057541747,0.0000039251506647,0.0000091389600903
KRN06-OTHER,Tomatoes Processing,PPIC_02_Vegetables,1.66628086715253,0.549801631775685,0.937728057541747,0.0000039251506647,0.0000091389600903
KRN06-OTHER,Truck,PPIC_02_Vegetables,1.66628086715253,0.549801631775685,0.937728057541747,0.0000039251506647,0.0000091389600903
KRN06-OTHER,Beans Dry,PPIC_05_OtherField,1.7016395248374,0.628816309954396,1.03659146549067,0.0000064773330502,0.0000116947792324
KRN06-OTHER,Cotton,PPIC_05_OtherField,1.7016395248374,0.628816309954396,1.03659146549067,0.0000064773330502,0.0000116947792324
KRN06-OTHER,Field and Grain,PPIC_05_OtherField,1.7016395248374,0.628816309954396,1.03659146549067,0.0000064773330502,0.0000116947792324
KRN06-OTHER,Safflower,PPIC_05_OtherField,1.7016395248374,0.628816309954396,1.03659146549067,0.0000064773330502,0.0000116947792324
KRN06-OTHER,Sunflowers,PPIC_05_OtherField,1.7016395248374,0.628816309954396,1.03659146549067,0.0000064773330502,0.0000116947792324
KRN06-OTHER,Corn,PPIC_03_Grain,1.71786187568245,0.563281134003145,0.976348593022219,0.0000014418504877,0.0000068268635051
KRN06-OTHER,Rice,PPIC_03_Grain,1.71786187568245,0.563281134003145,0.976348593022219,0.0000014418504877,0.0000068268635051
KRN06-OTHER,Alfalfa,PPIC_01_Feed_Crops,1.73210994923085,0.578404973378961,1.00715521935711,0.0000160715747934,0.0000218152474585
KRN06-OTHER,Pasture,PPIC_01_Feed_Crops,1.73210994923085,0.578404973378961,1.00715521935711,0.0000160715747934,0.0000218152474585
LMS01-IDs,Beans Dry,PPIC_05_OtherField,1.48042893228129,0.885604107695223,1.17631974615459,0.0000014521670601,0.0000045694202856
LMS01-IDs,Cotton,PPIC_05_OtherField,1.48042893228129,0.885604107695223,1.17631974615459,0.0000014521670601,0.0000045694202856
LMS01-IDs,Field and Grain,PPIC_05_OtherField,1.48042893228129,0.885604107695223,1.17631974615459,0.0000014521670601,0.0000045694202856
LMS01-IDs,Safflower,PPIC_05_OtherField,1.48042893228129,0.885604107695223,1.17631974615459,0.0000014521670601,0.0000045694202856
LMS01-IDs,Sunflowers,PPIC_05_OtherField,1.48042893228129,0.885604107695223,1.17631974615459,0.0000014521670601,0.0000045694202856
LMS01-IDs,Almonds,PPIC_04_Trees,1.61984788457122,0.692275371065863,1.08465708966897,0.0000090683511071,0.0000139457786238
LMS01-IDs,Grapes Table,PPIC_04_Trees,1.61984788457122,0.692275371065863,1.08465708966897,0.0000090683511071,0.0000139457786238
LMS01-IDs,Grapes Wine,PPIC_04_Trees,1.61984788457122,0.692275371065863,1.08465708966897,0.0000090683511071,0.0000139457786238
LMS01-IDs,Orchards,PPIC_04_Trees,1.61984788457122,0.692275371065863,1.08465708966897,0.0000090683511071,0.0000139457786238
LMS01-IDs,Pistachios,PPIC_04_Trees,1.61984788457122,0.692275371065863,1.08465708966897,0.0000090683511071,0.0000139457786238
LMS01-IDs,Subtropical,PPIC_04_Trees,1.61984788457122,0.692275371065863,1.08465708966897,0.0000090683511071,0.0000139457786238
LMS01-IDs,Walnuts,PPIC_04_Trees,1.61984788457122,0.692275371065863,1.08465708966897,0.0000090683511071,0.0000139457786238
LMS01-IDs,Berries,PPIC_02_Vegetables,1.7034434239029,0.549801686728929,0.971795820804474,0.0000049695172853,0.0000099109114865
LMS01-IDs,Cucurbits,PPIC_02_Vegetables,1.7034434239029,0.549801686728929,0.971795820804474,0.0000049695172853,0.0000099109114865
LMS01-IDs,Lettuce,PPIC_02_Vegetables,1.7034434239029,0.549801686728929,0.971795820804474,0.0000049695172853,0.0000099109114865
LMS01-IDs,Onions and Garlic,PPIC_02_Vegetables,1.7034434239029,0.549801686728929,0.971795820804474,0.0000049695172853,0.0000099109114865
LMS01-IDs,Potatoes,PPIC_02_Vegetables,1.7034434239029,0.549801686728929,0.971795820804474,0.0000049695172853,0.0000099109114865
LMS01-IDs,Tomatoes Fresh,PPIC_02_Vegetables,1.7034434239029,0.549801686728929,0.971795820804474,0.0000049695172853,0.0000099109114865
LMS01-IDs,Tomatoes Processing,PPIC_02_Vegetables,1.7034434239029,0.549801686728929,0.971795820804474,0.0000049695172853,0.0000099109114865
LMS01-IDs,Truck,PPIC_02_Vegetables,1.7034434239029,0.549801686728929,0.971795820804474,0.0000049695172853,0.0000099109114865
LMS01-IDs,Corn,PPIC_03_Grain,1.73391190502281,0.563281167375603,1.00026595495366,0.0000020679451474,0.0000070425164941
LMS01-IDs,Rice,PPIC_03_Grain,1.73391190502281,0.563281167375603,1.00026595495366,0.0000020679451474,0.0000070425164941
LMS01-IDs,Alfalfa,PPIC_01_Feed_Crops,1.88958912121113,0.57840494843677,1.11175872273374,0.0000338773582163,0.0000400034987227
LMS01-IDs,Pasture,PPIC_01_Feed_Crops,1.88958912121113,0.57840494843677,1.11175872273374,0.0000338773582163,0.0000400034987227
LMS02-WAs,Beans Dry,PPIC_05_OtherField,1.48042893228129,0.885604107695223,1.17631974615459,0.0000014521670601,0.0000045694202856
LMS02-WAs,Cotton,PPIC_05_OtherField,1.48042893228129,0.885604107695223,1.17631974615459,0.0000014521670601,0.0000045694202856
LMS02-WAs,Field and Grain,PPIC_05_OtherField,1.48042893228129,0.885604107695223,1.17631974615459,0.0000014521670601,0.0000045694202856
LMS02-WAs,Safflower,PPIC_05_OtherField,1.48042893228129,0.885604107695223,1.17631974615459,0.0000014521670601,0.0000045694202856
LMS02-WAs,Sunflowers,PPIC_05_OtherField,1.48042893228129,0.885604107695223,1.17631974615459,0.0000014521670601,0.0000045694202856
LMS02-WAs,Almonds,PPIC_04_Trees,1.61984788457122,0.692275371065863,1.08465708966897,0.0000090683511071,0.0000139457786238
LMS02-WAs,Grapes Table,PPIC_04_Trees,1.61984788457122,0.692275371065863,1.08465708966897,0.0000090683511071,0.0000139457786238
LMS02-WAs,Grapes Wine,PPIC_04_Trees,1.61984788457122,0.692275371065863,1.08465708966897,0.0000090683511071,0.0000139457786238
LMS02-WAs,Orchards,PPIC_04_Trees,1.61984788457122,0.692275371065863,1.08465708966897,0.0000090683511071,0.0000139457786238
LMS02-WAs,Pistachios,PPIC_04_Trees,1.61984788457122,0.692275371065863,1.08465708966897,0.0000090683511071,0.0000139457786238
LMS02-WAs,Subtropical,PPIC_04_Trees,1.61984788457122,0.692275371065863,1.08465708966897,0.0000090683511071,0.0000139457786238
LMS02-WAs,Walnuts,PPIC_04_Trees,1.61984788457122,0.692275371065863,1.08465708966897,0.0000090683511071,0.0000139457786238
LMS02-WAs,Berries,PPIC_02_Vegetables,1.7034434239029,0.549801686728929,0.971795820804474,0.0000049695172853,0.0000099109114865
LMS02-WAs,Cucurbits,PPIC_02_Vegetables,1.7034434239029,0.549801686728929,0.971795820804474,0.0000049695172853,0.0000099109114865
LMS02-WAs,Lettuce,PPIC_02_Vegetables,1.7034434239029,0.549801686728929,0.971795820804474,0.0000049695172853,0.0000099109114865
LMS02-WAs,Onions and Garlic,PPIC_02_Vegetables,1.7034434239029,0.549801686728929,0.971795820804474,0.0000049695172853,0.0000099109114865
LMS02-WAs,Potatoes,PPIC_02_Vegetables,1.7034434239029,0.549801686728929,0.971795820804474,0.0000049695172853,0.0000099109114865
LMS02-WAs,Tomatoes Fresh,PPIC_02_Vegetables,1.7034434239029,0.549801686728929,0.971795820804474,0.0000049695172853,0.0000099109114865
LMS02-WAs,Tomatoes Processing,PPIC_02_Vegetables,1.7034434239029,0.549801686728929,0.971795820804474,0.0000049695172853,0.0000099109114865
LMS02-WAs,Truck,PPIC_02_Vegetables,1.7034434239029,0.549801686728929,0.971795820804474,0.0000049695172853,0.0000099109114865
LMS02-WAs,Corn,PPIC_03_Grain,1.73391190502281,0.563281167375603,1.00026595495366,0.0000020679451474,0.0000070425164941
LMS02-WAs,Rice,PPIC_03_Grain,1.73391190502281,0.563281167375603,1.00026595495366,0.0000020679451474,0.0000070425164941
LMS02-WAs,Alfalfa,PPIC_01_Feed_Crops,1.88958912121113,0.57840494843677,1.11175872273374,0.0000338773582163,0.0000400034987227
LMS02-WAs,Pasture,PPIC_01_Feed_Crops,1.88958912121113,0.57840494843677,1.11175872273374,0.0000338773582163,0.0000400034987227
MAD01-SW-WA,Almonds,PPIC_04_Trees,1.60740153243631,0.691945099805778,1.06892111001069,0.0000061482613017,0.0000114783791492
MAD01-SW-WA,Grapes Table,PPIC_04_Trees,1.60740153243631,0.691945099805778,1.06892111001069,0.0000061482613017,0.0000114783791492
MAD01-SW-WA,Grapes Wine,PPIC_04_Trees,1.60740153243631,0.691945099805778,1.06892111001069,0.0000061482613017,0.0000114783791492
MAD01-SW-WA,Orchards,PPIC_04_Trees,1.60740153243631,0.691945099805778,1.06892111001069,0.0000061482613017,0.0000114783791492
MAD01-SW-WA,Pistachios,PPIC_04_Trees,1.60740153243631,0.691945099805778,1.06892111001069,0.0000061482613017,0.0000114783791492
MAD01-SW-WA,Subtropical,PPIC_04_Trees,1.60740153243631,0.691945099805778,1.06892111001069,0.0000061482613017,0.0000114783791492
MAD01-SW-WA,Walnuts,PPIC_04_Trees,1.60740153243631,0.691945099805778,1.06892111001069,0.0000061482613017,0.0000114783791492
MAD01-SW-WA,Berries,PPIC_02_Vegetables,1.66628086715253,0.549801631775685,0.937728057541747,0.0000039251506647,0.0000091389600903
MAD01-SW-WA,Cucurbits,PPIC_02_Vegetables,1.66628086715253,0.549801631775685,0.937728057541747,0.0000039251506647,0.0000091389600903
MAD01-SW-WA,Lettuce,PPIC_02_Vegetables,1.66628086715253,0.549801631775685,0.937728057541747,0.0000039251506647,0.0000091389600903
MAD01-SW-WA,Onions and Garlic,PPIC_02_Vegetables,1.66628086715253,0.549801631775685,0.937728057541747,0.0000039251506647,0.0000091389600903
MAD01-SW-WA,Potatoes,PPIC_02_Vegetables,1.66628086715253,0.549801631775685,0.937728057541747,0.0000039251506647,0.0000091389600903
MAD01-SW-WA,Tomatoes Fresh,PPIC_02_Vegetables,1.66628086715253,0.549801631775685,0.937728057541747,0.0000039251506647,0.0000091389600903
MAD01-SW-WA,Tomatoes Processing,PPIC_02_Vegetables,1.66628086715253,0.549801631775685,0.937728057541747,0.0000039251506647,0.0000091389600903
MAD01-SW-WA,Truck,PPIC_02_Vegetables,1.66628086715253,0.549801631775685,0.937728057541747,0.0000039251506647,0.0000091389600903
MAD01-SW-WA,Beans Dry,PPIC_05_OtherField,1.7016395248374,0.628816309954396,1.03659146549067,0.0000064773330502,0.0000116947792324
MAD01-SW-WA,Cotton,PPIC_05_OtherField,1.7016395248374,0.628816309954396,1.03659146549067,0.0000064773330502,0.0000116947792324
MAD01-SW-WA,Field and Grain,PPIC_05_OtherField,1.7016395248374,0.628816309954396,1.03659146549067,0.0000064773330502,0.0000116947792324
MAD01-SW-WA,Safflower,PPIC_05_OtherField,1.7016395248374,0.628816309954396,1.03659146549067,0.0000064773330502,0.0000116947792324
MAD01-SW-WA,Sunflowers,PPIC_05_OtherField,1.7016395248374,0.628816309954396,1.03659146549067,0.0000064773330502,0.0000116947792324
MAD01-SW-WA,Corn,PPIC_03_Grain,1.71786187568245,0.563281134003145,0.976348593022219,0.0000014418504877,0.0000068268635051
MAD01-SW-WA,Rice,PPIC_03_Grain,1.71786187568245,0.563281134003145,0.976348593022219,0.0000014418504877,0.0000068268635051
MAD01-SW-WA,Alfalfa,PPIC_01_Feed_Crops,1.73210994923085,0.578404973378961,1.00715521935711,0.0000160715747934,0.0000218152474585
MAD01-SW-WA,Pasture,PPIC_01_Feed_Crops,1.73210994923085,0.578404973378961,1.00715521935711,0.0000160715747934,0.0000218152474585
MAD02-CC-MID&Gravelly,Almonds,PPIC_04_Trees,1.60740153243631,0.691945099805778,1.06892111001069,0.0000061482613017,0.0000114783791492
MAD02-CC-MID&Gravelly,Grapes Table,PPIC_04_Trees,1.60740153243631,0.691945099805778,1.06892111001069,0.0000061482613017,0.0000114783791492
MAD02-CC-MID&Gravelly,Grapes Wine,PPIC_04_Trees,1.60740153243631,0.691945099805778,1.06892111001069,0.0000061482613017,0.0000114783791492
MAD02-CC-MID&Gravelly,Orchards,PPIC_04_Trees,1.60740153243631,0.691945099805778,1.06892111001069,0.0000061482613017,0.0000114783791492
MAD02-CC-MID&Gravelly,Pistachios,PPIC_04_Trees,1.60740153243631,0.691945099805778,1.06892111001069,0.0000061482613017,0.0000114783791492
MAD02-CC-MID&Gravelly,Subtropical,PPIC_04_Trees,1.60740153243631,0.691945099805778,1.06892111001069,0.0000061482613017,0.0000114783791492
MAD02-CC-MID&Gravelly,Walnuts,PPIC_04_Trees,1.60740153243631,0.691945099805778,1.06892111001069,0.0000061482613017,0.0000114783791492
MAD02-CC-MID&Gravelly,Berries,PPIC_02_Vegetables,1.66628086715253,0.549801631775685,0.937728057541747,0.0000039251506647,0.0000091389600903
MAD02-CC-MID&Gravelly,Cucurbits,PPIC_02_Vegetables,1.66628086715253,0.549801631775685,0.937728057541747,0.0000039251506647,0.0000091389600903
MAD02-CC-MID&Gravelly,Lettuce,PPIC_02_Vegetables,1.66628086715253,0.549801631775685,0.937728057541747,0.0000039251506647,0.0000091389600903
MAD02-CC-MID&Gravelly,Onions and Garlic,PPIC_02_Vegetables,1.66628086715253,0.549801631775685,0.937728057541747,0.0000039251506647,0.0000091389600903
MAD02-CC-MID&Gravelly,Potatoes,PPIC_02_Vegetables,1.66628086715253,0.549801631775685,0.937728057541747,0.0000039251506647,0.0000091389600903
MAD02-CC-MID&Gravelly,Tomatoes Fresh,PPIC_02_Vegetables,1.66628086715253,0.549801631775685,0.937728057541747,0.0000039251506647,0.0000091389600903
MAD02-CC-MID&Gravelly,Tomatoes Processing,PPIC_02_Vegetables,1.66628086715253,0.549801631775685,0.937728057541747,0.0000039251506647,0.0000091389600903
MAD02-CC-MID&Gravelly,Truck,PPIC_02_Vegetables,1.66628086715253,0.549801631775685,0.937728057541747,0.0000039251506647,0.0000091389600903
MAD02-CC-MID&Gravelly,Beans Dry,PPIC_05_OtherField,1.7016395248374,0.628816309954396,1.03659146549067,0.0000064773330502,0.0000116947792324
MAD02-CC-MID&Gravelly,Cotton,PPIC_05_OtherField,1.7016395248374,0.628816309954396,1.03659146549067,0.0000064773330502,0.0000116947792324
MAD02-CC-MID&Gravelly,Field and Grain,PPIC_05_OtherField,1.7016395248374,0.628816309954396,1.03659146549067,0.0000064773330502,0.0000116947792324
MAD02-CC-MID&Gravelly,Safflower,PPIC_05_OtherField,1.7016395248374,0.628816309954396,1.03659146549067,0.0000064773330502,0.0000116947792324
MAD02-CC-MID&Gravelly,Sunflowers,PPIC_05_OtherField,1.7016395248374,0.628816309954396,1.03659146549067,0.0000064773330502,0.0000116947792324
MAD02-CC-MID&Gravelly,Corn,PPIC_03_Grain,1.71786187568245,0.563281134003145,0.976348593022219,0.0000014418504877,0.0000068268635051
MAD02-CC-MID&Gravelly,Rice,PPIC_03_Grain,1.71786187568245,0.563281134003145,0.976348593022219,0.0000014418504877,0.0000068268635051
MAD02-CC-MID&Gravelly,Alfalfa,PPIC_01_Feed_Crops,1.73210994923085,0.578404973378961,1.00715521935711,0.0000160715747934,0.0000218152474585
MAD02-CC-MID&Gravelly,Pasture,PPIC_01_Feed_Crops,1.73210994923085,0.578404973378961,1.00715521935711,0.0000160715747934,0.0000218152474585
MAD03-E-WA,Almonds,PPIC_04_Trees,1.60740153243631,0.691945099805778,1.06892111001069,0.0000061482613017,0.0000114783791492
MAD03-E-WA,Grapes Table,PPIC_04_Trees,1.60740153243631,0.691945099805778,1.06892111001069,0.0000061482613017,0.0000114783791492
MAD03-E-WA,Grapes Wine,PPIC_04_Trees,1.60740153243631,0.691945099805778,1.06892111001069,0.0000061482613017,0.0000114783791492
MAD03-E-WA,Orchards,PPIC_04_Trees,1.60740153243631,0.691945099805778,1.06892111001069,0.0000061482613017,0.0000114783791492
MAD03-E-WA,Pistachios,PPIC_04_Trees,1.60740153243631,0.691945099805778,1.06892111001069,0.0000061482613017,0.0000114783791492
MAD03-E-WA,Subtropical,PPIC_04_Trees,1.60740153243631,0.691945099805778,1.06892111001069,0.0000061482613017,0.0000114783791492
MAD03-E-WA,Walnuts,PPIC_04_Trees,1.60740153243631,0.691945099805778,1.06892111001069,0.0000061482613017,0.0000114783791492
MAD03-E-WA,Berries,PPIC_02_Vegetables,1.66628086715253,0.549801631775685,0.937728057541747,0.0000039251506647,0.0000091389600903
MAD03-E-WA,Cucurbits,PPIC_02_Vegetables,1.66628086715253,0.549801631775685,0.937728057541747,0.0000039251506647,0.0000091389600903
MAD03-E-WA,Lettuce,PPIC_02_Vegetables,1.66628086715253,0.549801631775685,0.937728057541747,0.0000039251506647,0.0000091389600903
MAD03-E-WA,Onions and Garlic,PPIC_02_Vegetables,1.66628086715253,0.549801631775685,0.937728057541747,0.0000039251506647,0.0000091389600903
MAD03-E-WA,Potatoes,PPIC_02_Vegetables,1.66628086715253,0.549801631775685,0.937728057541747,0.0000039251506647,0.0000091389600903
MAD03-E-WA,Tomatoes Fresh,PPIC_02_Vegetables,1.66628086715253,0.549801631775685,0.937728057541747,0.0000039251506647,0.0000091389600903
MAD03-E-WA,Tomatoes Processing,PPIC_02_Vegetables,1.66628086715253,0.549801631775685,0.937728057541747,0.0000039251506647,0.0000091389600903
MAD03-E-WA,Truck,PPIC_02_Vegetables,1.66628086715253,0.549801631775685,0.937728057541747,0.0000039251506647,0.0000091389600903
MAD03-E-WA,Beans Dry,PPIC_05_OtherField,1.7016395248374,0.628816309954396,1.03659146549067,0.0000064773330502,0.0000116947792324
MAD03-E-WA,Cotton,PPIC_05_OtherField,1.7016395248374,0.628816309954396,1.03659146549067,0.0000064773330502,0.0000116947792324
MAD03-E-WA,Field and Grain,PPIC_05_OtherField,1.7016395248374,0.628816309954396,1.03659146549067,0.0000064773330502,0.0000116947792324
MAD03-E-WA,Safflower,PPIC_05_OtherField,1.7016395248374,0.628816309954396,1.03659146549067,0.0000064773330502,0.0000116947792324
MAD03-E-WA,Sunflowers,PPIC_05_OtherField,1.7016395248374,0.628816309954396,1.03659146549067,0.0000064773330502,0.0000116947792324
MAD03-E-WA,Corn,PPIC_03_Grain,1.71786187568245,0.563281134003145,0.976348593022219,0.0000014418504877,0.0000068268635051
MAD03-E-WA,Rice,PPIC_03_Grain,1.71786187568245,0.563281134003145,0.976348593022219,0.0000014418504877,0.0000068268635051
MAD03-E-WA,Alfalfa,PPIC_01_Feed_Crops,1.73210994923085,0.578404973378961,1.00715521935711,0.0000160715747934,0.0000218152474585
MAD03-E-WA,Pasture,PPIC_01_Feed_Crops,1.73210994923085,0.578404973378961,1.00715521935711,0.0000160715747934,0.0000218152474585
MER01-CC-MID,Almonds,PPIC_04_Trees,1.60740153243631,0.691945099805778,1.06892111001069,0.0000061482613017,0.0000114783791492
MER01-CC-MID,Grapes Table,PPIC_04_Trees,1.60740153243631,0.691945099805778,1.06892111001069,0.0000061482613017,0.0000114783791492
MER01-CC-MID,Grapes Wine,PPIC_04_Trees,1.60740153243631,0.691945099805778,1.06892111001069,0.0000061482613017,0.0000114783791492
MER01-CC-MID,Orchards,PPIC_04_Trees,1.60740153243631,0.691945099805778,1.06892111001069,0.0000061482613017,0.0000114783791492
MER01-CC-MID,Pistachios,PPIC_04_Trees,1.60740153243631,0.691945099805778,1.06892111001069,0.0000061482613017,0.0000114783791492
MER01-CC-MID,Subtropical,PPIC_04_Trees,1.60740153243631,0.691945099805778,1.06892111001069,0.0000061482613017,0.0000114783791492
MER01-CC-MID,Walnuts,PPIC_04_Trees,1.60740153243631,0.691945099805778,1.06892111001069,0.0000061482613017,0.0000114783791492
MER01-CC-MID,Berries,PPIC_02_Vegetables,1.66628086715253,0.549801631775685,0.937728057541747,0.0000039251506647,0.0000091389600903
MER01-CC-MID,Cucurbits,PPIC_02_Vegetables,1.66628086715253,0.549801631775685,0.937728057541747,0.0000039251506647,0.0000091389600903
MER01-CC-MID,Lettuce,PPIC_02_Vegetables,1.66628086715253,0.549801631775685,0.937728057541747,0.0000039251506647,0.0000091389600903
MER01-CC-MID,Onions and Garlic,PPIC_02_Vegetables,1.66628086715253,0.549801631775685,0.937728057541747,0.0000039251506647,0.0000091389600903
MER01-CC-MID,Potatoes,PPIC_02_Vegetables,1.66628086715253,0.549801631775685,0.937728057541747,0.0000039251506647,0.0000091389600903
MER01-CC-MID,Tomatoes Fresh,PPIC_02_Vegetables,1.66628086715253,0.549801631775685,0.937728057541747,0.0000039251506647,0.0000091389600903
MER01-CC-MID,Tomatoes Processing,PPIC_02_Vegetables,1.66628086715253,0.549801631775685,0.937728057541747,0.0000039251506647,0.0000091389600903
MER01-CC-MID,Truck,PPIC_02_Vegetables,1.66628086715253,0.549801631775685,0.937728057541747,0.0000039251506647,0.0000091389600903
MER01-CC-MID,Beans Dry,PPIC_05_OtherField,1.7016395248374,0.628816309954396,1.03659146549067,0.0000064773330502,0.0000116947792324
MER01-CC-MID,Cotton,PPIC_05_OtherField,1.7016395248374,0.628816309954396,1.03659146549067,0.0000064773330502,0.0000116947792324
MER01-CC-MID,Field and Grain,PPIC_05_OtherField,1.7016395248374,0.628816309954396,1.03659146549067,0.0000064773330502,0.0000116947792324
MER01-CC-MID,Safflower,PPIC_05_OtherField,1.7016395248374,0.628816309954396,1.03659146549067,0.0000064773330502,0.0000116947792324
MER01-CC-MID,Sunflowers,PPIC_05_OtherField,1.7016395248374,0.628816309954396,1.03659146549067,0.0000064773330502,0.0000116947792324
MER01-CC-MID,Corn,PPIC_03_Grain,1.71786187568245,0.563281134003145,0.976348593022219,0.0000014418504877,0.0000068268635051
MER01-CC-MID,Rice,PPIC_03_Grain,1.71786187568245,0.563281134003145,0.976348593022219,0.0000014418504877,0.0000068268635051
MER01-CC-MID,Alfalfa,PPIC_01_Feed_Crops,1.73210994923085,0.578404973378961,1.00715521935711,0.0000160715747934,0.0000218152474585
MER01-CC-MID,Pasture,PPIC_01_Feed_Crops,1.73210994923085,0.578404973378961,1.00715521935711,0.0000160715747934,0.0000218152474585
MER02-NW-StevinsonMerquin,Almonds,PPIC_04_Trees,1.60740153243631,0.691945099805778,1.06892111001069,0.0000061482613017,0.0000114783791492
MER02-NW-StevinsonMerquin,Grapes Table,PPIC_04_Trees,1.60740153243631,0.691945099805778,1.06892111001069,0.0000061482613017,0.0000114783791492
MER02-NW-StevinsonMerquin,Grapes Wine,PPIC_04_Trees,1.60740153243631,0.691945099805778,1.06892111001069,0.0000061482613017,0.0000114783791492
MER02-NW-StevinsonMerquin,Orchards,PPIC_04_Trees,1.60740153243631,0.691945099805778,1.06892111001069,0.0000061482613017,0.0000114783791492
MER02-NW-StevinsonMerquin,Pistachios,PPIC_04_Trees,1.60740153243631,0.691945099805778,1.06892111001069,0.0000061482613017,0.0000114783791492
MER02-NW-StevinsonMerquin,Subtropical,PPIC_04_Trees,1.60740153243631,0.691945099805778,1.06892111001069,0.0000061482613017,0.0000114783791492
MER02-NW-StevinsonMerquin,Walnuts,PPIC_04_Trees,1.60740153243631,0.691945099805778,1.06892111001069,0.0000061482613017,0.0000114783791492
MER02-NW-StevinsonMerquin,Berries,PPIC_02_Vegetables,1.66628086715253,0.549801631775685,0.937728057541747,0.0000039251506647,0.0000091389600903
MER02-NW-StevinsonMerquin,Cucurbits,PPIC_02_Vegetables,1.66628086715253,0.549801631775685,0.937728057541747,0.0000039251506647,0.0000091389600903
MER02-NW-StevinsonMerquin,Lettuce,PPIC_02_Vegetables,1.66628086715253,0.549801631775685,0.937728057541747,0.0000039251506647,0.0000091389600903
MER02-NW-StevinsonMerquin,Onions and Garlic,PPIC_02_Vegetables,1.66628086715253,0.549801631775685,0.937728057541747,0.0000039251506647,0.0000091389600903
MER02-NW-StevinsonMerquin,Potatoes,PPIC_02_Vegetables,1.66628086715253,0.549801631775685,0.937728057541747,0.0000039251506647,0.0000091389600903
MER02-NW-StevinsonMerquin,Tomatoes Fresh,PPIC_02_Vegetables,1.66628086715253,0.549801631775685,0.937728057541747,0.0000039251506647,0.0000091389600903
MER02-NW-StevinsonMerquin,Tomatoes Processing,PPIC_02_Vegetables,1.66628086715253,0.549801631775685,0.937728057541747,0.0000039251506647,0.0000091389600903
MER02-NW-StevinsonMerquin,Truck,PPIC_02_Vegetables,1.66628086715253,0.549801631775685,0.937728057541747,0.0000039251506647,0.0000091389600903
MER02-NW-StevinsonMerquin,Beans Dry,PPIC_05_OtherField,1.7016395248374,0.628816309954396,1.03659146549067,0.0000064773330502,0.0000116947792324
MER02-NW-StevinsonMerquin,Cotton,PPIC_05_OtherField,1.7016395248374,0.628816309954396,1.03659146549067,0.0000064773330502,0.0000116947792324
MER02-NW-StevinsonMerquin,Field and Grain,PPIC_05_OtherField,1.7016395248374,0.628816309954396,1.03659146549067,0.0000064773330502,0.0000116947792324
MER02-NW-StevinsonMerquin,Safflower,PPIC_05_OtherField,1.7016395248374,0.628816309954396,1.03659146549067,0.0000064773330502,0.0000116947792324
MER02-NW-StevinsonMerquin,Sunflowers,PPIC_05_OtherField,1.7016395248374,0.628816309954396,1.03659146549067,0.0000064773330502,0.0000116947792324
MER02-NW-StevinsonMerquin,Corn,PPIC_03_Grain,1.71786187568245,0.563281134003145,0.976348593022219,0.0000014418504877,0.0000068268635051
MER02-NW-StevinsonMerquin,Rice,PPIC_03_Grain,1.71786187568245,0.563281134003145,0.976348593022219,0.0000014418504877,0.0000068268635051
MER02-NW-StevinsonMerquin,Alfalfa,PPIC_01_Feed_Crops,1.73210994923085,0.578404973378961,1.00715521935711,0.0000160715747934,0.0000218152474585
MER02-NW-StevinsonMerquin,Pasture,PPIC_01_Feed_Crops,1.73210994923085,0.578404973378961,1.00715521935711,0.0000160715747934,0.0000218152474585
MER03-SW-TurnerIs,Almonds,PPIC_04_Trees,1.60740153243631,0.691945099805778,1.06892111001069,0.0000061482613017,0.0000114783791492
MER03-SW-TurnerIs,Grapes Table,PPIC_04_Trees,1.60740153243631,0.691945099805778,1.06892111001069,0.0000061482613017,0.0000114783791492
MER03-SW-TurnerIs,Grapes Wine,PPIC_04_Trees,1.60740153243631,0.691945099805778,1.06892111001069,0.0000061482613017,0.0000114783791492
MER03-SW-TurnerIs,Orchards,PPIC_04_Trees,1.60740153243631,0.691945099805778,1.06892111001069,0.0000061482613017,0.0000114783791492
MER03-SW-TurnerIs,Pistachios,PPIC_04_Trees,1.60740153243631,0.691945099805778,1.06892111001069,0.0000061482613017,0.0000114783791492
MER03-SW-TurnerIs,Subtropical,PPIC_04_Trees,1.60740153243631,0.691945099805778,1.06892111001069,0.0000061482613017,0.0000114783791492
MER03-SW-TurnerIs,Walnuts,PPIC_04_Trees,1.60740153243631,0.691945099805778,1.06892111001069,0.0000061482613017,0.0000114783791492
MER03-SW-TurnerIs,Berries,PPIC_02_Vegetables,1.66628086715253,0.549801631775685,0.937728057541747,0.0000039251506647,0.0000091389600903
MER03-SW-TurnerIs,Cucurbits,PPIC_02_Vegetables,1.66628086715253,0.549801631775685,0.937728057541747,0.0000039251506647,0.0000091389600903
MER03-SW-TurnerIs,Lettuce,PPIC_02_Vegetables,1.66628086715253,0.549801631775685,0.937728057541747,0.0000039251506647,0.0000091389600903
MER03-SW-TurnerIs,Onions and Garlic,PPIC_02_Vegetables,1.66628086715253,0.549801631775685,0.937728057541747,0.0000039251506647,0.0000091389600903
MER03-SW-TurnerIs,Potatoes,PPIC_02_Vegetables,1.66628086715253,0.549801631775685,0.937728057541747,0.0000039251506647,0.0000091389600903
MER03-SW-TurnerIs,Tomatoes Fresh,PPIC_02_Vegetables,1.66628086715253,0.549801631775685,0.937728057541747,0.0000039251506647,0.0000091389600903
MER03-SW-TurnerIs,Tomatoes Processing,PPIC_02_Vegetables,1.66628086715253,0.549801631775685,0.937728057541747,0.0000039251506647,0.0000091389600903
MER03-SW-TurnerIs,Truck,PPIC_02_Vegetables,1.66628086715253,0.549801631775685,0.937728057541747,0.0000039251506647,0.0000091389600903
MER03-SW-TurnerIs,Beans Dry,PPIC_05_OtherField,1.7016395248374,0.628816309954396,1.03659146549067,0.0000064773330502,0.0000116947792324
MER03-SW-TurnerIs,Cotton,PPIC_05_OtherField,1.7016395248374,0.628816309954396,1.03659146549067,0.0000064773330502,0.0000116947792324
MER03-SW-TurnerIs,Field and Grain,PPIC_05_OtherField,1.7016395248374,0.628816309954396,1.03659146549067,0.0000064773330502,0.0000116947792324
MER03-SW-TurnerIs,Safflower,PPIC_05_OtherField,1.7016395248374,0.628816309954396,1.03659146549067,0.0000064773330502,0.0000116947792324
MER03-SW-TurnerIs,Sunflowers,PPIC_05_OtherField,1.7016395248374,0.628816309954396,1.03659146549067,0.0000064773330502,0.0000116947792324
MER03-SW-TurnerIs,Corn,PPIC_03_Grain,1.71786187568245,0.563281134003145,0.976348593022219,0.0000014418504877,0.0000068268635051
MER03-SW-TurnerIs,Rice,PPIC_03_Grain,1.71786187568245,0.563281134003145,0.976348593022219,0.0000014418504877,0.0000068268635051
MER03-SW-TurnerIs,Alfalfa,PPIC_01_Feed_Crops,1.73210994923085,0.578404973378961,1.00715521935711,0.0000160715747934,0.0000218152474585
MER03-SW-TurnerIs,Pasture,PPIC_01_Feed_Crops,1.73210994923085,0.578404973378961,1.00715521935711,0.0000160715747934,0.0000218152474585
MER04-RestWA,Almonds,PPIC_04_Trees,1.60740153243631,0.691945099805778,1.06892111001069,0.0000061482613017,0.0000114783791492
MER04-RestWA,Grapes Table,PPIC_04_Trees,1.60740153243631,0.691945099805778,1.06892111001069,0.0000061482613017,0.0000114783791492
MER04-RestWA,Grapes Wine,PPIC_04_Trees,1.60740153243631,0.691945099805778,1.06892111001069,0.0000061482613017,0.0000114783791492
MER04-RestWA,Orchards,PPIC_04_Trees,1.60740153243631,0.691945099805778,1.06892111001069,0.0000061482613017,0.0000114783791492
MER04-RestWA,Pistachios,PPIC_04_Trees,1.60740153243631,0.691945099805778,1.06892111001069,0.0000061482613017,0.0000114783791492
MER04-RestWA,Subtropical,PPIC_04_Trees,1.60740153243631,0.691945099805778,1.06892111001069,0.0000061482613017,0.0000114783791492
MER04-RestWA,Walnuts,PPIC_04_Trees,1.60740153243631,0.691945099805778,1.06892111001069,0.0000061482613017,0.0000114783791492
MER04-RestWA,Berries,PPIC_02_Vegetables,1.66628086715253,0.549801631775685,0.937728057541747,0.0000039251506647,0.0000091389600903
MER04-RestWA,Cucurbits,PPIC_02_Vegetables,1.66628086715253,0.549801631775685,0.937728057541747,0.0000039251506647,0.0000091389600903
MER04-RestWA,Lettuce,PPIC_02_Vegetables,1.66628086715253,0.549801631775685,0.937728057541747,0.0000039251506647,0.0000091389600903
MER04-RestWA,Onions and Garlic,PPIC_02_Vegetables,1.66628086715253,0.549801631775685,0.937728057541747,0.0000039251506647,0.0000091389600903
MER04-RestWA,Potatoes,PPIC_02_Vegetables,1.66628086715253,0.549801631775685,0.937728057541747,0.0000039251506647,0.0000091389600903
MER04-RestWA,Tomatoes Fresh,PPIC_02_Vegetables,1.66628086715253,0.549801631775685,0.937728057541747,0.0000039251506647,0.0000091389600903
MER04-RestWA,Tomatoes Processing,PPIC_02_Vegetables,1.66628086715253,0.549801631775685,0.937728057541747,0.0000039251506647,0.0000091389600903
MER04-RestWA,Truck,PPIC_02_Vegetables,1.66628086715253,0.549801631775685,0.937728057541747,0.0000039251506647,0.0000091389600903
MER04-RestWA,Beans Dry,PPIC_05_OtherField,1.7016395248374,0.628816309954396,1.03659146549067,0.0000064773330502,0.0000116947792324
MER04-RestWA,Cotton,PPIC_05_OtherField,1.7016395248374,0.628816309954396,1.03659146549067,0.0000064773330502,0.0000116947792324
MER04-RestWA,Field and Grain,PPIC_05_OtherField,1.7016395248374,0.628816309954396,1.03659146549067,0.0000064773330502,0.0000116947792324
MER04-RestWA,Safflower,PPIC_05_OtherField,1.7016395248374,0.628816309954396,1.03659146549067,0.0000064773330502,0.0000116947792324
MER04-RestWA,Sunflowers,PPIC_05_OtherField,1.7016395248374,0.628816309954396,1.03659146549067,0.0000064773330502,0.0000116947792324
MER04-RestWA,Corn,PPIC_03_Grain,1.71786187568245,0.563281134003145,0.976348593022219,0.0000014418504877,0.0000068268635051
MER04-RestWA,Rice,PPIC_03_Grain,1.71786187568245,0.563281134003145,0.976348593022219,0.0000014418504877,0.0000068268635051
MER04-RestWA,Alfalfa,PPIC_01_Feed_Crops,1.73210994923085,0.578404973378961,1.00715521935711,0.0000160715747934,0.0000218152474585
MER04-RestWA,Pasture,PPIC_01_Feed_Crops,1.73210994923085,0.578404973378961,1.00715521935711,0.0000160715747934,0.0000218152474585
MOD01-CC-OAK&MID,Almonds,PPIC_04_Trees,1.60740153243631,0.691945099805778,1.06892111001069,0.0000061482613017,0.0000114783791492
MOD01-CC-OAK&MID,Grapes Table,PPIC_04_Trees,1.60740153243631,0.691945099805778,1.06892111001069,0.0000061482613017,0.0000114783791492
MOD01-CC-OAK&MID,Grapes Wine,PPIC_04_Trees,1.60740153243631,0.691945099805778,1.06892111001069,0.0000061482613017,0.0000114783791492
MOD01-CC-OAK&MID,Orchards,PPIC_04_Trees,1.60740153243631,0.691945099805778,1.06892111001069,0.0000061482613017,0.0000114783791492
MOD01-CC-OAK&MID,Pistachios,PPIC_04_Trees,1.60740153243631,0.691945099805778,1.06892111001069,0.0000061482613017,0.0000114783791492
MOD01-CC-OAK&MID,Subtropical,PPIC_04_Trees,1.60740153243631,0.691945099805778,1.06892111001069,0.0000061482613017,0.0000114783791492
MOD01-CC-OAK&MID,Walnuts,PPIC_04_Trees,1.60740153243631,0.691945099805778,1.06892111001069,0.0000061482613017,0.0000114783791492
MOD01-CC-OAK&MID,Berries,PPIC_02_Vegetables,1.66628086715253,0.549801631775685,0.937728057541747,0.0000039251506647,0.0000091389600903
MOD01-CC-OAK&MID,Cucurbits,PPIC_02_Vegetables,1.66628086715253,0.549801631775685,0.937728057541747,0.0000039251506647,0.0000091389600903
MOD01-CC-OAK&MID,Lettuce,PPIC_02_Vegetables,1.66628086715253,0.549801631775685,0.937728057541747,0.0000039251506647,0.0000091389600903
MOD01-CC-OAK&MID,Onions and Garlic,PPIC_02_Vegetables,1.66628086715253,0.549801631775685,0.937728057541747,0.0000039251506647,0.0000091389600903
MOD01-CC-OAK&MID,Potatoes,PPIC_02_Vegetables,1.66628086715253,0.549801631775685,0.937728057541747,0.0000039251506647,0.0000091389600903
MOD01-CC-OAK&MID,Tomatoes Fresh,PPIC_02_Vegetables,1.66628086715253,0.549801631775685,0.937728057541747,0.0000039251506647,0.0000091389600903
MOD01-CC-OAK&MID,Tomatoes Processing,PPIC_02_Vegetables,1.66628086715253,0.549801631775685,0.937728057541747,0.0000039251506647,0.0000091389600903
MOD01-CC-OAK&MID,Truck,PPIC_02_Vegetables,1.66628086715253,0.549801631775685,0.937728057541747,0.0000039251506647,0.0000091389600903
MOD01-CC-OAK&MID,Beans Dry,PPIC_05_OtherField,1.7016395248374,0.628816309954396,1.03659146549067,0.0000064773330502,0.0000116947792324
MOD01-CC-OAK&MID,Cotton,PPIC_05_OtherField,1.7016395248374,0.628816309954396,1.03659146549067,0.0000064773330502,0.0000116947792324
MOD01-CC-OAK&MID,Field and Grain,PPIC_05_OtherField,1.7016395248374,0.628816309954396,1.03659146549067,0.0000064773330502,0.0000116947792324
MOD01-CC-OAK&MID,Safflower,PPIC_05_OtherField,1.7016395248374,0.628816309954396,1.03659146549067,0.0000064773330502,0.0000116947792324
MOD01-CC-OAK&MID,Sunflowers,PPIC_05_OtherField,1.7016395248374,0.628816309954396,1.03659146549067,0.0000064773330502,0.0000116947792324
MOD01-CC-OAK&MID,Corn,PPIC_03_Grain,1.71786187568245,0.563281134003145,0.976348593022219,0.0000014418504877,0.0000068268635051
MOD01-CC-OAK&MID,Rice,PPIC_03_Grain,1.71786187568245,0.563281134003145,0.976348593022219,0.0000014418504877,0.0000068268635051
MOD01-CC-OAK&MID,Alfalfa,PPIC_01_Feed_Crops,1.73210994923085,0.578404973378961,1.00715521935711,0.0000160715747934,0.0000218152474585
MOD01-CC-OAK&MID,Pasture,PPIC_01_Feed_Crops,1.73210994923085,0.578404973378961,1.00715521935711,0.0000160715747934,0.0000218152474585
MOD02-E&W-WA,Almonds,PPIC_04_Trees,1.60740153243631,0.691945099805778,1.06892111001069,0.0000061482613017,0.0000114783791492
MOD02-E&W-WA,Grapes Table,PPIC_04_Trees,1.60740153243631,0.691945099805778,1.06892111001069,0.0000061482613017,0.0000114783791492
MOD02-E&W-WA,Grapes Wine,PPIC_04_Trees,1.60740153243631,0.691945099805778,1.06892111001069,0.0000061482613017,0.0000114783791492
MOD02-E&W-WA,Orchards,PPIC_04_Trees,1.60740153243631,0.691945099805778,1.06892111001069,0.0000061482613017,0.0000114783791492
MOD02-E&W-WA,Pistachios,PPIC_04_Trees,1.60740153243631,0.691945099805778,1.06892111001069,0.0000061482613017,0.0000114783791492
MOD02-E&W-WA,Subtropical,PPIC_04_Trees,1.60740153243631,0.691945099805778,1.06892111001069,0.0000061482613017,0.0000114783791492
MOD02-E&W-WA,Walnuts,PPIC_04_Trees,1.60740153243631,0.691945099805778,1.06892111001069,0.0000061482613017,0.0000114783791492
MOD02-E&W-WA,Berries,PPIC_02_Vegetables,1.66628086715253,0.549801631775685,0.937728057541747,0.0000039251506647,0.0000091389600903
MOD02-E&W-WA,Cucurbits,PPIC_02_Vegetables,1.66628086715253,0.549801631775685,0.937728057541747,0.0000039251506647,0.0000091389600903
MOD02-E&W-WA,Lettuce,PPIC_02_Vegetables,1.66628086715253,0.549801631775685,0.937728057541747,0.0000039251506647,0.0000091389600903
MOD02-E&W-WA,Onions and Garlic,PPIC_02_Vegetables,1.66628086715253,0.549801631775685,0.937728057541747,0.0000039251506647,0.0000091389600903
MOD02-E&W-WA,Potatoes,PPIC_02_Vegetables,1.66628086715253,0.549801631775685,0.937728057541747,0.0000039251506647,0.0000091389600903
MOD02-E&W-WA,Tomatoes Fresh,PPIC_02_Vegetables,1.66628086715253,0.549801631775685,0.937728057541747,0.0000039251506647,0.0000091389600903
MOD02-E&W-WA,Tomatoes Processing,PPIC_02_Vegetables,1.66628086715253,0.549801631775685,0.937728057541747,0.0000039251506647,0.0000091389600903
MOD02-E&W-WA,Truck,PPIC_02_Vegetables,1.66628086715253,0.549801631775685,0.937728057541747,0.0000039251506647,0.0000091389600903
MOD02-E&W-WA,Beans Dry,PPIC_05_OtherField,1.7016395248374,0.628816309954396,1.03659146549067,0.0000064773330502,0.0000116947792324
MOD02-E&W-WA,Cotton,PPIC_05_OtherField,1.7016395248374,0.628816309954396,1.03659146549067,0.0000064773330502,0.0000116947792324
MOD02-E&W-WA,Field and Grain,PPIC_05_OtherField,1.7016395248374,0.628816309954396,1.03659146549067,0.0000064773330502,0.0000116947792324
MOD02-E&W-WA,Safflower,PPIC_05_OtherField,1.7016395248374,0.628816309954396,1.03659146549067,0.0000064773330502,0.0000116947792324
MOD02-E&W-WA,Sunflowers,PPIC_05_OtherField,1.7016395248374,0.628816309954396,1.03659146549067,0.0000064773330502,0.0000116947792324
MOD02-E&W-WA,Corn,PPIC_03_Grain,1.71786187568245,0.563281134003145,0.976348593022219,0.0000014418504877,0.0000068268635051
MOD02-E&W-WA,Rice,PPIC_03_Grain,1.71786187568245,0.563281134003145,0.976348593022219,0.0000014418504877,0.0000068268635051
MOD02-E&W-WA,Alfalfa,PPIC_01_Feed_Crops,1.73210994923085,0.578404973378961,1.00715521935711,0.0000160715747934,0.0000218152474585
MOD02-E&W-WA,Pasture,PPIC_01_Feed_Crops,1.73210994923085,0.578404973378961,1.00715521935711,0.0000160715747934,0.0000218152474585
NAM01-IDs,Beans Dry,PPIC_05_OtherField,1.48042893228129,0.885604107695223,1.17631974615459,0.0000014521670601,0.0000045694202856
NAM01-IDs,Cotton,PPIC_05_OtherField,1.48042893228129,0.885604107695223,1.17631974615459,0.0000014521670601,0.0000045694202856
NAM01-IDs,Field and Grain,PPIC_05_OtherField,1.48042893228129,0.885604107695223,1.17631974615459,0.0000014521670601,0.0000045694202856
NAM01-IDs,Safflower,PPIC_05_OtherField,1.48042893228129,0.885604107695223,1.17631974615459,0.0000014521670601,0.0000045694202856
NAM01-IDs,Sunflowers,PPIC_05_OtherField,1.48042893228129,0.885604107695223,1.17631974615459,0.0000014521670601,0.0000045694202856
NAM01-IDs,Almonds,PPIC_04_Trees,1.61984788457122,0.692275371065863,1.08465708966897,0.0000090683511071,0.0000139457786238
NAM01-IDs,Grapes Table,PPIC_04_Trees,1.61984788457122,0.692275371065863,1.08465708966897,0.0000090683511071,0.0000139457786238
NAM01-IDs,Grapes Wine,PPIC_04_Trees,1.61984788457122,0.692275371065863,1.08465708966897,0.0000090683511071,0.0000139457786238
NAM01-IDs,Orchards,PPIC_04_Trees,1.61984788457122,0.692275371065863,1.08465708966897,0.0000090683511071,0.0000139457786238
NAM01-IDs,Pistachios,PPIC_04_Trees,1.61984788457122,0.692275371065863,1.08465708966897,0.0000090683511071,0.0000139457786238
NAM01-IDs,Subtropical,PPIC_04_Trees,1.61984788457122,0.692275371065863,1.08465708966897,0.0000090683511071,0.0000139457786238
NAM01-IDs,Walnuts,PPIC_04_Trees,1.61984788457122,0.692275371065863,1.08465708966897,0.0000090683511071,0.0000139457786238
NAM01-IDs,Berries,PPIC_02_Vegetables,1.7034434239029,0.549801686728929,0.971795820804474,0.0000049695172853,0.0000099109114865
NAM01-IDs,Cucurbits,PPIC_02_Vegetables,1.7034434239029,0.549801686728929,0.971795820804474,0.0000049695172853,0.0000099109114865
NAM01-IDs,Lettuce,PPIC_02_Vegetables,1.7034434239029,0.549801686728929,0.971795820804474,0.0000049695172853,0.0000099109114865
NAM01-IDs,Onions and Garlic,PPIC_02_Vegetables,1.7034434239029,0.549801686728929,0.971795820804474,0.0000049695172853,0.0000099109114865
NAM01-IDs,Potatoes,PPIC_02_Vegetables,1.7034434239029,0.549801686728929,0.971795820804474,0.0000049695172853,0.0000099109114865
NAM01-IDs,Tomatoes Fresh,PPIC_02_Vegetables,1.7034434239029,0.549801686728929,0.971795820804474,0.0000049695172853,0.0000099109114865
NAM01-IDs,Tomatoes Processing,PPIC_02_Vegetables,1.7034434239029,0.549801686728929,0.971795820804474,0.0000049695172853,0.0000099109114865
NAM01-IDs,Truck,PPIC_02_Vegetables,1.7034434239029,0.549801686728929,0.971795820804474,0.0000049695172853,0.0000099109114865
NAM01-IDs,Corn,PPIC_03_Grain,1.73391190502281,0.563281167375603,1.00026595495366,0.0000020679451474,0.0000070425164941
NAM01-IDs,Rice,PPIC_03_Grain,1.73391190502281,0.563281167375603,1.00026595495366,0.0000020679451474,0.0000070425164941
NAM01-IDs,Alfalfa,PPIC_01_Feed_Crops,1.88958912121113,0.57840494843677,1.11175872273374,0.0000338773582163,0.0000400034987227
NAM01-IDs,Pasture,PPIC_01_Feed_Crops,1.88958912121113,0.57840494843677,1.11175872273374,0.0000338773582163,0.0000400034987227
NAM02-WAs,Beans Dry,PPIC_05_OtherField,1.48042893228129,0.885604107695223,1.17631974615459,0.0000014521670601,0.0000045694202856
NAM02-WAs,Cotton,PPIC_05_OtherField,1.48042893228129,0.885604107695223,1.17631974615459,0.0000014521670601,0.0000045694202856
NAM02-WAs,Field and Grain,PPIC_05_OtherField,1.48042893228129,0.885604107695223,1.17631974615459,0.0000014521670601,0.0000045694202856
NAM02-WAs,Safflower,PPIC_05_OtherField,1.48042893228129,0.885604107695223,1.17631974615459,0.0000014521670601,0.0000045694202856
NAM02-WAs,Sunflowers,PPIC_05_OtherField,1.48042893228129,0.885604107695223,1.17631974615459,0.0000014521670601,0.0000045694202856
NAM02-WAs,Almonds,PPIC_04_Trees,1.61984788457122,0.692275371065863,1.08465708966897,0.0000090683511071,0.0000139457786238
NAM02-WAs,Grapes Table,PPIC_04_Trees,1.61984788457122,0.692275371065863,1.08465708966897,0.0000090683511071,0.0000139457786238
NAM02-WAs,Grapes Wine,PPIC_04_Trees,1.61984788457122,0.692275371065863,1.08465708966897,0.0000090683511071,0.0000139457786238
NAM02-WAs,Orchards,PPIC_04_Trees,1.61984788457122,0.692275371065863,1.08465708966897,0.0000090683511071,0.0000139457786238
NAM02-WAs,Pistachios,PPIC_04_Trees,1.61984788457122,0.692275371065863,1.08465708966897,0.0000090683511071,0.0000139457786238
NAM02-WAs,Subtropical,PPIC_04_Trees,1.61984788457122,0.692275371065863,1.08465708966897,0.0000090683511071,0.0000139457786238
NAM02-WAs,Walnuts,PPIC_04_Trees,1.61984788457122,0.692275371065863,1.08465708966897,0.0000090683511071,0.0000139457786238
NAM02-WAs,Berries,PPIC_02_Vegetables,1.7034434239029,0.549801686728929,0.971795820804474,0.0000049695172853,0.0000099109114865
NAM02-WAs,Cucurbits,PPIC_02_Vegetables,1.7034434239029,0.549801686728929,0.971795820804474,0.0000049695172853,0.0000099109114865
NAM02-WAs,Lettuce,PPIC_02_Vegetables,1.7034434239029,0.549801686728929,0.971795820804474,0.0000049695172853,0.0000099109114865
NAM02-WAs,Onions and Garlic,PPIC_02_Vegetables,1.7034434239029,0.549801686728929,0.971795820804474,0.0000049695172853,0.0000099109114865
NAM02-WAs,Potatoes,PPIC_02_Vegetables,1.7034434239029,0.549801686728929,0.971795820804474,0.0000049695172853,0.0000099109114865
NAM02-WAs,Tomatoes Fresh,PPIC_02_Vegetables,1.7034434239029,0.549801686728929,0.971795820804474,0.0000049695172853,0.0000099109114865
NAM02-WAs,Tomatoes Processing,PPIC_02_Vegetables,1.7034434239029,0.549801686728929,0.971795820804474,0.0000049695172853,0.0000099109114865
NAM02-WAs,Truck,PPIC_02_Vegetables,1.7034434239029,0.549801686728929,0.971795820804474,0.0000049695172853,0.0000099109114865
NAM02-WAs,Corn,PPIC_03_Grain,1.73391190502281,0.563281167375603,1.00026595495366,0.0000020679451474,0.0000070425164941
NAM02-WAs,Rice,PPIC_03_Grain,1.73391190502281,0.563281167375603,1.00026595495366,0.0000020679451474,0.0000070425164941
NAM02-WAs,Alfalfa,PPIC_01_Feed_Crops,1.88958912121113,0.57840494843677,1.11175872273374,0.0000338773582163,0.0000400034987227
NAM02-WAs,Pasture,PPIC_01_Feed_Crops,1.88958912121113,0.57840494843677,1.11175872273374,0.0000338773582163,0.0000400034987227
NYB01-CE-IDs,Beans Dry,PPIC_05_OtherField,1.48042893228129,0.885604107695223,1.17631974615459,0.0000014521670601,0.0000045694202856
NYB01-CE-IDs,Cotton,PPIC_05_OtherField,1.48042893228129,0.885604107695223,1.17631974615459,0.0000014521670601,0.0000045694202856
NYB01-CE-IDs,Field and Grain,PPIC_05_OtherField,1.48042893228129,0.885604107695223,1.17631974615459,0.0000014521670601,0.0000045694202856
NYB01-CE-IDs,Safflower,PPIC_05_OtherField,1.48042893228129,0.885604107695223,1.17631974615459,0.0000014521670601,0.0000045694202856
NYB01-CE-IDs,Sunflowers,PPIC_05_OtherField,1.48042893228129,0.885604107695223,1.17631974615459,0.0000014521670601,0.0000045694202856
NYB01-CE-IDs,Almonds,PPIC_04_Trees,1.61984788457122,0.692275371065863,1.08465708966897,0.0000090683511071,0.0000139457786238
NYB01-CE-IDs,Grapes Table,PPIC_04_Trees,1.61984788457122,0.692275371065863,1.08465708966897,0.0000090683511071,0.0000139457786238
NYB01-CE-IDs,Grapes Wine,PPIC_04_Trees,1.61984788457122,0.692275371065863,1.08465708966897,0.0000090683511071,0.0000139457786238
NYB01-CE-IDs,Orchards,PPIC_04_Trees,1.61984788457122,0.692275371065863,1.08465708966897,0.0000090683511071,0.0000139457786238
NYB01-CE-IDs,Pistachios,PPIC_04_Trees,1.61984788457122,0.692275371065863,1.08465708966897,0.0000090683511071,0.0000139457786238
NYB01-CE-IDs,Subtropical,PPIC_04_Trees,1.61984788457122,0.692275371065863,1.08465708966897,0.0000090683511071,0.0000139457786238
NYB01-CE-IDs,Walnuts,PPIC_04_Trees,1.61984788457122,0.692275371065863,1.08465708966897,0.0000090683511071,0.0000139457786238
NYB01-CE-IDs,Berries,PPIC_02_Vegetables,1.7034434239029,0.549801686728929,0.971795820804474,0.0000049695172853,0.0000099109114865
NYB01-CE-IDs,Cucurbits,PPIC_02_Vegetables,1.7034434239029,0.549801686728929,0.971795820804474,0.0000049695172853,0.0000099109114865
NYB01-CE-IDs,Lettuce,PPIC_02_Vegetables,1.7034434239029,0.549801686728929,0.971795820804474,0.0000049695172853,0.0000099109114865
NYB01-CE-IDs,Onions and Garlic,PPIC_02_Vegetables,1.7034434239029,0.549801686728929,0.971795820804474,0.0000049695172853,0.0000099109114865
NYB01-CE-IDs,Potatoes,PPIC_02_Vegetables,1.7034434239029,0.549801686728929,0.971795820804474,0.0000049695172853,0.0000099109114865
NYB01-CE-IDs,Tomatoes Fresh,PPIC_02_Vegetables,1.7034434239029,0.549801686728929,0.971795820804474,0.0000049695172853,0.0000099109114865
NYB01-CE-IDs,Tomatoes Processing,PPIC_02_Vegetables,1.7034434239029,0.549801686728929,0.971795820804474,0.0000049695172853,0.0000099109114865
NYB01-CE-IDs,Truck,PPIC_02_Vegetables,1.7034434239029,0.549801686728929,0.971795820804474,0.0000049695172853,0.0000099109114865
NYB01-CE-IDs,Corn,PPIC_03_Grain,1.73391190502281,0.563281167375603,1.00026595495366,0.0000020679451474,0.0000070425164941
NYB01-CE-IDs,Rice,PPIC_03_Grain,1.73391190502281,0.563281167375603,1.00026595495366,0.0000020679451474,0.0000070425164941
NYB01-CE-IDs,Alfalfa,PPIC_01_Feed_Crops,1.88958912121113,0.57840494843677,1.11175872273374,0.0000338773582163,0.0000400034987227
NYB01-CE-IDs,Pasture,PPIC_01_Feed_Crops,1.88958912121113,0.57840494843677,1.11175872273374,0.0000338773582163,0.0000400034987227
NYB02-CW-WAs,Beans Dry,PPIC_05_OtherField,1.48042893228129,0.885604107695223,1.17631974615459,0.0000014521670601,0.0000045694202856
NYB02-CW-WAs,Cotton,PPIC_05_OtherField,1.48042893228129,0.885604107695223,1.17631974615459,0.0000014521670601,0.0000045694202856
NYB02-CW-WAs,Field and Grain,PPIC_05_OtherField,1.48042893228129,0.885604107695223,1.17631974615459,0.0000014521670601,0.0000045694202856
NYB02-CW-WAs,Safflower,PPIC_05_OtherField,1.48042893228129,0.885604107695223,1.17631974615459,0.0000014521670601,0.0000045694202856
NYB02-CW-WAs,Sunflowers,PPIC_05_OtherField,1.48042893228129,0.885604107695223,1.17631974615459,0.0000014521670601,0.0000045694202856
NYB02-CW-WAs,Almonds,PPIC_04_Trees,1.61984788457122,0.692275371065863,1.08465708966897,0.0000090683511071,0.0000139457786238
NYB02-CW-WAs,Grapes Table,PPIC_04_Trees,1.61984788457122,0.692275371065863,1.08465708966897,0.0000090683511071,0.0000139457786238
NYB02-CW-WAs,Grapes Wine,PPIC_04_Trees,1.61984788457122,0.692275371065863,1.08465708966897,0.0000090683511071,0.0000139457786238
NYB02-CW-WAs,Orchards,PPIC_04_Trees,1.61984788457122,0.692275371065863,1.08465708966897,0.0000090683511071,0.0000139457786238
NYB02-CW-WAs,Pistachios,PPIC_04_Trees,1.61984788457122,0.692275371065863,1.08465708966897,0.0000090683511071,0.0000139457786238
NYB02-CW-WAs,Subtropical,PPIC_04_Trees,1.61984788457122,0.692275371065863,1.08465708966897,0.0000090683511071,0.0000139457786238
NYB02-CW-WAs,Walnuts,PPIC_04_Trees,1.61984788457122,0.692275371065863,1.08465708966897,0.0000090683511071,0.0000139457786238
NYB02-CW-WAs,Berries,PPIC_02_Vegetables,1.7034434239029,0.549801686728929,0.971795820804474,0.0000049695172853,0.0000099109114865
NYB02-CW-WAs,Cucurbits,PPIC_02_Vegetables,1.7034434239029,0.549801686728929,0.971795820804474,0.0000049695172853,0.0000099109114865
NYB02-CW-WAs,Lettuce,PPIC_02_Vegetables,1.7034434239029,0.549801686728929,0.971795820804474,0.0000049695172853,0.0000099109114865
NYB02-CW-WAs,Onions and Garlic,PPIC_02_Vegetables,1.7034434239029,0.549801686728929,0.971795820804474,0.0000049695172853,0.0000099109114865
NYB02-CW-WAs,Potatoes,PPIC_02_Vegetables,1.7034434239029,0.549801686728929,0.971795820804474,0.0000049695172853,0.0000099109114865
NYB02-CW-WAs,Tomatoes Fresh,PPIC_02_Vegetables,1.7034434239029,0.549801686728929,0.971795820804474,0.0000049695172853,0.0000099109114865
NYB02-CW-WAs,Tomatoes Processing,PPIC_02_Vegetables,1.7034434239029,0.549801686728929,0.971795820804474,0.0000049695172853,0.0000099109114865
NYB02-CW-WAs,Truck,PPIC_02_Vegetables,1.7034434239029,0.549801686728929,0.971795820804474,0.0000049695172853,0.0000099109114865
NYB02-CW-WAs,Corn,PPIC_03_Grain,1.73391190502281,0.563281167375603,1.00026595495366,0.0000020679451474,0.0000070425164941
NYB02-CW-WAs,Rice,PPIC_03_Grain,1.73391190502281,0.563281167375603,1.00026595495366,0.0000020679451474,0.0000070425164941
NYB02-CW-WAs,Alfalfa,PPIC_01_Feed_Crops,1.88958912121113,0.57840494843677,1.11175872273374,0.0000338773582163,0.0000400034987227
NYB02-CW-WAs,Pasture,PPIC_01_Feed_Crops,1.88958912121113,0.57840494843677,1.11175872273374,0.0000338773582163,0.0000400034987227
RBF01-FULL,Beans Dry,PPIC_05_OtherField,1.48042893228129,0.885604107695223,1.17631974615459,0.0000014521670601,0.0000045694202856
RBF01-FULL,Cotton,PPIC_05_OtherField,1.48042893228129,0.885604107695223,1.17631974615459,0.0000014521670601,0.0000045694202856
RBF01-FULL,Field and Grain,PPIC_05_OtherField,1.48042893228129,0.885604107695223,1.17631974615459,0.0000014521670601,0.0000045694202856
RBF01-FULL,Safflower,PPIC_05_OtherField,1.48042893228129,0.885604107695223,1.17631974615459,0.0000014521670601,0.0000045694202856
RBF01-FULL,Sunflowers,PPIC_05_OtherField,1.48042893228129,0.885604107695223,1.17631974615459,0.0000014521670601,0.0000045694202856
RBF01-FULL,Almonds,PPIC_04_Trees,1.61984788457122,0.692275371065863,1.08465708966897,0.0000090683511071,0.0000139457786238
RBF01-FULL,Grapes Table,PPIC_04_Trees,1.61984788457122,0.692275371065863,1.08465708966897,0.0000090683511071,0.0000139457786238
RBF01-FULL,Grapes Wine,PPIC_04_Trees,1.61984788457122,0.692275371065863,1.08465708966897,0.0000090683511071,0.0000139457786238
RBF01-FULL,Orchards,PPIC_04_Trees,1.61984788457122,0.692275371065863,1.08465708966897,0.0000090683511071,0.0000139457786238
RBF01-FULL,Pistachios,PPIC_04_Trees,1.61984788457122,0.692275371065863,1.08465708966897,0.0000090683511071,0.0000139457786238
RBF01-FULL,Subtropical,PPIC_04_Trees,1.61984788457122,0.692275371065863,1.08465708966897,0.0000090683511071,0.0000139457786238
RBF01-FULL,Walnuts,PPIC_04_Trees,1.61984788457122,0.692275371065863,1.08465708966897,0.0000090683511071,0.0000139457786238
RBF01-FULL,Berries,PPIC_02_Vegetables,1.7034434239029,0.549801686728929,0.971795820804474,0.0000049695172853,0.0000099109114865
RBF01-FULL,Cucurbits,PPIC_02_Vegetables,1.7034434239029,0.549801686728929,0.971795820804474,0.0000049695172853,0.0000099109114865
RBF01-FULL,Lettuce,PPIC_02_Vegetables,1.7034434239029,0.549801686728929,0.971795820804474,0.0000049695172853,0.0000099109114865
RBF01-FULL,Onions and Garlic,PPIC_02_Vegetables,1.7034434239029,0.549801686728929,0.971795820804474,0.0000049695172853,0.0000099109114865
RBF01-FULL,Potatoes,PPIC_02_Vegetables,1.7034434239029,0.549801686728929,0.971795820804474,0.0000049695172853,0.0000099109114865
RBF01-FULL,Tomatoes Fresh,PPIC_02_Vegetables,1.7034434239029,0.549801686728929,0.971795820804474,0.0000049695172853,0.0000099109114865
RBF01-FULL,Tomatoes Processing,PPIC_02_Vegetables,1.7034434239029,0.549801686728929,0.971795820804474,0.0000049695172853,0.0000099109114865
RBF01-FULL,Truck,PPIC_02_Vegetables,1.7034434239029,0.549801686728929,0.971795820804474,0.0000049695172853,0.0000099109114865
RBF01-FULL,Corn,PPIC_03_Grain,1.73391190502281,0.563281167375603,1.00026595495366,0.0000020679451474,0.0000070425164941
RBF01-FULL,Rice,PPIC_03_Grain,1.73391190502281,0.563281167375603,1.00026595495366,0.0000020679451474,0.0000070425164941
RBF01-FULL,Alfalfa,PPIC_01_Feed_Crops,1.88958912121113,0.57840494843677,1.11175872273374,0.0000338773582163,0.0000400034987227
RBF01-FULL,Pasture,PPIC_01_Feed_Crops,1.88958912121113,0.57840494843677,1.11175872273374,0.0000338773582163,0.0000400034987227
SAM01-IDs,Beans Dry,PPIC_05_OtherField,1.48042893228129,0.885604107695223,1.17631974615459,0.0000014521670601,0.0000045694202856
SAM01-IDs,Cotton,PPIC_05_OtherField,1.48042893228129,0.885604107695223,1.17631974615459,0.0000014521670601,0.0000045694202856
SAM01-IDs,Field and Grain,PPIC_05_OtherField,1.48042893228129,0.885604107695223,1.17631974615459,0.0000014521670601,0.0000045694202856
SAM01-IDs,Safflower,PPIC_05_OtherField,1.48042893228129,0.885604107695223,1.17631974615459,0.0000014521670601,0.0000045694202856
SAM01-IDs,Sunflowers,PPIC_05_OtherField,1.48042893228129,0.885604107695223,1.17631974615459,0.0000014521670601,0.0000045694202856
SAM01-IDs,Almonds,PPIC_04_Trees,1.61984788457122,0.692275371065863,1.08465708966897,0.0000090683511071,0.0000139457786238
SAM01-IDs,Grapes Table,PPIC_04_Trees,1.61984788457122,0.692275371065863,1.08465708966897,0.0000090683511071,0.0000139457786238
SAM01-IDs,Grapes Wine,PPIC_04_Trees,1.61984788457122,0.692275371065863,1.08465708966897,0.0000090683511071,0.0000139457786238
SAM01-IDs,Orchards,PPIC_04_Trees,1.61984788457122,0.692275371065863,1.08465708966897,0.0000090683511071,0.0000139457786238
SAM01-IDs,Pistachios,PPIC_04_Trees,1.61984788457122,0.692275371065863,1.08465708966897,0.0000090683511071,0.0000139457786238
SAM01-IDs,Subtropical,PPIC_04_Trees,1.61984788457122,0.692275371065863,1.08465708966897,0.0000090683511071,0.0000139457786238
SAM01-IDs,Walnuts,PPIC_04_Trees,1.61984788457122,0.692275371065863,1.08465708966897,0.0000090683511071,0.0000139457786238
SAM01-IDs,Berries,PPIC_02_Vegetables,1.7034434239029,0.549801686728929,0.971795820804474,0.0000049695172853,0.0000099109114865
SAM01-IDs,Cucurbits,PPIC_02_Vegetables,1.7034434239029,0.549801686728929,0.971795820804474,0.0000049695172853,0.0000099109114865
SAM01-IDs,Lettuce,PPIC_02_Vegetables,1.7034434239029,0.549801686728929,0.971795820804474,0.0000049695172853,0.0000099109114865
SAM01-IDs,Onions and Garlic,PPIC_02_Vegetables,1.7034434239029,0.549801686728929,0.971795820804474,0.0000049695172853,0.0000099109114865
SAM01-IDs,Potatoes,PPIC_02_Vegetables,1.7034434239029,0.549801686728929,0.971795820804474,0.0000049695172853,0.0000099109114865
SAM01-IDs,Tomatoes Fresh,PPIC_02_Vegetables,1.7034434239029,0.549801686728929,0.971795820804474,0.0000049695172853,0.0000099109114865
SAM01-IDs,Tomatoes Processing,PPIC_02_Vegetables,1.7034434239029,0.549801686728929,0.971795820804474,0.0000049695172853,0.0000099109114865
SAM01-IDs,Truck,PPIC_02_Vegetables,1.7034434239029,0.549801686728929,0.971795820804474,0.0000049695172853,0.0000099109114865
SAM01-IDs,Corn,PPIC_03_Grain,1.73391190502281,0.563281167375603,1.00026595495366,0.0000020679451474,0.0000070425164941
SAM01-IDs,Rice,PPIC_03_Grain,1.73391190502281,0.563281167375603,1.00026595495366,0.0000020679451474,0.0000070425164941
SAM01-IDs,Alfalfa,PPIC_01_Feed_Crops,1.88958912121113,0.57840494843677,1.11175872273374,0.0000338773582163,0.0000400034987227
SAM01-IDs,Pasture,PPIC_01_Feed_Crops,1.88958912121113,0.57840494843677,1.11175872273374,0.0000338773582163,0.0000400034987227
SAM02-WAs,Beans Dry,PPIC_05_OtherField,1.48042893228129,0.885604107695223,1.17631974615459,0.0000014521670601,0.0000045694202856
SAM02-WAs,Cotton,PPIC_05_OtherField,1.48042893228129,0.885604107695223,1.17631974615459,0.0000014521670601,0.0000045694202856
SAM02-WAs,Field and Grain,PPIC_05_OtherField,1.48042893228129,0.885604107695223,1.17631974615459,0.0000014521670601,0.0000045694202856
SAM02-WAs,Safflower,PPIC_05_OtherField,1.48042893228129,0.885604107695223,1.17631974615459,0.0000014521670601,0.0000045694202856
SAM02-WAs,Sunflowers,PPIC_05_OtherField,1.48042893228129,0.885604107695223,1.17631974615459,0.0000014521670601,0.0000045694202856
SAM02-WAs,Almonds,PPIC_04_Trees,1.61984788457122,0.692275371065863,1.08465708966897,0.0000090683511071,0.0000139457786238
SAM02-WAs,Grapes Table,PPIC_04_Trees,1.61984788457122,0.692275371065863,1.08465708966897,0.0000090683511071,0.0000139457786238
SAM02-WAs,Grapes Wine,PPIC_04_Trees,1.61984788457122,0.692275371065863,1.08465708966897,0.0000090683511071,0.0000139457786238
SAM02-WAs,Orchards,PPIC_04_Trees,1.61984788457122,0.692275371065863,1.08465708966897,0.0000090683511071,0.0000139457786238
SAM02-WAs,Pistachios,PPIC_04_Trees,1.61984788457122,0.692275371065863,1.08465708966897,0.0000090683511071,0.0000139457786238
SAM02-WAs,Subtropical,PPIC_04_Trees,1.61984788457122,0.692275371065863,1.08465708966897,0.0000090683511071,0.0000139457786238
SAM02-WAs,Walnuts,PPIC_04_Trees,1.61984788457122,0.692275371065863,1.08465708966897,0.0000090683511071,0.0000139457786238
SAM02-WAs,Berries,PPIC_02_Vegetables,1.7034434239029,0.549801686728929,0.971795820804474,0.0000049695172853,0.0000099109114865
SAM02-WAs,Cucurbits,PPIC_02_Vegetables,1.7034434239029,0.549801686728929,0.971795820804474,0.0000049695172853,0.0000099109114865
SAM02-WAs,Lettuce,PPIC_02_Vegetables,1.7034434239029,0.549801686728929,0.971795820804474,0.0000049695172853,0.0000099109114865
SAM02-WAs,Onions and Garlic,PPIC_02_Vegetables,1.7034434239029,0.549801686728929,0.971795820804474,0.0000049695172853,0.0000099109114865
SAM02-WAs,Potatoes,PPIC_02_Vegetables,1.7034434239029,0.549801686728929,0.971795820804474,0.0000049695172853,0.0000099109114865
SAM02-WAs,Tomatoes Fresh,PPIC_02_Vegetables,1.7034434239029,0.549801686728929,0.971795820804474,0.0000049695172853,0.0000099109114865
SAM02-WAs,Tomatoes Processing,PPIC_02_Vegetables,1.7034434239029,0.549801686728929,0.971795820804474,0.0000049695172853,0.0000099109114865
SAM02-WAs,Truck,PPIC_02_Vegetables,1.7034434239029,0.549801686728929,0.971795820804474,0.0000049695172853,0.0000099109114865
SAM02-WAs,Corn,PPIC_03_Grain,1.73391190502281,0.563281167375603,1.00026595495366,0.0000020679451474,0.0000070425164941
SAM02-WAs,Rice,PPIC_03_Grain,1.73391190502281,0.563281167375603,1.00026595495366,0.0000020679451474,0.0000070425164941
SAM02-WAs,Alfalfa,PPIC_01_Feed_Crops,1.88958912121113,0.57840494843677,1.11175872273374,0.0000338773582163,0.0000400034987227
SAM02-WAs,Pasture,PPIC_01_Feed_Crops,1.88958912121113,0.57840494843677,1.11175872273374,0.0000338773582163,0.0000400034987227
SLN01-SE-IDs,Beans Dry,PPIC_05_OtherField,1.48042893228129,0.885604107695223,1.17631974615459,0.0000014521670601,0.0000045694202856
SLN01-SE-IDs,Cotton,PPIC_05_OtherField,1.48042893228129,0.885604107695223,1.17631974615459,0.0000014521670601,0.0000045694202856
SLN01-SE-IDs,Field and Grain,PPIC_05_OtherField,1.48042893228129,0.885604107695223,1.17631974615459,0.0000014521670601,0.0000045694202856
SLN01-SE-IDs,Safflower,PPIC_05_OtherField,1.48042893228129,0.885604107695223,1.17631974615459,0.0000014521670601,0.0000045694202856
SLN01-SE-IDs,Sunflowers,PPIC_05_OtherField,1.48042893228129,0.885604107695223,1.17631974615459,0.0000014521670601,0.0000045694202856
SLN01-SE-IDs,Almonds,PPIC_04_Trees,1.61984788457122,0.692275371065863,1.08465708966897,0.0000090683511071,0.0000139457786238
SLN01-SE-IDs,Grapes Table,PPIC_04_Trees,1.61984788457122,0.692275371065863,1.08465708966897,0.0000090683511071,0.0000139457786238
SLN01-SE-IDs,Grapes Wine,PPIC_04_Trees,1.61984788457122,0.692275371065863,1.08465708966897,0.0000090683511071,0.0000139457786238
SLN01-SE-IDs,Orchards,PPIC_04_Trees,1.61984788457122,0.692275371065863,1.08465708966897,0.0000090683511071,0.0000139457786238
SLN01-SE-IDs,Pistachios,PPIC_04_Trees,1.61984788457122,0.692275371065863,1.08465708966897,0.0000090683511071,0.0000139457786238
SLN01-SE-IDs,Subtropical,PPIC_04_Trees,1.61984788457122,0.692275371065863,1.08465708966897,0.0000090683511071,0.0000139457786238
SLN01-SE-IDs,Walnuts,PPIC_04_Trees,1.61984788457122,0.692275371065863,1.08465708966897,0.0000090683511071,0.0000139457786238
SLN01-SE-IDs,Berries,PPIC_02_Vegetables,1.7034434239029,0.549801686728929,0.971795820804474,0.0000049695172853,0.0000099109114865
SLN01-SE-IDs,Cucurbits,PPIC_02_Vegetables,1.7034434239029,0.549801686728929,0.971795820804474,0.0000049695172853,0.0000099109114865
SLN01-SE-IDs,Lettuce,PPIC_02_Vegetables,1.7034434239029,0.549801686728929,0.971795820804474,0.0000049695172853,0.0000099109114865
SLN01-SE-IDs,Onions and Garlic,PPIC_02_Vegetables,1.7034434239029,0.549801686728929,0.971795820804474,0.0000049695172853,0.0000099109114865
SLN01-SE-IDs,Potatoes,PPIC_02_Vegetables,1.7034434239029,0.549801686728929,0.971795820804474,0.0000049695172853,0.0000099109114865
SLN01-SE-IDs,Tomatoes Fresh,PPIC_02_Vegetables,1.7034434239029,0.549801686728929,0.971795820804474,0.0000049695172853,0.0000099109114865
SLN01-SE-IDs,Tomatoes Processing,PPIC_02_Vegetables,1.7034434239029,0.549801686728929,0.971795820804474,0.0000049695172853,0.0000099109114865
SLN01-SE-IDs,Truck,PPIC_02_Vegetables,1.7034434239029,0.549801686728929,0.971795820804474,0.0000049695172853,0.0000099109114865
SLN01-SE-IDs,Corn,PPIC_03_Grain,1.73391190502281,0.563281167375603,1.00026595495366,0.0000020679451474,0.0000070425164941
SLN01-SE-IDs,Rice,PPIC_03_Grain,1.73391190502281,0.563281167375603,1.00026595495366,0.0000020679451474,0.0000070425164941
SLN01-SE-IDs,Alfalfa,PPIC_01_Feed_Crops,1.88958912121113,0.57840494843677,1.11175872273374,0.0000338773582163,0.0000400034987227
SLN01-SE-IDs,Pasture,PPIC_01_Feed_Crops,1.88958912121113,0.57840494843677,1.11175872273374,0.0000338773582163,0.0000400034987227
SLN02-NC-IDs,Beans Dry,PPIC_05_OtherField,1.48042893228129,0.885604107695223,1.17631974615459,0.0000014521670601,0.0000045694202856
SLN02-NC-IDs,Cotton,PPIC_05_OtherField,1.48042893228129,0.885604107695223,1.17631974615459,0.0000014521670601,0.0000045694202856
SLN02-NC-IDs,Field and Grain,PPIC_05_OtherField,1.48042893228129,0.885604107695223,1.17631974615459,0.0000014521670601,0.0000045694202856
SLN02-NC-IDs,Safflower,PPIC_05_OtherField,1.48042893228129,0.885604107695223,1.17631974615459,0.0000014521670601,0.0000045694202856
SLN02-NC-IDs,Sunflowers,PPIC_05_OtherField,1.48042893228129,0.885604107695223,1.17631974615459,0.0000014521670601,0.0000045694202856
SLN02-NC-IDs,Almonds,PPIC_04_Trees,1.61984788457122,0.692275371065863,1.08465708966897,0.0000090683511071,0.0000139457786238
SLN02-NC-IDs,Grapes Table,PPIC_04_Trees,1.61984788457122,0.692275371065863,1.08465708966897,0.0000090683511071,0.0000139457786238
SLN02-NC-IDs,Grapes Wine,PPIC_04_Trees,1.61984788457122,0.692275371065863,1.08465708966897,0.0000090683511071,0.0000139457786238
SLN02-NC-IDs,Orchards,PPIC_04_Trees,1.61984788457122,0.692275371065863,1.08465708966897,0.0000090683511071,0.0000139457786238
SLN02-NC-IDs,Pistachios,PPIC_04_Trees,1.61984788457122,0.692275371065863,1.08465708966897,0.0000090683511071,0.0000139457786238
SLN02-NC-IDs,Subtropical,PPIC_04_Trees,1.61984788457122,0.692275371065863,1.08465708966897,0.0000090683511071,0.0000139457786238
SLN02-NC-IDs,Walnuts,PPIC_04_Trees,1.61984788457122,0.692275371065863,1.08465708966897,0.0000090683511071,0.0000139457786238
SLN02-NC-IDs,Berries,PPIC_02_Vegetables,1.7034434239029,0.549801686728929,0.971795820804474,0.0000049695172853,0.0000099109114865
SLN02-NC-IDs,Cucurbits,PPIC_02_Vegetables,1.7034434239029,0.549801686728929,0.971795820804474,0.0000049695172853,0.0000099109114865
SLN02-NC-IDs,Lettuce,PPIC_02_Vegetables,1.7034434239029,0.549801686728929,0.971795820804474,0.0000049695172853,0.0000099109114865
SLN02-NC-IDs,Onions and Garlic,PPIC_02_Vegetables,1.7034434239029,0.549801686728929,0.971795820804474,0.0000049695172853,0.0000099109114865
SLN02-NC-IDs,Potatoes,PPIC_02_Vegetables,1.7034434239029,0.549801686728929,0.971795820804474,0.0000049695172853,0.0000099109114865
SLN02-NC-IDs,Tomatoes Fresh,PPIC_02_Vegetables,1.7034434239029,0.549801686728929,0.971795820804474,0.0000049695172853,0.0000099109114865
SLN02-NC-IDs,Tomatoes Processing,PPIC_02_Vegetables,1.7034434239029,0.549801686728929,0.971795820804474,0.0000049695172853,0.0000099109114865
SLN02-NC-IDs,Truck,PPIC_02_Vegetables,1.7034434239029,0.549801686728929,0.971795820804474,0.0000049695172853,0.0000099109114865
SLN02-NC-IDs,Corn,PPIC_03_Grain,1.73391190502281,0.563281167375603,1.00026595495366,0.0000020679451474,0.0000070425164941
SLN02-NC-IDs,Rice,PPIC_03_Grain,1.73391190502281,0.563281167375603,1.00026595495366,0.0000020679451474,0.0000070425164941
SLN02-NC-IDs,Alfalfa,PPIC_01_Feed_Crops,1.88958912121113,0.57840494843677,1.11175872273374,0.0000338773582163,0.0000400034987227
SLN02-NC-IDs,Pasture,PPIC_01_Feed_Crops,1.88958912121113,0.57840494843677,1.11175872273374,0.0000338773582163,0.0000400034987227
SLN03-WAs,Beans Dry,PPIC_05_OtherField,1.48042893228129,0.885604107695223,1.17631974615459,0.0000014521670601,0.0000045694202856
SLN03-WAs,Cotton,PPIC_05_OtherField,1.48042893228129,0.885604107695223,1.17631974615459,0.0000014521670601,0.0000045694202856
SLN03-WAs,Field and Grain,PPIC_05_OtherField,1.48042893228129,0.885604107695223,1.17631974615459,0.0000014521670601,0.0000045694202856
SLN03-WAs,Safflower,PPIC_05_OtherField,1.48042893228129,0.885604107695223,1.17631974615459,0.0000014521670601,0.0000045694202856
SLN03-WAs,Sunflowers,PPIC_05_OtherField,1.48042893228129,0.885604107695223,1.17631974615459,0.0000014521670601,0.0000045694202856
SLN03-WAs,Almonds,PPIC_04_Trees,1.61984788457122,0.692275371065863,1.08465708966897,0.0000090683511071,0.0000139457786238
SLN03-WAs,Grapes Table,PPIC_04_Trees,1.61984788457122,0.692275371065863,1.08465708966897,0.0000090683511071,0.0000139457786238
SLN03-WAs,Grapes Wine,PPIC_04_Trees,1.61984788457122,0.692275371065863,1.08465708966897,0.0000090683511071,0.0000139457786238
SLN03-WAs,Orchards,PPIC_04_Trees,1.61984788457122,0.692275371065863,1.08465708966897,0.0000090683511071,0.0000139457786238
SLN03-WAs,Pistachios,PPIC_04_Trees,1.61984788457122,0.692275371065863,1.08465708966897,0.0000090683511071,0.0000139457786238
SLN03-WAs,Subtropical,PPIC_04_Trees,1.61984788457122,0.692275371065863,1.08465708966897,0.0000090683511071,0.0000139457786238
SLN03-WAs,Walnuts,PPIC_04_Trees,1.61984788457122,0.692275371065863,1.08465708966897,0.0000090683511071,0.0000139457786238
SLN03-WAs,Berries,PPIC_02_Vegetables,1.7034434239029,0.549801686728929,0.971795820804474,0.0000049695172853,0.0000099109114865
SLN03-WAs,Cucurbits,PPIC_02_Vegetables,1.7034434239029,0.549801686728929,0.971795820804474,0.0000049695172853,0.0000099109114865
SLN03-WAs,Lettuce,PPIC_02_Vegetables,1.7034434239029,0.549801686728929,0.971795820804474,0.0000049695172853,0.0000099109114865
SLN03-WAs,Onions and Garlic,PPIC_02_Vegetables,1.7034434239029,0.549801686728929,0.971795820804474,0.0000049695172853,0.0000099109114865
SLN03-WAs,Potatoes,PPIC_02_Vegetables,1.7034434239029,0.549801686728929,0.971795820804474,0.0000049695172853,0.0000099109114865
SLN03-WAs,Tomatoes Fresh,PPIC_02_Vegetables,1.7034434239029,0.549801686728929,0.971795820804474,0.0000049695172853,0.0000099109114865
SLN03-WAs,Tomatoes Processing,PPIC_02_Vegetables,1.7034434239029,0.549801686728929,0.971795820804474,0.0000049695172853,0.0000099109114865
SLN03-WAs,Truck,PPIC_02_Vegetables,1.7034434239029,0.549801686728929,0.971795820804474,0.0000049695172853,0.0000099109114865
SLN03-WAs,Corn,PPIC_03_Grain,1.73391190502281,0.563281167375603,1.00026595495366,0.0000020679451474,0.0000070425164941
SLN03-WAs,Rice,PPIC_03_Grain,1.73391190502281,0.563281167375603,1.00026595495366,0.0000020679451474,0.0000070425164941
SLN03-WAs,Alfalfa,PPIC_01_Feed_Crops,1.88958912121113,0.57840494843677,1.11175872273374,0.0000338773582163,0.0000400034987227
SLN03-WAs,Pasture,PPIC_01_Feed_Crops,1.88958912121113,0.57840494843677,1.11175872273374,0.0000338773582163,0.0000400034987227
STR01-IDs,Beans Dry,PPIC_05_OtherField,1.48042893228129,0.885604107695223,1.17631974615459,0.0000014521670601,0.0000045694202856
STR01-IDs,Cotton,PPIC_05_OtherField,1.48042893228129,0.885604107695223,1.17631974615459,0.0000014521670601,0.0000045694202856
STR01-IDs,Field and Grain,PPIC_05_OtherField,1.48042893228129,0.885604107695223,1.17631974615459,0.0000014521670601,0.0000045694202856
STR01-IDs,Safflower,PPIC_05_OtherField,1.48042893228129,0.885604107695223,1.17631974615459,0.0000014521670601,0.0000045694202856
STR01-IDs,Sunflowers,PPIC_05_OtherField,1.48042893228129,0.885604107695223,1.17631974615459,0.0000014521670601,0.0000045694202856
STR01-IDs,Almonds,PPIC_04_Trees,1.61984788457122,0.692275371065863,1.08465708966897,0.0000090683511071,0.0000139457786238
STR01-IDs,Grapes Table,PPIC_04_Trees,1.61984788457122,0.692275371065863,1.08465708966897,0.0000090683511071,0.0000139457786238
STR01-IDs,Grapes Wine,PPIC_04_Trees,1.61984788457122,0.692275371065863,1.08465708966897,0.0000090683511071,0.0000139457786238
STR01-IDs,Orchards,PPIC_04_Trees,1.61984788457122,0.692275371065863,1.08465708966897,0.0000090683511071,0.0000139457786238
STR01-IDs,Pistachios,PPIC_04_Trees,1.61984788457122,0.692275371065863,1.08465708966897,0.0000090683511071,0.0000139457786238
STR01-IDs,Subtropical,PPIC_04_Trees,1.61984788457122,0.692275371065863,1.08465708966897,0.0000090683511071,0.0000139457786238
STR01-IDs,Walnuts,PPIC_04_Trees,1.61984788457122,0.692275371065863,1.08465708966897,0.0000090683511071,0.0000139457786238
STR01-IDs,Berries,PPIC_02_Vegetables,1.7034434239029,0.549801686728929,0.971795820804474,0.0000049695172853,0.0000099109114865
STR01-IDs,Cucurbits,PPIC_02_Vegetables,1.7034434239029,0.549801686728929,0.971795820804474,0.0000049695172853,0.0000099109114865
STR01-IDs,Lettuce,PPIC_02_Vegetables,1.7034434239029,0.549801686728929,0.971795820804474,0.0000049695172853,0.0000099109114865
STR01-IDs,Onions and Garlic,PPIC_02_Vegetables,1.7034434239029,0.549801686728929,0.971795820804474,0.0000049695172853,0.0000099109114865
STR01-IDs,Potatoes,PPIC_02_Vegetables,1.7034434239029,0.549801686728929,0.971795820804474,0.0000049695172853,0.0000099109114865
STR01-IDs,Tomatoes Fresh,PPIC_02_Vegetables,1.7034434239029,0.549801686728929,0.971795820804474,0.0000049695172853,0.0000099109114865
STR01-IDs,Tomatoes Processing,PPIC_02_Vegetables,1.7034434239029,0.549801686728929,0.971795820804474,0.0000049695172853,0.0000099109114865
STR01-IDs,Truck,PPIC_02_Vegetables,1.7034434239029,0.549801686728929,0.971795820804474,0.0000049695172853,0.0000099109114865
STR01-IDs,Corn,PPIC_03_Grain,1.73391190502281,0.563281167375603,1.00026595495366,0.0000020679451474,0.0000070425164941
STR01-IDs,Rice,PPIC_03_Grain,1.73391190502281,0.563281167375603,1.00026595495366,0.0000020679451474,0.0000070425164941
STR01-IDs,Alfalfa,PPIC_01_Feed_Crops,1.88958912121113,0.57840494843677,1.11175872273374,0.0000338773582163,0.0000400034987227
STR01-IDs,Pasture,PPIC_01_Feed_Crops,1.88958912121113,0.57840494843677,1.11175872273374,0.0000338773582163,0.0000400034987227
STR02-WAs,Beans Dry,PPIC_05_OtherField,1.48042893228129,0.885604107695223,1.17631974615459,0.0000014521670601,0.0000045694202856
STR02-WAs,Cotton,PPIC_05_OtherField,1.48042893228129,0.885604107695223,1.17631974615459,0.0000014521670601,0.0000045694202856
STR02-WAs,Field and Grain,PPIC_05_OtherField,1.48042893228129,0.885604107695223,1.17631974615459,0.0000014521670601,0.0000045694202856
STR02-WAs,Safflower,PPIC_05_OtherField,1.48042893228129,0.885604107695223,1.17631974615459,0.0000014521670601,0.0000045694202856
STR02-WAs,Sunflowers,PPIC_05_OtherField,1.48042893228129,0.885604107695223,1.17631974615459,0.0000014521670601,0.0000045694202856
STR02-WAs,Almonds,PPIC_04_Trees,1.61984788457122,0.692275371065863,1.08465708966897,0.0000090683511071,0.0000139457786238
STR02-WAs,Grapes Table,PPIC_04_Trees,1.61984788457122,0.692275371065863,1.08465708966897,0.0000090683511071,0.0000139457786238
STR02-WAs,Grapes Wine,PPIC_04_Trees,1.61984788457122,0.692275371065863,1.08465708966897,0.0000090683511071,0.0000139457786238
STR02-WAs,Orchards,PPIC_04_Trees,1.61984788457122,0.692275371065863,1.08465708966897,0.0000090683511071,0.0000139457786238
STR02-WAs,Pistachios,PPIC_04_Trees,1.61984788457122,0.692275371065863,1.08465708966897,0.0000090683511071,0.0000139457786238
STR02-WAs,Subtropical,PPIC_04_Trees,1.61984788457122,0.692275371065863,1.08465708966897,0.0000090683511071,0.0000139457786238
STR02-WAs,Walnuts,PPIC_04_Trees,1.61984788457122,0.692275371065863,1.08465708966897,0.0000090683511071,0.0000139457786238
STR02-WAs,Berries,PPIC_02_Vegetables,1.7034434239029,0.549801686728929,0.971795820804474,0.0000049695172853,0.0000099109114865
STR02-WAs,Cucurbits,PPIC_02_Vegetables,1.7034434239029,0.549801686728929,0.971795820804474,0.0000049695172853,0.0000099109114865
STR02-WAs,Lettuce,PPIC_02_Vegetables,1.7034434239029,0.549801686728929,0.971795820804474,0.0000049695172853,0.0000099109114865
STR02-WAs,Onions and Garlic,PPIC_02_Vegetables,1.7034434239029,0.549801686728929,0.971795820804474,0.0000049695172853,0.0000099109114865
STR02-WAs,Potatoes,PPIC_02_Vegetables,1.7034434239029,0.549801686728929,0.971795820804474,0.0000049695172853,0.0000099109114865
STR02-WAs,Tomatoes Fresh,PPIC_02_Vegetables,1.7034434239029,0.549801686728929,0.971795820804474,0.0000049695172853,0.0000099109114865
STR02-WAs,Tomatoes Processing,PPIC_02_Vegetables,1.7034434239029,0.549801686728929,0.971795820804474,0.0000049695172853,0.0000099109114865
STR02-WAs,Truck,PPIC_02_Vegetables,1.7034434239029,0.549801686728929,0.971795820804474,0.0000049695172853,0.0000099109114865
STR02-WAs,Corn,PPIC_03_Grain,1.73391190502281,0.563281167375603,1.00026595495366,0.0000020679451474,0.0000070425164941
STR02-WAs,Rice,PPIC_03_Grain,1.73391190502281,0.563281167375603,1.00026595495366,0.0000020679451474,0.0000070425164941
STR02-WAs,Alfalfa,PPIC_01_Feed_Crops,1.88958912121113,0.57840494843677,1.11175872273374,0.0000338773582163,0.0000400034987227
STR02-WAs,Pasture,PPIC_01_Feed_Crops,1.88958912121113,0.57840494843677,1.11175872273374,0.0000338773582163,0.0000400034987227
SYB01-IDs,Beans Dry,PPIC_05_OtherField,1.48042893228129,0.885604107695223,1.17631974615459,0.0000014521670601,0.0000045694202856
SYB01-IDs,Cotton,PPIC_05_OtherField,1.48042893228129,0.885604107695223,1.17631974615459,0.0000014521670601,0.0000045694202856
SYB01-IDs,Field and Grain,PPIC_05_OtherField,1.48042893228129,0.885604107695223,1.17631974615459,0.0000014521670601,0.0000045694202856
SYB01-IDs,Safflower,PPIC_05_OtherField,1.48042893228129,0.885604107695223,1.17631974615459,0.0000014521670601,0.0000045694202856
SYB01-IDs,Sunflowers,PPIC_05_OtherField,1.48042893228129,0.885604107695223,1.17631974615459,0.0000014521670601,0.0000045694202856
SYB01-IDs,Almonds,PPIC_04_Trees,1.61984788457122,0.692275371065863,1.08465708966897,0.0000090683511071,0.0000139457786238
SYB01-IDs,Grapes Table,PPIC_04_Trees,1.61984788457122,0.692275371065863,1.08465708966897,0.0000090683511071,0.0000139457786238
SYB01-IDs,Grapes Wine,PPIC_04_Trees,1.61984788457122,0.692275371065863,1.08465708966897,0.0000090683511071,0.0000139457786238
SYB01-IDs,Orchards,PPIC_04_Trees,1.61984788457122,0.692275371065863,1.08465708966897,0.0000090683511071,0.0000139457786238
SYB01-IDs,Pistachios,PPIC_04_Trees,1.61984788457122,0.692275371065863,1.08465708966897,0.0000090683511071,0.0000139457786238
SYB01-IDs,Subtropical,PPIC_04_Trees,1.61984788457122,0.692275371065863,1.08465708966897,0.0000090683511071,0.0000139457786238
SYB01-IDs,Walnuts,PPIC_04_Trees,1.61984788457122,0.692275371065863,1.08465708966897,0.0000090683511071,0.0000139457786238
SYB01-IDs,Berries,PPIC_02_Vegetables,1.7034434239029,0.549801686728929,0.971795820804474,0.0000049695172853,0.0000099109114865
SYB01-IDs,Cucurbits,PPIC_02_Vegetables,1.7034434239029,0.549801686728929,0.971795820804474,0.0000049695172853,0.0000099109114865
SYB01-IDs,Lettuce,PPIC_02_Vegetables,1.7034434239029,0.549801686728929,0.971795820804474,0.0000049695172853,0.0000099109114865
SYB01-IDs,Onions and Garlic,PPIC_02_Vegetables,1.7034434239029,0.549801686728929,0.971795820804474,0.0000049695172853,0.0000099109114865
SYB01-IDs,Potatoes,PPIC_02_Vegetables,1.7034434239029,0.549801686728929,0.971795820804474,0.0000049695172853,0.0000099109114865
SYB01-IDs,Tomatoes Fresh,PPIC_02_Vegetables,1.7034434239029,0.549801686728929,0.971795820804474,0.0000049695172853,0.0000099109114865
SYB01-IDs,Tomatoes Processing,PPIC_02_Vegetables,1.7034434239029,0.549801686728929,0.971795820804474,0.0000049695172853,0.0000099109114865
SYB01-IDs,Truck,PPIC_02_Vegetables,1.7034434239029,0.549801686728929,0.971795820804474,0.0000049695172853,0.0000099109114865
SYB01-IDs,Corn,PPIC_03_Grain,1.73391190502281,0.563281167375603,1.00026595495366,0.0000020679451474,0.0000070425164941
SYB01-IDs,Rice,PPIC_03_Grain,1.73391190502281,0.563281167375603,1.00026595495366,0.0000020679451474,0.0000070425164941
SYB01-IDs,Alfalfa,PPIC_01_Feed_Crops,1.88958912121113,0.57840494843677,1.11175872273374,0.0000338773582163,0.0000400034987227
SYB01-IDs,Pasture,PPIC_01_Feed_Crops,1.88958912121113,0.57840494843677,1.11175872273374,0.0000338773582163,0.0000400034987227
SYB02-WAs,Beans Dry,PPIC_05_OtherField,1.48042893228129,0.885604107695223,1.17631974615459,0.0000014521670601,0.0000045694202856
SYB02-WAs,Cotton,PPIC_05_OtherField,1.48042893228129,0.885604107695223,1.17631974615459,0.0000014521670601,0.0000045694202856
SYB02-WAs,Field and Grain,PPIC_05_OtherField,1.48042893228129,0.885604107695223,1.17631974615459,0.0000014521670601,0.0000045694202856
SYB02-WAs,Safflower,PPIC_05_OtherField,1.48042893228129,0.885604107695223,1.17631974615459,0.0000014521670601,0.0000045694202856
SYB02-WAs,Sunflowers,PPIC_05_OtherField,1.48042893228129,0.885604107695223,1.17631974615459,0.0000014521670601,0.0000045694202856
SYB02-WAs,Almonds,PPIC_04_Trees,1.61984788457122,0.692275371065863,1.08465708966897,0.0000090683511071,0.0000139457786238
SYB02-WAs,Grapes Table,PPIC_04_Trees,1.61984788457122,0.692275371065863,1.08465708966897,0.0000090683511071,0.0000139457786238
SYB02-WAs,Grapes Wine,PPIC_04_Trees,1.61984788457122,0.692275371065863,1.08465708966897,0.0000090683511071,0.0000139457786238
SYB02-WAs,Orchards,PPIC_04_Trees,1.61984788457122,0.692275371065863,1.08465708966897,0.0000090683511071,0.0000139457786238
SYB02-WAs,Pistachios,PPIC_04_Trees,1.61984788457122,0.692275371065863,1.08465708966897,0.0000090683511071,0.0000139457786238
SYB02-WAs,Subtropical,PPIC_04_Trees,1.61984788457122,0.692275371065863,1.08465708966897,0.0000090683511071,0.0000139457786238
SYB02-WAs,Walnuts,PPIC_04_Trees,1.61984788457122,0.692275371065863,1.08465708966897,0.0000090683511071,0.0000139457786238
SYB02-WAs,Berries,PPIC_02_Vegetables,1.7034434239029,0.549801686728929,0.971795820804474,0.0000049695172853,0.0000099109114865
SYB02-WAs,Cucurbits,PPIC_02_Vegetables,1.7034434239029,0.549801686728929,0.971795820804474,0.0000049695172853,0.0000099109114865
SYB02-WAs,Lettuce,PPIC_02_Vegetables,1.7034434239029,0.549801686728929,0.971795820804474,0.0000049695172853,0.0000099109114865
SYB02-WAs,Onions and Garlic,PPIC_02_Vegetables,1.7034434239029,0.549801686728929,0.971795820804474,0.0000049695172853,0.0000099109114865
SYB02-WAs,Potatoes,PPIC_02_Vegetables,1.7034434239029,0.549801686728929,0.971795820804474,0.0000049695172853,0.0000099109114865
SYB02-WAs,Tomatoes Fresh,PPIC_02_Vegetables,1.7034434239029,0.549801686728929,0.971795820804474,0.0000049695172853,0.0000099109114865
SYB02-WAs,Tomatoes Processing,PPIC_02_Vegetables,1.7034434239029,0.549801686728929,0.971795820804474,0.0000049695172853,0.0000099109114865
SYB02-WAs,Truck,PPIC_02_Vegetables,1.7034434239029,0.549801686728929,0.971795820804474,0.0000049695172853,0.0000099109114865
SYB02-WAs,Corn,PPIC_03_Grain,1.73391190502281,0.563281167375603,1.00026595495366,0.0000020679451474,0.0000070425164941
SYB02-WAs,Rice,PPIC_03_Grain,1.73391190502281,0.563281167375603,1.00026595495366,0.0000020679451474,0.0000070425164941
SYB02-WAs,Alfalfa,PPIC_01_Feed_Crops,1.88958912121113,0.57840494843677,1.11175872273374,0.0000338773582163,0.0000400034987227
SYB02-WAs,Pasture,PPIC_01_Feed_Crops,1.88958912121113,0.57840494843677,1.11175872273374,0.0000338773582163,0.0000400034987227
TLE01-NC,Almonds,PPIC_04_Trees,1.60740153243631,0.691945099805778,1.06892111001069,0.0000061482613017,0.0000114783791492
TLE01-NC,Grapes Table,PPIC_04_Trees,1.60740153243631,0.691945099805778,1.06892111001069,0.0000061482613017,0.0000114783791492
TLE01-NC,Grapes Wine,PPIC_04_Trees,1.60740153243631,0.691945099805778,1.06892111001069,0.0000061482613017,0.0000114783791492
TLE01-NC,Orchards,PPIC_04_Trees,1.60740153243631,0.691945099805778,1.06892111001069,0.0000061482613017,0.0000114783791492
TLE01-NC,Pistachios,PPIC_04_Trees,1.60740153243631,0.691945099805778,1.06892111001069,0.0000061482613017,0.0000114783791492
TLE01-NC,Subtropical,PPIC_04_Trees,1.60740153243631,0.691945099805778,1.06892111001069,0.0000061482613017,0.0000114783791492
TLE01-NC,Walnuts,PPIC_04_Trees,1.60740153243631,0.691945099805778,1.06892111001069,0.0000061482613017,0.0000114783791492
TLE01-NC,Berries,PPIC_02_Vegetables,1.66628086715253,0.549801631775685,0.937728057541747,0.0000039251506647,0.0000091389600903
TLE01-NC,Cucurbits,PPIC_02_Vegetables,1.66628086715253,0.549801631775685,0.937728057541747,0.0000039251506647,0.0000091389600903
TLE01-NC,Lettuce,PPIC_02_Vegetables,1.66628086715253,0.549801631775685,0.937728057541747,0.0000039251506647,0.0000091389600903
TLE01-NC,Onions and Garlic,PPIC_02_Vegetables,1.66628086715253,0.549801631775685,0.937728057541747,0.0000039251506647,0.0000091389600903
TLE01-NC,Potatoes,PPIC_02_Vegetables,1.66628086715253,0.549801631775685,0.937728057541747,0.0000039251506647,0.0000091389600903
TLE01-NC,Tomatoes Fresh,PPIC_02_Vegetables,1.66628086715253,0.549801631775685,0.937728057541747,0.0000039251506647,0.0000091389600903
TLE01-NC,Tomatoes Processing,PPIC_02_Vegetables,1.66628086715253,0.549801631775685,0.937728057541747,0.0000039251506647,0.0000091389600903
TLE01-NC,Truck,PPIC_02_Vegetables,1.66628086715253,0.549801631775685,0.937728057541747,0.0000039251506647,0.0000091389600903
TLE01-NC,Beans Dry,PPIC_05_OtherField,1.7016395248374,0.628816309954396,1.03659146549067,0.0000064773330502,0.0000116947792324
TLE01-NC,Cotton,PPIC_05_OtherField,1.7016395248374,0.628816309954396,1.03659146549067,0.0000064773330502,0.0000116947792324
TLE01-NC,Field and Grain,PPIC_05_OtherField,1.7016395248374,0.628816309954396,1.03659146549067,0.0000064773330502,0.0000116947792324
TLE01-NC,Safflower,PPIC_05_OtherField,1.7016395248374,0.628816309954396,1.03659146549067,0.0000064773330502,0.0000116947792324
TLE01-NC,Sunflowers,PPIC_05_OtherField,1.7016395248374,0.628816309954396,1.03659146549067,0.0000064773330502,0.0000116947792324
TLE01-NC,Corn,PPIC_03_Grain,1.71786187568245,0.563281134003145,0.976348593022219,0.0000014418504877,0.0000068268635051
TLE01-NC,Rice,PPIC_03_Grain,1.71786187568245,0.563281134003145,0.976348593022219,0.0000014418504877,0.0000068268635051
TLE01-NC,Alfalfa,PPIC_01_Feed_Crops,1.73210994923085,0.578404973378961,1.00715521935711,0.0000160715747934,0.0000218152474585
TLE01-NC,Pasture,PPIC_01_Feed_Crops,1.73210994923085,0.578404973378961,1.00715521935711,0.0000160715747934,0.0000218152474585
TLE02-SW-WA,Almonds,PPIC_04_Trees,1.60740153243631,0.691945099805778,1.06892111001069,0.0000061482613017,0.0000114783791492
TLE02-SW-WA,Grapes Table,PPIC_04_Trees,1.60740153243631,0.691945099805778,1.06892111001069,0.0000061482613017,0.0000114783791492
TLE02-SW-WA,Grapes Wine,PPIC_04_Trees,1.60740153243631,0.691945099805778,1.06892111001069,0.0000061482613017,0.0000114783791492
TLE02-SW-WA,Orchards,PPIC_04_Trees,1.60740153243631,0.691945099805778,1.06892111001069,0.0000061482613017,0.0000114783791492
TLE02-SW-WA,Pistachios,PPIC_04_Trees,1.60740153243631,0.691945099805778,1.06892111001069,0.0000061482613017,0.0000114783791492
TLE02-SW-WA,Subtropical,PPIC_04_Trees,1.60740153243631,0.691945099805778,1.06892111001069,0.0000061482613017,0.0000114783791492
TLE02-SW-WA,Walnuts,PPIC_04_Trees,1.60740153243631,0.691945099805778,1.06892111001069,0.0000061482613017,0.0000114783791492
TLE02-SW-WA,Berries,PPIC_02_Vegetables,1.66628086715253,0.549801631775685,0.937728057541747,0.0000039251506647,0.0000091389600903
TLE02-SW-WA,Cucurbits,PPIC_02_Vegetables,1.66628086715253,0.549801631775685,0.937728057541747,0.0000039251506647,0.0000091389600903
TLE02-SW-WA,Lettuce,PPIC_02_Vegetables,1.66628086715253,0.549801631775685,0.937728057541747,0.0000039251506647,0.0000091389600903
TLE02-SW-WA,Onions and Garlic,PPIC_02_Vegetables,1.66628086715253,0.549801631775685,0.937728057541747,0.0000039251506647,0.0000091389600903
TLE02-SW-WA,Potatoes,PPIC_02_Vegetables,1.66628086715253,0.549801631775685,0.937728057541747,0.0000039251506647,0.0000091389600903
TLE02-SW-WA,Tomatoes Fresh,PPIC_02_Vegetables,1.66628086715253,0.549801631775685,0.937728057541747,0.0000039251506647,0.0000091389600903
TLE02-SW-WA,Tomatoes Processing,PPIC_02_Vegetables,1.66628086715253,0.549801631775685,0.937728057541747,0.0000039251506647,0.0000091389600903
TLE02-SW-WA,Truck,PPIC_02_Vegetables,1.66628086715253,0.549801631775685,0.937728057541747,0.0000039251506647,0.0000091389600903
TLE02-SW-WA,Beans Dry,PPIC_05_OtherField,1.7016395248374,0.628816309954396,1.03659146549067,0.0000064773330502,0.0000116947792324
TLE02-SW-WA,Cotton,PPIC_05_OtherField,1.7016395248374,0.628816309954396,1.03659146549067,0.0000064773330502,0.0000116947792324
TLE02-SW-WA,Field and Grain,PPIC_05_OtherField,1.7016395248374,0.628816309954396,1.03659146549067,0.0000064773330502,0.0000116947792324
TLE02-SW-WA,Safflower,PPIC_05_OtherField,1.7016395248374,0.628816309954396,1.03659146549067,0.0000064773330502,0.0000116947792324
TLE02-SW-WA,Sunflowers,PPIC_05_OtherField,1.7016395248374,0.628816309954396,1.03659146549067,0.0000064773330502,0.0000116947792324
TLE02-SW-WA,Corn,PPIC_03_Grain,1.71786187568245,0.563281134003145,0.976348593022219,0.0000014418504877,0.0000068268635051
TLE02-SW-WA,Rice,PPIC_03_Grain,1.71786187568245,0.563281134003145,0.976348593022219,0.0000014418504877,0.0000068268635051
TLE02-SW-WA,Alfalfa,PPIC_01_Feed_Crops,1.73210994923085,0.578404973378961,1.00715521935711,0.0000160715747934,0.0000218152474585
TLE02-SW-WA,Pasture,PPIC_01_Feed_Crops,1.73210994923085,0.578404973378961,1.00715521935711,0.0000160715747934,0.0000218152474585
TLK01-CC-IDs,Almonds,PPIC_04_Trees,1.60740153243631,0.691945099805778,1.06892111001069,0.0000061482613017,0.0000114783791492
TLK01-CC-IDs,Grapes Table,PPIC_04_Trees,1.60740153243631,0.691945099805778,1.06892111001069,0.0000061482613017,0.0000114783791492
TLK01-CC-IDs,Grapes Wine,PPIC_04_Trees,1.60740153243631,0.691945099805778,1.06892111001069,0.0000061482613017,0.0000114783791492
TLK01-CC-IDs,Orchards,PPIC_04_Trees,1.60740153243631,0.691945099805778,1.06892111001069,0.0000061482613017,0.0000114783791492
TLK01-CC-IDs,Pistachios,PPIC_04_Trees,1.60740153243631,0.691945099805778,1.06892111001069,0.0000061482613017,0.0000114783791492
TLK01-CC-IDs,Subtropical,PPIC_04_Trees,1.60740153243631,0.691945099805778,1.06892111001069,0.0000061482613017,0.0000114783791492
TLK01-CC-IDs,Walnuts,PPIC_04_Trees,1.60740153243631,0.691945099805778,1.06892111001069,0.0000061482613017,0.0000114783791492
TLK01-CC-IDs,Berries,PPIC_02_Vegetables,1.66628086715253,0.549801631775685,0.937728057541747,0.0000039251506647,0.0000091389600903
TLK01-CC-IDs,Cucurbits,PPIC_02_Vegetables,1.66628086715253,0.549801631775685,0.937728057541747,0.0000039251506647,0.0000091389600903
TLK01-CC-IDs,Lettuce,PPIC_02_Vegetables,1.66628086715253,0.549801631775685,0.937728057541747,0.0000039251506647,0.0000091389600903
TLK01-CC-IDs,Onions and Garlic,PPIC_02_Vegetables,1.66628086715253,0.549801631775685,0.937728057541747,0.0000039251506647,0.0000091389600903
TLK01-CC-IDs,Potatoes,PPIC_02_Vegetables,1.66628086715253,0.549801631775685,0.937728057541747,0.0000039251506647,0.0000091389600903
TLK01-CC-IDs,Tomatoes Fresh,PPIC_02_Vegetables,1.66628086715253,0.549801631775685,0.937728057541747,0.0000039251506647,0.0000091389600903
TLK01-CC-IDs,Tomatoes Processing,PPIC_02_Vegetables,1.66628086715253,0.549801631775685,0.937728057541747,0.0000039251506647,0.0000091389600903
TLK01-CC-IDs,Truck,PPIC_02_Vegetables,1.66628086715253,0.549801631775685,0.937728057541747,0.0000039251506647,0.0000091389600903
TLK01-CC-IDs,Beans Dry,PPIC_05_OtherField,1.7016395248374,0.628816309954396,1.03659146549067,0.0000064773330502,0.0000116947792324
TLK01-CC-IDs,Cotton,PPIC_05_OtherField,1.7016395248374,0.628816309954396,1.03659146549067,0.0000064773330502,0.0000116947792324
TLK01-CC-IDs,Field and Grain,PPIC_05_OtherField,1.7016395248374,0.628816309954396,1.03659146549067,0.0000064773330502,0.0000116947792324
TLK01-CC-IDs,Safflower,PPIC_05_OtherField,1.7016395248374,0.628816309954396,1.03659146549067,0.0000064773330502,0.0000116947792324
TLK01-CC-IDs,Sunflowers,PPIC_05_OtherField,1.7016395248374,0.628816309954396,1.03659146549067,0.0000064773330502,0.0000116947792324
TLK01-CC-IDs,Corn,PPIC_03_Grain,1.71786187568245,0.563281134003145,0.976348593022219,0.0000014418504877,0.0000068268635051
TLK01-CC-IDs,Rice,PPIC_03_Grain,1.71786187568245,0.563281134003145,0.976348593022219,0.0000014418504877,0.0000068268635051
TLK01-CC-IDs,Alfalfa,PPIC_01_Feed_Crops,1.73210994923085,0.578404973378961,1.00715521935711,0.0000160715747934,0.0000218152474585
TLK01-CC-IDs,Pasture,PPIC_01_Feed_Crops,1.73210994923085,0.578404973378961,1.00715521935711,0.0000160715747934,0.0000218152474585
TLK02-EC-CorcID,Almonds,PPIC_04_Trees,1.60740153243631,0.691945099805778,1.06892111001069,0.0000061482613017,0.0000114783791492
TLK02-EC-CorcID,Grapes Table,PPIC_04_Trees,1.60740153243631,0.691945099805778,1.06892111001069,0.0000061482613017,0.0000114783791492
TLK02-EC-CorcID,Grapes Wine,PPIC_04_Trees,1.60740153243631,0.691945099805778,1.06892111001069,0.0000061482613017,0.0000114783791492
TLK02-EC-CorcID,Orchards,PPIC_04_Trees,1.60740153243631,0.691945099805778,1.06892111001069,0.0000061482613017,0.0000114783791492
TLK02-EC-CorcID,Pistachios,PPIC_04_Trees,1.60740153243631,0.691945099805778,1.06892111001069,0.0000061482613017,0.0000114783791492
TLK02-EC-CorcID,Subtropical,PPIC_04_Trees,1.60740153243631,0.691945099805778,1.06892111001069,0.0000061482613017,0.0000114783791492
TLK02-EC-CorcID,Walnuts,PPIC_04_Trees,1.60740153243631,0.691945099805778,1.06892111001069,0.0000061482613017,0.0000114783791492
TLK02-EC-CorcID,Berries,PPIC_02_Vegetables,1.66628086715253,0.549801631775685,0.937728057541747,0.0000039251506647,0.0000091389600903
TLK02-EC-CorcID,Cucurbits,PPIC_02_Vegetables,1.66628086715253,0.549801631775685,0.937728057541747,0.0000039251506647,0.0000091389600903
TLK02-EC-CorcID,Lettuce,PPIC_02_Vegetables,1.66628086715253,0.549801631775685,0.937728057541747,0.0000039251506647,0.0000091389600903
TLK02-EC-CorcID,Onions and Garlic,PPIC_02_Vegetables,1.66628086715253,0.549801631775685,0.937728057541747,0.0000039251506647,0.0000091389600903
TLK02-EC-CorcID,Potatoes,PPIC_02_Vegetables,1.66628086715253,0.549801631775685,0.937728057541747,0.0000039251506647,0.0000091389600903
TLK02-EC-CorcID,Tomatoes Fresh,PPIC_02_Vegetables,1.66628086715253,0.549801631775685,0.937728057541747,0.0000039251506647,0.0000091389600903
TLK02-EC-CorcID,Tomatoes Processing,PPIC_02_Vegetables,1.66628086715253,0.549801631775685,0.937728057541747,0.0000039251506647,0.0000091389600903
TLK02-EC-CorcID,Truck,PPIC_02_Vegetables,1.66628086715253,0.549801631775685,0.937728057541747,0.0000039251506647,0.0000091389600903
TLK02-EC-CorcID,Beans Dry,PPIC_05_OtherField,1.7016395248374,0.628816309954396,1.03659146549067,0.0000064773330502,0.0000116947792324
TLK02-EC-CorcID,Cotton,PPIC_05_OtherField,1.7016395248374,0.628816309954396,1.03659146549067,0.0000064773330502,0.0000116947792324
TLK02-EC-CorcID,Field and Grain,PPIC_05_OtherField,1.7016395248374,0.628816309954396,1.03659146549067,0.0000064773330502,0.0000116947792324
TLK02-EC-CorcID,Safflower,PPIC_05_OtherField,1.7016395248374,0.628816309954396,1.03659146549067,0.0000064773330502,0.0000116947792324
TLK02-EC-CorcID,Sunflowers,PPIC_05_OtherField,1.7016395248374,0.628816309954396,1.03659146549067,0.0000064773330502,0.0000116947792324
TLK02-EC-CorcID,Corn,PPIC_03_Grain,1.71786187568245,0.563281134003145,0.976348593022219,0.0000014418504877,0.0000068268635051
TLK02-EC-CorcID,Rice,PPIC_03_Grain,1.71786187568245,0.563281134003145,0.976348593022219,0.0000014418504877,0.0000068268635051
TLK02-EC-CorcID,Alfalfa,PPIC_01_Feed_Crops,1.73210994923085,0.578404973378961,1.00715521935711,0.0000160715747934,0.0000218152474585
TLK02-EC-CorcID,Pasture,PPIC_01_Feed_Crops,1.73210994923085,0.578404973378961,1.00715521935711,0.0000160715747934,0.0000218152474585
TLK03-NC-WAs,Almonds,PPIC_04_Trees,1.60740153243631,0.691945099805778,1.06892111001069,0.0000061482613017,0.0000114783791492
TLK03-NC-WAs,Grapes Table,PPIC_04_Trees,1.60740153243631,0.691945099805778,1.06892111001069,0.0000061482613017,0.0000114783791492
TLK03-NC-WAs,Grapes Wine,PPIC_04_Trees,1.60740153243631,0.691945099805778,1.06892111001069,0.0000061482613017,0.0000114783791492
TLK03-NC-WAs,Orchards,PPIC_04_Trees,1.60740153243631,0.691945099805778,1.06892111001069,0.0000061482613017,0.0000114783791492
TLK03-NC-WAs,Pistachios,PPIC_04_Trees,1.60740153243631,0.691945099805778,1.06892111001069,0.0000061482613017,0.0000114783791492
TLK03-NC-WAs,Subtropical,PPIC_04_Trees,1.60740153243631,0.691945099805778,1.06892111001069,0.0000061482613017,0.0000114783791492
TLK03-NC-WAs,Walnuts,PPIC_04_Trees,1.60740153243631,0.691945099805778,1.06892111001069,0.0000061482613017,0.0000114783791492
TLK03-NC-WAs,Berries,PPIC_02_Vegetables,1.66628086715253,0.549801631775685,0.937728057541747,0.0000039251506647,0.0000091389600903
TLK03-NC-WAs,Cucurbits,PPIC_02_Vegetables,1.66628086715253,0.549801631775685,0.937728057541747,0.0000039251506647,0.0000091389600903
TLK03-NC-WAs,Lettuce,PPIC_02_Vegetables,1.66628086715253,0.549801631775685,0.937728057541747,0.0000039251506647,0.0000091389600903
TLK03-NC-WAs,Onions and Garlic,PPIC_02_Vegetables,1.66628086715253,0.549801631775685,0.937728057541747,0.0000039251506647,0.0000091389600903
TLK03-NC-WAs,Potatoes,PPIC_02_Vegetables,1.66628086715253,0.549801631775685,0.937728057541747,0.0000039251506647,0.0000091389600903
TLK03-NC-WAs,Tomatoes Fresh,PPIC_02_Vegetables,1.66628086715253,0.549801631775685,0.937728057541747,0.0000039251506647,0.0000091389600903
TLK03-NC-WAs,Tomatoes Processing,PPIC_02_Vegetables,1.66628086715253,0.549801631775685,0.937728057541747,0.0000039251506647,0.0000091389600903
TLK03-NC-WAs,Truck,PPIC_02_Vegetables,1.66628086715253,0.549801631775685,0.937728057541747,0.0000039251506647,0.0000091389600903
TLK03-NC-WAs,Beans Dry,PPIC_05_OtherField,1.7016395248374,0.628816309954396,1.03659146549067,0.0000064773330502,0.0000116947792324
TLK03-NC-WAs,Cotton,PPIC_05_OtherField,1.7016395248374,0.628816309954396,1.03659146549067,0.0000064773330502,0.0000116947792324
TLK03-NC-WAs,Field and Grain,PPIC_05_OtherField,1.7016395248374,0.628816309954396,1.03659146549067,0.0000064773330502,0.0000116947792324
TLK03-NC-WAs,Safflower,PPIC_05_OtherField,1.7016395248374,0.628816309954396,1.03659146549067,0.0000064773330502,0.0000116947792324
TLK03-NC-WAs,Sunflowers,PPIC_05_OtherField,1.7016395248374,0.628816309954396,1.03659146549067,0.0000064773330502,0.0000116947792324
TLK03-NC-WAs,Corn,PPIC_03_Grain,1.71786187568245,0.563281134003145,0.976348593022219,0.0000014418504877,0.0000068268635051
TLK03-NC-WAs,Rice,PPIC_03_Grain,1.71786187568245,0.563281134003145,0.976348593022219,0.0000014418504877,0.0000068268635051
TLK03-NC-WAs,Alfalfa,PPIC_01_Feed_Crops,1.73210994923085,0.578404973378961,1.00715521935711,0.0000160715747934,0.0000218152474585
TLK03-NC-WAs,Pasture,PPIC_01_Feed_Crops,1.73210994923085,0.578404973378961,1.00715521935711,0.0000160715747934,0.0000218152474585
TLK04-NC-Lemoore,Almonds,PPIC_04_Trees,1.60740153243631,0.691945099805778,1.06892111001069,0.0000061482613017,0.0000114783791492
TLK04-NC-Lemoore,Grapes Table,PPIC_04_Trees,1.60740153243631,0.691945099805778,1.06892111001069,0.0000061482613017,0.0000114783791492
TLK04-NC-Lemoore,Grapes Wine,PPIC_04_Trees,1.60740153243631,0.691945099805778,1.06892111001069,0.0000061482613017,0.0000114783791492
TLK04-NC-Lemoore,Orchards,PPIC_04_Trees,1.60740153243631,0.691945099805778,1.06892111001069,0.0000061482613017,0.0000114783791492
TLK04-NC-Lemoore,Pistachios,PPIC_04_Trees,1.60740153243631,0.691945099805778,1.06892111001069,0.0000061482613017,0.0000114783791492
TLK04-NC-Lemoore,Subtropical,PPIC_04_Trees,1.60740153243631,0.691945099805778,1.06892111001069,0.0000061482613017,0.0000114783791492
TLK04-NC-Lemoore,Walnuts,PPIC_04_Trees,1.60740153243631,0.691945099805778,1.06892111001069,0.0000061482613017,0.0000114783791492
TLK04-NC-Lemoore,Berries,PPIC_02_Vegetables,1.66628086715253,0.549801631775685,0.937728057541747,0.0000039251506647,0.0000091389600903
TLK04-NC-Lemoore,Cucurbits,PPIC_02_Vegetables,1.66628086715253,0.549801631775685,0.937728057541747,0.0000039251506647,0.0000091389600903
TLK04-NC-Lemoore,Lettuce,PPIC_02_Vegetables,1.66628086715253,0.549801631775685,0.937728057541747,0.0000039251506647,0.0000091389600903
TLK04-NC-Lemoore,Onions and Garlic,PPIC_02_Vegetables,1.66628086715253,0.549801631775685,0.937728057541747,0.0000039251506647,0.0000091389600903
TLK04-NC-Lemoore,Potatoes,PPIC_02_Vegetables,1.66628086715253,0.549801631775685,0.937728057541747,0.0000039251506647,0.0000091389600903
TLK04-NC-Lemoore,Tomatoes Fresh,PPIC_02_Vegetables,1.66628086715253,0.549801631775685,0.937728057541747,0.0000039251506647,0.0000091389600903
TLK04-NC-Lemoore,Tomatoes Processing,PPIC_02_Vegetables,1.66628086715253,0.549801631775685,0.937728057541747,0.0000039251506647,0.0000091389600903
TLK04-NC-Lemoore,Truck,PPIC_02_Vegetables,1.66628086715253,0.549801631775685,0.937728057541747,0.0000039251506647,0.0000091389600903
TLK04-NC-Lemoore,Beans Dry,PPIC_05_OtherField,1.7016395248374,0.628816309954396,1.03659146549067,0.0000064773330502,0.0000116947792324
TLK04-NC-Lemoore,Cotton,PPIC_05_OtherField,1.7016395248374,0.628816309954396,1.03659146549067,0.0000064773330502,0.0000116947792324
TLK04-NC-Lemoore,Field and Grain,PPIC_05_OtherField,1.7016395248374,0.628816309954396,1.03659146549067,0.0000064773330502,0.0000116947792324
TLK04-NC-Lemoore,Safflower,PPIC_05_OtherField,1.7016395248374,0.628816309954396,1.03659146549067,0.0000064773330502,0.0000116947792324
TLK04-NC-Lemoore,Sunflowers,PPIC_05_OtherField,1.7016395248374,0.628816309954396,1.03659146549067,0.0000064773330502,0.0000116947792324
TLK04-NC-Lemoore,Corn,PPIC_03_Grain,1.71786187568245,0.563281134003145,0.976348593022219,0.0000014418504877,0.0000068268635051
TLK04-NC-Lemoore,Rice,PPIC_03_Grain,1.71786187568245,0.563281134003145,0.976348593022219,0.0000014418504877,0.0000068268635051
TLK04-NC-Lemoore,Alfalfa,PPIC_01_Feed_Crops,1.73210994923085,0.578404973378961,1.00715521935711,0.0000160715747934,0.0000218152474585
TLK04-NC-Lemoore,Pasture,PPIC_01_Feed_Crops,1.73210994923085,0.578404973378961,1.00715521935711,0.0000160715747934,0.0000218152474585
TRC01-CC-IDs,Almonds,PPIC_04_Trees,1.60740153243631,0.691945099805778,1.06892111001069,0.0000061482613017,0.0000114783791492
TRC01-CC-IDs,Grapes Table,PPIC_04_Trees,1.60740153243631,0.691945099805778,1.06892111001069,0.0000061482613017,0.0000114783791492
TRC01-CC-IDs,Grapes Wine,PPIC_04_Trees,1.60740153243631,0.691945099805778,1.06892111001069,0.0000061482613017,0.0000114783791492
TRC01-CC-IDs,Orchards,PPIC_04_Trees,1.60740153243631,0.691945099805778,1.06892111001069,0.0000061482613017,0.0000114783791492
TRC01-CC-IDs,Pistachios,PPIC_04_Trees,1.60740153243631,0.691945099805778,1.06892111001069,0.0000061482613017,0.0000114783791492
TRC01-CC-IDs,Subtropical,PPIC_04_Trees,1.60740153243631,0.691945099805778,1.06892111001069,0.0000061482613017,0.0000114783791492
TRC01-CC-IDs,Walnuts,PPIC_04_Trees,1.60740153243631,0.691945099805778,1.06892111001069,0.0000061482613017,0.0000114783791492
TRC01-CC-IDs,Berries,PPIC_02_Vegetables,1.66628086715253,0.549801631775685,0.937728057541747,0.0000039251506647,0.0000091389600903
TRC01-CC-IDs,Cucurbits,PPIC_02_Vegetables,1.66628086715253,0.549801631775685,0.937728057541747,0.0000039251506647,0.0000091389600903
TRC01-CC-IDs,Lettuce,PPIC_02_Vegetables,1.66628086715253,0.549801631775685,0.937728057541747,0.0000039251506647,0.0000091389600903
TRC01-CC-IDs,Onions and Garlic,PPIC_02_Vegetables,1.66628086715253,0.549801631775685,0.937728057541747,0.0000039251506647,0.0000091389600903
TRC01-CC-IDs,Potatoes,PPIC_02_Vegetables,1.66628086715253,0.549801631775685,0.937728057541747,0.0000039251506647,0.0000091389600903
TRC01-CC-IDs,Tomatoes Fresh,PPIC_02_Vegetables,1.66628086715253,0.549801631775685,0.937728057541747,0.0000039251506647,0.0000091389600903
TRC01-CC-IDs,Tomatoes Processing,PPIC_02_Vegetables,1.66628086715253,0.549801631775685,0.937728057541747,0.0000039251506647,0.0000091389600903
TRC01-CC-IDs,Truck,PPIC_02_Vegetables,1.66628086715253,0.549801631775685,0.937728057541747,0.0000039251506647,0.0000091389600903
TRC01-CC-IDs,Beans Dry,PPIC_05_OtherField,1.7016395248374,0.628816309954396,1.03659146549067,0.0000064773330502,0.0000116947792324
TRC01-CC-IDs,Cotton,PPIC_05_OtherField,1.7016395248374,0.628816309954396,1.03659146549067,0.0000064773330502,0.0000116947792324
TRC01-CC-IDs,Field and Grain,PPIC_05_OtherField,1.7016395248374,0.628816309954396,1.03659146549067,0.0000064773330502,0.0000116947792324
TRC01-CC-IDs,Safflower,PPIC_05_OtherField,1.7016395248374,0.628816309954396,1.03659146549067,0.0000064773330502,0.0000116947792324
TRC01-CC-IDs,Sunflowers,PPIC_05_OtherField,1.7016395248374,0.628816309954396,1.03659146549067,0.0000064773330502,0.0000116947792324
TRC01-CC-IDs,Corn,PPIC_03_Grain,1.71786187568245,0.563281134003145,0.976348593022219,0.0000014418504877,0.0000068268635051
TRC01-CC-IDs,Rice,PPIC_03_Grain,1.71786187568245,0.563281134003145,0.976348593022219,0.0000014418504877,0.0000068268635051
TRC01-CC-IDs,Alfalfa,PPIC_01_Feed_Crops,1.73210994923085,0.578404973378961,1.00715521935711,0.0000160715747934,0.0000218152474585
TRC01-CC-IDs,Pasture,PPIC_01_Feed_Crops,1.73210994923085,0.578404973378961,1.00715521935711,0.0000160715747934,0.0000218152474585
TRC02-CC-WAs,Almonds,PPIC_04_Trees,1.60740153243631,0.691945099805778,1.06892111001069,0.0000061482613017,0.0000114783791492
TRC02-CC-WAs,Grapes Table,PPIC_04_Trees,1.60740153243631,0.691945099805778,1.06892111001069,0.0000061482613017,0.0000114783791492
TRC02-CC-WAs,Grapes Wine,PPIC_04_Trees,1.60740153243631,0.691945099805778,1.06892111001069,0.0000061482613017,0.0000114783791492
TRC02-CC-WAs,Orchards,PPIC_04_Trees,1.60740153243631,0.691945099805778,1.06892111001069,0.0000061482613017,0.0000114783791492
TRC02-CC-WAs,Pistachios,PPIC_04_Trees,1.60740153243631,0.691945099805778,1.06892111001069,0.0000061482613017,0.0000114783791492
TRC02-CC-WAs,Subtropical,PPIC_04_Trees,1.60740153243631,0.691945099805778,1.06892111001069,0.0000061482613017,0.0000114783791492
TRC02-CC-WAs,Walnuts,PPIC_04_Trees,1.60740153243631,0.691945099805778,1.06892111001069,0.0000061482613017,0.0000114783791492
TRC02-CC-WAs,Berries,PPIC_02_Vegetables,1.66628086715253,0.549801631775685,0.937728057541747,0.0000039251506647,0.0000091389600903
TRC02-CC-WAs,Cucurbits,PPIC_02_Vegetables,1.66628086715253,0.549801631775685,0.937728057541747,0.0000039251506647,0.0000091389600903
TRC02-CC-WAs,Lettuce,PPIC_02_Vegetables,1.66628086715253,0.549801631775685,0.937728057541747,0.0000039251506647,0.0000091389600903
TRC02-CC-WAs,Onions and Garlic,PPIC_02_Vegetables,1.66628086715253,0.549801631775685,0.937728057541747,0.0000039251506647,0.0000091389600903
TRC02-CC-WAs,Potatoes,PPIC_02_Vegetables,1.66628086715253,0.549801631775685,0.937728057541747,0.0000039251506647,0.0000091389600903
TRC02-CC-WAs,Tomatoes Fresh,PPIC_02_Vegetables,1.66628086715253,0.549801631775685,0.937728057541747,0.0000039251506647,0.0000091389600903
TRC02-CC-WAs,Tomatoes Processing,PPIC_02_Vegetables,1.66628086715253,0.549801631775685,0.937728057541747,0.0000039251506647,0.0000091389600903
TRC02-CC-WAs,Truck,PPIC_02_Vegetables,1.66628086715253,0.549801631775685,0.937728057541747,0.0000039251506647,0.0000091389600903
TRC02-CC-WAs,Beans Dry,PPIC_05_OtherField,1.7016395248374,0.628816309954396,1.03659146549067,0.0000064773330502,0.0000116947792324
TRC02-CC-WAs,Cotton,PPIC_05_OtherField,1.7016395248374,0.628816309954396,1.03659146549067,0.0000064773330502,0.0000116947792324
TRC02-CC-WAs,Field and Grain,PPIC_05_OtherField,1.7016395248374,0.628816309954396,1.03659146549067,0.0000064773330502,0.0000116947792324
TRC02-CC-WAs,Safflower,PPIC_05_OtherField,1.7016395248374,0.628816309954396,1.03659146549067,0.0000064773330502,0.0000116947792324
TRC02-CC-WAs,Sunflowers,PPIC_05_OtherField,1.7016395248374,0.628816309954396,1.03659146549067,0.0000064773330502,0.0000116947792324
TRC02-CC-WAs,Corn,PPIC_03_Grain,1.71786187568245,0.563281134003145,0.976348593022219,0.0000014418504877,0.0000068268635051
TRC02-CC-WAs,Rice,PPIC_03_Grain,1.71786187568245,0.563281134003145,0.976348593022219,0.0000014418504877,0.0000068268635051
TRC02-CC-WAs,Alfalfa,PPIC_01_Feed_Crops,1.73210994923085,0.578404973378961,1.00715521935711,0.0000160715747934,0.0000218152474585
TRC02-CC-WAs,Pasture,PPIC_01_Feed_Crops,1.73210994923085,0.578404973378961,1.00715521935711,0.0000160715747934,0.0000218152474585
TUR01-CW-TID,Almonds,PPIC_04_Trees,1.60740153243631,0.691945099805778,1.06892111001069,0.0000061482613017,0.0000114783791492
TUR01-CW-TID,Grapes Table,PPIC_04_Trees,1.60740153243631,0.691945099805778,1.06892111001069,0.0000061482613017,0.0000114783791492
TUR01-CW-TID,Grapes Wine,PPIC_04_Trees,1.60740153243631,0.691945099805778,1.06892111001069,0.0000061482613017,0.0000114783791492
TUR01-CW-TID,Orchards,PPIC_04_Trees,1.60740153243631,0.691945099805778,1.06892111001069,0.0000061482613017,0.0000114783791492
TUR01-CW-TID,Pistachios,PPIC_04_Trees,1.60740153243631,0.691945099805778,1.06892111001069,0.0000061482613017,0.0000114783791492
TUR01-CW-TID,Subtropical,PPIC_04_Trees,1.60740153243631,0.691945099805778,1.06892111001069,0.0000061482613017,0.0000114783791492
TUR01-CW-TID,Walnuts,PPIC_04_Trees,1.60740153243631,0.691945099805778,1.06892111001069,0.0000061482613017,0.0000114783791492
TUR01-CW-TID,Berries,PPIC_02_Vegetables,1.66628086715253,0.549801631775685,0.937728057541747,0.0000039251506647,0.0000091389600903
TUR01-CW-TID,Cucurbits,PPIC_02_Vegetables,1.66628086715253,0.549801631775685,0.937728057541747,0.0000039251506647,0.0000091389600903
TUR01-CW-TID,Lettuce,PPIC_02_Vegetables,1.66628086715253,0.549801631775685,0.937728057541747,0.0000039251506647,0.0000091389600903
TUR01-CW-TID,Onions and Garlic,PPIC_02_Vegetables,1.66628086715253,0.549801631775685,0.937728057541747,0.0000039251506647,0.0000091389600903
TUR01-CW-TID,Potatoes,PPIC_02_Vegetables,1.66628086715253,0.549801631775685,0.937728057541747,0.0000039251506647,0.0000091389600903
TUR01-CW-TID,Tomatoes Fresh,PPIC_02_Vegetables,1.66628086715253,0.549801631775685,0.937728057541747,0.0000039251506647,0.0000091389600903
TUR01-CW-TID,Tomatoes Processing,PPIC_02_Vegetables,1.66628086715253,0.549801631775685,0.937728057541747,0.0000039251506647,0.0000091389600903
TUR01-CW-TID,Truck,PPIC_02_Vegetables,1.66628086715253,0.549801631775685,0.937728057541747,0.0000039251506647,0.0000091389600903
TUR01-CW-TID,Beans Dry,PPIC_05_OtherField,1.7016395248374,0.628816309954396,1.03659146549067,0.0000064773330502,0.0000116947792324
TUR01-CW-TID,Cotton,PPIC_05_OtherField,1.7016395248374,0.628816309954396,1.03659146549067,0.0000064773330502,0.0000116947792324
TUR01-CW-TID,Field and Grain,PPIC_05_OtherField,1.7016395248374,0.628816309954396,1.03659146549067,0.0000064773330502,0.0000116947792324
TUR01-CW-TID,Safflower,PPIC_05_OtherField,1.7016395248374,0.628816309954396,1.03659146549067,0.0000064773330502,0.0000116947792324
TUR01-CW-TID,Sunflowers,PPIC_05_OtherField,1.7016395248374,0.628816309954396,1.03659146549067,0.0000064773330502,0.0000116947792324
TUR01-CW-TID,Corn,PPIC_03_Grain,1.71786187568245,0.563281134003145,0.976348593022219,0.0000014418504877,0.0000068268635051
TUR01-CW-TID,Rice,PPIC_03_Grain,1.71786187568245,0.563281134003145,0.976348593022219,0.0000014418504877,0.0000068268635051
TUR01-CW-TID,Alfalfa,PPIC_01_Feed_Crops,1.73210994923085,0.578404973378961,1.00715521935711,0.0000160715747934,0.0000218152474585
TUR01-CW-TID,Pasture,PPIC_01_Feed_Crops,1.73210994923085,0.578404973378961,1.00715521935711,0.0000160715747934,0.0000218152474585
TUR02-SE-MID,Almonds,PPIC_04_Trees,1.60740153243631,0.691945099805778,1.06892111001069,0.0000061482613017,0.0000114783791492
TUR02-SE-MID,Grapes Table,PPIC_04_Trees,1.60740153243631,0.691945099805778,1.06892111001069,0.0000061482613017,0.0000114783791492
TUR02-SE-MID,Grapes Wine,PPIC_04_Trees,1.60740153243631,0.691945099805778,1.06892111001069,0.0000061482613017,0.0000114783791492
TUR02-SE-MID,Orchards,PPIC_04_Trees,1.60740153243631,0.691945099805778,1.06892111001069,0.0000061482613017,0.0000114783791492
TUR02-SE-MID,Pistachios,PPIC_04_Trees,1.60740153243631,0.691945099805778,1.06892111001069,0.0000061482613017,0.0000114783791492
TUR02-SE-MID,Subtropical,PPIC_04_Trees,1.60740153243631,0.691945099805778,1.06892111001069,0.0000061482613017,0.0000114783791492
TUR02-SE-MID,Walnuts,PPIC_04_Trees,1.60740153243631,0.691945099805778,1.06892111001069,0.0000061482613017,0.0000114783791492
TUR02-SE-MID,Berries,PPIC_02_Vegetables,1.66628086715253,0.549801631775685,0.937728057541747,0.0000039251506647,0.0000091389600903
TUR02-SE-MID,Cucurbits,PPIC_02_Vegetables,1.66628086715253,0.549801631775685,0.937728057541747,0.0000039251506647,0.0000091389600903
TUR02-SE-MID,Lettuce,PPIC_02_Vegetables,1.66628086715253,0.549801631775685,0.937728057541747,0.0000039251506647,0.0000091389600903
TUR02-SE-MID,Onions and Garlic,PPIC_02_Vegetables,1.66628086715253,0.549801631775685,0.937728057541747,0.0000039251506647,0.0000091389600903
TUR02-SE-MID,Potatoes,PPIC_02_Vegetables,1.66628086715253,0.549801631775685,0.937728057541747,0.0000039251506647,0.0000091389600903
TUR02-SE-MID,Tomatoes Fresh,PPIC_02_Vegetables,1.66628086715253,0.549801631775685,0.937728057541747,0.0000039251506647,0.0000091389600903
TUR02-SE-MID,Tomatoes Processing,PPIC_02_Vegetables,1.66628086715253,0.549801631775685,0.937728057541747,0.0000039251506647,0.0000091389600903
TUR02-SE-MID,Truck,PPIC_02_Vegetables,1.66628086715253,0.549801631775685,0.937728057541747,0.0000039251506647,0.0000091389600903
TUR02-SE-MID,Beans Dry,PPIC_05_OtherField,1.7016395248374,0.628816309954396,1.03659146549067,0.0000064773330502,0.0000116947792324
TUR02-SE-MID,Cotton,PPIC_05_OtherField,1.7016395248374,0.628816309954396,1.03659146549067,0.0000064773330502,0.0000116947792324
TUR02-SE-MID,Field and Grain,PPIC_05_OtherField,1.7016395248374,0.628816309954396,1.03659146549067,0.0000064773330502,0.0000116947792324
TUR02-SE-MID,Safflower,PPIC_05_OtherField,1.7016395248374,0.628816309954396,1.03659146549067,0.0000064773330502,0.0000116947792324
TUR02-SE-MID,Sunflowers,PPIC_05_OtherField,1.7016395248374,0.628816309954396,1.03659146549067,0.0000064773330502,0.0000116947792324
TUR02-SE-MID,Corn,PPIC_03_Grain,1.71786187568245,0.563281134003145,0.976348593022219,0.0000014418504877,0.0000068268635051
TUR02-SE-MID,Rice,PPIC_03_Grain,1.71786187568245,0.563281134003145,0.976348593022219,0.0000014418504877,0.0000068268635051
TUR02-SE-MID,Alfalfa,PPIC_01_Feed_Crops,1.73210994923085,0.578404973378961,1.00715521935711,0.0000160715747934,0.0000218152474585
TUR02-SE-MID,Pasture,PPIC_01_Feed_Crops,1.73210994923085,0.578404973378961,1.00715521935711,0.0000160715747934,0.0000218152474585
TUR03-E-WA,Almonds,PPIC_04_Trees,1.60740153243631,0.691945099805778,1.06892111001069,0.0000061482613017,0.0000114783791492
TUR03-E-WA,Grapes Table,PPIC_04_Trees,1.60740153243631,0.691945099805778,1.06892111001069,0.0000061482613017,0.0000114783791492
TUR03-E-WA,Grapes Wine,PPIC_04_Trees,1.60740153243631,0.691945099805778,1.06892111001069,0.0000061482613017,0.0000114783791492
TUR03-E-WA,Orchards,PPIC_04_Trees,1.60740153243631,0.691945099805778,1.06892111001069,0.0000061482613017,0.0000114783791492
TUR03-E-WA,Pistachios,PPIC_04_Trees,1.60740153243631,0.691945099805778,1.06892111001069,0.0000061482613017,0.0000114783791492
TUR03-E-WA,Subtropical,PPIC_04_Trees,1.60740153243631,0.691945099805778,1.06892111001069,0.0000061482613017,0.0000114783791492
TUR03-E-WA,Walnuts,PPIC_04_Trees,1.60740153243631,0.691945099805778,1.06892111001069,0.0000061482613017,0.0000114783791492
TUR03-E-WA,Berries,PPIC_02_Vegetables,1.66628086715253,0.549801631775685,0.937728057541747,0.0000039251506647,0.0000091389600903
TUR03-E-WA,Cucurbits,PPIC_02_Vegetables,1.66628086715253,0.549801631775685,0.937728057541747,0.0000039251506647,0.0000091389600903
TUR03-E-WA,Lettuce,PPIC_02_Vegetables,1.66628086715253,0.549801631775685,0.937728057541747,0.0000039251506647,0.0000091389600903
TUR03-E-WA,Onions and Garlic,PPIC_02_Vegetables,1.66628086715253,0.549801631775685,0.937728057541747,0.0000039251506647,0.0000091389600903
TUR03-E-WA,Potatoes,PPIC_02_Vegetables,1.66628086715253,0.549801631775685,0.937728057541747,0.0000039251506647,0.0000091389600903
TUR03-E-WA,Tomatoes Fresh,PPIC_02_Vegetables,1.66628086715253,0.549801631775685,0.937728057541747,0.0000039251506647,0.0000091389600903
TUR03-E-WA,Tomatoes Processing,PPIC_02_Vegetables,1.66628086715253,0.549801631775685,0.937728057541747,0.0000039251506647,0.0000091389600903
TUR03-E-WA,Truck,PPIC_02_Vegetables,1.66628086715253,0.549801631775685,0.937728057541747,0.0000039251506647,0.0000091389600903
TUR03-E-WA,Beans Dry,PPIC_05_OtherField,1.7016395248374,0.628816309954396,1.03659146549067,0.0000064773330502,0.0000116947792324
TUR03-E-WA,Cotton,PPIC_05_OtherField,1.7016395248374,0.628816309954396,1.03659146549067,0.0000064773330502,0.0000116947792324
TUR03-E-WA,Field and Grain,PPIC_05_OtherField,1.7016395248374,0.628816309954396,1.03659146549067,0.0000064773330502,0.0000116947792324
TUR03-E-WA,Safflower,PPIC_05_OtherField,1.7016395248374,0.628816309954396,1.03659146549067,0.0000064773330502,0.0000116947792324
TUR03-E-WA,Sunflowers,PPIC_05_OtherField,1.7016395248374,0.628816309954396,1.03659146549067,0.0000064773330502,0.0000116947792324
TUR03-E-WA,Corn,PPIC_03_Grain,1.71786187568245,0.563281134003145,0.976348593022219,0.0000014418504877,0.0000068268635051
TUR03-E-WA,Rice,PPIC_03_Grain,1.71786187568245,0.563281134003145,0.976348593022219,0.0000014418504877,0.0000068268635051
TUR03-E-WA,Alfalfa,PPIC_01_Feed_Crops,1.73210994923085,0.578404973378961,1.00715521935711,0.0000160715747934,0.0000218152474585
TUR03-E-WA,Pasture,PPIC_01_Feed_Crops,1.73210994923085,0.578404973378961,1.00715521935711,0.0000160715747934,0.0000218152474585
VNA01-FULL,Beans Dry,PPIC_05_OtherField,1.48042893228129,0.885604107695223,1.17631974615459,0.0000014521670601,0.0000045694202856
VNA01-FULL,Cotton,PPIC_05_OtherField,1.48042893228129,0.885604107695223,1.17631974615459,0.0000014521670601,0.0000045694202856
VNA01-FULL,Field and Grain,PPIC_05_OtherField,1.48042893228129,0.885604107695223,1.17631974615459,0.0000014521670601,0.0000045694202856
VNA01-FULL,Safflower,PPIC_05_OtherField,1.48042893228129,0.885604107695223,1.17631974615459,0.0000014521670601,0.0000045694202856
VNA01-FULL,Sunflowers,PPIC_05_OtherField,1.48042893228129,0.885604107695223,1.17631974615459,0.0000014521670601,0.0000045694202856
VNA01-FULL,Almonds,PPIC_04_Trees,1.61984788457122,0.692275371065863,1.08465708966897,0.0000090683511071,0.0000139457786238
VNA01-FULL,Grapes Table,PPIC_04_Trees,1.61984788457122,0.692275371065863,1.08465708966897,0.0000090683511071,0.0000139457786238
VNA01-FULL,Grapes Wine,PPIC_04_Trees,1.61984788457122,0.692275371065863,1.08465708966897,0.0000090683511071,0.0000139457786238
VNA01-FULL,Orchards,PPIC_04_Trees,1.61984788457122,0.692275371065863,1.08465708966897,0.0000090683511071,0.0000139457786238
VNA01-FULL,Pistachios,PPIC_04_Trees,1.61984788457122,0.692275371065863,1.08465708966897,0.0000090683511071,0.0000139457786238
VNA01-FULL,Subtropical,PPIC_04_Trees,1.61984788457122,0.692275371065863,1.08465708966897,0.0000090683511071,0.0000139457786238
VNA01-FULL,Walnuts,PPIC_04_Trees,1.61984788457122,0.692275371065863,1.08465708966897,0.0000090683511071,0.0000139457786238
VNA01-FULL,Berries,PPIC_02_Vegetables,1.7034434239029,0.549801686728929,0.971795820804474,0.0000049695172853,0.0000099109114865
VNA01-FULL,Cucurbits,PPIC_02_Vegetables,1.7034434239029,0.549801686728929,0.971795820804474,0.0000049695172853,0.0000099109114865
VNA01-FULL,Lettuce,PPIC_02_Vegetables,1.7034434239029,0.549801686728929,0.971795820804474,0.0000049695172853,0.0000099109114865
VNA01-FULL,Onions and Garlic,PPIC_02_Vegetables,1.7034434239029,0.549801686728929,0.971795820804474,0.0000049695172853,0.0000099109114865
VNA01-FULL,Potatoes,PPIC_02_Vegetables,1.7034434239029,0.549801686728929,0.971795820804474,0.0000049695172853,0.0000099109114865
VNA01-FULL,Tomatoes Fresh,PPIC_02_Vegetables,1.7034434239029,0.549801686728929,0.971795820804474,0.0000049695172853,0.0000099109114865
VNA01-FULL,Tomatoes Processing,PPIC_02_Vegetables,1.7034434239029,0.549801686728929,0.971795820804474,0.0000049695172853,0.0000099109114865
VNA01-FULL,Truck,PPIC_02_Vegetables,1.7034434239029,0.549801686728929,0.971795820804474,0.0000049695172853,0.0000099109114865
VNA01-FULL,Corn,PPIC_03_Grain,1.73391190502281,0.563281167375603,1.00026595495366,0.0000020679451474,0.0000070425164941
VNA01-FULL,Rice,PPIC_03_Grain,1.73391190502281,0.563281167375603,1.00026595495366,0.0000020679451474,0.0000070425164941
VNA01-FULL,Alfalfa,PPIC_01_Feed_Crops,1.88958912121113,0.57840494843677,1.11175872273374,0.0000338773582163,0.0000400034987227
VNA01-FULL,Pasture,PPIC_01_Feed_Crops,1.88958912121113,0.57840494843677,1.11175872273374,0.0000338773582163,0.0000400034987227
WST01-ALL,Almonds,PPIC_04_Trees,1.60740153243631,0.691945099805778,1.06892111001069,0.0000061482613017,0.0000114783791492
WST01-ALL,Grapes Table,PPIC_04_Trees,1.60740153243631,0.691945099805778,1.06892111001069,0.0000061482613017,0.0000114783791492
WST01-ALL,Grapes Wine,PPIC_04_Trees,1.60740153243631,0.691945099805778,1.06892111001069,0.0000061482613017,0.0000114783791492
WST01-ALL,Orchards,PPIC_04_Trees,1.60740153243631,0.691945099805778,1.06892111001069,0.0000061482613017,0.0000114783791492
WST01-ALL,Pistachios,PPIC_04_Trees,1.60740153243631,0.691945099805778,1.06892111001069,0.0000061482613017,0.0000114783791492
WST01-ALL,Subtropical,PPIC_04_Trees,1.60740153243631,0.691945099805778,1.06892111001069,0.0000061482613017,0.0000114783791492
WST01-ALL,Walnuts,PPIC_04_Trees,1.60740153243631,0.691945099805778,1.06892111001069,0.0000061482613017,0.0000114783791492
WST01-ALL,Berries,PPIC_02_Vegetables,1.66628086715253,0.549801631775685,0.937728057541747,0.0000039251506647,0.0000091389600903
WST01-ALL,Cucurbits,PPIC_02_Vegetables,1.66628086715253,0.549801631775685,0.937728057541747,0.0000039251506647,0.0000091389600903
WST01-ALL,Lettuce,PPIC_02_Vegetables,1.66628086715253,0.549801631775685,0.937728057541747,0.0000039251506647,0.0000091389600903
WST01-ALL,Onions and Garlic,PPIC_02_Vegetables,1.66628086715253,0.549801631775685,0.937728057541747,0.0000039251506647,0.0000091389600903
WST01-ALL,Potatoes,PPIC_02_Vegetables,1.66628086715253,0.549801631775685,0.937728057541747,0.0000039251506647,0.0000091389600903
WST01-ALL,Tomatoes Fresh,PPIC_02_Vegetables,1.66628086715253,0.549801631775685,0.937728057541747,0.0000039251506647,0.0000091389600903
WST01-ALL,Tomatoes Processing,PPIC_02_Vegetables,1.66628086715253,0.549801631775685,0.937728057541747,0.0000039251506647,0.0000091389600903
WST01-ALL,Truck,PPIC_02_Vegetables,1.66628086715253,0.549801631775685,0.937728057541747,0.0000039251506647,0.0000091389600903
WST01-ALL,Beans Dry,PPIC_05_OtherField,1.7016395248374,0.628816309954396,1.03659146549067,0.0000064773330502,0.0000116947792324
WST01-ALL,Cotton,PPIC_05_OtherField,1.7016395248374,0.628816309954396,1.03659146549067,0.0000064773330502,0.0000116947792324
WST01-ALL,Field and Grain,PPIC_05_OtherField,1.7016395248374,0.628816309954396,1.03659146549067,0.0000064773330502,0.0000116947792324
WST01-ALL,Safflower,PPIC_05_OtherField,1.7016395248374,0.628816309954396,1.03659146549067,0.0000064773330502,0.0000116947792324
WST01-ALL,Sunflowers,PPIC_05_OtherField,1.7016395248374,0.628816309954396,1.03659146549067,0.0000064773330502,0.0000116947792324
WST01-ALL,Corn,PPIC_03_Grain,1.71786187568245,0.563281134003145,0.976348593022219,0.0000014418504877,0.0000068268635051
WST01-ALL,Rice,PPIC_03_Grain,1.71786187568245,0.563281134003145,0.976348593022219,0.0000014418504877,0.0000068268635051
WST01-ALL,Alfalfa,PPIC_01_Feed_Crops,1.73210994923085,0.578404973378961,1.00715521935711,0.0000160715747934,0.0000218152474585
WST01-ALL,Pasture,PPIC_01_Feed_Crops,1.73210994923085,0.578404973378961,1.00715521935711,0.0000160715747934,0.0000218152474585
WWS01,Almonds,PPIC_04_Trees,1.60740153243631,0.691945099805778,1.06892111001069,0.0000061482613017,0.0000114783791492
WWS01,Grapes Table,PPIC_04_Trees,1.60740153243631,0.691945099805778,1.06892111001069,0.0000061482613017,0.0000114783791492
WWS01,Grapes Wine,PPIC_04_Trees,1.60740153243631,0.691945099805778,1.06892111001069,0.0000061482613017,0.0000114783791492
WWS01,Orchards,PPIC_04_Trees,1.60740153243631,0.691945099805778,1.06892111001069,0.0000061482613017,0.0000114783791492
WWS01,Pistachios,PPIC_04_Trees,1.60740153243631,0.691945099805778,1.06892111001069,0.0000061482613017,0.0000114783791492
WWS01,Subtropical,PPIC_04_Trees,1.60740153243631,0.691945099805778,1.06892111001069,0.0000061482613017,0.0000114783791492
WWS01,Walnuts,PPIC_04_Trees,1.60740153243631,0.691945099805778,1.06892111001069,0.0000061482613017,0.0000114783791492
WWS01,Berries,PPIC_02_Vegetables,1.66628086715253,0.549801631775685,0.937728057541747,0.0000039251506647,0.0000091389600903
WWS01,Cucurbits,PPIC_02_Vegetables,1.66628086715253,0.549801631775685,0.937728057541747,0.0000039251506647,0.0000091389600903
WWS01,Lettuce,PPIC_02_Vegetables,1.66628086715253,0.549801631775685,0.937728057541747,0.0000039251506647,0.0000091389600903
WWS01,Onions and Garlic,PPIC_02_Vegetables,1.66628086715253,0.549801631775685,0.937728057541747,0.0000039251506647,0.0000091389600903
WWS01,Potatoes,PPIC_02_Vegetables,1.66628086715253,0.549801631775685,0.937728057541747,0.0000039251506647,0.0000091389600903
WWS01,Tomatoes Fresh,PPIC_02_Vegetables,1.66628086715253,0.549801631775685,0.937728057541747,0.0000039251506647,0.0000091389600903
WWS01,Tomatoes Processing,PPIC_02_Vegetables,1.66628086715253,0.549801631775685,0.937728057541747,0.0000039251506647,0.0000091389600903
WWS01,Truck,PPIC_02_Vegetables,1.66628086715253,0.549801631775685,0.937728057541747,0.0000039251506647,0.0000091389600903
WWS01,Beans Dry,PPIC_05_OtherField,1.7016395248374,0.628816309954396,1.03659146549067,0.0000064773330502,0.0000116947792324
WWS01,Cotton,PPIC_05_OtherField,1.7016395248374,0.628816309954396,1.03659146549067,0.0000064773330502,0.0000116947792324
WWS01,Field and Grain,PPIC_05_OtherField,1.7016395248374,0.628816309954396,1.03659146549067,0.0000064773330502,0.0000116947792324
WWS01,Safflower,PPIC_05_OtherField,1.7016395248374,0.628816309954396,1.03659146549067,0.0000064773330502,0.0000116947792324
WWS01,Sunflowers,PPIC_05_OtherField,1.7016395248374,0.628816309954396,1.03659146549067,0.0000064773330502,0.0000116947792324
WWS01,Corn,PPIC_03_Grain,1.71786187568245,0.563281134003145,0.976348593022219,0.0000014418504877,0.0000068268635051
WWS01,Rice,PPIC_03_Grain,1.71786187568245,0.563281134003145,0.976348593022219,0.0000014418504877,0.0000068268635051
WWS01,Alfalfa,PPIC_01_Feed_Crops,1.73210994923085,0.578404973378961,1.00715521935711,0.0000160715747934,0.0000218152474585
WWS01,Pasture,PPIC_01_Feed_Crops,1.73210994923085,0.578404973378961,1.00715521935711,0.0000160715747934,0.0000218152474585
WYC01-FULL,Beans Dry,PPIC_05_OtherField,1.48042893228129,0.885604107695223,1.17631974615459,0.0000014521670601,0.0000045694202856
WYC01-FULL,Cotton,PPIC_05_OtherField,1.48042893228129,0.885604107695223,1.17631974615459,0.0000014521670601,0.0000045694202856
WYC01-FULL,Field and Grain,PPIC_05_OtherField,1.48042893228129,0.885604107695223,1.17631974615459,0.0000014521670601,0.0000045694202856
WYC01-FULL,Safflower,PPIC_05_OtherField,1.48042893228129,0.885604107695223,1.17631974615459,0.0000014521670601,0.0000045694202856
WYC01-FULL,Sunflowers,PPIC_05_OtherField,1.48042893228129,0.885604107695223,1.17631974615459,0.0000014521670601,0.0000045694202856
WYC01-FULL,Almonds,PPIC_04_Trees,1.61984788457122,0.692275371065863,1.08465708966897,0.0000090683511071,0.0000139457786238
WYC01-FULL,Grapes Table,PPIC_04_Trees,1.61984788457122,0.692275371065863,1.08465708966897,0.0000090683511071,0.0000139457786238
WYC01-FULL,Grapes Wine,PPIC_04_Trees,1.61984788457122,0.692275371065863,1.08465708966897,0.0000090683511071,0.0000139457786238
WYC01-FULL,Orchards,PPIC_04_Trees,1.61984788457122,0.692275371065863,1.08465708966897,0.0000090683511071,0.0000139457786238
WYC01-FULL,Pistachios,PPIC_04_Trees,1.61984788457122,0.692275371065863,1.08465708966897,0.0000090683511071,0.0000139457786238
WYC01-FULL,Subtropical,PPIC_04_Trees,1.61984788457122,0.692275371065863,1.08465708966897,0.0000090683511071,0.0000139457786238
WYC01-FULL,Walnuts,PPIC_04_Trees,1.61984788457122,0.692275371065863,1.08465708966897,0.0000090683511071,0.0000139457786238
WYC01-FULL,Berries,PPIC_02_Vegetables,1.7034434239029,0.549801686728929,0.971795820804474,0.0000049695172853,0.0000099109114865
WYC01-FULL,Cucurbits,PPIC_02_Vegetables,1.7034434239029,0.549801686728929,0.971795820804474,0.0000049695172853,0.0000099109114865
WYC01-FULL,Lettuce,PPIC_02_Vegetables,1.7034434239029,0.549801686728929,0.971795820804474,0.0000049695172853,0.0000099109114865
WYC01-FULL,Onions and Garlic,PPIC_02_Vegetables,1.7034434239029,0.549801686728929,0.971795820804474,0.0000049695172853,0.0000099109114865
WYC01-FULL,Potatoes,PPIC_02_Vegetables,1.7034434239029,0.549801686728929,0.971795820804474,0.0000049695172853,0.0000099109114865
WYC01-FULL,Tomatoes Fresh,PPIC_02_Vegetables,1.7034434239029,0.549801686728929,0.971795820804474,0.0000049695172853,0.0000099109114865
WYC01-FULL,Tomatoes Processing,PPIC_02_Vegetables,1.7034434239029,0.549801686728929,0.971795820804474,0.0000049695172853,0.0000099109114865
WYC01-FULL,Truck,PPIC_02_Vegetables,1.7034434239029,0.549801686728929,0.971795820804474,0.0000049695172853,0.0000099109114865
WYC01-FULL,Corn,PPIC_03_Grain,1.73391190502281,0.563281167375603,1.00026595495366,0.0000020679451474,0.0000070425164941
WYC01-FULL,Rice,PPIC_03_Grain,1.73391190502281,0.563281167375603,1.00026595495366,0.0000020679451474,0.0000070425164941
WYC01-FULL,Alfalfa,PPIC_01_Feed_Crops,1.88958912121113,0.57840494843677,1.11175872273374,0.0000338773582163,0.0000400034987227
WYC01-FULL,Pasture,PPIC_01_Feed_Crops,1.88958912121113,0.57840494843677,1.11175872273374,0.0000338773582163,0.0000400034987227
YLO01-SE-IDs,Beans Dry,PPIC_05_OtherField,1.48042893228129,0.885604107695223,1.17631974615459,0.0000014521670601,0.0000045694202856
YLO01-SE-IDs,Cotton,PPIC_05_OtherField,1.48042893228129,0.885604107695223,1.17631974615459,0.0000014521670601,0.0000045694202856
YLO01-SE-IDs,Field and Grain,PPIC_05_OtherField,1.48042893228129,0.885604107695223,1.17631974615459,0.0000014521670601,0.0000045694202856
YLO01-SE-IDs,Safflower,PPIC_05_OtherField,1.48042893228129,0.885604107695223,1.17631974615459,0.0000014521670601,0.0000045694202856
YLO01-SE-IDs,Sunflowers,PPIC_05_OtherField,1.48042893228129,0.885604107695223,1.17631974615459,0.0000014521670601,0.0000045694202856
YLO01-SE-IDs,Almonds,PPIC_04_Trees,1.61984788457122,0.692275371065863,1.08465708966897,0.0000090683511071,0.0000139457786238
YLO01-SE-IDs,Grapes Table,PPIC_04_Trees,1.61984788457122,0.692275371065863,1.08465708966897,0.0000090683511071,0.0000139457786238
YLO01-SE-IDs,Grapes Wine,PPIC_04_Trees,1.61984788457122,0.692275371065863,1.08465708966897,0.0000090683511071,0.0000139457786238
YLO01-SE-IDs,Orchards,PPIC_04_Trees,1.61984788457122,0.692275371065863,1.08465708966897,0.0000090683511071,0.0000139457786238
YLO01-SE-IDs,Pistachios,PPIC_04_Trees,1.61984788457122,0.692275371065863,1.08465708966897,0.0000090683511071,0.0000139457786238
YLO01-SE-IDs,Subtropical,PPIC_04_Trees,1.61984788457122,0.692275371065863,1.08465708966897,0.0000090683511071,0.0000139457786238
YLO01-SE-IDs,Walnuts,PPIC_04_Trees,1.61984788457122,0.692275371065863,1.08465708966897,0.0000090683511071,0.0000139457786238
YLO01-SE-IDs,Berries,PPIC_02_Vegetables,1.7034434239029,0.549801686728929,0.971795820804474,0.0000049695172853,0.0000099109114865
YLO01-SE-IDs,Cucurbits,PPIC_02_Vegetables,1.7034434239029,0.549801686728929,0.971795820804474,0.0000049695172853,0.0000099109114865
YLO01-SE-IDs,Lettuce,PPIC_02_Vegetables,1.7034434239029,0.549801686728929,0.971795820804474,0.0000049695172853,0.0000099109114865
YLO01-SE-IDs,Onions and Garlic,PPIC_02_Vegetables,1.7034434239029,0.549801686728929,0.971795820804474,0.0000049695172853,0.0000099109114865
YLO01-SE-IDs,Potatoes,PPIC_02_Vegetables,1.7034434239029,0.549801686728929,0.971795820804474,0.0000049695172853,0.0000099109114865
YLO01-SE-IDs,Tomatoes Fresh,PPIC_02_Vegetables,1.7034434239029,0.549801686728929,0.971795820804474,0.0000049695172853,0.0000099109114865
YLO01-SE-IDs,Tomatoes Processing,PPIC_02_Vegetables,1.7034434239029,0.549801686728929,0.971795820804474,0.0000049695172853,0.0000099109114865
YLO01-SE-IDs,Truck,PPIC_02_Vegetables,1.7034434239029,0.549801686728929,0.971795820804474,0.0000049695172853,0.0000099109114865
YLO01-SE-IDs,Corn,PPIC_03_Grain,1.73391190502281,0.563281167375603,1.00026595495366,0.0000020679451474,0.0000070425164941
YLO01-SE-IDs,Rice,PPIC_03_Grain,1.73391190502281,0.563281167375603,1.00026595495366,0.0000020679451474,0.0000070425164941
YLO01-SE-IDs,Alfalfa,PPIC_01_Feed_Crops,1.88958912121113,0.57840494843677,1.11175872273374,0.0000338773582163,0.0000400034987227
YLO01-SE-IDs,Pasture,PPIC_01_Feed_Crops,1.88958912121113,0.57840494843677,1.11175872273374,0.0000338773582163,0.0000400034987227
YLO02-NE-IDs,Beans Dry,PPIC_05_OtherField,1.48042893228129,0.885604107695223,1.17631974615459,0.0000014521670601,0.0000045694202856
YLO02-NE-IDs,Cotton,PPIC_05_OtherField,1.48042893228129,0.885604107695223,1.17631974615459,0.0000014521670601,0.0000045694202856
YLO02-NE-IDs,Field and Grain,PPIC_05_OtherField,1.48042893228129,0.885604107695223,1.17631974615459,0.0000014521670601,0.0000045694202856
YLO02-NE-IDs,Safflower,PPIC_05_OtherField,1.48042893228129,0.885604107695223,1.17631974615459,0.0000014521670601,0.0000045694202856
YLO02-NE-IDs,Sunflowers,PPIC_05_OtherField,1.48042893228129,0.885604107695223,1.17631974615459,0.0000014521670601,0.0000045694202856
YLO02-NE-IDs,Almonds,PPIC_04_Trees,1.61984788457122,0.692275371065863,1.08465708966897,0.0000090683511071,0.0000139457786238
YLO02-NE-IDs,Grapes Table,PPIC_04_Trees,1.61984788457122,0.692275371065863,1.08465708966897,0.0000090683511071,0.0000139457786238
YLO02-NE-IDs,Grapes Wine,PPIC_04_Trees,1.61984788457122,0.692275371065863,1.08465708966897,0.0000090683511071,0.0000139457786238
YLO02-NE-IDs,Orchards,PPIC_04_Trees,1.61984788457122,0.692275371065863,1.08465708966897,0.0000090683511071,0.0000139457786238
YLO02-NE-IDs,Pistachios,PPIC_04_Trees,1.61984788457122,0.692275371065863,1.08465708966897,0.0000090683511071,0.0000139457786238
YLO02-NE-IDs,Subtropical,PPIC_04_Trees,1.61984788457122,0.692275371065863,1.08465708966897,0.0000090683511071,0.0000139457786238
YLO02-NE-IDs,Walnuts,PPIC_04_Trees,1.61984788457122,0.692275371065863,1.08465708966897,0.0000090683511071,0.0000139457786238
YLO02-NE-IDs,Berries,PPIC_02_Vegetables,1.7034434239029,0.549801686728929,0.971795820804474,0.0000049695172853,0.0000099109114865
YLO02-NE-IDs,Cucurbits,PPIC_02_Vegetables,1.7034434239029,0.549801686728929,0.971795820804474,0.0000049695172853,0.0000099109114865
YLO02-NE-IDs,Lettuce,PPIC_02_Vegetables,1.7034434239029,0.549801686728929,0.971795820804474,0.0000049695172853,0.0000099109114865
YLO02-NE-IDs,Onions and Garlic,PPIC_02_Vegetables,1.7034434239029,0.549801686728929,0.971795820804474,0.0000049695172853,0.0000099109114865
YLO02-NE-IDs,Potatoes,PPIC_02_Vegetables,1.7034434239029,0.549801686728929,0.971795820804474,0.0000049695172853,0.0000099109114865
YLO02-NE-IDs,Tomatoes Fresh,PPIC_02_Vegetables,1.7034434239029,0.549801686728929,0.971795820804474,0.0000049695172853,0.0000099109114865
YLO02-NE-IDs,Tomatoes Processing,PPIC_02_Vegetables,1.7034434239029,0.549801686728929,0.971795820804474,0.0000049695172853,0.0000099109114865
YLO02-NE-IDs,Truck,PPIC_02_Vegetables,1.7034434239029,0.549801686728929,0.971795820804474,0.0000049695172853,0.0000099109114865
YLO02-NE-IDs,Corn,PPIC_03_Grain,1.73391190502281,0.563281167375603,1.00026595495366,0.0000020679451474,0.0000070425164941
YLO02-NE-IDs,Rice,PPIC_03_Grain,1.73391190502281,0.563281167375603,1.00026595495366,0.0000020679451474,0.0000070425164941
YLO02-NE-IDs,Alfalfa,PPIC_01_Feed_Crops,1.88958912121113,0.57840494843677,1.11175872273374,0.0000338773582163,0.0000400034987227
YLO02-NE-IDs,Pasture,PPIC_01_Feed_Crops,1.88958912121113,0.57840494843677,1.11175872273374,0.0000338773582163,0.0000400034987227
YLO03-CC-WAs,Beans Dry,PPIC_05_OtherField,1.48042893228129,0.885604107695223,1.17631974615459,0.0000014521670601,0.0000045694202856
YLO03-CC-WAs,Cotton,PPIC_05_OtherField,1.48042893228129,0.885604107695223,1.17631974615459,0.0000014521670601,0.0000045694202856
YLO03-CC-WAs,Field and Grain,PPIC_05_OtherField,1.48042893228129,0.885604107695223,1.17631974615459,0.0000014521670601,0.0000045694202856
YLO03-CC-WAs,Safflower,PPIC_05_OtherField,1.48042893228129,0.885604107695223,1.17631974615459,0.0000014521670601,0.0000045694202856
YLO03-CC-WAs,Sunflowers,PPIC_05_OtherField,1.48042893228129,0.885604107695223,1.17631974615459,0.0000014521670601,0.0000045694202856
YLO03-CC-WAs,Almonds,PPIC_04_Trees,1.61984788457122,0.692275371065863,1.08465708966897,0.0000090683511071,0.0000139457786238
YLO03-CC-WAs,Grapes Table,PPIC_04_Trees,1.61984788457122,0.692275371065863,1.08465708966897,0.0000090683511071,0.0000139457786238
YLO03-CC-WAs,Grapes Wine,PPIC_04_Trees,1.61984788457122,0.692275371065863,1.08465708966897,0.0000090683511071,0.0000139457786238
YLO03-CC-WAs,Orchards,PPIC_04_Trees,1.61984788457122,0.692275371065863,1.08465708966897,0.0000090683511071,0.0000139457786238
YLO03-CC-WAs,Pistachios,PPIC_04_Trees,1.61984788457122,0.692275371065863,1.08465708966897,0.0000090683511071,0.0000139457786238
YLO03-CC-WAs,Subtropical,PPIC_04_Trees,1.61984788457122,0.692275371065863,1.08465708966897,0.0000090683511071,0.0000139457786238
YLO03-CC-WAs,Walnuts,PPIC_04_Trees,1.61984788457122,0.692275371065863,1.08465708966897,0.0000090683511071,0.0000139457786238
YLO03-CC-WAs,Berries,PPIC_02_Vegetables,1.7034434239029,0.549801686728929,0.971795820804474,0.0000049695172853,0.0000099109114865
YLO03-CC-WAs,Cucurbits,PPIC_02_Vegetables,1.7034434239029,0.549801686728929,0.971795820804474,0.0000049695172853,0.0000099109114865
YLO03-CC-WAs,Lettuce,PPIC_02_Vegetables,1.7034434239029,0.549801686728929,0.971795820804474,0.0000049695172853,0.0000099109114865
YLO03-CC-WAs,Onions and Garlic,PPIC_02_Vegetables,1.7034434239029,0.549801686728929,0.971795820804474,0.0000049695172853,0.0000099109114865
YLO03-CC-WAs,Potatoes,PPIC_02_Vegetables,1.7034434239029,0.549801686728929,0.971795820804474,0.0000049695172853,0.0000099109114865
YLO03-CC-WAs,Tomatoes Fresh,PPIC_02_Vegetables,1.7034434239029,0.549801686728929,0.971795820804474,0.0000049695172853,0.0000099109114865
YLO03-CC-WAs,Tomatoes Processing,PPIC_02_Vegetables,1.7034434239029,0.549801686728929,0.971795820804474,0.0000049695172853,0.0000099109114865
YLO03-CC-WAs,Truck,PPIC_02_Vegetables,1.7034434239029,0.549801686728929,0.971795820804474,0.0000049695172853,0.0000099109114865
YLO03-CC-WAs,Corn,PPIC_03_Grain,1.73391190502281,0.563281167375603,1.00026595495366,0.0000020679451474,0.0000070425164941
YLO03-CC-WAs,Rice,PPIC_03_Grain,1.73391190502281,0.563281167375603,1.00026595495366,0.0000020679451474,0.0000070425164941
YLO03-CC-WAs,Alfalfa,PPIC_01_Feed_Crops,1.88958912121113,0.57840494843677,1.11175872273374,0.0000338773582163,0.0000400034987227
YLO03-CC-WAs,Pasture,PPIC_01_Feed_Crops,1.88958912121113,0.57840494843677,1.11175872273374,0.0000338773582163,0.0000400034987227
TLE04-E-WAs,Almonds,PPIC_04_Trees,1.60740153243631,0.691945099805778,1.06892111001069,0.0000061482613017,0.0000114783791492
TLE04-E-WAs,Grapes Table,PPIC_04_Trees,1.60740153243631,0.691945099805778,1.06892111001069,0.0000061482613017,0.0000114783791492
TLE04-E-WAs,Grapes Wine,PPIC_04_Trees,1.60740153243631,0.691945099805778,1.06892111001069,0.0000061482613017,0.0000114783791492
TLE04-E-WAs,Orchards,PPIC_04_Trees,1.60740153243631,0.691945099805778,1.06892111001069,0.0000061482613017,0.0000114783791492
TLE04-E-WAs,Pistachios,PPIC_04_Trees,1.60740153243631,0.691945099805778,1.06892111001069,0.0000061482613017,0.0000114783791492
TLE04-E-WAs,Subtropical,PPIC_04_Trees,1.60740153243631,0.691945099805778,1.06892111001069,0.0000061482613017,0.0000114783791492
TLE04-E-WAs,Walnuts,PPIC_04_Trees,1.60740153243631,0.691945099805778,1.06892111001069,0.0000061482613017,0.0000114783791492
TLE04-E-WAs,Berries,PPIC_02_Vegetables,1.66628086715253,0.549801631775685,0.937728057541747,0.0000039251506647,0.0000091389600903
TLE04-E-WAs,Cucurbits,PPIC_02_Vegetables,1.66628086715253,0.549801631775685,0.937728057541747,0.0000039251506647,0.0000091389600903
TLE04-E-WAs,Lettuce,PPIC_02_Vegetables,1.66628086715253,0.549801631775685,0.937728057541747,0.0000039251506647,0.0000091389600903
TLE04-E-WAs,Onions and Garlic,PPIC_02_Vegetables,1.66628086715253,0.549801631775685,0.937728057541747,0.0000039251506647,0.0000091389600903
TLE04-E-WAs,Potatoes,PPIC_02_Vegetables,1.66628086715253,0.549801631775685,0.937728057541747,0.0000039251506647,0.0000091389600903
TLE04-E-WAs,Tomatoes Fresh,PPIC_02_Vegetables,1.66628086715253,0.549801631775685,0.937728057541747,0.0000039251506647,0.0000091389600903
TLE04-E-WAs,Tomatoes Processing,PPIC_02_Vegetables,1.66628086715253,0.549801631775685,0.937728057541747,0.0000039251506647,0.0000091389600903
TLE04-E-WAs,Truck,PPIC_02_Vegetables,1.66628086715253,0.549801631775685,0.937728057541747,0.0000039251506647,0.0000091389600903
TLE04-E-WAs,Beans Dry,PPIC_05_OtherField,1.7016395248374,0.628816309954396,1.03659146549067,0.0000064773330502,0.0000116947792324
TLE04-E-WAs,Cotton,PPIC_05_OtherField,1.7016395248374,0.628816309954396,1.03659146549067,0.0000064773330502,0.0000116947792324
TLE04-E-WAs,Field and Grain,PPIC_05_OtherField,1.7016395248374,0.628816309954396,1.03659146549067,0.0000064773330502,0.0000116947792324
TLE04-E-WAs,Safflower,PPIC_05_OtherField,1.7016395248374,0.628816309954396,1.03659146549067,0.0000064773330502,0.0000116947792324
TLE04-E-WAs,Sunflowers,PPIC_05_OtherField,1.7016395248374,0.628816309954396,1.03659146549067,0.0000064773330502,0.0000116947792324
TLE04-E-WAs,Corn,PPIC_03_Grain,1.71786187568245,0.563281134003145,0.976348593022219,0.0000014418504877,0.0000068268635051
TLE04-E-WAs,Rice,PPIC_03_Grain,1.71786187568245,0.563281134003145,0.976348593022219,0.0000014418504877,0.0000068268635051
TLE04-E-WAs,Alfalfa,PPIC_01_Feed_Crops,1.73210994923085,0.578404973378961,1.00715521935711,0.0000160715747934,0.0000218152474585
TLE04-E-WAs,Pasture,PPIC_01_Feed_Crops,1.73210994923085,0.578404973378961,1.00715521935711,0.0000160715747934,0.0000218152474585
TLE03-E-ID,Almonds,PPIC_04_Trees,1.60740153243631,0.691945099805778,1.06892111001069,0.0000061482613017,0.0000114783791492
TLE03-E-ID,Grapes Table,PPIC_04_Trees,1.60740153243631,0.691945099805778,1.06892111001069,0.0000061482613017,0.0000114783791492
TLE03-E-ID,Grapes Wine,PPIC_04_Trees,1.60740153243631,0.691945099805778,1.06892111001069,0.0000061482613017,0.0000114783791492
TLE03-E-ID,Orchards,PPIC_04_Trees,1.60740153243631,0.691945099805778,1.06892111001069,0.0000061482613017,0.0000114783791492
TLE03-E-ID,Pistachios,PPIC_04_Trees,1.60740153243631,0.691945099805778,1.06892111001069,0.0000061482613017,0.0000114783791492
TLE03-E-ID,Subtropical,PPIC_04_Trees,1.60740153243631,0.691945099805778,1.06892111001069,0.0000061482613017,0.0000114783791492
TLE03-E-ID,Walnuts,PPIC_04_Trees,1.60740153243631,0.691945099805778,1.06892111001069,0.0000061482613017,0.0000114783791492
TLE03-E-ID,Berries,PPIC_02_Vegetables,1.66628086715253,0.549801631775685,0.937728057541747,0.0000039251506647,0.0000091389600903
TLE03-E-ID,Cucurbits,PPIC_02_Vegetables,1.66628086715253,0.549801631775685,0.937728057541747,0.0000039251506647,0.0000091389600903
TLE03-E-ID,Lettuce,PPIC_02_Vegetables,1.66628086715253,0.549801631775685,0.937728057541747,0.0000039251506647,0.0000091389600903
TLE03-E-ID,Onions and Garlic,PPIC_02_Vegetables,1.66628086715253,0.549801631775685,0.937728057541747,0.0000039251506647,0.0000091389600903
TLE03-E-ID,Potatoes,PPIC_02_Vegetables,1.66628086715253,0.549801631775685,0.937728057541747,0.0000039251506647,0.0000091389600903
TLE03-E-ID,Tomatoes Fresh,PPIC_02_Vegetables,1.66628086715253,0.549801631775685,0.937728057541747,0.0000039251506647,0.0000091389600903
TLE03-E-ID,Tomatoes Processing,PPIC_02_Vegetables,1.66628086715253,0.549801631775685,0.937728057541747,0.0000039251506647,0.0000091389600903
TLE03-E-ID,Truck,PPIC_02_Vegetables,1.66628086715253,0.549801631775685,0.937728057541747,0.0000039251506647,0.0000091389600903
TLE03-E-ID,Beans Dry,PPIC_05_OtherField,1.7016395248374,0.628816309954396,1.03659146549067,0.0000064773330502,0.0000116947792324
TLE03-E-ID,Cotton,PPIC_05_OtherField,1.7016395248374,0.628816309954396,1.03659146549067,0.0000064773330502,0.0000116947792324
TLE03-E-ID,Field and Grain,PPIC_05_OtherField,1.7016395248374,0.628816309954396,1.03659146549067,0.0000064773330502,0.0000116947792324
TLE03-E-ID,Safflower,PPIC_05_OtherField,1.7016395248374,0.628816309954396,1.03659146549067,0.0000064773330502,0.0000116947792324
TLE03-E-ID,Sunflowers,PPIC_05_OtherField,1.7016395248374,0.628816309954396,1.03659146549067,0.0000064773330502,0.0000116947792324
TLE03-E-ID,Corn,PPIC_03_Grain,1.71786187568245,0.563281134003145,0.976348593022219,0.0000014418504877,0.0000068268635051
TLE03-E-ID,Rice,PPIC_03_Grain,1.71786187568245,0.563281134003145,0.976348593022219,0.0000014418504877,0.0000068268635051
TLE03-E-ID,Alfalfa,PPIC_01_Feed_Crops,1.73210994923085,0.578404973378961,1.00715521935711,0.0000160715747934,0.0000218152474585
TLE03-E-ID,Pasture,PPIC_01_Feed_Crops,1.73210994923085,0.578404973378961,1.00715521935711,0.0000160715747934,0.0000218152474585
