{ "type": "Feature", "properties": { "OpenAgName": "  - TRC02-CC-WAs", "Subregion": "TRC02-CC-WAs", "Area_Acre": 4544.06183332, "Basin_Numb": " ", "Basin_Subb": "TRC02-CC-WAs" }, "geometry": { "type": "MultiPolygon", "coordinates": [ [ [ [ -121.42888, 37.89306 ], [ -121.42645, 37.89801 ], [ -121.42975, 37.89299 ], [ -121.43101, 37.89302 ], [ -121.43822, 37.89117 ], [ -121.44107, 37.8911 ], [ -121.44084, 37.88941 ], [ -121.44131, 37.88862 ], [ -121.44537, 37.88632 ], [ -121.44743, 37.88567 ], [ -121.45148, 37.88247 ], [ -121.46081, 37.88272 ], [ -121.4647, 37.88245 ], [ -121.46798, 37.88436 ], [ -121.4731, 37.88567 ], [ -121.47654, 37.88601 ], [ -121.48421, 37.88591 ], [ -121.48512, 37.8865 ], [ -121.48477, 37.88877 ], [ -121.48538, 37.88928 ], [ -121.48696, 37.88951 ], [ -121.48739, 37.88989 ], [ -121.48948, 37.88931 ], [ -121.50395, 37.88312 ], [ -121.50638, 37.88319 ], [ -121.5075, 37.88285 ], [ -121.51024, 37.8805 ], [ -121.54883, 37.86406 ], [ -121.55151, 37.86281 ], [ -121.55285, 37.86124 ], [ -121.55272, 37.86124 ], [ -121.55256, 37.86119 ], [ -121.48978, 37.88786 ], [ -121.48818, 37.88803 ], [ -121.48769, 37.8877 ], [ -121.48768, 37.88568 ], [ -121.48567, 37.88434 ], [ -121.48207, 37.88507 ], [ -121.47942, 37.88507 ], [ -121.47768, 37.8846 ], [ -121.47524, 37.88487 ], [ -121.47254, 37.88434 ], [ -121.46954, 37.88316 ], [ -121.46918, 37.8815 ], [ -121.46816, 37.88117 ], [ -121.46311, 37.88162 ], [ -121.45955, 37.88159 ], [ -121.45717, 37.88111 ], [ -121.45597, 37.88131 ], [ -121.4483, 37.85578 ], [ -121.44816, 37.85424 ], [ -121.44931, 37.85082 ], [ -121.40805, 37.85099 ], [ -121.409, 37.85531 ], [ -121.4086, 37.86064 ], [ -121.40585, 37.86384 ], [ -121.40241, 37.86932 ], [ -121.40168, 37.86982 ], [ -121.40157, 37.8711 ], [ -121.40236, 37.87324 ], [ -121.40226, 37.8756 ], [ -121.40106, 37.87687 ], [ -121.4021, 37.87816 ], [ -121.4033, 37.87873 ], [ -121.40664, 37.87711 ], [ -121.40776, 37.87704 ], [ -121.40844, 37.87742 ], [ -121.41007, 37.88135 ], [ -121.40974, 37.88538 ], [ -121.41181, 37.88762 ], [ -121.41523, 37.88912 ], [ -121.41815, 37.88961 ], [ -121.42012, 37.8908 ], [ -121.42105, 37.8907 ], [ -121.42217, 37.88983 ], [ -121.42299, 37.88973 ], [ -121.42436, 37.89069 ], [ -121.42587, 37.89112 ], [ -121.42725, 37.89287 ], [ -121.42888, 37.89306 ] ] ] ] } }
{ "type": "Feature", "properties": { "OpenAgName": "Scott River Valley", "Subregion": "SCOT-001" , "Basin_Subb": "0-001" , "Shape_Leng": 3.9867097757900001, "Shape_Area": 0.02786366008, "Area_Acre": 63831.4352927 }, "geometry": { "type": "MultiPolygon", "coordinates": [ [ [ [ -122.7, 41.3, 0.0 ], [ -122.7, 41.3, 0.0 ], [ -122.7, 41.3, 0.0 ], [ -122.7, 41.3, 0.0 ], [ -122.7, 41.3, 0.0 ], [ -122.8, 41.3, 0.0 ], [ -122.8, 41.3, 0.0 ], [ -122.8, 41.3, 0.0 ], [ -122.7, 41.3, 0.0 ], [ -122.7, 41.3, 0.0 ], [ -122.7, 41.3, 0.0 ], [ -122.7, 41.3, 0.0 ], [ -122.7, 41.3, 0.0 ], [ -122.7, 41.4, 0.0 ], [ -122.8, 41.4, 0.0 ], [ -122.8, 41.4, 0.0 ], [ -122.8, 41.4, 0.0 ], [ -122.8, 41.4, 0.0 ], [ -122.8, 41.4, 0.0 ], [ -122.7, 41.4, 0.0 ], [ -122.7, 41.4, 0.0 ], [ -122.7, 41.4, 0.0 ], [ -122.7, 41.4, 0.0 ], [ -122.7, 41.4, 0.0 ], [ -122.7, 41.4, 0.0 ], [ -122.7, 41.4, 0.0 ], [ -122.7, 41.4, 0.0 ], [ -122.7, 41.4, 0.0 ], [ -122.7, 41.4, 0.0 ], [ -122.7, 41.4, 0.0 ], [ -122.7, 41.4, 0.0 ], [ -122.7, 41.4, 0.0 ], [ -122.7, 41.4, 0.0 ], [ -122.7, 41.4, 0.0 ], [ -122.7, 41.4, 0.0 ], [ -122.7, 41.4, 0.0 ], [ -122.7, 41.4, 0.0 ], [ -122.7, 41.4, 0.0 ], [ -122.7, 41.4, 0.0 ], [ -122.7, 41.4, 0.0 ], [ -122.7, 41.4, 0.0 ], [ -122.7, 41.4, 0.0 ], [ -122.7, 41.4, 0.0 ], [ -122.7, 41.4, 0.0 ], [ -122.7, 41.4, 0.0 ], [ -122.7, 41.4, 0.0 ], [ -122.7, 41.4, 0.0 ], [ -122.7, 41.4, 0.0 ], [ -122.7, 41.4, 0.0 ], [ -122.7, 41.4, 0.0 ], [ -122.7, 41.4, 0.0 ], [ -122.7, 41.4, 0.0 ], [ -122.7, 41.4, 0.0 ], [ -122.7, 41.4, 0.0 ], [ -122.7, 41.4, 0.0 ], [ -122.8, 41.4, 0.0 ], [ -122.7, 41.4, 0.0 ], [ -122.7, 41.4, 0.0 ], [ -122.7, 41.4, 0.0 ], [ -122.7, 41.4, 0.0 ], [ -122.7, 41.4, 0.0 ], [ -122.7, 41.4, 0.0 ], [ -122.8, 41.4, 0.0 ], [ -122.8, 41.4, 0.0 ], [ -122.8, 41.4, 0.0 ], [ -122.8, 41.4, 0.0 ], [ -122.8, 41.4, 0.0 ], [ -122.8, 41.4, 0.0 ], [ -122.8, 41.4, 0.0 ], [ -122.8, 41.4, 0.0 ], [ -122.8, 41.4, 0.0 ], [ -122.8, 41.4, 0.0 ], [ -122.8, 41.4, 0.0 ], [ -122.8, 41.3, 0.0 ], [ -122.8, 41.3, 0.0 ], [ -122.8, 41.3, 0.0 ], [ -122.8, 41.3, 0.0 ], [ -122.8, 41.3, 0.0 ], [ -122.8, 41.3, 0.0 ], [ -122.8, 41.3, 0.0 ], [ -122.8, 41.3, 0.0 ], [ -122.8, 41.3, 0.0 ], [ -122.8, 41.3, 0.0 ], [ -122.8, 41.3, 0.0 ], [ -122.8, 41.3, 0.0 ], [ -122.8, 41.3, 0.0 ], [ -122.8, 41.3, 0.0 ], [ -122.8, 41.3, 0.0 ], [ -122.8, 41.3, 0.0 ], [ -122.8, 41.3, 0.0 ], [ -122.8, 41.3, 0.0 ], [ -122.8, 41.3, 0.0 ], [ -122.8, 41.3, 0.0 ], [ -122.8, 41.3, 0.0 ], [ -122.8, 41.3, 0.0 ], [ -122.8, 41.3, 0.0 ], [ -122.8, 41.3, 0.0 ], [ -122.8, 41.3, 0.0 ], [ -122.8, 41.3, 0.0 ], [ -122.8, 41.3, 0.0 ], [ -122.8, 41.3, 0.0 ], [ -122.8, 41.3, 0.0 ], [ -122.8, 41.3, 0.0 ], [ -122.8, 41.3, 0.0 ], [ -122.8, 41.3, 0.0 ], [ -122.8, 41.3, 0.0 ], [ -122.8, 41.4, 0.0 ], [ -122.8, 41.4, 0.0 ], [ -122.8, 41.4, 0.0 ], [ -122.8, 41.4, 0.0 ], [ -122.8, 41.4, 0.0 ], [ -122.8, 41.4, 0.0 ], [ -122.8, 41.4, 0.0 ], [ -122.8, 41.4, 0.0 ], [ -122.8, 41.4, 0.0 ], [ -122.8, 41.4, 0.0 ], [ -122.8, 41.4, 0.0 ], [ -122.8, 41.4, 0.0 ], [ -122.8, 41.4, 0.0 ], [ -122.8, 41.4, 0.0 ], [ -122.8, 41.4, 0.0 ], [ -122.8, 41.4, 0.0 ], [ -122.8, 41.4, 0.0 ], [ -122.8, 41.4, 0.0 ], [ -122.8, 41.4, 0.0 ], [ -122.8, 41.4, 0.0 ], [ -122.8, 41.4, 0.0 ], [ -122.8, 41.4, 0.0 ], [ -122.8, 41.4, 0.0 ], [ -122.8, 41.4, 0.0 ], [ -122.8, 41.4, 0.0 ], [ -122.8, 41.4, 0.0 ], [ -122.8, 41.4, 0.0 ], [ -122.8, 41.4, 0.0 ], [ -122.8, 41.4, 0.0 ], [ -122.8, 41.4, 0.0 ], [ -122.8, 41.4, 0.0 ], [ -122.8, 41.4, 0.0 ], [ -122.8, 41.4, 0.0 ], [ -122.8, 41.4, 0.0 ], [ -122.8, 41.4, 0.0 ], [ -122.8, 41.4, 0.0 ], [ -122.8, 41.4, 0.0 ], [ -122.8, 41.4, 0.0 ], [ -122.8, 41.4, 0.0 ], [ -122.8, 41.4, 0.0 ], [ -122.8, 41.4, 0.0 ], [ -122.8, 41.4, 0.0 ], [ -122.8, 41.4, 0.0 ], [ -122.8, 41.4, 0.0 ], [ -122.8, 41.4, 0.0 ], [ -122.8, 41.4, 0.0 ], [ -122.8, 41.4, 0.0 ], [ -122.8, 41.4, 0.0 ], [ -122.8, 41.4, 0.0 ], [ -122.8, 41.4, 0.0 ], [ -122.8, 41.4, 0.0 ], [ -122.8, 41.4, 0.0 ], [ -122.8, 41.4, 0.0 ], [ -122.8, 41.4, 0.0 ], [ -122.8, 41.4, 0.0 ], [ -122.8, 41.4, 0.0 ], [ -122.8, 41.4, 0.0 ], [ -122.8, 41.4, 0.0 ], [ -122.8, 41.4, 0.0 ], [ -122.8, 41.4, 0.0 ], [ -122.8, 41.4, 0.0 ], [ -122.8, 41.4, 0.0 ], [ -122.8, 41.4, 0.0 ], [ -122.8, 41.4, 0.0 ], [ -122.8, 41.4, 0.0 ], [ -122.8, 41.4, 0.0 ], [ -122.8, 41.4, 0.0 ], [ -122.8, 41.4, 0.0 ], [ -122.8, 41.4, 0.0 ], [ -122.8, 41.4, 0.0 ], [ -122.8, 41.4, 0.0 ], [ -122.8, 41.4, 0.0 ], [ -122.8, 41.4, 0.0 ], [ -122.8, 41.4, 0.0 ], [ -122.8, 41.5, 0.0 ], [ -122.8, 41.5, 0.0 ], [ -122.8, 41.5, 0.0 ], [ -122.8, 41.5, 0.0 ], [ -122.8, 41.5, 0.0 ], [ -122.8, 41.5, 0.0 ], [ -122.8, 41.5, 0.0 ], [ -122.8, 41.5, 0.0 ], [ -122.8, 41.5, 0.0 ], [ -122.8, 41.5, 0.0 ], [ -122.8, 41.5, 0.0 ], [ -122.8, 41.5, 0.0 ], [ -122.8, 41.5, 0.0 ], [ -122.8, 41.5, 0.0 ], [ -122.8, 41.5, 0.0 ], [ -122.8, 41.4, 0.0 ], [ -122.8, 41.4, 0.0 ], [ -122.8, 41.4, 0.0 ], [ -122.8, 41.4, 0.0 ], [ -122.8, 41.4, 0.0 ], [ -122.8, 41.4, 0.0 ], [ -122.8, 41.4, 0.0 ], [ -122.8, 41.4, 0.0 ], [ -122.8, 41.4, 0.0 ], [ -122.8, 41.4, 0.0 ], [ -122.8, 41.4, 0.0 ], [ -122.8, 41.4, 0.0 ], [ -122.8, 41.4, 0.0 ], [ -122.8, 41.4, 0.0 ], [ -122.8, 41.4, 0.0 ], [ -122.8, 41.4, 0.0 ], [ -122.8, 41.4, 0.0 ], [ -122.8, 41.4, 0.0 ], [ -122.8, 41.4, 0.0 ], [ -122.8, 41.4, 0.0 ], [ -122.8, 41.4, 0.0 ], [ -122.8, 41.4, 0.0 ], [ -122.8, 41.4, 0.0 ], [ -122.8, 41.4, 0.0 ], [ -122.8, 41.4, 0.0 ], [ -122.8, 41.4, 0.0 ], [ -122.8, 41.4, 0.0 ], [ -122.8, 41.4, 0.0 ], [ -122.8, 41.4, 0.0 ], [ -122.8, 41.4, 0.0 ], [ -122.8, 41.4, 0.0 ], [ -122.8, 41.4, 0.0 ], [ -122.8, 41.4, 0.0 ], [ -122.8, 41.4, 0.0 ], [ -122.8, 41.4, 0.0 ], [ -122.8, 41.4, 0.0 ], [ -122.8, 41.4, 0.0 ], [ -122.8, 41.4, 0.0 ], [ -122.8, 41.4, 0.0 ], [ -122.8, 41.4, 0.0 ], [ -122.8, 41.4, 0.0 ], [ -122.8, 41.4, 0.0 ], [ -122.8, 41.4, 0.0 ], [ -122.8, 41.5, 0.0 ], [ -122.8, 41.5, 0.0 ], [ -122.8, 41.5, 0.0 ], [ -122.8, 41.4, 0.0 ], [ -122.8, 41.4, 0.0 ], [ -122.8, 41.4, 0.0 ], [ -122.8, 41.4, 0.0 ], [ -122.8, 41.4, 0.0 ], [ -122.8, 41.4, 0.0 ], [ -122.8, 41.4, 0.0 ], [ -122.8, 41.5, 0.0 ], [ -122.8, 41.5, 0.0 ], [ -122.8, 41.5, 0.0 ], [ -122.8, 41.5, 0.0 ], [ -122.8, 41.5, 0.0 ], [ -122.8, 41.5, 0.0 ], [ -122.8, 41.5, 0.0 ], [ -122.8, 41.5, 0.0 ], [ -122.8, 41.5, 0.0 ], [ -122.8, 41.5, 0.0 ], [ -122.8, 41.5, 0.0 ], [ -122.8, 41.5, 0.0 ], [ -122.8, 41.5, 0.0 ], [ -122.8, 41.5, 0.0 ], [ -122.8, 41.5, 0.0 ], [ -122.8, 41.5, 0.0 ], [ -122.8, 41.5, 0.0 ], [ -122.8, 41.5, 0.0 ], [ -122.8, 41.5, 0.0 ], [ -122.8, 41.5, 0.0 ], [ -122.8, 41.5, 0.0 ], [ -122.8, 41.5, 0.0 ], [ -122.8, 41.5, 0.0 ], [ -122.8, 41.5, 0.0 ], [ -122.8, 41.5, 0.0 ], [ -122.8, 41.5, 0.0 ], [ -122.8, 41.5, 0.0 ], [ -122.8, 41.5, 0.0 ], [ -122.8, 41.5, 0.0 ], [ -122.8, 41.5, 0.0 ], [ -122.8, 41.5, 0.0 ], [ -122.8, 41.5, 0.0 ], [ -122.8, 41.5, 0.0 ], [ -122.8, 41.5, 0.0 ], [ -122.8, 41.5, 0.0 ], [ -122.8, 41.5, 0.0 ], [ -122.8, 41.5, 0.0 ], [ -122.8, 41.5, 0.0 ], [ -122.8, 41.5, 0.0 ], [ -122.8, 41.5, 0.0 ], [ -122.8, 41.5, 0.0 ], [ -122.8, 41.5, 0.0 ], [ -122.8, 41.5, 0.0 ], [ -122.8, 41.5, 0.0 ], [ -122.8, 41.5, 0.0 ], [ -122.8, 41.5, 0.0 ], [ -122.8, 41.5, 0.0 ], [ -122.8, 41.5, 0.0 ], [ -122.8, 41.5, 0.0 ], [ -122.8, 41.5, 0.0 ], [ -122.8, 41.5, 0.0 ], [ -122.8, 41.5, 0.0 ], [ -122.8, 41.5, 0.0 ], [ -122.8, 41.5, 0.0 ], [ -122.8, 41.5, 0.0 ], [ -122.8, 41.5, 0.0 ], [ -122.8, 41.5, 0.0 ], [ -122.8, 41.5, 0.0 ], [ -122.8, 41.5, 0.0 ], [ -122.8, 41.5, 0.0 ], [ -122.8, 41.5, 0.0 ], [ -122.8, 41.5, 0.0 ], [ -122.8, 41.5, 0.0 ], [ -122.8, 41.5, 0.0 ], [ -122.8, 41.5, 0.0 ], [ -122.8, 41.5, 0.0 ], [ -122.8, 41.5, 0.0 ], [ -122.8, 41.5, 0.0 ], [ -122.8, 41.5, 0.0 ], [ -122.8, 41.5, 0.0 ], [ -122.8, 41.5, 0.0 ], [ -122.8, 41.5, 0.0 ], [ -122.8, 41.5, 0.0 ], [ -122.8, 41.5, 0.0 ], [ -122.8, 41.5, 0.0 ], [ -122.8, 41.5, 0.0 ], [ -122.8, 41.5, 0.0 ], [ -122.8, 41.5, 0.0 ], [ -122.8, 41.5, 0.0 ], [ -122.8, 41.5, 0.0 ], [ -122.8, 41.5, 0.0 ], [ -122.8, 41.5, 0.0 ], [ -122.8, 41.5, 0.0 ], [ -122.8, 41.5, 0.0 ], [ -122.8, 41.5, 0.0 ], [ -122.8, 41.5, 0.0 ], [ -122.8, 41.5, 0.0 ], [ -122.8, 41.5, 0.0 ], [ -122.8, 41.5, 0.0 ], [ -122.8, 41.5, 0.0 ], [ -122.8, 41.5, 0.0 ], [ -122.8, 41.5, 0.0 ], [ -122.8, 41.5, 0.0 ], [ -122.8, 41.5, 0.0 ], [ -122.8, 41.5, 0.0 ], [ -122.8, 41.5, 0.0 ], [ -122.8, 41.5, 0.0 ], [ -122.8, 41.5, 0.0 ], [ -122.8, 41.5, 0.0 ], [ -122.8, 41.5, 0.0 ], [ -122.8, 41.5, 0.0 ], [ -122.8, 41.5, 0.0 ], [ -122.8, 41.5, 0.0 ], [ -122.8, 41.5, 0.0 ], [ -122.8, 41.5, 0.0 ], [ -122.8, 41.5, 0.0 ], [ -122.8, 41.5, 0.0 ], [ -122.8, 41.5, 0.0 ], [ -122.8, 41.5, 0.0 ], [ -122.8, 41.5, 0.0 ], [ -122.8, 41.5, 0.0 ], [ -122.8, 41.5, 0.0 ], [ -122.8, 41.5, 0.0 ], [ -122.8, 41.5, 0.0 ], [ -122.8, 41.5, 0.0 ], [ -122.8, 41.5, 0.0 ], [ -122.8, 41.5, 0.0 ], [ -122.8, 41.5, 0.0 ], [ -122.8, 41.5, 0.0 ], [ -122.8, 41.5, 0.0 ], [ -122.8, 41.5, 0.0 ], [ -122.8, 41.5, 0.0 ], [ -122.8, 41.5, 0.0 ], [ -122.8, 41.5, 0.0 ], [ -122.8, 41.5, 0.0 ], [ -122.8, 41.5, 0.0 ], [ -122.8, 41.5, 0.0 ], [ -122.8, 41.5, 0.0 ], [ -122.8, 41.5, 0.0 ], [ -122.8, 41.5, 0.0 ], [ -122.8, 41.5, 0.0 ], [ -122.8, 41.5, 0.0 ], [ -122.8, 41.5, 0.0 ], [ -122.8, 41.5, 0.0 ], [ -122.8, 41.5, 0.0 ], [ -122.8, 41.5, 0.0 ], [ -122.8, 41.5, 0.0 ], [ -122.8, 41.5, 0.0 ], [ -122.8, 41.5, 0.0 ], [ -122.8, 41.5, 0.0 ], [ -122.8, 41.5, 0.0 ], [ -122.8, 41.5, 0.0 ], [ -122.8, 41.5, 0.0 ], [ -122.8, 41.5, 0.0 ], [ -122.8, 41.5, 0.0 ], [ -122.8, 41.5, 0.0 ], [ -122.8, 41.5, 0.0 ], [ -122.8, 41.5, 0.0 ], [ -122.8, 41.5, 0.0 ], [ -122.8, 41.5, 0.0 ], [ -122.8, 41.5, 0.0 ], [ -122.8, 41.5, 0.0 ], [ -122.8, 41.5, 0.0 ], [ -122.8, 41.5, 0.0 ], [ -122.8, 41.5, 0.0 ], [ -122.8, 41.5, 0.0 ], [ -122.8, 41.5, 0.0 ], [ -122.8, 41.5, 0.0 ], [ -122.8, 41.5, 0.0 ], [ -122.8, 41.5, 0.0 ], [ -122.8, 41.5, 0.0 ], [ -122.8, 41.5, 0.0 ], [ -122.8, 41.5, 0.0 ], [ -122.8, 41.5, 0.0 ], [ -122.8, 41.5, 0.0 ], [ -122.8, 41.5, 0.0 ], [ -122.8, 41.5, 0.0 ], [ -122.8, 41.5, 0.0 ], [ -122.8, 41.5, 0.0 ], [ -122.8, 41.5, 0.0 ], [ -122.8, 41.5, 0.0 ], [ -122.8, 41.5, 0.0 ], [ -122.8, 41.5, 0.0 ], [ -122.8, 41.5, 0.0 ], [ -122.8, 41.5, 0.0 ], [ -122.8, 41.5, 0.0 ], [ -122.8, 41.5, 0.0 ], [ -122.8, 41.5, 0.0 ], [ -122.8, 41.5, 0.0 ], [ -122.8, 41.5, 0.0 ], [ -122.8, 41.5, 0.0 ], [ -122.8, 41.5, 0.0 ], [ -122.8, 41.5, 0.0 ], [ -122.8, 41.6, 0.0 ], [ -122.8, 41.6, 0.0 ], [ -122.8, 41.6, 0.0 ], [ -122.8, 41.6, 0.0 ], [ -122.8, 41.6, 0.0 ], [ -122.8, 41.6, 0.0 ], [ -122.8, 41.6, 0.0 ], [ -122.8, 41.6, 0.0 ], [ -122.8, 41.6, 0.0 ], [ -122.8, 41.6, 0.0 ], [ -122.8, 41.6, 0.0 ], [ -122.8, 41.6, 0.0 ], [ -122.8, 41.6, 0.0 ], [ -122.8, 41.6, 0.0 ], [ -122.8, 41.6, 0.0 ], [ -122.8, 41.6, 0.0 ], [ -122.8, 41.6, 0.0 ], [ -122.8, 41.6, 0.0 ], [ -122.8, 41.6, 0.0 ], [ -122.8, 41.6, 0.0 ], [ -122.8, 41.6, 0.0 ], [ -122.8, 41.6, 0.0 ], [ -122.8, 41.6, 0.0 ], [ -122.8, 41.6, 0.0 ], [ -122.8, 41.6, 0.0 ], [ -122.8, 41.6, 0.0 ], [ -122.8, 41.6, 0.0 ], [ -122.8, 41.6, 0.0 ], [ -122.8, 41.6, 0.0 ], [ -122.8, 41.6, 0.0 ], [ -122.8, 41.6, 0.0 ], [ -122.8, 41.6, 0.0 ], [ -122.8, 41.6, 0.0 ], [ -122.8, 41.6, 0.0 ], [ -122.8, 41.6, 0.0 ], [ -122.8, 41.6, 0.0 ], [ -122.8, 41.6, 0.0 ], [ -122.8, 41.6, 0.0 ], [ -122.8, 41.6, 0.0 ], [ -122.8, 41.6, 0.0 ], [ -122.8, 41.6, 0.0 ], [ -122.8, 41.6, 0.0 ], [ -122.8, 41.6, 0.0 ], [ -122.8, 41.6, 0.0 ], [ -122.8, 41.6, 0.0 ], [ -122.8, 41.6, 0.0 ], [ -122.8, 41.6, 0.0 ], [ -122.8, 41.6, 0.0 ], [ -122.8, 41.6, 0.0 ], [ -122.8, 41.6, 0.0 ], [ -122.8, 41.6, 0.0 ], [ -122.8, 41.6, 0.0 ], [ -122.8, 41.6, 0.0 ], [ -122.8, 41.6, 0.0 ], [ -122.8, 41.6, 0.0 ], [ -122.7, 41.6, 0.0 ], [ -122.7, 41.6, 0.0 ], [ -122.7, 41.6, 0.0 ], [ -122.7, 41.6, 0.0 ], [ -122.7, 41.6, 0.0 ], [ -122.7, 41.6, 0.0 ], [ -122.7, 41.6, 0.0 ], [ -122.7, 41.6, 0.0 ], [ -122.8, 41.6, 0.0 ], [ -122.8, 41.6, 0.0 ], [ -122.8, 41.6, 0.0 ], [ -122.8, 41.6, 0.0 ], [ -122.8, 41.6, 0.0 ], [ -122.8, 41.6, 0.0 ], [ -122.8, 41.6, 0.0 ], [ -122.8, 41.6, 0.0 ], [ -122.8, 41.6, 0.0 ], [ -122.8, 41.6, 0.0 ], [ -122.8, 41.6, 0.0 ], [ -122.8, 41.6, 0.0 ], [ -122.8, 41.6, 0.0 ], [ -122.8, 41.6, 0.0 ], [ -122.8, 41.6, 0.0 ], [ -122.8, 41.6, 0.0 ], [ -122.8, 41.6, 0.0 ], [ -122.8, 41.6, 0.0 ], [ -122.8, 41.6, 0.0 ], [ -122.8, 41.6, 0.0 ], [ -122.8, 41.6, 0.0 ], [ -122.8, 41.6, 0.0 ], [ -122.8, 41.6, 0.0 ], [ -122.8, 41.6, 0.0 ], [ -122.8, 41.6, 0.0 ], [ -122.8, 41.6, 0.0 ], [ -122.8, 41.6, 0.0 ], [ -122.8, 41.6, 0.0 ], [ -122.8, 41.6, 0.0 ], [ -122.8, 41.6, 0.0 ], [ -122.8, 41.6, 0.0 ], [ -122.8, 41.6, 0.0 ], [ -122.8, 41.6, 0.0 ], [ -122.8, 41.6, 0.0 ], [ -122.8, 41.6, 0.0 ], [ -122.8, 41.6, 0.0 ], [ -122.8, 41.6, 0.0 ], [ -122.8, 41.6, 0.0 ], [ -122.8, 41.6, 0.0 ], [ -122.8, 41.6, 0.0 ], [ -122.8, 41.6, 0.0 ], [ -122.8, 41.6, 0.0 ], [ -122.8, 41.6, 0.0 ], [ -122.8, 41.6, 0.0 ], [ -122.8, 41.6, 0.0 ], [ -122.8, 41.6, 0.0 ], [ -122.8, 41.6, 0.0 ], [ -122.8, 41.6, 0.0 ], [ -122.8, 41.6, 0.0 ], [ -122.8, 41.6, 0.0 ], [ -122.8, 41.6, 0.0 ], [ -122.8, 41.6, 0.0 ], [ -122.8, 41.6, 0.0 ], [ -122.8, 41.6, 0.0 ], [ -122.8, 41.6, 0.0 ], [ -122.8, 41.6, 0.0 ], [ -122.8, 41.6, 0.0 ], [ -122.8, 41.6, 0.0 ], [ -122.8, 41.6, 0.0 ], [ -122.8, 41.6, 0.0 ], [ -122.8, 41.6, 0.0 ], [ -122.8, 41.6, 0.0 ], [ -122.8, 41.6, 0.0 ], [ -122.8, 41.6, 0.0 ], [ -122.8, 41.6, 0.0 ], [ -122.8, 41.6, 0.0 ], [ -122.8, 41.6, 0.0 ], [ -122.8, 41.6, 0.0 ], [ -122.8, 41.6, 0.0 ], [ -122.8, 41.6, 0.0 ], [ -122.8, 41.6, 0.0 ], [ -122.8, 41.6, 0.0 ], [ -122.8, 41.6, 0.0 ], [ -122.8, 41.6, 0.0 ], [ -122.8, 41.6, 0.0 ], [ -122.8, 41.6, 0.0 ], [ -122.8, 41.6, 0.0 ], [ -122.8, 41.6, 0.0 ], [ -122.8, 41.6, 0.0 ], [ -122.8, 41.6, 0.0 ], [ -122.8, 41.6, 0.0 ], [ -122.8, 41.6, 0.0 ], [ -122.8, 41.6, 0.0 ], [ -122.8, 41.6, 0.0 ], [ -122.8, 41.6, 0.0 ], [ -122.8, 41.6, 0.0 ], [ -122.8, 41.6, 0.0 ], [ -122.8, 41.6, 0.0 ], [ -122.8, 41.6, 0.0 ], [ -122.8, 41.6, 0.0 ], [ -122.8, 41.6, 0.0 ], [ -122.8, 41.6, 0.0 ], [ -122.8, 41.6, 0.0 ], [ -122.8, 41.6, 0.0 ], [ -122.8, 41.6, 0.0 ], [ -122.8, 41.6, 0.0 ], [ -122.8, 41.6, 0.0 ], [ -122.8, 41.6, 0.0 ], [ -122.8, 41.6, 0.0 ], [ -122.8, 41.6, 0.0 ], [ -122.8, 41.6, 0.0 ], [ -122.8, 41.6, 0.0 ], [ -122.8, 41.6, 0.0 ], [ -122.8, 41.6, 0.0 ], [ -122.8, 41.6, 0.0 ], [ -122.8, 41.6, 0.0 ], [ -122.8, 41.6, 0.0 ], [ -122.8, 41.6, 0.0 ], [ -122.8, 41.6, 0.0 ], [ -122.8, 41.6, 0.0 ], [ -122.8, 41.6, 0.0 ], [ -122.8, 41.6, 0.0 ], [ -122.8, 41.6, 0.0 ], [ -122.8, 41.6, 0.0 ], [ -122.8, 41.6, 0.0 ], [ -122.8, 41.6, 0.0 ], [ -122.8, 41.6, 0.0 ], [ -122.8, 41.6, 0.0 ], [ -122.8, 41.6, 0.0 ], [ -122.8, 41.6, 0.0 ], [ -122.8, 41.6, 0.0 ], [ -122.8, 41.6, 0.0 ], [ -122.8, 41.6, 0.0 ], [ -122.8, 41.6, 0.0 ], [ -122.8, 41.6, 0.0 ], [ -122.8, 41.6, 0.0 ], [ -122.8, 41.6, 0.0 ], [ -122.8, 41.6, 0.0 ], [ -122.8, 41.6, 0.0 ], [ -122.7, 41.6, 0.0 ], [ -122.7, 41.6, 0.0 ], [ -122.7, 41.6, 0.0 ], [ -122.7, 41.6, 0.0 ], [ -122.7, 41.6, 0.0 ], [ -122.8, 41.6, 0.0 ], [ -122.8, 41.6, 0.0 ], [ -122.8, 41.6, 0.0 ], [ -122.8, 41.6, 0.0 ], [ -122.8, 41.6, 0.0 ], [ -122.8, 41.6, 0.0 ], [ -122.8, 41.6, 0.0 ], [ -122.8, 41.6, 0.0 ], [ -122.8, 41.6, 0.0 ], [ -122.8, 41.6, 0.0 ], [ -122.8, 41.6, 0.0 ], [ -122.8, 41.6, 0.0 ], [ -122.8, 41.6, 0.0 ], [ -122.8, 41.6, 0.0 ], [ -122.8, 41.6, 0.0 ], [ -122.8, 41.6, 0.0 ], [ -122.8, 41.6, 0.0 ], [ -122.8, 41.6, 0.0 ], [ -122.8, 41.6, 0.0 ], [ -122.8, 41.6, 0.0 ], [ -122.8, 41.6, 0.0 ], [ -122.8, 41.6, 0.0 ], [ -122.8, 41.6, 0.0 ], [ -122.8, 41.6, 0.0 ], [ -122.8, 41.6, 0.0 ], [ -122.8, 41.6, 0.0 ], [ -122.8, 41.6, 0.0 ], [ -122.8, 41.6, 0.0 ], [ -122.8, 41.6, 0.0 ], [ -122.8, 41.6, 0.0 ], [ -122.8, 41.6, 0.0 ], [ -122.8, 41.6, 0.0 ], [ -122.8, 41.6, 0.0 ], [ -122.8, 41.6, 0.0 ], [ -122.8, 41.6, 0.0 ], [ -122.8, 41.6, 0.0 ], [ -122.8, 41.6, 0.0 ], [ -122.8, 41.6, 0.0 ], [ -122.8, 41.6, 0.0 ], [ -122.8, 41.6, 0.0 ], [ -122.8, 41.6, 0.0 ], [ -122.8, 41.6, 0.0 ], [ -122.8, 41.6, 0.0 ], [ -122.8, 41.6, 0.0 ], [ -122.8, 41.6, 0.0 ], [ -122.8, 41.6, 0.0 ], [ -122.8, 41.6, 0.0 ], [ -122.8, 41.6, 0.0 ], [ -122.8, 41.6, 0.0 ], [ -122.8, 41.6, 0.0 ], [ -122.8, 41.6, 0.0 ], [ -122.8, 41.6, 0.0 ], [ -122.8, 41.6, 0.0 ], [ -122.8, 41.6, 0.0 ], [ -122.8, 41.7, 0.0 ], [ -122.8, 41.7, 0.0 ], [ -122.8, 41.7, 0.0 ], [ -122.8, 41.7, 0.0 ], [ -122.8, 41.7, 0.0 ], [ -122.8, 41.7, 0.0 ], [ -122.8, 41.7, 0.0 ], [ -122.8, 41.6, 0.0 ], [ -122.8, 41.6, 0.0 ], [ -122.8, 41.6, 0.0 ], [ -122.8, 41.6, 0.0 ], [ -122.8, 41.6, 0.0 ], [ -122.8, 41.6, 0.0 ], [ -122.8, 41.6, 0.0 ], [ -122.8, 41.6, 0.0 ], [ -122.8, 41.6, 0.0 ], [ -122.8, 41.6, 0.0 ], [ -122.8, 41.6, 0.0 ], [ -122.8, 41.6, 0.0 ], [ -122.8, 41.6, 0.0 ], [ -122.8, 41.6, 0.0 ], [ -122.8, 41.6, 0.0 ], [ -122.8, 41.6, 0.0 ], [ -122.8, 41.6, 0.0 ], [ -122.8, 41.6, 0.0 ], [ -122.8, 41.6, 0.0 ], [ -122.8, 41.6, 0.0 ], [ -122.8, 41.6, 0.0 ], [ -122.8, 41.6, 0.0 ], [ -122.8, 41.6, 0.0 ], [ -122.9, 41.6, 0.0 ], [ -122.9, 41.6, 0.0 ], [ -122.9, 41.6, 0.0 ], [ -122.9, 41.6, 0.0 ], [ -122.9, 41.6, 0.0 ], [ -122.9, 41.6, 0.0 ], [ -122.9, 41.6, 0.0 ], [ -122.9, 41.6, 0.0 ], [ -122.9, 41.6, 0.0 ], [ -122.9, 41.6, 0.0 ], [ -122.9, 41.6, 0.0 ], [ -122.9, 41.6, 0.0 ], [ -122.9, 41.6, 0.0 ], [ -122.9, 41.6, 0.0 ], [ -122.9, 41.6, 0.0 ], [ -122.9, 41.6, 0.0 ], [ -122.9, 41.6, 0.0 ], [ -122.9, 41.6, 0.0 ], [ -122.9, 41.6, 0.0 ], [ -122.9, 41.6, 0.0 ], [ -122.9, 41.6, 0.0 ], [ -122.9, 41.6, 0.0 ], [ -122.9, 41.6, 0.0 ], [ -122.9, 41.6, 0.0 ], [ -122.9, 41.6, 0.0 ], [ -122.9, 41.6, 0.0 ], [ -122.9, 41.6, 0.0 ], [ -122.9, 41.6, 0.0 ], [ -122.9, 41.6, 0.0 ], [ -122.9, 41.6, 0.0 ], [ -122.9, 41.6, 0.0 ], [ -122.9, 41.6, 0.0 ], [ -122.9, 41.6, 0.0 ], [ -122.9, 41.6, 0.0 ], [ -122.9, 41.6, 0.0 ], [ -122.9, 41.6, 0.0 ], [ -122.9, 41.6, 0.0 ], [ -122.9, 41.6, 0.0 ], [ -122.9, 41.6, 0.0 ], [ -122.9, 41.6, 0.0 ], [ -122.9, 41.6, 0.0 ], [ -122.9, 41.6, 0.0 ], [ -122.9, 41.6, 0.0 ], [ -122.9, 41.6, 0.0 ], [ -122.9, 41.6, 0.0 ], [ -122.9, 41.6, 0.0 ], [ -122.9, 41.6, 0.0 ], [ -122.9, 41.6, 0.0 ], [ -122.9, 41.6, 0.0 ], [ -122.9, 41.6, 0.0 ], [ -122.9, 41.6, 0.0 ], [ -122.9, 41.6, 0.0 ], [ -122.9, 41.6, 0.0 ], [ -122.9, 41.6, 0.0 ], [ -122.9, 41.6, 0.0 ], [ -122.9, 41.6, 0.0 ], [ -122.9, 41.6, 0.0 ], [ -122.9, 41.6, 0.0 ], [ -122.9, 41.6, 0.0 ], [ -122.9, 41.6, 0.0 ], [ -122.9, 41.6, 0.0 ], [ -123.0, 41.6, 0.0 ], [ -123.0, 41.6, 0.0 ], [ -123.0, 41.6, 0.0 ], [ -123.0, 41.6, 0.0 ], [ -123.0, 41.6, 0.0 ], [ -123.0, 41.6, 0.0 ], [ -123.0, 41.6, 0.0 ], [ -123.0, 41.6, 0.0 ], [ -123.0, 41.6, 0.0 ], [ -123.0, 41.6, 0.0 ], [ -123.0, 41.6, 0.0 ], [ -123.0, 41.6, 0.0 ], [ -123.0, 41.6, 0.0 ], [ -123.0, 41.6, 0.0 ], [ -123.0, 41.6, 0.0 ], [ -123.0, 41.6, 0.0 ], [ -123.0, 41.6, 0.0 ], [ -123.0, 41.6, 0.0 ], [ -123.0, 41.6, 0.0 ], [ -123.0, 41.6, 0.0 ], [ -123.0, 41.6, 0.0 ], [ -123.0, 41.6, 0.0 ], [ -123.0, 41.6, 0.0 ], [ -123.0, 41.6, 0.0 ], [ -123.0, 41.6, 0.0 ], [ -123.0, 41.6, 0.0 ], [ -123.0, 41.6, 0.0 ], [ -123.0, 41.6, 0.0 ], [ -123.0, 41.6, 0.0 ], [ -123.0, 41.6, 0.0 ], [ -123.0, 41.6, 0.0 ], [ -123.0, 41.6, 0.0 ], [ -123.0, 41.6, 0.0 ], [ -123.0, 41.6, 0.0 ], [ -123.0, 41.6, 0.0 ], [ -123.0, 41.6, 0.0 ], [ -123.0, 41.6, 0.0 ], [ -123.0, 41.6, 0.0 ], [ -123.0, 41.6, 0.0 ], [ -123.0, 41.6, 0.0 ], [ -123.0, 41.6, 0.0 ], [ -123.0, 41.6, 0.0 ], [ -123.0, 41.6, 0.0 ], [ -123.0, 41.6, 0.0 ], [ -123.0, 41.6, 0.0 ], [ -123.0, 41.6, 0.0 ], [ -123.0, 41.6, 0.0 ], [ -123.0, 41.6, 0.0 ], [ -123.0, 41.6, 0.0 ], [ -123.0, 41.6, 0.0 ], [ -123.0, 41.6, 0.0 ], [ -123.0, 41.5, 0.0 ], [ -123.0, 41.5, 0.0 ], [ -123.0, 41.5, 0.0 ], [ -123.0, 41.5, 0.0 ], [ -123.0, 41.5, 0.0 ], [ -123.0, 41.5, 0.0 ], [ -123.0, 41.5, 0.0 ], [ -123.0, 41.5, 0.0 ], [ -123.0, 41.5, 0.0 ], [ -123.0, 41.5, 0.0 ], [ -123.0, 41.5, 0.0 ], [ -123.0, 41.5, 0.0 ], [ -123.0, 41.5, 0.0 ], [ -123.0, 41.5, 0.0 ], [ -123.0, 41.5, 0.0 ], [ -123.0, 41.6, 0.0 ], [ -123.0, 41.6, 0.0 ], [ -123.0, 41.6, 0.0 ], [ -123.0, 41.6, 0.0 ], [ -123.0, 41.6, 0.0 ], [ -122.9, 41.6, 0.0 ], [ -122.9, 41.6, 0.0 ], [ -122.9, 41.6, 0.0 ], [ -122.9, 41.6, 0.0 ], [ -122.9, 41.6, 0.0 ], [ -122.9, 41.6, 0.0 ], [ -122.9, 41.6, 0.0 ], [ -122.9, 41.6, 0.0 ], [ -122.9, 41.6, 0.0 ], [ -122.9, 41.6, 0.0 ], [ -123.0, 41.6, 0.0 ], [ -123.0, 41.6, 0.0 ], [ -123.0, 41.6, 0.0 ], [ -123.0, 41.6, 0.0 ], [ -123.0, 41.6, 0.0 ], [ -123.0, 41.6, 0.0 ], [ -123.0, 41.6, 0.0 ], [ -123.0, 41.6, 0.0 ], [ -123.0, 41.6, 0.0 ], [ -123.0, 41.6, 0.0 ], [ -123.0, 41.6, 0.0 ], [ -122.9, 41.6, 0.0 ], [ -122.9, 41.6, 0.0 ], [ -122.9, 41.6, 0.0 ], [ -123.0, 41.6, 0.0 ], [ -123.0, 41.6, 0.0 ], [ -123.0, 41.6, 0.0 ], [ -123.0, 41.6, 0.0 ], [ -123.0, 41.6, 0.0 ], [ -123.0, 41.6, 0.0 ], [ -123.0, 41.6, 0.0 ], [ -123.0, 41.6, 0.0 ], [ -123.0, 41.6, 0.0 ], [ -123.0, 41.6, 0.0 ], [ -123.0, 41.6, 0.0 ], [ -123.0, 41.6, 0.0 ], [ -123.0, 41.6, 0.0 ], [ -122.9, 41.6, 0.0 ], [ -122.9, 41.6, 0.0 ], [ -122.9, 41.6, 0.0 ], [ -122.9, 41.6, 0.0 ], [ -122.9, 41.6, 0.0 ], [ -122.9, 41.6, 0.0 ], [ -122.9, 41.6, 0.0 ], [ -122.9, 41.6, 0.0 ], [ -122.9, 41.6, 0.0 ], [ -122.9, 41.6, 0.0 ], [ -122.9, 41.6, 0.0 ], [ -122.9, 41.6, 0.0 ], [ -122.9, 41.6, 0.0 ], [ -122.9, 41.6, 0.0 ], [ -122.9, 41.6, 0.0 ], [ -122.9, 41.6, 0.0 ], [ -122.9, 41.6, 0.0 ], [ -122.9, 41.6, 0.0 ], [ -122.9, 41.6, 0.0 ], [ -122.9, 41.6, 0.0 ], [ -122.9, 41.6, 0.0 ], [ -122.9, 41.6, 0.0 ], [ -122.9, 41.6, 0.0 ], [ -122.9, 41.6, 0.0 ], [ -122.9, 41.6, 0.0 ], [ -122.9, 41.6, 0.0 ], [ -122.9, 41.6, 0.0 ], [ -122.9, 41.6, 0.0 ], [ -122.9, 41.6, 0.0 ], [ -122.9, 41.6, 0.0 ], [ -122.9, 41.6, 0.0 ], [ -122.9, 41.6, 0.0 ], [ -122.9, 41.6, 0.0 ], [ -122.9, 41.6, 0.0 ], [ -122.9, 41.6, 0.0 ], [ -122.9, 41.6, 0.0 ], [ -122.9, 41.6, 0.0 ], [ -122.9, 41.6, 0.0 ], [ -122.9, 41.6, 0.0 ], [ -122.9, 41.6, 0.0 ], [ -122.9, 41.6, 0.0 ], [ -122.9, 41.6, 0.0 ], [ -122.9, 41.6, 0.0 ], [ -122.9, 41.6, 0.0 ], [ -122.9, 41.6, 0.0 ], [ -122.9, 41.6, 0.0 ], [ -122.9, 41.6, 0.0 ], [ -122.9, 41.6, 0.0 ], [ -122.9, 41.6, 0.0 ], [ -122.9, 41.6, 0.0 ], [ -122.9, 41.6, 0.0 ], [ -122.9, 41.6, 0.0 ], [ -122.9, 41.6, 0.0 ], [ -122.9, 41.6, 0.0 ], [ -122.9, 41.6, 0.0 ], [ -122.9, 41.5, 0.0 ], [ -122.9, 41.5, 0.0 ], [ -122.9, 41.5, 0.0 ], [ -122.9, 41.5, 0.0 ], [ -122.9, 41.5, 0.0 ], [ -123.0, 41.5, 0.0 ], [ -123.0, 41.5, 0.0 ], [ -123.0, 41.5, 0.0 ], [ -123.0, 41.5, 0.0 ], [ -123.0, 41.5, 0.0 ], [ -123.0, 41.5, 0.0 ], [ -123.0, 41.5, 0.0 ], [ -123.0, 41.5, 0.0 ], [ -123.0, 41.5, 0.0 ], [ -123.0, 41.5, 0.0 ], [ -122.9, 41.5, 0.0 ], [ -122.9, 41.5, 0.0 ], [ -122.9, 41.5, 0.0 ], [ -122.9, 41.5, 0.0 ], [ -122.9, 41.5, 0.0 ], [ -122.9, 41.5, 0.0 ], [ -122.9, 41.5, 0.0 ], [ -122.9, 41.5, 0.0 ], [ -122.9, 41.5, 0.0 ], [ -122.9, 41.5, 0.0 ], [ -122.9, 41.5, 0.0 ], [ -122.9, 41.5, 0.0 ], [ -122.9, 41.5, 0.0 ], [ -122.9, 41.5, 0.0 ], [ -122.9, 41.5, 0.0 ], [ -122.9, 41.5, 0.0 ], [ -122.9, 41.5, 0.0 ], [ -122.9, 41.5, 0.0 ], [ -122.9, 41.5, 0.0 ], [ -122.9, 41.5, 0.0 ], [ -122.9, 41.5, 0.0 ], [ -122.9, 41.5, 0.0 ], [ -122.9, 41.5, 0.0 ], [ -122.9, 41.5, 0.0 ], [ -122.9, 41.5, 0.0 ], [ -122.9, 41.5, 0.0 ], [ -122.9, 41.5, 0.0 ], [ -122.9, 41.5, 0.0 ], [ -122.9, 41.5, 0.0 ], [ -122.9, 41.5, 0.0 ], [ -122.9, 41.5, 0.0 ], [ -122.9, 41.5, 0.0 ], [ -122.9, 41.5, 0.0 ], [ -122.9, 41.5, 0.0 ], [ -122.9, 41.5, 0.0 ], [ -122.9, 41.5, 0.0 ], [ -122.9, 41.5, 0.0 ], [ -122.9, 41.5, 0.0 ], [ -122.9, 41.5, 0.0 ], [ -122.9, 41.5, 0.0 ], [ -122.9, 41.5, 0.0 ], [ -122.9, 41.5, 0.0 ], [ -122.9, 41.5, 0.0 ], [ -122.9, 41.5, 0.0 ], [ -122.9, 41.5, 0.0 ], [ -122.9, 41.5, 0.0 ], [ -122.9, 41.5, 0.0 ], [ -122.9, 41.5, 0.0 ], [ -122.9, 41.5, 0.0 ], [ -122.9, 41.5, 0.0 ], [ -122.9, 41.5, 0.0 ], [ -122.9, 41.5, 0.0 ], [ -122.9, 41.5, 0.0 ], [ -122.9, 41.4, 0.0 ], [ -122.9, 41.4, 0.0 ], [ -122.9, 41.4, 0.0 ], [ -122.9, 41.4, 0.0 ], [ -122.9, 41.4, 0.0 ], [ -122.9, 41.4, 0.0 ], [ -122.9, 41.4, 0.0 ], [ -122.9, 41.4, 0.0 ], [ -122.9, 41.4, 0.0 ], [ -122.9, 41.4, 0.0 ], [ -122.9, 41.4, 0.0 ], [ -122.9, 41.4, 0.0 ], [ -122.9, 41.4, 0.0 ], [ -122.9, 41.4, 0.0 ], [ -122.9, 41.4, 0.0 ], [ -122.9, 41.4, 0.0 ], [ -122.9, 41.4, 0.0 ], [ -122.9, 41.4, 0.0 ], [ -122.9, 41.4, 0.0 ], [ -122.9, 41.4, 0.0 ], [ -122.9, 41.4, 0.0 ], [ -122.9, 41.5, 0.0 ], [ -122.9, 41.4, 0.0 ], [ -122.9, 41.4, 0.0 ], [ -122.9, 41.4, 0.0 ], [ -122.9, 41.4, 0.0 ], [ -122.9, 41.4, 0.0 ], [ -122.9, 41.4, 0.0 ], [ -122.9, 41.4, 0.0 ], [ -122.9, 41.4, 0.0 ], [ -122.9, 41.4, 0.0 ], [ -122.9, 41.4, 0.0 ], [ -122.9, 41.4, 0.0 ], [ -122.9, 41.4, 0.0 ], [ -122.9, 41.4, 0.0 ], [ -122.9, 41.4, 0.0 ], [ -122.9, 41.4, 0.0 ], [ -122.9, 41.4, 0.0 ], [ -122.9, 41.4, 0.0 ], [ -122.9, 41.4, 0.0 ], [ -122.9, 41.4, 0.0 ], [ -122.9, 41.4, 0.0 ], [ -122.9, 41.4, 0.0 ], [ -122.9, 41.4, 0.0 ], [ -122.9, 41.4, 0.0 ], [ -122.9, 41.4, 0.0 ], [ -122.9, 41.4, 0.0 ], [ -122.9, 41.4, 0.0 ], [ -122.9, 41.4, 0.0 ], [ -122.9, 41.4, 0.0 ], [ -122.9, 41.4, 0.0 ], [ -122.9, 41.4, 0.0 ], [ -122.9, 41.4, 0.0 ], [ -122.9, 41.4, 0.0 ], [ -122.9, 41.4, 0.0 ], [ -122.9, 41.4, 0.0 ], [ -122.9, 41.4, 0.0 ], [ -122.9, 41.4, 0.0 ], [ -122.9, 41.4, 0.0 ], [ -122.9, 41.4, 0.0 ], [ -122.9, 41.4, 0.0 ], [ -122.9, 41.4, 0.0 ], [ -122.9, 41.4, 0.0 ], [ -122.9, 41.4, 0.0 ], [ -122.9, 41.4, 0.0 ], [ -122.9, 41.4, 0.0 ], [ -122.9, 41.4, 0.0 ], [ -122.9, 41.4, 0.0 ], [ -122.9, 41.4, 0.0 ], [ -122.9, 41.4, 0.0 ], [ -122.9, 41.4, 0.0 ], [ -122.9, 41.4, 0.0 ], [ -122.9, 41.4, 0.0 ], [ -122.9, 41.4, 0.0 ], [ -122.9, 41.4, 0.0 ], [ -122.9, 41.4, 0.0 ], [ -122.9, 41.4, 0.0 ], [ -122.9, 41.4, 0.0 ], [ -122.9, 41.4, 0.0 ], [ -122.9, 41.4, 0.0 ], [ -122.9, 41.4, 0.0 ], [ -122.9, 41.4, 0.0 ], [ -122.9, 41.4, 0.0 ], [ -122.9, 41.4, 0.0 ], [ -122.9, 41.4, 0.0 ], [ -122.9, 41.4, 0.0 ], [ -122.9, 41.4, 0.0 ], [ -122.9, 41.4, 0.0 ], [ -122.9, 41.4, 0.0 ], [ -122.9, 41.4, 0.0 ], [ -122.9, 41.4, 0.0 ], [ -122.9, 41.4, 0.0 ], [ -122.9, 41.4, 0.0 ], [ -122.9, 41.4, 0.0 ], [ -122.9, 41.4, 0.0 ], [ -122.9, 41.4, 0.0 ], [ -122.9, 41.4, 0.0 ], [ -122.9, 41.4, 0.0 ], [ -122.9, 41.4, 0.0 ], [ -122.9, 41.4, 0.0 ], [ -122.9, 41.4, 0.0 ], [ -122.9, 41.4, 0.0 ], [ -122.9, 41.4, 0.0 ], [ -122.9, 41.4, 0.0 ], [ -122.9, 41.4, 0.0 ], [ -122.9, 41.4, 0.0 ], [ -122.9, 41.4, 0.0 ], [ -122.9, 41.4, 0.0 ], [ -122.9, 41.4, 0.0 ], [ -122.9, 41.4, 0.0 ], [ -122.9, 41.4, 0.0 ], [ -122.9, 41.4, 0.0 ], [ -122.9, 41.4, 0.0 ], [ -122.9, 41.4, 0.0 ], [ -122.9, 41.4, 0.0 ], [ -122.9, 41.4, 0.0 ], [ -122.9, 41.4, 0.0 ], [ -122.9, 41.4, 0.0 ], [ -122.9, 41.4, 0.0 ], [ -122.8, 41.4, 0.0 ], [ -122.8, 41.4, 0.0 ], [ -122.8, 41.4, 0.0 ], [ -122.8, 41.4, 0.0 ], [ -122.9, 41.4, 0.0 ], [ -122.8, 41.4, 0.0 ], [ -122.8, 41.4, 0.0 ], [ -122.8, 41.4, 0.0 ], [ -122.8, 41.4, 0.0 ], [ -122.8, 41.4, 0.0 ], [ -122.8, 41.4, 0.0 ], [ -122.8, 41.4, 0.0 ], [ -122.8, 41.4, 0.0 ], [ -122.8, 41.4, 0.0 ], [ -122.8, 41.4, 0.0 ], [ -122.8, 41.4, 0.0 ], [ -122.8, 41.4, 0.0 ], [ -122.8, 41.4, 0.0 ], [ -122.8, 41.4, 0.0 ], [ -122.8, 41.4, 0.0 ], [ -122.8, 41.4, 0.0 ], [ -122.8, 41.4, 0.0 ], [ -122.8, 41.4, 0.0 ], [ -122.8, 41.4, 0.0 ], [ -122.8, 41.4, 0.0 ], [ -122.8, 41.4, 0.0 ], [ -122.8, 41.3, 0.0 ], [ -122.8, 41.3, 0.0 ], [ -122.8, 41.3, 0.0 ], [ -122.8, 41.3, 0.0 ], [ -122.8, 41.3, 0.0 ], [ -122.8, 41.3, 0.0 ], [ -122.8, 41.3, 0.0 ], [ -122.8, 41.3, 0.0 ], [ -122.8, 41.3, 0.0 ], [ -122.8, 41.3, 0.0 ], [ -122.8, 41.3, 0.0 ], [ -122.8, 41.3, 0.0 ], [ -122.8, 41.3, 0.0 ], [ -122.8, 41.3, 0.0 ], [ -122.8, 41.3, 0.0 ], [ -122.8, 41.3, 0.0 ], [ -122.8, 41.3, 0.0 ], [ -122.8, 41.3, 0.0 ], [ -122.8, 41.3, 0.0 ], [ -122.8, 41.3, 0.0 ], [ -122.8, 41.3, 0.0 ], [ -122.8, 41.3, 0.0 ], [ -122.8, 41.3, 0.0 ], [ -122.8, 41.3, 0.0 ], [ -122.8, 41.3, 0.0 ], [ -122.8, 41.3, 0.0 ], [ -122.8, 41.3, 0.0 ], [ -122.8, 41.3, 0.0 ], [ -122.8, 41.3, 0.0 ], [ -122.8, 41.3, 0.0 ], [ -122.8, 41.3, 0.0 ], [ -122.8, 41.3, 0.0 ], [ -122.8, 41.3, 0.0 ], [ -122.8, 41.3, 0.0 ], [ -122.8, 41.3, 0.0 ], [ -122.8, 41.3, 0.0 ], [ -122.8, 41.3, 0.0 ], [ -122.8, 41.3, 0.0 ], [ -122.8, 41.3, 0.0 ], [ -122.8, 41.3, 0.0 ], [ -122.8, 41.3, 0.0 ], [ -122.8, 41.3, 0.0 ], [ -122.8, 41.3, 0.0 ], [ -122.8, 41.3, 0.0 ], [ -122.8, 41.3, 0.0 ], [ -122.8, 41.3, 0.0 ], [ -122.8, 41.3, 0.0 ], [ -122.8, 41.3, 0.0 ], [ -122.8, 41.3, 0.0 ], [ -122.8, 41.3, 0.0 ], [ -122.8, 41.3, 0.0 ], [ -122.8, 41.3, 0.0 ], [ -122.8, 41.3, 0.0 ], [ -122.8, 41.3, 0.0 ], [ -122.8, 41.3, 0.0 ], [ -122.8, 41.3, 0.0 ], [ -122.8, 41.3, 0.0 ], [ -122.8, 41.3, 0.0 ], [ -122.8, 41.3, 0.0 ], [ -122.8, 41.3, 0.0 ], [ -122.8, 41.3, 0.0 ], [ -122.8, 41.3, 0.0 ], [ -122.8, 41.3, 0.0 ], [ -122.8, 41.3, 0.0 ], [ -122.8, 41.3, 0.0 ], [ -122.7, 41.3, 0.0 ], [ -122.7, 41.3, 0.0 ], [ -122.7, 41.3, 0.0 ] ], [ [ -122.9, 41.6, 0.0 ], [ -122.9, 41.6, 0.0 ], [ -122.9, 41.6, 0.0 ], [ -122.9, 41.6, 0.0 ], [ -122.9, 41.6, 0.0 ], [ -122.9, 41.6, 0.0 ], [ -122.9, 41.6, 0.0 ], [ -122.9, 41.6, 0.0 ], [ -122.9, 41.6, 0.0 ], [ -122.9, 41.6, 0.0 ], [ -122.9, 41.6, 0.0 ], [ -122.9, 41.6, 0.0 ], [ -122.9, 41.6, 0.0 ], [ -122.9, 41.6, 0.0 ], [ -122.9, 41.6, 0.0 ], [ -122.9, 41.6, 0.0 ], [ -122.9, 41.6, 0.0 ], [ -122.9, 41.6, 0.0 ], [ -122.9, 41.6, 0.0 ], [ -122.9, 41.6, 0.0 ], [ -122.9, 41.6, 0.0 ], [ -122.9, 41.6, 0.0 ], [ -122.9, 41.6, 0.0 ], [ -122.9, 41.6, 0.0 ], [ -122.9, 41.6, 0.0 ], [ -122.9, 41.6, 0.0 ], [ -122.9, 41.6, 0.0 ], [ -122.9, 41.6, 0.0 ], [ -122.9, 41.6, 0.0 ], [ -122.9, 41.6, 0.0 ], [ -122.9, 41.6, 0.0 ], [ -122.9, 41.6, 0.0 ], [ -122.9, 41.6, 0.0 ], [ -122.9, 41.6, 0.0 ], [ -122.9, 41.6, 0.0 ], [ -122.9, 41.6, 0.0 ], [ -122.9, 41.6, 0.0 ], [ -122.9, 41.6, 0.0 ], [ -122.9, 41.6, 0.0 ], [ -122.9, 41.6, 0.0 ], [ -122.9, 41.6, 0.0 ], [ -122.9, 41.6, 0.0 ], [ -122.9, 41.6, 0.0 ], [ -122.9, 41.6, 0.0 ], [ -122.9, 41.6, 0.0 ], [ -122.9, 41.6, 0.0 ], [ -122.9, 41.6, 0.0 ], [ -122.9, 41.6, 0.0 ], [ -122.9, 41.6, 0.0 ], [ -122.9, 41.6, 0.0 ], [ -122.9, 41.6, 0.0 ], [ -122.9, 41.6, 0.0 ], [ -122.9, 41.6, 0.0 ], [ -122.9, 41.6, 0.0 ], [ -122.9, 41.6, 0.0 ], [ -122.9, 41.6, 0.0 ], [ -122.9, 41.6, 0.0 ], [ -122.9, 41.6, 0.0 ], [ -122.9, 41.6, 0.0 ], [ -122.9, 41.6, 0.0 ], [ -122.9, 41.6, 0.0 ], [ -122.9, 41.6, 0.0 ], [ -122.9, 41.6, 0.0 ], [ -122.9, 41.6, 0.0 ], [ -122.9, 41.6, 0.0 ], [ -122.9, 41.6, 0.0 ], [ -122.9, 41.6, 0.0 ], [ -122.9, 41.6, 0.0 ], [ -122.9, 41.6, 0.0 ], [ -122.9, 41.6, 0.0 ], [ -122.9, 41.6, 0.0 ], [ -122.9, 41.6, 0.0 ], [ -122.9, 41.6, 0.0 ], [ -122.9, 41.6, 0.0 ], [ -122.9, 41.6, 0.0 ], [ -122.9, 41.6, 0.0 ], [ -122.9, 41.6, 0.0 ], [ -122.9, 41.6, 0.0 ] ], [ [ -123.0, 41.6, 0.0 ], [ -123.0, 41.6, 0.0 ], [ -123.0, 41.6, 0.0 ], [ -123.0, 41.6, 0.0 ], [ -123.0, 41.6, 0.0 ], [ -123.0, 41.6, 0.0 ], [ -123.0, 41.6, 0.0 ], [ -123.0, 41.6, 0.0 ], [ -123.0, 41.6, 0.0 ], [ -123.0, 41.6, 0.0 ], [ -123.0, 41.6, 0.0 ], [ -123.0, 41.6, 0.0 ] ], [ [ -123.0, 41.6, 0.0 ], [ -123.0, 41.6, 0.0 ], [ -123.0, 41.6, 0.0 ], [ -123.0, 41.6, 0.0 ], [ -123.0, 41.6, 0.0 ], [ -123.0, 41.6, 0.0 ], [ -123.0, 41.6, 0.0 ], [ -123.0, 41.6, 0.0 ], [ -123.0, 41.6, 0.0 ], [ -123.0, 41.6, 0.0 ], [ -123.0, 41.6, 0.0 ], [ -123.0, 41.6, 0.0 ], [ -123.0, 41.6, 0.0 ], [ -123.0, 41.6, 0.0 ], [ -123.0, 41.6, 0.0 ], [ -123.0, 41.6, 0.0 ], [ -123.0, 41.6, 0.0 ], [ -123.0, 41.6, 0.0 ], [ -123.0, 41.6, 0.0 ], [ -123.0, 41.6, 0.0 ], [ -123.0, 41.6, 0.0 ], [ -123.0, 41.6, 0.0 ] ], [ [ -122.9, 41.5, 0.0 ], [ -122.9, 41.5, 0.0 ], [ -122.9, 41.5, 0.0 ], [ -122.9, 41.5, 0.0 ], [ -122.9, 41.5, 0.0 ], [ -122.9, 41.5, 0.0 ], [ -122.9, 41.5, 0.0 ], [ -122.9, 41.5, 0.0 ], [ -122.9, 41.5, 0.0 ], [ -122.9, 41.5, 0.0 ], [ -122.9, 41.5, 0.0 ], [ -122.9, 41.5, 0.0 ], [ -122.9, 41.5, 0.0 ], [ -122.9, 41.5, 0.0 ], [ -122.9, 41.5, 0.0 ] ] ] ] } }
{ "type": "Feature", "properties": { "OpenAgName": "Shasta Valley", "Subregion": "SHA-001" , "Basin_Subb": "0-002" , "Shape_Leng": 4.4497206522299999, "Shape_Area": 0.09541294189000001, "Area_Acre": 218215.09473499999 }, "geometry": { "type": "MultiPolygon", "coordinates": [ [ [ [ -122.5, 41.8, 0.0 ], [ -122.5, 41.8, 0.0 ], [ -122.5, 41.8, 0.0 ], [ -122.5, 41.8, 0.0 ], [ -122.5, 41.8, 0.0 ], [ -122.5, 41.8, 0.0 ], [ -122.5, 41.8, 0.0 ], [ -122.5, 41.8, 0.0 ], [ -122.5, 41.8, 0.0 ], [ -122.5, 41.8, 0.0 ], [ -122.5, 41.8, 0.0 ], [ -122.5, 41.8, 0.0 ], [ -122.5, 41.8, 0.0 ], [ -122.5, 41.8, 0.0 ], [ -122.5, 41.8, 0.0 ], [ -122.5, 41.8, 0.0 ], [ -122.5, 41.8, 0.0 ], [ -122.5, 41.8, 0.0 ], [ -122.5, 41.8, 0.0 ], [ -122.5, 41.8, 0.0 ], [ -122.5, 41.8, 0.0 ], [ -122.5, 41.8, 0.0 ], [ -122.5, 41.8, 0.0 ], [ -122.5, 41.8, 0.0 ], [ -122.5, 41.8, 0.0 ], [ -122.5, 41.8, 0.0 ], [ -122.5, 41.8, 0.0 ], [ -122.5, 41.8, 0.0 ], [ -122.5, 41.8, 0.0 ], [ -122.5, 41.8, 0.0 ], [ -122.5, 41.8, 0.0 ], [ -122.5, 41.8, 0.0 ], [ -122.5, 41.8, 0.0 ], [ -122.5, 41.8, 0.0 ], [ -122.5, 41.8, 0.0 ], [ -122.5, 41.8, 0.0 ], [ -122.5, 41.8, 0.0 ], [ -122.5, 41.8, 0.0 ], [ -122.5, 41.8, 0.0 ], [ -122.5, 41.8, 0.0 ], [ -122.5, 41.8, 0.0 ], [ -122.5, 41.8, 0.0 ], [ -122.5, 41.8, 0.0 ], [ -122.5, 41.8, 0.0 ], [ -122.5, 41.8, 0.0 ], [ -122.5, 41.8, 0.0 ], [ -122.5, 41.8, 0.0 ], [ -122.5, 41.8, 0.0 ], [ -122.5, 41.8, 0.0 ], [ -122.5, 41.8, 0.0 ], [ -122.5, 41.8, 0.0 ], [ -122.5, 41.8, 0.0 ], [ -122.5, 41.8, 0.0 ], [ -122.5, 41.8, 0.0 ], [ -122.5, 41.8, 0.0 ], [ -122.5, 41.8, 0.0 ], [ -122.5, 41.8, 0.0 ], [ -122.5, 41.8, 0.0 ], [ -122.5, 41.8, 0.0 ], [ -122.5, 41.8, 0.0 ], [ -122.5, 41.8, 0.0 ], [ -122.5, 41.8, 0.0 ], [ -122.5, 41.8, 0.0 ], [ -122.5, 41.8, 0.0 ], [ -122.5, 41.8, 0.0 ], [ -122.5, 41.8, 0.0 ], [ -122.5, 41.8, 0.0 ], [ -122.5, 41.8, 0.0 ], [ -122.5, 41.8, 0.0 ], [ -122.5, 41.8, 0.0 ], [ -122.5, 41.8, 0.0 ], [ -122.5, 41.8, 0.0 ], [ -122.5, 41.8, 0.0 ], [ -122.5, 41.8, 0.0 ], [ -122.5, 41.8, 0.0 ], [ -122.5, 41.8, 0.0 ], [ -122.5, 41.8, 0.0 ], [ -122.5, 41.8, 0.0 ], [ -122.5, 41.8, 0.0 ], [ -122.5, 41.8, 0.0 ], [ -122.5, 41.8, 0.0 ], [ -122.5, 41.8, 0.0 ], [ -122.5, 41.8, 0.0 ], [ -122.5, 41.8, 0.0 ], [ -122.5, 41.8, 0.0 ], [ -122.5, 41.8, 0.0 ], [ -122.5, 41.8, 0.0 ], [ -122.5, 41.8, 0.0 ], [ -122.5, 41.8, 0.0 ], [ -122.5, 41.8, 0.0 ], [ -122.5, 41.8, 0.0 ], [ -122.5, 41.8, 0.0 ], [ -122.5, 41.8, 0.0 ], [ -122.5, 41.8, 0.0 ], [ -122.5, 41.8, 0.0 ], [ -122.5, 41.8, 0.0 ], [ -122.5, 41.8, 0.0 ], [ -122.5, 41.8, 0.0 ], [ -122.5, 41.8, 0.0 ], [ -122.5, 41.8, 0.0 ], [ -122.5, 41.8, 0.0 ], [ -122.5, 41.8, 0.0 ], [ -122.5, 41.8, 0.0 ], [ -122.5, 41.8, 0.0 ], [ -122.5, 41.8, 0.0 ], [ -122.5, 41.8, 0.0 ], [ -122.5, 41.8, 0.0 ], [ -122.5, 41.8, 0.0 ], [ -122.5, 41.8, 0.0 ], [ -122.5, 41.8, 0.0 ], [ -122.5, 41.8, 0.0 ], [ -122.5, 41.8, 0.0 ], [ -122.5, 41.8, 0.0 ], [ -122.5, 41.8, 0.0 ], [ -122.5, 41.8, 0.0 ], [ -122.5, 41.8, 0.0 ], [ -122.5, 41.8, 0.0 ], [ -122.5, 41.8, 0.0 ], [ -122.5, 41.8, 0.0 ], [ -122.5, 41.8, 0.0 ], [ -122.5, 41.8, 0.0 ], [ -122.5, 41.8, 0.0 ], [ -122.5, 41.8, 0.0 ], [ -122.5, 41.8, 0.0 ], [ -122.5, 41.8, 0.0 ], [ -122.5, 41.8, 0.0 ], [ -122.5, 41.8, 0.0 ], [ -122.5, 41.8, 0.0 ], [ -122.5, 41.8, 0.0 ], [ -122.5, 41.8, 0.0 ], [ -122.5, 41.8, 0.0 ], [ -122.5, 41.8, 0.0 ], [ -122.5, 41.8, 0.0 ], [ -122.5, 41.8, 0.0 ], [ -122.5, 41.8, 0.0 ], [ -122.5, 41.8, 0.0 ], [ -122.5, 41.8, 0.0 ], [ -122.5, 41.8, 0.0 ], [ -122.5, 41.8, 0.0 ], [ -122.5, 41.8, 0.0 ], [ -122.5, 41.8, 0.0 ], [ -122.5, 41.8, 0.0 ], [ -122.5, 41.8, 0.0 ], [ -122.5, 41.8, 0.0 ], [ -122.5, 41.8, 0.0 ], [ -122.5, 41.8, 0.0 ], [ -122.5, 41.8, 0.0 ], [ -122.5, 41.8, 0.0 ], [ -122.5, 41.8, 0.0 ], [ -122.5, 41.8, 0.0 ], [ -122.5, 41.8, 0.0 ], [ -122.5, 41.8, 0.0 ], [ -122.5, 41.8, 0.0 ], [ -122.5, 41.8, 0.0 ], [ -122.5, 41.8, 0.0 ], [ -122.5, 41.8, 0.0 ], [ -122.5, 41.8, 0.0 ], [ -122.5, 41.8, 0.0 ], [ -122.5, 41.8, 0.0 ], [ -122.5, 41.8, 0.0 ], [ -122.5, 41.8, 0.0 ], [ -122.5, 41.8, 0.0 ], [ -122.5, 41.8, 0.0 ], [ -122.5, 41.8, 0.0 ], [ -122.5, 41.8, 0.0 ], [ -122.5, 41.8, 0.0 ], [ -122.5, 41.8, 0.0 ], [ -122.5, 41.8, 0.0 ], [ -122.5, 41.8, 0.0 ], [ -122.5, 41.8, 0.0 ], [ -122.5, 41.8, 0.0 ], [ -122.5, 41.8, 0.0 ], [ -122.5, 41.8, 0.0 ], [ -122.5, 41.8, 0.0 ], [ -122.5, 41.8, 0.0 ], [ -122.5, 41.8, 0.0 ], [ -122.5, 41.8, 0.0 ], [ -122.5, 41.8, 0.0 ], [ -122.5, 41.8, 0.0 ], [ -122.5, 41.8, 0.0 ], [ -122.5, 41.8, 0.0 ], [ -122.5, 41.8, 0.0 ], [ -122.5, 41.8, 0.0 ], [ -122.6, 41.8, 0.0 ], [ -122.6, 41.8, 0.0 ], [ -122.6, 41.8, 0.0 ], [ -122.6, 41.8, 0.0 ], [ -122.6, 41.8, 0.0 ], [ -122.6, 41.8, 0.0 ], [ -122.6, 41.8, 0.0 ], [ -122.6, 41.8, 0.0 ], [ -122.6, 41.8, 0.0 ], [ -122.6, 41.8, 0.0 ], [ -122.6, 41.8, 0.0 ], [ -122.6, 41.8, 0.0 ], [ -122.6, 41.8, 0.0 ], [ -122.6, 41.8, 0.0 ], [ -122.6, 41.8, 0.0 ], [ -122.6, 41.8, 0.0 ], [ -122.6, 41.8, 0.0 ], [ -122.6, 41.8, 0.0 ], [ -122.6, 41.8, 0.0 ], [ -122.6, 41.8, 0.0 ], [ -122.6, 41.8, 0.0 ], [ -122.6, 41.8, 0.0 ], [ -122.6, 41.8, 0.0 ], [ -122.6, 41.8, 0.0 ], [ -122.6, 41.8, 0.0 ], [ -122.6, 41.8, 0.0 ], [ -122.6, 41.8, 0.0 ], [ -122.6, 41.8, 0.0 ], [ -122.6, 41.8, 0.0 ], [ -122.6, 41.8, 0.0 ], [ -122.6, 41.8, 0.0 ], [ -122.6, 41.8, 0.0 ], [ -122.6, 41.8, 0.0 ], [ -122.6, 41.8, 0.0 ], [ -122.6, 41.8, 0.0 ], [ -122.6, 41.8, 0.0 ], [ -122.6, 41.8, 0.0 ], [ -122.6, 41.8, 0.0 ], [ -122.6, 41.8, 0.0 ], [ -122.6, 41.8, 0.0 ], [ -122.6, 41.8, 0.0 ], [ -122.6, 41.8, 0.0 ], [ -122.6, 41.8, 0.0 ], [ -122.6, 41.8, 0.0 ], [ -122.6, 41.8, 0.0 ], [ -122.6, 41.8, 0.0 ], [ -122.6, 41.8, 0.0 ], [ -122.6, 41.8, 0.0 ], [ -122.6, 41.8, 0.0 ], [ -122.6, 41.8, 0.0 ], [ -122.6, 41.8, 0.0 ], [ -122.6, 41.8, 0.0 ], [ -122.6, 41.8, 0.0 ], [ -122.6, 41.8, 0.0 ], [ -122.6, 41.8, 0.0 ], [ -122.6, 41.8, 0.0 ], [ -122.6, 41.8, 0.0 ], [ -122.6, 41.7, 0.0 ], [ -122.6, 41.7, 0.0 ], [ -122.6, 41.7, 0.0 ], [ -122.6, 41.7, 0.0 ], [ -122.6, 41.7, 0.0 ], [ -122.6, 41.7, 0.0 ], [ -122.6, 41.7, 0.0 ], [ -122.6, 41.7, 0.0 ], [ -122.6, 41.7, 0.0 ], [ -122.6, 41.7, 0.0 ], [ -122.6, 41.7, 0.0 ], [ -122.6, 41.7, 0.0 ], [ -122.6, 41.7, 0.0 ], [ -122.6, 41.7, 0.0 ], [ -122.6, 41.7, 0.0 ], [ -122.6, 41.7, 0.0 ], [ -122.6, 41.7, 0.0 ], [ -122.6, 41.7, 0.0 ], [ -122.6, 41.7, 0.0 ], [ -122.6, 41.7, 0.0 ], [ -122.6, 41.7, 0.0 ], [ -122.6, 41.7, 0.0 ], [ -122.6, 41.7, 0.0 ], [ -122.6, 41.7, 0.0 ], [ -122.6, 41.7, 0.0 ], [ -122.6, 41.7, 0.0 ], [ -122.6, 41.7, 0.0 ], [ -122.6, 41.7, 0.0 ], [ -122.6, 41.7, 0.0 ], [ -122.6, 41.7, 0.0 ], [ -122.6, 41.7, 0.0 ], [ -122.6, 41.7, 0.0 ], [ -122.6, 41.7, 0.0 ], [ -122.6, 41.7, 0.0 ], [ -122.6, 41.7, 0.0 ], [ -122.6, 41.7, 0.0 ], [ -122.6, 41.7, 0.0 ], [ -122.6, 41.7, 0.0 ], [ -122.6, 41.7, 0.0 ], [ -122.6, 41.7, 0.0 ], [ -122.6, 41.7, 0.0 ], [ -122.6, 41.7, 0.0 ], [ -122.6, 41.7, 0.0 ], [ -122.6, 41.7, 0.0 ], [ -122.6, 41.7, 0.0 ], [ -122.6, 41.7, 0.0 ], [ -122.6, 41.7, 0.0 ], [ -122.6, 41.7, 0.0 ], [ -122.6, 41.7, 0.0 ], [ -122.6, 41.7, 0.0 ], [ -122.6, 41.7, 0.0 ], [ -122.6, 41.7, 0.0 ], [ -122.6, 41.7, 0.0 ], [ -122.6, 41.7, 0.0 ], [ -122.6, 41.7, 0.0 ], [ -122.6, 41.7, 0.0 ], [ -122.6, 41.7, 0.0 ], [ -122.6, 41.7, 0.0 ], [ -122.6, 41.7, 0.0 ], [ -122.6, 41.7, 0.0 ], [ -122.6, 41.7, 0.0 ], [ -122.6, 41.7, 0.0 ], [ -122.6, 41.7, 0.0 ], [ -122.6, 41.7, 0.0 ], [ -122.6, 41.7, 0.0 ], [ -122.6, 41.7, 0.0 ], [ -122.6, 41.7, 0.0 ], [ -122.6, 41.7, 0.0 ], [ -122.6, 41.7, 0.0 ], [ -122.6, 41.7, 0.0 ], [ -122.6, 41.7, 0.0 ], [ -122.6, 41.7, 0.0 ], [ -122.6, 41.7, 0.0 ], [ -122.6, 41.7, 0.0 ], [ -122.6, 41.7, 0.0 ], [ -122.6, 41.7, 0.0 ], [ -122.6, 41.7, 0.0 ], [ -122.6, 41.7, 0.0 ], [ -122.6, 41.7, 0.0 ], [ -122.6, 41.7, 0.0 ], [ -122.6, 41.7, 0.0 ], [ -122.6, 41.7, 0.0 ], [ -122.6, 41.7, 0.0 ], [ -122.6, 41.7, 0.0 ], [ -122.6, 41.7, 0.0 ], [ -122.6, 41.7, 0.0 ], [ -122.6, 41.7, 0.0 ], [ -122.6, 41.7, 0.0 ], [ -122.6, 41.7, 0.0 ], [ -122.6, 41.7, 0.0 ], [ -122.6, 41.7, 0.0 ], [ -122.6, 41.7, 0.0 ], [ -122.6, 41.7, 0.0 ], [ -122.6, 41.7, 0.0 ], [ -122.6, 41.7, 0.0 ], [ -122.6, 41.7, 0.0 ], [ -122.6, 41.7, 0.0 ], [ -122.6, 41.7, 0.0 ], [ -122.6, 41.7, 0.0 ], [ -122.6, 41.7, 0.0 ], [ -122.6, 41.7, 0.0 ], [ -122.6, 41.7, 0.0 ], [ -122.6, 41.7, 0.0 ], [ -122.6, 41.7, 0.0 ], [ -122.6, 41.7, 0.0 ], [ -122.6, 41.7, 0.0 ], [ -122.6, 41.7, 0.0 ], [ -122.6, 41.7, 0.0 ], [ -122.6, 41.7, 0.0 ], [ -122.6, 41.7, 0.0 ], [ -122.6, 41.7, 0.0 ], [ -122.6, 41.7, 0.0 ], [ -122.6, 41.7, 0.0 ], [ -122.6, 41.7, 0.0 ], [ -122.6, 41.7, 0.0 ], [ -122.6, 41.7, 0.0 ], [ -122.6, 41.7, 0.0 ], [ -122.6, 41.7, 0.0 ], [ -122.6, 41.7, 0.0 ], [ -122.6, 41.7, 0.0 ], [ -122.6, 41.7, 0.0 ], [ -122.6, 41.7, 0.0 ], [ -122.6, 41.7, 0.0 ], [ -122.6, 41.7, 0.0 ], [ -122.6, 41.7, 0.0 ], [ -122.6, 41.7, 0.0 ], [ -122.6, 41.7, 0.0 ], [ -122.6, 41.7, 0.0 ], [ -122.6, 41.7, 0.0 ], [ -122.6, 41.7, 0.0 ], [ -122.6, 41.7, 0.0 ], [ -122.6, 41.7, 0.0 ], [ -122.6, 41.7, 0.0 ], [ -122.6, 41.7, 0.0 ], [ -122.6, 41.7, 0.0 ], [ -122.6, 41.7, 0.0 ], [ -122.6, 41.7, 0.0 ], [ -122.6, 41.7, 0.0 ], [ -122.6, 41.7, 0.0 ], [ -122.6, 41.7, 0.0 ], [ -122.6, 41.7, 0.0 ], [ -122.6, 41.7, 0.0 ], [ -122.6, 41.7, 0.0 ], [ -122.6, 41.7, 0.0 ], [ -122.6, 41.7, 0.0 ], [ -122.6, 41.7, 0.0 ], [ -122.6, 41.7, 0.0 ], [ -122.6, 41.7, 0.0 ], [ -122.6, 41.7, 0.0 ], [ -122.6, 41.7, 0.0 ], [ -122.6, 41.7, 0.0 ], [ -122.6, 41.7, 0.0 ], [ -122.6, 41.7, 0.0 ], [ -122.6, 41.7, 0.0 ], [ -122.6, 41.7, 0.0 ], [ -122.6, 41.7, 0.0 ], [ -122.6, 41.7, 0.0 ], [ -122.6, 41.7, 0.0 ], [ -122.6, 41.7, 0.0 ], [ -122.6, 41.7, 0.0 ], [ -122.6, 41.7, 0.0 ], [ -122.6, 41.7, 0.0 ], [ -122.6, 41.7, 0.0 ], [ -122.6, 41.7, 0.0 ], [ -122.6, 41.7, 0.0 ], [ -122.6, 41.7, 0.0 ], [ -122.6, 41.7, 0.0 ], [ -122.6, 41.7, 0.0 ], [ -122.6, 41.7, 0.0 ], [ -122.6, 41.7, 0.0 ], [ -122.6, 41.7, 0.0 ], [ -122.6, 41.7, 0.0 ], [ -122.6, 41.7, 0.0 ], [ -122.6, 41.7, 0.0 ], [ -122.6, 41.7, 0.0 ], [ -122.6, 41.7, 0.0 ], [ -122.6, 41.7, 0.0 ], [ -122.6, 41.7, 0.0 ], [ -122.6, 41.7, 0.0 ], [ -122.6, 41.7, 0.0 ], [ -122.6, 41.7, 0.0 ], [ -122.6, 41.7, 0.0 ], [ -122.6, 41.7, 0.0 ], [ -122.6, 41.7, 0.0 ], [ -122.6, 41.7, 0.0 ], [ -122.6, 41.7, 0.0 ], [ -122.6, 41.7, 0.0 ], [ -122.6, 41.7, 0.0 ], [ -122.6, 41.7, 0.0 ], [ -122.6, 41.7, 0.0 ], [ -122.6, 41.7, 0.0 ], [ -122.6, 41.7, 0.0 ], [ -122.6, 41.7, 0.0 ], [ -122.6, 41.7, 0.0 ], [ -122.6, 41.7, 0.0 ], [ -122.6, 41.7, 0.0 ], [ -122.6, 41.7, 0.0 ], [ -122.6, 41.7, 0.0 ], [ -122.6, 41.7, 0.0 ], [ -122.6, 41.7, 0.0 ], [ -122.6, 41.7, 0.0 ], [ -122.6, 41.7, 0.0 ], [ -122.6, 41.7, 0.0 ], [ -122.6, 41.7, 0.0 ], [ -122.6, 41.7, 0.0 ], [ -122.6, 41.7, 0.0 ], [ -122.6, 41.7, 0.0 ], [ -122.6, 41.7, 0.0 ], [ -122.6, 41.7, 0.0 ], [ -122.6, 41.7, 0.0 ], [ -122.6, 41.7, 0.0 ], [ -122.6, 41.7, 0.0 ], [ -122.6, 41.7, 0.0 ], [ -122.6, 41.7, 0.0 ], [ -122.6, 41.7, 0.0 ], [ -122.6, 41.7, 0.0 ], [ -122.6, 41.7, 0.0 ], [ -122.6, 41.7, 0.0 ], [ -122.6, 41.7, 0.0 ], [ -122.6, 41.7, 0.0 ], [ -122.6, 41.7, 0.0 ], [ -122.6, 41.7, 0.0 ], [ -122.6, 41.7, 0.0 ], [ -122.6, 41.7, 0.0 ], [ -122.6, 41.7, 0.0 ], [ -122.6, 41.7, 0.0 ], [ -122.6, 41.7, 0.0 ], [ -122.6, 41.7, 0.0 ], [ -122.6, 41.7, 0.0 ], [ -122.6, 41.7, 0.0 ], [ -122.6, 41.7, 0.0 ], [ -122.6, 41.7, 0.0 ], [ -122.6, 41.7, 0.0 ], [ -122.6, 41.7, 0.0 ], [ -122.6, 41.7, 0.0 ], [ -122.6, 41.7, 0.0 ], [ -122.6, 41.7, 0.0 ], [ -122.6, 41.7, 0.0 ], [ -122.6, 41.7, 0.0 ], [ -122.6, 41.7, 0.0 ], [ -122.6, 41.7, 0.0 ], [ -122.6, 41.7, 0.0 ], [ -122.6, 41.7, 0.0 ], [ -122.6, 41.7, 0.0 ], [ -122.6, 41.7, 0.0 ], [ -122.6, 41.7, 0.0 ], [ -122.6, 41.7, 0.0 ], [ -122.6, 41.7, 0.0 ], [ -122.6, 41.7, 0.0 ], [ -122.6, 41.7, 0.0 ], [ -122.6, 41.7, 0.0 ], [ -122.6, 41.7, 0.0 ], [ -122.6, 41.7, 0.0 ], [ -122.6, 41.7, 0.0 ], [ -122.6, 41.7, 0.0 ], [ -122.6, 41.7, 0.0 ], [ -122.6, 41.7, 0.0 ], [ -122.6, 41.7, 0.0 ], [ -122.6, 41.7, 0.0 ], [ -122.6, 41.7, 0.0 ], [ -122.6, 41.7, 0.0 ], [ -122.6, 41.7, 0.0 ], [ -122.6, 41.7, 0.0 ], [ -122.6, 41.7, 0.0 ], [ -122.6, 41.7, 0.0 ], [ -122.6, 41.7, 0.0 ], [ -122.6, 41.7, 0.0 ], [ -122.7, 41.7, 0.0 ], [ -122.7, 41.7, 0.0 ], [ -122.7, 41.7, 0.0 ], [ -122.6, 41.7, 0.0 ], [ -122.6, 41.7, 0.0 ], [ -122.6, 41.7, 0.0 ], [ -122.6, 41.7, 0.0 ], [ -122.6, 41.7, 0.0 ], [ -122.7, 41.7, 0.0 ], [ -122.7, 41.7, 0.0 ], [ -122.7, 41.7, 0.0 ], [ -122.6, 41.7, 0.0 ], [ -122.6, 41.7, 0.0 ], [ -122.6, 41.7, 0.0 ], [ -122.6, 41.7, 0.0 ], [ -122.6, 41.7, 0.0 ], [ -122.6, 41.7, 0.0 ], [ -122.6, 41.7, 0.0 ], [ -122.7, 41.7, 0.0 ], [ -122.7, 41.7, 0.0 ], [ -122.6, 41.7, 0.0 ], [ -122.6, 41.7, 0.0 ], [ -122.7, 41.7, 0.0 ], [ -122.7, 41.7, 0.0 ], [ -122.7, 41.7, 0.0 ], [ -122.7, 41.7, 0.0 ], [ -122.7, 41.7, 0.0 ], [ -122.7, 41.7, 0.0 ], [ -122.7, 41.7, 0.0 ], [ -122.7, 41.7, 0.0 ], [ -122.7, 41.7, 0.0 ], [ -122.7, 41.7, 0.0 ], [ -122.7, 41.7, 0.0 ], [ -122.7, 41.7, 0.0 ], [ -122.7, 41.7, 0.0 ], [ -122.7, 41.7, 0.0 ], [ -122.7, 41.7, 0.0 ], [ -122.7, 41.7, 0.0 ], [ -122.7, 41.7, 0.0 ], [ -122.7, 41.7, 0.0 ], [ -122.7, 41.7, 0.0 ], [ -122.7, 41.7, 0.0 ], [ -122.7, 41.7, 0.0 ], [ -122.7, 41.7, 0.0 ], [ -122.7, 41.7, 0.0 ], [ -122.7, 41.7, 0.0 ], [ -122.7, 41.7, 0.0 ], [ -122.7, 41.7, 0.0 ], [ -122.7, 41.7, 0.0 ], [ -122.7, 41.7, 0.0 ], [ -122.7, 41.7, 0.0 ], [ -122.7, 41.7, 0.0 ], [ -122.7, 41.7, 0.0 ], [ -122.7, 41.7, 0.0 ], [ -122.7, 41.7, 0.0 ], [ -122.7, 41.7, 0.0 ], [ -122.7, 41.7, 0.0 ], [ -122.7, 41.7, 0.0 ], [ -122.7, 41.7, 0.0 ], [ -122.7, 41.7, 0.0 ], [ -122.6, 41.7, 0.0 ], [ -122.6, 41.7, 0.0 ], [ -122.6, 41.7, 0.0 ], [ -122.6, 41.7, 0.0 ], [ -122.7, 41.7, 0.0 ], [ -122.7, 41.7, 0.0 ], [ -122.7, 41.7, 0.0 ], [ -122.6, 41.7, 0.0 ], [ -122.6, 41.7, 0.0 ], [ -122.6, 41.7, 0.0 ], [ -122.6, 41.7, 0.0 ], [ -122.6, 41.7, 0.0 ], [ -122.6, 41.7, 0.0 ], [ -122.6, 41.7, 0.0 ], [ -122.6, 41.7, 0.0 ], [ -122.6, 41.7, 0.0 ], [ -122.6, 41.7, 0.0 ], [ -122.6, 41.7, 0.0 ], [ -122.6, 41.7, 0.0 ], [ -122.6, 41.7, 0.0 ], [ -122.6, 41.7, 0.0 ], [ -122.6, 41.7, 0.0 ], [ -122.6, 41.7, 0.0 ], [ -122.6, 41.7, 0.0 ], [ -122.6, 41.7, 0.0 ], [ -122.6, 41.7, 0.0 ], [ -122.6, 41.7, 0.0 ], [ -122.6, 41.7, 0.0 ], [ -122.6, 41.7, 0.0 ], [ -122.6, 41.7, 0.0 ], [ -122.6, 41.7, 0.0 ], [ -122.6, 41.7, 0.0 ], [ -122.6, 41.7, 0.0 ], [ -122.6, 41.7, 0.0 ], [ -122.6, 41.7, 0.0 ], [ -122.6, 41.7, 0.0 ], [ -122.6, 41.7, 0.0 ], [ -122.6, 41.7, 0.0 ], [ -122.6, 41.7, 0.0 ], [ -122.6, 41.7, 0.0 ], [ -122.6, 41.7, 0.0 ], [ -122.6, 41.7, 0.0 ], [ -122.6, 41.7, 0.0 ], [ -122.6, 41.7, 0.0 ], [ -122.6, 41.7, 0.0 ], [ -122.6, 41.7, 0.0 ], [ -122.6, 41.7, 0.0 ], [ -122.6, 41.7, 0.0 ], [ -122.6, 41.6, 0.0 ], [ -122.6, 41.6, 0.0 ], [ -122.6, 41.6, 0.0 ], [ -122.6, 41.6, 0.0 ], [ -122.6, 41.6, 0.0 ], [ -122.6, 41.6, 0.0 ], [ -122.6, 41.6, 0.0 ], [ -122.6, 41.6, 0.0 ], [ -122.6, 41.6, 0.0 ], [ -122.6, 41.6, 0.0 ], [ -122.6, 41.6, 0.0 ], [ -122.6, 41.6, 0.0 ], [ -122.6, 41.6, 0.0 ], [ -122.6, 41.6, 0.0 ], [ -122.6, 41.6, 0.0 ], [ -122.6, 41.6, 0.0 ], [ -122.6, 41.6, 0.0 ], [ -122.6, 41.6, 0.0 ], [ -122.6, 41.6, 0.0 ], [ -122.6, 41.6, 0.0 ], [ -122.6, 41.6, 0.0 ], [ -122.6, 41.6, 0.0 ], [ -122.6, 41.6, 0.0 ], [ -122.6, 41.6, 0.0 ], [ -122.6, 41.6, 0.0 ], [ -122.6, 41.6, 0.0 ], [ -122.6, 41.6, 0.0 ], [ -122.6, 41.6, 0.0 ], [ -122.6, 41.6, 0.0 ], [ -122.6, 41.6, 0.0 ], [ -122.6, 41.6, 0.0 ], [ -122.6, 41.6, 0.0 ], [ -122.6, 41.6, 0.0 ], [ -122.6, 41.6, 0.0 ], [ -122.6, 41.6, 0.0 ], [ -122.6, 41.6, 0.0 ], [ -122.6, 41.6, 0.0 ], [ -122.6, 41.6, 0.0 ], [ -122.6, 41.6, 0.0 ], [ -122.6, 41.6, 0.0 ], [ -122.6, 41.6, 0.0 ], [ -122.6, 41.6, 0.0 ], [ -122.6, 41.6, 0.0 ], [ -122.6, 41.6, 0.0 ], [ -122.6, 41.6, 0.0 ], [ -122.6, 41.6, 0.0 ], [ -122.6, 41.6, 0.0 ], [ -122.6, 41.6, 0.0 ], [ -122.6, 41.6, 0.0 ], [ -122.6, 41.6, 0.0 ], [ -122.6, 41.6, 0.0 ], [ -122.6, 41.6, 0.0 ], [ -122.6, 41.6, 0.0 ], [ -122.6, 41.6, 0.0 ], [ -122.6, 41.6, 0.0 ], [ -122.6, 41.6, 0.0 ], [ -122.6, 41.6, 0.0 ], [ -122.6, 41.6, 0.0 ], [ -122.6, 41.6, 0.0 ], [ -122.6, 41.6, 0.0 ], [ -122.6, 41.6, 0.0 ], [ -122.6, 41.6, 0.0 ], [ -122.6, 41.6, 0.0 ], [ -122.6, 41.6, 0.0 ], [ -122.6, 41.6, 0.0 ], [ -122.6, 41.6, 0.0 ], [ -122.6, 41.6, 0.0 ], [ -122.6, 41.6, 0.0 ], [ -122.6, 41.6, 0.0 ], [ -122.6, 41.6, 0.0 ], [ -122.6, 41.6, 0.0 ], [ -122.6, 41.6, 0.0 ], [ -122.6, 41.6, 0.0 ], [ -122.6, 41.6, 0.0 ], [ -122.6, 41.6, 0.0 ], [ -122.6, 41.6, 0.0 ], [ -122.5, 41.6, 0.0 ], [ -122.5, 41.6, 0.0 ], [ -122.5, 41.6, 0.0 ], [ -122.5, 41.6, 0.0 ], [ -122.5, 41.6, 0.0 ], [ -122.5, 41.6, 0.0 ], [ -122.5, 41.6, 0.0 ], [ -122.5, 41.6, 0.0 ], [ -122.5, 41.6, 0.0 ], [ -122.5, 41.6, 0.0 ], [ -122.5, 41.6, 0.0 ], [ -122.5, 41.6, 0.0 ], [ -122.5, 41.6, 0.0 ], [ -122.5, 41.6, 0.0 ], [ -122.5, 41.6, 0.0 ], [ -122.5, 41.6, 0.0 ], [ -122.5, 41.6, 0.0 ], [ -122.5, 41.6, 0.0 ], [ -122.5, 41.6, 0.0 ], [ -122.5, 41.6, 0.0 ], [ -122.5, 41.6, 0.0 ], [ -122.5, 41.6, 0.0 ], [ -122.5, 41.6, 0.0 ], [ -122.5, 41.6, 0.0 ], [ -122.5, 41.6, 0.0 ], [ -122.5, 41.6, 0.0 ], [ -122.5, 41.6, 0.0 ], [ -122.5, 41.6, 0.0 ], [ -122.5, 41.6, 0.0 ], [ -122.5, 41.6, 0.0 ], [ -122.5, 41.6, 0.0 ], [ -122.5, 41.6, 0.0 ], [ -122.5, 41.6, 0.0 ], [ -122.5, 41.6, 0.0 ], [ -122.5, 41.6, 0.0 ], [ -122.6, 41.6, 0.0 ], [ -122.6, 41.6, 0.0 ], [ -122.6, 41.6, 0.0 ], [ -122.6, 41.6, 0.0 ], [ -122.6, 41.6, 0.0 ], [ -122.6, 41.6, 0.0 ], [ -122.6, 41.6, 0.0 ], [ -122.6, 41.6, 0.0 ], [ -122.6, 41.6, 0.0 ], [ -122.6, 41.6, 0.0 ], [ -122.6, 41.6, 0.0 ], [ -122.6, 41.6, 0.0 ], [ -122.6, 41.6, 0.0 ], [ -122.6, 41.6, 0.0 ], [ -122.6, 41.6, 0.0 ], [ -122.6, 41.6, 0.0 ], [ -122.6, 41.6, 0.0 ], [ -122.6, 41.6, 0.0 ], [ -122.6, 41.6, 0.0 ], [ -122.6, 41.6, 0.0 ], [ -122.6, 41.6, 0.0 ], [ -122.6, 41.6, 0.0 ], [ -122.6, 41.6, 0.0 ], [ -122.6, 41.6, 0.0 ], [ -122.6, 41.6, 0.0 ], [ -122.6, 41.6, 0.0 ], [ -122.6, 41.6, 0.0 ], [ -122.6, 41.6, 0.0 ], [ -122.6, 41.5, 0.0 ], [ -122.6, 41.5, 0.0 ], [ -122.6, 41.5, 0.0 ], [ -122.6, 41.5, 0.0 ], [ -122.6, 41.5, 0.0 ], [ -122.6, 41.5, 0.0 ], [ -122.6, 41.5, 0.0 ], [ -122.6, 41.5, 0.0 ], [ -122.6, 41.5, 0.0 ], [ -122.6, 41.5, 0.0 ], [ -122.6, 41.5, 0.0 ], [ -122.6, 41.6, 0.0 ], [ -122.6, 41.5, 0.0 ], [ -122.6, 41.5, 0.0 ], [ -122.6, 41.5, 0.0 ], [ -122.6, 41.5, 0.0 ], [ -122.6, 41.5, 0.0 ], [ -122.6, 41.5, 0.0 ], [ -122.6, 41.5, 0.0 ], [ -122.6, 41.5, 0.0 ], [ -122.6, 41.5, 0.0 ], [ -122.6, 41.5, 0.0 ], [ -122.6, 41.5, 0.0 ], [ -122.6, 41.5, 0.0 ], [ -122.6, 41.5, 0.0 ], [ -122.6, 41.5, 0.0 ], [ -122.6, 41.5, 0.0 ], [ -122.6, 41.5, 0.0 ], [ -122.6, 41.5, 0.0 ], [ -122.6, 41.6, 0.0 ], [ -122.6, 41.5, 0.0 ], [ -122.6, 41.5, 0.0 ], [ -122.6, 41.5, 0.0 ], [ -122.6, 41.5, 0.0 ], [ -122.6, 41.5, 0.0 ], [ -122.6, 41.5, 0.0 ], [ -122.6, 41.5, 0.0 ], [ -122.6, 41.5, 0.0 ], [ -122.6, 41.5, 0.0 ], [ -122.6, 41.5, 0.0 ], [ -122.6, 41.5, 0.0 ], [ -122.6, 41.5, 0.0 ], [ -122.6, 41.5, 0.0 ], [ -122.6, 41.5, 0.0 ], [ -122.6, 41.5, 0.0 ], [ -122.6, 41.5, 0.0 ], [ -122.6, 41.5, 0.0 ], [ -122.6, 41.5, 0.0 ], [ -122.6, 41.5, 0.0 ], [ -122.6, 41.5, 0.0 ], [ -122.6, 41.5, 0.0 ], [ -122.6, 41.5, 0.0 ], [ -122.6, 41.5, 0.0 ], [ -122.6, 41.5, 0.0 ], [ -122.6, 41.5, 0.0 ], [ -122.6, 41.5, 0.0 ], [ -122.6, 41.5, 0.0 ], [ -122.6, 41.5, 0.0 ], [ -122.6, 41.5, 0.0 ], [ -122.6, 41.5, 0.0 ], [ -122.6, 41.5, 0.0 ], [ -122.6, 41.5, 0.0 ], [ -122.6, 41.5, 0.0 ], [ -122.6, 41.5, 0.0 ], [ -122.6, 41.5, 0.0 ], [ -122.6, 41.5, 0.0 ], [ -122.6, 41.5, 0.0 ], [ -122.6, 41.5, 0.0 ], [ -122.6, 41.5, 0.0 ], [ -122.6, 41.5, 0.0 ], [ -122.6, 41.5, 0.0 ], [ -122.6, 41.5, 0.0 ], [ -122.6, 41.5, 0.0 ], [ -122.6, 41.5, 0.0 ], [ -122.5, 41.5, 0.0 ], [ -122.5, 41.5, 0.0 ], [ -122.5, 41.5, 0.0 ], [ -122.5, 41.5, 0.0 ], [ -122.5, 41.5, 0.0 ], [ -122.5, 41.5, 0.0 ], [ -122.5, 41.5, 0.0 ], [ -122.5, 41.5, 0.0 ], [ -122.5, 41.5, 0.0 ], [ -122.5, 41.5, 0.0 ], [ -122.5, 41.5, 0.0 ], [ -122.5, 41.5, 0.0 ], [ -122.5, 41.5, 0.0 ], [ -122.6, 41.5, 0.0 ], [ -122.6, 41.5, 0.0 ], [ -122.6, 41.5, 0.0 ], [ -122.6, 41.5, 0.0 ], [ -122.6, 41.5, 0.0 ], [ -122.6, 41.5, 0.0 ], [ -122.6, 41.5, 0.0 ], [ -122.6, 41.5, 0.0 ], [ -122.6, 41.5, 0.0 ], [ -122.6, 41.5, 0.0 ], [ -122.6, 41.5, 0.0 ], [ -122.6, 41.5, 0.0 ], [ -122.6, 41.5, 0.0 ], [ -122.6, 41.5, 0.0 ], [ -122.6, 41.5, 0.0 ], [ -122.6, 41.5, 0.0 ], [ -122.6, 41.5, 0.0 ], [ -122.6, 41.5, 0.0 ], [ -122.6, 41.5, 0.0 ], [ -122.6, 41.5, 0.0 ], [ -122.6, 41.5, 0.0 ], [ -122.6, 41.5, 0.0 ], [ -122.6, 41.5, 0.0 ], [ -122.6, 41.5, 0.0 ], [ -122.6, 41.5, 0.0 ], [ -122.6, 41.5, 0.0 ], [ -122.6, 41.5, 0.0 ], [ -122.6, 41.5, 0.0 ], [ -122.6, 41.5, 0.0 ], [ -122.6, 41.5, 0.0 ], [ -122.6, 41.5, 0.0 ], [ -122.6, 41.5, 0.0 ], [ -122.6, 41.5, 0.0 ], [ -122.6, 41.5, 0.0 ], [ -122.6, 41.5, 0.0 ], [ -122.6, 41.5, 0.0 ], [ -122.6, 41.5, 0.0 ], [ -122.6, 41.5, 0.0 ], [ -122.6, 41.5, 0.0 ], [ -122.6, 41.5, 0.0 ], [ -122.6, 41.5, 0.0 ], [ -122.6, 41.5, 0.0 ], [ -122.6, 41.5, 0.0 ], [ -122.6, 41.5, 0.0 ], [ -122.6, 41.5, 0.0 ], [ -122.6, 41.5, 0.0 ], [ -122.6, 41.5, 0.0 ], [ -122.6, 41.5, 0.0 ], [ -122.6, 41.5, 0.0 ], [ -122.6, 41.5, 0.0 ], [ -122.6, 41.5, 0.0 ], [ -122.6, 41.5, 0.0 ], [ -122.6, 41.5, 0.0 ], [ -122.6, 41.5, 0.0 ], [ -122.6, 41.5, 0.0 ], [ -122.6, 41.5, 0.0 ], [ -122.6, 41.5, 0.0 ], [ -122.6, 41.5, 0.0 ], [ -122.6, 41.5, 0.0 ], [ -122.6, 41.5, 0.0 ], [ -122.6, 41.5, 0.0 ], [ -122.6, 41.5, 0.0 ], [ -122.6, 41.5, 0.0 ], [ -122.6, 41.5, 0.0 ], [ -122.6, 41.5, 0.0 ], [ -122.6, 41.5, 0.0 ], [ -122.6, 41.5, 0.0 ], [ -122.6, 41.5, 0.0 ], [ -122.6, 41.5, 0.0 ], [ -122.6, 41.5, 0.0 ], [ -122.6, 41.5, 0.0 ], [ -122.6, 41.5, 0.0 ], [ -122.6, 41.5, 0.0 ], [ -122.6, 41.5, 0.0 ], [ -122.6, 41.5, 0.0 ], [ -122.6, 41.5, 0.0 ], [ -122.6, 41.5, 0.0 ], [ -122.6, 41.5, 0.0 ], [ -122.6, 41.5, 0.0 ], [ -122.6, 41.5, 0.0 ], [ -122.6, 41.5, 0.0 ], [ -122.6, 41.5, 0.0 ], [ -122.6, 41.5, 0.0 ], [ -122.6, 41.5, 0.0 ], [ -122.6, 41.5, 0.0 ], [ -122.6, 41.5, 0.0 ], [ -122.6, 41.5, 0.0 ], [ -122.6, 41.5, 0.0 ], [ -122.6, 41.5, 0.0 ], [ -122.6, 41.5, 0.0 ], [ -122.6, 41.5, 0.0 ], [ -122.6, 41.5, 0.0 ], [ -122.6, 41.5, 0.0 ], [ -122.6, 41.5, 0.0 ], [ -122.6, 41.5, 0.0 ], [ -122.6, 41.5, 0.0 ], [ -122.6, 41.5, 0.0 ], [ -122.6, 41.5, 0.0 ], [ -122.6, 41.5, 0.0 ], [ -122.6, 41.5, 0.0 ], [ -122.6, 41.5, 0.0 ], [ -122.6, 41.5, 0.0 ], [ -122.6, 41.5, 0.0 ], [ -122.6, 41.5, 0.0 ], [ -122.6, 41.5, 0.0 ], [ -122.6, 41.5, 0.0 ], [ -122.6, 41.5, 0.0 ], [ -122.5, 41.5, 0.0 ], [ -122.5, 41.5, 0.0 ], [ -122.5, 41.5, 0.0 ], [ -122.5, 41.5, 0.0 ], [ -122.5, 41.5, 0.0 ], [ -122.5, 41.5, 0.0 ], [ -122.5, 41.5, 0.0 ], [ -122.5, 41.5, 0.0 ], [ -122.5, 41.5, 0.0 ], [ -122.5, 41.5, 0.0 ], [ -122.5, 41.5, 0.0 ], [ -122.5, 41.5, 0.0 ], [ -122.5, 41.5, 0.0 ], [ -122.5, 41.5, 0.0 ], [ -122.5, 41.5, 0.0 ], [ -122.5, 41.5, 0.0 ], [ -122.5, 41.5, 0.0 ], [ -122.5, 41.5, 0.0 ], [ -122.5, 41.5, 0.0 ], [ -122.5, 41.5, 0.0 ], [ -122.5, 41.5, 0.0 ], [ -122.5, 41.5, 0.0 ], [ -122.5, 41.5, 0.0 ], [ -122.5, 41.5, 0.0 ], [ -122.5, 41.5, 0.0 ], [ -122.5, 41.5, 0.0 ], [ -122.5, 41.5, 0.0 ], [ -122.5, 41.5, 0.0 ], [ -122.5, 41.5, 0.0 ], [ -122.5, 41.5, 0.0 ], [ -122.5, 41.5, 0.0 ], [ -122.5, 41.5, 0.0 ], [ -122.5, 41.5, 0.0 ], [ -122.5, 41.5, 0.0 ], [ -122.5, 41.5, 0.0 ], [ -122.5, 41.5, 0.0 ], [ -122.5, 41.5, 0.0 ], [ -122.5, 41.5, 0.0 ], [ -122.5, 41.5, 0.0 ], [ -122.5, 41.5, 0.0 ], [ -122.5, 41.5, 0.0 ], [ -122.5, 41.5, 0.0 ], [ -122.5, 41.5, 0.0 ], [ -122.5, 41.5, 0.0 ], [ -122.5, 41.5, 0.0 ], [ -122.5, 41.5, 0.0 ], [ -122.5, 41.5, 0.0 ], [ -122.5, 41.5, 0.0 ], [ -122.5, 41.5, 0.0 ], [ -122.5, 41.5, 0.0 ], [ -122.5, 41.5, 0.0 ], [ -122.5, 41.5, 0.0 ], [ -122.5, 41.5, 0.0 ], [ -122.5, 41.5, 0.0 ], [ -122.5, 41.5, 0.0 ], [ -122.5, 41.5, 0.0 ], [ -122.5, 41.5, 0.0 ], [ -122.5, 41.5, 0.0 ], [ -122.5, 41.5, 0.0 ], [ -122.5, 41.5, 0.0 ], [ -122.5, 41.5, 0.0 ], [ -122.5, 41.4, 0.0 ], [ -122.5, 41.4, 0.0 ], [ -122.5, 41.4, 0.0 ], [ -122.5, 41.5, 0.0 ], [ -122.5, 41.5, 0.0 ], [ -122.5, 41.5, 0.0 ], [ -122.5, 41.4, 0.0 ], [ -122.5, 41.4, 0.0 ], [ -122.5, 41.4, 0.0 ], [ -122.5, 41.4, 0.0 ], [ -122.5, 41.4, 0.0 ], [ -122.5, 41.4, 0.0 ], [ -122.5, 41.4, 0.0 ], [ -122.5, 41.4, 0.0 ], [ -122.5, 41.4, 0.0 ], [ -122.5, 41.4, 0.0 ], [ -122.5, 41.4, 0.0 ], [ -122.5, 41.4, 0.0 ], [ -122.5, 41.4, 0.0 ], [ -122.5, 41.4, 0.0 ], [ -122.5, 41.4, 0.0 ], [ -122.5, 41.4, 0.0 ], [ -122.5, 41.4, 0.0 ], [ -122.5, 41.4, 0.0 ], [ -122.5, 41.4, 0.0 ], [ -122.5, 41.4, 0.0 ], [ -122.5, 41.4, 0.0 ], [ -122.5, 41.4, 0.0 ], [ -122.5, 41.4, 0.0 ], [ -122.5, 41.4, 0.0 ], [ -122.5, 41.4, 0.0 ], [ -122.5, 41.4, 0.0 ], [ -122.5, 41.4, 0.0 ], [ -122.5, 41.4, 0.0 ], [ -122.5, 41.4, 0.0 ], [ -122.5, 41.4, 0.0 ], [ -122.5, 41.4, 0.0 ], [ -122.5, 41.4, 0.0 ], [ -122.4, 41.4, 0.0 ], [ -122.4, 41.4, 0.0 ], [ -122.4, 41.4, 0.0 ], [ -122.4, 41.4, 0.0 ], [ -122.4, 41.4, 0.0 ], [ -122.5, 41.4, 0.0 ], [ -122.5, 41.4, 0.0 ], [ -122.5, 41.4, 0.0 ], [ -122.4, 41.4, 0.0 ], [ -122.4, 41.4, 0.0 ], [ -122.4, 41.4, 0.0 ], [ -122.4, 41.4, 0.0 ], [ -122.4, 41.4, 0.0 ], [ -122.4, 41.4, 0.0 ], [ -122.4, 41.4, 0.0 ], [ -122.4, 41.4, 0.0 ], [ -122.4, 41.4, 0.0 ], [ -122.4, 41.4, 0.0 ], [ -122.4, 41.4, 0.0 ], [ -122.4, 41.4, 0.0 ], [ -122.4, 41.4, 0.0 ], [ -122.4, 41.4, 0.0 ], [ -122.4, 41.4, 0.0 ], [ -122.4, 41.4, 0.0 ], [ -122.4, 41.4, 0.0 ], [ -122.4, 41.4, 0.0 ], [ -122.4, 41.4, 0.0 ], [ -122.4, 41.4, 0.0 ], [ -122.4, 41.4, 0.0 ], [ -122.4, 41.4, 0.0 ], [ -122.4, 41.4, 0.0 ], [ -122.4, 41.4, 0.0 ], [ -122.4, 41.4, 0.0 ], [ -122.4, 41.4, 0.0 ], [ -122.4, 41.4, 0.0 ], [ -122.4, 41.4, 0.0 ], [ -122.4, 41.4, 0.0 ], [ -122.4, 41.4, 0.0 ], [ -122.4, 41.4, 0.0 ], [ -122.4, 41.4, 0.0 ], [ -122.4, 41.4, 0.0 ], [ -122.4, 41.4, 0.0 ], [ -122.4, 41.4, 0.0 ], [ -122.4, 41.4, 0.0 ], [ -122.4, 41.4, 0.0 ], [ -122.4, 41.4, 0.0 ], [ -122.4, 41.4, 0.0 ], [ -122.4, 41.4, 0.0 ], [ -122.4, 41.4, 0.0 ], [ -122.4, 41.4, 0.0 ], [ -122.4, 41.4, 0.0 ], [ -122.4, 41.4, 0.0 ], [ -122.4, 41.4, 0.0 ], [ -122.4, 41.4, 0.0 ], [ -122.4, 41.4, 0.0 ], [ -122.4, 41.4, 0.0 ], [ -122.4, 41.4, 0.0 ], [ -122.4, 41.4, 0.0 ], [ -122.4, 41.4, 0.0 ], [ -122.4, 41.4, 0.0 ], [ -122.4, 41.4, 0.0 ], [ -122.4, 41.4, 0.0 ], [ -122.4, 41.4, 0.0 ], [ -122.4, 41.4, 0.0 ], [ -122.4, 41.4, 0.0 ], [ -122.4, 41.4, 0.0 ], [ -122.4, 41.4, 0.0 ], [ -122.4, 41.4, 0.0 ], [ -122.4, 41.4, 0.0 ], [ -122.4, 41.4, 0.0 ], [ -122.4, 41.4, 0.0 ], [ -122.4, 41.4, 0.0 ], [ -122.4, 41.4, 0.0 ], [ -122.4, 41.4, 0.0 ], [ -122.4, 41.4, 0.0 ], [ -122.4, 41.4, 0.0 ], [ -122.4, 41.4, 0.0 ], [ -122.4, 41.4, 0.0 ], [ -122.4, 41.4, 0.0 ], [ -122.4, 41.4, 0.0 ], [ -122.4, 41.4, 0.0 ], [ -122.4, 41.4, 0.0 ], [ -122.4, 41.4, 0.0 ], [ -122.4, 41.4, 0.0 ], [ -122.4, 41.4, 0.0 ], [ -122.4, 41.4, 0.0 ], [ -122.4, 41.4, 0.0 ], [ -122.4, 41.4, 0.0 ], [ -122.4, 41.4, 0.0 ], [ -122.4, 41.4, 0.0 ], [ -122.4, 41.4, 0.0 ], [ -122.4, 41.4, 0.0 ], [ -122.4, 41.4, 0.0 ], [ -122.4, 41.4, 0.0 ], [ -122.4, 41.4, 0.0 ], [ -122.4, 41.4, 0.0 ], [ -122.4, 41.4, 0.0 ], [ -122.4, 41.4, 0.0 ], [ -122.4, 41.4, 0.0 ], [ -122.4, 41.4, 0.0 ], [ -122.4, 41.4, 0.0 ], [ -122.4, 41.4, 0.0 ], [ -122.4, 41.4, 0.0 ], [ -122.4, 41.4, 0.0 ], [ -122.4, 41.4, 0.0 ], [ -122.4, 41.4, 0.0 ], [ -122.4, 41.4, 0.0 ], [ -122.4, 41.4, 0.0 ], [ -122.4, 41.4, 0.0 ], [ -122.4, 41.4, 0.0 ], [ -122.4, 41.4, 0.0 ], [ -122.4, 41.4, 0.0 ], [ -122.4, 41.4, 0.0 ], [ -122.4, 41.4, 0.0 ], [ -122.4, 41.4, 0.0 ], [ -122.4, 41.4, 0.0 ], [ -122.4, 41.4, 0.0 ], [ -122.4, 41.4, 0.0 ], [ -122.4, 41.4, 0.0 ], [ -122.4, 41.4, 0.0 ], [ -122.4, 41.4, 0.0 ], [ -122.4, 41.4, 0.0 ], [ -122.4, 41.4, 0.0 ], [ -122.4, 41.4, 0.0 ], [ -122.4, 41.4, 0.0 ], [ -122.4, 41.4, 0.0 ], [ -122.4, 41.4, 0.0 ], [ -122.4, 41.4, 0.0 ], [ -122.4, 41.4, 0.0 ], [ -122.4, 41.4, 0.0 ], [ -122.4, 41.4, 0.0 ], [ -122.4, 41.4, 0.0 ], [ -122.4, 41.4, 0.0 ], [ -122.4, 41.4, 0.0 ], [ -122.4, 41.4, 0.0 ], [ -122.4, 41.4, 0.0 ], [ -122.4, 41.4, 0.0 ], [ -122.4, 41.4, 0.0 ], [ -122.4, 41.4, 0.0 ], [ -122.4, 41.4, 0.0 ], [ -122.4, 41.4, 0.0 ], [ -122.4, 41.4, 0.0 ], [ -122.4, 41.5, 0.0 ], [ -122.4, 41.5, 0.0 ], [ -122.4, 41.5, 0.0 ], [ -122.4, 41.5, 0.0 ], [ -122.4, 41.5, 0.0 ], [ -122.4, 41.5, 0.0 ], [ -122.4, 41.5, 0.0 ], [ -122.4, 41.5, 0.0 ], [ -122.4, 41.5, 0.0 ], [ -122.4, 41.5, 0.0 ], [ -122.4, 41.5, 0.0 ], [ -122.4, 41.5, 0.0 ], [ -122.4, 41.5, 0.0 ], [ -122.4, 41.5, 0.0 ], [ -122.4, 41.5, 0.0 ], [ -122.4, 41.5, 0.0 ], [ -122.4, 41.5, 0.0 ], [ -122.4, 41.5, 0.0 ], [ -122.4, 41.5, 0.0 ], [ -122.4, 41.5, 0.0 ], [ -122.4, 41.5, 0.0 ], [ -122.4, 41.5, 0.0 ], [ -122.4, 41.5, 0.0 ], [ -122.4, 41.5, 0.0 ], [ -122.4, 41.5, 0.0 ], [ -122.4, 41.5, 0.0 ], [ -122.4, 41.5, 0.0 ], [ -122.4, 41.5, 0.0 ], [ -122.4, 41.5, 0.0 ], [ -122.4, 41.5, 0.0 ], [ -122.4, 41.5, 0.0 ], [ -122.4, 41.5, 0.0 ], [ -122.4, 41.5, 0.0 ], [ -122.3, 41.5, 0.0 ], [ -122.3, 41.5, 0.0 ], [ -122.3, 41.5, 0.0 ], [ -122.3, 41.5, 0.0 ], [ -122.3, 41.5, 0.0 ], [ -122.4, 41.5, 0.0 ], [ -122.4, 41.5, 0.0 ], [ -122.4, 41.5, 0.0 ], [ -122.4, 41.5, 0.0 ], [ -122.4, 41.5, 0.0 ], [ -122.4, 41.5, 0.0 ], [ -122.4, 41.5, 0.0 ], [ -122.4, 41.5, 0.0 ], [ -122.4, 41.5, 0.0 ], [ -122.4, 41.5, 0.0 ], [ -122.4, 41.5, 0.0 ], [ -122.4, 41.5, 0.0 ], [ -122.4, 41.5, 0.0 ], [ -122.4, 41.5, 0.0 ], [ -122.4, 41.5, 0.0 ], [ -122.4, 41.5, 0.0 ], [ -122.4, 41.5, 0.0 ], [ -122.4, 41.5, 0.0 ], [ -122.4, 41.5, 0.0 ], [ -122.4, 41.5, 0.0 ], [ -122.4, 41.5, 0.0 ], [ -122.4, 41.5, 0.0 ], [ -122.4, 41.5, 0.0 ], [ -122.4, 41.5, 0.0 ], [ -122.4, 41.5, 0.0 ], [ -122.4, 41.5, 0.0 ], [ -122.4, 41.5, 0.0 ], [ -122.4, 41.5, 0.0 ], [ -122.3, 41.5, 0.0 ], [ -122.3, 41.5, 0.0 ], [ -122.3, 41.5, 0.0 ], [ -122.3, 41.5, 0.0 ], [ -122.3, 41.5, 0.0 ], [ -122.3, 41.5, 0.0 ], [ -122.3, 41.5, 0.0 ], [ -122.4, 41.5, 0.0 ], [ -122.4, 41.5, 0.0 ], [ -122.4, 41.5, 0.0 ], [ -122.4, 41.5, 0.0 ], [ -122.4, 41.5, 0.0 ], [ -122.4, 41.5, 0.0 ], [ -122.4, 41.5, 0.0 ], [ -122.4, 41.5, 0.0 ], [ -122.4, 41.5, 0.0 ], [ -122.4, 41.5, 0.0 ], [ -122.4, 41.5, 0.0 ], [ -122.4, 41.5, 0.0 ], [ -122.4, 41.5, 0.0 ], [ -122.4, 41.5, 0.0 ], [ -122.4, 41.5, 0.0 ], [ -122.4, 41.5, 0.0 ], [ -122.4, 41.5, 0.0 ], [ -122.4, 41.5, 0.0 ], [ -122.4, 41.5, 0.0 ], [ -122.4, 41.5, 0.0 ], [ -122.3, 41.5, 0.0 ], [ -122.3, 41.5, 0.0 ], [ -122.3, 41.5, 0.0 ], [ -122.3, 41.5, 0.0 ], [ -122.3, 41.5, 0.0 ], [ -122.3, 41.5, 0.0 ], [ -122.3, 41.5, 0.0 ], [ -122.3, 41.5, 0.0 ], [ -122.3, 41.5, 0.0 ], [ -122.3, 41.5, 0.0 ], [ -122.3, 41.5, 0.0 ], [ -122.3, 41.5, 0.0 ], [ -122.3, 41.5, 0.0 ], [ -122.3, 41.5, 0.0 ], [ -122.3, 41.5, 0.0 ], [ -122.3, 41.5, 0.0 ], [ -122.3, 41.5, 0.0 ], [ -122.3, 41.5, 0.0 ], [ -122.3, 41.5, 0.0 ], [ -122.3, 41.5, 0.0 ], [ -122.3, 41.5, 0.0 ], [ -122.3, 41.5, 0.0 ], [ -122.3, 41.5, 0.0 ], [ -122.3, 41.5, 0.0 ], [ -122.3, 41.5, 0.0 ], [ -122.3, 41.5, 0.0 ], [ -122.3, 41.5, 0.0 ], [ -122.3, 41.5, 0.0 ], [ -122.3, 41.5, 0.0 ], [ -122.3, 41.5, 0.0 ], [ -122.3, 41.5, 0.0 ], [ -122.3, 41.5, 0.0 ], [ -122.3, 41.5, 0.0 ], [ -122.3, 41.5, 0.0 ], [ -122.3, 41.5, 0.0 ], [ -122.3, 41.5, 0.0 ], [ -122.3, 41.5, 0.0 ], [ -122.3, 41.5, 0.0 ], [ -122.3, 41.5, 0.0 ], [ -122.3, 41.5, 0.0 ], [ -122.3, 41.5, 0.0 ], [ -122.3, 41.5, 0.0 ], [ -122.3, 41.5, 0.0 ], [ -122.3, 41.5, 0.0 ], [ -122.3, 41.5, 0.0 ], [ -122.3, 41.5, 0.0 ], [ -122.3, 41.5, 0.0 ], [ -122.3, 41.5, 0.0 ], [ -122.3, 41.5, 0.0 ], [ -122.3, 41.5, 0.0 ], [ -122.3, 41.5, 0.0 ], [ -122.3, 41.5, 0.0 ], [ -122.3, 41.5, 0.0 ], [ -122.3, 41.5, 0.0 ], [ -122.3, 41.5, 0.0 ], [ -122.3, 41.5, 0.0 ], [ -122.3, 41.5, 0.0 ], [ -122.3, 41.5, 0.0 ], [ -122.3, 41.5, 0.0 ], [ -122.3, 41.5, 0.0 ], [ -122.3, 41.5, 0.0 ], [ -122.3, 41.5, 0.0 ], [ -122.3, 41.5, 0.0 ], [ -122.3, 41.5, 0.0 ], [ -122.3, 41.5, 0.0 ], [ -122.3, 41.5, 0.0 ], [ -122.3, 41.5, 0.0 ], [ -122.3, 41.5, 0.0 ], [ -122.3, 41.5, 0.0 ], [ -122.3, 41.5, 0.0 ], [ -122.3, 41.5, 0.0 ], [ -122.3, 41.5, 0.0 ], [ -122.3, 41.5, 0.0 ], [ -122.3, 41.5, 0.0 ], [ -122.3, 41.5, 0.0 ], [ -122.3, 41.5, 0.0 ], [ -122.3, 41.5, 0.0 ], [ -122.3, 41.5, 0.0 ], [ -122.3, 41.5, 0.0 ], [ -122.3, 41.5, 0.0 ], [ -122.3, 41.5, 0.0 ], [ -122.3, 41.5, 0.0 ], [ -122.3, 41.5, 0.0 ], [ -122.3, 41.5, 0.0 ], [ -122.3, 41.5, 0.0 ], [ -122.3, 41.5, 0.0 ], [ -122.3, 41.5, 0.0 ], [ -122.3, 41.5, 0.0 ], [ -122.3, 41.5, 0.0 ], [ -122.3, 41.5, 0.0 ], [ -122.3, 41.5, 0.0 ], [ -122.3, 41.5, 0.0 ], [ -122.3, 41.5, 0.0 ], [ -122.3, 41.5, 0.0 ], [ -122.3, 41.5, 0.0 ], [ -122.3, 41.5, 0.0 ], [ -122.3, 41.5, 0.0 ], [ -122.3, 41.5, 0.0 ], [ -122.3, 41.5, 0.0 ], [ -122.3, 41.5, 0.0 ], [ -122.3, 41.5, 0.0 ], [ -122.3, 41.5, 0.0 ], [ -122.3, 41.5, 0.0 ], [ -122.3, 41.5, 0.0 ], [ -122.3, 41.5, 0.0 ], [ -122.3, 41.6, 0.0 ], [ -122.3, 41.6, 0.0 ], [ -122.3, 41.6, 0.0 ], [ -122.3, 41.6, 0.0 ], [ -122.3, 41.6, 0.0 ], [ -122.3, 41.6, 0.0 ], [ -122.3, 41.6, 0.0 ], [ -122.3, 41.6, 0.0 ], [ -122.3, 41.6, 0.0 ], [ -122.3, 41.6, 0.0 ], [ -122.3, 41.6, 0.0 ], [ -122.3, 41.6, 0.0 ], [ -122.3, 41.6, 0.0 ], [ -122.3, 41.6, 0.0 ], [ -122.3, 41.6, 0.0 ], [ -122.3, 41.6, 0.0 ], [ -122.3, 41.6, 0.0 ], [ -122.3, 41.6, 0.0 ], [ -122.3, 41.6, 0.0 ], [ -122.3, 41.6, 0.0 ], [ -122.3, 41.6, 0.0 ], [ -122.3, 41.6, 0.0 ], [ -122.3, 41.6, 0.0 ], [ -122.3, 41.6, 0.0 ], [ -122.3, 41.6, 0.0 ], [ -122.3, 41.6, 0.0 ], [ -122.3, 41.6, 0.0 ], [ -122.3, 41.6, 0.0 ], [ -122.3, 41.6, 0.0 ], [ -122.3, 41.6, 0.0 ], [ -122.3, 41.6, 0.0 ], [ -122.3, 41.6, 0.0 ], [ -122.3, 41.6, 0.0 ], [ -122.3, 41.6, 0.0 ], [ -122.3, 41.6, 0.0 ], [ -122.3, 41.6, 0.0 ], [ -122.3, 41.6, 0.0 ], [ -122.3, 41.6, 0.0 ], [ -122.3, 41.6, 0.0 ], [ -122.3, 41.6, 0.0 ], [ -122.3, 41.6, 0.0 ], [ -122.3, 41.6, 0.0 ], [ -122.3, 41.6, 0.0 ], [ -122.3, 41.6, 0.0 ], [ -122.3, 41.6, 0.0 ], [ -122.3, 41.6, 0.0 ], [ -122.3, 41.6, 0.0 ], [ -122.3, 41.6, 0.0 ], [ -122.3, 41.6, 0.0 ], [ -122.3, 41.6, 0.0 ], [ -122.3, 41.6, 0.0 ], [ -122.3, 41.7, 0.0 ], [ -122.3, 41.7, 0.0 ], [ -122.3, 41.7, 0.0 ], [ -122.3, 41.7, 0.0 ], [ -122.3, 41.7, 0.0 ], [ -122.3, 41.6, 0.0 ], [ -122.3, 41.6, 0.0 ], [ -122.3, 41.6, 0.0 ], [ -122.3, 41.6, 0.0 ], [ -122.3, 41.6, 0.0 ], [ -122.3, 41.6, 0.0 ], [ -122.3, 41.6, 0.0 ], [ -122.3, 41.6, 0.0 ], [ -122.3, 41.7, 0.0 ], [ -122.3, 41.7, 0.0 ], [ -122.3, 41.7, 0.0 ], [ -122.3, 41.7, 0.0 ], [ -122.3, 41.7, 0.0 ], [ -122.3, 41.7, 0.0 ], [ -122.3, 41.7, 0.0 ], [ -122.3, 41.7, 0.0 ], [ -122.3, 41.7, 0.0 ], [ -122.3, 41.7, 0.0 ], [ -122.3, 41.7, 0.0 ], [ -122.3, 41.7, 0.0 ], [ -122.3, 41.7, 0.0 ], [ -122.3, 41.7, 0.0 ], [ -122.3, 41.7, 0.0 ], [ -122.3, 41.7, 0.0 ], [ -122.3, 41.7, 0.0 ], [ -122.3, 41.7, 0.0 ], [ -122.3, 41.7, 0.0 ], [ -122.3, 41.7, 0.0 ], [ -122.3, 41.7, 0.0 ], [ -122.3, 41.7, 0.0 ], [ -122.3, 41.7, 0.0 ], [ -122.3, 41.7, 0.0 ], [ -122.3, 41.7, 0.0 ], [ -122.3, 41.7, 0.0 ], [ -122.3, 41.7, 0.0 ], [ -122.3, 41.7, 0.0 ], [ -122.3, 41.7, 0.0 ], [ -122.3, 41.7, 0.0 ], [ -122.3, 41.7, 0.0 ], [ -122.3, 41.7, 0.0 ], [ -122.3, 41.7, 0.0 ], [ -122.3, 41.7, 0.0 ], [ -122.3, 41.7, 0.0 ], [ -122.3, 41.7, 0.0 ], [ -122.3, 41.7, 0.0 ], [ -122.3, 41.7, 0.0 ], [ -122.3, 41.7, 0.0 ], [ -122.3, 41.7, 0.0 ], [ -122.3, 41.7, 0.0 ], [ -122.3, 41.7, 0.0 ], [ -122.3, 41.7, 0.0 ], [ -122.3, 41.7, 0.0 ], [ -122.3, 41.7, 0.0 ], [ -122.3, 41.7, 0.0 ], [ -122.3, 41.7, 0.0 ], [ -122.3, 41.7, 0.0 ], [ -122.3, 41.7, 0.0 ], [ -122.3, 41.7, 0.0 ], [ -122.3, 41.7, 0.0 ], [ -122.3, 41.7, 0.0 ], [ -122.3, 41.7, 0.0 ], [ -122.3, 41.7, 0.0 ], [ -122.3, 41.7, 0.0 ], [ -122.3, 41.7, 0.0 ], [ -122.3, 41.7, 0.0 ], [ -122.3, 41.7, 0.0 ], [ -122.3, 41.7, 0.0 ], [ -122.3, 41.7, 0.0 ], [ -122.3, 41.7, 0.0 ], [ -122.3, 41.7, 0.0 ], [ -122.3, 41.7, 0.0 ], [ -122.3, 41.7, 0.0 ], [ -122.3, 41.7, 0.0 ], [ -122.3, 41.7, 0.0 ], [ -122.3, 41.7, 0.0 ], [ -122.3, 41.7, 0.0 ], [ -122.3, 41.7, 0.0 ], [ -122.3, 41.7, 0.0 ], [ -122.3, 41.7, 0.0 ], [ -122.3, 41.7, 0.0 ], [ -122.3, 41.7, 0.0 ], [ -122.3, 41.7, 0.0 ], [ -122.3, 41.7, 0.0 ], [ -122.3, 41.7, 0.0 ], [ -122.3, 41.7, 0.0 ], [ -122.3, 41.7, 0.0 ], [ -122.3, 41.7, 0.0 ], [ -122.3, 41.7, 0.0 ], [ -122.3, 41.7, 0.0 ], [ -122.3, 41.7, 0.0 ], [ -122.3, 41.7, 0.0 ], [ -122.3, 41.7, 0.0 ], [ -122.3, 41.7, 0.0 ], [ -122.3, 41.7, 0.0 ], [ -122.3, 41.7, 0.0 ], [ -122.3, 41.7, 0.0 ], [ -122.3, 41.7, 0.0 ], [ -122.3, 41.7, 0.0 ], [ -122.3, 41.7, 0.0 ], [ -122.3, 41.7, 0.0 ], [ -122.3, 41.7, 0.0 ], [ -122.3, 41.7, 0.0 ], [ -122.3, 41.7, 0.0 ], [ -122.3, 41.7, 0.0 ], [ -122.3, 41.7, 0.0 ], [ -122.3, 41.7, 0.0 ], [ -122.3, 41.7, 0.0 ], [ -122.3, 41.7, 0.0 ], [ -122.3, 41.7, 0.0 ], [ -122.3, 41.7, 0.0 ], [ -122.3, 41.7, 0.0 ], [ -122.3, 41.7, 0.0 ], [ -122.3, 41.7, 0.0 ], [ -122.3, 41.7, 0.0 ], [ -122.3, 41.7, 0.0 ], [ -122.3, 41.7, 0.0 ], [ -122.3, 41.7, 0.0 ], [ -122.3, 41.7, 0.0 ], [ -122.3, 41.7, 0.0 ], [ -122.3, 41.7, 0.0 ], [ -122.3, 41.7, 0.0 ], [ -122.3, 41.7, 0.0 ], [ -122.3, 41.7, 0.0 ], [ -122.3, 41.7, 0.0 ], [ -122.3, 41.7, 0.0 ], [ -122.3, 41.7, 0.0 ], [ -122.3, 41.7, 0.0 ], [ -122.3, 41.7, 0.0 ], [ -122.3, 41.7, 0.0 ], [ -122.3, 41.7, 0.0 ], [ -122.3, 41.7, 0.0 ], [ -122.3, 41.7, 0.0 ], [ -122.3, 41.7, 0.0 ], [ -122.3, 41.7, 0.0 ], [ -122.3, 41.7, 0.0 ], [ -122.3, 41.7, 0.0 ], [ -122.3, 41.7, 0.0 ], [ -122.3, 41.7, 0.0 ], [ -122.3, 41.7, 0.0 ], [ -122.3, 41.7, 0.0 ], [ -122.3, 41.7, 0.0 ], [ -122.3, 41.7, 0.0 ], [ -122.3, 41.7, 0.0 ], [ -122.3, 41.7, 0.0 ], [ -122.3, 41.7, 0.0 ], [ -122.3, 41.7, 0.0 ], [ -122.3, 41.7, 0.0 ], [ -122.3, 41.7, 0.0 ], [ -122.3, 41.7, 0.0 ], [ -122.3, 41.7, 0.0 ], [ -122.3, 41.7, 0.0 ], [ -122.3, 41.7, 0.0 ], [ -122.3, 41.7, 0.0 ], [ -122.3, 41.7, 0.0 ], [ -122.3, 41.7, 0.0 ], [ -122.3, 41.7, 0.0 ], [ -122.3, 41.7, 0.0 ], [ -122.3, 41.7, 0.0 ], [ -122.3, 41.7, 0.0 ], [ -122.3, 41.7, 0.0 ], [ -122.3, 41.7, 0.0 ], [ -122.3, 41.7, 0.0 ], [ -122.3, 41.7, 0.0 ], [ -122.3, 41.7, 0.0 ], [ -122.4, 41.7, 0.0 ], [ -122.4, 41.7, 0.0 ], [ -122.4, 41.7, 0.0 ], [ -122.4, 41.7, 0.0 ], [ -122.3, 41.7, 0.0 ], [ -122.3, 41.7, 0.0 ], [ -122.3, 41.7, 0.0 ], [ -122.3, 41.7, 0.0 ], [ -122.3, 41.7, 0.0 ], [ -122.3, 41.7, 0.0 ], [ -122.3, 41.7, 0.0 ], [ -122.3, 41.7, 0.0 ], [ -122.3, 41.7, 0.0 ], [ -122.3, 41.7, 0.0 ], [ -122.3, 41.7, 0.0 ], [ -122.3, 41.7, 0.0 ], [ -122.3, 41.7, 0.0 ], [ -122.3, 41.7, 0.0 ], [ -122.3, 41.7, 0.0 ], [ -122.3, 41.7, 0.0 ], [ -122.3, 41.7, 0.0 ], [ -122.3, 41.7, 0.0 ], [ -122.3, 41.7, 0.0 ], [ -122.3, 41.7, 0.0 ], [ -122.3, 41.7, 0.0 ], [ -122.3, 41.7, 0.0 ], [ -122.3, 41.7, 0.0 ], [ -122.3, 41.7, 0.0 ], [ -122.3, 41.7, 0.0 ], [ -122.3, 41.7, 0.0 ], [ -122.3, 41.7, 0.0 ], [ -122.3, 41.7, 0.0 ], [ -122.3, 41.7, 0.0 ], [ -122.3, 41.7, 0.0 ], [ -122.3, 41.7, 0.0 ], [ -122.3, 41.7, 0.0 ], [ -122.3, 41.7, 0.0 ], [ -122.3, 41.7, 0.0 ], [ -122.3, 41.7, 0.0 ], [ -122.3, 41.7, 0.0 ], [ -122.3, 41.7, 0.0 ], [ -122.3, 41.7, 0.0 ], [ -122.3, 41.8, 0.0 ], [ -122.3, 41.8, 0.0 ], [ -122.3, 41.8, 0.0 ], [ -122.3, 41.8, 0.0 ], [ -122.3, 41.8, 0.0 ], [ -122.3, 41.8, 0.0 ], [ -122.3, 41.8, 0.0 ], [ -122.3, 41.8, 0.0 ], [ -122.3, 41.8, 0.0 ], [ -122.3, 41.8, 0.0 ], [ -122.3, 41.8, 0.0 ], [ -122.3, 41.8, 0.0 ], [ -122.3, 41.8, 0.0 ], [ -122.3, 41.8, 0.0 ], [ -122.3, 41.8, 0.0 ], [ -122.3, 41.8, 0.0 ], [ -122.3, 41.8, 0.0 ], [ -122.3, 41.8, 0.0 ], [ -122.3, 41.8, 0.0 ], [ -122.3, 41.8, 0.0 ], [ -122.3, 41.8, 0.0 ], [ -122.3, 41.8, 0.0 ], [ -122.2, 41.8, 0.0 ], [ -122.3, 41.8, 0.0 ], [ -122.2, 41.8, 0.0 ], [ -122.2, 41.8, 0.0 ], [ -122.2, 41.8, 0.0 ], [ -122.3, 41.8, 0.0 ], [ -122.3, 41.8, 0.0 ], [ -122.3, 41.8, 0.0 ], [ -122.3, 41.8, 0.0 ], [ -122.3, 41.8, 0.0 ], [ -122.3, 41.8, 0.0 ], [ -122.3, 41.8, 0.0 ], [ -122.3, 41.8, 0.0 ], [ -122.3, 41.8, 0.0 ], [ -122.3, 41.8, 0.0 ], [ -122.3, 41.8, 0.0 ], [ -122.3, 41.8, 0.0 ], [ -122.3, 41.8, 0.0 ], [ -122.3, 41.8, 0.0 ], [ -122.3, 41.8, 0.0 ], [ -122.3, 41.8, 0.0 ], [ -122.3, 41.8, 0.0 ], [ -122.3, 41.8, 0.0 ], [ -122.3, 41.8, 0.0 ], [ -122.3, 41.8, 0.0 ], [ -122.3, 41.8, 0.0 ], [ -122.3, 41.8, 0.0 ], [ -122.3, 41.8, 0.0 ], [ -122.3, 41.8, 0.0 ], [ -122.3, 41.8, 0.0 ], [ -122.3, 41.8, 0.0 ], [ -122.3, 41.8, 0.0 ], [ -122.3, 41.8, 0.0 ], [ -122.3, 41.8, 0.0 ], [ -122.3, 41.8, 0.0 ], [ -122.3, 41.8, 0.0 ], [ -122.3, 41.8, 0.0 ], [ -122.3, 41.8, 0.0 ], [ -122.3, 41.8, 0.0 ], [ -122.3, 41.8, 0.0 ], [ -122.3, 41.8, 0.0 ], [ -122.3, 41.8, 0.0 ], [ -122.3, 41.8, 0.0 ], [ -122.3, 41.8, 0.0 ], [ -122.3, 41.8, 0.0 ], [ -122.3, 41.8, 0.0 ], [ -122.3, 41.8, 0.0 ], [ -122.3, 41.8, 0.0 ], [ -122.3, 41.8, 0.0 ], [ -122.3, 41.8, 0.0 ], [ -122.3, 41.8, 0.0 ], [ -122.3, 41.8, 0.0 ], [ -122.3, 41.8, 0.0 ], [ -122.3, 41.8, 0.0 ], [ -122.3, 41.8, 0.0 ], [ -122.3, 41.8, 0.0 ], [ -122.3, 41.8, 0.0 ], [ -122.3, 41.8, 0.0 ], [ -122.3, 41.8, 0.0 ], [ -122.3, 41.8, 0.0 ], [ -122.3, 41.8, 0.0 ], [ -122.3, 41.8, 0.0 ], [ -122.3, 41.8, 0.0 ], [ -122.3, 41.8, 0.0 ], [ -122.3, 41.8, 0.0 ], [ -122.3, 41.8, 0.0 ], [ -122.3, 41.8, 0.0 ], [ -122.3, 41.8, 0.0 ], [ -122.3, 41.8, 0.0 ], [ -122.3, 41.8, 0.0 ], [ -122.3, 41.8, 0.0 ], [ -122.3, 41.8, 0.0 ], [ -122.3, 41.8, 0.0 ], [ -122.3, 41.8, 0.0 ], [ -122.3, 41.8, 0.0 ], [ -122.3, 41.8, 0.0 ], [ -122.3, 41.8, 0.0 ], [ -122.3, 41.8, 0.0 ], [ -122.3, 41.8, 0.0 ], [ -122.3, 41.8, 0.0 ], [ -122.3, 41.8, 0.0 ], [ -122.3, 41.8, 0.0 ], [ -122.3, 41.8, 0.0 ], [ -122.3, 41.8, 0.0 ], [ -122.3, 41.8, 0.0 ], [ -122.3, 41.8, 0.0 ], [ -122.3, 41.8, 0.0 ], [ -122.3, 41.8, 0.0 ], [ -122.3, 41.8, 0.0 ], [ -122.3, 41.8, 0.0 ], [ -122.3, 41.8, 0.0 ], [ -122.3, 41.8, 0.0 ], [ -122.3, 41.8, 0.0 ], [ -122.3, 41.8, 0.0 ], [ -122.3, 41.8, 0.0 ], [ -122.3, 41.8, 0.0 ], [ -122.3, 41.8, 0.0 ], [ -122.3, 41.8, 0.0 ], [ -122.3, 41.8, 0.0 ], [ -122.3, 41.8, 0.0 ], [ -122.3, 41.8, 0.0 ], [ -122.3, 41.8, 0.0 ], [ -122.3, 41.8, 0.0 ], [ -122.3, 41.8, 0.0 ], [ -122.3, 41.8, 0.0 ], [ -122.3, 41.8, 0.0 ], [ -122.3, 41.8, 0.0 ], [ -122.3, 41.8, 0.0 ], [ -122.3, 41.8, 0.0 ], [ -122.3, 41.8, 0.0 ], [ -122.3, 41.8, 0.0 ], [ -122.3, 41.8, 0.0 ], [ -122.3, 41.8, 0.0 ], [ -122.3, 41.8, 0.0 ], [ -122.3, 41.8, 0.0 ], [ -122.3, 41.8, 0.0 ], [ -122.3, 41.8, 0.0 ], [ -122.3, 41.8, 0.0 ], [ -122.3, 41.8, 0.0 ], [ -122.3, 41.8, 0.0 ], [ -122.3, 41.8, 0.0 ], [ -122.3, 41.8, 0.0 ], [ -122.3, 41.8, 0.0 ], [ -122.3, 41.8, 0.0 ], [ -122.3, 41.8, 0.0 ], [ -122.3, 41.8, 0.0 ], [ -122.3, 41.8, 0.0 ], [ -122.3, 41.8, 0.0 ], [ -122.3, 41.8, 0.0 ], [ -122.3, 41.8, 0.0 ], [ -122.3, 41.8, 0.0 ], [ -122.3, 41.8, 0.0 ], [ -122.3, 41.8, 0.0 ], [ -122.3, 41.8, 0.0 ], [ -122.3, 41.8, 0.0 ], [ -122.3, 41.8, 0.0 ], [ -122.3, 41.8, 0.0 ], [ -122.3, 41.8, 0.0 ], [ -122.3, 41.8, 0.0 ], [ -122.3, 41.8, 0.0 ], [ -122.3, 41.8, 0.0 ], [ -122.3, 41.8, 0.0 ], [ -122.3, 41.8, 0.0 ], [ -122.3, 41.8, 0.0 ], [ -122.3, 41.8, 0.0 ], [ -122.3, 41.8, 0.0 ], [ -122.3, 41.8, 0.0 ], [ -122.3, 41.8, 0.0 ], [ -122.3, 41.8, 0.0 ], [ -122.3, 41.8, 0.0 ], [ -122.3, 41.8, 0.0 ], [ -122.3, 41.8, 0.0 ], [ -122.3, 41.8, 0.0 ], [ -122.3, 41.8, 0.0 ], [ -122.3, 41.8, 0.0 ], [ -122.3, 41.8, 0.0 ], [ -122.3, 41.8, 0.0 ], [ -122.3, 41.8, 0.0 ], [ -122.3, 41.8, 0.0 ], [ -122.3, 41.8, 0.0 ], [ -122.3, 41.8, 0.0 ], [ -122.3, 41.8, 0.0 ], [ -122.3, 41.8, 0.0 ], [ -122.3, 41.8, 0.0 ], [ -122.3, 41.8, 0.0 ], [ -122.3, 41.8, 0.0 ], [ -122.3, 41.8, 0.0 ], [ -122.3, 41.8, 0.0 ], [ -122.3, 41.8, 0.0 ], [ -122.3, 41.8, 0.0 ], [ -122.3, 41.8, 0.0 ], [ -122.3, 41.8, 0.0 ], [ -122.3, 41.8, 0.0 ], [ -122.3, 41.8, 0.0 ], [ -122.3, 41.8, 0.0 ], [ -122.3, 41.8, 0.0 ], [ -122.3, 41.8, 0.0 ], [ -122.3, 41.8, 0.0 ], [ -122.3, 41.8, 0.0 ], [ -122.3, 41.8, 0.0 ], [ -122.3, 41.8, 0.0 ], [ -122.3, 41.8, 0.0 ], [ -122.3, 41.8, 0.0 ], [ -122.3, 41.8, 0.0 ], [ -122.3, 41.8, 0.0 ], [ -122.3, 41.8, 0.0 ], [ -122.3, 41.8, 0.0 ], [ -122.3, 41.8, 0.0 ], [ -122.3, 41.8, 0.0 ], [ -122.3, 41.8, 0.0 ], [ -122.3, 41.8, 0.0 ], [ -122.3, 41.8, 0.0 ], [ -122.3, 41.8, 0.0 ], [ -122.3, 41.8, 0.0 ], [ -122.3, 41.8, 0.0 ], [ -122.3, 41.8, 0.0 ], [ -122.3, 41.8, 0.0 ], [ -122.3, 41.8, 0.0 ], [ -122.3, 41.8, 0.0 ], [ -122.3, 41.8, 0.0 ], [ -122.3, 41.8, 0.0 ], [ -122.3, 41.8, 0.0 ], [ -122.3, 41.8, 0.0 ], [ -122.3, 41.8, 0.0 ], [ -122.3, 41.8, 0.0 ], [ -122.3, 41.8, 0.0 ], [ -122.3, 41.8, 0.0 ], [ -122.3, 41.8, 0.0 ], [ -122.3, 41.8, 0.0 ], [ -122.3, 41.8, 0.0 ], [ -122.3, 41.8, 0.0 ], [ -122.3, 41.8, 0.0 ], [ -122.3, 41.8, 0.0 ], [ -122.3, 41.8, 0.0 ], [ -122.3, 41.8, 0.0 ], [ -122.3, 41.8, 0.0 ], [ -122.3, 41.8, 0.0 ], [ -122.3, 41.8, 0.0 ], [ -122.3, 41.8, 0.0 ], [ -122.3, 41.8, 0.0 ], [ -122.3, 41.8, 0.0 ], [ -122.3, 41.8, 0.0 ], [ -122.3, 41.8, 0.0 ], [ -122.3, 41.8, 0.0 ], [ -122.3, 41.8, 0.0 ], [ -122.3, 41.8, 0.0 ], [ -122.3, 41.8, 0.0 ], [ -122.3, 41.8, 0.0 ], [ -122.3, 41.8, 0.0 ], [ -122.3, 41.8, 0.0 ], [ -122.3, 41.8, 0.0 ], [ -122.3, 41.8, 0.0 ], [ -122.3, 41.8, 0.0 ], [ -122.3, 41.8, 0.0 ], [ -122.3, 41.8, 0.0 ], [ -122.3, 41.8, 0.0 ], [ -122.3, 41.8, 0.0 ], [ -122.3, 41.8, 0.0 ], [ -122.3, 41.8, 0.0 ], [ -122.3, 41.8, 0.0 ], [ -122.3, 41.8, 0.0 ], [ -122.3, 41.8, 0.0 ], [ -122.3, 41.8, 0.0 ], [ -122.3, 41.8, 0.0 ], [ -122.3, 41.8, 0.0 ], [ -122.3, 41.8, 0.0 ], [ -122.3, 41.8, 0.0 ], [ -122.3, 41.8, 0.0 ], [ -122.3, 41.8, 0.0 ], [ -122.3, 41.8, 0.0 ], [ -122.3, 41.8, 0.0 ], [ -122.3, 41.8, 0.0 ], [ -122.3, 41.8, 0.0 ], [ -122.3, 41.8, 0.0 ], [ -122.3, 41.8, 0.0 ], [ -122.3, 41.8, 0.0 ], [ -122.3, 41.8, 0.0 ], [ -122.3, 41.8, 0.0 ], [ -122.3, 41.8, 0.0 ], [ -122.3, 41.8, 0.0 ], [ -122.3, 41.8, 0.0 ], [ -122.3, 41.8, 0.0 ], [ -122.3, 41.8, 0.0 ], [ -122.3, 41.8, 0.0 ], [ -122.3, 41.8, 0.0 ], [ -122.3, 41.8, 0.0 ], [ -122.3, 41.8, 0.0 ], [ -122.3, 41.8, 0.0 ], [ -122.3, 41.8, 0.0 ], [ -122.3, 41.8, 0.0 ], [ -122.3, 41.8, 0.0 ], [ -122.3, 41.8, 0.0 ], [ -122.3, 41.8, 0.0 ], [ -122.3, 41.8, 0.0 ], [ -122.3, 41.8, 0.0 ], [ -122.3, 41.8, 0.0 ], [ -122.3, 41.8, 0.0 ], [ -122.3, 41.8, 0.0 ], [ -122.3, 41.8, 0.0 ], [ -122.3, 41.8, 0.0 ], [ -122.3, 41.8, 0.0 ], [ -122.3, 41.8, 0.0 ], [ -122.3, 41.8, 0.0 ], [ -122.3, 41.8, 0.0 ], [ -122.3, 41.8, 0.0 ], [ -122.3, 41.8, 0.0 ], [ -122.3, 41.8, 0.0 ], [ -122.3, 41.8, 0.0 ], [ -122.3, 41.8, 0.0 ], [ -122.3, 41.8, 0.0 ], [ -122.3, 41.8, 0.0 ], [ -122.3, 41.8, 0.0 ], [ -122.3, 41.8, 0.0 ], [ -122.3, 41.8, 0.0 ], [ -122.3, 41.8, 0.0 ], [ -122.3, 41.8, 0.0 ], [ -122.3, 41.8, 0.0 ], [ -122.3, 41.8, 0.0 ], [ -122.3, 41.8, 0.0 ], [ -122.3, 41.8, 0.0 ], [ -122.3, 41.8, 0.0 ], [ -122.3, 41.8, 0.0 ], [ -122.3, 41.8, 0.0 ], [ -122.3, 41.8, 0.0 ], [ -122.3, 41.8, 0.0 ], [ -122.3, 41.8, 0.0 ], [ -122.3, 41.8, 0.0 ], [ -122.3, 41.8, 0.0 ], [ -122.3, 41.8, 0.0 ], [ -122.3, 41.8, 0.0 ], [ -122.3, 41.8, 0.0 ], [ -122.3, 41.8, 0.0 ], [ -122.3, 41.8, 0.0 ], [ -122.3, 41.8, 0.0 ], [ -122.3, 41.8, 0.0 ], [ -122.3, 41.8, 0.0 ], [ -122.3, 41.8, 0.0 ], [ -122.3, 41.8, 0.0 ], [ -122.3, 41.8, 0.0 ], [ -122.3, 41.8, 0.0 ], [ -122.3, 41.8, 0.0 ], [ -122.3, 41.8, 0.0 ], [ -122.3, 41.8, 0.0 ], [ -122.3, 41.8, 0.0 ], [ -122.3, 41.8, 0.0 ], [ -122.3, 41.8, 0.0 ], [ -122.3, 41.8, 0.0 ], [ -122.3, 41.8, 0.0 ], [ -122.3, 41.8, 0.0 ], [ -122.3, 41.8, 0.0 ], [ -122.3, 41.8, 0.0 ], [ -122.3, 41.8, 0.0 ], [ -122.3, 41.8, 0.0 ], [ -122.3, 41.8, 0.0 ], [ -122.3, 41.8, 0.0 ], [ -122.3, 41.8, 0.0 ], [ -122.3, 41.8, 0.0 ], [ -122.3, 41.8, 0.0 ], [ -122.3, 41.8, 0.0 ], [ -122.3, 41.8, 0.0 ], [ -122.3, 41.8, 0.0 ], [ -122.3, 41.8, 0.0 ], [ -122.3, 41.8, 0.0 ], [ -122.3, 41.8, 0.0 ], [ -122.3, 41.8, 0.0 ], [ -122.3, 41.8, 0.0 ], [ -122.3, 41.8, 0.0 ], [ -122.3, 41.8, 0.0 ], [ -122.3, 41.8, 0.0 ], [ -122.3, 41.8, 0.0 ], [ -122.3, 41.8, 0.0 ], [ -122.3, 41.8, 0.0 ], [ -122.3, 41.8, 0.0 ], [ -122.3, 41.8, 0.0 ], [ -122.3, 41.8, 0.0 ], [ -122.3, 41.8, 0.0 ], [ -122.3, 41.8, 0.0 ], [ -122.3, 41.8, 0.0 ], [ -122.3, 41.8, 0.0 ], [ -122.3, 41.8, 0.0 ], [ -122.3, 41.8, 0.0 ], [ -122.3, 41.8, 0.0 ], [ -122.3, 41.8, 0.0 ], [ -122.3, 41.8, 0.0 ], [ -122.3, 41.8, 0.0 ], [ -122.3, 41.8, 0.0 ], [ -122.3, 41.8, 0.0 ], [ -122.3, 41.8, 0.0 ], [ -122.3, 41.8, 0.0 ], [ -122.3, 41.8, 0.0 ], [ -122.3, 41.8, 0.0 ], [ -122.3, 41.8, 0.0 ], [ -122.3, 41.8, 0.0 ], [ -122.3, 41.8, 0.0 ], [ -122.3, 41.8, 0.0 ], [ -122.3, 41.8, 0.0 ], [ -122.3, 41.8, 0.0 ], [ -122.3, 41.8, 0.0 ], [ -122.3, 41.8, 0.0 ], [ -122.3, 41.8, 0.0 ], [ -122.3, 41.8, 0.0 ], [ -122.3, 41.8, 0.0 ], [ -122.3, 41.8, 0.0 ], [ -122.3, 41.8, 0.0 ], [ -122.3, 41.8, 0.0 ], [ -122.3, 41.8, 0.0 ], [ -122.3, 41.8, 0.0 ], [ -122.3, 41.8, 0.0 ], [ -122.3, 41.8, 0.0 ], [ -122.3, 41.8, 0.0 ], [ -122.3, 41.8, 0.0 ], [ -122.3, 41.8, 0.0 ], [ -122.3, 41.8, 0.0 ], [ -122.3, 41.8, 0.0 ], [ -122.3, 41.8, 0.0 ], [ -122.3, 41.8, 0.0 ], [ -122.3, 41.8, 0.0 ], [ -122.3, 41.8, 0.0 ], [ -122.3, 41.8, 0.0 ], [ -122.3, 41.8, 0.0 ], [ -122.3, 41.8, 0.0 ], [ -122.3, 41.8, 0.0 ], [ -122.3, 41.8, 0.0 ], [ -122.3, 41.8, 0.0 ], [ -122.3, 41.8, 0.0 ], [ -122.3, 41.8, 0.0 ], [ -122.4, 41.8, 0.0 ], [ -122.4, 41.8, 0.0 ], [ -122.4, 41.8, 0.0 ], [ -122.4, 41.8, 0.0 ], [ -122.4, 41.8, 0.0 ], [ -122.4, 41.8, 0.0 ], [ -122.4, 41.8, 0.0 ], [ -122.4, 41.8, 0.0 ], [ -122.4, 41.8, 0.0 ], [ -122.4, 41.8, 0.0 ], [ -122.4, 41.8, 0.0 ], [ -122.4, 41.8, 0.0 ], [ -122.4, 41.8, 0.0 ], [ -122.4, 41.8, 0.0 ], [ -122.4, 41.8, 0.0 ], [ -122.4, 41.8, 0.0 ], [ -122.4, 41.8, 0.0 ], [ -122.4, 41.8, 0.0 ], [ -122.4, 41.8, 0.0 ], [ -122.4, 41.8, 0.0 ], [ -122.4, 41.8, 0.0 ], [ -122.4, 41.8, 0.0 ], [ -122.4, 41.8, 0.0 ], [ -122.4, 41.8, 0.0 ], [ -122.4, 41.8, 0.0 ], [ -122.4, 41.8, 0.0 ], [ -122.4, 41.8, 0.0 ], [ -122.4, 41.8, 0.0 ], [ -122.4, 41.8, 0.0 ], [ -122.4, 41.8, 0.0 ], [ -122.4, 41.8, 0.0 ], [ -122.4, 41.8, 0.0 ], [ -122.4, 41.8, 0.0 ], [ -122.4, 41.8, 0.0 ], [ -122.4, 41.8, 0.0 ], [ -122.4, 41.8, 0.0 ], [ -122.4, 41.8, 0.0 ], [ -122.4, 41.8, 0.0 ], [ -122.4, 41.8, 0.0 ], [ -122.4, 41.8, 0.0 ], [ -122.4, 41.8, 0.0 ], [ -122.4, 41.8, 0.0 ], [ -122.4, 41.8, 0.0 ], [ -122.4, 41.8, 0.0 ], [ -122.4, 41.8, 0.0 ], [ -122.4, 41.8, 0.0 ], [ -122.4, 41.8, 0.0 ], [ -122.4, 41.8, 0.0 ], [ -122.4, 41.8, 0.0 ], [ -122.4, 41.8, 0.0 ], [ -122.4, 41.8, 0.0 ], [ -122.4, 41.8, 0.0 ], [ -122.4, 41.8, 0.0 ], [ -122.4, 41.8, 0.0 ], [ -122.4, 41.8, 0.0 ], [ -122.4, 41.8, 0.0 ], [ -122.4, 41.8, 0.0 ], [ -122.4, 41.8, 0.0 ], [ -122.4, 41.8, 0.0 ], [ -122.4, 41.8, 0.0 ], [ -122.4, 41.8, 0.0 ], [ -122.4, 41.8, 0.0 ], [ -122.4, 41.8, 0.0 ], [ -122.4, 41.8, 0.0 ], [ -122.4, 41.8, 0.0 ], [ -122.4, 41.8, 0.0 ], [ -122.4, 41.8, 0.0 ], [ -122.4, 41.8, 0.0 ], [ -122.4, 41.8, 0.0 ], [ -122.4, 41.8, 0.0 ], [ -122.4, 41.8, 0.0 ], [ -122.4, 41.8, 0.0 ], [ -122.4, 41.8, 0.0 ], [ -122.4, 41.8, 0.0 ], [ -122.4, 41.8, 0.0 ], [ -122.4, 41.8, 0.0 ], [ -122.4, 41.8, 0.0 ], [ -122.4, 41.8, 0.0 ], [ -122.4, 41.8, 0.0 ], [ -122.4, 41.8, 0.0 ], [ -122.4, 41.8, 0.0 ], [ -122.4, 41.8, 0.0 ], [ -122.4, 41.8, 0.0 ], [ -122.4, 41.8, 0.0 ], [ -122.4, 41.8, 0.0 ], [ -122.4, 41.8, 0.0 ], [ -122.4, 41.8, 0.0 ], [ -122.4, 41.8, 0.0 ], [ -122.4, 41.8, 0.0 ], [ -122.4, 41.8, 0.0 ], [ -122.4, 41.8, 0.0 ], [ -122.4, 41.8, 0.0 ], [ -122.4, 41.8, 0.0 ], [ -122.4, 41.8, 0.0 ], [ -122.4, 41.8, 0.0 ], [ -122.4, 41.8, 0.0 ], [ -122.4, 41.8, 0.0 ], [ -122.4, 41.8, 0.0 ], [ -122.4, 41.8, 0.0 ], [ -122.4, 41.8, 0.0 ], [ -122.4, 41.8, 0.0 ], [ -122.4, 41.8, 0.0 ], [ -122.4, 41.8, 0.0 ], [ -122.4, 41.8, 0.0 ], [ -122.4, 41.8, 0.0 ], [ -122.4, 41.8, 0.0 ], [ -122.4, 41.8, 0.0 ], [ -122.4, 41.8, 0.0 ], [ -122.4, 41.8, 0.0 ], [ -122.4, 41.8, 0.0 ], [ -122.4, 41.8, 0.0 ], [ -122.4, 41.8, 0.0 ], [ -122.4, 41.8, 0.0 ], [ -122.4, 41.8, 0.0 ], [ -122.4, 41.8, 0.0 ], [ -122.4, 41.8, 0.0 ], [ -122.4, 41.8, 0.0 ], [ -122.4, 41.8, 0.0 ], [ -122.4, 41.8, 0.0 ], [ -122.4, 41.8, 0.0 ], [ -122.4, 41.8, 0.0 ], [ -122.4, 41.8, 0.0 ], [ -122.4, 41.8, 0.0 ], [ -122.4, 41.8, 0.0 ], [ -122.4, 41.8, 0.0 ], [ -122.4, 41.8, 0.0 ], [ -122.4, 41.8, 0.0 ], [ -122.4, 41.8, 0.0 ], [ -122.4, 41.8, 0.0 ], [ -122.4, 41.8, 0.0 ], [ -122.4, 41.8, 0.0 ], [ -122.4, 41.8, 0.0 ], [ -122.4, 41.8, 0.0 ], [ -122.4, 41.8, 0.0 ], [ -122.4, 41.8, 0.0 ], [ -122.4, 41.8, 0.0 ], [ -122.4, 41.8, 0.0 ], [ -122.4, 41.8, 0.0 ], [ -122.4, 41.8, 0.0 ], [ -122.4, 41.8, 0.0 ], [ -122.4, 41.8, 0.0 ], [ -122.4, 41.8, 0.0 ], [ -122.4, 41.8, 0.0 ], [ -122.4, 41.8, 0.0 ], [ -122.4, 41.8, 0.0 ], [ -122.4, 41.8, 0.0 ], [ -122.4, 41.8, 0.0 ], [ -122.4, 41.8, 0.0 ], [ -122.4, 41.8, 0.0 ], [ -122.4, 41.8, 0.0 ], [ -122.4, 41.8, 0.0 ], [ -122.4, 41.8, 0.0 ], [ -122.4, 41.8, 0.0 ], [ -122.4, 41.8, 0.0 ], [ -122.4, 41.8, 0.0 ], [ -122.4, 41.8, 0.0 ], [ -122.4, 41.8, 0.0 ], [ -122.4, 41.8, 0.0 ], [ -122.4, 41.8, 0.0 ], [ -122.4, 41.8, 0.0 ], [ -122.4, 41.8, 0.0 ], [ -122.4, 41.8, 0.0 ], [ -122.4, 41.8, 0.0 ], [ -122.4, 41.8, 0.0 ], [ -122.4, 41.8, 0.0 ], [ -122.4, 41.8, 0.0 ], [ -122.4, 41.8, 0.0 ], [ -122.4, 41.8, 0.0 ], [ -122.4, 41.8, 0.0 ], [ -122.4, 41.8, 0.0 ], [ -122.4, 41.8, 0.0 ], [ -122.4, 41.8, 0.0 ], [ -122.4, 41.8, 0.0 ], [ -122.4, 41.8, 0.0 ], [ -122.4, 41.8, 0.0 ], [ -122.4, 41.8, 0.0 ], [ -122.4, 41.8, 0.0 ], [ -122.4, 41.8, 0.0 ], [ -122.4, 41.8, 0.0 ], [ -122.4, 41.8, 0.0 ], [ -122.4, 41.8, 0.0 ], [ -122.4, 41.8, 0.0 ], [ -122.4, 41.8, 0.0 ], [ -122.4, 41.8, 0.0 ], [ -122.4, 41.8, 0.0 ], [ -122.4, 41.8, 0.0 ], [ -122.4, 41.8, 0.0 ], [ -122.4, 41.8, 0.0 ], [ -122.4, 41.8, 0.0 ], [ -122.4, 41.8, 0.0 ], [ -122.4, 41.8, 0.0 ], [ -122.4, 41.8, 0.0 ], [ -122.4, 41.8, 0.0 ], [ -122.4, 41.8, 0.0 ], [ -122.4, 41.8, 0.0 ], [ -122.4, 41.8, 0.0 ], [ -122.4, 41.8, 0.0 ], [ -122.4, 41.8, 0.0 ], [ -122.4, 41.8, 0.0 ], [ -122.4, 41.8, 0.0 ], [ -122.4, 41.8, 0.0 ], [ -122.4, 41.8, 0.0 ], [ -122.4, 41.8, 0.0 ], [ -122.4, 41.8, 0.0 ], [ -122.4, 41.8, 0.0 ], [ -122.4, 41.8, 0.0 ], [ -122.4, 41.8, 0.0 ], [ -122.4, 41.8, 0.0 ], [ -122.4, 41.8, 0.0 ], [ -122.4, 41.8, 0.0 ], [ -122.4, 41.8, 0.0 ], [ -122.4, 41.8, 0.0 ], [ -122.4, 41.8, 0.0 ], [ -122.4, 41.8, 0.0 ], [ -122.4, 41.8, 0.0 ], [ -122.4, 41.8, 0.0 ], [ -122.4, 41.8, 0.0 ], [ -122.4, 41.8, 0.0 ], [ -122.4, 41.8, 0.0 ], [ -122.4, 41.8, 0.0 ], [ -122.4, 41.8, 0.0 ], [ -122.4, 41.8, 0.0 ], [ -122.4, 41.8, 0.0 ], [ -122.4, 41.8, 0.0 ], [ -122.4, 41.8, 0.0 ], [ -122.4, 41.8, 0.0 ], [ -122.4, 41.8, 0.0 ], [ -122.4, 41.8, 0.0 ], [ -122.4, 41.8, 0.0 ], [ -122.4, 41.8, 0.0 ], [ -122.4, 41.8, 0.0 ], [ -122.4, 41.8, 0.0 ], [ -122.4, 41.8, 0.0 ], [ -122.4, 41.8, 0.0 ], [ -122.4, 41.8, 0.0 ], [ -122.4, 41.8, 0.0 ], [ -122.4, 41.8, 0.0 ], [ -122.4, 41.8, 0.0 ], [ -122.4, 41.8, 0.0 ], [ -122.4, 41.8, 0.0 ], [ -122.4, 41.8, 0.0 ], [ -122.4, 41.8, 0.0 ], [ -122.4, 41.8, 0.0 ], [ -122.4, 41.8, 0.0 ], [ -122.4, 41.8, 0.0 ], [ -122.4, 41.8, 0.0 ], [ -122.4, 41.8, 0.0 ], [ -122.4, 41.8, 0.0 ], [ -122.4, 41.8, 0.0 ], [ -122.4, 41.8, 0.0 ], [ -122.4, 41.8, 0.0 ], [ -122.4, 41.8, 0.0 ], [ -122.4, 41.8, 0.0 ], [ -122.4, 41.8, 0.0 ], [ -122.4, 41.8, 0.0 ], [ -122.4, 41.8, 0.0 ], [ -122.4, 41.8, 0.0 ], [ -122.4, 41.8, 0.0 ], [ -122.4, 41.8, 0.0 ], [ -122.4, 41.8, 0.0 ], [ -122.4, 41.8, 0.0 ], [ -122.4, 41.8, 0.0 ], [ -122.4, 41.8, 0.0 ], [ -122.4, 41.8, 0.0 ], [ -122.4, 41.8, 0.0 ], [ -122.4, 41.8, 0.0 ], [ -122.4, 41.8, 0.0 ], [ -122.4, 41.8, 0.0 ], [ -122.4, 41.8, 0.0 ], [ -122.4, 41.8, 0.0 ], [ -122.4, 41.8, 0.0 ], [ -122.4, 41.8, 0.0 ], [ -122.4, 41.8, 0.0 ], [ -122.4, 41.8, 0.0 ], [ -122.4, 41.8, 0.0 ], [ -122.4, 41.8, 0.0 ], [ -122.4, 41.8, 0.0 ], [ -122.4, 41.8, 0.0 ], [ -122.4, 41.8, 0.0 ], [ -122.4, 41.8, 0.0 ], [ -122.4, 41.8, 0.0 ], [ -122.4, 41.8, 0.0 ], [ -122.4, 41.8, 0.0 ], [ -122.4, 41.8, 0.0 ], [ -122.4, 41.8, 0.0 ], [ -122.4, 41.8, 0.0 ], [ -122.4, 41.8, 0.0 ], [ -122.4, 41.8, 0.0 ], [ -122.4, 41.8, 0.0 ], [ -122.4, 41.8, 0.0 ], [ -122.4, 41.8, 0.0 ], [ -122.4, 41.8, 0.0 ], [ -122.4, 41.8, 0.0 ], [ -122.4, 41.8, 0.0 ], [ -122.4, 41.8, 0.0 ], [ -122.4, 41.8, 0.0 ], [ -122.4, 41.8, 0.0 ], [ -122.4, 41.8, 0.0 ], [ -122.4, 41.8, 0.0 ], [ -122.4, 41.8, 0.0 ], [ -122.4, 41.8, 0.0 ], [ -122.4, 41.8, 0.0 ], [ -122.4, 41.8, 0.0 ], [ -122.4, 41.8, 0.0 ], [ -122.4, 41.8, 0.0 ], [ -122.4, 41.8, 0.0 ], [ -122.4, 41.8, 0.0 ], [ -122.4, 41.8, 0.0 ], [ -122.4, 41.8, 0.0 ], [ -122.4, 41.8, 0.0 ], [ -122.4, 41.8, 0.0 ], [ -122.4, 41.8, 0.0 ], [ -122.4, 41.8, 0.0 ], [ -122.4, 41.8, 0.0 ], [ -122.4, 41.8, 0.0 ], [ -122.4, 41.8, 0.0 ], [ -122.4, 41.8, 0.0 ], [ -122.4, 41.8, 0.0 ], [ -122.4, 41.8, 0.0 ], [ -122.4, 41.8, 0.0 ], [ -122.4, 41.8, 0.0 ], [ -122.4, 41.8, 0.0 ], [ -122.4, 41.8, 0.0 ], [ -122.4, 41.8, 0.0 ], [ -122.4, 41.8, 0.0 ], [ -122.4, 41.8, 0.0 ], [ -122.4, 41.8, 0.0 ], [ -122.4, 41.8, 0.0 ], [ -122.4, 41.8, 0.0 ], [ -122.4, 41.8, 0.0 ], [ -122.4, 41.8, 0.0 ], [ -122.4, 41.8, 0.0 ], [ -122.4, 41.8, 0.0 ], [ -122.4, 41.8, 0.0 ], [ -122.4, 41.8, 0.0 ], [ -122.4, 41.8, 0.0 ], [ -122.4, 41.8, 0.0 ], [ -122.4, 41.8, 0.0 ], [ -122.4, 41.8, 0.0 ], [ -122.4, 41.8, 0.0 ], [ -122.4, 41.8, 0.0 ], [ -122.4, 41.8, 0.0 ], [ -122.4, 41.8, 0.0 ], [ -122.4, 41.8, 0.0 ], [ -122.4, 41.8, 0.0 ], [ -122.4, 41.8, 0.0 ], [ -122.4, 41.8, 0.0 ], [ -122.4, 41.8, 0.0 ], [ -122.4, 41.8, 0.0 ], [ -122.4, 41.8, 0.0 ], [ -122.4, 41.8, 0.0 ], [ -122.4, 41.8, 0.0 ], [ -122.4, 41.8, 0.0 ], [ -122.4, 41.8, 0.0 ], [ -122.4, 41.8, 0.0 ], [ -122.4, 41.8, 0.0 ], [ -122.4, 41.8, 0.0 ], [ -122.4, 41.8, 0.0 ], [ -122.4, 41.8, 0.0 ], [ -122.4, 41.8, 0.0 ], [ -122.4, 41.8, 0.0 ], [ -122.4, 41.8, 0.0 ], [ -122.4, 41.8, 0.0 ], [ -122.4, 41.8, 0.0 ], [ -122.4, 41.8, 0.0 ], [ -122.4, 41.8, 0.0 ], [ -122.5, 41.8, 0.0 ], [ -122.5, 41.8, 0.0 ], [ -122.5, 41.8, 0.0 ], [ -122.5, 41.8, 0.0 ], [ -122.5, 41.8, 0.0 ], [ -122.5, 41.8, 0.0 ], [ -122.5, 41.8, 0.0 ], [ -122.5, 41.8, 0.0 ], [ -122.5, 41.8, 0.0 ], [ -122.5, 41.8, 0.0 ], [ -122.5, 41.8, 0.0 ], [ -122.5, 41.8, 0.0 ], [ -122.5, 41.8, 0.0 ], [ -122.5, 41.8, 0.0 ], [ -122.5, 41.8, 0.0 ], [ -122.5, 41.8, 0.0 ], [ -122.5, 41.8, 0.0 ], [ -122.5, 41.8, 0.0 ], [ -122.5, 41.8, 0.0 ], [ -122.5, 41.8, 0.0 ], [ -122.5, 41.8, 0.0 ] ], [ [ -122.5, 41.8, 0.0 ], [ -122.5, 41.8, 0.0 ], [ -122.5, 41.8, 0.0 ], [ -122.5, 41.8, 0.0 ], [ -122.5, 41.8, 0.0 ], [ -122.5, 41.8, 0.0 ], [ -122.5, 41.8, 0.0 ], [ -122.5, 41.8, 0.0 ], [ -122.5, 41.8, 0.0 ], [ -122.5, 41.8, 0.0 ] ], [ [ -122.6, 41.7, 0.0 ], [ -122.6, 41.7, 0.0 ], [ -122.6, 41.7, 0.0 ], [ -122.6, 41.7, 0.0 ], [ -122.6, 41.7, 0.0 ], [ -122.6, 41.7, 0.0 ], [ -122.6, 41.7, 0.0 ], [ -122.6, 41.7, 0.0 ], [ -122.6, 41.7, 0.0 ], [ -122.6, 41.7, 0.0 ], [ -122.6, 41.7, 0.0 ], [ -122.6, 41.7, 0.0 ], [ -122.6, 41.7, 0.0 ], [ -122.6, 41.7, 0.0 ] ], [ [ -122.6, 41.7, 0.0 ], [ -122.6, 41.7, 0.0 ], [ -122.6, 41.7, 0.0 ], [ -122.6, 41.7, 0.0 ], [ -122.6, 41.7, 0.0 ], [ -122.6, 41.7, 0.0 ], [ -122.6, 41.7, 0.0 ], [ -122.6, 41.7, 0.0 ], [ -122.6, 41.7, 0.0 ], [ -122.5, 41.7, 0.0 ], [ -122.5, 41.7, 0.0 ], [ -122.5, 41.7, 0.0 ], [ -122.5, 41.7, 0.0 ], [ -122.5, 41.7, 0.0 ], [ -122.5, 41.7, 0.0 ], [ -122.5, 41.7, 0.0 ], [ -122.5, 41.7, 0.0 ], [ -122.5, 41.7, 0.0 ], [ -122.5, 41.7, 0.0 ], [ -122.5, 41.7, 0.0 ], [ -122.5, 41.7, 0.0 ], [ -122.5, 41.7, 0.0 ], [ -122.5, 41.7, 0.0 ], [ -122.5, 41.7, 0.0 ], [ -122.5, 41.7, 0.0 ], [ -122.5, 41.7, 0.0 ], [ -122.5, 41.7, 0.0 ], [ -122.5, 41.7, 0.0 ], [ -122.5, 41.7, 0.0 ], [ -122.5, 41.7, 0.0 ], [ -122.5, 41.7, 0.0 ], [ -122.5, 41.7, 0.0 ], [ -122.5, 41.7, 0.0 ], [ -122.5, 41.7, 0.0 ], [ -122.5, 41.7, 0.0 ], [ -122.5, 41.7, 0.0 ], [ -122.5, 41.7, 0.0 ], [ -122.5, 41.7, 0.0 ], [ -122.5, 41.7, 0.0 ], [ -122.5, 41.7, 0.0 ], [ -122.5, 41.7, 0.0 ], [ -122.5, 41.7, 0.0 ], [ -122.5, 41.7, 0.0 ], [ -122.5, 41.7, 0.0 ], [ -122.5, 41.7, 0.0 ], [ -122.5, 41.7, 0.0 ], [ -122.5, 41.7, 0.0 ], [ -122.5, 41.7, 0.0 ], [ -122.5, 41.7, 0.0 ], [ -122.5, 41.7, 0.0 ], [ -122.5, 41.7, 0.0 ], [ -122.5, 41.7, 0.0 ], [ -122.5, 41.7, 0.0 ], [ -122.5, 41.7, 0.0 ], [ -122.5, 41.7, 0.0 ], [ -122.5, 41.7, 0.0 ], [ -122.5, 41.7, 0.0 ], [ -122.5, 41.7, 0.0 ], [ -122.5, 41.7, 0.0 ], [ -122.5, 41.7, 0.0 ], [ -122.5, 41.7, 0.0 ], [ -122.5, 41.7, 0.0 ], [ -122.5, 41.7, 0.0 ], [ -122.5, 41.7, 0.0 ], [ -122.5, 41.7, 0.0 ], [ -122.5, 41.7, 0.0 ], [ -122.5, 41.7, 0.0 ], [ -122.5, 41.7, 0.0 ], [ -122.5, 41.7, 0.0 ], [ -122.5, 41.7, 0.0 ], [ -122.5, 41.7, 0.0 ], [ -122.5, 41.7, 0.0 ], [ -122.5, 41.7, 0.0 ], [ -122.5, 41.7, 0.0 ], [ -122.5, 41.7, 0.0 ], [ -122.5, 41.7, 0.0 ], [ -122.5, 41.7, 0.0 ], [ -122.5, 41.7, 0.0 ], [ -122.5, 41.7, 0.0 ], [ -122.5, 41.7, 0.0 ], [ -122.5, 41.7, 0.0 ], [ -122.5, 41.7, 0.0 ], [ -122.5, 41.7, 0.0 ], [ -122.5, 41.7, 0.0 ], [ -122.5, 41.7, 0.0 ], [ -122.5, 41.7, 0.0 ], [ -122.5, 41.7, 0.0 ], [ -122.5, 41.7, 0.0 ], [ -122.5, 41.7, 0.0 ], [ -122.5, 41.7, 0.0 ], [ -122.5, 41.7, 0.0 ], [ -122.5, 41.7, 0.0 ], [ -122.5, 41.7, 0.0 ], [ -122.5, 41.7, 0.0 ], [ -122.5, 41.7, 0.0 ], [ -122.5, 41.7, 0.0 ], [ -122.5, 41.7, 0.0 ], [ -122.5, 41.7, 0.0 ], [ -122.6, 41.7, 0.0 ], [ -122.6, 41.7, 0.0 ], [ -122.6, 41.7, 0.0 ], [ -122.6, 41.7, 0.0 ], [ -122.6, 41.7, 0.0 ], [ -122.6, 41.7, 0.0 ], [ -122.5, 41.7, 0.0 ], [ -122.5, 41.7, 0.0 ], [ -122.5, 41.7, 0.0 ], [ -122.6, 41.7, 0.0 ], [ -122.6, 41.7, 0.0 ], [ -122.6, 41.7, 0.0 ], [ -122.6, 41.7, 0.0 ], [ -122.6, 41.7, 0.0 ], [ -122.5, 41.7, 0.0 ], [ -122.5, 41.7, 0.0 ], [ -122.5, 41.7, 0.0 ], [ -122.5, 41.7, 0.0 ], [ -122.5, 41.7, 0.0 ], [ -122.5, 41.7, 0.0 ], [ -122.5, 41.7, 0.0 ], [ -122.6, 41.7, 0.0 ], [ -122.6, 41.7, 0.0 ], [ -122.6, 41.7, 0.0 ], [ -122.6, 41.7, 0.0 ], [ -122.6, 41.7, 0.0 ], [ -122.6, 41.7, 0.0 ], [ -122.6, 41.7, 0.0 ], [ -122.6, 41.7, 0.0 ], [ -122.6, 41.7, 0.0 ], [ -122.6, 41.7, 0.0 ], [ -122.6, 41.7, 0.0 ], [ -122.6, 41.7, 0.0 ], [ -122.6, 41.7, 0.0 ], [ -122.6, 41.7, 0.0 ], [ -122.6, 41.7, 0.0 ], [ -122.6, 41.7, 0.0 ], [ -122.6, 41.7, 0.0 ], [ -122.6, 41.7, 0.0 ], [ -122.6, 41.7, 0.0 ] ] ] ] } }
{ "type": "Feature", "properties": { "OpenAgName": "Butte Valley", "Subregion": "BUT-001" , "Basin_Subb": "0-003" , "Shape_Leng": 1.4957117065200001, "Shape_Area": 0.03499853464, "Area_Acre": 79739.016303800003 }, "geometry": { "type": "MultiPolygon", "coordinates": [ [ [ [ -121.9, 42.0, 0.0 ], [ -121.9, 42.0, 0.0 ], [ -121.9, 42.0, 0.0 ], [ -121.9, 42.0, 0.0 ], [ -121.9, 42.0, 0.0 ], [ -121.9, 42.0, 0.0 ], [ -122.0, 42.0, 0.0 ], [ -122.0, 42.0, 0.0 ], [ -122.0, 42.0, 0.0 ], [ -122.0, 42.0, 0.0 ], [ -122.0, 42.0, 0.0 ], [ -122.0, 42.0, 0.0 ], [ -122.0, 42.0, 0.0 ], [ -122.0, 42.0, 0.0 ], [ -122.0, 42.0, 0.0 ], [ -122.0, 42.0, 0.0 ], [ -122.0, 42.0, 0.0 ], [ -122.0, 42.0, 0.0 ], [ -122.0, 42.0, 0.0 ], [ -122.0, 42.0, 0.0 ], [ -122.0, 42.0, 0.0 ], [ -122.0, 42.0, 0.0 ], [ -122.0, 42.0, 0.0 ], [ -122.0, 42.0, 0.0 ], [ -122.0, 42.0, 0.0 ], [ -122.0, 42.0, 0.0 ], [ -122.0, 42.0, 0.0 ], [ -122.0, 42.0, 0.0 ], [ -122.0, 42.0, 0.0 ], [ -122.0, 42.0, 0.0 ], [ -122.0, 42.0, 0.0 ], [ -122.0, 42.0, 0.0 ], [ -122.0, 42.0, 0.0 ], [ -122.0, 42.0, 0.0 ], [ -122.0, 42.0, 0.0 ], [ -122.0, 42.0, 0.0 ], [ -122.0, 42.0, 0.0 ], [ -122.0, 42.0, 0.0 ], [ -122.0, 42.0, 0.0 ], [ -122.0, 42.0, 0.0 ], [ -122.0, 42.0, 0.0 ], [ -122.0, 42.0, 0.0 ], [ -122.0, 42.0, 0.0 ], [ -122.0, 42.0, 0.0 ], [ -122.0, 42.0, 0.0 ], [ -122.0, 42.0, 0.0 ], [ -122.0, 42.0, 0.0 ], [ -122.0, 42.0, 0.0 ], [ -122.0, 42.0, 0.0 ], [ -122.0, 42.0, 0.0 ], [ -122.0, 42.0, 0.0 ], [ -122.0, 42.0, 0.0 ], [ -122.0, 42.0, 0.0 ], [ -122.0, 42.0, 0.0 ], [ -122.0, 42.0, 0.0 ], [ -122.0, 42.0, 0.0 ], [ -122.0, 42.0, 0.0 ], [ -122.0, 42.0, 0.0 ], [ -122.0, 42.0, 0.0 ], [ -122.0, 42.0, 0.0 ], [ -122.0, 42.0, 0.0 ], [ -122.0, 42.0, 0.0 ], [ -122.0, 42.0, 0.0 ], [ -122.0, 42.0, 0.0 ], [ -122.0, 42.0, 0.0 ], [ -122.0, 42.0, 0.0 ], [ -122.0, 42.0, 0.0 ], [ -122.0, 42.0, 0.0 ], [ -122.0, 42.0, 0.0 ], [ -122.0, 42.0, 0.0 ], [ -122.0, 42.0, 0.0 ], [ -122.0, 42.0, 0.0 ], [ -122.0, 42.0, 0.0 ], [ -122.0, 42.0, 0.0 ], [ -122.0, 42.0, 0.0 ], [ -122.0, 42.0, 0.0 ], [ -122.0, 42.0, 0.0 ], [ -122.0, 42.0, 0.0 ], [ -122.0, 42.0, 0.0 ], [ -122.0, 42.0, 0.0 ], [ -122.0, 42.0, 0.0 ], [ -122.0, 42.0, 0.0 ], [ -122.0, 42.0, 0.0 ], [ -122.0, 42.0, 0.0 ], [ -122.0, 42.0, 0.0 ], [ -122.0, 42.0, 0.0 ], [ -122.0, 42.0, 0.0 ], [ -122.0, 41.9, 0.0 ], [ -122.0, 41.9, 0.0 ], [ -122.0, 41.9, 0.0 ], [ -122.0, 41.9, 0.0 ], [ -122.0, 41.9, 0.0 ], [ -122.0, 41.9, 0.0 ], [ -122.0, 41.9, 0.0 ], [ -122.0, 41.9, 0.0 ], [ -122.0, 41.9, 0.0 ], [ -122.0, 41.9, 0.0 ], [ -122.0, 41.9, 0.0 ], [ -122.0, 41.9, 0.0 ], [ -122.0, 41.9, 0.0 ], [ -122.0, 41.9, 0.0 ], [ -122.0, 41.9, 0.0 ], [ -122.0, 41.9, 0.0 ], [ -122.0, 41.9, 0.0 ], [ -122.0, 41.9, 0.0 ], [ -122.1, 41.9, 0.0 ], [ -122.1, 41.9, 0.0 ], [ -122.1, 41.9, 0.0 ], [ -122.1, 41.9, 0.0 ], [ -122.1, 41.9, 0.0 ], [ -122.1, 41.9, 0.0 ], [ -122.1, 41.9, 0.0 ], [ -122.1, 41.9, 0.0 ], [ -122.1, 41.9, 0.0 ], [ -122.1, 41.9, 0.0 ], [ -122.0, 41.9, 0.0 ], [ -122.0, 41.9, 0.0 ], [ -122.0, 41.9, 0.0 ], [ -122.0, 41.9, 0.0 ], [ -122.0, 41.9, 0.0 ], [ -122.0, 41.9, 0.0 ], [ -122.0, 41.9, 0.0 ], [ -122.1, 41.9, 0.0 ], [ -122.1, 41.9, 0.0 ], [ -122.1, 41.9, 0.0 ], [ -122.1, 41.9, 0.0 ], [ -122.1, 41.9, 0.0 ], [ -122.1, 41.9, 0.0 ], [ -122.1, 41.9, 0.0 ], [ -122.1, 41.9, 0.0 ], [ -122.1, 41.9, 0.0 ], [ -122.1, 41.9, 0.0 ], [ -122.1, 41.9, 0.0 ], [ -122.1, 41.9, 0.0 ], [ -122.1, 41.9, 0.0 ], [ -122.1, 41.9, 0.0 ], [ -122.1, 41.9, 0.0 ], [ -122.1, 41.9, 0.0 ], [ -122.1, 41.9, 0.0 ], [ -122.1, 41.9, 0.0 ], [ -122.1, 41.9, 0.0 ], [ -122.1, 41.9, 0.0 ], [ -122.1, 41.9, 0.0 ], [ -122.1, 41.9, 0.0 ], [ -122.1, 41.9, 0.0 ], [ -122.1, 41.9, 0.0 ], [ -122.1, 41.9, 0.0 ], [ -122.1, 41.9, 0.0 ], [ -122.1, 41.9, 0.0 ], [ -122.1, 41.9, 0.0 ], [ -122.1, 41.9, 0.0 ], [ -122.1, 41.9, 0.0 ], [ -122.1, 41.9, 0.0 ], [ -122.1, 41.9, 0.0 ], [ -122.1, 42.0, 0.0 ], [ -122.1, 42.0, 0.0 ], [ -122.1, 42.0, 0.0 ], [ -122.1, 42.0, 0.0 ], [ -122.1, 42.0, 0.0 ], [ -122.1, 42.0, 0.0 ], [ -122.1, 42.0, 0.0 ], [ -122.1, 41.9, 0.0 ], [ -122.1, 41.9, 0.0 ], [ -122.1, 41.9, 0.0 ], [ -122.1, 41.9, 0.0 ], [ -122.1, 41.9, 0.0 ], [ -122.1, 41.9, 0.0 ], [ -122.1, 41.9, 0.0 ], [ -122.1, 41.9, 0.0 ], [ -122.1, 41.9, 0.0 ], [ -122.1, 41.9, 0.0 ], [ -122.1, 41.9, 0.0 ], [ -122.1, 41.9, 0.0 ], [ -122.1, 41.9, 0.0 ], [ -122.1, 41.9, 0.0 ], [ -122.1, 41.9, 0.0 ], [ -122.1, 41.9, 0.0 ], [ -122.1, 41.9, 0.0 ], [ -122.1, 41.9, 0.0 ], [ -122.1, 41.9, 0.0 ], [ -122.1, 41.9, 0.0 ], [ -122.1, 41.9, 0.0 ], [ -122.1, 41.9, 0.0 ], [ -122.1, 41.9, 0.0 ], [ -122.1, 41.9, 0.0 ], [ -122.1, 41.9, 0.0 ], [ -122.1, 41.9, 0.0 ], [ -122.1, 41.9, 0.0 ], [ -122.1, 41.9, 0.0 ], [ -122.1, 41.9, 0.0 ], [ -122.1, 41.9, 0.0 ], [ -122.1, 41.9, 0.0 ], [ -122.1, 41.9, 0.0 ], [ -122.1, 41.9, 0.0 ], [ -122.1, 41.9, 0.0 ], [ -122.1, 41.9, 0.0 ], [ -122.1, 41.8, 0.0 ], [ -122.1, 41.8, 0.0 ], [ -122.1, 41.8, 0.0 ], [ -122.1, 41.8, 0.0 ], [ -122.1, 41.8, 0.0 ], [ -122.1, 41.8, 0.0 ], [ -122.1, 41.8, 0.0 ], [ -122.1, 41.8, 0.0 ], [ -122.1, 41.8, 0.0 ], [ -122.1, 41.8, 0.0 ], [ -122.1, 41.8, 0.0 ], [ -122.1, 41.8, 0.0 ], [ -122.1, 41.8, 0.0 ], [ -122.1, 41.8, 0.0 ], [ -122.1, 41.8, 0.0 ], [ -122.1, 41.8, 0.0 ], [ -122.1, 41.8, 0.0 ], [ -122.1, 41.8, 0.0 ], [ -122.1, 41.8, 0.0 ], [ -122.1, 41.8, 0.0 ], [ -122.1, 41.8, 0.0 ], [ -122.1, 41.8, 0.0 ], [ -122.1, 41.8, 0.0 ], [ -122.1, 41.8, 0.0 ], [ -122.1, 41.8, 0.0 ], [ -122.1, 41.8, 0.0 ], [ -122.1, 41.8, 0.0 ], [ -122.1, 41.8, 0.0 ], [ -122.1, 41.8, 0.0 ], [ -122.1, 41.8, 0.0 ], [ -122.1, 41.8, 0.0 ], [ -122.1, 41.8, 0.0 ], [ -122.1, 41.8, 0.0 ], [ -122.1, 41.8, 0.0 ], [ -122.1, 41.8, 0.0 ], [ -122.1, 41.8, 0.0 ], [ -122.1, 41.8, 0.0 ], [ -122.1, 41.8, 0.0 ], [ -122.1, 41.8, 0.0 ], [ -122.1, 41.8, 0.0 ], [ -122.1, 41.8, 0.0 ], [ -122.1, 41.8, 0.0 ], [ -122.1, 41.8, 0.0 ], [ -122.1, 41.8, 0.0 ], [ -122.1, 41.8, 0.0 ], [ -122.1, 41.8, 0.0 ], [ -122.1, 41.8, 0.0 ], [ -122.1, 41.8, 0.0 ], [ -122.1, 41.8, 0.0 ], [ -122.1, 41.8, 0.0 ], [ -122.1, 41.8, 0.0 ], [ -122.1, 41.8, 0.0 ], [ -122.1, 41.8, 0.0 ], [ -122.1, 41.8, 0.0 ], [ -122.1, 41.8, 0.0 ], [ -122.1, 41.8, 0.0 ], [ -122.1, 41.8, 0.0 ], [ -122.1, 41.8, 0.0 ], [ -122.1, 41.8, 0.0 ], [ -122.1, 41.8, 0.0 ], [ -122.1, 41.8, 0.0 ], [ -122.1, 41.8, 0.0 ], [ -122.1, 41.8, 0.0 ], [ -122.1, 41.8, 0.0 ], [ -122.1, 41.8, 0.0 ], [ -122.1, 41.8, 0.0 ], [ -122.1, 41.8, 0.0 ], [ -122.1, 41.8, 0.0 ], [ -122.1, 41.8, 0.0 ], [ -122.1, 41.8, 0.0 ], [ -122.1, 41.8, 0.0 ], [ -122.1, 41.8, 0.0 ], [ -122.0, 41.8, 0.0 ], [ -122.0, 41.8, 0.0 ], [ -122.0, 41.8, 0.0 ], [ -122.0, 41.8, 0.0 ], [ -122.0, 41.8, 0.0 ], [ -122.0, 41.8, 0.0 ], [ -122.0, 41.8, 0.0 ], [ -122.0, 41.8, 0.0 ], [ -122.0, 41.8, 0.0 ], [ -122.0, 41.8, 0.0 ], [ -122.0, 41.8, 0.0 ], [ -122.0, 41.8, 0.0 ], [ -122.0, 41.8, 0.0 ], [ -122.0, 41.8, 0.0 ], [ -122.0, 41.8, 0.0 ], [ -122.0, 41.8, 0.0 ], [ -122.0, 41.8, 0.0 ], [ -122.0, 41.8, 0.0 ], [ -122.0, 41.8, 0.0 ], [ -122.0, 41.8, 0.0 ], [ -122.0, 41.8, 0.0 ], [ -122.0, 41.8, 0.0 ], [ -122.0, 41.7, 0.0 ], [ -122.0, 41.7, 0.0 ], [ -122.0, 41.7, 0.0 ], [ -122.0, 41.7, 0.0 ], [ -122.0, 41.7, 0.0 ], [ -122.0, 41.8, 0.0 ], [ -122.0, 41.8, 0.0 ], [ -122.0, 41.8, 0.0 ], [ -122.0, 41.8, 0.0 ], [ -122.0, 41.8, 0.0 ], [ -122.0, 41.8, 0.0 ], [ -122.0, 41.8, 0.0 ], [ -122.0, 41.8, 0.0 ], [ -122.0, 41.8, 0.0 ], [ -122.0, 41.8, 0.0 ], [ -122.0, 41.8, 0.0 ], [ -122.0, 41.8, 0.0 ], [ -122.0, 41.8, 0.0 ], [ -122.0, 41.8, 0.0 ], [ -122.0, 41.8, 0.0 ], [ -122.0, 41.8, 0.0 ], [ -122.0, 41.8, 0.0 ], [ -122.0, 41.8, 0.0 ], [ -122.0, 41.8, 0.0 ], [ -122.0, 41.8, 0.0 ], [ -122.0, 41.8, 0.0 ], [ -122.0, 41.8, 0.0 ], [ -122.0, 41.8, 0.0 ], [ -122.0, 41.8, 0.0 ], [ -122.0, 41.8, 0.0 ], [ -122.0, 41.8, 0.0 ], [ -122.0, 41.8, 0.0 ], [ -122.0, 41.8, 0.0 ], [ -122.0, 41.8, 0.0 ], [ -122.0, 41.8, 0.0 ], [ -122.0, 41.8, 0.0 ], [ -122.0, 41.8, 0.0 ], [ -122.0, 41.8, 0.0 ], [ -122.0, 41.8, 0.0 ], [ -122.0, 41.8, 0.0 ], [ -122.0, 41.8, 0.0 ], [ -122.0, 41.8, 0.0 ], [ -122.0, 41.8, 0.0 ], [ -122.0, 41.8, 0.0 ], [ -122.0, 41.8, 0.0 ], [ -122.0, 41.8, 0.0 ], [ -122.0, 41.8, 0.0 ], [ -122.0, 41.8, 0.0 ], [ -122.0, 41.8, 0.0 ], [ -122.0, 41.8, 0.0 ], [ -122.0, 41.8, 0.0 ], [ -122.0, 41.8, 0.0 ], [ -122.0, 41.8, 0.0 ], [ -122.0, 41.8, 0.0 ], [ -122.0, 41.8, 0.0 ], [ -122.0, 41.8, 0.0 ], [ -122.0, 41.8, 0.0 ], [ -121.9, 41.8, 0.0 ], [ -121.9, 41.8, 0.0 ], [ -121.9, 41.8, 0.0 ], [ -121.9, 41.8, 0.0 ], [ -121.9, 41.8, 0.0 ], [ -121.9, 41.8, 0.0 ], [ -121.9, 41.8, 0.0 ], [ -121.9, 41.8, 0.0 ], [ -121.9, 41.8, 0.0 ], [ -121.9, 41.8, 0.0 ], [ -121.9, 41.8, 0.0 ], [ -121.9, 41.8, 0.0 ], [ -121.9, 41.8, 0.0 ], [ -121.9, 41.8, 0.0 ], [ -121.9, 41.8, 0.0 ], [ -121.9, 41.8, 0.0 ], [ -121.9, 41.8, 0.0 ], [ -121.9, 41.8, 0.0 ], [ -121.9, 41.8, 0.0 ], [ -121.9, 41.8, 0.0 ], [ -121.9, 41.8, 0.0 ], [ -121.9, 41.8, 0.0 ], [ -121.9, 41.8, 0.0 ], [ -121.9, 41.8, 0.0 ], [ -121.9, 41.8, 0.0 ], [ -121.9, 41.8, 0.0 ], [ -121.9, 41.9, 0.0 ], [ -121.9, 41.9, 0.0 ], [ -121.9, 41.9, 0.0 ], [ -121.9, 41.9, 0.0 ], [ -121.9, 41.9, 0.0 ], [ -121.9, 41.9, 0.0 ], [ -121.9, 41.9, 0.0 ], [ -121.9, 41.9, 0.0 ], [ -121.9, 41.9, 0.0 ], [ -121.9, 41.9, 0.0 ], [ -121.9, 41.9, 0.0 ], [ -121.9, 41.9, 0.0 ], [ -121.9, 41.9, 0.0 ], [ -121.9, 41.9, 0.0 ], [ -121.9, 41.9, 0.0 ], [ -121.9, 41.9, 0.0 ], [ -121.9, 41.9, 0.0 ], [ -121.9, 41.9, 0.0 ], [ -121.9, 41.9, 0.0 ], [ -121.9, 41.9, 0.0 ], [ -121.9, 41.9, 0.0 ], [ -121.9, 41.8, 0.0 ], [ -121.9, 41.8, 0.0 ], [ -121.9, 41.8, 0.0 ], [ -121.9, 41.8, 0.0 ], [ -121.9, 41.8, 0.0 ], [ -121.9, 41.8, 0.0 ], [ -121.9, 41.8, 0.0 ], [ -121.9, 41.8, 0.0 ], [ -121.9, 41.8, 0.0 ], [ -121.9, 41.8, 0.0 ], [ -121.9, 41.8, 0.0 ], [ -121.9, 41.8, 0.0 ], [ -121.9, 41.8, 0.0 ], [ -121.9, 41.9, 0.0 ], [ -121.9, 41.8, 0.0 ], [ -121.9, 41.8, 0.0 ], [ -121.9, 41.8, 0.0 ], [ -121.9, 41.8, 0.0 ], [ -121.9, 41.8, 0.0 ], [ -121.9, 41.8, 0.0 ], [ -121.9, 41.8, 0.0 ], [ -121.9, 41.8, 0.0 ], [ -121.9, 41.8, 0.0 ], [ -121.9, 41.8, 0.0 ], [ -121.9, 41.8, 0.0 ], [ -121.9, 41.8, 0.0 ], [ -121.9, 41.8, 0.0 ], [ -121.9, 41.8, 0.0 ], [ -121.9, 41.8, 0.0 ], [ -121.9, 41.8, 0.0 ], [ -121.9, 41.9, 0.0 ], [ -121.9, 41.9, 0.0 ], [ -121.9, 41.9, 0.0 ], [ -121.9, 41.9, 0.0 ], [ -121.9, 41.9, 0.0 ], [ -121.9, 41.9, 0.0 ], [ -121.9, 41.9, 0.0 ], [ -121.9, 41.9, 0.0 ], [ -121.9, 41.9, 0.0 ], [ -121.9, 41.9, 0.0 ], [ -121.9, 41.9, 0.0 ], [ -121.9, 41.9, 0.0 ], [ -121.9, 41.9, 0.0 ], [ -121.9, 41.9, 0.0 ], [ -121.9, 41.9, 0.0 ], [ -121.9, 41.9, 0.0 ], [ -121.9, 41.9, 0.0 ], [ -121.9, 41.9, 0.0 ], [ -121.9, 41.9, 0.0 ], [ -121.9, 41.9, 0.0 ], [ -121.9, 41.9, 0.0 ], [ -121.9, 41.9, 0.0 ], [ -121.9, 41.9, 0.0 ], [ -121.9, 41.9, 0.0 ], [ -121.9, 41.9, 0.0 ], [ -121.9, 41.9, 0.0 ], [ -121.9, 41.9, 0.0 ], [ -121.9, 41.9, 0.0 ], [ -121.9, 41.9, 0.0 ], [ -121.9, 41.9, 0.0 ], [ -121.9, 41.9, 0.0 ], [ -121.9, 41.9, 0.0 ], [ -121.9, 41.9, 0.0 ], [ -121.9, 41.9, 0.0 ], [ -121.9, 41.9, 0.0 ], [ -121.9, 41.9, 0.0 ], [ -121.9, 41.9, 0.0 ], [ -121.9, 41.9, 0.0 ], [ -121.9, 41.9, 0.0 ], [ -121.9, 41.9, 0.0 ], [ -121.9, 41.9, 0.0 ], [ -121.9, 41.9, 0.0 ], [ -121.9, 41.9, 0.0 ], [ -121.9, 41.9, 0.0 ], [ -121.9, 42.0, 0.0 ], [ -121.9, 42.0, 0.0 ], [ -121.9, 42.0, 0.0 ], [ -121.9, 42.0, 0.0 ], [ -121.9, 42.0, 0.0 ], [ -121.9, 42.0, 0.0 ], [ -121.9, 42.0, 0.0 ], [ -121.9, 42.0, 0.0 ], [ -121.9, 42.0, 0.0 ], [ -121.9, 42.0, 0.0 ], [ -121.9, 42.0, 0.0 ], [ -121.9, 42.0, 0.0 ], [ -121.9, 42.0, 0.0 ], [ -121.9, 42.0, 0.0 ], [ -121.9, 42.0, 0.0 ], [ -121.9, 42.0, 0.0 ] ] ] ] } }
{ "type": "Feature", "properties": { "OpenAgName": "Tulelake", "Subregion": "TUL-001" , "Basin_Subb": "0-004" , "Shape_Leng": 0.67056320404000003, "Shape_Area": 0.02710786661, "Area_Acre": 61726.977705400001 }, "geometry": { "type": "MultiPolygon", "coordinates": [ [ [ [ -121.4, 42.0, 0.0 ], [ -121.6, 42.0, 0.0 ], [ -121.6, 41.9, 0.0 ], [ -121.6, 41.9, 0.0 ], [ -121.6, 41.9, 0.0 ], [ -121.6, 41.9, 0.0 ], [ -121.6, 41.9, 0.0 ], [ -121.6, 41.9, 0.0 ], [ -121.6, 41.8, 0.0 ], [ -121.6, 41.8, 0.0 ], [ -121.6, 41.8, 0.0 ], [ -121.6, 41.8, 0.0 ], [ -121.5, 41.8, 0.0 ], [ -121.5, 41.8, 0.0 ], [ -121.5, 41.8, 0.0 ], [ -121.5, 41.8, 0.0 ], [ -121.4, 41.8, 0.0 ], [ -121.4, 42.0, 0.0 ] ] ] ] } }
{ "type": "Feature", "properties": { "OpenAgName": "Pitt River Eastern Lower", "Subregion": "PITL-001" , "Basin_Subb": "0-005" , "Shape_Leng": 2.02419640448, "Shape_Area": 0.22947425197, "Area_Acre": 529555.84830499999 }, "geometry": { "type": "MultiPolygon", "coordinates": [ [ [ [ -120.8, 41.3, 0.0 ], [ -120.8, 41.0, 0.0 ], [ -120.7, 40.8, 0.0 ], [ -120.6, 40.8, 0.0 ], [ -120.5, 40.8, 0.0 ], [ -120.3, 40.8, 0.0 ], [ -120.2, 40.8, 0.0 ], [ -120.1, 40.9, 0.0 ], [ -120.1, 40.9, 0.0 ], [ -120.2, 41.0, 0.0 ], [ -120.3, 41.0, 0.0 ], [ -120.3, 41.1, 0.0 ], [ -120.3, 41.1, 0.0 ], [ -120.3, 41.2, 0.0 ], [ -120.2, 41.2, 0.0 ], [ -120.3, 41.3, 0.0 ], [ -120.8, 41.3, 0.0 ] ] ] ] } }
{ "type": "Feature", "properties": { "OpenAgName": "Pitt River Central", "Subregion": "PITC-001" , "Basin_Subb": "0-007" , "Shape_Leng": 2.0255188070800001, "Shape_Area": 0.21227297778000001, "Area_Acre": 488479.54143799999 }, "geometry": { "type": "MultiPolygon", "coordinates": [ [ [ [ -121.2, 41.2, 0.0 ], [ -121.2, 40.9, 0.0 ], [ -121.1, 41.0, 0.0 ], [ -121.0, 41.0, 0.0 ], [ -120.9, 41.0, 0.0 ], [ -120.8, 41.0, 0.0 ], [ -120.7, 41.5, 0.0 ], [ -120.7, 41.5, 0.0 ], [ -120.8, 41.5, 0.0 ], [ -120.8, 41.5, 0.0 ], [ -120.8, 41.5, 0.0 ], [ -120.9, 41.5, 0.0 ], [ -120.9, 41.5, 0.0 ], [ -120.9, 41.5, 0.0 ], [ -120.9, 41.5, 0.0 ], [ -121.0, 41.4, 0.0 ], [ -121.0, 41.5, 0.0 ], [ -121.0, 41.4, 0.0 ], [ -121.0, 41.4, 0.0 ], [ -121.1, 41.4, 0.0 ], [ -121.2, 41.4, 0.0 ], [ -121.2, 41.3, 0.0 ], [ -121.2, 41.3, 0.0 ], [ -121.2, 41.2, 0.0 ] ] ] ] } }
{ "type": "Feature", "properties": { "OpenAgName": "Pitt River Western", "Subregion": "PITW-001" , "Basin_Subb": "0-008" , "Shape_Leng": 1.9067695394399999, "Shape_Area": 0.19557665085000001, "Area_Acre": 451458.14451299998 }, "geometry": { "type": "MultiPolygon", "coordinates": [ [ [ [ -121.8, 40.8, 0.0 ], [ -121.6, 40.8, 0.0 ], [ -121.6, 40.8, 0.0 ], [ -121.5, 40.7, 0.0 ], [ -121.4, 40.7, 0.0 ], [ -121.4, 40.8, 0.0 ], [ -121.4, 40.8, 0.0 ], [ -121.3, 40.9, 0.0 ], [ -121.2, 40.9, 0.0 ], [ -121.2, 41.2, 0.0 ], [ -121.3, 41.3, 0.0 ], [ -121.4, 41.3, 0.0 ], [ -121.4, 41.2, 0.0 ], [ -121.6, 41.2, 0.0 ], [ -121.7, 41.1, 0.0 ], [ -121.7, 41.0, 0.0 ], [ -121.7, 41.0, 0.0 ], [ -121.8, 40.9, 0.0 ], [ -121.8, 40.8, 0.0 ] ] ] ] } }
{ "type": "Feature", "properties": { "OpenAgName": "Russian River Lower", "Subregion": "RUSL-001" , "Basin_Subb": "0-009" , "Shape_Leng": 1.44987368795, "Shape_Area": 0.11573975886, "Area_Acre": 277065.54616799997 }, "geometry": { "type": "MultiPolygon", "coordinates": [ [ [ [ -123.0, 38.6, 0.0 ], [ -123.0, 38.6, 0.0 ], [ -123.0, 38.5, 0.0 ], [ -123.1, 38.5, 0.0 ], [ -123.0, 38.4, 0.0 ], [ -123.0, 38.4, 0.0 ], [ -123.0, 38.4, 0.0 ], [ -122.9, 38.4, 0.0 ], [ -122.9, 38.3, 0.0 ], [ -122.8, 38.3, 0.0 ], [ -122.8, 38.3, 0.0 ], [ -122.7, 38.3, 0.0 ], [ -122.7, 38.3, 0.0 ], [ -122.7, 38.3, 0.0 ], [ -122.6, 38.3, 0.0 ], [ -122.6, 38.3, 0.0 ], [ -122.6, 38.3, 0.0 ], [ -122.6, 38.3, 0.0 ], [ -122.6, 38.4, 0.0 ], [ -122.6, 38.4, 0.0 ], [ -122.6, 38.4, 0.0 ], [ -122.6, 38.5, 0.0 ], [ -122.5, 38.5, 0.0 ], [ -122.5, 38.5, 0.0 ], [ -122.6, 38.5, 0.0 ], [ -122.6, 38.6, 0.0 ], [ -122.6, 38.6, 0.0 ], [ -122.6, 38.6, 0.0 ], [ -123.0, 38.6, 0.0 ] ] ] ] } }
{ "type": "Feature", "properties": { "OpenAgName": "Russian River Central", "Subregion": "RUSC-001" , "Basin_Subb": "0-010" , "Shape_Leng": 1.5999727099200001, "Shape_Area": 0.11246173274, "Area_Acre": 268076.172701 }, "geometry": { "type": "MultiPolygon", "coordinates": [ [ [ [ -123.2, 39.0, 0.0 ], [ -123.2, 38.9, 0.0 ], [ -123.1, 38.9, 0.0 ], [ -123.1, 38.9, 0.0 ], [ -123.1, 38.8, 0.0 ], [ -123.1, 38.8, 0.0 ], [ -123.0, 38.7, 0.0 ], [ -123.0, 38.7, 0.0 ], [ -123.0, 38.6, 0.0 ], [ -122.6, 38.6, 0.0 ], [ -122.6, 38.6, 0.0 ], [ -122.6, 38.6, 0.0 ], [ -122.6, 38.7, 0.0 ], [ -122.7, 38.7, 0.0 ], [ -122.7, 38.7, 0.0 ], [ -122.7, 38.8, 0.0 ], [ -122.8, 38.8, 0.0 ], [ -122.8, 38.9, 0.0 ], [ -123.0, 38.9, 0.0 ], [ -123.0, 39.0, 0.0 ], [ -123.0, 39.0, 0.0 ], [ -123.0, 39.0, 0.0 ], [ -123.2, 39.0, 0.0 ] ] ] ] } }
{ "type": "Feature", "properties": { "OpenAgName": "Russian River Upper", "Subregion": "RUSU-001" , "Basin_Subb": "0-011" , "Shape_Leng": 1.2959955010699999, "Shape_Area": 0.08670211009000001, "Area_Acre": 205431.22945799999 }, "geometry": { "type": "MultiPolygon", "coordinates": [ [ [ [ -123.3, 39.4, 0.0 ], [ -123.3, 39.3, 0.0 ], [ -123.3, 39.3, 0.0 ], [ -123.3, 39.2, 0.0 ], [ -123.3, 39.2, 0.0 ], [ -123.3, 39.1, 0.0 ], [ -123.2, 39.1, 0.0 ], [ -123.2, 39.0, 0.0 ], [ -123.2, 39.0, 0.0 ], [ -123.0, 39.0, 0.0 ], [ -123.1, 39.0, 0.0 ], [ -123.1, 39.1, 0.0 ], [ -123.1, 39.1, 0.0 ], [ -123.1, 39.1, 0.0 ], [ -123.1, 39.2, 0.0 ], [ -123.0, 39.2, 0.0 ], [ -123.0, 39.2, 0.0 ], [ -123.0, 39.2, 0.0 ], [ -123.0, 39.2, 0.0 ], [ -123.0, 39.3, 0.0 ], [ -123.0, 39.3, 0.0 ], [ -123.0, 39.3, 0.0 ], [ -123.0, 39.3, 0.0 ], [ -123.1, 39.4, 0.0 ], [ -123.1, 39.4, 0.0 ], [ -123.2, 39.4, 0.0 ], [ -123.3, 39.4, 0.0 ], [ -123.3, 39.4, 0.0 ] ] ] ] } }
{ "type": "Feature", "properties": { "OpenAgName": "Palo Verde", "Subregion": "PAL-001" , "Basin_Subb": "0-012" , "Shape_Leng": 1.24125095016, "Shape_Area": 0.05229576461, "Area_Acre": 133086.45057799999 }, "geometry": { "type": "MultiPolygon", "coordinates": [ [ [ [ -114.6, 33.5, 0.0 ], [ -114.6, 33.5, 0.0 ], [ -114.6, 33.5, 0.0 ], [ -114.6, 33.5, 0.0 ], [ -114.6, 33.5, 0.0 ], [ -114.6, 33.5, 0.0 ], [ -114.6, 33.5, 0.0 ], [ -114.5, 33.5, 0.0 ], [ -114.5, 33.6, 0.0 ], [ -114.5, 33.6, 0.0 ], [ -114.5, 33.6, 0.0 ], [ -114.5, 33.6, 0.0 ], [ -114.5, 33.6, 0.0 ], [ -114.5, 33.6, 0.0 ], [ -114.5, 33.6, 0.0 ], [ -114.5, 33.6, 0.0 ], [ -114.5, 33.6, 0.0 ], [ -114.5, 33.6, 0.0 ], [ -114.5, 33.7, 0.0 ], [ -114.5, 33.7, 0.0 ], [ -114.5, 33.7, 0.0 ], [ -114.5, 33.7, 0.0 ], [ -114.5, 33.7, 0.0 ], [ -114.5, 33.7, 0.0 ], [ -114.5, 33.7, 0.0 ], [ -114.5, 33.7, 0.0 ], [ -114.5, 33.7, 0.0 ], [ -114.5, 33.7, 0.0 ], [ -114.5, 33.8, 0.0 ], [ -114.5, 33.8, 0.0 ], [ -114.5, 33.8, 0.0 ], [ -114.5, 33.7, 0.0 ], [ -114.5, 33.7, 0.0 ], [ -114.5, 33.7, 0.0 ], [ -114.6, 33.7, 0.0 ], [ -114.6, 33.7, 0.0 ], [ -114.6, 33.7, 0.0 ], [ -114.6, 33.7, 0.0 ], [ -114.6, 33.7, 0.0 ], [ -114.6, 33.7, 0.0 ], [ -114.6, 33.7, 0.0 ], [ -114.7, 33.7, 0.0 ], [ -114.7, 33.7, 0.0 ], [ -114.7, 33.7, 0.0 ], [ -114.7, 33.7, 0.0 ], [ -114.7, 33.7, 0.0 ], [ -114.7, 33.6, 0.0 ], [ -114.7, 33.6, 0.0 ], [ -114.7, 33.6, 0.0 ], [ -114.7, 33.6, 0.0 ], [ -114.7, 33.6, 0.0 ], [ -114.7, 33.5, 0.0 ], [ -114.7, 33.5, 0.0 ], [ -114.7, 33.5, 0.0 ], [ -114.7, 33.5, 0.0 ], [ -114.8, 33.5, 0.0 ], [ -114.8, 33.4, 0.0 ], [ -114.8, 33.4, 0.0 ], [ -114.8, 33.4, 0.0 ], [ -114.7, 33.4, 0.0 ], [ -114.7, 33.4, 0.0 ], [ -114.7, 33.4, 0.0 ], [ -114.7, 33.4, 0.0 ], [ -114.7, 33.4, 0.0 ], [ -114.7, 33.4, 0.0 ], [ -114.7, 33.4, 0.0 ], [ -114.7, 33.4, 0.0 ], [ -114.7, 33.4, 0.0 ], [ -114.7, 33.4, 0.0 ], [ -114.7, 33.4, 0.0 ], [ -114.7, 33.4, 0.0 ], [ -114.6, 33.4, 0.0 ], [ -114.6, 33.4, 0.0 ], [ -114.6, 33.4, 0.0 ], [ -114.6, 33.5, 0.0 ], [ -114.6, 33.5, 0.0 ], [ -114.6, 33.5, 0.0 ] ] ] ] } }
{ "type": "Feature", "properties": { "OpenAgName": "Imperial", "Subregion": "IMP-001" , "Basin_Subb": "0-013" , "Shape_Leng": 2.639844889, "Shape_Area": 0.24819303258, "Area_Acre": 636077.26502799999 }, "geometry": { "type": "MultiPolygon", "coordinates": [ [ [ [ -115.7, 33.1, 0.0 ], [ -115.7, 33.1, 0.0 ], [ -115.8, 33.1, 0.0 ], [ -115.8, 33.1, 0.0 ], [ -115.8, 33.1, 0.0 ], [ -115.8, 33.2, 0.0 ], [ -115.8, 33.2, 0.0 ], [ -115.8, 33.2, 0.0 ], [ -115.8, 33.2, 0.0 ], [ -115.8, 33.2, 0.0 ], [ -115.9, 33.2, 0.0 ], [ -115.9, 33.2, 0.0 ], [ -115.9, 33.2, 0.0 ], [ -115.9, 33.2, 0.0 ], [ -115.9, 33.2, 0.0 ], [ -115.9, 33.1, 0.0 ], [ -115.8, 33.1, 0.0 ], [ -115.8, 33.1, 0.0 ], [ -115.8, 33.1, 0.0 ], [ -115.8, 33.1, 0.0 ], [ -115.8, 33.1, 0.0 ], [ -115.8, 33.1, 0.0 ], [ -115.7, 33.1, 0.0 ], [ -115.7, 33.0, 0.0 ], [ -115.7, 33.0, 0.0 ], [ -115.7, 33.0, 0.0 ], [ -115.7, 33.0, 0.0 ], [ -115.7, 32.9, 0.0 ], [ -115.7, 32.9, 0.0 ], [ -115.7, 32.9, 0.0 ], [ -115.7, 32.9, 0.0 ], [ -115.7, 32.9, 0.0 ], [ -115.8, 32.9, 0.0 ], [ -115.8, 32.9, 0.0 ], [ -115.8, 32.9, 0.0 ], [ -115.8, 32.8, 0.0 ], [ -115.8, 32.8, 0.0 ], [ -115.8, 32.8, 0.0 ], [ -115.8, 32.8, 0.0 ], [ -115.8, 32.7, 0.0 ], [ -115.7, 32.7, 0.0 ], [ -115.7, 32.7, 0.0 ], [ -115.7, 32.7, 0.0 ], [ -115.7, 32.7, 0.0 ], [ -115.7, 32.7, 0.0 ], [ -115.7, 32.6, 0.0 ], [ -115.3, 32.7, 0.0 ], [ -115.3, 32.7, 0.0 ], [ -115.3, 32.7, 0.0 ], [ -115.3, 32.7, 0.0 ], [ -115.3, 32.8, 0.0 ], [ -115.3, 32.8, 0.0 ], [ -115.3, 32.9, 0.0 ], [ -115.3, 32.9, 0.0 ], [ -115.3, 32.9, 0.0 ], [ -115.3, 32.9, 0.0 ], [ -115.3, 33.0, 0.0 ], [ -115.3, 33.0, 0.0 ], [ -115.3, 33.0, 0.0 ], [ -115.3, 33.0, 0.0 ], [ -115.3, 33.1, 0.0 ], [ -115.3, 33.1, 0.0 ], [ -115.3, 33.1, 0.0 ], [ -115.3, 33.2, 0.0 ], [ -115.3, 33.2, 0.0 ], [ -115.4, 33.2, 0.0 ], [ -115.4, 33.2, 0.0 ], [ -115.4, 33.2, 0.0 ], [ -115.4, 33.2, 0.0 ], [ -115.5, 33.3, 0.0 ], [ -115.5, 33.3, 0.0 ], [ -115.5, 33.3, 0.0 ], [ -115.5, 33.3, 0.0 ], [ -115.6, 33.3, 0.0 ], [ -115.6, 33.3, 0.0 ], [ -115.6, 33.3, 0.0 ], [ -115.6, 33.3, 0.0 ], [ -115.6, 33.3, 0.0 ], [ -115.6, 33.3, 0.0 ], [ -115.6, 33.2, 0.0 ], [ -115.6, 33.2, 0.0 ], [ -115.6, 33.2, 0.0 ], [ -115.6, 33.2, 0.0 ], [ -115.6, 33.2, 0.0 ], [ -115.7, 33.2, 0.0 ], [ -115.7, 33.1, 0.0 ], [ -115.7, 33.1, 0.0 ], [ -115.7, 33.1, 0.0 ] ] ] ] } }
{ "type": "Feature", "properties": { "OpenAgName": "Coachella", "Subregion": "COA-001" , "Basin_Subb": "0-014" , "Shape_Leng": 1.3057111217899999, "Shape_Area": 0.05123906608, "Area_Acre": 130357.850191 }, "geometry": { "type": "MultiPolygon", "coordinates": [ [ [ [ -116.1, 33.5, 0.0 ], [ -116.1, 33.5, 0.0 ], [ -116.1, 33.5, 0.0 ], [ -116.1, 33.5, 0.0 ], [ -116.1, 33.5, 0.0 ], [ -116.1, 33.5, 0.0 ], [ -116.1, 33.5, 0.0 ], [ -116.1, 33.5, 0.0 ], [ -116.0, 33.5, 0.0 ], [ -116.0, 33.5, 0.0 ], [ -116.0, 33.5, 0.0 ], [ -116.0, 33.5, 0.0 ], [ -116.0, 33.5, 0.0 ], [ -116.0, 33.5, 0.0 ], [ -116.0, 33.5, 0.0 ], [ -115.9, 33.5, 0.0 ], [ -115.9, 33.5, 0.0 ], [ -115.9, 33.5, 0.0 ], [ -115.9, 33.5, 0.0 ], [ -115.9, 33.6, 0.0 ], [ -116.0, 33.6, 0.0 ], [ -116.0, 33.5, 0.0 ], [ -116.0, 33.5, 0.0 ], [ -116.0, 33.6, 0.0 ], [ -116.0, 33.6, 0.0 ], [ -116.0, 33.6, 0.0 ], [ -116.0, 33.6, 0.0 ], [ -116.0, 33.6, 0.0 ], [ -116.1, 33.6, 0.0 ], [ -116.1, 33.6, 0.0 ], [ -116.1, 33.6, 0.0 ], [ -116.1, 33.6, 0.0 ], [ -116.1, 33.7, 0.0 ], [ -116.1, 33.7, 0.0 ], [ -116.1, 33.7, 0.0 ], [ -116.1, 33.7, 0.0 ], [ -116.1, 33.7, 0.0 ], [ -116.1, 33.7, 0.0 ], [ -116.2, 33.7, 0.0 ], [ -116.2, 33.8, 0.0 ], [ -116.2, 33.8, 0.0 ], [ -116.2, 33.8, 0.0 ], [ -116.2, 33.8, 0.0 ], [ -116.2, 33.7, 0.0 ], [ -116.2, 33.7, 0.0 ], [ -116.2, 33.7, 0.0 ], [ -116.2, 33.7, 0.0 ], [ -116.2, 33.7, 0.0 ], [ -116.3, 33.7, 0.0 ], [ -116.3, 33.7, 0.0 ], [ -116.3, 33.7, 0.0 ], [ -116.3, 33.7, 0.0 ], [ -116.3, 33.7, 0.0 ], [ -116.3, 33.7, 0.0 ], [ -116.3, 33.7, 0.0 ], [ -116.2, 33.7, 0.0 ], [ -116.2, 33.6, 0.0 ], [ -116.2, 33.6, 0.0 ], [ -116.2, 33.6, 0.0 ], [ -116.2, 33.6, 0.0 ], [ -116.2, 33.6, 0.0 ], [ -116.2, 33.6, 0.0 ], [ -116.2, 33.5, 0.0 ], [ -116.2, 33.5, 0.0 ], [ -116.2, 33.5, 0.0 ], [ -116.2, 33.5, 0.0 ], [ -116.2, 33.5, 0.0 ], [ -116.2, 33.5, 0.0 ], [ -116.1, 33.5, 0.0 ], [ -116.1, 33.5, 0.0 ], [ -116.1, 33.5, 0.0 ], [ -116.1, 33.4, 0.0 ], [ -116.1, 33.4, 0.0 ], [ -116.0, 33.4, 0.0 ], [ -116.0, 33.4, 0.0 ], [ -116.0, 33.4, 0.0 ], [ -116.0, 33.4, 0.0 ], [ -116.0, 33.4, 0.0 ], [ -116.0, 33.4, 0.0 ], [ -116.0, 33.4, 0.0 ], [ -116.1, 33.5, 0.0 ], [ -116.1, 33.5, 0.0 ], [ -116.1, 33.5, 0.0 ], [ -116.1, 33.5, 0.0 ], [ -116.1, 33.5, 0.0 ], [ -116.1, 33.5, 0.0 ], [ -116.1, 33.5, 0.0 ], [ -116.1, 33.5, 0.0 ], [ -116.1, 33.5, 0.0 ] ] ] ] } }
{ "type": "Feature", "properties": { "OpenAgName": "San Diego", "Subregion": "SAN-001" , "Basin_Subb": "0-015" , "Shape_Leng": 2.0394594636800001, "Shape_Area": 0.13943426709000001, "Area_Acre": 356099.65434800001 }, "geometry": { "type": "MultiPolygon", "coordinates": [ [ [ [ -117.3, 33.4, 0.0 ], [ -117.3, 33.3, 0.0 ], [ -117.3, 33.3, 0.0 ], [ -117.3, 33.3, 0.0 ], [ -117.3, 33.2, 0.0 ], [ -117.3, 33.2, 0.0 ], [ -117.3, 33.2, 0.0 ], [ -117.3, 33.2, 0.0 ], [ -117.2, 33.2, 0.0 ], [ -117.2, 33.2, 0.0 ], [ -117.2, 33.1, 0.0 ], [ -117.2, 33.1, 0.0 ], [ -117.1, 33.1, 0.0 ], [ -117.1, 33.1, 0.0 ], [ -117.1, 33.1, 0.0 ], [ -117.1, 33.0, 0.0 ], [ -117.1, 33.0, 0.0 ], [ -117.0, 33.0, 0.0 ], [ -117.0, 33.0, 0.0 ], [ -117.0, 33.0, 0.0 ], [ -117.0, 33.0, 0.0 ], [ -117.0, 33.0, 0.0 ], [ -117.0, 33.0, 0.0 ], [ -117.0, 33.0, 0.0 ], [ -116.9, 33.0, 0.0 ], [ -116.9, 33.0, 0.0 ], [ -116.9, 33.0, 0.0 ], [ -116.9, 33.1, 0.0 ], [ -116.9, 33.1, 0.0 ], [ -116.9, 33.1, 0.0 ], [ -116.9, 33.2, 0.0 ], [ -116.9, 33.2, 0.0 ], [ -116.9, 33.2, 0.0 ], [ -116.9, 33.2, 0.0 ], [ -116.9, 33.2, 0.0 ], [ -116.9, 33.2, 0.0 ], [ -116.9, 33.2, 0.0 ], [ -117.0, 33.2, 0.0 ], [ -116.9, 33.3, 0.0 ], [ -116.9, 33.3, 0.0 ], [ -116.9, 33.3, 0.0 ], [ -116.9, 33.3, 0.0 ], [ -116.9, 33.3, 0.0 ], [ -116.9, 33.3, 0.0 ], [ -116.9, 33.3, 0.0 ], [ -116.9, 33.3, 0.0 ], [ -116.9, 33.3, 0.0 ], [ -116.9, 33.3, 0.0 ], [ -116.9, 33.3, 0.0 ], [ -116.9, 33.3, 0.0 ], [ -116.9, 33.3, 0.0 ], [ -117.0, 33.3, 0.0 ], [ -117.0, 33.3, 0.0 ], [ -117.0, 33.3, 0.0 ], [ -117.0, 33.3, 0.0 ], [ -117.0, 33.4, 0.0 ], [ -117.0, 33.4, 0.0 ], [ -117.0, 33.4, 0.0 ], [ -117.0, 33.4, 0.0 ], [ -117.0, 33.4, 0.0 ], [ -117.0, 33.4, 0.0 ], [ -117.0, 33.4, 0.0 ], [ -117.0, 33.4, 0.0 ], [ -117.0, 33.4, 0.0 ], [ -117.0, 33.4, 0.0 ], [ -117.1, 33.4, 0.0 ], [ -117.1, 33.4, 0.0 ], [ -117.1, 33.4, 0.0 ], [ -117.1, 33.4, 0.0 ], [ -117.1, 33.4, 0.0 ], [ -117.1, 33.4, 0.0 ], [ -117.1, 33.4, 0.0 ], [ -117.1, 33.4, 0.0 ], [ -117.1, 33.4, 0.0 ], [ -117.1, 33.4, 0.0 ], [ -117.1, 33.4, 0.0 ], [ -117.1, 33.4, 0.0 ], [ -117.2, 33.4, 0.0 ], [ -117.2, 33.4, 0.0 ], [ -117.2, 33.4, 0.0 ], [ -117.2, 33.4, 0.0 ], [ -117.2, 33.4, 0.0 ], [ -117.2, 33.5, 0.0 ], [ -117.2, 33.5, 0.0 ], [ -117.2, 33.5, 0.0 ], [ -117.1, 33.5, 0.0 ], [ -117.1, 33.5, 0.0 ], [ -117.1, 33.5, 0.0 ], [ -117.1, 33.5, 0.0 ], [ -117.2, 33.5, 0.0 ], [ -117.2, 33.5, 0.0 ], [ -117.2, 33.5, 0.0 ], [ -117.2, 33.5, 0.0 ], [ -117.2, 33.5, 0.0 ], [ -117.2, 33.5, 0.0 ], [ -117.2, 33.5, 0.0 ], [ -117.2, 33.5, 0.0 ], [ -117.2, 33.5, 0.0 ], [ -117.2, 33.5, 0.0 ], [ -117.2, 33.5, 0.0 ], [ -117.2, 33.5, 0.0 ], [ -117.2, 33.5, 0.0 ], [ -117.2, 33.5, 0.0 ], [ -117.2, 33.5, 0.0 ], [ -117.2, 33.5, 0.0 ], [ -117.2, 33.5, 0.0 ], [ -117.2, 33.5, 0.0 ], [ -117.2, 33.5, 0.0 ], [ -117.2, 33.5, 0.0 ], [ -117.2, 33.5, 0.0 ], [ -117.2, 33.5, 0.0 ], [ -117.2, 33.5, 0.0 ], [ -117.3, 33.5, 0.0 ], [ -117.3, 33.5, 0.0 ], [ -117.3, 33.5, 0.0 ], [ -117.3, 33.5, 0.0 ], [ -117.3, 33.5, 0.0 ], [ -117.3, 33.5, 0.0 ], [ -117.3, 33.5, 0.0 ], [ -117.3, 33.5, 0.0 ], [ -117.3, 33.5, 0.0 ], [ -117.3, 33.5, 0.0 ], [ -117.3, 33.5, 0.0 ], [ -117.3, 33.5, 0.0 ], [ -117.3, 33.5, 0.0 ], [ -117.3, 33.5, 0.0 ], [ -117.4, 33.5, 0.0 ], [ -117.4, 33.5, 0.0 ], [ -117.4, 33.5, 0.0 ], [ -117.4, 33.5, 0.0 ], [ -117.4, 33.4, 0.0 ], [ -117.4, 33.4, 0.0 ], [ -117.3, 33.4, 0.0 ], [ -117.3, 33.4, 0.0 ], [ -117.3, 33.4, 0.0 ], [ -117.3, 33.4, 0.0 ], [ -117.3, 33.4, 0.0 ], [ -117.3, 33.4, 0.0 ], [ -117.3, 33.4, 0.0 ], [ -117.3, 33.4, 0.0 ], [ -117.3, 33.4, 0.0 ], [ -117.3, 33.4, 0.0 ], [ -117.3, 33.4, 0.0 ], [ -117.3, 33.4, 0.0 ], [ -117.3, 33.4, 0.0 ], [ -117.3, 33.4, 0.0 ], [ -117.3, 33.4, 0.0 ], [ -117.3, 33.4, 0.0 ], [ -117.3, 33.4, 0.0 ] ] ] ] } }
{ "type": "Feature", "properties": { "OpenAgName": "Oxnard Ventura", "Subregion": "OXN-001" , "Basin_Subb": "0-016" , "Shape_Leng": 2.5243364444999998, "Shape_Area": 0.13685561476, "Area_Acre": 345296.03596200002 }, "geometry": { "type": "MultiPolygon", "coordinates": [ [ [ [ -119.3, 34.3, 0.0 ], [ -119.3, 34.3, 0.0 ], [ -119.2, 34.2, 0.0 ], [ -119.2, 34.2, 0.0 ], [ -119.2, 34.1, 0.0 ], [ -119.2, 34.1, 0.0 ], [ -119.2, 34.1, 0.0 ], [ -119.2, 34.1, 0.0 ], [ -119.2, 34.1, 0.0 ], [ -119.1, 34.1, 0.0 ], [ -119.1, 34.1, 0.0 ], [ -119.1, 34.1, 0.0 ], [ -119.1, 34.1, 0.0 ], [ -119.0, 34.1, 0.0 ], [ -119.0, 34.1, 0.0 ], [ -119.0, 34.1, 0.0 ], [ -119.0, 34.1, 0.0 ], [ -119.0, 34.2, 0.0 ], [ -119.0, 34.2, 0.0 ], [ -119.0, 34.2, 0.0 ], [ -119.0, 34.2, 0.0 ], [ -119.0, 34.2, 0.0 ], [ -119.0, 34.2, 0.0 ], [ -119.0, 34.2, 0.0 ], [ -119.0, 34.2, 0.0 ], [ -119.0, 34.2, 0.0 ], [ -118.9, 34.2, 0.0 ], [ -118.9, 34.2, 0.0 ], [ -118.9, 34.2, 0.0 ], [ -118.9, 34.2, 0.0 ], [ -118.8, 34.2, 0.0 ], [ -118.8, 34.2, 0.0 ], [ -118.8, 34.2, 0.0 ], [ -118.8, 34.2, 0.0 ], [ -118.8, 34.3, 0.0 ], [ -118.8, 34.3, 0.0 ], [ -118.8, 34.3, 0.0 ], [ -118.8, 34.3, 0.0 ], [ -118.8, 34.3, 0.0 ], [ -118.9, 34.3, 0.0 ], [ -118.9, 34.3, 0.0 ], [ -118.9, 34.3, 0.0 ], [ -118.9, 34.4, 0.0 ], [ -118.9, 34.4, 0.0 ], [ -118.8, 34.4, 0.0 ], [ -118.8, 34.4, 0.0 ], [ -118.8, 34.4, 0.0 ], [ -118.8, 34.4, 0.0 ], [ -118.7, 34.4, 0.0 ], [ -118.7, 34.4, 0.0 ], [ -118.7, 34.4, 0.0 ], [ -118.7, 34.4, 0.0 ], [ -118.7, 34.4, 0.0 ], [ -118.7, 34.4, 0.0 ], [ -118.7, 34.4, 0.0 ], [ -118.7, 34.4, 0.0 ], [ -118.6, 34.4, 0.0 ], [ -118.6, 34.4, 0.0 ], [ -118.6, 34.4, 0.0 ], [ -118.6, 34.4, 0.0 ], [ -118.6, 34.4, 0.0 ], [ -118.6, 34.4, 0.0 ], [ -118.6, 34.4, 0.0 ], [ -118.6, 34.4, 0.0 ], [ -118.6, 34.5, 0.0 ], [ -118.6, 34.5, 0.0 ], [ -118.6, 34.5, 0.0 ], [ -118.6, 34.5, 0.0 ], [ -118.6, 34.5, 0.0 ], [ -118.6, 34.5, 0.0 ], [ -118.6, 34.5, 0.0 ], [ -118.6, 34.4, 0.0 ], [ -118.6, 34.4, 0.0 ], [ -118.6, 34.4, 0.0 ], [ -118.7, 34.4, 0.0 ], [ -118.7, 34.4, 0.0 ], [ -118.7, 34.4, 0.0 ], [ -118.7, 34.4, 0.0 ], [ -118.7, 34.4, 0.0 ], [ -118.7, 34.4, 0.0 ], [ -118.7, 34.4, 0.0 ], [ -118.7, 34.4, 0.0 ], [ -118.8, 34.4, 0.0 ], [ -118.7, 34.4, 0.0 ], [ -118.7, 34.4, 0.0 ], [ -118.7, 34.4, 0.0 ], [ -118.8, 34.5, 0.0 ], [ -118.8, 34.5, 0.0 ], [ -118.8, 34.4, 0.0 ], [ -118.8, 34.4, 0.0 ], [ -118.8, 34.4, 0.0 ], [ -118.8, 34.4, 0.0 ], [ -118.8, 34.4, 0.0 ], [ -118.8, 34.4, 0.0 ], [ -118.8, 34.4, 0.0 ], [ -118.8, 34.4, 0.0 ], [ -118.8, 34.4, 0.0 ], [ -118.8, 34.4, 0.0 ], [ -118.8, 34.4, 0.0 ], [ -118.9, 34.4, 0.0 ], [ -118.9, 34.4, 0.0 ], [ -118.9, 34.4, 0.0 ], [ -118.9, 34.4, 0.0 ], [ -118.9, 34.4, 0.0 ], [ -118.9, 34.4, 0.0 ], [ -118.9, 34.4, 0.0 ], [ -118.9, 34.4, 0.0 ], [ -118.9, 34.4, 0.0 ], [ -118.9, 34.4, 0.0 ], [ -118.9, 34.4, 0.0 ], [ -118.9, 34.4, 0.0 ], [ -118.9, 34.5, 0.0 ], [ -118.9, 34.5, 0.0 ], [ -118.9, 34.5, 0.0 ], [ -118.9, 34.4, 0.0 ], [ -118.9, 34.4, 0.0 ], [ -118.9, 34.4, 0.0 ], [ -119.0, 34.4, 0.0 ], [ -119.0, 34.4, 0.0 ], [ -119.0, 34.4, 0.0 ], [ -119.0, 34.4, 0.0 ], [ -119.0, 34.4, 0.0 ], [ -119.0, 34.4, 0.0 ], [ -119.0, 34.4, 0.0 ], [ -119.0, 34.4, 0.0 ], [ -119.0, 34.4, 0.0 ], [ -119.0, 34.4, 0.0 ], [ -119.0, 34.4, 0.0 ], [ -119.0, 34.4, 0.0 ], [ -119.0, 34.4, 0.0 ], [ -119.0, 34.4, 0.0 ], [ -119.0, 34.4, 0.0 ], [ -119.0, 34.4, 0.0 ], [ -119.0, 34.4, 0.0 ], [ -119.0, 34.4, 0.0 ], [ -119.0, 34.4, 0.0 ], [ -119.0, 34.4, 0.0 ], [ -119.0, 34.4, 0.0 ], [ -119.0, 34.4, 0.0 ], [ -119.0, 34.4, 0.0 ], [ -119.0, 34.4, 0.0 ], [ -119.1, 34.4, 0.0 ], [ -119.1, 34.4, 0.0 ], [ -119.1, 34.4, 0.0 ], [ -119.1, 34.4, 0.0 ], [ -119.1, 34.4, 0.0 ], [ -119.1, 34.4, 0.0 ], [ -119.1, 34.4, 0.0 ], [ -119.1, 34.4, 0.0 ], [ -119.1, 34.4, 0.0 ], [ -119.1, 34.4, 0.0 ], [ -119.1, 34.4, 0.0 ], [ -119.1, 34.4, 0.0 ], [ -119.1, 34.4, 0.0 ], [ -119.1, 34.4, 0.0 ], [ -119.1, 34.4, 0.0 ], [ -119.1, 34.4, 0.0 ], [ -119.1, 34.4, 0.0 ], [ -119.1, 34.5, 0.0 ], [ -119.1, 34.5, 0.0 ], [ -119.1, 34.5, 0.0 ], [ -119.1, 34.5, 0.0 ], [ -119.1, 34.4, 0.0 ], [ -119.1, 34.4, 0.0 ], [ -119.1, 34.4, 0.0 ], [ -119.1, 34.4, 0.0 ], [ -119.1, 34.5, 0.0 ], [ -119.2, 34.5, 0.0 ], [ -119.2, 34.5, 0.0 ], [ -119.2, 34.5, 0.0 ], [ -119.2, 34.5, 0.0 ], [ -119.2, 34.5, 0.0 ], [ -119.2, 34.5, 0.0 ], [ -119.2, 34.5, 0.0 ], [ -119.2, 34.5, 0.0 ], [ -119.2, 34.5, 0.0 ], [ -119.2, 34.5, 0.0 ], [ -119.2, 34.5, 0.0 ], [ -119.2, 34.5, 0.0 ], [ -119.2, 34.5, 0.0 ], [ -119.2, 34.5, 0.0 ], [ -119.2, 34.5, 0.0 ], [ -119.2, 34.5, 0.0 ], [ -119.2, 34.5, 0.0 ], [ -119.2, 34.5, 0.0 ], [ -119.2, 34.5, 0.0 ], [ -119.2, 34.5, 0.0 ], [ -119.2, 34.5, 0.0 ], [ -119.2, 34.5, 0.0 ], [ -119.2, 34.5, 0.0 ], [ -119.2, 34.5, 0.0 ], [ -119.2, 34.5, 0.0 ], [ -119.2, 34.5, 0.0 ], [ -119.3, 34.5, 0.0 ], [ -119.3, 34.5, 0.0 ], [ -119.3, 34.5, 0.0 ], [ -119.3, 34.5, 0.0 ], [ -119.3, 34.5, 0.0 ], [ -119.3, 34.5, 0.0 ], [ -119.3, 34.5, 0.0 ], [ -119.3, 34.5, 0.0 ], [ -119.3, 34.5, 0.0 ], [ -119.3, 34.5, 0.0 ], [ -119.3, 34.5, 0.0 ], [ -119.3, 34.5, 0.0 ], [ -119.3, 34.5, 0.0 ], [ -119.3, 34.5, 0.0 ], [ -119.3, 34.5, 0.0 ], [ -119.3, 34.5, 0.0 ], [ -119.3, 34.5, 0.0 ], [ -119.3, 34.5, 0.0 ], [ -119.3, 34.5, 0.0 ], [ -119.3, 34.5, 0.0 ], [ -119.3, 34.5, 0.0 ], [ -119.3, 34.5, 0.0 ], [ -119.3, 34.5, 0.0 ], [ -119.3, 34.5, 0.0 ], [ -119.3, 34.4, 0.0 ], [ -119.3, 34.4, 0.0 ], [ -119.3, 34.4, 0.0 ], [ -119.3, 34.4, 0.0 ], [ -119.3, 34.4, 0.0 ], [ -119.3, 34.4, 0.0 ], [ -119.3, 34.4, 0.0 ], [ -119.3, 34.4, 0.0 ], [ -119.3, 34.4, 0.0 ], [ -119.3, 34.4, 0.0 ], [ -119.3, 34.4, 0.0 ], [ -119.3, 34.4, 0.0 ], [ -119.3, 34.4, 0.0 ], [ -119.3, 34.4, 0.0 ], [ -119.3, 34.4, 0.0 ], [ -119.3, 34.4, 0.0 ], [ -119.3, 34.4, 0.0 ], [ -119.3, 34.4, 0.0 ], [ -119.3, 34.4, 0.0 ], [ -119.3, 34.4, 0.0 ], [ -119.3, 34.4, 0.0 ], [ -119.3, 34.4, 0.0 ], [ -119.3, 34.4, 0.0 ], [ -119.3, 34.4, 0.0 ], [ -119.3, 34.4, 0.0 ], [ -119.3, 34.4, 0.0 ], [ -119.3, 34.3, 0.0 ], [ -119.3, 34.3, 0.0 ], [ -119.3, 34.3, 0.0 ], [ -119.3, 34.3, 0.0 ], [ -119.3, 34.3, 0.0 ], [ -119.3, 34.3, 0.0 ], [ -119.3, 34.3, 0.0 ], [ -119.3, 34.3, 0.0 ], [ -119.3, 34.3, 0.0 ], [ -119.3, 34.3, 0.0 ], [ -119.3, 34.3, 0.0 ], [ -119.3, 34.3, 0.0 ], [ -119.3, 34.3, 0.0 ], [ -119.3, 34.3, 0.0 ] ] ] ] } }
{ "type": "Feature", "properties": { "OpenAgName": "Salinas", "Subregion": "SAL-001" , "Basin_Subb": "0-017" , "Shape_Leng": 3.1420100019600001, "Shape_Area": 0.14944502289, "Area_Acre": 367508.16525600001 }, "geometry": { "type": "MultiPolygon", "coordinates": [ [ [ [ -121.8, 36.8, 0.0 ], [ -121.8, 36.8, 0.0 ], [ -121.8, 36.7, 0.0 ], [ -121.8, 36.7, 0.0 ], [ -121.8, 36.7, 0.0 ], [ -121.8, 36.7, 0.0 ], [ -121.8, 36.7, 0.0 ], [ -121.8, 36.7, 0.0 ], [ -121.8, 36.7, 0.0 ], [ -121.8, 36.7, 0.0 ], [ -121.8, 36.7, 0.0 ], [ -121.7, 36.7, 0.0 ], [ -121.7, 36.6, 0.0 ], [ -121.7, 36.6, 0.0 ], [ -121.7, 36.6, 0.0 ], [ -121.7, 36.6, 0.0 ], [ -121.7, 36.6, 0.0 ], [ -121.7, 36.6, 0.0 ], [ -121.7, 36.6, 0.0 ], [ -121.7, 36.6, 0.0 ], [ -121.7, 36.6, 0.0 ], [ -121.6, 36.6, 0.0 ], [ -121.6, 36.6, 0.0 ], [ -121.6, 36.6, 0.0 ], [ -121.6, 36.6, 0.0 ], [ -121.6, 36.5, 0.0 ], [ -121.5, 36.5, 0.0 ], [ -121.5, 36.5, 0.0 ], [ -121.5, 36.5, 0.0 ], [ -121.5, 36.5, 0.0 ], [ -121.5, 36.4, 0.0 ], [ -121.5, 36.4, 0.0 ], [ -121.4, 36.4, 0.0 ], [ -121.4, 36.4, 0.0 ], [ -121.4, 36.4, 0.0 ], [ -121.4, 36.4, 0.0 ], [ -121.4, 36.4, 0.0 ], [ -121.4, 36.3, 0.0 ], [ -121.4, 36.3, 0.0 ], [ -121.4, 36.3, 0.0 ], [ -121.3, 36.3, 0.0 ], [ -121.3, 36.3, 0.0 ], [ -121.3, 36.3, 0.0 ], [ -121.3, 36.3, 0.0 ], [ -121.3, 36.3, 0.0 ], [ -121.3, 36.3, 0.0 ], [ -121.3, 36.3, 0.0 ], [ -121.3, 36.3, 0.0 ], [ -121.3, 36.3, 0.0 ], [ -121.3, 36.3, 0.0 ], [ -121.2, 36.2, 0.0 ], [ -121.2, 36.2, 0.0 ], [ -121.2, 36.2, 0.0 ], [ -121.2, 36.2, 0.0 ], [ -121.2, 36.2, 0.0 ], [ -121.2, 36.2, 0.0 ], [ -121.2, 36.2, 0.0 ], [ -121.1, 36.2, 0.0 ], [ -121.1, 36.1, 0.0 ], [ -121.1, 36.1, 0.0 ], [ -121.1, 36.1, 0.0 ], [ -121.1, 36.1, 0.0 ], [ -121.1, 36.1, 0.0 ], [ -121.1, 36.1, 0.0 ], [ -121.0, 36.1, 0.0 ], [ -121.0, 36.1, 0.0 ], [ -121.0, 36.1, 0.0 ], [ -121.0, 36.0, 0.0 ], [ -121.0, 36.0, 0.0 ], [ -121.0, 36.0, 0.0 ], [ -121.0, 36.0, 0.0 ], [ -120.9, 36.0, 0.0 ], [ -120.9, 36.0, 0.0 ], [ -120.9, 36.0, 0.0 ], [ -120.9, 36.0, 0.0 ], [ -120.9, 36.0, 0.0 ], [ -120.9, 36.0, 0.0 ], [ -120.9, 36.0, 0.0 ], [ -120.9, 36.0, 0.0 ], [ -120.9, 36.0, 0.0 ], [ -120.9, 36.0, 0.0 ], [ -120.9, 36.1, 0.0 ], [ -120.9, 36.1, 0.0 ], [ -120.9, 36.1, 0.0 ], [ -120.9, 36.1, 0.0 ], [ -120.9, 36.1, 0.0 ], [ -120.9, 36.1, 0.0 ], [ -121.0, 36.1, 0.0 ], [ -121.0, 36.1, 0.0 ], [ -121.0, 36.1, 0.0 ], [ -121.0, 36.1, 0.0 ], [ -121.0, 36.1, 0.0 ], [ -121.0, 36.2, 0.0 ], [ -121.0, 36.2, 0.0 ], [ -121.0, 36.2, 0.0 ], [ -121.0, 36.2, 0.0 ], [ -121.0, 36.2, 0.0 ], [ -121.1, 36.2, 0.0 ], [ -121.1, 36.2, 0.0 ], [ -121.1, 36.2, 0.0 ], [ -121.1, 36.2, 0.0 ], [ -121.1, 36.2, 0.0 ], [ -121.1, 36.3, 0.0 ], [ -121.1, 36.3, 0.0 ], [ -121.1, 36.3, 0.0 ], [ -121.1, 36.3, 0.0 ], [ -121.1, 36.3, 0.0 ], [ -121.1, 36.3, 0.0 ], [ -121.1, 36.3, 0.0 ], [ -121.1, 36.3, 0.0 ], [ -121.1, 36.3, 0.0 ], [ -121.1, 36.3, 0.0 ], [ -121.2, 36.3, 0.0 ], [ -121.2, 36.3, 0.0 ], [ -121.2, 36.3, 0.0 ], [ -121.2, 36.3, 0.0 ], [ -121.2, 36.3, 0.0 ], [ -121.2, 36.3, 0.0 ], [ -121.2, 36.4, 0.0 ], [ -121.2, 36.4, 0.0 ], [ -121.2, 36.4, 0.0 ], [ -121.2, 36.4, 0.0 ], [ -121.2, 36.4, 0.0 ], [ -121.2, 36.4, 0.0 ], [ -121.2, 36.4, 0.0 ], [ -121.2, 36.4, 0.0 ], [ -121.3, 36.4, 0.0 ], [ -121.3, 36.4, 0.0 ], [ -121.3, 36.4, 0.0 ], [ -121.3, 36.4, 0.0 ], [ -121.3, 36.5, 0.0 ], [ -121.3, 36.5, 0.0 ], [ -121.3, 36.5, 0.0 ], [ -121.3, 36.5, 0.0 ], [ -121.3, 36.5, 0.0 ], [ -121.3, 36.5, 0.0 ], [ -121.3, 36.5, 0.0 ], [ -121.4, 36.5, 0.0 ], [ -121.4, 36.5, 0.0 ], [ -121.4, 36.5, 0.0 ], [ -121.4, 36.6, 0.0 ], [ -121.4, 36.6, 0.0 ], [ -121.4, 36.6, 0.0 ], [ -121.4, 36.6, 0.0 ], [ -121.4, 36.6, 0.0 ], [ -121.4, 36.6, 0.0 ], [ -121.4, 36.6, 0.0 ], [ -121.4, 36.6, 0.0 ], [ -121.4, 36.6, 0.0 ], [ -121.4, 36.6, 0.0 ], [ -121.4, 36.6, 0.0 ], [ -121.4, 36.6, 0.0 ], [ -121.4, 36.6, 0.0 ], [ -121.4, 36.6, 0.0 ], [ -121.5, 36.6, 0.0 ], [ -121.5, 36.6, 0.0 ], [ -121.5, 36.6, 0.0 ], [ -121.5, 36.6, 0.0 ], [ -121.5, 36.6, 0.0 ], [ -121.5, 36.6, 0.0 ], [ -121.5, 36.7, 0.0 ], [ -121.5, 36.7, 0.0 ], [ -121.5, 36.7, 0.0 ], [ -121.5, 36.7, 0.0 ], [ -121.5, 36.7, 0.0 ], [ -121.5, 36.7, 0.0 ], [ -121.6, 36.7, 0.0 ], [ -121.6, 36.7, 0.0 ], [ -121.6, 36.7, 0.0 ], [ -121.6, 36.7, 0.0 ], [ -121.6, 36.7, 0.0 ], [ -121.6, 36.7, 0.0 ], [ -121.6, 36.7, 0.0 ], [ -121.6, 36.7, 0.0 ], [ -121.6, 36.7, 0.0 ], [ -121.6, 36.8, 0.0 ], [ -121.6, 36.8, 0.0 ], [ -121.6, 36.8, 0.0 ], [ -121.6, 36.8, 0.0 ], [ -121.6, 36.8, 0.0 ], [ -121.6, 36.8, 0.0 ], [ -121.6, 36.8, 0.0 ], [ -121.6, 36.8, 0.0 ], [ -121.6, 36.8, 0.0 ], [ -121.6, 36.8, 0.0 ], [ -121.6, 36.8, 0.0 ], [ -121.6, 36.8, 0.0 ], [ -121.6, 36.8, 0.0 ], [ -121.6, 36.8, 0.0 ], [ -121.6, 36.8, 0.0 ], [ -121.6, 36.8, 0.0 ], [ -121.6, 36.8, 0.0 ], [ -121.6, 36.8, 0.0 ], [ -121.6, 36.8, 0.0 ], [ -121.6, 36.8, 0.0 ], [ -121.7, 36.8, 0.0 ], [ -121.7, 36.8, 0.0 ], [ -121.7, 36.8, 0.0 ], [ -121.7, 36.8, 0.0 ], [ -121.7, 36.8, 0.0 ], [ -121.7, 36.8, 0.0 ], [ -121.7, 36.8, 0.0 ], [ -121.7, 36.8, 0.0 ], [ -121.7, 36.8, 0.0 ], [ -121.7, 36.8, 0.0 ], [ -121.7, 36.8, 0.0 ], [ -121.7, 36.8, 0.0 ], [ -121.7, 36.8, 0.0 ], [ -121.8, 36.8, 0.0 ], [ -121.8, 36.8, 0.0 ], [ -121.8, 36.8, 0.0 ], [ -121.8, 36.8, 0.0 ], [ -121.8, 36.8, 0.0 ], [ -121.8, 36.8, 0.0 ], [ -121.8, 36.8, 0.0 ], [ -121.8, 36.8, 0.0 ] ] ] ] } }