HR,cvp_2021_wrt_2018,swp_2021_wrt_2018,curtailed_2021_wrt_2018,fallow_net_2021,applied_shortage_2021,net_local_gw_2021,cvp_2022_wrt_2018,swp_2022_wrt_2018,curtailed_2022_wrt_2018,fallow_net_2022,applied_shortage_2022,net_local_gw_2022
Sacramento River,458374.88856600004,0.0,85283.4999936,195284.43712000002,783445.3535980097,239786.96500630962,1159882.517996,0.0,257071.75,373698.04854999995,1515569.5936294466,98615.32560744658
San Joaquin River,467324.280018,1467.0,173736.3749938,89620.39749999998,257788.17518135897,-384739.479834441,693058.403274,1007.0,673394.8749846001,97066.08619999999,282397.3597404556,-1085062.9185061445
Tulare Lake,1265083.9546359999,106220.47817817,0.0,262262.43904,851702.5224068583,-519601.91034794465,1213710.7633376,335630.683746945,0.0,213563.82601999998,732153.6017646836,-817187.8454087104
