g,i,year,xland,xwater,p,y,omegalabor,omegasupply,omegaland,Etc
Ahtanum,Berry,2024,3,2,4000,3.97,7074,9956,233,0.25
Ahtanum,Cereal Grain,2024,44,2,278,3.6,92,236,233,0.74
Ahtanum,Hay/Silage,2024,1519,2,275,5,157,341,233,0.51
Ahtanum,Orchard,2024,74,2,956,21.5,2227,4192,233,0.13
Buena,Hay/Silage,2024,5,2.333,275,5,157,341,233,0.51
Buena,Herb,2024,72,2,600,0.06,983,786,233,0.41
Buena,Orchard,2024,32,2,956,21.5,2227,4192,233,0.13
Buena,Seed,2024,8,2.782,14000,0.39,328,590,233,0.74
Bull Ditch,Cereal Grain,2024,5,2.281,278,3.6,92,236,233,0.74
Bull Ditch,Hay/Silage,2024,777,2,275,5,157,341,233,0.51
Bull Ditch,Vegetable,2024,103,2,1180,11.2,6943,4978,233,0.3
Cascade,Cereal Grain,2024,174,2,278,3.6,92,236,233,0.74
Cascade,Hay/Silage,2024,5914,2,275,5,157,341,233,0.51
Cascade,Herb,2024,3,1.418,600,0.06,983,786,233,0.41
Cascade,Orchard,2024,71,2,956,21.5,2227,4192,233,0.13
Cascade,Seed,2024,35,2,14000,0.39,328,590,233,0.74
Cascade,Vegetable,2024,422,2,1180,11.2,6943,4978,233,0.3
Cascade,Vineyard,2024,2,1.499,940,4.33,2882,3799,233,0.13
Ellensburg Wat,Cereal Grain,2024,297,2,278,3.6,92,236,233,0.74
Ellensburg Wat,Hay/Silage,2024,6386,2,275,5,157,341,233,0.51
Ellensburg Wat,Seed,2024,73,2,14000,0.39,328,590,233,0.74
Ellensburg Wat,Vegetable,2024,833,2,1180,11.2,6943,4978,233,0.3
Ellensburg Wat,Vineyard,2024,2,2,940,4.33,2882,3799,233,0.13
FGP,Cereal Grain,2024,4,2.485,278,3.6,92,236,233,0.74
FGP,Hay/Silage,2024,1,2.075,275,5,157,341,233,0.51
FGP,Vegetable,2024,155,2,1180,11.2,6943,4978,233,0.3
Fowler Ditch,Hay/Silage,2024,25,2,275,5,157,341,233,0.51
Fowler Ditch,Herb,2024,576,2,600,0.06,983,786,233,0.41
Fowler Ditch,Vineyard,2024,18,2,940,4.33,2882,3799,233,0.13
Irrigated area outside irrigation districts,Berry,2024,135,2,4000,3.97,7074,9956,233,0.25
Irrigated area outside irrigation districts,Cereal Grain,2024,10753,2,278,3.6,92,236,233,0.74
Irrigated area outside irrigation districts,Hay/Silage,2024,7957,2,275,5,157,341,233,0.51
Irrigated area outside irrigation districts,Herb,2024,3336,2,600,0.06,983,786,233,0.41
Irrigated area outside irrigation districts,Oilseed,2024,278,2.5,370,0.77,655.5,688,201.5,0.74
Irrigated area outside irrigation districts,Orchard,2024,9130,2,956,21.5,2227,4192,233,0.13
Irrigated area outside irrigation districts,Vegetable,2024,4428,2,1180,11.2,6943,4978,233,0.3
Irrigated area outside irrigation districts,Vineyard,2024,5042,2,940,4.33,2882,3799,233,0.13
KID,Berry,2024,4,2,4000,3.97,7074,9956,233,0.25
KID,Cereal Grain,2024,1199,2,278,3.6,92,236,233,0.74
KID,Hay/Silage,2024,1357,2,275,5,157,341,233,0.51
KID,Herb,2024,12,2,600,0.06,983,786,233,0.41
KID,Orchard,2024,1915,2,956,21.5,2227,4192,233,0.13
KID,Vegetable,2024,1231,2,1180,11.2,6943,4978,233,0.3
KID,Vineyard,2024,5176,2,940,4.33,2882,3799,233,0.13
KRD,Cereal Grain,2024,1707,2,278,3.6,92,236,233,0.74
KRD,Hay/Silage,2024,21949,2,275,5,157,341,233,0.51
KRD,Herb,2024,12,2,600,0.06,983,786,233,0.41
KRD,Oilseed,2024,64,2.5,370,0.77,655.5,688,201.5,0.74
KRD,Orchard,2024,1774,2,956,21.5,2227,4192,233,0.13
KRD,Seed,2024,281,2,14000,0.39,328,590,233,0.74
KRD,Vegetable,2024,790,2,1180,11.2,6943,4978,233,0.3
KRD,Vineyard,2024,17,2,940,4.33,2882,3799,233,0.13
Moxee-Selah,Cereal Grain,2024,13,2,278,3.6,92,236,233,0.74
Moxee-Selah,Hay/Silage,2024,204,2,275,5,157,341,233,0.51
Moxee-Selah,Herb,2024,2725,2,600,0.06,983,786,233,0.41
Moxee-Selah,Orchard,2024,68,2,956,21.5,2227,4192,233,0.13
Moxee-Selah,Vegetable,2024,2,2.118,1180,11.2,6943,4978,233,0.3
Moxee-Selah,Vineyard,2024,5,1.878,940,4.33,2882,3799,233,0.13
Naches-Selah,Berry,2024,20,2,4000,3.97,7074,9956,233,0.25
Naches-Selah,Cereal Grain,2024,1,2.056,278,3.6,92,236,233,0.74
Naches-Selah,Hay/Silage,2024,645,2,275,5,157,341,233,0.51
Naches-Selah,Orchard,2024,4178,2,956,21.5,2227,4192,233,0.13
Naches-Selah,Vegetable,2024,1,2.184,1180,11.2,6943,4978,233,0.3
Naches-Selah,Vineyard,2024,23,2,940,4.33,2882,3799,233,0.13
Not In I.D.,Berry,2024,1,2.167,4000,3.97,7074,9956,233,0.25
Not In I.D.,Cereal Grain,2024,35,2,278,3.6,92,236,233,0.74
Not In I.D.,Hay/Silage,2024,1037,2,275,5,157,341,233,0.51
Not In I.D.,Herb,2024,236,2,600,0.06,983,786,233,0.41
Not In I.D.,Orchard,2024,2340,2,956,21.5,2227,4192,233,0.13
Not In I.D.,Vegetable,2024,16,2,1180,11.2,6943,4978,233,0.3
Not In I.D.,Vineyard,2024,1,1.969,940,4.33,2882,3799,233,0.13
Olsen,Hay/Silage,2024,316,2,275,5,157,341,233,0.51
Packwood,Hay/Silage,2024,400,2,275,5,157,341,233,0.51
Roza,Berry,2024,1285,2,4000,3.97,7074,9956,233,0.25
Roza,Cereal Grain,2024,6683,2,278,3.6,92,236,233,0.74
Roza,Hay/Silage,2024,3510,2,275,5,157,341,233,0.51
Roza,Herb,2024,8077,2,600,0.06,983,786,233,0.41
Roza,Orchard,2024,27533,2,956,21.5,2227,4192,233,0.13
Roza,Vegetable,2024,335,2,1180,11.2,6943,4978,233,0.3
Roza,Vineyard,2024,14913,2,940,4.33,2882,3799,233,0.13
SVID,Berry,2024,56,2,4000,3.97,7074,9956,233,0.25
SVID,Cereal Grain,2024,16312,2,278,3.6,92,236,233,0.74
SVID,Hay/Silage,2024,9274,2,275,5,157,341,233,0.51
SVID,Herb,2024,7613,2,600,0.06,983,786,233,0.41
SVID,Orchard,2024,7043,2,956,21.5,2227,4192,233,0.13
SVID,Seed,2024,9,2.662,14000,0.39,328,590,233,0.74
SVID,Vegetable,2024,640,2,1180,11.2,6943,4978,233,0.3
SVID,Vineyard,2024,8016,2,940,4.33,2882,3799,233,0.13
Terrace Heights,Hay/Silage,2024,20,2,275,5,157,341,233,0.51
Terrace Heights,Orchard,2024,31,2,956,21.5,2227,4192,233,0.13
Terrace Heights,Vineyard,2024,10,2,940,4.33,2882,3799,233,0.13
Throp Mill,Hay/Silage,2024,68,2,275,5,157,341,233,0.51
Union Gap,Cereal Grain,2024,15,2,278,3.6,92,236,233,0.74
Union Gap,Hay/Silage,2024,37,2,275,5,157,341,233,0.51
Union Gap,Orchard,2024,1654,2,956,21.5,2227,4192,233,0.13
Union Gap,Vineyard,2024,62,2,940,4.33,2882,3799,233,0.13
Wenas,Hay/Silage,2024,788,2,275,5,157,341,233,0.51
Wenas,Herb,2024,194,2,600,0.06,983,786,233,0.41
West Side,Cereal Grain,2024,59,2,278,3.6,92,236,233,0.74
West Side,Hay/Silage,2024,3121,2,275,5,157,341,233,0.51
West Side,Oilseed,2024,5,2.366,370,0.77,655.5,688,201.5,0.74
West Side,Seed,2024,40,1.98,14000,0.39,328,590,233,0.74
West Side,Vegetable,2024,81,2,1180,11.2,6943,4978,233,0.3
Yakima-Tieton,Berry,2024,12,2,4000,3.97,7074,9956,233,0.25
Yakima-Tieton,Hay/Silage,2024,1729,2,275,5,157,341,233,0.51
Yakima-Tieton,Orchard,2024,14428,2,956,21.5,2227,4192,233,0.13
Yakima-Tieton,Vegetable,2024,23,2,1180,11.2,6943,4978,233,0.3
Yakima-Tieton,Vineyard,2024,93,2,940,4.33,2882,3799,233,0.13
Yakima-Wapato,Berry,2024,29,2,4000,3.97,7074,9956,233,0.25
Yakima-Wapato,Cereal Grain,2024,31999,2,278,3.6,92,236,233,0.74
Yakima-Wapato,Hay/Silage,2024,17317,2,275,5,157,341,233,0.51
Yakima-Wapato,Herb,2024,18107,2,600,0.06,983,786,233,0.41
Yakima-Wapato,Oilseed,2024,1036,2.5,370,0.77,655.5,688,201.5,0.74
Yakima-Wapato,Orchard,2024,9468,2,956,21.5,2227,4192,233,0.13
Yakima-Wapato,Seed,2024,434,2,14000,0.39,328,590,233,0.74
Yakima-Wapato,Vegetable,2024,3845,2,1180,11.2,6943,4978,233,0.3
Yakima-Wapato,Vineyard,2024,2181,2,940,4.33,2882,3799,233,0.13
Ahtanum,Berry,2023,3,2,1900,3.53,6858,9652,236,0.25
Ahtanum,Cereal Grain,2023,14,2,255,2.26,89,229,236,0.74
Ahtanum,Hay/Silage,2023,1532,2,258,5.11,152,330,236,0.51
Ahtanum,Herb,2023,35,2,438,0.06,953,762,236,0.41
Ahtanum,Orchard,2023,111,2,1173,18.67,2159,4064,236,0.13
Buena,Cereal Grain,2023,109,2,255,2.26,89,229,236,0.74
Buena,Hay/Silage,2023,62,2,258,5.11,152,330,236,0.51
Buena,Herb,2023,72,2,438,0.06,953,762,236,0.41
Buena,Orchard,2023,39,2,1173,18.67,2159,4064,236,0.13
Buena,Vegetable,2023,4,2,860,16.63,6731,4826,236,0.3
Bull Ditch,Hay/Silage,2023,832,2,258,5.11,152,330,236,0.51
Bull Ditch,Oilseed,2023,5,2.283,470,0.82,635.5,667,209,0.74
Bull Ditch,Vegetable,2023,28,2,860,16.63,6731,4826,236,0.3
Cascade,Cereal Grain,2023,190,2,255,2.26,89,229,236,0.74
Cascade,Hay/Silage,2023,6268,2,258,5.11,152,330,236,0.51
Cascade,Herb,2023,3,2,438,0.06,953,762,236,0.41
Cascade,Orchard,2023,76,2,1173,18.67,2159,4064,236,0.13
Cascade,Seed,2023,113,2,9750,0.39,318,572,236,0.74
Cascade,Vegetable,2023,220,2,860,16.63,6731,4826,236,0.3
Ellensburg Wat,Cereal Grain,2023,277,2,255,2.26,89,229,236,0.74
Ellensburg Wat,Hay/Silage,2023,6884,2,258,5.11,152,330,236,0.51
Ellensburg Wat,Oilseed,2023,172,2.5,470,0.82,635.5,667,209,0.74
Ellensburg Wat,Seed,2023,91,2,9750,0.39,318,572,236,0.74
Ellensburg Wat,Vegetable,2023,607,2,860,16.63,6731,4826,236,0.3
Ellensburg Wat,Vineyard,2023,8,2,935,4.78,2794,3683,236,0.13
FGP,Cereal Grain,2023,4,1.913,255,2.26,89,229,236,0.74
FGP,Hay/Silage,2023,1,2.782,258,5.11,152,330,236,0.51
FGP,Vegetable,2023,155,2,860,16.63,6731,4826,236,0.3
Fowler Ditch,Hay/Silage,2023,11,2,258,5.11,152,330,236,0.51
Fowler Ditch,Herb,2023,665,2,438,0.06,953,762,236,0.41
Fowler Ditch,Vineyard,2023,18,2,935,4.78,2794,3683,236,0.13
Irrigated area outside irrigation districts,Berry,2023,169,2,1900,3.53,6858,9652,236,0.25
Irrigated area outside irrigation districts,Cereal Grain,2023,9874,2,255,2.26,89,229,236,0.74
Irrigated area outside irrigation districts,Hay/Silage,2023,9348,2,258,5.11,152,330,236,0.51
Irrigated area outside irrigation districts,Herb,2023,3914,2,438,0.06,953,762,236,0.41
Irrigated area outside irrigation districts,Orchard,2023,9197,2,1173,18.67,2159,4064,236,0.13
Irrigated area outside irrigation districts,Vegetable,2023,4188,2,860,16.63,6731,4826,236,0.3
Irrigated area outside irrigation districts,Vineyard,2023,5012,2,935,4.78,2794,3683,236,0.13
KID,Berry,2023,4,2,1900,3.53,6858,9652,236,0.25
KID,Cereal Grain,2023,1199,2,255,2.26,89,229,236,0.74
KID,Hay/Silage,2023,1321,2,258,5.11,152,330,236,0.51
KID,Herb,2023,12,2,438,0.06,953,762,236,0.41
KID,Orchard,2023,1926,2,1173,18.67,2159,4064,236,0.13
KID,Vegetable,2023,1231,2,860,16.63,6731,4826,236,0.3
KID,Vineyard,2023,5176,2,935,4.78,2794,3683,236,0.13
KRD,Berry,2023,33,2,1900,3.53,6858,9652,236,0.25
KRD,Cereal Grain,2023,879,2,255,2.26,89,229,236,0.74
KRD,Hay/Silage,2023,25065,2,258,5.11,152,330,236,0.51
KRD,Herb,2023,13,2,438,0.06,953,762,236,0.41
KRD,Oilseed,2023,107,2.5,470,0.82,635.5,667,209,0.74
KRD,Orchard,2023,1699,2,1173,18.67,2159,4064,236,0.13
KRD,Seed,2023,325,2,9750,0.39,318,572,236,0.74
KRD,Vegetable,2023,543,2,860,16.63,6731,4826,236,0.3
KRD,Vineyard,2023,13,2,935,4.78,2794,3683,236,0.13
Moxee-Selah,Hay/Silage,2023,167,2,258,5.11,152,330,236,0.51
Moxee-Selah,Herb,2023,3403,2,438,0.06,953,762,236,0.41
Moxee-Selah,Orchard,2023,103,2,1173,18.67,2159,4064,236,0.13
Moxee-Selah,Vegetable,2023,5,2,860,16.63,6731,4826,236,0.3
Moxee-Selah,Vineyard,2023,5,1.575,935,4.78,2794,3683,236,0.13
Naches-Selah,Berry,2023,24,2,1900,3.53,6858,9652,236,0.25
Naches-Selah,Hay/Silage,2023,591,2,258,5.11,152,330,236,0.51
Naches-Selah,Orchard,2023,4248,2,1173,18.67,2159,4064,236,0.13
Naches-Selah,Vineyard,2023,13,2,935,4.78,2794,3683,236,0.13
Not In I.D.,Berry,2023,1,2.133,1900,3.53,6858,9652,236,0.25
Not In I.D.,Cereal Grain,2023,58,2,255,2.26,89,229,236,0.74
Not In I.D.,Hay/Silage,2023,1106,2,258,5.11,152,330,236,0.51
Not In I.D.,Herb,2023,399,2,438,0.06,953,762,236,0.41
Not In I.D.,Orchard,2023,2459,2,1173,18.67,2159,4064,236,0.13
Not In I.D.,Vegetable,2023,13,2,860,16.63,6731,4826,236,0.3
Not In I.D.,Vineyard,2023,1,2.182,935,4.78,2794,3683,236,0.13
Olsen,Hay/Silage,2023,363,2,258,5.11,152,330,236,0.51
Olsen,Vineyard,2023,29,2.333,935,4.78,2794,3683,236,0.13
Packwood,Hay/Silage,2023,409,2,258,5.11,152,330,236,0.51
Roza,Berry,2023,1379,2,1900,3.53,6858,9652,236,0.25
Roza,Cereal Grain,2023,6414,2,255,2.26,89,229,236,0.74
Roza,Hay/Silage,2023,3936,2,258,5.11,152,330,236,0.51
Roza,Herb,2023,8746,2,438,0.06,953,762,236,0.41
Roza,Orchard,2023,27526,2,1173,18.67,2159,4064,236,0.13
Roza,Vegetable,2023,268,2,860,16.63,6731,4826,236,0.3
Roza,Vineyard,2023,14889,2,935,4.78,2794,3683,236,0.13
SVID,Berry,2023,40,2,1900,3.53,6858,9652,236,0.25
SVID,Cereal Grain,2023,13817,2,255,2.26,89,229,236,0.74
SVID,Hay/Silage,2023,11171,2,258,5.11,152,330,236,0.51
SVID,Herb,2023,9034,2,438,0.06,953,762,236,0.41
SVID,Oilseed,2023,1,2.815,470,0.82,635.5,667,209,0.74
SVID,Orchard,2023,7083,2,1173,18.67,2159,4064,236,0.13
SVID,Vegetable,2023,877,2,860,16.63,6731,4826,236,0.3
SVID,Vineyard,2023,8280,2,935,4.78,2794,3683,236,0.13
Terrace Heights,Hay/Silage,2023,15,2,258,5.11,152,330,236,0.51
Terrace Heights,Orchard,2023,31,2,1173,18.67,2159,4064,236,0.13
Terrace Heights,Vineyard,2023,10,2,935,4.78,2794,3683,236,0.13
Throp Mill,Hay/Silage,2023,67,2,258,5.11,152,330,236,0.51
Union Gap,Hay/Silage,2023,48,2,258,5.11,152,330,236,0.51
Union Gap,Orchard,2023,1683,2,1173,18.67,2159,4064,236,0.13
Union Gap,Vineyard,2023,55,2,935,4.78,2794,3683,236,0.13
Wenas,Hay/Silage,2023,874,2,258,5.11,152,330,236,0.51
Wenas,Herb,2023,92,2,438,0.06,953,762,236,0.41
West Side,Cereal Grain,2023,22,2,255,2.26,89,229,236,0.74
West Side,Hay/Silage,2023,3486,2,258,5.11,152,330,236,0.51
West Side,Vegetable,2023,3,1.683,860,16.63,6731,4826,236,0.3
Yakima-Tieton,Berry,2023,13,2,1900,3.53,6858,9652,236,0.25
Yakima-Tieton,Hay/Silage,2023,1608,2,258,5.11,152,330,236,0.51
Yakima-Tieton,Herb,2023,1,2,438,0.06,953,762,236,0.41
Yakima-Tieton,Orchard,2023,14529,2,1173,18.67,2159,4064,236,0.13
Yakima-Tieton,Vegetable,2023,9,2,860,16.63,6731,4826,236,0.3
Yakima-Tieton,Vineyard,2023,82,2,935,4.78,2794,3683,236,0.13
Yakima-Wapato,Berry,2023,29,2,1900,3.53,6858,9652,236,0.25
Yakima-Wapato,Cereal Grain,2023,31273,2,255,2.26,89,229,236,0.74
Yakima-Wapato,Hay/Silage,2023,17724,2,258,5.11,152,330,236,0.51
Yakima-Wapato,Herb,2023,24398,2,438,0.06,953,762,236,0.41
Yakima-Wapato,Oilseed,2023,953,2.5,470,0.82,635.5,667,209,0.74
Yakima-Wapato,Orchard,2023,10062,2,1173,18.67,2159,4064,236,0.13
Yakima-Wapato,Seed,2023,167,2,9750,0.39,318,572,236,0.74
Yakima-Wapato,Vegetable,2023,3267,2,860,16.63,6731,4826,236,0.3
Yakima-Wapato,Vineyard,2023,2125,2,935,4.78,2794,3683,236,0.13
Ahtanum,Berry,2022,3,2,3100,3.2,6588,9272,430,0.25
Ahtanum,Cereal Grain,2022,14,2,264,2.77,85,220,430,0.74
Ahtanum,Hay/Silage,2022,1532,2,320,5.3,146,317,430,0.51
Ahtanum,Herb,2022,35,2,424,0.06,915,732,430,0.41
Ahtanum,Orchard,2022,142,2,1697,15.27,2074,3904,430,0.13
Buena,Cereal Grain,2022,109,2,264,2.77,85,220,430,0.74
Buena,Hay/Silage,2022,62,2,320,5.3,146,317,430,0.51
Buena,Herb,2022,72,2,424,0.06,915,732,430,0.41
Buena,Orchard,2022,39,2,1697,15.27,2074,3904,430,0.13
Buena,Vegetable,2022,4,2,900,15.44,6466,4636,430,0.3
Bull Ditch,Hay/Silage,2022,832,2,320,5.3,146,317,430,0.51
Bull Ditch,Oilseed,2022,5,2.331,590,0.85,610,640.5,430,0.74
Bull Ditch,Vegetable,2022,28,2,900,15.44,6466,4636,430,0.3
Cascade,Cereal Grain,2022,190,2,264,2.77,85,220,430,0.74
Cascade,Hay/Silage,2022,6268,2,320,5.3,146,317,430,0.51
Cascade,Herb,2022,3,2,424,0.06,915,732,430,0.41
Cascade,Orchard,2022,76,2,1697,15.27,2074,3904,430,0.13
Cascade,Seed,2022,113,2,9510,0.37,305,549,430,0.74
Cascade,Vegetable,2022,220,2,900,15.44,6466,4636,430,0.3
Ellensburg Wat,Cereal Grain,2022,277,2,264,2.77,85,220,430,0.74
Ellensburg Wat,Hay/Silage,2022,6884,2,320,5.3,146,317,430,0.51
Ellensburg Wat,Oilseed,2022,172,2,590,0.85,610,640.5,430,0.74
Ellensburg Wat,Seed,2022,91,2,9510,0.37,305,549,430,0.74
Ellensburg Wat,Vegetable,2022,607,2,900,15.44,6466,4636,430,0.3
Ellensburg Wat,Vineyard,2022,8,2,903,5.8,2684,3538,430,0.13
FGP,Hay/Silage,2022,156,2,320,5.3,146,317,430,0.51
Fowler Ditch,Hay/Silage,2022,11,2,320,5.3,146,317,430,0.51
Fowler Ditch,Herb,2022,665,2,424,0.06,915,732,430,0.41
Fowler Ditch,Vineyard,2022,18,2,903,5.8,2684,3538,430,0.13
Irrigated area outside irrigation districts,Berry,2022,174,2,3100,3.2,6588,9272,430,0.25
Irrigated area outside irrigation districts,Cereal Grain,2022,8936,2,264,2.77,85,220,430,0.74
Irrigated area outside irrigation districts,Hay/Silage,2022,9446,2,320,5.3,146,317,430,0.51
Irrigated area outside irrigation districts,Herb,2022,3933,2,424,0.06,915,732,430,0.41
Irrigated area outside irrigation districts,Orchard,2022,9047,2,1697,15.27,2074,3904,430,0.13
Irrigated area outside irrigation districts,Vegetable,2022,5308,2,900,15.44,6466,4636,430,0.3
Irrigated area outside irrigation districts,Vineyard,2022,5016,2,903,5.8,2684,3538,430,0.13
KID,Berry,2022,4,2,3100,3.2,6588,9272,430,0.25
KID,Cereal Grain,2022,1257,2,264,2.77,85,220,430,0.74
KID,Hay/Silage,2022,1158,2,320,5.3,146,317,430,0.51
KID,Herb,2022,207,2,424,0.06,915,732,430,0.41
KID,Orchard,2022,2003,2,1697,15.27,2074,3904,430,0.13
KID,Vegetable,2022,1655,2,900,15.44,6466,4636,430,0.3
KID,Vineyard,2022,4844,2,903,5.8,2684,3538,430,0.13
KRD,Berry,2022,33,2,3100,3.2,6588,9272,430,0.25
KRD,Cereal Grain,2022,879,2,264,2.77,85,220,430,0.74
KRD,Hay/Silage,2022,25065,2,320,5.3,146,317,430,0.51
KRD,Herb,2022,13,2,424,0.06,915,732,430,0.41
KRD,Oilseed,2022,107,2,590,0.85,610,640.5,430,0.74
KRD,Orchard,2022,1699,2,1697,15.27,2074,3904,430,0.13
KRD,Seed,2022,325,2,9510,0.37,305,549,430,0.74
KRD,Vegetable,2022,543,2,900,15.44,6466,4636,430,0.3
KRD,Vineyard,2022,13,2,903,5.8,2684,3538,430,0.13
Moxee-Selah,Hay/Silage,2022,167,2,320,5.3,146,317,430,0.51
Moxee-Selah,Herb,2022,3403,2,424,0.06,915,732,430,0.41
Moxee-Selah,Orchard,2022,103,2,1697,15.27,2074,3904,430,0.13
Moxee-Selah,Vegetable,2022,5,2,900,15.44,6466,4636,430,0.3
Moxee-Selah,Vineyard,2022,5,1.713,903,5.8,2684,3538,430,0.13
Naches-Selah,Berry,2022,24,2,3100,3.2,6588,9272,430,0.25
Naches-Selah,Hay/Silage,2022,590,2,320,5.3,146,317,430,0.51
Naches-Selah,Orchard,2022,4290,2,1697,15.27,2074,3904,430,0.13
Naches-Selah,Vineyard,2022,13,2,903,5.8,2684,3538,430,0.13
Not In I.D.,Berry,2022,1,2.133,3100,3.2,6588,9272,430,0.25
Not In I.D.,Cereal Grain,2022,58,2,264,2.77,85,220,430,0.74
Not In I.D.,Hay/Silage,2022,1091,2,320,5.3,146,317,430,0.51
Not In I.D.,Herb,2022,384,2,424,0.06,915,732,430,0.41
Not In I.D.,Orchard,2022,2489,2,1697,15.27,2074,3904,430,0.13
Not In I.D.,Vegetable,2022,13,2,900,15.44,6466,4636,430,0.3
Not In I.D.,Vineyard,2022,1,2.395,903,5.8,2684,3538,430,0.13
Olsen,Hay/Silage,2022,363,2,320,5.3,146,317,430,0.51
Olsen,Vineyard,2022,29,2.488,903,5.8,2684,3538,430,0.13
Packwood,Hay/Silage,2022,409,2,320,5.3,146,317,430,0.51
Roza,Berry,2022,1429,2,3100,3.2,6588,9272,430,0.25
Roza,Cereal Grain,2022,6522,2,264,2.77,85,220,430,0.74
Roza,Hay/Silage,2022,3885,2,320,5.3,146,317,430,0.51
Roza,Herb,2022,8817,2,424,0.06,915,732,430,0.41
Roza,Orchard,2022,27727,2,1697,15.27,2074,3904,430,0.13
Roza,Vegetable,2022,118,2,900,15.44,6466,4636,430,0.3
Roza,Vineyard,2022,14926,2,903,5.8,2684,3538,430,0.13
SVID,Berry,2022,8,2,3100,3.2,6588,9272,430,0.25
SVID,Cereal Grain,2022,13826,2,264,2.77,85,220,430,0.74
SVID,Hay/Silage,2022,11063,2,320,5.3,146,317,430,0.51
SVID,Herb,2022,9040,2,424,0.06,915,732,430,0.41
SVID,Oilseed,2022,1,2.733,590,0.85,610,640.5,430,0.74
SVID,Orchard,2022,7017,2,1697,15.27,2074,3904,430,0.13
SVID,Vegetable,2022,871,2,900,15.44,6466,4636,430,0.3
SVID,Vineyard,2022,8295,2,903,5.8,2684,3538,430,0.13
Terrace Heights,Hay/Silage,2022,15,2,320,5.3,146,317,430,0.51
Terrace Heights,Orchard,2022,31,2,1697,15.27,2074,3904,430,0.13
Terrace Heights,Vineyard,2022,10,2,903,5.8,2684,3538,430,0.13
Throp Mill,Hay/Silage,2022,67,2,320,5.3,146,317,430,0.51
Union Gap,Hay/Silage,2022,49,2,320,5.3,146,317,430,0.51
Union Gap,Orchard,2022,1686,2,1697,15.27,2074,3904,430,0.13
Union Gap,Vineyard,2022,55,2,903,5.8,2684,3538,430,0.13
Wenas,Hay/Silage,2022,874,2,320,5.3,146,317,430,0.51
Wenas,Herb,2022,92,2,424,0.06,915,732,430,0.41
West Side,Cereal Grain,2022,22,2,264,2.77,85,220,430,0.74
West Side,Hay/Silage,2022,3486,2,320,5.3,146,317,430,0.51
West Side,Vegetable,2022,3,2.192,900,15.44,6466,4636,430,0.3
Yakima-Tieton,Berry,2022,14,2,3100,3.2,6588,9272,430,0.25
Yakima-Tieton,Hay/Silage,2022,1606,2,320,5.3,146,317,430,0.51
Yakima-Tieton,Herb,2022,1,2,424,0.06,915,732,430,0.41
Yakima-Tieton,Orchard,2022,14546,2,1697,15.27,2074,3904,430,0.13
Yakima-Tieton,Vegetable,2022,9,2,900,15.44,6466,4636,430,0.3
Yakima-Tieton,Vineyard,2022,81,2,903,5.8,2684,3538,430,0.13
Yakima-Wapato,Berry,2022,27,2,3100,3.2,6588,9272,430,0.25
Yakima-Wapato,Cereal Grain,2022,31136,2,264,2.77,85,220,430,0.74
Yakima-Wapato,Hay/Silage,2022,17724,2,320,5.3,146,317,430,0.51
Yakima-Wapato,Herb,2022,24382,2,424,0.06,915,732,430,0.41
Yakima-Wapato,Oilseed,2022,953,2,590,0.85,610,640.5,430,0.74
Yakima-Wapato,Orchard,2022,10064,2,1697,15.27,2074,3904,430,0.13
Yakima-Wapato,Seed,2022,167,2,9510,0.37,305,549,430,0.74
Yakima-Wapato,Vegetable,2022,3233,2,900,15.44,6466,4636,430,0.3
Yakima-Wapato,Vineyard,2022,2125,2,903,5.8,2684,3538,430,0.13
Ahtanum,Berry,2021,3,2,3600,2.8,6102,8588,395,0.25
Ahtanum,Cereal Grain,2021,14,2,275,1.86,79,203,395,0.74
Ahtanum,Hay/Silage,2021,1532,2,232,4.68,136,294,395,0.51
Ahtanum,Herb,2021,35,2,386,0.06,848,678,395,0.41
Ahtanum,Orchard,2021,142,2,1381,17.05,1921,3616,395,0.13
Buena,Cereal Grain,2021,109,2,275,1.86,79,203,395,0.74
Buena,Hay/Silage,2021,62,2,232,4.68,136,294,395,0.51
Buena,Herb,2021,72,2,386,0.06,848,678,395,0.41
Buena,Orchard,2021,39,2,1381,17.05,1921,3616,395,0.13
Buena,Vegetable,2021,4,2,856,15.25,5989,4294,395,0.3
Bull Ditch,Hay/Silage,2021,860,2,232,4.68,136,294,395,0.51
Bull Ditch,Oilseed,2021,5,2.79,640,0.55,565.5,593.5,395,0.74
Cascade,Cereal Grain,2021,190,2,275,1.86,79,203,395,0.74
Cascade,Hay/Silage,2021,6268,2,232,4.68,136,294,395,0.51
Cascade,Herb,2021,3,2,386,0.06,848,678,395,0.41
Cascade,Orchard,2021,76,2,1381,17.05,1921,3616,395,0.13
Cascade,Seed,2021,113,2,9270,0.35,283,509,395,0.74
Cascade,Vegetable,2021,220,2,856,15.25,5989,4294,395,0.3
Ellensburg Wat,Cereal Grain,2021,277,2,275,1.86,79,203,395,0.74
Ellensburg Wat,Hay/Silage,2021,6884,2,232,4.68,136,294,395,0.51
Ellensburg Wat,Oilseed,2021,172,2.5,640,0.55,565.5,593.5,395,0.74
Ellensburg Wat,Seed,2021,91,2,9270,0.35,283,509,395,0.74
Ellensburg Wat,Vegetable,2021,607,2,856,15.25,5989,4294,395,0.3
Ellensburg Wat,Vineyard,2021,8,2,937,3.97,2486,3277,395,0.13
FGP,Hay/Silage,2021,156,2,232,4.68,136,294,395,0.51
Fowler Ditch,Hay/Silage,2021,11,2,232,4.68,136,294,395,0.51
Fowler Ditch,Herb,2021,665,2,386,0.06,848,678,395,0.41
Fowler Ditch,Vineyard,2021,18,2,937,3.97,2486,3277,395,0.13
Irrigated area outside irrigation districts,Berry,2021,174,2,3600,2.8,6102,8588,395,0.25
Irrigated area outside irrigation districts,Cereal Grain,2021,8796,2,275,1.86,79,203,395,0.74
Irrigated area outside irrigation districts,Hay/Silage,2021,9425,2,232,4.68,136,294,395,0.51
Irrigated area outside irrigation districts,Herb,2021,3933,2,386,0.06,848,678,395,0.41
Irrigated area outside irrigation districts,Orchard,2021,9038,2,1381,17.05,1921,3616,395,0.13
Irrigated area outside irrigation districts,Vegetable,2021,5447,2,856,15.25,5989,4294,395,0.3
Irrigated area outside irrigation districts,Vineyard,2021,5013,2,937,3.97,2486,3277,395,0.13
KID,Berry,2021,4,2,3600,2.8,6102,8588,395,0.25
KID,Cereal Grain,2021,1257,2,275,1.86,79,203,395,0.74
KID,Hay/Silage,2021,1196,2,232,4.68,136,294,395,0.51
KID,Herb,2021,207,2,386,0.06,848,678,395,0.41
KID,Orchard,2021,2003,2,1381,17.05,1921,3616,395,0.13
KID,Vegetable,2021,1656,2,856,15.25,5989,4294,395,0.3
KID,Vineyard,2021,4844,2,937,3.97,2486,3277,395,0.13
KRD,Berry,2021,33,2,3600,2.8,6102,8588,395,0.25
KRD,Cereal Grain,2021,879,2,275,1.86,79,203,395,0.74
KRD,Hay/Silage,2021,25065,2,232,4.68,136,294,395,0.51
KRD,Herb,2021,13,2,386,0.06,848,678,395,0.41
KRD,Oilseed,2021,107,2.5,640,0.55,565.5,593.5,395,0.74
KRD,Orchard,2021,1699,2,1381,17.05,1921,3616,395,0.13
KRD,Seed,2021,325,2,9270,0.35,283,509,395,0.74
KRD,Vegetable,2021,543,2,856,15.25,5989,4294,395,0.3
KRD,Vineyard,2021,13,2,937,3.97,2486,3277,395,0.13
Moxee-Selah,Hay/Silage,2021,188,2,232,4.68,136,294,395,0.51
Moxee-Selah,Herb,2021,3403,2,386,0.06,848,678,395,0.41
Moxee-Selah,Orchard,2021,103,2,1381,17.05,1921,3616,395,0.13
Moxee-Selah,Vegetable,2021,6,2,856,15.25,5989,4294,395,0.3
Moxee-Selah,Vineyard,2021,5,1.617,937,3.97,2486,3277,395,0.13
Naches-Selah,Berry,2021,24,2,3600,2.8,6102,8588,395,0.25
Naches-Selah,Hay/Silage,2021,569,2,232,4.68,136,294,395,0.51
Naches-Selah,Orchard,2021,4286,2,1381,17.05,1921,3616,395,0.13
Naches-Selah,Vineyard,2021,11,2,937,3.97,2486,3277,395,0.13
Not In I.D.,Berry,2021,1,2.444,3600,2.8,6102,8588,395,0.25
Not In I.D.,Cereal Grain,2021,58,2,275,1.86,79,203,395,0.74
Not In I.D.,Hay/Silage,2021,1090,2,232,4.68,136,294,395,0.51
Not In I.D.,Herb,2021,384,2,386,0.06,848,678,395,0.41
Not In I.D.,Orchard,2021,2490,2,1381,17.05,1921,3616,395,0.13
Not In I.D.,Vegetable,2021,13,2,856,15.25,5989,4294,395,0.3
Not In I.D.,Vineyard,2021,1,2.572,937,3.97,2486,3277,395,0.13
Olsen,Hay/Silage,2021,363,2,232,4.68,136,294,395,0.51
Olsen,Vineyard,2021,29,2.589,937,3.97,2486,3277,395,0.13
Packwood,Hay/Silage,2021,409,2,232,4.68,136,294,395,0.51
Roza,Berry,2021,1429,2,3600,2.8,6102,8588,395,0.25
Roza,Cereal Grain,2021,6522,2,275,1.86,79,203,395,0.74
Roza,Hay/Silage,2021,3887,2,232,4.68,136,294,395,0.51
Roza,Herb,2021,8779,2,386,0.06,848,678,395,0.41
Roza,Orchard,2021,27726,2,1381,17.05,1921,3616,395,0.13
Roza,Seed,2021,37,2,9270,0.35,283,509,395,0.74
Roza,Vegetable,2021,118,2,856,15.25,5989,4294,395,0.3
Roza,Vineyard,2021,14926,2,937,3.97,2486,3277,395,0.13
SVID,Berry,2021,8,2,3600,2.8,6102,8588,395,0.25
SVID,Cereal Grain,2021,13784,2,275,1.86,79,203,395,0.74
SVID,Hay/Silage,2021,11053,2,232,4.68,136,294,395,0.51
SVID,Herb,2021,8978,2,386,0.06,848,678,395,0.41
SVID,Oilseed,2021,1,3.061,640,0.55,565.5,593.5,395,0.74
SVID,Orchard,2021,7008,2,1381,17.05,1921,3616,395,0.13
SVID,Seed,2021,37,2,9270,0.35,283,509,395,0.74
SVID,Vegetable,2021,871,2,856,15.25,5989,4294,395,0.3
SVID,Vineyard,2021,8362,2,937,3.97,2486,3277,395,0.13
Terrace Heights,Hay/Silage,2021,15,2,232,4.68,136,294,395,0.51
Terrace Heights,Orchard,2021,31,2,1381,17.05,1921,3616,395,0.13
Terrace Heights,Vineyard,2021,10,2,937,3.97,2486,3277,395,0.13
Throp Mill,Hay/Silage,2021,67,2,232,4.68,136,294,395,0.51
Union Gap,Hay/Silage,2021,49,2,232,4.68,136,294,395,0.51
Union Gap,Orchard,2021,1685,2,1381,17.05,1921,3616,395,0.13
Union Gap,Vineyard,2021,55,2,937,3.97,2486,3277,395,0.13
Wenas,Hay/Silage,2021,853,2,232,4.68,136,294,395,0.51
Wenas,Herb,2021,91,2,386,0.06,848,678,395,0.41
Wenas,Seed,2021,1,1.854,9270,0.35,283,509,395,0.74
West Side,Cereal Grain,2021,22,2,275,1.86,79,203,395,0.74
West Side,Hay/Silage,2021,3486,2,232,4.68,136,294,395,0.51
West Side,Vegetable,2021,3,2.096,856,15.25,5989,4294,395,0.3
Yakima-Tieton,Berry,2021,14,2,3600,2.8,6102,8588,395,0.25
Yakima-Tieton,Hay/Silage,2021,1605,2,232,4.68,136,294,395,0.51
Yakima-Tieton,Herb,2021,1,2,386,0.06,848,678,395,0.41
Yakima-Tieton,Orchard,2021,14526,2,1381,17.05,1921,3616,395,0.13
Yakima-Tieton,Vegetable,2021,9,2,856,15.25,5989,4294,395,0.3
Yakima-Tieton,Vineyard,2021,81,2,937,3.97,2486,3277,395,0.13
Yakima-Wapato,Berry,2021,27,2,3600,2.8,6102,8588,395,0.25
Yakima-Wapato,Cereal Grain,2021,31173,2,275,1.86,79,203,395,0.74
Yakima-Wapato,Hay/Silage,2021,17724,2,232,4.68,136,294,395,0.51
Yakima-Wapato,Herb,2021,24346,2,386,0.06,848,678,395,0.41
Yakima-Wapato,Oilseed,2021,953,2.5,640,0.55,565.5,593.5,395,0.74
Yakima-Wapato,Orchard,2021,10061,2,1381,17.05,1921,3616,395,0.13
Yakima-Wapato,Seed,2021,167,2,9270,0.35,283,509,395,0.74
Yakima-Wapato,Vegetable,2021,3233,2,856,15.25,5989,4294,395,0.3
Yakima-Wapato,Vineyard,2021,2125,2,937,3.97,2486,3277,395,0.13
Ahtanum,Berry,2020,3,1,2200,3.88,5832,8208,390,0.25
Ahtanum,Cereal Grain,2020,3,2,194,3.13,76,194,390,0.74
Ahtanum,Hay/Silage,2020,1421,2,191,4.81,130,281,390,0.51
Ahtanum,Herb,2020,36,2,386,0.06,810,648,390,0.41
Ahtanum,Orchard,2020,167,2,1676,16.88,1836,3456,390,0.13
Buena,Cereal Grain,2020,109,2,194,3.13,76,194,390,0.74
Buena,Hay/Silage,2020,33,2,191,4.81,130,281,390,0.51
Buena,Herb,2020,61,2,386,0.06,810,648,390,0.41
Buena,Orchard,2020,40,2,1676,16.88,1836,3456,390,0.13
Buena,Vegetable,2020,4,2,780,16.52,5724,4104,390,0.3
Bull Ditch,Cereal Grain,2020,26,2.321,194,3.13,76,194,390,0.74
Bull Ditch,Hay/Silage,2020,818,2,191,4.81,130,281,390,0.51
Cascade,Berry,2020,1,1.581,2200,3.88,5832,8208,390,0.25
Cascade,Cereal Grain,2020,382,2,194,3.13,76,194,390,0.74
Cascade,Hay/Silage,2020,6109,2,191,4.81,130,281,390,0.51
Cascade,Herb,2020,3,2,386,0.06,810,648,390,0.41
Cascade,Orchard,2020,81,2,1676,16.88,1836,3456,390,0.13
Cascade,Seed,2020,348,2,9030,0.36,270,486,390,0.74
Cascade,Vegetable,2020,81,2,780,16.52,5724,4104,390,0.3
Ellensburg Wat,Cereal Grain,2020,360,2,194,3.13,76,194,390,0.74
Ellensburg Wat,Hay/Silage,2020,7097,2,191,4.81,130,281,390,0.51
Ellensburg Wat,Seed,2020,184,2,9030,0.36,270,486,390,0.74
Ellensburg Wat,Vegetable,2020,394,2,780,16.52,5724,4104,390,0.3
Ellensburg Wat,Vineyard,2020,2,2,889,4.38,2376,3132,390,0.13
FGP,Cereal Grain,2020,155,2,194,3.13,76,194,390,0.74
Fowler Ditch,Hay/Silage,2020,27,2,191,4.81,130,281,390,0.51
Fowler Ditch,Herb,2020,712,2,386,0.06,810,648,390,0.41
Fowler Ditch,Vineyard,2020,16,2.305,889,4.38,2376,3132,390,0.13
Irrigated area outside irrigation districts,Berry,2020,193,1,2200,3.88,5832,8208,390,0.25
Irrigated area outside irrigation districts,Cereal Grain,2020,7677,2,194,3.13,76,194,390,0.74
Irrigated area outside irrigation districts,Hay/Silage,2020,10553,2,191,4.81,130,281,390,0.51
Irrigated area outside irrigation districts,Herb,2020,3805,2,386,0.06,810,648,390,0.41
Irrigated area outside irrigation districts,Orchard,2020,10009,2,1676,16.88,1836,3456,390,0.13
Irrigated area outside irrigation districts,Seed,2020,19,2,9030,0.36,270,486,390,0.74
Irrigated area outside irrigation districts,Vegetable,2020,4629,2,780,16.52,5724,4104,390,0.3
Irrigated area outside irrigation districts,Vineyard,2020,5235,2,889,4.38,2376,3132,390,0.13
KID,Berry,2020,4,1,2200,3.88,5832,8208,390,0.25
KID,Cereal Grain,2020,893,2,194,3.13,76,194,390,0.74
KID,Hay/Silage,2020,1210,2,191,4.81,130,281,390,0.51
KID,Herb,2020,207,2,386,0.06,810,648,390,0.41
KID,Orchard,2020,2003,2,1676,16.88,1836,3456,390,0.13
KID,Vegetable,2020,1656,2,780,16.52,5724,4104,390,0.3
KID,Vineyard,2020,4821,2,889,4.38,2376,3132,390,0.13
KRD,Berry,2020,1,1,2200,3.88,5832,8208,390,0.25
KRD,Cereal Grain,2020,788,2,194,3.13,76,194,390,0.74
KRD,Hay/Silage,2020,26157,2,191,4.81,130,281,390,0.51
KRD,Herb,2020,6,2,386,0.06,810,648,390,0.41
KRD,Oilseed,2020,150,2.812,400,1.12,540,567,390,0.74
KRD,Orchard,2020,1646,2,1676,16.88,1836,3456,390,0.13
KRD,Seed,2020,422,2,9030,0.36,270,486,390,0.74
KRD,Vegetable,2020,176,2,780,16.52,5724,4104,390,0.3
KRD,Vineyard,2020,14,2,889,4.38,2376,3132,390,0.13
Moxee-Selah,Hay/Silage,2020,197,2,191,4.81,130,281,390,0.51
Moxee-Selah,Herb,2020,3319,2,386,0.06,810,648,390,0.41
Moxee-Selah,Orchard,2020,154,2,1676,16.88,1836,3456,390,0.13
Moxee-Selah,Vegetable,2020,6,2,780,16.52,5724,4104,390,0.3
Moxee-Selah,Vineyard,2020,5,1.529,889,4.38,2376,3132,390,0.13
Naches-Selah,Berry,2020,26,1,2200,3.88,5832,8208,390,0.25
Naches-Selah,Hay/Silage,2020,605,2,191,4.81,130,281,390,0.51
Naches-Selah,Orchard,2020,4491,2,1676,16.88,1836,3456,390,0.13
Naches-Selah,Vineyard,2020,13,2,889,4.38,2376,3132,390,0.13
Not In I.D.,Berry,2020,1,2.251,2200,3.88,5832,8208,390,0.25
Not In I.D.,Cereal Grain,2020,71,2,194,3.13,76,194,390,0.74
Not In I.D.,Hay/Silage,2020,1197,2,191,4.81,130,281,390,0.51
Not In I.D.,Herb,2020,410,2,386,0.06,810,648,390,0.41
Not In I.D.,Orchard,2020,2687,2,1676,16.88,1836,3456,390,0.13
Not In I.D.,Vegetable,2020,14,2,780,16.52,5724,4104,390,0.3
Not In I.D.,Vineyard,2020,3,2,889,4.38,2376,3132,390,0.13
Olsen,Hay/Silage,2020,410,2,191,4.81,130,281,390,0.51
Packwood,Hay/Silage,2020,399,2,191,4.81,130,281,390,0.51
Roza,Berry,2020,1257,1,2200,3.88,5832,8208,390,0.25
Roza,Cereal Grain,2020,5662,2,194,3.13,76,194,390,0.74
Roza,Hay/Silage,2020,4102,2,191,4.81,130,281,390,0.51
Roza,Herb,2020,8090,2,386,0.06,810,648,390,0.41
Roza,Orchard,2020,28283,2,1676,16.88,1836,3456,390,0.13
Roza,Seed,2020,25,2,9030,0.36,270,486,390,0.74
Roza,Vegetable,2020,391,2,780,16.52,5724,4104,390,0.3
Roza,Vineyard,2020,16643,2,889,4.38,2376,3132,390,0.13
SVID,Berry,2020,8,1,2200,3.88,5832,8208,390,0.25
SVID,Cereal Grain,2020,14173,2,194,3.13,76,194,390,0.74
SVID,Hay/Silage,2020,10157,2,191,4.81,130,281,390,0.51
SVID,Herb,2020,8652,2,386,0.06,810,648,390,0.41
SVID,Oilseed,2020,3,2.5,400,1.12,540,567,390,0.74
SVID,Orchard,2020,7323,2,1676,16.88,1836,3456,390,0.13
SVID,Seed,2020,43,2,9030,0.36,270,486,390,0.74
SVID,Vegetable,2020,1137,2,780,16.52,5724,4104,390,0.3
SVID,Vineyard,2020,9107,2,889,4.38,2376,3132,390,0.13
Terrace Heights,Hay/Silage,2020,20,2,191,4.81,130,281,390,0.51
Terrace Heights,Orchard,2020,32,2,1676,16.88,1836,3456,390,0.13
Terrace Heights,Vineyard,2020,11,2,889,4.38,2376,3132,390,0.13
Throp Mill,Hay/Silage,2020,66,2,191,4.81,130,281,390,0.51
Union Gap,Hay/Silage,2020,47,2,191,4.81,130,281,390,0.51
Union Gap,Orchard,2020,1743,2,1676,16.88,1836,3456,390,0.13
Union Gap,Vineyard,2020,56,2,889,4.38,2376,3132,390,0.13
Wenas,Hay/Silage,2020,857,2,191,4.81,130,281,390,0.51
Wenas,Herb,2020,91,2,386,0.06,810,648,390,0.41
Wenas,Seed,2020,1,1.598,9030,0.36,270,486,390,0.74
West Side,Cereal Grain,2020,183,2,194,3.13,76,194,390,0.74
West Side,Hay/Silage,2020,3357,2,191,4.81,130,281,390,0.51
Yakima-Tieton,Berry,2020,18,1,2200,3.88,5832,8208,390,0.25
Yakima-Tieton,Hay/Silage,2020,1661,2,191,4.81,130,281,390,0.51
Yakima-Tieton,Herb,2020,1,2,386,0.06,810,648,390,0.41
Yakima-Tieton,Orchard,2020,15362,2,1676,16.88,1836,3456,390,0.13
Yakima-Tieton,Seed,2020,8,2,9030,0.36,270,486,390,0.74
Yakima-Tieton,Vegetable,2020,14,2,780,16.52,5724,4104,390,0.3
Yakima-Tieton,Vineyard,2020,70,2,889,4.38,2376,3132,390,0.13
Yakima-Wapato,Berry,2020,26,1,2200,3.88,5832,8208,390,0.25
Yakima-Wapato,Cereal Grain,2020,30580,2,194,3.13,76,194,390,0.74
Yakima-Wapato,Hay/Silage,2020,17430,2,191,4.81,130,281,390,0.51
Yakima-Wapato,Herb,2020,24799,2,386,0.06,810,648,390,0.41
Yakima-Wapato,Oilseed,2020,1082,2.5,400,1.12,540,567,390,0.74
Yakima-Wapato,Orchard,2020,11144,2,1676,16.88,1836,3456,390,0.13
Yakima-Wapato,Seed,2020,675,2,9030,0.36,270,486,390,0.74
Yakima-Wapato,Vegetable,2020,3496,2,780,16.52,5724,4104,390,0.3
Yakima-Wapato,Vineyard,2020,2369,2,889,4.38,2376,3132,390,0.13
Ahtanum,Berry,2019,3,2,1600,3.86,5778,8132,360,0.25
Ahtanum,Cereal Grain,2019,3,2,180,2.84,75,193,360,0.74
Ahtanum,Hay/Silage,2019,1421,2,193,4.65,128,278,360,0.51
Ahtanum,Herb,2019,36,2,386,0.07,803,642,360,0.41
Ahtanum,Orchard,2019,167,2,1234,18.86,1819,3424,360,0.13
Buena,Cereal Grain,2019,109,2,180,2.84,75,193,360,0.74
Buena,Hay/Silage,2019,62,2,193,4.65,128,278,360,0.51
Buena,Herb,2019,61,2,386,0.07,803,642,360,0.41
Buena,Orchard,2019,40,2,1234,18.86,1819,3424,360,0.13
Buena,Vegetable,2019,2,1.722,780,16.6,5671,4066,360,0.3
Bull Ditch,Cereal Grain,2019,26,2.2,180,2.84,75,193,360,0.74
Bull Ditch,Hay/Silage,2019,818,2,193,4.65,128,278,360,0.51
Cascade,Berry,2019,1,1.631,1600,3.86,5778,8132,360,0.25
Cascade,Cereal Grain,2019,328,2,180,2.84,75,193,360,0.74
Cascade,Hay/Silage,2019,6109,2,193,4.65,128,278,360,0.51
Cascade,Herb,2019,3,2,386,0.07,803,642,360,0.41
Cascade,Orchard,2019,81,2,1234,18.86,1819,3424,360,0.13
Cascade,Seed,2019,348,2,8800,0.38,268,482,360,0.74
Cascade,Vegetable,2019,81,2,780,16.6,5671,4066,360,0.3
Ellensburg Wat,Cereal Grain,2019,360,2,180,2.84,75,193,360,0.74
Ellensburg Wat,Hay/Silage,2019,7097,2,193,4.65,128,278,360,0.51
Ellensburg Wat,Seed,2019,184,2,8800,0.38,268,482,360,0.74
Ellensburg Wat,Vegetable,2019,394,2,780,16.6,5671,4066,360,0.3
Ellensburg Wat,Vineyard,2019,2,1,777,5.31,2354,3103,360,0.13
FGP,Cereal Grain,2019,155,2,180,2.84,75,193,360,0.74
Fowler Ditch,Hay/Silage,2019,27,2,193,4.65,128,278,360,0.51
Fowler Ditch,Herb,2019,712,2,386,0.07,803,642,360,0.41
Fowler Ditch,Vineyard,2019,16,2.105,777,5.31,2354,3103,360,0.13
Irrigated area outside irrigation districts,Berry,2019,193,2,1600,3.86,5778,8132,360,0.25
Irrigated area outside irrigation districts,Cereal Grain,2019,7671,2,180,2.84,75,193,360,0.74
Irrigated area outside irrigation districts,Hay/Silage,2019,10353,2,193,4.65,128,278,360,0.51
Irrigated area outside irrigation districts,Herb,2019,3833,2,386,0.07,803,642,360,0.41
Irrigated area outside irrigation districts,Orchard,2019,10225,2,1234,18.86,1819,3424,360,0.13
Irrigated area outside irrigation districts,Seed,2019,19,2,8800,0.38,268,482,360,0.74
Irrigated area outside irrigation districts,Vegetable,2019,4807,2,780,16.6,5671,4066,360,0.3
Irrigated area outside irrigation districts,Vineyard,2019,5237,1,777,5.31,2354,3103,360,0.13
KID,Berry,2019,2,1.604,1600,3.86,5778,8132,360,0.25
KID,Cereal Grain,2019,384,2,180,2.84,75,193,360,0.74
KID,Hay/Silage,2019,1233,2,193,4.65,128,278,360,0.51
KID,Herb,2019,255,2,386,0.07,803,642,360,0.41
KID,Orchard,2019,2073,2,1234,18.86,1819,3424,360,0.13
KID,Vegetable,2019,1895,2,780,16.6,5671,4066,360,0.3
KID,Vineyard,2019,4881,1,777,5.31,2354,3103,360,0.13
KRD,Berry,2019,1,2,1600,3.86,5778,8132,360,0.25
KRD,Cereal Grain,2019,788,2,180,2.84,75,193,360,0.74
KRD,Hay/Silage,2019,26160,2,193,4.65,128,278,360,0.51
KRD,Herb,2019,6,2,386,0.07,803,642,360,0.41
KRD,Oilseed,2019,150,2.726,320,0.98,535.5,562,360,0.74
KRD,Orchard,2019,1646,2,1234,18.86,1819,3424,360,0.13
KRD,Seed,2019,422,2,8800,0.38,268,482,360,0.74
KRD,Vegetable,2019,176,2,780,16.6,5671,4066,360,0.3
KRD,Vineyard,2019,14,1,777,5.31,2354,3103,360,0.13
Moxee-Selah,Hay/Silage,2019,195,2,193,4.65,128,278,360,0.51
Moxee-Selah,Herb,2019,3319,2,386,0.07,803,642,360,0.41
Moxee-Selah,Orchard,2019,154,2,1234,18.86,1819,3424,360,0.13
Moxee-Selah,Vegetable,2019,6,2,780,16.6,5671,4066,360,0.3
Moxee-Selah,Vineyard,2019,5,1.417,777,5.31,2354,3103,360,0.13
Naches-Selah,Berry,2019,26,2,1600,3.86,5778,8132,360,0.25
Naches-Selah,Hay/Silage,2019,605,2,193,4.65,128,278,360,0.51
Naches-Selah,Orchard,2019,4491,2,1234,18.86,1819,3424,360,0.13
Naches-Selah,Vineyard,2019,13,1,777,5.31,2354,3103,360,0.13
Not In I.D.,Berry,2019,1,2.677,1600,3.86,5778,8132,360,0.25
Not In I.D.,Cereal Grain,2019,71,2,180,2.84,75,193,360,0.74
Not In I.D.,Hay/Silage,2019,1197,2,193,4.65,128,278,360,0.51
Not In I.D.,Herb,2019,410,2,386,0.07,803,642,360,0.41
Not In I.D.,Orchard,2019,2697,2,1234,18.86,1819,3424,360,0.13
Not In I.D.,Vegetable,2019,14,2,780,16.6,5671,4066,360,0.3
Not In I.D.,Vineyard,2019,3,1,777,5.31,2354,3103,360,0.13
Olsen,Hay/Silage,2019,410,2,193,4.65,128,278,360,0.51
Packwood,Hay/Silage,2019,399,2,193,4.65,128,278,360,0.51
Roza,Berry,2019,1257,2,1600,3.86,5778,8132,360,0.25
Roza,Cereal Grain,2019,5667,2,180,2.84,75,193,360,0.74
Roza,Hay/Silage,2019,4068,2,193,4.65,128,278,360,0.51
Roza,Herb,2019,8090,2,386,0.07,803,642,360,0.41
Roza,Orchard,2019,28428,2,1234,18.86,1819,3424,360,0.13
Roza,Seed,2019,25,2,8800,0.38,268,482,360,0.74
Roza,Vegetable,2019,391,2,780,16.6,5671,4066,360,0.3
Roza,Vineyard,2019,16762,1,777,5.31,2354,3103,360,0.13
SVID,Berry,2019,10,2,1600,3.86,5778,8132,360,0.25
SVID,Cereal Grain,2019,14214,2,180,2.84,75,193,360,0.74
SVID,Hay/Silage,2019,10187,2,193,4.65,128,278,360,0.51
SVID,Herb,2019,8689,2,386,0.07,803,642,360,0.41
SVID,Oilseed,2019,3,2.5,320,0.98,535.5,562,360,0.74
SVID,Orchard,2019,7386,2,1234,18.86,1819,3424,360,0.13
SVID,Seed,2019,43,2,8800,0.38,268,482,360,0.74
SVID,Vegetable,2019,1176,2,780,16.6,5671,4066,360,0.3
SVID,Vineyard,2019,9116,1,777,5.31,2354,3103,360,0.13
Terrace Heights,Hay/Silage,2019,20,2,193,4.65,128,278,360,0.51
Terrace Heights,Orchard,2019,32,2,1234,18.86,1819,3424,360,0.13
Terrace Heights,Vineyard,2019,11,1,777,5.31,2354,3103,360,0.13
Throp Mill,Hay/Silage,2019,66,2,193,4.65,128,278,360,0.51
Union Gap,Hay/Silage,2019,43,2,193,4.65,128,278,360,0.51
Union Gap,Orchard,2019,1762,2,1234,18.86,1819,3424,360,0.13
Union Gap,Vineyard,2019,60,1,777,5.31,2354,3103,360,0.13
Wenas,Hay/Silage,2019,857,2,193,4.65,128,278,360,0.51
Wenas,Herb,2019,91,2,386,0.07,803,642,360,0.41
Wenas,Seed,2019,1,1.965,8800,0.38,268,482,360,0.74
West Side,Cereal Grain,2019,183,2,180,2.84,75,193,360,0.74
West Side,Hay/Silage,2019,3357,2,193,4.65,128,278,360,0.51
Yakima-Tieton,Berry,2019,13,2,1600,3.86,5778,8132,360,0.25
Yakima-Tieton,Hay/Silage,2019,1677,2,193,4.65,128,278,360,0.51
Yakima-Tieton,Herb,2019,1,2,386,0.07,803,642,360,0.41
Yakima-Tieton,Orchard,2019,15328,2,1234,18.86,1819,3424,360,0.13
Yakima-Tieton,Seed,2019,8,2,8800,0.38,268,482,360,0.74
Yakima-Tieton,Vegetable,2019,14,2,780,16.6,5671,4066,360,0.3
Yakima-Tieton,Vineyard,2019,70,1,777,5.31,2354,3103,360,0.13
Yakima-Wapato,Berry,2019,26,2,1600,3.86,5778,8132,360,0.25
Yakima-Wapato,Cereal Grain,2019,30573,2,180,2.84,75,193,360,0.74
Yakima-Wapato,Hay/Silage,2019,17426,2,193,4.65,128,278,360,0.51
Yakima-Wapato,Herb,2019,24865,2,386,0.07,803,642,360,0.41
Yakima-Wapato,Oilseed,2019,1082,2.5,320,0.98,535.5,562,360,0.74
Yakima-Wapato,Orchard,2019,11144,2,1234,18.86,1819,3424,360,0.13
Yakima-Wapato,Seed,2019,675,2,8800,0.38,268,482,360,0.74
Yakima-Wapato,Vegetable,2019,3496,2,780,16.6,5671,4066,360,0.3
Yakima-Wapato,Vineyard,2019,2369,1,777,5.31,2354,3103,360,0.13
Ahtanum,Berry,2018,3,2,1467,3.99,5670,7980,358,0.25
Ahtanum,Cereal Grain,2018,3,2,173,3.05,74,189,358,0.74
Ahtanum,Hay/Silage,2018,1421,2,186,4.76,126,273,358,0.51
Ahtanum,Herb,2018,36,2,340,0.07,788,630,358,0.41
Ahtanum,Orchard,2018,167,3,1194,17.27,1785,3360,358,0.13
Buena,Cereal Grain,2018,109,2,173,3.05,74,189,358,0.74
Buena,Hay/Silage,2018,62,2,186,4.76,126,273,358,0.51
Buena,Herb,2018,61,2,340,0.07,788,630,358,0.41
Buena,Orchard,2018,40,3,1194,17.27,1785,3360,358,0.13
Buena,Vegetable,2018,2,1.713,760,16.31,5565,3990,358,0.3
Bull Ditch,Cereal Grain,2018,26,2.474,173,3.05,74,189,358,0.74
Bull Ditch,Hay/Silage,2018,818,2,186,4.76,126,273,358,0.51
Cascade,Berry,2018,1,1.699,1467,3.99,5670,7980,358,0.25
Cascade,Cereal Grain,2018,328,2,173,3.05,74,189,358,0.74
Cascade,Hay/Silage,2018,6109,2,186,4.76,126,273,358,0.51
Cascade,Herb,2018,3,2,340,0.07,788,630,358,0.41
Cascade,Orchard,2018,81,3,1194,17.27,1785,3360,358,0.13
Cascade,Seed,2018,348,2.5,8600,0.4,263,473,358,0.74
Cascade,Vegetable,2018,81,2,760,16.31,5565,3990,358,0.3
Ellensburg Wat,Cereal Grain,2018,398,2,173,3.05,74,189,358,0.74
Ellensburg Wat,Hay/Silage,2018,7097,2,186,4.76,126,273,358,0.51
Ellensburg Wat,Seed,2018,184,2.5,8600,0.4,263,473,358,0.74
Ellensburg Wat,Vegetable,2018,355,2,760,16.31,5565,3990,358,0.3
Ellensburg Wat,Vineyard,2018,2,2,734,6.32,2310,3045,358,0.13
FGP,Cereal Grain,2018,155,2,173,3.05,74,189,358,0.74
Fowler Ditch,Hay/Silage,2018,27,2,186,4.76,126,273,358,0.51
Fowler Ditch,Herb,2018,712,2,340,0.07,788,630,358,0.41
Fowler Ditch,Vineyard,2018,16,2.215,734,6.32,2310,3045,358,0.13
Irrigated area outside irrigation districts,Berry,2018,193,2,1467,3.99,5670,7980,358,0.25
Irrigated area outside irrigation districts,Cereal Grain,2018,7243,2,173,3.05,74,189,358,0.74
Irrigated area outside irrigation districts,Hay/Silage,2018,10264,2,186,4.76,126,273,358,0.51
Irrigated area outside irrigation districts,Herb,2018,4340,2,340,0.07,788,630,358,0.41
Irrigated area outside irrigation districts,Oilseed,2018,13,2.459,340,0.9,525.5,551.5,358,0.74
Irrigated area outside irrigation districts,Orchard,2018,10257,3,1194,17.27,1785,3360,358,0.13
Irrigated area outside irrigation districts,Seed,2018,60,2.5,8600,0.4,263,473,358,0.74
Irrigated area outside irrigation districts,Vegetable,2018,4807,2,760,16.31,5565,3990,358,0.3
Irrigated area outside irrigation districts,Vineyard,2018,5213,2,734,6.32,2310,3045,358,0.13
KID,Berry,2018,2,2.037,1467,3.99,5670,7980,358,0.25
KID,Cereal Grain,2018,384,2,173,3.05,74,189,358,0.74
KID,Hay/Silage,2018,1234,2,186,4.76,126,273,358,0.51
KID,Herb,2018,255,2,340,0.07,788,630,358,0.41
KID,Orchard,2018,2686,3,1194,17.27,1785,3360,358,0.13
KID,Vegetable,2018,2048,2,760,16.31,5565,3990,358,0.3
KID,Vineyard,2018,4872,2,734,6.32,2310,3045,358,0.13
KRD,Berry,2018,1,2,1467,3.99,5670,7980,358,0.25
KRD,Cereal Grain,2018,788,2,173,3.05,74,189,358,0.74
KRD,Hay/Silage,2018,26265,2,186,4.76,126,273,358,0.51
KRD,Herb,2018,6,2,340,0.07,788,630,358,0.41
KRD,Oilseed,2018,150,2.572,340,0.9,525.5,551.5,358,0.74
KRD,Orchard,2018,1548,3,1194,17.27,1785,3360,358,0.13
KRD,Seed,2018,422,2.5,8600,0.4,263,473,358,0.74
KRD,Vegetable,2018,176,2,760,16.31,5565,3990,358,0.3
KRD,Vineyard,2018,14,2,734,6.32,2310,3045,358,0.13
Moxee-Selah,Hay/Silage,2018,195,2,186,4.76,126,273,358,0.51
Moxee-Selah,Herb,2018,3319,2,340,0.07,788,630,358,0.41
Moxee-Selah,Orchard,2018,154,3,1194,17.27,1785,3360,358,0.13
Moxee-Selah,Vegetable,2018,6,2,760,16.31,5565,3990,358,0.3
Moxee-Selah,Vineyard,2018,5,1.322,734,6.32,2310,3045,358,0.13
Naches-Selah,Berry,2018,5,2,1467,3.99,5670,7980,358,0.25
Naches-Selah,Hay/Silage,2018,617,2,186,4.76,126,273,358,0.51
Naches-Selah,Orchard,2018,4334,3,1194,17.27,1785,3360,358,0.13
Naches-Selah,Vineyard,2018,19,2,734,6.32,2310,3045,358,0.13
Not In I.D.,Berry,2018,1,2.854,1467,3.99,5670,7980,358,0.25
Not In I.D.,Cereal Grain,2018,71,2,173,3.05,74,189,358,0.74
Not In I.D.,Hay/Silage,2018,1229,2,186,4.76,126,273,358,0.51
Not In I.D.,Herb,2018,430,2,340,0.07,788,630,358,0.41
Not In I.D.,Orchard,2018,2643,3,1194,17.27,1785,3360,358,0.13
Not In I.D.,Vegetable,2018,14,2,760,16.31,5565,3990,358,0.3
Not In I.D.,Vineyard,2018,2,2.684,734,6.32,2310,3045,358,0.13
Olsen,Hay/Silage,2018,410,2,186,4.76,126,273,358,0.51
Packwood,Hay/Silage,2018,399,2,186,4.76,126,273,358,0.51
Roza,Berry,2018,1133,2,1467,3.99,5670,7980,358,0.25
Roza,Cereal Grain,2018,5672,2,173,3.05,74,189,358,0.74
Roza,Hay/Silage,2018,4072,2,186,4.76,126,273,358,0.51
Roza,Herb,2018,7763,2,340,0.07,788,630,358,0.41
Roza,Orchard,2018,28446,3,1194,17.27,1785,3360,358,0.13
Roza,Seed,2018,4,2.29,8600,0.4,263,473,358,0.74
Roza,Vegetable,2018,367,2,760,16.31,5565,3990,358,0.3
Roza,Vineyard,2018,16865,2,734,6.32,2310,3045,358,0.13
SVID,Berry,2018,10,2,1467,3.99,5670,7980,358,0.25
SVID,Cereal Grain,2018,14251,2,173,3.05,74,189,358,0.74
SVID,Hay/Silage,2018,10215,2,186,4.76,126,273,358,0.51
SVID,Herb,2018,8635,2,340,0.07,788,630,358,0.41
SVID,Oilseed,2018,3,2.5,340,0.9,525.5,551.5,358,0.74
SVID,Orchard,2018,7409,3,1194,17.27,1785,3360,358,0.13
SVID,Seed,2018,34,2.5,8600,0.4,263,473,358,0.74
SVID,Vegetable,2018,1137,2,760,16.31,5565,3990,358,0.3
SVID,Vineyard,2018,9145,2,734,6.32,2310,3045,358,0.13
Terrace Heights,Hay/Silage,2018,20,2,186,4.76,126,273,358,0.51
Terrace Heights,Orchard,2018,32,3,1194,17.27,1785,3360,358,0.13
Terrace Heights,Vineyard,2018,11,2,734,6.32,2310,3045,358,0.13
Throp Mill,Hay/Silage,2018,66,2,186,4.76,126,273,358,0.51
Union Gap,Hay/Silage,2018,43,2,186,4.76,126,273,358,0.51
Union Gap,Orchard,2018,1763,3,1194,17.27,1785,3360,358,0.13
Union Gap,Vineyard,2018,60,2,734,6.32,2310,3045,358,0.13
Wenas,Hay/Silage,2018,817,2,186,4.76,126,273,358,0.51
Wenas,Herb,2018,91,2,340,0.07,788,630,358,0.41
West Side,Cereal Grain,2018,183,2,173,3.05,74,189,358,0.74
West Side,Hay/Silage,2018,3357,2,186,4.76,126,273,358,0.51
Yakima-Tieton,Berry,2018,13,2,1467,3.99,5670,7980,358,0.25
Yakima-Tieton,Hay/Silage,2018,1677,2,186,4.76,126,273,358,0.51
Yakima-Tieton,Herb,2018,1,2,340,0.07,788,630,358,0.41
Yakima-Tieton,Orchard,2018,15258,3,1194,17.27,1785,3360,358,0.13
Yakima-Tieton,Seed,2018,8,2.5,8600,0.4,263,473,358,0.74
Yakima-Tieton,Vegetable,2018,14,2,760,16.31,5565,3990,358,0.3
Yakima-Tieton,Vineyard,2018,70,2,734,6.32,2310,3045,358,0.13
Yakima-Wapato,Berry,2018,26,2,1467,3.99,5670,7980,358,0.25
Yakima-Wapato,Cereal Grain,2018,32499,2,173,3.05,74,189,358,0.74
Yakima-Wapato,Hay/Silage,2018,15217,2,186,4.76,126,273,358,0.51
Yakima-Wapato,Herb,2018,24458,2,340,0.07,788,630,358,0.41
Yakima-Wapato,Oilseed,2018,1109,2.5,340,0.9,525.5,551.5,358,0.74
Yakima-Wapato,Orchard,2018,10815,3,1194,17.27,1785,3360,358,0.13
Yakima-Wapato,Seed,2018,1378,2.5,8600,0.4,263,473,358,0.74
Yakima-Wapato,Vegetable,2018,4631,2,760,16.31,5565,3990,358,0.3
Yakima-Wapato,Vineyard,2018,2517,2,734,6.32,2310,3045,358,0.13
Ahtanum,Cereal Grain,2017,75,2,148,2.86,72,185,350,0.74
Ahtanum,Hay/Silage,2017,1267,2,172,5.69,124,268,350,0.51
Ahtanum,Orchard,2017,156,2,1205,19.01,1751,3296,350,0.13
Buena,Cereal Grain,2017,109,2,148,2.86,72,185,350,0.74
Buena,Hay/Silage,2017,124,2,172,5.69,124,268,350,0.51
Buena,Orchard,2017,40,2,1205,19.01,1751,3296,350,0.13
Buena,Vegetable,2017,2,2.31,240,15.47,5459,3914,350,0.3
Bull Ditch,Cereal Grain,2017,116,2,148,2.86,72,185,350,0.74
Bull Ditch,Hay/Silage,2017,773,2,172,5.69,124,268,350,0.51
Cascade,Berry,2017,1,1.66,1700,4.02,5562,7828,350,0.25
Cascade,Cereal Grain,2017,567,2,148,2.86,72,185,350,0.74
Cascade,Hay/Silage,2017,6248,2,172,5.69,124,268,350,0.51
Cascade,Herb,2017,1,2.635,320,0.07,773,618,350,0.41
Cascade,Orchard,2017,73,2,1205,19.01,1751,3296,350,0.13
Cascade,Vegetable,2017,89,2,240,15.47,5459,3914,350,0.3
Ellensburg Wat,Cereal Grain,2017,401,2,148,2.86,72,185,350,0.74
Ellensburg Wat,Hay/Silage,2017,7529,2,172,5.69,124,268,350,0.51
Ellensburg Wat,Seed,2017,2,2.651,8400,0.39,258,464,350,0.74
Ellensburg Wat,Vegetable,2017,307,2,240,15.47,5459,3914,350,0.3
Ellensburg Wat,Vineyard,2017,3,2,730,5.74,2266,2987,350,0.13
FGP,Cereal Grain,2017,153,2,148,2.86,72,185,350,0.74
FGP,Vegetable,2017,78,2,240,15.47,5459,3914,350,0.3
Fowler Ditch,Hay/Silage,2017,27,2,172,5.69,124,268,350,0.51
Fowler Ditch,Herb,2017,712,2,320,0.07,773,618,350,0.41
Fowler Ditch,Vineyard,2017,18,2,730,5.74,2266,2987,350,0.13
Irrigated area outside irrigation districts,Berry,2017,206,1,1700,4.02,5562,7828,350,0.25
Irrigated area outside irrigation districts,Cereal Grain,2017,7913,2,148,2.86,72,185,350,0.74
Irrigated area outside irrigation districts,Hay/Silage,2017,10856,2,172,5.69,124,268,350,0.51
Irrigated area outside irrigation districts,Herb,2017,4216,2,320,0.07,773,618,350,0.41
Irrigated area outside irrigation districts,Oilseed,2017,13,2.499,350,0.46,515.5,541,350,0.74
Irrigated area outside irrigation districts,Orchard,2017,10727,2,1205,19.01,1751,3296,350,0.13
Irrigated area outside irrigation districts,Seed,2017,60,2.274,8400,0.39,258,464,350,0.74
Irrigated area outside irrigation districts,Vegetable,2017,5100,2,240,15.47,5459,3914,350,0.3
Irrigated area outside irrigation districts,Vineyard,2017,5254,2,730,5.74,2266,2987,350,0.13
KID,Berry,2017,2,1.991,1700,4.02,5562,7828,350,0.25
KID,Cereal Grain,2017,1734,2,148,2.86,72,185,350,0.74
KID,Hay/Silage,2017,2019,2,172,5.69,124,268,350,0.51
KID,Herb,2017,12,2,320,0.07,773,618,350,0.41
KID,Orchard,2017,2810,2,1205,19.01,1751,3296,350,0.13
KID,Vegetable,2017,664,2,240,15.47,5459,3914,350,0.3
KID,Vineyard,2017,4637,2,730,5.74,2266,2987,350,0.13
KRD,Berry,2017,1,1,1700,4.02,5562,7828,350,0.25
KRD,Cereal Grain,2017,1457,2,148,2.86,72,185,350,0.74
KRD,Hay/Silage,2017,27413,2,172,5.69,124,268,350,0.51
KRD,Herb,2017,5,2,320,0.07,773,618,350,0.41
KRD,Orchard,2017,957,2,1205,19.01,1751,3296,350,0.13
KRD,Seed,2017,173,1.5,8400,0.39,258,464,350,0.74
KRD,Vegetable,2017,17,1.768,240,15.47,5459,3914,350,0.3
KRD,Vineyard,2017,14,2,730,5.74,2266,2987,350,0.13
Moxee-Selah,Hay/Silage,2017,192,2,172,5.69,124,268,350,0.51
Moxee-Selah,Herb,2017,3329,2,320,0.07,773,618,350,0.41
Moxee-Selah,Orchard,2017,160,2,1205,19.01,1751,3296,350,0.13
Moxee-Selah,Vegetable,2017,2,2,240,15.47,5459,3914,350,0.3
Moxee-Selah,Vineyard,2017,49,2,730,5.74,2266,2987,350,0.13
Naches-Selah,Berry,2017,5,1,1700,4.02,5562,7828,350,0.25
Naches-Selah,Hay/Silage,2017,626,2,172,5.69,124,268,350,0.51
Naches-Selah,Orchard,2017,4352,2,1205,19.01,1751,3296,350,0.13
Naches-Selah,Vineyard,2017,15,2,730,5.74,2266,2987,350,0.13
Not In I.D.,Berry,2017,1,3.202,1700,4.02,5562,7828,350,0.25
Not In I.D.,Cereal Grain,2017,59,2,148,2.86,72,185,350,0.74
Not In I.D.,Hay/Silage,2017,1388,2,172,5.69,124,268,350,0.51
Not In I.D.,Herb,2017,241,2,320,0.07,773,618,350,0.41
Not In I.D.,Orchard,2017,2694,2,1205,19.01,1751,3296,350,0.13
Not In I.D.,Vegetable,2017,9,2,240,15.47,5459,3914,350,0.3
Not In I.D.,Vineyard,2017,2,2.507,730,5.74,2266,2987,350,0.13
Olsen,Cereal Grain,2017,49,2,148,2.86,72,185,350,0.74
Olsen,Hay/Silage,2017,361,2,172,5.69,124,268,350,0.51
Packwood,Cereal Grain,2017,21,2.638,148,2.86,72,185,350,0.74
Packwood,Hay/Silage,2017,378,2,172,5.69,124,268,350,0.51
Roza,Berry,2017,1097,1,1700,4.02,5562,7828,350,0.25
Roza,Cereal Grain,2017,5053,2,148,2.86,72,185,350,0.74
Roza,Hay/Silage,2017,4343,2,172,5.69,124,268,350,0.51
Roza,Herb,2017,6967,2,320,0.07,773,618,350,0.41
Roza,Orchard,2017,28051,2,1205,19.01,1751,3296,350,0.13
Roza,Vegetable,2017,317,2,240,15.47,5459,3914,350,0.3
Roza,Vineyard,2017,18248,2,730,5.74,2266,2987,350,0.13
SVID,Berry,2017,26,1,1700,4.02,5562,7828,350,0.25
SVID,Cereal Grain,2017,15856,2,148,2.86,72,185,350,0.74
SVID,Hay/Silage,2017,9498,2,172,5.69,124,268,350,0.51
SVID,Herb,2017,8335,2,320,0.07,773,618,350,0.41
SVID,Orchard,2017,7516,2,1205,19.01,1751,3296,350,0.13
SVID,Vegetable,2017,1356,2,240,15.47,5459,3914,350,0.3
SVID,Vineyard,2017,9117,2,730,5.74,2266,2987,350,0.13
Terrace Heights,Hay/Silage,2017,14,2,172,5.69,124,268,350,0.51
Terrace Heights,Orchard,2017,44,2,1205,19.01,1751,3296,350,0.13
Terrace Heights,Vineyard,2017,11,2,730,5.74,2266,2987,350,0.13
Throp Mill,Hay/Silage,2017,66,2,172,5.69,124,268,350,0.51
Union Gap,Hay/Silage,2017,21,2,172,5.69,124,268,350,0.51
Union Gap,Orchard,2017,1781,2,1205,19.01,1751,3296,350,0.13
Union Gap,Vineyard,2017,56,2,730,5.74,2266,2987,350,0.13
Wenas,Cereal Grain,2017,15,2.346,148,2.86,72,185,350,0.74
Wenas,Hay/Silage,2017,920,2,172,5.69,124,268,350,0.51
West Side,Cereal Grain,2017,379,2,148,2.86,72,185,350,0.74
West Side,Hay/Silage,2017,3103,2,172,5.69,124,268,350,0.51
Yakima-Tieton,Berry,2017,13,1,1700,4.02,5562,7828,350,0.25
Yakima-Tieton,Cereal Grain,2017,3,2.133,148,2.86,72,185,350,0.74
Yakima-Tieton,Hay/Silage,2017,1704,2,172,5.69,124,268,350,0.51
Yakima-Tieton,Herb,2017,1,3.507,320,0.07,773,618,350,0.41
Yakima-Tieton,Orchard,2017,15126,2,1205,19.01,1751,3296,350,0.13
Yakima-Tieton,Vegetable,2017,12,2,240,15.47,5459,3914,350,0.3
Yakima-Tieton,Vineyard,2017,71,2,730,5.74,2266,2987,350,0.13
Yakima-Wapato,Berry,2017,23,1,1700,4.02,5562,7828,350,0.25
Yakima-Wapato,Cereal Grain,2017,32813,2,148,2.86,72,185,350,0.74
Yakima-Wapato,Hay/Silage,2017,15994,2,172,5.69,124,268,350,0.51
Yakima-Wapato,Herb,2017,23531,2,320,0.07,773,618,350,0.41
Yakima-Wapato,Oilseed,2017,1109,2.5,350,0.46,515.5,541,350,0.74
Yakima-Wapato,Orchard,2017,10905,2,1205,19.01,1751,3296,350,0.13
Yakima-Wapato,Seed,2017,1376,1.5,8400,0.39,258,464,350,0.74
Yakima-Wapato,Vegetable,2017,4951,2,240,15.47,5459,3914,350,0.3
Yakima-Wapato,Vineyard,2017,2539,2,730,5.74,2266,2987,350,0.13
Ahtanum,Cereal Grain,2016,75,2,146,3.1,71,182,345,0.74
Ahtanum,Hay/Silage,2016,1297,2,142,5.43,121,263,345,0.51
Ahtanum,Orchard,2016,156,2,1364,18.6,1717,3232,345,0.13
Buena,Cereal Grain,2016,109,2,146,3.1,71,182,345,0.74
Buena,Hay/Silage,2016,119,2,142,5.43,121,263,345,0.51
Buena,Orchard,2016,40,2,1364,18.6,1717,3232,345,0.13
Buena,Vegetable,2016,2,2.49,255,16.19,5353,3838,345,0.3
Bull Ditch,Cereal Grain,2016,116,2,146,3.1,71,182,345,0.74
Bull Ditch,Hay/Silage,2016,773,2,142,5.43,121,263,345,0.51
Cascade,Berry,2016,1,1.699,1900,4.17,5454,7676,345,0.25
Cascade,Cereal Grain,2016,567,2,146,3.1,71,182,345,0.74
Cascade,Hay/Silage,2016,6255,2,142,5.43,121,263,345,0.51
Cascade,Herb,2016,1,2.579,368,0.06,758,606,345,0.41
Cascade,Orchard,2016,66,2,1364,18.6,1717,3232,345,0.13
Cascade,Vegetable,2016,89,1,255,16.19,5353,3838,345,0.3
Ellensburg Wat,Cereal Grain,2016,401,2,146,3.1,71,182,345,0.74
Ellensburg Wat,Hay/Silage,2016,7529,2,142,5.43,121,263,345,0.51
Ellensburg Wat,Seed,2016,2,2.585,8180,0.38,253,455,345,0.74
Ellensburg Wat,Vegetable,2016,307,1,255,16.19,5353,3838,345,0.3
Ellensburg Wat,Vineyard,2016,3,2,703,6.71,2222,2929,345,0.13
FGP,Cereal Grain,2016,153,2,146,3.1,71,182,345,0.74
FGP,Vegetable,2016,78,1,255,16.19,5353,3838,345,0.3
Fowler Ditch,Hay/Silage,2016,27,2,142,5.43,121,263,345,0.51
Fowler Ditch,Herb,2016,712,1,368,0.06,758,606,345,0.41
Fowler Ditch,Vineyard,2016,18,2,703,6.71,2222,2929,345,0.13
Irrigated area outside irrigation districts,Berry,2016,206,2,1900,4.17,5454,7676,345,0.25
Irrigated area outside irrigation districts,Cereal Grain,2016,7913,2,146,3.1,71,182,345,0.74
Irrigated area outside irrigation districts,Hay/Silage,2016,10959,2,142,5.43,121,263,345,0.51
Irrigated area outside irrigation districts,Herb,2016,4058,1,368,0.06,758,606,345,0.41
Irrigated area outside irrigation districts,Oilseed,2016,13,2.603,314,1,253,455,345,0.74
Irrigated area outside irrigation districts,Orchard,2016,10727,2,1364,18.6,1717,3232,345,0.13
Irrigated area outside irrigation districts,Seed,2016,60,2.264,8180,0.38,253,455,345,0.74
Irrigated area outside irrigation districts,Vegetable,2016,5082,1,255,16.19,5353,3838,345,0.3
Irrigated area outside irrigation districts,Vineyard,2016,5083,2,703,6.71,2222,2929,345,0.13
KID,Berry,2016,2,1.657,1900,4.17,5454,7676,345,0.25
KID,Cereal Grain,2016,1734,2,146,3.1,71,182,345,0.74
KID,Hay/Silage,2016,2019,2,142,5.43,121,263,345,0.51
KID,Herb,2016,11,1,368,0.06,758,606,345,0.41
KID,Orchard,2016,2782,2,1364,18.6,1717,3232,345,0.13
KID,Vegetable,2016,664,1,255,16.19,5353,3838,345,0.3
KID,Vineyard,2016,4410,2,703,6.71,2222,2929,345,0.13
KRD,Berry,2016,1,2,1900,4.17,5454,7676,345,0.25
KRD,Cereal Grain,2016,1470,2,146,3.1,71,182,345,0.74
KRD,Hay/Silage,2016,27527,2,142,5.43,121,263,345,0.51
KRD,Herb,2016,5,1,368,0.06,758,606,345,0.41
KRD,Orchard,2016,823,2,1364,18.6,1717,3232,345,0.13
KRD,Seed,2016,173,2,8180,0.38,253,455,345,0.74
KRD,Vegetable,2016,17,1.824,255,16.19,5353,3838,345,0.3
KRD,Vineyard,2016,14,2,703,6.71,2222,2929,345,0.13
Moxee-Selah,Hay/Silage,2016,192,2,142,5.43,121,263,345,0.51
Moxee-Selah,Herb,2016,3329,1,368,0.06,758,606,345,0.41
Moxee-Selah,Orchard,2016,160,2,1364,18.6,1717,3232,345,0.13
Moxee-Selah,Vegetable,2016,2,1,255,16.19,5353,3838,345,0.3
Moxee-Selah,Vineyard,2016,49,2,703,6.71,2222,2929,345,0.13
Naches-Selah,Berry,2016,5,2,1900,4.17,5454,7676,345,0.25
Naches-Selah,Hay/Silage,2016,626,2,142,5.43,121,263,345,0.51
Naches-Selah,Orchard,2016,4352,2,1364,18.6,1717,3232,345,0.13
Naches-Selah,Vineyard,2016,15,2,703,6.71,2222,2929,345,0.13
Not In I.D.,Berry,2016,1,3.143,1900,4.17,5454,7676,345,0.25
Not In I.D.,Cereal Grain,2016,59,2,146,3.1,71,182,345,0.74
Not In I.D.,Hay/Silage,2016,1388,2,142,5.43,121,263,345,0.51
Not In I.D.,Herb,2016,241,1,368,0.06,758,606,345,0.41
Not In I.D.,Orchard,2016,2694,2,1364,18.6,1717,3232,345,0.13
Not In I.D.,Vegetable,2016,9,1,255,16.19,5353,3838,345,0.3
Not In I.D.,Vineyard,2016,2,2.497,703,6.71,2222,2929,345,0.13
Olsen,Cereal Grain,2016,49,2,146,3.1,71,182,345,0.74
Olsen,Hay/Silage,2016,361,2,142,5.43,121,263,345,0.51
Packwood,Cereal Grain,2016,21,2.493,146,3.1,71,182,345,0.74
Packwood,Hay/Silage,2016,378,2,142,5.43,121,263,345,0.51
Roza,Berry,2016,1097,2,1900,4.17,5454,7676,345,0.25
Roza,Cereal Grain,2016,4409,2,146,3.1,71,182,345,0.74
Roza,Hay/Silage,2016,4584,2,142,5.43,121,263,345,0.51
Roza,Herb,2016,6955,1,368,0.06,758,606,345,0.41
Roza,Orchard,2016,27978,2,1364,18.6,1717,3232,345,0.13
Roza,Vegetable,2016,316,1,255,16.19,5353,3838,345,0.3
Roza,Vineyard,2016,18424,2,703,6.71,2222,2929,345,0.13
SVID,Berry,2016,26,2,1900,4.17,5454,7676,345,0.25
SVID,Cereal Grain,2016,16209,2,146,3.1,71,182,345,0.74
SVID,Hay/Silage,2016,9706,2,142,5.43,121,263,345,0.51
SVID,Herb,2016,7438,1,368,0.06,758,606,345,0.41
SVID,Orchard,2016,7485,2,1364,18.6,1717,3232,345,0.13
SVID,Vegetable,2016,1353,1,255,16.19,5353,3838,345,0.3
SVID,Vineyard,2016,9399,2,703,6.71,2222,2929,345,0.13
Terrace Heights,Hay/Silage,2016,14,2,142,5.43,121,263,345,0.51
Terrace Heights,Orchard,2016,44,2,1364,18.6,1717,3232,345,0.13
Terrace Heights,Vineyard,2016,11,2,703,6.71,2222,2929,345,0.13
Throp Mill,Hay/Silage,2016,66,2,142,5.43,121,263,345,0.51
Union Gap,Hay/Silage,2016,21,2,142,5.43,121,263,345,0.51
Union Gap,Orchard,2016,1781,2,1364,18.6,1717,3232,345,0.13
Union Gap,Vineyard,2016,56,2,703,6.71,2222,2929,345,0.13
Wenas,Cereal Grain,2016,15,2.507,146,3.1,71,182,345,0.74
Wenas,Hay/Silage,2016,920,2,142,5.43,121,263,345,0.51
West Side,Cereal Grain,2016,379,2,146,3.1,71,182,345,0.74
West Side,Hay/Silage,2016,3103,2,142,5.43,121,263,345,0.51
Yakima-Tieton,Berry,2016,13,2,1900,4.17,5454,7676,345,0.25
Yakima-Tieton,Cereal Grain,2016,3,2.041,146,3.1,71,182,345,0.74
Yakima-Tieton,Hay/Silage,2016,1704,2,142,5.43,121,263,345,0.51
Yakima-Tieton,Herb,2016,1,3.652,368,0.06,758,606,345,0.41
Yakima-Tieton,Orchard,2016,15126,2,1364,18.6,1717,3232,345,0.13
Yakima-Tieton,Vegetable,2016,12,1,255,16.19,5353,3838,345,0.3
Yakima-Tieton,Vineyard,2016,69,2,703,6.71,2222,2929,345,0.13
Yakima-Wapato,Berry,2016,23,2,1900,4.17,5454,7676,345,0.25
Yakima-Wapato,Cereal Grain,2016,32787,2,146,3.1,71,182,345,0.74
Yakima-Wapato,Hay/Silage,2016,15994,2,142,5.43,121,263,345,0.51
Yakima-Wapato,Herb,2016,23495,1,368,0.06,758,606,345,0.41
Yakima-Wapato,Oilseed,2016,1109,2,314,1,253,455,345,0.74
Yakima-Wapato,Orchard,2016,10905,2,1364,18.6,1717,3232,345,0.13
Yakima-Wapato,Seed,2016,1376,2,8180,0.38,253,455,345,0.74
Yakima-Wapato,Vegetable,2016,4951,1,255,16.19,5353,3838,345,0.3
Yakima-Wapato,Vineyard,2016,2539,2,703,6.71,2222,2929,345,0.13
Okanogan,Berry,2015,15,1.6,2273,3.96,5400,7600,208,0.25
Okanogan,Cereal Grain,2015,4,2.5,160,2.21,70,180,208,0.74
Okanogan,Hay/Silage,2015,3559,2.2,174,5.42,120,260,208,0.51
Okanogan,Orchard,2015,11348,2.4,1269,16.16,1700,3200,208,0.13
Okanogan,Vegetable,2015,42,2,255,26.89,5300,3800,208,0.3
Okanogan,Vineyard,2015,119,1.5,679,5.79,2200,2900,208,0.13
Okanogan,Berry,2016,15,1.7,1900,4.17,5454,7676,195,0.25
Okanogan,Cereal Grain,2016,4,2.4,146,3.1,71,182,195,0.74
Okanogan,Hay/Silage,2016,3555,2.2,142,5.43,253,455,195,0.51
Okanogan,Orchard,2016,11350,2.3,1255,16.19,5353,3838,195,0.13
Okanogan,Vegetable,2016,42,2.2,703,6.71,2222,2929,195,0.3
Okanogan,Vineyard,2016,119,1.4,703,6.71,2222,2929,195,0.13
Okanogan,Berry,2017,3,1.8,1700,4.02,5562,7828,198,0.25
Okanogan,Cereal Grain,2017,4,2.1,148,2.86,72,185,198,0.74
Okanogan,Hay/Silage,2017,3496,2.2,172,5.69,124,268,198,0.51
Okanogan,Herb,2017,35,1.4,320,136.15,258,464,198,0.41
Okanogan,Orchard,2017,11367,2.3,1205,19.01,1751,3296,198,0.13
Okanogan,Vegetable,2017,93,1.9,240,15.47,5459,3914,198,0.3
Okanogan,Vineyard,2017,133,1.5,730,5.74,2266,2987,198,0.13
Okanogan,Berry,2018,3,1.9,1467,3.99,5670,7980,203,0.25
Okanogan,Cereal Grain,2018,4,1.7,173,3.05,74,189,203,0.74
Okanogan,Hay/Silage,2018,3496,2.2,186,4.76,126,273,203,0.51
Okanogan,Herb,2018,35,1.3,340,0.07,263,473,203,0.41
Okanogan,Orchard,2018,11367,2.2,1194,17.27,1785,3360,203,0.13
Okanogan,Vegetable,2018,93,1.9,734,6.32,2310,3045,203,0.3
Okanogan,Vineyard,2018,133,1.5,1600,3.86,5778,8132,203,0.13
Okanogan,Berry,2019,3,1.7,1600,3.86,5778,8132,201,0.25
Okanogan,Cereal Grain,2019,4,2,180,2.84,75,193,201,0.74
Okanogan,Hay/Silage,2019,3496,2.1,193,4.65,128,278,201,0.51
Okanogan,Herb,2019,35,1.1,386,0.07,268,482,201,0.41
Okanogan,Orchard,2019,11367,2.1,1234,18.86,1819,3424,201,0.13
Okanogan,Vegetable,2019,93,1.7,780,16.6,5671,4066,201,0.3
Okanogan,Vineyard,2019,133,1.4,777,5.31,2354,3103,201,0.13
Okanogan,Berry,2020,3,2,2200,3.88,5832,8208,207,0.25
Okanogan,Cereal Grain,2020,222,2.1,194,3.13,76,194,207,0.74
Okanogan,Hay/Silage,2020,3425,2.2,191,4.81,130,281,207,0.51
Okanogan,Herb,2020,55,1.5,386,0.06,270,486,207,0.41
Okanogan,Orchard,2020,10780,2.2,1676,16.88,1836,3456,207,0.13
Okanogan,Vegetable,2020,70,2,780,16.52,5724,4104,207,0.3
Okanogan,Vineyard,2020,112,1.5,889,4.38,2376,3132,207,0.13
Okanogan,Berry,2021,3,2.1,3600,2.8,6102,8588,222,0.25
Okanogan,Cereal Grain,2021,222,1.9,275,1.86,79,203,222,0.74
Okanogan,Hay/Silage,2021,3425,2.3,232,4.68,136,294,222,0.51
Okanogan,Herb,2021,58,1.5,386,0.06,283,509,222,0.41
Okanogan,Orchard,2021,10776,2.3,1381,17.05,1921,3616,222,0.13
Okanogan,Seed,2021,3,2,9270,0.35,283,509,222,0.74
Okanogan,Vegetable,2021,70,2.1,856,15.25,5989,4294,222,0.3
Okanogan,Vineyard,2021,112,1.6,937,3.97,2486,3277,222,0.13
Okanogan,Berry,2022,3,2.2,3100,3.2,6588,9272,217,0.25
Okanogan,Cereal Grain,2022,222,2,264,2.77,85,220,217,0.74
Okanogan,Hay/Silage,2022,3425,2.2,320,5.3,146,317,217,0.51
Okanogan,Herb,2022,61,1.6,424,0.06,305,549,217,0.41
Okanogan,Orchard,2022,10776,2.2,1697,15.27,2074,3904,217,0.13
Okanogan,Vegetable,2022,70,2,900,15.44,6466,4636,217,0.3
Okanogan,Vineyard,2022,112,1.5,903,5.8,2684,3538,217,0.13
Okanogan,Berry,2023,3,2.1,1900,3.53,6858,9652,193,0.25
Okanogan,Cereal Grain,2023,8,2,255,2.26,89,229,193,0.74
Okanogan,Hay/Silage,2023,3588,2.2,258,5.11,152,330,193,0.51
Okanogan,Herb,2023,36,1.4,438,0.06,318,572,193,0.41
Okanogan,Orchard,2023,10736,2.3,1173,18.67,2159,4064,193,0.13
Okanogan,Vegetable,2023,41,1.9,860,16.63,6731,4826,193,0.3
Okanogan,Vineyard,2023,55,1.3,935,4.78,2794,3683,193,0.13
Okanogan,Berry,2024,3,2.3,4000,3.97,7074,9956,308,0.25
Okanogan,Cereal Grain,2024,8,2.2,278,3.6,92,236,308,0.74
Okanogan,Hay/Silage,2024,3595,2.3,275,5,157,341,308,0.51
Okanogan,Herb,2024,36,1.8,600,0.06,328,590,308,0.41
Okanogan,Orchard,2024,10736,2.6,956,21.5,2227,4192,308,0.13
Okanogan,Vegetable,2024,41,2.3,1180,11.2,6943,4978,308,0.3
Okanogan,Vineyard,2024,55,1.5,940,4.33,2882,3799,308,0.13
ARTESIA IRRIGATION DISTRICT NO. 8,Vineyard,2024,1,2.4,940,4.3,2882,3799,407,0.13
BLALOCK IRRIGATION DISTRICT NO. 3,Cereal Grain,2024,18,2,277.5,3.6,92,236,407,0.74
BLALOCK IRRIGATION DISTRICT NO. 3,Hay/Silage,2024,13,2.1,275,5,157,341,407,0.51
BLALOCK IRRIGATION DISTRICT NO. 3,Seed,2024,10,1.9,0.5,12900,1793,638,324,0.74
BLALOCK IRRIGATION DISTRICT NO. 3,Vegetable,2024,17,2.3,1180,11.2,6943,4978,407,0.3
BLALOCK IRRIGATION DISTRICT NO. 3,Vineyard,2024,1,2.4,940,4.3,2882,3799,407,0.13
BLALOCK ORCHARDS IRRIGATION DISTRICT NO. 12,Hay/Silage,2024,7,2.3,275,5,157,341,407,0.51
BLALOCK ORCHARDS IRRIGATION DISTRICT NO. 12,Vegetable,2024,2,1.8,1180,11.2,6943,4978,407,0.3
BRADEN IRRIGATION DISTRICT NO. 20,Hay/Silage,2024,15,2.2,275,5,157,341,407,0.51
BRADEN IRRIGATION DISTRICT NO. 20,Vineyard,2024,1,2.7,940,4.3,2882,3799,407,0.13
CONSOLIDATED IRRIGATION DISTRICT NO. 14,Cereal Grain,2024,21,2.4,277.5,3.6,92,236,407,0.74
CONSOLIDATED IRRIGATION DISTRICT NO. 14,Seed,2024,10,1.9,0.5,12900,1793,638,324,0.74
CONSOLIDATED IRRIGATION DISTRICT NO. 14,Vegetable,2024,1,2.6,1180,11.2,6943,4978,407,0.3
EAST SIDE IRRIGATION DISTRICT NO. 6,Cereal Grain,2024,216,2.9,277.5,3.6,92,236,407,0.74
EAST SIDE IRRIGATION DISTRICT NO. 6,Hay/Silage,2024,82,2.1,275,5,157,341,407,0.51
EAST SIDE IRRIGATION DISTRICT NO. 6,Seed,2024,384,1.8,0.5,12900,1793,638,324,0.74
EAST SIDE IRRIGATION DISTRICT NO. 6,Vegetable,2024,2,2.5,1180,11.2,6943,4978,407,0.3
GARDENA FARMS DISTRICT NO. 13,Cereal Grain,2024,1695,1.8,277.5,3.6,92,236,407,0.74
GARDENA FARMS DISTRICT NO. 13,Hay/Silage,2024,726,2.9,275,5,157,341,407,0.51
GARDENA FARMS DISTRICT NO. 13,Orchard,2024,7,3.9,4781,21.5,2227,4192,407,0.13
GARDENA FARMS DISTRICT NO. 13,Seed,2024,3460,2.3,0.5,12900,1793,638,324,0.74
HUDSON BAY IRRIGATION DISTRICT NO.,Cereal Grain,2024,41,2.7,277.5,3.6,92,236,407,0.74
HUDSON BAY IRRIGATION DISTRICT NO.,Hay/Silage,2024,29,2.7,275,5,157,341,407,0.51
HUDSON BAY IRRIGATION DISTRICT NO.,Seed,2024,1,1.8,0.5,12900,1793,638,324,0.74
HYDRO-IRRIGATION DISTRICT NO. 9,Hay/Silage,2024,5,1.8,275,5,157,341,407,0.51
HYDRO-IRRIGATION DISTRICT NO. 9,Vegetable,2024,15,2.3,1180,11.2,6943,4978,407,0.3
Irrigated area outside irrigation districts,Berry,2024,39,2,1900,4,5454,7676,231,0.25
Irrigated area outside irrigation districts,Cereal Grain,2024,12767,2.3,277.5,3.6,92,236,407,0.74
Irrigated area outside irrigation districts,Hay/Silage,2024,5825,2.3,275,5,157,341,407,0.51
Irrigated area outside irrigation districts,Herb,2024,10,2.1,60000,0.1,328,590,407,0.41
Irrigated area outside irrigation districts,Oilseed,2024,773,2.4,370,0.8,983,786,407,0.74
Irrigated area outside irrigation districts,Orchard,2024,922,2.1,2868.5,21.5,2227,4192,407,0.13
Irrigated area outside irrigation districts,Seed,2024,9401,1.9,0.5,12900,1793,638,324,0.74
Irrigated area outside irrigation districts,Vegetable,2024,6899,2.3,1180,11.2,6943,4978,407,0.3
Irrigated area outside irrigation districts,Vineyard,2024,2145,1.8,940,4.3,2882,3799,407,0.13
LOWDEN IRRIGATION DISTRICT NO. 2,Cereal Grain,2024,97,2.7,277.5,3.6,92,236,407,0.74
LOWDEN IRRIGATION DISTRICT NO. 2,Hay/Silage,2024,26,2.9,275,5,157,341,407,0.51
LOWDEN IRRIGATION DISTRICT NO. 2,Seed,2024,87,2.5,0.5,12900,1793,638,324,0.74
MUD CREEK IRRIGATION DISTRICT NO. 7,Cereal Grain,2024,30,2.9,277.5,3.6,92,236,407,0.74
MUD CREEK IRRIGATION DISTRICT NO. 7,Hay/Silage,2024,11,3,275,5,157,341,407,0.51
MUD CREEK IRRIGATION DISTRICT NO. 7,Seed,2024,9,1.9,0.5,12900,1793,638,324,0.74
TOUCHET IRRIGATION DISTRICT NO. 16,Cereal Grain,2024,448,1.7,277.5,3.6,92,236,407,0.74
TOUCHET IRRIGATION DISTRICT NO. 16,Hay/Silage,2024,610,2.6,275,5,157,341,407,0.51
TOUCHET IRRIGATION DISTRICT NO. 16,Herb,2024,1,2.1,60000,0.1,328,590,407,0.41
TOUCHET IRRIGATION DISTRICT NO. 16,Oilseed,2024,57,2.4,370,0.8,983,786,407,0.74
TOUCHET IRRIGATION DISTRICT NO. 16,Seed,2024,205,2.6,0.5,12900,1793,638,324,0.74
TOUCHET IRRIGATION DISTRICT NO. 16,Vegetable,2024,302,3,1180,11.2,6943,4978,407,0.3
TWO RIVERS IRRIGATION DISTRICT NO. 19,Cereal Grain,2024,756,2.2,277.5,3.6,92,236,407,0.74
TWO RIVERS IRRIGATION DISTRICT NO. 19,Orchard,2024,566,2.7,956,21.5,2227,4192,407,0.13
TWO RIVERS IRRIGATION DISTRICT NO. 19,Vegetable,2024,1596,1.3,1180,11.2,6943,4978,407,0.3
WALLA WALLA WATER & POWER DISTRICT NO. 18,Seed,2024,34,3.1,0.5,12900,1793,638,324,0.74
WALLA WALLA WATER & POWER DISTRICT NO. 18,Vegetable,2024,78,3.8,1180,11.2,6943,4978,407,0.3
WATER DISTRIBUTION DISTRICT NO. 1,Seed,2024,4,2.5,0.5,12900,1793,638,324,0.74
WEST SIDE IRRIGATION DISTRICT NO. 5,Cereal Grain,2024,330,1.7,277.5,3.6,92,236,407,0.74
WEST SIDE IRRIGATION DISTRICT NO. 5,Hay/Silage,2024,170,2.3,275,5,157,341,407,0.51
WEST SIDE IRRIGATION DISTRICT NO. 5,Seed,2024,568,3.3,0.5,12900,1793,638,324,0.74
WEST SIDE IRRIGATION DISTRICT NO. 5,Vegetable,2024,50,2.3,1180,11.2,6943,4978,407,0.3
ARTESIA IRRIGATION DISTRICT NO. 8,Vineyard,2023,1,2.6,935.3,4.8,2794,3683,294,0.13
BLALOCK IRRIGATION DISTRICT NO. 3,Cereal Grain,2023,22,1.6,255.3,2.3,89,229,294,0.74
BLALOCK IRRIGATION DISTRICT NO. 3,Hay/Silage,2023,14,1.8,258,5.1,152,330,294,0.51
BLALOCK IRRIGATION DISTRICT NO. 3,Seed,2023,12,1.7,0.5,12900,1750,623,316,0.74
BLALOCK IRRIGATION DISTRICT NO. 3,Vegetable,2023,17,2.6,860,16.6,6731,4826,294,0.3
BLALOCK IRRIGATION DISTRICT NO. 3,Vineyard,2023,1,2.6,935.3,4.8,2794,3683,294,0.13
BLALOCK ORCHARDS IRRIGATION DISTRICT NO. 12,Cereal Grain,2023,4,1.6,255.3,2.3,89,229,294,0.74
BLALOCK ORCHARDS IRRIGATION DISTRICT NO. 12,Hay/Silage,2023,6,1.6,258,5.1,152,330,294,0.51
BLALOCK ORCHARDS IRRIGATION DISTRICT NO. 12,Seed,2023,7,1.6,0.5,12900,1750,623,316,0.74
BLALOCK ORCHARDS IRRIGATION DISTRICT NO. 12,Vegetable,2023,2,2,860,16.6,6731,4826,294,0.3
BRADEN IRRIGATION DISTRICT NO. 20,Cereal Grain,2023,15,1.8,255.3,2.3,89,229,294,0.74
CONSOLIDATED IRRIGATION DISTRICT NO. 14,Cereal Grain,2023,15,2,255.3,2.3,89,229,294,0.74
CONSOLIDATED IRRIGATION DISTRICT NO. 14,Hay/Silage,2023,2,2,258,5.1,152,330,294,0.51
CONSOLIDATED IRRIGATION DISTRICT NO. 14,Seed,2023,15,2,0.5,12900,1750,623,316,0.74
CONSOLIDATED IRRIGATION DISTRICT NO. 14,Vegetable,2023,1,2,860,16.6,6731,4826,294,0.3
EAST SIDE IRRIGATION DISTRICT NO. 6,Cereal Grain,2023,139,2.5,255.3,2.3,89,229,294,0.74
EAST SIDE IRRIGATION DISTRICT NO. 6,Hay/Silage,2023,199,2.2,258,5.1,152,330,294,0.51
EAST SIDE IRRIGATION DISTRICT NO. 6,Seed,2023,246,3,0.5,12900,1750,623,316,0.74
EAST SIDE IRRIGATION DISTRICT NO. 6,Vegetable,2023,111,2,860,16.6,6731,4826,294,0.3
GARDENA FARMS DISTRICT NO. 13,Cereal Grain,2023,1721,2.5,255.3,2.3,89,229,294,0.74
GARDENA FARMS DISTRICT NO. 13,Hay/Silage,2023,873,2.1,258,5.1,152,330,294,0.51
GARDENA FARMS DISTRICT NO. 13,Oilseed,2023,110,2.5,470,0.8,953,762,294,0.74
GARDENA FARMS DISTRICT NO. 13,Orchard,2023,7,2.5,4010,18.7,2159,4064,294,0.13
GARDENA FARMS DISTRICT NO. 13,Seed,2023,2819,2.3,0.5,12900,1750,623,316,0.74
GARDENA FARMS DISTRICT NO. 13,Vegetable,2023,448,2.3,860,16.6,6731,4826,294,0.3
HUDSON BAY IRRIGATION DISTRICT NO.,Cereal Grain,2023,41,2,255.3,2.3,89,229,294,0.74
HUDSON BAY IRRIGATION DISTRICT NO.,Hay/Silage,2023,34,1.8,258,5.1,152,330,294,0.51
HYDRO-IRRIGATION DISTRICT NO. 9,Hay/Silage,2023,7,1.4,258,5.1,152,330,294,0.51
HYDRO-IRRIGATION DISTRICT NO. 9,Vegetable,2023,15,1.9,860,16.6,6731,4826,294,0.3
Irrigated area outside irrigation districts,Berry,2023,36,2,1900,4,5454,7676,231,0.25
Irrigated area outside irrigation districts,Cereal Grain,2023,13556,2,255.3,2.3,89,229,294,0.74
Irrigated area outside irrigation districts,Hay/Silage,2023,6539,2.1,258,5.1,152,330,294,0.51
Irrigated area outside irrigation districts,Herb,2023,18,2,438,0.1,318,572,294,0.41
Irrigated area outside irrigation districts,Oilseed,2023,628,2.3,470,0.8,953,762,294,0.74
Irrigated area outside irrigation districts,Orchard,2023,1243,2.4,2591.5,18.7,2159,4064,294,0.13
Irrigated area outside irrigation districts,Seed,2023,8921,2.2,0.5,12900,1750,623,316,0.74
Irrigated area outside irrigation districts,Vegetable,2023,5988,2.3,860,16.6,6731,4826,294,0.3
Irrigated area outside irrigation districts,Vineyard,2023,2257,2.4,935.3,4.8,2794,3683,294,0.13
LOWDEN IRRIGATION DISTRICT NO. 2,Cereal Grain,2023,67,2.5,255.3,2.3,89,229,294,0.74
LOWDEN IRRIGATION DISTRICT NO. 2,Hay/Silage,2023,29,2.6,258,5.1,152,330,294,0.51
LOWDEN IRRIGATION DISTRICT NO. 2,Seed,2023,115,2.2,0.5,12900,1750,623,316,0.74
MUD CREEK IRRIGATION DISTRICT NO. 7,Cereal Grain,2023,40,2.7,255.3,2.3,89,229,294,0.74
MUD CREEK IRRIGATION DISTRICT NO. 7,Seed,2023,3,2.7,0.5,12900,1750,623,316,0.74
MUD CREEK IRRIGATION DISTRICT NO. 7,Vegetable,2023,6,2.7,860,16.6,6731,4826,294,0.3
TOUCHET IRRIGATION DISTRICT NO. 16,Cereal Grain,2023,328,1.7,255.3,2.3,89,229,294,0.74
TOUCHET IRRIGATION DISTRICT NO. 16,Hay/Silage,2023,766,2.5,258,5.1,152,330,294,0.51
TOUCHET IRRIGATION DISTRICT NO. 16,Oilseed,2023,57,2.2,470,0.8,953,762,294,0.74
TOUCHET IRRIGATION DISTRICT NO. 16,Seed,2023,125,2.1,0.5,12900,1750,623,316,0.74
TOUCHET IRRIGATION DISTRICT NO. 16,Vegetable,2023,386,2.3,860,16.6,6731,4826,294,0.3
TWO RIVERS IRRIGATION DISTRICT NO. 19,Cereal Grain,2023,1251,1.4,255.3,2.3,89,229,294,0.74
TWO RIVERS IRRIGATION DISTRICT NO. 19,Hay/Silage,2023,290,2.5,258,5.1,152,330,294,0.51
TWO RIVERS IRRIGATION DISTRICT NO. 19,Herb,2023,108,2.2,438,0.1,318,572,294,0.41
TWO RIVERS IRRIGATION DISTRICT NO. 19,Orchard,2023,566,2.4,1173,18.7,2159,4064,294,0.13
TWO RIVERS IRRIGATION DISTRICT NO. 19,Vegetable,2023,1311,3.3,860,16.6,6731,4826,294,0.3
WALLA WALLA WATER & POWER DISTRICT NO. 18,Cereal Grain,2023,34,1.5,255.3,2.3,89,229,294,0.74
WALLA WALLA WATER & POWER DISTRICT NO. 18,Vegetable,2023,79,2.2,860,16.6,6731,4826,294,0.3
WATER DISTRIBUTION DISTRICT NO. 1,Hay/Silage,2023,7,1.6,258,5.1,152,330,294,0.51
WEST SIDE IRRIGATION DISTRICT NO. 5,Cereal Grain,2023,178,2.2,255.3,2.3,89,229,294,0.74
WEST SIDE IRRIGATION DISTRICT NO. 5,Hay/Silage,2023,253,2.5,258,5.1,152,330,294,0.51
WEST SIDE IRRIGATION DISTRICT NO. 5,Herb,2023,2,2.2,438,0.1,318,572,294,0.41
WEST SIDE IRRIGATION DISTRICT NO. 5,Seed,2023,518,2.2,0.5,12900,1750,623,316,0.74
WEST SIDE IRRIGATION DISTRICT NO. 5,Vegetable,2023,73,3,860,16.6,6731,4826,294,0.3
ARTESIA IRRIGATION DISTRICT NO. 8,Vineyard,2022,1,2.5,903,5.8,2684,3538,383,0.13
BLALOCK IRRIGATION DISTRICT NO. 3,Cereal Grain,2022,22,1.8,263.9,2.8,85,220,383,0.74
BLALOCK IRRIGATION DISTRICT NO. 3,Hay/Silage,2022,14,2,320,5.3,146,317,383,0.51
BLALOCK IRRIGATION DISTRICT NO. 3,Seed,2022,12,1.9,0.4,12900,1707,607,309,0.74
BLALOCK IRRIGATION DISTRICT NO. 3,Vegetable,2022,17,2.5,900,15.4,6466,4636,383,0.3
BLALOCK IRRIGATION DISTRICT NO. 3,Vineyard,2022,1,2.5,903,5.8,2684,3538,383,0.13
BLALOCK ORCHARDS IRRIGATION DISTRICT NO. 12,Cereal Grain,2022,4,1.8,263.9,2.8,85,220,383,0.74
BLALOCK ORCHARDS IRRIGATION DISTRICT NO. 12,Hay/Silage,2022,6,1.8,320,5.3,146,317,383,0.51
BLALOCK ORCHARDS IRRIGATION DISTRICT NO. 12,Seed,2022,7,1.8,0.4,12900,1707,607,309,0.74
BLALOCK ORCHARDS IRRIGATION DISTRICT NO. 12,Vegetable,2022,2,1.6,900,15.4,6466,4636,383,0.3
BRADEN IRRIGATION DISTRICT NO. 20,Cereal Grain,2022,15,2,263.9,2.8,85,220,383,0.74
CONSOLIDATED IRRIGATION DISTRICT NO. 14,Cereal Grain,2022,15,1.9,263.9,2.8,85,220,383,0.74
CONSOLIDATED IRRIGATION DISTRICT NO. 14,Hay/Silage,2022,2,1.9,320,5.3,146,317,383,0.51
CONSOLIDATED IRRIGATION DISTRICT NO. 14,Seed,2022,15,1.9,0.4,12900,1707,607,309,0.74
CONSOLIDATED IRRIGATION DISTRICT NO. 14,Vegetable,2022,1,1.9,900,15.4,6466,4636,383,0.3
EAST SIDE IRRIGATION DISTRICT NO. 6,Cereal Grain,2022,139,2.7,263.9,2.8,85,220,383,0.74
EAST SIDE IRRIGATION DISTRICT NO. 6,Hay/Silage,2022,199,2.3,320,5.3,146,317,383,0.51
EAST SIDE IRRIGATION DISTRICT NO. 6,Seed,2022,246,2.7,0.4,12900,1707,607,309,0.74
EAST SIDE IRRIGATION DISTRICT NO. 6,Vegetable,2022,111,2.2,900,15.4,6466,4636,383,0.3
GARDENA FARMS DISTRICT NO. 13,Cereal Grain,2022,1721,2.6,263.9,2.8,85,220,383,0.74
GARDENA FARMS DISTRICT NO. 13,Hay/Silage,2022,873,2,320,5.3,146,317,383,0.51
GARDENA FARMS DISTRICT NO. 13,Oilseed,2022,110,2.6,590,0.9,915,732,383,0.74
GARDENA FARMS DISTRICT NO. 13,Orchard,2022,7,2.6,5655,15.3,2074,3904,383,0.13
GARDENA FARMS DISTRICT NO. 13,Seed,2022,2819,2.4,0.4,12900,1707,607,309,0.74
GARDENA FARMS DISTRICT NO. 13,Vegetable,2022,448,2.3,900,15.4,6466,4636,383,0.3
HUDSON BAY IRRIGATION DISTRICT NO.,Cereal Grain,2022,41,2.4,263.9,2.8,85,220,383,0.74
HUDSON BAY IRRIGATION DISTRICT NO.,Hay/Silage,2022,34,2.1,320,5.3,146,317,383,0.51
HYDRO-IRRIGATION DISTRICT NO. 9,Hay/Silage,2022,7,1.7,320,5.3,146,317,383,0.51
HYDRO-IRRIGATION DISTRICT NO. 9,Vegetable,2022,15,1.2,900,15.4,6466,4636,383,0.3
Irrigated area outside irrigation districts,Berry,2022,29,2,1900,4,5454,7676,231,0.25
Irrigated area outside irrigation districts,Cereal Grain,2022,13341,2.4,263.9,2.8,85,220,383,0.74
Irrigated area outside irrigation districts,Hay/Silage,2022,6554,2,320,5.3,146,317,383,0.51
Irrigated area outside irrigation districts,Herb,2022,17,2.1,424,0.1,305,549,383,0.41
Irrigated area outside irrigation districts,Oilseed,2022,628,2.6,590,0.9,915,732,383,0.74
Irrigated area outside irrigation districts,Orchard,2022,1243,2.5,3676,15.3,2074,3904,383,0.13
Irrigated area outside irrigation districts,Seed,2022,8890,2.2,0.4,12900,1707,607,309,0.74
Irrigated area outside irrigation districts,Vegetable,2022,5807,2.3,900,15.4,6466,4636,383,0.3
Irrigated area outside irrigation districts,Vineyard,2022,1813,2.1,903,5.8,2684,3538,383,0.13
LOWDEN IRRIGATION DISTRICT NO. 2,Cereal Grain,2022,67,2.4,263.9,2.8,85,220,383,0.74
LOWDEN IRRIGATION DISTRICT NO. 2,Hay/Silage,2022,29,2.6,320,5.3,146,317,383,0.51
LOWDEN IRRIGATION DISTRICT NO. 2,Seed,2022,115,2.1,0.4,12900,1707,607,309,0.74
MUD CREEK IRRIGATION DISTRICT NO. 7,Cereal Grain,2022,40,2.6,263.9,2.8,85,220,383,0.74
MUD CREEK IRRIGATION DISTRICT NO. 7,Seed,2022,3,2.7,0.4,12900,1707,607,309,0.74
MUD CREEK IRRIGATION DISTRICT NO. 7,Vegetable,2022,6,2.7,900,15.4,6466,4636,383,0.3
TOUCHET IRRIGATION DISTRICT NO. 16,Cereal Grain,2022,420,2.4,263.9,2.8,85,220,383,0.74
TOUCHET IRRIGATION DISTRICT NO. 16,Hay/Silage,2022,877,2.4,320,5.3,146,317,383,0.51
TOUCHET IRRIGATION DISTRICT NO. 16,Seed,2022,257,2.2,0.4,12900,1707,607,309,0.74
TOUCHET IRRIGATION DISTRICT NO. 16,Vegetable,2022,80,2,900,15.4,6466,4636,383,0.3
TWO RIVERS IRRIGATION DISTRICT NO. 19,Cereal Grain,2022,1256,1.9,263.9,2.8,85,220,383,0.74
TWO RIVERS IRRIGATION DISTRICT NO. 19,Hay/Silage,2022,290,2.5,320,5.3,146,317,383,0.51
TWO RIVERS IRRIGATION DISTRICT NO. 19,Herb,2022,108,2.2,424,0.1,305,549,383,0.41
TWO RIVERS IRRIGATION DISTRICT NO. 19,Orchard,2022,566,2.5,1697,15.3,2074,3904,383,0.13
TWO RIVERS IRRIGATION DISTRICT NO. 19,Vegetable,2022,1311,2.3,900,15.4,6466,4636,383,0.3
WALLA WALLA WATER & POWER DISTRICT NO. 18,Cereal Grain,2022,34,1.6,263.9,2.8,85,220,383,0.74
WALLA WALLA WATER & POWER DISTRICT NO. 18,Vegetable,2022,79,2,900,15.4,6466,4636,383,0.3
WATER DISTRIBUTION DISTRICT NO. 1,Hay/Silage,2022,7,1.5,320,5.3,146,317,383,0.51
WEST SIDE IRRIGATION DISTRICT NO. 5,Cereal Grain,2022,178,2.4,263.9,2.8,85,220,383,0.74
WEST SIDE IRRIGATION DISTRICT NO. 5,Hay/Silage,2022,253,2.5,320,5.3,146,317,383,0.51
WEST SIDE IRRIGATION DISTRICT NO. 5,Herb,2022,2,2.4,424,0.1,305,549,383,0.41
WEST SIDE IRRIGATION DISTRICT NO. 5,Seed,2022,520,2.4,0.4,12900,1707,607,309,0.74
WEST SIDE IRRIGATION DISTRICT NO. 5,Vegetable,2022,73,2.3,900,15.4,6466,4636,383,0.3
ARTESIA IRRIGATION DISTRICT NO. 8,Vineyard,2020,1,2.5,888.7,4.4,2376,3132,270,0.13
BLALOCK IRRIGATION DISTRICT NO. 3,Cereal Grain,2020,27,1.9,193.6,3.1,76,194,270,0.74
BLALOCK IRRIGATION DISTRICT NO. 3,Hay/Silage,2020,34,1.9,191,4.8,130,281,270,0.51
BLALOCK IRRIGATION DISTRICT NO. 3,Seed,2020,9,2.3,0.4,12900,1625,578,294,0.74
BLALOCK IRRIGATION DISTRICT NO. 3,Vegetable,2020,30,2.5,780,16.5,5724,4104,270,0.3
BLALOCK IRRIGATION DISTRICT NO. 3,Vineyard,2020,1,2.5,888.7,4.4,2376,3132,270,0.13
BLALOCK ORCHARDS IRRIGATION DISTRICT NO. 12,Cereal Grain,2020,16,1.7,193.6,3.1,76,194,270,0.74
BLALOCK ORCHARDS IRRIGATION DISTRICT NO. 12,Hay/Silage,2020,6,1.9,191,4.8,130,281,270,0.51
BLALOCK ORCHARDS IRRIGATION DISTRICT NO. 12,Vegetable,2020,2,1.4,780,16.5,5724,4104,270,0.3
BRADEN IRRIGATION DISTRICT NO. 20,Hay/Silage,2020,15,1.9,191,4.8,130,281,270,0.51
CONSOLIDATED IRRIGATION DISTRICT NO. 14,Cereal Grain,2020,25,2,193.6,3.1,76,194,270,0.74
CONSOLIDATED IRRIGATION DISTRICT NO. 14,Hay/Silage,2020,5,2,191,4.8,130,281,270,0.51
CONSOLIDATED IRRIGATION DISTRICT NO. 14,Seed,2020,1,2,0.4,12900,1625,578,294,0.74
EAST SIDE IRRIGATION DISTRICT NO. 6,Cereal Grain,2020,184,2.5,193.6,3.1,76,194,270,0.74
EAST SIDE IRRIGATION DISTRICT NO. 6,Hay/Silage,2020,180,2.7,191,4.8,130,281,270,0.51
EAST SIDE IRRIGATION DISTRICT NO. 6,Seed,2020,299,2.1,0.4,12900,1625,578,294,0.74
EAST SIDE IRRIGATION DISTRICT NO. 6,Vegetable,2020,44,2.1,780,16.5,5724,4104,270,0.3
GARDENA FARMS DISTRICT NO. 13,Cereal Grain,2020,2070,2.5,193.6,3.1,76,194,270,0.74
GARDENA FARMS DISTRICT NO. 13,Hay/Silage,2020,773,2.3,191,4.8,130,281,270,0.51
GARDENA FARMS DISTRICT NO. 13,Orchard,2020,7,2.3,5536,16.9,1836,3456,270,0.13
GARDENA FARMS DISTRICT NO. 13,Seed,2020,2926,2.6,0.4,12900,1625,578,294,0.74
GARDENA FARMS DISTRICT NO. 13,Vegetable,2020,255,2.5,780,16.5,5724,4104,270,0.3
GARDENA FARMS DISTRICT NO. 13,Vineyard,2020,4,2.4,888.7,4.4,2376,3132,270,0.13
HUDSON BAY IRRIGATION DISTRICT NO.,Cereal Grain,2020,1,2.2,193.6,3.1,76,194,270,0.74
HUDSON BAY IRRIGATION DISTRICT NO.,Hay/Silage,2020,34,2.4,191,4.8,130,281,270,0.51
HUDSON BAY IRRIGATION DISTRICT NO.,Seed,2020,39,2.2,0.4,12900,1625,578,294,0.74
HYDRO-IRRIGATION DISTRICT NO. 9,Hay/Silage,2020,24,1.9,191,4.8,130,281,270,0.51
HYDRO-IRRIGATION DISTRICT NO. 9,Vegetable,2020,12,1.6,780,16.5,5724,4104,270,0.3
Irrigated area outside irrigation districts,Berry,2020,25,2,1900,4,5454,7676,231,0.25
Irrigated area outside irrigation districts,Cereal Grain,2020,16919,2.3,193.6,3.1,76,194,270,0.74
Irrigated area outside irrigation districts,Hay/Silage,2020,6822,2,191,4.8,130,281,270,0.51
Irrigated area outside irrigation districts,Herb,2020,444,2.1,424,0.1,305,549,294,0.41
Irrigated area outside irrigation districts,Oilseed,2020,318,2.4,385,0.8,881.5,705,287.5,0.74
Irrigated area outside irrigation districts,Orchard,2020,1285,2.4,3606,16.9,1836,3456,270,0.13
Irrigated area outside irrigation districts,Seed,2020,7905,2.3,0.4,12900,1625,578,294,0.74
Irrigated area outside irrigation districts,Vegetable,2020,4488,2.3,780,16.5,5724,4104,270,0.3
Irrigated area outside irrigation districts,Vineyard,2020,1817,2.3,888.7,4.4,2376,3132,270,0.13
LOWDEN IRRIGATION DISTRICT NO. 2,Cereal Grain,2020,54,2.3,193.6,3.1,76,194,270,0.74
LOWDEN IRRIGATION DISTRICT NO. 2,Hay/Silage,2020,50,2.8,191,4.8,130,281,270,0.51
LOWDEN IRRIGATION DISTRICT NO. 2,Seed,2020,89,2.2,0.4,12900,1625,578,294,0.74
MUD CREEK IRRIGATION DISTRICT NO. 7,Cereal Grain,2020,13,2.8,193.6,3.1,76,194,270,0.74
MUD CREEK IRRIGATION DISTRICT NO. 7,Seed,2020,38,2.6,0.4,12900,1625,578,294,0.74
ORCHARD IRRIGATION DISTRICT NO. 10,Hay/Silage,2020,2,2,191,4.8,130,281,270,0.51
ORCHARD IRRIGATION DISTRICT NO. 10,Vegetable,2020,1,2,780,16.5,5724,4104,270,0.3
TOUCHET IRRIGATION DISTRICT NO. 16,Cereal Grain,2020,970,2.4,193.6,3.1,76,194,270,0.74
TOUCHET IRRIGATION DISTRICT NO. 16,Hay/Silage,2020,574,2,191,4.8,130,281,270,0.51
TOUCHET IRRIGATION DISTRICT NO. 16,Seed,2020,347,2.3,0.4,12900,1625,578,294,0.74
TOUCHET IRRIGATION DISTRICT NO. 16,Vegetable,2020,1,1.8,780,16.5,5724,4104,270,0.3
TWO RIVERS IRRIGATION DISTRICT NO. 19,Cereal Grain,2020,673,2.7,193.6,3.1,76,194,270,0.74
TWO RIVERS IRRIGATION DISTRICT NO. 19,Hay/Silage,2020,624,2,191,4.8,130,281,270,0.51
TWO RIVERS IRRIGATION DISTRICT NO. 19,Orchard,2020,566,2.6,1676,16.9,1836,3456,270,0.13
TWO RIVERS IRRIGATION DISTRICT NO. 19,Vegetable,2020,1573,2.6,780,16.5,5724,4104,270,0.3
WALLA WALLA WATER & POWER DISTRICT NO. 18,Cereal Grain,2020,34,1.5,193.6,3.1,76,194,270,0.74
WALLA WALLA WATER & POWER DISTRICT NO. 18,Vegetable,2020,79,2.5,780,16.5,5724,4104,270,0.3
WATER DISTRIBUTION DISTRICT NO. 1,Hay/Silage,2020,3,1.6,191,4.8,130,281,270,0.51
WATER DISTRIBUTION DISTRICT NO. 1,Seed,2020,3,1.6,0.4,12900,1625,578,294,0.74
WEST SIDE IRRIGATION DISTRICT NO. 5,Cereal Grain,2020,493,2.2,193.6,3.1,76,194,270,0.74
WEST SIDE IRRIGATION DISTRICT NO. 5,Hay/Silage,2020,165,2.4,191,4.8,130,281,270,0.51
WEST SIDE IRRIGATION DISTRICT NO. 5,Seed,2020,534,2.7,0.4,12900,1625,578,294,0.74
WEST SIDE IRRIGATION DISTRICT NO. 5,Vegetable,2020,32,2.4,780,16.5,5724,4104,270,0.3
ARTESIA IRRIGATION DISTRICT NO. 8,Vineyard,2021,1,2.5,936.7,4,2486,3277,281,0.13
BLALOCK IRRIGATION DISTRICT NO. 3,Cereal Grain,2021,22,1.8,275,1.9,79,203,281,0.74
BLALOCK IRRIGATION DISTRICT NO. 3,Hay/Silage,2021,14,1.9,232,4.7,136,294,281,0.51
BLALOCK IRRIGATION DISTRICT NO. 3,Seed,2021,12,1.8,0.4,12900,1666,592,301,0.74
BLALOCK IRRIGATION DISTRICT NO. 3,Vegetable,2021,17,2.5,856,15.2,5989,4294,281,0.3
BLALOCK IRRIGATION DISTRICT NO. 3,Vineyard,2021,1,2.5,936.7,4,2486,3277,281,0.13
BLALOCK ORCHARDS IRRIGATION DISTRICT NO. 12,Cereal Grain,2021,4,1.4,275,1.9,79,203,281,0.74
BLALOCK ORCHARDS IRRIGATION DISTRICT NO. 12,Hay/Silage,2021,6,1.4,232,4.7,136,294,281,0.51
BLALOCK ORCHARDS IRRIGATION DISTRICT NO. 12,Seed,2021,7,1.4,0.4,12900,1666,592,301,0.74
BLALOCK ORCHARDS IRRIGATION DISTRICT NO. 12,Vegetable,2021,2,1.8,856,15.2,5989,4294,281,0.3
BRADEN IRRIGATION DISTRICT NO. 20,Cereal Grain,2021,15,1.5,275,1.9,79,203,281,0.74
CONSOLIDATED IRRIGATION DISTRICT NO. 14,Cereal Grain,2021,15,2.2,275,1.9,79,203,281,0.74
CONSOLIDATED IRRIGATION DISTRICT NO. 14,Hay/Silage,2021,2,2.2,232,4.7,136,294,281,0.51
CONSOLIDATED IRRIGATION DISTRICT NO. 14,Seed,2021,15,2.2,0.4,12900,1666,592,301,0.74
CONSOLIDATED IRRIGATION DISTRICT NO. 14,Vegetable,2021,1,2.2,856,15.2,5989,4294,281,0.3
EAST SIDE IRRIGATION DISTRICT NO. 6,Cereal Grain,2021,139,2.6,275,1.9,79,203,281,0.74
EAST SIDE IRRIGATION DISTRICT NO. 6,Hay/Silage,2021,199,2.2,232,4.7,136,294,281,0.51
EAST SIDE IRRIGATION DISTRICT NO. 6,Seed,2021,246,2.4,0.4,12900,1666,592,301,0.74
EAST SIDE IRRIGATION DISTRICT NO. 6,Vegetable,2021,111,2.1,856,15.2,5989,4294,281,0.3
GARDENA FARMS DISTRICT NO. 13,Cereal Grain,2021,1721,2.8,275,1.9,79,203,281,0.74
GARDENA FARMS DISTRICT NO. 13,Hay/Silage,2021,873,1.7,232,4.7,136,294,281,0.51
GARDENA FARMS DISTRICT NO. 13,Oilseed,2021,110,2.8,400,0.6,848,678,281,0.74
GARDENA FARMS DISTRICT NO. 13,Orchard,2021,7,2.8,4677,17.1,1921,3616,281,0.13
GARDENA FARMS DISTRICT NO. 13,Seed,2021,2819,2.3,0.4,12900,1666,592,301,0.74
GARDENA FARMS DISTRICT NO. 13,Vegetable,2021,448,2.3,856,15.2,5989,4294,281,0.3
HUDSON BAY IRRIGATION DISTRICT NO.,Cereal Grain,2021,41,2.7,275,1.9,79,203,281,0.74
HUDSON BAY IRRIGATION DISTRICT NO.,Hay/Silage,2021,34,2,232,4.7,136,294,281,0.51
HYDRO-IRRIGATION DISTRICT NO. 9,Hay/Silage,2021,7,1.7,232,4.7,136,294,281,0.51
HYDRO-IRRIGATION DISTRICT NO. 9,Vegetable,2021,15,1.6,856,15.2,5989,4294,281,0.3
Irrigated area outside irrigation districts,Berry,2021,29,2,1900,4,5454,7676,231,0.25
Irrigated area outside irrigation districts,Cereal Grain,2021,13341,2.4,275,1.9,79,203,281,0.74
Irrigated area outside irrigation districts,Hay/Silage,2021,6554,2.1,232,4.7,136,294,281,0.51
Irrigated area outside irrigation districts,Herb,2021,10,2.2,386,0.1,283,509,281,0.41
Irrigated area outside irrigation districts,Oilseed,2021,628,2.8,400,0.6,848,678,281,0.74
Irrigated area outside irrigation districts,Orchard,2021,1243,2.4,3029,17.1,1921,3616,281,0.13
Irrigated area outside irrigation districts,Seed,2021,8898,2.2,0.4,12900,1666,592,301,0.74
Irrigated area outside irrigation districts,Vegetable,2021,5807,2.3,856,15.2,5989,4294,281,0.3
Irrigated area outside irrigation districts,Vineyard,2021,1813,2.2,936.7,4,2486,3277,281,0.13
LOWDEN IRRIGATION DISTRICT NO. 2,Cereal Grain,2021,67,2.8,275,1.9,79,203,281,0.74
LOWDEN IRRIGATION DISTRICT NO. 2,Hay/Silage,2021,29,2.9,232,4.7,136,294,281,0.51
LOWDEN IRRIGATION DISTRICT NO. 2,Seed,2021,115,2.1,0.4,12900,1666,592,301,0.74
MUD CREEK IRRIGATION DISTRICT NO. 7,Cereal Grain,2021,40,3,275,1.9,79,203,281,0.74
MUD CREEK IRRIGATION DISTRICT NO. 7,Seed,2021,3,3,0.4,12900,1666,592,301,0.74
MUD CREEK IRRIGATION DISTRICT NO. 7,Vegetable,2021,6,3,856,15.2,5989,4294,281,0.3
TOUCHET IRRIGATION DISTRICT NO. 16,Cereal Grain,2021,420,2.4,275,1.9,79,203,281,0.74
TOUCHET IRRIGATION DISTRICT NO. 16,Hay/Silage,2021,877,2.2,232,4.7,136,294,281,0.51
TOUCHET IRRIGATION DISTRICT NO. 16,Seed,2021,257,2.2,0.4,12900,1666,592,301,0.74
TOUCHET IRRIGATION DISTRICT NO. 16,Vegetable,2021,80,2.1,856,15.2,5989,4294,281,0.3
TWO RIVERS IRRIGATION DISTRICT NO. 19,Cereal Grain,2021,1256,1.4,275,1.9,79,203,281,0.74
TWO RIVERS IRRIGATION DISTRICT NO. 19,Hay/Silage,2021,290,2.9,232,4.7,136,294,281,0.51
TWO RIVERS IRRIGATION DISTRICT NO. 19,Herb,2021,108,2.3,386,0.1,283,509,281,0.41
TWO RIVERS IRRIGATION DISTRICT NO. 19,Orchard,2021,566,2.6,1381,17.1,1921,3616,281,0.13
TWO RIVERS IRRIGATION DISTRICT NO. 19,Vegetable,2021,1311,2.3,856,15.2,5989,4294,281,0.3
WALLA WALLA WATER & POWER DISTRICT NO. 18,Cereal Grain,2021,34,1.4,275,1.9,79,203,281,0.74
WALLA WALLA WATER & POWER DISTRICT NO. 18,Vegetable,2021,79,2.6,856,15.2,5989,4294,281,0.3
WATER DISTRIBUTION DISTRICT NO. 1,Hay/Silage,2021,7,1.9,232,4.7,136,294,281,0.51
WEST SIDE IRRIGATION DISTRICT NO. 5,Cereal Grain,2021,178,2.8,275,1.9,79,203,281,0.74
WEST SIDE IRRIGATION DISTRICT NO. 5,Hay/Silage,2021,253,2.5,232,4.7,136,294,281,0.51
WEST SIDE IRRIGATION DISTRICT NO. 5,Herb,2021,2,2.8,386,0.1,283,509,281,0.41
WEST SIDE IRRIGATION DISTRICT NO. 5,Seed,2021,520,2.4,0.4,12900,1666,592,301,0.74
WEST SIDE IRRIGATION DISTRICT NO. 5,Vegetable,2021,73,2.4,856,15.2,5989,4294,281,0.3
ARTESIA IRRIGATION DISTRICT NO. 8,Vineyard,2019,1,2.3,776.7,5.3,2354,3103,260,0.13
BLALOCK IRRIGATION DISTRICT NO. 3,Cereal Grain,2019,27,2.4,180.4,2.8,75,193,260,0.74
BLALOCK IRRIGATION DISTRICT NO. 3,Hay/Silage,2019,34,1.9,193,4.7,128,278,260,0.51
BLALOCK IRRIGATION DISTRICT NO. 3,Seed,2019,9,2.3,0.4,12900,1586,564,286,0.74
BLALOCK IRRIGATION DISTRICT NO. 3,Vegetable,2019,30,2.1,780,16.6,5671,4066,260,0.3
BLALOCK IRRIGATION DISTRICT NO. 3,Vineyard,2019,1,2.3,776.7,5.3,2354,3103,260,0.13
BLALOCK ORCHARDS IRRIGATION DISTRICT NO. 12,Cereal Grain,2019,16,2.4,180.4,2.8,75,193,260,0.74
BLALOCK ORCHARDS IRRIGATION DISTRICT NO. 12,Hay/Silage,2019,6,2.1,193,4.7,128,278,260,0.51
BLALOCK ORCHARDS IRRIGATION DISTRICT NO. 12,Vegetable,2019,2,2.3,780,16.6,5671,4066,260,0.3
BRADEN IRRIGATION DISTRICT NO. 20,Hay/Silage,2019,15,1.7,193,4.7,128,278,260,0.51
CONSOLIDATED IRRIGATION DISTRICT NO. 14,Cereal Grain,2019,25,2.4,180.4,2.8,75,193,260,0.74
CONSOLIDATED IRRIGATION DISTRICT NO. 14,Hay/Silage,2019,5,2.1,193,4.7,128,278,260,0.51
CONSOLIDATED IRRIGATION DISTRICT NO. 14,Seed,2019,1,1.9,0.4,12900,1586,564,286,0.74
EAST SIDE IRRIGATION DISTRICT NO. 6,Cereal Grain,2019,184,2.3,180.4,2.8,75,193,260,0.74
EAST SIDE IRRIGATION DISTRICT NO. 6,Hay/Silage,2019,180,2.6,193,4.7,128,278,260,0.51
EAST SIDE IRRIGATION DISTRICT NO. 6,Seed,2019,299,1.8,0.4,12900,1586,564,286,0.74
EAST SIDE IRRIGATION DISTRICT NO. 6,Vegetable,2019,44,2.2,780,16.6,5671,4066,260,0.3
GARDENA FARMS DISTRICT NO. 13,Cereal Grain,2019,2070,2.5,180.4,2.8,75,193,260,0.74
GARDENA FARMS DISTRICT NO. 13,Hay/Silage,2019,773,2.3,193,4.7,128,278,260,0.51
GARDENA FARMS DISTRICT NO. 13,Orchard,2019,7,2.3,4142,18.9,1819,3424,260,0.13
GARDENA FARMS DISTRICT NO. 13,Seed,2019,2926,2.4,0.4,12900,1586,564,286,0.74
GARDENA FARMS DISTRICT NO. 13,Vegetable,2019,255,2.4,780,16.6,5671,4066,260,0.3
GARDENA FARMS DISTRICT NO. 13,Vineyard,2019,4,2.3,776.7,5.3,2354,3103,260,0.13
HUDSON BAY IRRIGATION DISTRICT NO.,Cereal Grain,2019,1,1.8,180.4,2.8,75,193,260,0.74
HUDSON BAY IRRIGATION DISTRICT NO.,Hay/Silage,2019,34,1.6,193,4.7,128,278,260,0.51
HUDSON BAY IRRIGATION DISTRICT NO.,Seed,2019,39,1.8,0.4,12900,1586,564,286,0.74
HYDRO-IRRIGATION DISTRICT NO. 9,Hay/Silage,2019,24,1.9,193,4.7,128,278,260,0.51
HYDRO-IRRIGATION DISTRICT NO. 9,Vegetable,2019,12,1.5,780,16.6,5671,4066,260,0.3
Irrigated area outside irrigation districts,Berry,2019,25,2,1900,4,5454,7676,231,0.25
Irrigated area outside irrigation districts,Cereal Grain,2019,16863,2.4,180.4,2.8,75,193,260,0.74
Irrigated area outside irrigation districts,Hay/Silage,2019,6822,2.1,193,4.7,128,278,260,0.51
Irrigated area outside irrigation districts,Herb,2019,444,2.1,424,0.1,305,549,294,0.41
Irrigated area outside irrigation districts,Oilseed,2019,318,2.4,385,0.8,881.5,705,287.5,0.74
Irrigated area outside irrigation districts,Orchard,2019,1285,2.3,2688,18.9,1819,3424,260,0.13
Irrigated area outside irrigation districts,Seed,2019,7905,2.3,0.4,12900,1586,564,286,0.74
Irrigated area outside irrigation districts,Vegetable,2019,4542,2.3,780,16.6,5671,4066,260,0.3
Irrigated area outside irrigation districts,Vineyard,2019,1817,2.3,776.7,5.3,2354,3103,260,0.13
LOWDEN IRRIGATION DISTRICT NO. 2,Cereal Grain,2019,54,2.4,180.4,2.8,75,193,260,0.74
LOWDEN IRRIGATION DISTRICT NO. 2,Hay/Silage,2019,50,2.6,193,4.7,128,278,260,0.51
LOWDEN IRRIGATION DISTRICT NO. 2,Seed,2019,89,2.4,0.4,12900,1586,564,286,0.74
MUD CREEK IRRIGATION DISTRICT NO. 7,Cereal Grain,2019,13,2.5,180.4,2.8,75,193,260,0.74
MUD CREEK IRRIGATION DISTRICT NO. 7,Seed,2019,38,2.8,0.4,12900,1586,564,286,0.74
ORCHARD IRRIGATION DISTRICT NO. 10,Hay/Silage,2019,2,1.7,193,4.7,128,278,260,0.51
ORCHARD IRRIGATION DISTRICT NO. 10,Vegetable,2019,1,1.7,780,16.6,5671,4066,260,0.3
TOUCHET IRRIGATION DISTRICT NO. 16,Cereal Grain,2019,970,2.4,180.4,2.8,75,193,260,0.74
TOUCHET IRRIGATION DISTRICT NO. 16,Hay/Silage,2019,574,2.2,193,4.7,128,278,260,0.51
TOUCHET IRRIGATION DISTRICT NO. 16,Seed,2019,347,1.9,0.4,12900,1586,564,286,0.74
TOUCHET IRRIGATION DISTRICT NO. 16,Vegetable,2019,1,1.9,780,16.6,5671,4066,260,0.3
TWO RIVERS IRRIGATION DISTRICT NO. 19,Cereal Grain,2019,673,2.6,180.4,2.8,75,193,260,0.74
TWO RIVERS IRRIGATION DISTRICT NO. 19,Hay/Silage,2019,624,1.8,193,4.7,128,278,260,0.51
TWO RIVERS IRRIGATION DISTRICT NO. 19,Orchard,2019,526,2.4,1234,18.9,1819,3424,260,0.13
TWO RIVERS IRRIGATION DISTRICT NO. 19,Vegetable,2019,1614,2.6,780,16.6,5671,4066,260,0.3
WALLA WALLA WATER & POWER DISTRICT NO. 18,Vegetable,2019,34,2.3,780,16.6,5671,4066,260,0.3
WATER DISTRIBUTION DISTRICT NO. 1,Hay/Silage,2019,3,1.6,193,4.7,128,278,260,0.51
WATER DISTRIBUTION DISTRICT NO. 1,Seed,2019,3,1.6,0.4,12900,1586,564,286,0.74
WEST SIDE IRRIGATION DISTRICT NO. 5,Cereal Grain,2019,493,2.3,180.4,2.8,75,193,260,0.74
WEST SIDE IRRIGATION DISTRICT NO. 5,Hay/Silage,2019,165,2.2,193,4.7,128,278,260,0.51
WEST SIDE IRRIGATION DISTRICT NO. 5,Seed,2019,534,2.2,0.4,12900,1586,564,286,0.74
WEST SIDE IRRIGATION DISTRICT NO. 5,Vegetable,2019,32,2.9,780,16.6,5671,4066,260,0.3
ARTESIA IRRIGATION DISTRICT NO. 8,Vineyard,2015,1,2.562,678.6666667,5.788732394,2200,2900,222,0.13
BLALOCK IRRIGATION DISTRICT NO. 3,Berry,2015,1,1.811,2273,3.962566845,5400,7600,222,0.25
BLALOCK IRRIGATION DISTRICT NO. 3,Cereal Grain,2015,29,1.855503829,160,2.213139293,70,180,222,0.74
BLALOCK IRRIGATION DISTRICT NO. 3,Hay/Silage,2015,37,1.852347341,174,5.418390805,120,260,222,0.51
BLALOCK IRRIGATION DISTRICT NO. 3,Seed,2015,10,2.316699845,0.3747,12900,1436,511,259,0.74
BLALOCK IRRIGATION DISTRICT NO. 3,Vegetable,2015,37,2.562335685,255,26.88743272,5300,3800,222,0.3
BLALOCK IRRIGATION DISTRICT NO. 3,Vineyard,2015,1,2.562,678.6666667,5.788732394,2200,2900,222,0.13
BLALOCK ORCHARDS IRRIGATION DISTRICT NO. 12,Berry,2015,1,1.811,2273,3.962566845,5400,7600,222,0.25
BLALOCK ORCHARDS IRRIGATION DISTRICT NO. 12,Cereal Grain,2015,18,1.832013574,160,2.213139293,70,180,222,0.74
BLALOCK ORCHARDS IRRIGATION DISTRICT NO. 12,Hay/Silage,2015,6,1.8,174,5.4,120,260,222,0.51
BLALOCK ORCHARDS IRRIGATION DISTRICT NO. 12,Seed,2015,7,2,0.4,12900,1436,511,259,0.74
BLALOCK ORCHARDS IRRIGATION DISTRICT NO. 12,Vegetable,2015,1,1.9,255,26.9,5300,3800,222,0.3
BRADEN IRRIGATION DISTRICT NO. 20,Hay/Silage,2015,15,2,174,5.4,120,260,222,0.51
CONSOLIDATED IRRIGATION DISTRICT NO. 14,Cereal Grain,2015,2,2.4,160,2.2,70,180,222,0.74
CONSOLIDATED IRRIGATION DISTRICT NO. 14,Hay/Silage,2015,7,2.6,174,5.4,120,260,222,0.51
CONSOLIDATED IRRIGATION DISTRICT NO. 14,Seed,2015,3,2.4,0.4,12900,1436,511,259,0.74
CONSOLIDATED IRRIGATION DISTRICT NO. 14,Vegetable,2015,24,2.2,255,26.9,5300,3800,222,0.3
EAST SIDE IRRIGATION DISTRICT NO. 6,Cereal Grain,2015,178,2.8,160,2.2,70,180,222,0.74
EAST SIDE IRRIGATION DISTRICT NO. 6,Hay/Silage,2015,265,2.8,174,5.4,120,260,222,0.51
EAST SIDE IRRIGATION DISTRICT NO. 6,Seed,2015,168,2.1,0.4,12900,1436,511,259,0.74
EAST SIDE IRRIGATION DISTRICT NO. 6,Vegetable,2015,121,2.4,255,26.9,5300,3800,222,0.3
GARDENA FARMS DISTRICT NO. 13,Cereal Grain,2015,1432,2.8,160,2.2,70,180,222,0.74
GARDENA FARMS DISTRICT NO. 13,Hay/Silage,2015,755,3,174,5.4,120,260,222,0.51
GARDENA FARMS DISTRICT NO. 13,Orchard,2015,7,3,4446,16.2,1700,3200,222,0.13
GARDENA FARMS DISTRICT NO. 13,Seed,2015,3656,2.3,0.4,12900,1436,511,259,0.74
GARDENA FARMS DISTRICT NO. 13,Vegetable,2015,160,3.1,255,26.9,5300,3800,222,0.3
GARDENA FARMS DISTRICT NO. 13,Vineyard,2015,4,2.6,678.7,5.8,2200,2900,222,0.13
HUDSON BAY IRRIGATION DISTRICT NO.,Hay/Silage,2015,62,1.7,174,5.4,120,260,222,0.51
HUDSON BAY IRRIGATION DISTRICT NO.,Vegetable,2015,16,1.9,255,26.9,5300,3800,222,0.3
HYDRO-IRRIGATION DISTRICT NO. 9,Hay/Silage,2015,27,1.6,174,5.4,120,260,222,0.51
HYDRO-IRRIGATION DISTRICT NO. 9,Vegetable,2015,15,1.7,255,26.9,5300,3800,222,0.3
Irrigated area outside irrigation districts,Berry,2015,29,1.9,2273,4,5400,7600,222,0.25
Irrigated area outside irrigation districts,Cereal Grain,2015,14089,2.5,160,2.2,70,180,222,0.74
Irrigated area outside irrigation districts,Hay/Silage,2015,7689,2.3,174,5.4,120,260,222,0.51
Irrigated area outside irrigation districts,Herb,2015,711,2.1,424,0.1,305,549,294,0.41
Irrigated area outside irrigation districts,Oilseed,2015,165,2.4,385,0.8,881.5,705,287.5,0.74
Irrigated area outside irrigation districts,Orchard,2015,1287,2.6,1269,16.2,1700,3200,222,0.13
Irrigated area outside irrigation districts,Seed,2015,9371,2.3,0.4,12900,1436,511,259,0.74
Irrigated area outside irrigation districts,Vegetable,2015,3601,2.4,255,26.9,5300,3800,222,0.3
Irrigated area outside irrigation districts,Vineyard,2015,1777,2.1,678.7,5.8,2200,2900,222,0.13
LOWDEN IRRIGATION DISTRICT NO. 2,Cereal Grain,2015,55,2.9,160,2.2,70,180,222,0.74
LOWDEN IRRIGATION DISTRICT NO. 2,Hay/Silage,2015,46,3,174,5.4,120,260,222,0.51
LOWDEN IRRIGATION DISTRICT NO. 2,Seed,2015,72,2.5,0.4,12900,1436,511,259,0.74
LOWDEN IRRIGATION DISTRICT NO. 2,Vegetable,2015,18,2.7,255,26.9,5300,3800,222,0.3
MUD CREEK IRRIGATION DISTRICT NO. 7,Cereal Grain,2015,30,3,160,2.2,70,180,222,0.74
MUD CREEK IRRIGATION DISTRICT NO. 7,Seed,2015,22,2.4,0.4,12900,1436,511,259,0.74
ORCHARD IRRIGATION DISTRICT NO. 10,Hay/Silage,2015,2,1.9,174,5.4,120,260,222,0.51
TOUCHET IRRIGATION DISTRICT NO. 16,Cereal Grain,2015,665,2.1,160,2.2,70,180,222,0.74
TOUCHET IRRIGATION DISTRICT NO. 16,Hay/Silage,2015,621,2.1,174,5.4,120,260,222,0.51
TOUCHET IRRIGATION DISTRICT NO. 16,Orchard,2015,1,2.1,1269,16.2,1700,3200,222,0.13
TOUCHET IRRIGATION DISTRICT NO. 16,Seed,2015,554,1.9,0.4,12900,1436,511,259,0.74
TOUCHET IRRIGATION DISTRICT NO. 16,Vegetable,2015,107,2.3,255,26.9,5300,3800,222,0.3
TWO RIVERS IRRIGATION DISTRICT NO. 19,Cereal Grain,2015,1124,2.8,160,2.2,70,180,222,0.74
TWO RIVERS IRRIGATION DISTRICT NO. 19,Hay/Silage,2015,2,2.5,174,5.4,120,260,222,0.51
TWO RIVERS IRRIGATION DISTRICT NO. 19,Orchard,2015,455,2.6,1269,16.2,1700,3200,222,0.13
TWO RIVERS IRRIGATION DISTRICT NO. 19,Vegetable,2015,2032,2.7,255,26.9,5300,3800,222,0.3
WALLA WALLA WATER & POWER DISTRICT NO. 18,Vegetable,2015,34,0.9,255,26.9,5300,3800,222,0.3
WATER DISTRIBUTION DISTRICT NO. 1,Hay/Silage,2015,8,1.8,174,5.4,120,260,222,0.51
WEST SIDE IRRIGATION DISTRICT NO. 5,Cereal Grain,2015,236,2.1,160,2.2,70,180,222,0.74
WEST SIDE IRRIGATION DISTRICT NO. 5,Hay/Silage,2015,258,2.6,174,5.4,120,260,222,0.51
WEST SIDE IRRIGATION DISTRICT NO. 5,Seed,2015,697,2.6,0.4,12900,1436,511,259,0.74
WEST SIDE IRRIGATION DISTRICT NO. 5,Vegetable,2015,113,2.5,255,26.9,5300,3800,222,0.3
ARTESIA IRRIGATION DISTRICT NO. 8,Vineyard,2016,1,2,703,7,2222,2929,231,0.13
BLALOCK IRRIGATION DISTRICT NO. 3,Berry,2016,1,2,1900,4,5454,7676,231,0.25
BLALOCK IRRIGATION DISTRICT NO. 3,Cereal Grain,2016,29,2,146,3,71,182,231,0.74
BLALOCK IRRIGATION DISTRICT NO. 3,Hay/Silage,2016,37,2,142,5,253,455,231,0.51
BLALOCK IRRIGATION DISTRICT NO. 3,Seed,2016,10,2,0,12900,1472,524,266,0.74
BLALOCK IRRIGATION DISTRICT NO. 3,Vegetable,2016,37,2,255,16,5353,3838,231,0.3
BLALOCK IRRIGATION DISTRICT NO. 3,Vineyard,2016,1,2,703,7,2222,2929,231,0.13
BLALOCK ORCHARDS IRRIGATION DISTRICT NO. 12,Berry,2016,1,2,1900,4,5454,7676,231,0.25
BLALOCK ORCHARDS IRRIGATION DISTRICT NO. 12,Cereal Grain,2016,18,2,146,3,71,182,231,0.74
BLALOCK ORCHARDS IRRIGATION DISTRICT NO. 12,Hay/Silage,2016,6,2,142,5,253,455,231,0.51
BLALOCK ORCHARDS IRRIGATION DISTRICT NO. 12,Seed,2016,7,2,0.4,12900,1472,524,266,0.74
BLALOCK ORCHARDS IRRIGATION DISTRICT NO. 12,Vegetable,2016,1,2,255,16,5353,3838,231,0.3
BRADEN IRRIGATION DISTRICT NO. 20,Hay/Silage,2016,15,2,142,5,253,455,231,0.51
CONSOLIDATED IRRIGATION DISTRICT NO. 14,Cereal Grain,2016,2,2,146,3,71,182,231,0.74
CONSOLIDATED IRRIGATION DISTRICT NO. 14,Hay/Silage,2016,7,2,142,5,253,455,231,0.51
CONSOLIDATED IRRIGATION DISTRICT NO. 14,Seed,2016,3,2,0.4,12900,1472,524,266,0.74
CONSOLIDATED IRRIGATION DISTRICT NO. 14,Vegetable,2016,24,2,255,16,5353,3838,231,0.3
EAST SIDE IRRIGATION DISTRICT NO. 6,Cereal Grain,2016,178,3,146,3,71,182,231,0.74
EAST SIDE IRRIGATION DISTRICT NO. 6,Hay/Silage,2016,265,3,142,5,253,455,231,0.51
EAST SIDE IRRIGATION DISTRICT NO. 6,Seed,2016,168,2,0.4,12900,1472,524,266,0.74
EAST SIDE IRRIGATION DISTRICT NO. 6,Vegetable,2016,121,2,255,16,5353,3838,231,0.3
GARDENA FARMS DISTRICT NO. 13,Cereal Grain,2016,1432,3,146,3,71,182,231,0.74
GARDENA FARMS DISTRICT NO. 13,Hay/Silage,2016,755,3,142,5,253,455,231,0.51
GARDENA FARMS DISTRICT NO. 13,Orchard,2016,7,3,4772,19,1717,3232,231,0.13
GARDENA FARMS DISTRICT NO. 13,Seed,2016,3656,3,0.4,12900,1472,524,266,0.74
GARDENA FARMS DISTRICT NO. 13,Vegetable,2016,160,3,255,16,5353,3838,231,0.3
GARDENA FARMS DISTRICT NO. 13,Vineyard,2016,4,2,702.7,7,2222,2929,231,0.13
HUDSON BAY IRRIGATION DISTRICT NO.,Hay/Silage,2016,62,2,142,5,253,455,231,0.51
HUDSON BAY IRRIGATION DISTRICT NO.,Vegetable,2016,16,2,255,16,5353,3838,231,0.3
HYDRO-IRRIGATION DISTRICT NO. 9,Hay/Silage,2016,27,2,142,5,253,455,231,0.51
HYDRO-IRRIGATION DISTRICT NO. 9,Vegetable,2016,15,2,255,16,5353,3838,231,0.3
Irrigated area outside irrigation districts,Berry,2016,29,2,1900,4,5454,7676,231,0.25
Irrigated area outside irrigation districts,Cereal Grain,2016,14083,2,146,3,71,182,231,0.74
Irrigated area outside irrigation districts,Hay/Silage,2016,7703,2,142,5,253,455,231,0.51
Irrigated area outside irrigation districts,Herb,2016,711,2,424,0,305,549,294,0.41
Irrigated area outside irrigation districts,Oilseed,2016,165,2,385,1,882,705,288,0.74
Irrigated area outside irrigation districts,Orchard,2016,1287,2,1364,19,1717,3232,231,0.13
Irrigated area outside irrigation districts,Seed,2016,9436,2,0.4,12900,1472,524,266,0.74
Irrigated area outside irrigation districts,Vegetable,2016,3601,2,255,16,5353,3838,231,0.3
Irrigated area outside irrigation districts,Vineyard,2016,1792,2,702.7,7,2222,2929,231,0.13
LOWDEN IRRIGATION DISTRICT NO. 2,Cereal Grain,2016,55,3,146,3,71,182,231,0.74
LOWDEN IRRIGATION DISTRICT NO. 2,Hay/Silage,2016,46,3,142,5,253,455,231,0.51
LOWDEN IRRIGATION DISTRICT NO. 2,Seed,2016,72,3,0.4,12900,1472,524,266,0.74
LOWDEN IRRIGATION DISTRICT NO. 2,Vegetable,2016,18,3,255,16,5353,3838,231,0.3
MUD CREEK IRRIGATION DISTRICT NO. 7,Cereal Grain,2016,30,3,146,3,71,182,231,0.74
MUD CREEK IRRIGATION DISTRICT NO. 7,Seed,2016,22,2,0.4,12900,1472,524,266,0.74
ORCHARD IRRIGATION DISTRICT NO. 10,Hay/Silage,2016,2,2,142,5,253,455,231,0.51
TOUCHET IRRIGATION DISTRICT NO. 16,Cereal Grain,2016,671,2,146,3,71,182,231,0.74
TOUCHET IRRIGATION DISTRICT NO. 16,Hay/Silage,2016,612,2,142,5,253,455,231,0.51
TOUCHET IRRIGATION DISTRICT NO. 16,Orchard,2016,1,2,1364,19,1717,3232,231,0.13
TOUCHET IRRIGATION DISTRICT NO. 16,Seed,2016,554,2,0.4,12900,1472,524,266,0.74
TOUCHET IRRIGATION DISTRICT NO. 16,Vegetable,2016,107,2,255,16,5353,3838,231,0.3
TWO RIVERS IRRIGATION DISTRICT NO. 19,Cereal Grain,2016,1124,3,146,3,71,182,231,0.74
TWO RIVERS IRRIGATION DISTRICT NO. 19,Hay/Silage,2016,2,2,142,5,253,455,231,0.51
TWO RIVERS IRRIGATION DISTRICT NO. 19,Orchard,2016,455,2,1364,19,1717,3232,231,0.13
TWO RIVERS IRRIGATION DISTRICT NO. 19,Vegetable,2016,2032,2,255,16,5353,3838,231,0.3
WALLA WALLA WATER & POWER DISTRICT NO. 18,Vegetable,2016,34,1,255,16,5353,3838,231,0.3
WATER DISTRIBUTION DISTRICT NO. 1,Hay/Silage,2016,8,2,142,5,253,455,231,0.51
WEST SIDE IRRIGATION DISTRICT NO. 5,Cereal Grain,2016,236,2,146,3,71,182,231,0.74
WEST SIDE IRRIGATION DISTRICT NO. 5,Hay/Silage,2016,258,2,142,5,253,455,231,0.51
WEST SIDE IRRIGATION DISTRICT NO. 5,Seed,2016,697,2,0.4,12900,1472,524,266,0.74
WEST SIDE IRRIGATION DISTRICT NO. 5,Vegetable,2016,113,2,255,16,5353,3838,231,0.3
ARTESIA IRRIGATION DISTRICT NO. 8,Vineyard,2017,1,2.375,730.3333333,5.739726027,2266,2987,240,0.13
BLALOCK IRRIGATION DISTRICT NO. 3,Berry,2017,1,1.8,1700,4,5562,7828,240,0.25
BLALOCK IRRIGATION DISTRICT NO. 3,Cereal Grain,2017,29,1.9,148,2.9,72,185,240,0.74
BLALOCK IRRIGATION DISTRICT NO. 3,Hay/Silage,2017,37,2,172,5.7,124,268,240,0.51
BLALOCK IRRIGATION DISTRICT NO. 3,Seed,2017,10,2.1,0.4,12900,1509,537,272,0.74
BLALOCK IRRIGATION DISTRICT NO. 3,Vegetable,2017,37,2.4,240,15.5,5459,3914,270,0.3
BLALOCK IRRIGATION DISTRICT NO. 3,Vineyard,2017,1,2.4,730.3,5.7,2266,2987,240,0.13
BLALOCK ORCHARDS IRRIGATION DISTRICT NO. 12,Berry,2017,1,1.8,1700,4,5562,7828,240,0.25
BLALOCK ORCHARDS IRRIGATION DISTRICT NO. 12,Cereal Grain,2017,18,2,148,2.9,72,185,240,0.74
BLALOCK ORCHARDS IRRIGATION DISTRICT NO. 12,Hay/Silage,2017,6,1.8,172,5.7,124,268,240,0.51
BLALOCK ORCHARDS IRRIGATION DISTRICT NO. 12,Seed,2017,7,2.2,0.4,12900,1509,537,272,0.74
BLALOCK ORCHARDS IRRIGATION DISTRICT NO. 12,Vegetable,2017,1,2,240,15.5,5459,3914,270,0.3
BRADEN IRRIGATION DISTRICT NO. 20,Hay/Silage,2017,15,1.8,172,5.7,124,268,240,0.51
CONSOLIDATED IRRIGATION DISTRICT NO. 14,Cereal Grain,2017,2,2,148,2.9,72,185,240,0.74
CONSOLIDATED IRRIGATION DISTRICT NO. 14,Hay/Silage,2017,7,2.2,172,5.7,124,268,240,0.51
CONSOLIDATED IRRIGATION DISTRICT NO. 14,Seed,2017,3,2,0.4,12900,1509,537,272,0.74
CONSOLIDATED IRRIGATION DISTRICT NO. 14,Vegetable,2017,24,2.3,240,15.5,5459,3914,270,0.3
EAST SIDE IRRIGATION DISTRICT NO. 6,Cereal Grain,2017,168,2.5,148,2.9,72,185,240,0.74
EAST SIDE IRRIGATION DISTRICT NO. 6,Hay/Silage,2017,224,2.3,172,5.7,124,268,240,0.51
EAST SIDE IRRIGATION DISTRICT NO. 6,Seed,2017,354,2.2,0.4,12900,1509,537,272,0.74
GARDENA FARMS DISTRICT NO. 13,Cereal Grain,2017,1244,2.5,148,2.9,72,185,240,0.74
GARDENA FARMS DISTRICT NO. 13,Hay/Silage,2017,770,2.4,172,5.7,124,268,240,0.51
GARDENA FARMS DISTRICT NO. 13,Orchard,2017,7,2.4,4400,19,1751,3296,240,0.13
GARDENA FARMS DISTRICT NO. 13,Seed,2017,3856,2.3,0.4,12900,1509,537,272,0.74
GARDENA FARMS DISTRICT NO. 13,Vegetable,2017,132,2.5,240,15.5,5459,3914,270,0.3
GARDENA FARMS DISTRICT NO. 13,Vineyard,2017,4,2.3,730.3,5.7,2266,2987,240,0.13
HUDSON BAY IRRIGATION DISTRICT NO.,Hay/Silage,2017,78,1.7,172,5.7,124,268,240,0.51
HYDRO-IRRIGATION DISTRICT NO. 9,Hay/Silage,2017,27,1.9,172,5.7,124,268,240,0.51
HYDRO-IRRIGATION DISTRICT NO. 9,Vegetable,2017,15,1.5,240,15.5,5459,3914,270,0.3
Irrigated area outside irrigation districts,Berry,2017,29,1.9,1700,4,5562,7828,240,0.25
Irrigated area outside irrigation districts,Cereal Grain,2017,14998,2,148,2.9,72,185,240,0.74
Irrigated area outside irrigation districts,Hay/Silage,2017,6706,1.9,172,5.7,124,268,240,0.51
Irrigated area outside irrigation districts,Herb,2017,332,2.1,424,0.1,305,549,294,0.41
Irrigated area outside irrigation districts,Oilseed,2017,330,2.1,350,0.1,773,618,240,0.74
Irrigated area outside irrigation districts,Orchard,2017,1285,2.3,1205,19,1751,3296,240,0.13
Irrigated area outside irrigation districts,Seed,2017,10037,2.2,0.4,12900,1509,537,272,0.74
Irrigated area outside irrigation districts,Vegetable,2017,3515,2.4,240,15.5,5459,3914,270,0.3
Irrigated area outside irrigation districts,Vineyard,2017,1862,2.2,730.3,5.7,2266,2987,240,0.13
LOWDEN IRRIGATION DISTRICT NO. 2,Cereal Grain,2017,55,2.4,148,2.9,72,185,240,0.74
LOWDEN IRRIGATION DISTRICT NO. 2,Hay/Silage,2017,46,2.6,172,5.7,124,268,240,0.51
LOWDEN IRRIGATION DISTRICT NO. 2,Seed,2017,72,2.4,0.4,12900,1509,537,272,0.74
LOWDEN IRRIGATION DISTRICT NO. 2,Vegetable,2017,18,2.4,240,15.5,5459,3914,270,0.3
MUD CREEK IRRIGATION DISTRICT NO. 7,Cereal Grain,2017,30,2.6,148,2.9,72,185,240,0.74
MUD CREEK IRRIGATION DISTRICT NO. 7,Seed,2017,22,2.9,0.4,12900,1509,537,272,0.74
ORCHARD IRRIGATION DISTRICT NO. 10,Hay/Silage,2017,2,1.8,172,5.7,124,268,240,0.51
TOUCHET IRRIGATION DISTRICT NO. 16,Cereal Grain,2017,700,1.2,148,2.9,72,185,240,0.74
TOUCHET IRRIGATION DISTRICT NO. 16,Hay/Silage,2017,727,1.8,172,5.7,124,268,240,0.51
TOUCHET IRRIGATION DISTRICT NO. 16,Oilseed,2017,23,1.3,350,0.1,773,618,240,0.74
TOUCHET IRRIGATION DISTRICT NO. 16,Orchard,2017,1,1.8,1205,19,1751,3296,240,0.13
TOUCHET IRRIGATION DISTRICT NO. 16,Seed,2017,578,2.1,0.4,12900,1509,537,272,0.74
TWO RIVERS IRRIGATION DISTRICT NO. 19,Cereal Grain,2017,794,2.5,148,2.9,72,185,240,0.74
TWO RIVERS IRRIGATION DISTRICT NO. 19,Hay/Silage,2017,393,1.3,172,5.7,124,268,240,0.51
TWO RIVERS IRRIGATION DISTRICT NO. 19,Orchard,2017,526,2.3,1205,19,1751,3296,240,0.13
TWO RIVERS IRRIGATION DISTRICT NO. 19,Vegetable,2017,1572,2.6,240,15.5,5459,3914,270,0.3
WALLA WALLA WATER & POWER DISTRICT NO. 18,Cereal Grain,2017,34,0.8,148,2.9,72,185,240,0.74
WATER DISTRIBUTION DISTRICT NO. 1,Hay/Silage,2017,8,1.5,172,5.7,124,268,240,0.51
WEST SIDE IRRIGATION DISTRICT NO. 5,Cereal Grain,2017,338,1.9,148,2.9,72,185,240,0.74
WEST SIDE IRRIGATION DISTRICT NO. 5,Hay/Silage,2017,251,2,172,5.7,124,268,240,0.51
WEST SIDE IRRIGATION DISTRICT NO. 5,Oilseed,2017,12,1.9,350,0.1,773,618,240,0.74
WEST SIDE IRRIGATION DISTRICT NO. 5,Seed,2017,642,2.2,0.4,12900,1509,537,272,0.74
WEST SIDE IRRIGATION DISTRICT NO. 5,Vegetable,2017,49,2.8,240,15.5,5459,3914,270,0.3
ARTESIA IRRIGATION DISTRICT NO. 8,Vineyard,2018,1,2.4,734,6.3,2310,3045,250,0.13
BLALOCK IRRIGATION DISTRICT NO. 3,Cereal Grain,2018,27,1.9,172.7,3,74,189,250,0.74
BLALOCK IRRIGATION DISTRICT NO. 3,Hay/Silage,2018,34,2,186,4.8,126,273,250,0.51
BLALOCK IRRIGATION DISTRICT NO. 3,Seed,2018,9,2,0.4,12900,1547,550,279,0.74
BLALOCK IRRIGATION DISTRICT NO. 3,Vegetable,2018,30,2.4,760,16.3,5565,3990,250,0.3
BLALOCK IRRIGATION DISTRICT NO. 3,Vineyard,2018,1,2.4,734,6.3,2310,3045,250,0.13
BLALOCK ORCHARDS IRRIGATION DISTRICT NO. 12,Cereal Grain,2018,16,1.7,172.7,3,74,189,250,0.74
BLALOCK ORCHARDS IRRIGATION DISTRICT NO. 12,Hay/Silage,2018,6,2,186,4.8,126,273,250,0.51
BLALOCK ORCHARDS IRRIGATION DISTRICT NO. 12,Vegetable,2018,2,1.7,760,16.3,5565,3990,250,0.3
BRADEN IRRIGATION DISTRICT NO. 20,Hay/Silage,2018,15,1.7,186,4.8,126,273,250,0.51
CONSOLIDATED IRRIGATION DISTRICT NO. 14,Cereal Grain,2018,25,1.9,172.7,3,74,189,250,0.74
CONSOLIDATED IRRIGATION DISTRICT NO. 14,Hay/Silage,2018,5,1.9,186,4.8,126,273,250,0.51
CONSOLIDATED IRRIGATION DISTRICT NO. 14,Seed,2018,1,1.9,0.4,12900,1547,550,279,0.74
EAST SIDE IRRIGATION DISTRICT NO. 6,Cereal Grain,2018,214,2.7,172.7,3,74,189,250,0.74
EAST SIDE IRRIGATION DISTRICT NO. 6,Hay/Silage,2018,180,2.9,186,4.8,126,273,250,0.51
EAST SIDE IRRIGATION DISTRICT NO. 6,Seed,2018,264,2.2,0.4,12900,1547,550,279,0.74
EAST SIDE IRRIGATION DISTRICT NO. 6,Vegetable,2018,62,2,760,16.3,5565,3990,250,0.3
GARDENA FARMS DISTRICT NO. 13,Cereal Grain,2018,2154,2.6,172.7,3,74,189,250,0.74
GARDENA FARMS DISTRICT NO. 13,Hay/Silage,2018,773,2.6,186,4.8,126,273,250,0.51
GARDENA FARMS DISTRICT NO. 13,Orchard,2018,7,2.6,4117,17.3,1785,3360,250,0.13
GARDENA FARMS DISTRICT NO. 13,Seed,2018,2926,2.5,0.4,12900,1547,550,279,0.74
GARDENA FARMS DISTRICT NO. 13,Vegetable,2018,171,2.6,760,16.3,5565,3990,250,0.3
GARDENA FARMS DISTRICT NO. 13,Vineyard,2018,4,2.2,734,6.3,2310,3045,250,0.13
HUDSON BAY IRRIGATION DISTRICT NO.,Cereal Grain,2018,1,2.2,172.7,3,74,189,250,0.74
HUDSON BAY IRRIGATION DISTRICT NO.,Hay/Silage,2018,34,2.2,186,4.8,126,273,250,0.51
HUDSON BAY IRRIGATION DISTRICT NO.,Seed,2018,39,2.2,0.4,12900,1547,550,279,0.74
HYDRO-IRRIGATION DISTRICT NO. 9,Hay/Silage,2018,24,1.8,186,4.8,126,273,250,0.51
HYDRO-IRRIGATION DISTRICT NO. 9,Vegetable,2018,12,1.9,760,16.3,5565,3990,250,0.3
Irrigated area outside irrigation districts,Berry,2018,25,2,1900,4,5454,7676,231,0.25
Irrigated area outside irrigation districts,Cereal Grain,2018,15528,2.5,172.7,3,74,189,250,0.74
Irrigated area outside irrigation districts,Hay/Silage,2018,6450,2,186,4.8,126,273,250,0.51
Irrigated area outside irrigation districts,Herb,2018,444,2.1,424,0.1,305,549,294,0.41
Irrigated area outside irrigation districts,Oilseed,2018,260,2.4,340,0.9,788,630,250,0.74
Irrigated area outside irrigation districts,Orchard,2018,1299,2.4,1194,17.3,1785,3360,250,0.13
Irrigated area outside irrigation districts,Seed,2018,8347,2.2,0.4,12900,1547,550,279,0.74
Irrigated area outside irrigation districts,Vegetable,2018,5566,2,760,16.3,5565,3990,250,0.3
Irrigated area outside irrigation districts,Vineyard,2018,1806,2.1,734,6.3,2310,3045,250,0.13
LOWDEN IRRIGATION DISTRICT NO. 2,Cereal Grain,2018,54,2.5,172.7,3,74,189,250,0.74
LOWDEN IRRIGATION DISTRICT NO. 2,Hay/Silage,2018,50,2.8,186,4.8,126,273,250,0.51
LOWDEN IRRIGATION DISTRICT NO. 2,Seed,2018,89,2.3,0.4,12900,1547,550,279,0.74
MUD CREEK IRRIGATION DISTRICT NO. 7,Cereal Grain,2018,13,2.8,172.7,3,74,189,250,0.74
MUD CREEK IRRIGATION DISTRICT NO. 7,Seed,2018,38,2.8,0.4,12900,1547,550,279,0.74
ORCHARD IRRIGATION DISTRICT NO. 10,Hay/Silage,2018,2,1.8,186,4.8,126,273,250,0.51
ORCHARD IRRIGATION DISTRICT NO. 10,Vegetable,2018,1,1.8,760,16.3,5565,3990,250,0.3
TOUCHET IRRIGATION DISTRICT NO. 16,Cereal Grain,2018,589,1.9,172.7,3,74,189,250,0.74
TOUCHET IRRIGATION DISTRICT NO. 16,Hay/Silage,2018,743,1.6,186,4.8,126,273,250,0.51
TOUCHET IRRIGATION DISTRICT NO. 16,Oilseed,2018,207,2.4,340,0.9,788,630,250,0.74
TOUCHET IRRIGATION DISTRICT NO. 16,Orchard,2018,1,1.6,1194,17.3,1785,3360,250,0.13
TOUCHET IRRIGATION DISTRICT NO. 16,Seed,2018,445,1.7,0.4,12900,1547,550,279,0.74
TOUCHET IRRIGATION DISTRICT NO. 16,Vegetable,2018,37,2,760,16.3,5565,3990,250,0.3
TWO RIVERS IRRIGATION DISTRICT NO. 19,Cereal Grain,2018,673,2.6,172.7,3,74,189,250,0.74
TWO RIVERS IRRIGATION DISTRICT NO. 19,Hay/Silage,2018,624,1.2,186,4.8,126,273,250,0.51
TWO RIVERS IRRIGATION DISTRICT NO. 19,Orchard,2018,526,2.4,1194,17.3,1785,3360,250,0.13
TWO RIVERS IRRIGATION DISTRICT NO. 19,Vegetable,2018,1614,2.4,760,16.3,5565,3990,250,0.3
WALLA WALLA WATER & POWER DISTRICT NO. 18,Vegetable,2018,34,1.3,760,16.3,5565,3990,250,0.3
WATER DISTRIBUTION DISTRICT NO. 1,Hay/Silage,2018,3,1.6,186,4.8,126,273,250,0.51
WATER DISTRIBUTION DISTRICT NO. 1,Seed,2018,3,1.6,0.4,12900,1547,550,279,0.74
WEST SIDE IRRIGATION DISTRICT NO. 5,Cereal Grain,2018,369,2.6,172.7,3,74,189,250,0.74
WEST SIDE IRRIGATION DISTRICT NO. 5,Hay/Silage,2018,249,2.3,186,4.8,126,273,250,0.51
WEST SIDE IRRIGATION DISTRICT NO. 5,Seed,2018,645,2.1,0.4,12900,1547,550,279,0.74
WEST SIDE IRRIGATION DISTRICT NO. 5,Vegetable,2018,49,2.5,760,16.3,5565,3990,250,0.3