county,internal_id,i,year,region_xland,county_total_xland,acre_share,direct_value_add,total_value_add,direct_jobs,total_jobs,total_revenue
Kittitas,Bull Ditch,Cereal Grain,2024,5,2242,0.002230152,0.002230152,0.001170241,9.75E-09,2.25E-08,0.002230152
Kittitas,Bull Ditch,Cereal Grain,2024,5,2242,0.002230152,0.002230152,0.001170241,9.75E-09,2.25E-08,0.002230152
Kittitas,Bull Ditch,Cereal Grain,2024,5,2242,0.002230152,0.002230152,0.001170241,9.75E-09,2.25E-08,0.002230152
Kittitas,Bull Ditch,Cereal Grain,2024,5,2242,0.002230152,0.002230152,0.001170241,9.75E-09,2.25E-08,0.002230152
Kittitas,Bull Ditch,Cereal Grain,2024,5,2242,0.002230152,0.002230152,0.001170241,9.75E-09,2.25E-08,0.002230152
Kittitas,Bull Ditch,Cereal Grain,2024,5,2242,0.002230152,0.002230152,0.001170241,9.75E-09,2.25E-08,0.002230152
Kittitas,Bull Ditch,Cereal Grain,2024,5,2242,0.002230152,0.002230152,0.001170241,9.75E-09,2.25E-08,0.002230152
Kittitas,Bull Ditch,Cereal Grain,2024,5,2242,0.002230152,0.002230152,0.001170241,9.75E-09,2.25E-08,0.002230152
Kittitas,Bull Ditch,Cereal Grain,2024,5,2242,0.002230152,0.002230152,0.001170241,9.75E-09,2.25E-08,0.002230152
Kittitas,Bull Ditch,Cereal Grain,2024,5,2242,0.002230152,0.002230152,0.001170241,9.75E-09,2.25E-08,0.002230152
Kittitas,Cascade,Cereal Grain,2024,174,2242,0.077609277,0.077609277,0.040724382,3.39E-07,7.84E-07,0.077609277
Kittitas,Cascade,Cereal Grain,2024,174,2242,0.077609277,0.077609277,0.040724382,3.39E-07,7.84E-07,0.077609277
Kittitas,Cascade,Cereal Grain,2024,174,2242,0.077609277,0.077609277,0.040724382,3.39E-07,7.84E-07,0.077609277
Kittitas,Cascade,Cereal Grain,2024,174,2242,0.077609277,0.077609277,0.040724382,3.39E-07,7.84E-07,0.077609277
Kittitas,Cascade,Cereal Grain,2024,174,2242,0.077609277,0.077609277,0.040724382,3.39E-07,7.84E-07,0.077609277
Kittitas,Cascade,Cereal Grain,2024,174,2242,0.077609277,0.077609277,0.040724382,3.39E-07,7.84E-07,0.077609277
Kittitas,Cascade,Cereal Grain,2024,174,2242,0.077609277,0.077609277,0.040724382,3.39E-07,7.84E-07,0.077609277
Kittitas,Cascade,Cereal Grain,2024,174,2242,0.077609277,0.077609277,0.040724382,3.39E-07,7.84E-07,0.077609277
Kittitas,Cascade,Cereal Grain,2024,174,2242,0.077609277,0.077609277,0.040724382,3.39E-07,7.84E-07,0.077609277
Kittitas,Cascade,Cereal Grain,2024,174,2242,0.077609277,0.077609277,0.040724382,3.39E-07,7.84E-07,0.077609277
Kittitas,Ellensburg Wat,Cereal Grain,2024,297,2242,0.132471008,0.132471008,0.069512307,5.79E-07,1.34E-06,0.132471008
Kittitas,Ellensburg Wat,Cereal Grain,2024,297,2242,0.132471008,0.132471008,0.069512307,5.79E-07,1.34E-06,0.132471008
Kittitas,Ellensburg Wat,Cereal Grain,2024,297,2242,0.132471008,0.132471008,0.069512307,5.79E-07,1.34E-06,0.132471008
Kittitas,Ellensburg Wat,Cereal Grain,2024,297,2242,0.132471008,0.132471008,0.069512307,5.79E-07,1.34E-06,0.132471008
Kittitas,Ellensburg Wat,Cereal Grain,2024,297,2242,0.132471008,0.132471008,0.069512307,5.79E-07,1.34E-06,0.132471008
Kittitas,Ellensburg Wat,Cereal Grain,2024,297,2242,0.132471008,0.132471008,0.069512307,5.79E-07,1.34E-06,0.132471008
Kittitas,Ellensburg Wat,Cereal Grain,2024,297,2242,0.132471008,0.132471008,0.069512307,5.79E-07,1.34E-06,0.132471008
Kittitas,Ellensburg Wat,Cereal Grain,2024,297,2242,0.132471008,0.132471008,0.069512307,5.79E-07,1.34E-06,0.132471008
Kittitas,Ellensburg Wat,Cereal Grain,2024,297,2242,0.132471008,0.132471008,0.069512307,5.79E-07,1.34E-06,0.132471008
Kittitas,Ellensburg Wat,Cereal Grain,2024,297,2242,0.132471008,0.132471008,0.069512307,5.79E-07,1.34E-06,0.132471008
Kittitas,KRD,Cereal Grain,2024,1707,2242,0.761373773,0.761373773,0.399520228,3.33E-06,7.69E-06,0.761373773
Kittitas,KRD,Cereal Grain,2024,1707,2242,0.761373773,0.761373773,0.399520228,3.33E-06,7.69E-06,0.761373773
Kittitas,KRD,Cereal Grain,2024,1707,2242,0.761373773,0.761373773,0.399520228,3.33E-06,7.69E-06,0.761373773
Kittitas,KRD,Cereal Grain,2024,1707,2242,0.761373773,0.761373773,0.399520228,3.33E-06,7.69E-06,0.761373773
Kittitas,KRD,Cereal Grain,2024,1707,2242,0.761373773,0.761373773,0.399520228,3.33E-06,7.69E-06,0.761373773
Kittitas,KRD,Cereal Grain,2024,1707,2242,0.761373773,0.761373773,0.399520228,3.33E-06,7.69E-06,0.761373773
Kittitas,KRD,Cereal Grain,2024,1707,2242,0.761373773,0.761373773,0.399520228,3.33E-06,7.69E-06,0.761373773
Kittitas,KRD,Cereal Grain,2024,1707,2242,0.761373773,0.761373773,0.399520228,3.33E-06,7.69E-06,0.761373773
Kittitas,KRD,Cereal Grain,2024,1707,2242,0.761373773,0.761373773,0.399520228,3.33E-06,7.69E-06,0.761373773
Kittitas,KRD,Cereal Grain,2024,1707,2242,0.761373773,0.761373773,0.399520228,3.33E-06,7.69E-06,0.761373773
Kittitas,West Side,Cereal Grain,2024,59,2242,0.026315789,0.026315789,0.013808842,1.15E-07,2.66E-07,0.026315789
Kittitas,West Side,Cereal Grain,2024,59,2242,0.026315789,0.026315789,0.013808842,1.15E-07,2.66E-07,0.026315789
Kittitas,West Side,Cereal Grain,2024,59,2242,0.026315789,0.026315789,0.013808842,1.15E-07,2.66E-07,0.026315789
Kittitas,West Side,Cereal Grain,2024,59,2242,0.026315789,0.026315789,0.013808842,1.15E-07,2.66E-07,0.026315789
Kittitas,West Side,Cereal Grain,2024,59,2242,0.026315789,0.026315789,0.013808842,1.15E-07,2.66E-07,0.026315789
Kittitas,West Side,Cereal Grain,2024,59,2242,0.026315789,0.026315789,0.013808842,1.15E-07,2.66E-07,0.026315789
Kittitas,West Side,Cereal Grain,2024,59,2242,0.026315789,0.026315789,0.013808842,1.15E-07,2.66E-07,0.026315789
Kittitas,West Side,Cereal Grain,2024,59,2242,0.026315789,0.026315789,0.013808842,1.15E-07,2.66E-07,0.026315789
Kittitas,West Side,Cereal Grain,2024,59,2242,0.026315789,0.026315789,0.013808842,1.15E-07,2.66E-07,0.026315789
Kittitas,West Side,Cereal Grain,2024,59,2242,0.026315789,0.026315789,0.013808842,1.15E-07,2.66E-07,0.026315789
Kittitas,Bull Ditch,Hay/Silage,2024,777,38931,0.019958388,0.019958388,0.010472885,8.72E-08,2.02E-07,0.019958388
Kittitas,Bull Ditch,Hay/Silage,2024,777,38931,0.019958388,0.019958388,0.010472885,8.72E-08,2.02E-07,0.019958388
Kittitas,Bull Ditch,Hay/Silage,2024,777,38931,0.019958388,0.019958388,0.010472885,8.72E-08,2.02E-07,0.019958388
Kittitas,Bull Ditch,Hay/Silage,2024,777,38931,0.019958388,0.019958388,0.010472885,8.72E-08,2.02E-07,0.019958388
Kittitas,Bull Ditch,Hay/Silage,2024,777,38931,0.019958388,0.019958388,0.010472885,8.72E-08,2.02E-07,0.019958388
Kittitas,Bull Ditch,Hay/Silage,2024,777,38931,0.019958388,0.019958388,0.010472885,8.72E-08,2.02E-07,0.019958388
Kittitas,Bull Ditch,Hay/Silage,2024,777,38931,0.019958388,0.019958388,0.010472885,8.72E-08,2.02E-07,0.019958388
Kittitas,Bull Ditch,Hay/Silage,2024,777,38931,0.019958388,0.019958388,0.010472885,8.72E-08,2.02E-07,0.019958388
Kittitas,Bull Ditch,Hay/Silage,2024,777,38931,0.019958388,0.019958388,0.010472885,8.72E-08,2.02E-07,0.019958388
Kittitas,Bull Ditch,Hay/Silage,2024,777,38931,0.019958388,0.019958388,0.010472885,8.72E-08,2.02E-07,0.019958388
Kittitas,Cascade,Hay/Silage,2024,5914,38931,0.151909789,0.151909789,0.079712535,6.64E-07,1.53E-06,0.151909789
Kittitas,Cascade,Hay/Silage,2024,5914,38931,0.151909789,0.151909789,0.079712535,6.64E-07,1.53E-06,0.151909789
Kittitas,Cascade,Hay/Silage,2024,5914,38931,0.151909789,0.151909789,0.079712535,6.64E-07,1.53E-06,0.151909789
Kittitas,Cascade,Hay/Silage,2024,5914,38931,0.151909789,0.151909789,0.079712535,6.64E-07,1.53E-06,0.151909789
Kittitas,Cascade,Hay/Silage,2024,5914,38931,0.151909789,0.151909789,0.079712535,6.64E-07,1.53E-06,0.151909789
Kittitas,Cascade,Hay/Silage,2024,5914,38931,0.151909789,0.151909789,0.079712535,6.64E-07,1.53E-06,0.151909789
Kittitas,Cascade,Hay/Silage,2024,5914,38931,0.151909789,0.151909789,0.079712535,6.64E-07,1.53E-06,0.151909789
Kittitas,Cascade,Hay/Silage,2024,5914,38931,0.151909789,0.151909789,0.079712535,6.64E-07,1.53E-06,0.151909789
Kittitas,Cascade,Hay/Silage,2024,5914,38931,0.151909789,0.151909789,0.079712535,6.64E-07,1.53E-06,0.151909789
Kittitas,Cascade,Hay/Silage,2024,5914,38931,0.151909789,0.151909789,0.079712535,6.64E-07,1.53E-06,0.151909789
Kittitas,Ellensburg Wat,Hay/Silage,2024,6386,38931,0.164033803,0.164033803,0.086074442,7.17E-07,1.66E-06,0.164033803
Kittitas,Ellensburg Wat,Hay/Silage,2024,6386,38931,0.164033803,0.164033803,0.086074442,7.17E-07,1.66E-06,0.164033803
Kittitas,Ellensburg Wat,Hay/Silage,2024,6386,38931,0.164033803,0.164033803,0.086074442,7.17E-07,1.66E-06,0.164033803
Kittitas,Ellensburg Wat,Hay/Silage,2024,6386,38931,0.164033803,0.164033803,0.086074442,7.17E-07,1.66E-06,0.164033803
Kittitas,Ellensburg Wat,Hay/Silage,2024,6386,38931,0.164033803,0.164033803,0.086074442,7.17E-07,1.66E-06,0.164033803
Kittitas,Ellensburg Wat,Hay/Silage,2024,6386,38931,0.164033803,0.164033803,0.086074442,7.17E-07,1.66E-06,0.164033803
Kittitas,Ellensburg Wat,Hay/Silage,2024,6386,38931,0.164033803,0.164033803,0.086074442,7.17E-07,1.66E-06,0.164033803
Kittitas,Ellensburg Wat,Hay/Silage,2024,6386,38931,0.164033803,0.164033803,0.086074442,7.17E-07,1.66E-06,0.164033803
Kittitas,Ellensburg Wat,Hay/Silage,2024,6386,38931,0.164033803,0.164033803,0.086074442,7.17E-07,1.66E-06,0.164033803
Kittitas,Ellensburg Wat,Hay/Silage,2024,6386,38931,0.164033803,0.164033803,0.086074442,7.17E-07,1.66E-06,0.164033803
Kittitas,KRD,Hay/Silage,2024,21949,38931,0.563792351,0.563792351,0.295842143,2.46E-06,5.69E-06,0.563792351
Kittitas,KRD,Hay/Silage,2024,21949,38931,0.563792351,0.563792351,0.295842143,2.46E-06,5.69E-06,0.563792351
Kittitas,KRD,Hay/Silage,2024,21949,38931,0.563792351,0.563792351,0.295842143,2.46E-06,5.69E-06,0.563792351
Kittitas,KRD,Hay/Silage,2024,21949,38931,0.563792351,0.563792351,0.295842143,2.46E-06,5.69E-06,0.563792351
Kittitas,KRD,Hay/Silage,2024,21949,38931,0.563792351,0.563792351,0.295842143,2.46E-06,5.69E-06,0.563792351
Kittitas,KRD,Hay/Silage,2024,21949,38931,0.563792351,0.563792351,0.295842143,2.46E-06,5.69E-06,0.563792351
Kittitas,KRD,Hay/Silage,2024,21949,38931,0.563792351,0.563792351,0.295842143,2.46E-06,5.69E-06,0.563792351
Kittitas,KRD,Hay/Silage,2024,21949,38931,0.563792351,0.563792351,0.295842143,2.46E-06,5.69E-06,0.563792351
Kittitas,KRD,Hay/Silage,2024,21949,38931,0.563792351,0.563792351,0.295842143,2.46E-06,5.69E-06,0.563792351
Kittitas,KRD,Hay/Silage,2024,21949,38931,0.563792351,0.563792351,0.295842143,2.46E-06,5.69E-06,0.563792351
Kittitas,Olsen,Hay/Silage,2024,316,38931,0.008116925,0.008116925,0.004259243,3.55E-08,8.20E-08,0.008116925
Kittitas,Olsen,Hay/Silage,2024,316,38931,0.008116925,0.008116925,0.004259243,3.55E-08,8.20E-08,0.008116925
Kittitas,Olsen,Hay/Silage,2024,316,38931,0.008116925,0.008116925,0.004259243,3.55E-08,8.20E-08,0.008116925
Kittitas,Olsen,Hay/Silage,2024,316,38931,0.008116925,0.008116925,0.004259243,3.55E-08,8.20E-08,0.008116925
Kittitas,Olsen,Hay/Silage,2024,316,38931,0.008116925,0.008116925,0.004259243,3.55E-08,8.20E-08,0.008116925
Kittitas,Olsen,Hay/Silage,2024,316,38931,0.008116925,0.008116925,0.004259243,3.55E-08,8.20E-08,0.008116925
Kittitas,Olsen,Hay/Silage,2024,316,38931,0.008116925,0.008116925,0.004259243,3.55E-08,8.20E-08,0.008116925
Kittitas,Olsen,Hay/Silage,2024,316,38931,0.008116925,0.008116925,0.004259243,3.55E-08,8.20E-08,0.008116925
Kittitas,Olsen,Hay/Silage,2024,316,38931,0.008116925,0.008116925,0.004259243,3.55E-08,8.20E-08,0.008116925
Kittitas,Olsen,Hay/Silage,2024,316,38931,0.008116925,0.008116925,0.004259243,3.55E-08,8.20E-08,0.008116925
Kittitas,Packwood,Hay/Silage,2024,400,38931,0.010274588,0.010274588,0.005391446,4.49E-08,1.04E-07,0.010274588
Kittitas,Packwood,Hay/Silage,2024,400,38931,0.010274588,0.010274588,0.005391446,4.49E-08,1.04E-07,0.010274588
Kittitas,Packwood,Hay/Silage,2024,400,38931,0.010274588,0.010274588,0.005391446,4.49E-08,1.04E-07,0.010274588
Kittitas,Packwood,Hay/Silage,2024,400,38931,0.010274588,0.010274588,0.005391446,4.49E-08,1.04E-07,0.010274588
Kittitas,Packwood,Hay/Silage,2024,400,38931,0.010274588,0.010274588,0.005391446,4.49E-08,1.04E-07,0.010274588
Kittitas,Packwood,Hay/Silage,2024,400,38931,0.010274588,0.010274588,0.005391446,4.49E-08,1.04E-07,0.010274588
Kittitas,Packwood,Hay/Silage,2024,400,38931,0.010274588,0.010274588,0.005391446,4.49E-08,1.04E-07,0.010274588
Kittitas,Packwood,Hay/Silage,2024,400,38931,0.010274588,0.010274588,0.005391446,4.49E-08,1.04E-07,0.010274588
Kittitas,Packwood,Hay/Silage,2024,400,38931,0.010274588,0.010274588,0.005391446,4.49E-08,1.04E-07,0.010274588
Kittitas,Packwood,Hay/Silage,2024,400,38931,0.010274588,0.010274588,0.005391446,4.49E-08,1.04E-07,0.010274588
Kittitas,Throp Mill,Hay/Silage,2024,68,38931,0.00174668,0.00174668,0.000916546,7.63E-09,1.76E-08,0.00174668
Kittitas,Throp Mill,Hay/Silage,2024,68,38931,0.00174668,0.00174668,0.000916546,7.63E-09,1.76E-08,0.00174668
Kittitas,Throp Mill,Hay/Silage,2024,68,38931,0.00174668,0.00174668,0.000916546,7.63E-09,1.76E-08,0.00174668
Kittitas,Throp Mill,Hay/Silage,2024,68,38931,0.00174668,0.00174668,0.000916546,7.63E-09,1.76E-08,0.00174668
Kittitas,Throp Mill,Hay/Silage,2024,68,38931,0.00174668,0.00174668,0.000916546,7.63E-09,1.76E-08,0.00174668
Kittitas,Throp Mill,Hay/Silage,2024,68,38931,0.00174668,0.00174668,0.000916546,7.63E-09,1.76E-08,0.00174668
Kittitas,Throp Mill,Hay/Silage,2024,68,38931,0.00174668,0.00174668,0.000916546,7.63E-09,1.76E-08,0.00174668
Kittitas,Throp Mill,Hay/Silage,2024,68,38931,0.00174668,0.00174668,0.000916546,7.63E-09,1.76E-08,0.00174668
Kittitas,Throp Mill,Hay/Silage,2024,68,38931,0.00174668,0.00174668,0.000916546,7.63E-09,1.76E-08,0.00174668
Kittitas,Throp Mill,Hay/Silage,2024,68,38931,0.00174668,0.00174668,0.000916546,7.63E-09,1.76E-08,0.00174668
Kittitas,West Side,Hay/Silage,2024,3121,38931,0.080167476,0.080167476,0.042066761,3.50E-07,8.10E-07,0.080167476
Kittitas,West Side,Hay/Silage,2024,3121,38931,0.080167476,0.080167476,0.042066761,3.50E-07,8.10E-07,0.080167476
Kittitas,West Side,Hay/Silage,2024,3121,38931,0.080167476,0.080167476,0.042066761,3.50E-07,8.10E-07,0.080167476
Kittitas,West Side,Hay/Silage,2024,3121,38931,0.080167476,0.080167476,0.042066761,3.50E-07,8.10E-07,0.080167476
Kittitas,West Side,Hay/Silage,2024,3121,38931,0.080167476,0.080167476,0.042066761,3.50E-07,8.10E-07,0.080167476
Kittitas,West Side,Hay/Silage,2024,3121,38931,0.080167476,0.080167476,0.042066761,3.50E-07,8.10E-07,0.080167476
Kittitas,West Side,Hay/Silage,2024,3121,38931,0.080167476,0.080167476,0.042066761,3.50E-07,8.10E-07,0.080167476
Kittitas,West Side,Hay/Silage,2024,3121,38931,0.080167476,0.080167476,0.042066761,3.50E-07,8.10E-07,0.080167476
Kittitas,West Side,Hay/Silage,2024,3121,38931,0.080167476,0.080167476,0.042066761,3.50E-07,8.10E-07,0.080167476
Kittitas,West Side,Hay/Silage,2024,3121,38931,0.080167476,0.080167476,0.042066761,3.50E-07,8.10E-07,0.080167476
Kittitas,Cascade,Herb,2024,3,15,0.2,0.2,0.1796958,9.06E-06,9.88E-06,0.2
Kittitas,Cascade,Herb,2024,3,15,0.2,0.2,0.1796958,9.06E-06,9.88E-06,0.2
Kittitas,Cascade,Herb,2024,3,15,0.2,0.2,0.1796958,9.06E-06,9.88E-06,0.2
Kittitas,Cascade,Herb,2024,3,15,0.2,0.2,0.1796958,9.06E-06,9.88E-06,0.2
Kittitas,Cascade,Herb,2024,3,15,0.2,0.2,0.1796958,9.06E-06,9.88E-06,0.2
Kittitas,Cascade,Herb,2024,3,15,0.2,0.2,0.1796958,9.06E-06,9.88E-06,0.2
Kittitas,Cascade,Herb,2024,3,15,0.2,0.2,0.1796958,9.06E-06,9.88E-06,0.2
Kittitas,Cascade,Herb,2024,3,15,0.2,0.2,0.1796958,9.06E-06,9.88E-06,0.2
Kittitas,Cascade,Herb,2024,3,15,0.2,0.2,0.1796958,9.06E-06,9.88E-06,0.2
Kittitas,KRD,Herb,2024,12,15,0.8,0.8,0.7187832,3.62E-05,3.95E-05,0.8
Kittitas,KRD,Herb,2024,12,15,0.8,0.8,0.7187832,3.62E-05,3.95E-05,0.8
Kittitas,KRD,Herb,2024,12,15,0.8,0.8,0.7187832,3.62E-05,3.95E-05,0.8
Kittitas,KRD,Herb,2024,12,15,0.8,0.8,0.7187832,3.62E-05,3.95E-05,0.8
Kittitas,KRD,Herb,2024,12,15,0.8,0.8,0.7187832,3.62E-05,3.95E-05,0.8
Kittitas,KRD,Herb,2024,12,15,0.8,0.8,0.7187832,3.62E-05,3.95E-05,0.8
Kittitas,KRD,Herb,2024,12,15,0.8,0.8,0.7187832,3.62E-05,3.95E-05,0.8
Kittitas,KRD,Herb,2024,12,15,0.8,0.8,0.7187832,3.62E-05,3.95E-05,0.8
Kittitas,KRD,Herb,2024,12,15,0.8,0.8,0.7187832,3.62E-05,3.95E-05,0.8
Kittitas,KRD,Oilseed,2024,64,69,0.927536232,0.927536232,1.051569159,7.14E-07,2.88E-06,0.927536232
Kittitas,KRD,Oilseed,2024,64,69,0.927536232,0.927536232,1.051569159,7.14E-07,2.88E-06,0.927536232
Kittitas,KRD,Oilseed,2024,64,69,0.927536232,0.927536232,1.051569159,7.14E-07,2.88E-06,0.927536232
Kittitas,KRD,Oilseed,2024,64,69,0.927536232,0.927536232,1.051569159,7.14E-07,2.88E-06,0.927536232
Kittitas,KRD,Oilseed,2024,64,69,0.927536232,0.927536232,1.051569159,7.14E-07,2.88E-06,0.927536232
Kittitas,KRD,Oilseed,2024,64,69,0.927536232,0.927536232,1.051569159,7.14E-07,2.88E-06,0.927536232
Kittitas,KRD,Oilseed,2024,64,69,0.927536232,0.927536232,1.051569159,7.14E-07,2.88E-06,0.927536232
Kittitas,KRD,Oilseed,2024,64,69,0.927536232,0.927536232,1.051569159,7.14E-07,2.88E-06,0.927536232
Kittitas,West Side,Oilseed,2024,5,69,0.072463768,0.072463768,0.082153841,5.58E-08,2.25E-07,0.072463768
Kittitas,West Side,Oilseed,2024,5,69,0.072463768,0.072463768,0.082153841,5.58E-08,2.25E-07,0.072463768
Kittitas,West Side,Oilseed,2024,5,69,0.072463768,0.072463768,0.082153841,5.58E-08,2.25E-07,0.072463768
Kittitas,West Side,Oilseed,2024,5,69,0.072463768,0.072463768,0.082153841,5.58E-08,2.25E-07,0.072463768
Kittitas,West Side,Oilseed,2024,5,69,0.072463768,0.072463768,0.082153841,5.58E-08,2.25E-07,0.072463768
Kittitas,West Side,Oilseed,2024,5,69,0.072463768,0.072463768,0.082153841,5.58E-08,2.25E-07,0.072463768
Kittitas,West Side,Oilseed,2024,5,69,0.072463768,0.072463768,0.082153841,5.58E-08,2.25E-07,0.072463768
Kittitas,West Side,Oilseed,2024,5,69,0.072463768,0.072463768,0.082153841,5.58E-08,2.25E-07,0.072463768
Kittitas,Cascade,Orchard,2024,71,1845,0.038482385,0.038482385,0.032425334,5.81E-07,7.62E-07,0.038482385
Kittitas,Cascade,Orchard,2024,71,1845,0.038482385,0.038482385,0.032425334,5.81E-07,7.62E-07,0.038482385
Kittitas,Cascade,Orchard,2024,71,1845,0.038482385,0.038482385,0.032425334,5.81E-07,7.62E-07,0.038482385
Kittitas,Cascade,Orchard,2024,71,1845,0.038482385,0.038482385,0.032425334,5.81E-07,7.62E-07,0.038482385
Kittitas,Cascade,Orchard,2024,71,1845,0.038482385,0.038482385,0.032425334,5.81E-07,7.62E-07,0.038482385
Kittitas,Cascade,Orchard,2024,71,1845,0.038482385,0.038482385,0.032425334,5.81E-07,7.62E-07,0.038482385
Kittitas,Cascade,Orchard,2024,71,1845,0.038482385,0.038482385,0.032425334,5.81E-07,7.62E-07,0.038482385
Kittitas,Cascade,Orchard,2024,71,1845,0.038482385,0.038482385,0.032425334,5.81E-07,7.62E-07,0.038482385
Kittitas,Cascade,Orchard,2024,71,1845,0.038482385,0.038482385,0.032425334,5.81E-07,7.62E-07,0.038482385
Kittitas,Cascade,Orchard,2024,71,1845,0.038482385,0.038482385,0.032425334,5.81E-07,7.62E-07,0.038482385
Kittitas,KRD,Orchard,2024,1774,1845,0.961517615,0.961517615,0.810176666,1.45E-05,1.90E-05,0.961517615
Kittitas,KRD,Orchard,2024,1774,1845,0.961517615,0.961517615,0.810176666,1.45E-05,1.90E-05,0.961517615
Kittitas,KRD,Orchard,2024,1774,1845,0.961517615,0.961517615,0.810176666,1.45E-05,1.90E-05,0.961517615
Kittitas,KRD,Orchard,2024,1774,1845,0.961517615,0.961517615,0.810176666,1.45E-05,1.90E-05,0.961517615
Kittitas,KRD,Orchard,2024,1774,1845,0.961517615,0.961517615,0.810176666,1.45E-05,1.90E-05,0.961517615
Kittitas,KRD,Orchard,2024,1774,1845,0.961517615,0.961517615,0.810176666,1.45E-05,1.90E-05,0.961517615
Kittitas,KRD,Orchard,2024,1774,1845,0.961517615,0.961517615,0.810176666,1.45E-05,1.90E-05,0.961517615
Kittitas,KRD,Orchard,2024,1774,1845,0.961517615,0.961517615,0.810176666,1.45E-05,1.90E-05,0.961517615
Kittitas,KRD,Orchard,2024,1774,1845,0.961517615,0.961517615,0.810176666,1.45E-05,1.90E-05,0.961517615
Kittitas,KRD,Orchard,2024,1774,1845,0.961517615,0.961517615,0.810176666,1.45E-05,1.90E-05,0.961517615
Kittitas,Cascade,Seed,2024,35,429,0.081585082,0.081585082,0.073302483,3.70E-06,4.03E-06,0.081585082
Kittitas,Cascade,Seed,2024,35,429,0.081585082,0.081585082,0.073302483,3.70E-06,4.03E-06,0.081585082
Kittitas,Cascade,Seed,2024,35,429,0.081585082,0.081585082,0.073302483,3.70E-06,4.03E-06,0.081585082
Kittitas,Cascade,Seed,2024,35,429,0.081585082,0.081585082,0.073302483,3.70E-06,4.03E-06,0.081585082
Kittitas,Cascade,Seed,2024,35,429,0.081585082,0.081585082,0.073302483,3.70E-06,4.03E-06,0.081585082
Kittitas,Cascade,Seed,2024,35,429,0.081585082,0.081585082,0.073302483,3.70E-06,4.03E-06,0.081585082
Kittitas,Cascade,Seed,2024,35,429,0.081585082,0.081585082,0.073302483,3.70E-06,4.03E-06,0.081585082
Kittitas,Cascade,Seed,2024,35,429,0.081585082,0.081585082,0.073302483,3.70E-06,4.03E-06,0.081585082
Kittitas,Cascade,Seed,2024,35,429,0.081585082,0.081585082,0.073302483,3.70E-06,4.03E-06,0.081585082
Kittitas,Cascade,Seed,2024,35,429,0.081585082,0.081585082,0.073302483,3.70E-06,4.03E-06,0.081585082
Kittitas,Ellensburg Wat,Seed,2024,73,429,0.17016317,0.17016317,0.152888035,7.71E-06,8.41E-06,0.17016317
Kittitas,Ellensburg Wat,Seed,2024,73,429,0.17016317,0.17016317,0.152888035,7.71E-06,8.41E-06,0.17016317
Kittitas,Ellensburg Wat,Seed,2024,73,429,0.17016317,0.17016317,0.152888035,7.71E-06,8.41E-06,0.17016317
Kittitas,Ellensburg Wat,Seed,2024,73,429,0.17016317,0.17016317,0.152888035,7.71E-06,8.41E-06,0.17016317
Kittitas,Ellensburg Wat,Seed,2024,73,429,0.17016317,0.17016317,0.152888035,7.71E-06,8.41E-06,0.17016317
Kittitas,Ellensburg Wat,Seed,2024,73,429,0.17016317,0.17016317,0.152888035,7.71E-06,8.41E-06,0.17016317
Kittitas,Ellensburg Wat,Seed,2024,73,429,0.17016317,0.17016317,0.152888035,7.71E-06,8.41E-06,0.17016317
Kittitas,Ellensburg Wat,Seed,2024,73,429,0.17016317,0.17016317,0.152888035,7.71E-06,8.41E-06,0.17016317
Kittitas,Ellensburg Wat,Seed,2024,73,429,0.17016317,0.17016317,0.152888035,7.71E-06,8.41E-06,0.17016317
Kittitas,Ellensburg Wat,Seed,2024,73,429,0.17016317,0.17016317,0.152888035,7.71E-06,8.41E-06,0.17016317
Kittitas,KRD,Seed,2024,281,429,0.655011655,0.655011655,0.588514217,2.97E-05,3.24E-05,0.655011655
Kittitas,KRD,Seed,2024,281,429,0.655011655,0.655011655,0.588514217,2.97E-05,3.24E-05,0.655011655
Kittitas,KRD,Seed,2024,281,429,0.655011655,0.655011655,0.588514217,2.97E-05,3.24E-05,0.655011655
Kittitas,KRD,Seed,2024,281,429,0.655011655,0.655011655,0.588514217,2.97E-05,3.24E-05,0.655011655
Kittitas,KRD,Seed,2024,281,429,0.655011655,0.655011655,0.588514217,2.97E-05,3.24E-05,0.655011655
Kittitas,KRD,Seed,2024,281,429,0.655011655,0.655011655,0.588514217,2.97E-05,3.24E-05,0.655011655
Kittitas,KRD,Seed,2024,281,429,0.655011655,0.655011655,0.588514217,2.97E-05,3.24E-05,0.655011655
Kittitas,KRD,Seed,2024,281,429,0.655011655,0.655011655,0.588514217,2.97E-05,3.24E-05,0.655011655
Kittitas,KRD,Seed,2024,281,429,0.655011655,0.655011655,0.588514217,2.97E-05,3.24E-05,0.655011655
Kittitas,KRD,Seed,2024,281,429,0.655011655,0.655011655,0.588514217,2.97E-05,3.24E-05,0.655011655
Kittitas,West Side,Seed,2024,40,429,0.093240093,0.093240093,0.083774266,4.22E-06,4.61E-06,0.093240093
Kittitas,West Side,Seed,2024,40,429,0.093240093,0.093240093,0.083774266,4.22E-06,4.61E-06,0.093240093
Kittitas,West Side,Seed,2024,40,429,0.093240093,0.093240093,0.083774266,4.22E-06,4.61E-06,0.093240093
Kittitas,West Side,Seed,2024,40,429,0.093240093,0.093240093,0.083774266,4.22E-06,4.61E-06,0.093240093
Kittitas,West Side,Seed,2024,40,429,0.093240093,0.093240093,0.083774266,4.22E-06,4.61E-06,0.093240093
Kittitas,West Side,Seed,2024,40,429,0.093240093,0.093240093,0.083774266,4.22E-06,4.61E-06,0.093240093
Kittitas,West Side,Seed,2024,40,429,0.093240093,0.093240093,0.083774266,4.22E-06,4.61E-06,0.093240093
Kittitas,West Side,Seed,2024,40,429,0.093240093,0.093240093,0.083774266,4.22E-06,4.61E-06,0.093240093
Kittitas,West Side,Seed,2024,40,429,0.093240093,0.093240093,0.083774266,4.22E-06,4.61E-06,0.093240093
Kittitas,West Side,Seed,2024,40,429,0.093240093,0.093240093,0.083774266,4.22E-06,4.61E-06,0.093240093
Kittitas,Bull Ditch,Vegetable,2024,103,2229,0.046209062,0.046209062,0.035648952,6.56E-07,8.46E-07,0.046209062
Kittitas,Bull Ditch,Vegetable,2024,103,2229,0.046209062,0.046209062,0.035648952,6.56E-07,8.46E-07,0.046209062
Kittitas,Bull Ditch,Vegetable,2024,103,2229,0.046209062,0.046209062,0.035648952,6.56E-07,8.46E-07,0.046209062
Kittitas,Bull Ditch,Vegetable,2024,103,2229,0.046209062,0.046209062,0.035648952,6.56E-07,8.46E-07,0.046209062
Kittitas,Bull Ditch,Vegetable,2024,103,2229,0.046209062,0.046209062,0.035648952,6.56E-07,8.46E-07,0.046209062
Kittitas,Bull Ditch,Vegetable,2024,103,2229,0.046209062,0.046209062,0.035648952,6.56E-07,8.46E-07,0.046209062
Kittitas,Bull Ditch,Vegetable,2024,103,2229,0.046209062,0.046209062,0.035648952,6.56E-07,8.46E-07,0.046209062
Kittitas,Bull Ditch,Vegetable,2024,103,2229,0.046209062,0.046209062,0.035648952,6.56E-07,8.46E-07,0.046209062
Kittitas,Bull Ditch,Vegetable,2024,103,2229,0.046209062,0.046209062,0.035648952,6.56E-07,8.46E-07,0.046209062
Kittitas,Bull Ditch,Vegetable,2024,103,2229,0.046209062,0.046209062,0.035648952,6.56E-07,8.46E-07,0.046209062
Kittitas,Cascade,Vegetable,2024,422,2229,0.189322566,0.189322566,0.146056869,2.69E-06,3.46E-06,0.189322566
Kittitas,Cascade,Vegetable,2024,422,2229,0.189322566,0.189322566,0.146056869,2.69E-06,3.46E-06,0.189322566
Kittitas,Cascade,Vegetable,2024,422,2229,0.189322566,0.189322566,0.146056869,2.69E-06,3.46E-06,0.189322566
Kittitas,Cascade,Vegetable,2024,422,2229,0.189322566,0.189322566,0.146056869,2.69E-06,3.46E-06,0.189322566
Kittitas,Cascade,Vegetable,2024,422,2229,0.189322566,0.189322566,0.146056869,2.69E-06,3.46E-06,0.189322566
Kittitas,Cascade,Vegetable,2024,422,2229,0.189322566,0.189322566,0.146056869,2.69E-06,3.46E-06,0.189322566
Kittitas,Cascade,Vegetable,2024,422,2229,0.189322566,0.189322566,0.146056869,2.69E-06,3.46E-06,0.189322566
Kittitas,Cascade,Vegetable,2024,422,2229,0.189322566,0.189322566,0.146056869,2.69E-06,3.46E-06,0.189322566
Kittitas,Cascade,Vegetable,2024,422,2229,0.189322566,0.189322566,0.146056869,2.69E-06,3.46E-06,0.189322566
Kittitas,Cascade,Vegetable,2024,422,2229,0.189322566,0.189322566,0.146056869,2.69E-06,3.46E-06,0.189322566
Kittitas,Ellensburg Wat,Vegetable,2024,833,2229,0.373710184,0.373710184,0.288306569,5.31E-06,6.84E-06,0.373710184
Kittitas,Ellensburg Wat,Vegetable,2024,833,2229,0.373710184,0.373710184,0.288306569,5.31E-06,6.84E-06,0.373710184
Kittitas,Ellensburg Wat,Vegetable,2024,833,2229,0.373710184,0.373710184,0.288306569,5.31E-06,6.84E-06,0.373710184
Kittitas,Ellensburg Wat,Vegetable,2024,833,2229,0.373710184,0.373710184,0.288306569,5.31E-06,6.84E-06,0.373710184
Kittitas,Ellensburg Wat,Vegetable,2024,833,2229,0.373710184,0.373710184,0.288306569,5.31E-06,6.84E-06,0.373710184
Kittitas,Ellensburg Wat,Vegetable,2024,833,2229,0.373710184,0.373710184,0.288306569,5.31E-06,6.84E-06,0.373710184
Kittitas,Ellensburg Wat,Vegetable,2024,833,2229,0.373710184,0.373710184,0.288306569,5.31E-06,6.84E-06,0.373710184
Kittitas,Ellensburg Wat,Vegetable,2024,833,2229,0.373710184,0.373710184,0.288306569,5.31E-06,6.84E-06,0.373710184
Kittitas,Ellensburg Wat,Vegetable,2024,833,2229,0.373710184,0.373710184,0.288306569,5.31E-06,6.84E-06,0.373710184
Kittitas,Ellensburg Wat,Vegetable,2024,833,2229,0.373710184,0.373710184,0.288306569,5.31E-06,6.84E-06,0.373710184
Kittitas,KRD,Vegetable,2024,790,2229,0.354419022,0.354419022,0.273423997,5.03E-06,6.49E-06,0.354419022
Kittitas,KRD,Vegetable,2024,790,2229,0.354419022,0.354419022,0.273423997,5.03E-06,6.49E-06,0.354419022
Kittitas,KRD,Vegetable,2024,790,2229,0.354419022,0.354419022,0.273423997,5.03E-06,6.49E-06,0.354419022
Kittitas,KRD,Vegetable,2024,790,2229,0.354419022,0.354419022,0.273423997,5.03E-06,6.49E-06,0.354419022
Kittitas,KRD,Vegetable,2024,790,2229,0.354419022,0.354419022,0.273423997,5.03E-06,6.49E-06,0.354419022
Kittitas,KRD,Vegetable,2024,790,2229,0.354419022,0.354419022,0.273423997,5.03E-06,6.49E-06,0.354419022
Kittitas,KRD,Vegetable,2024,790,2229,0.354419022,0.354419022,0.273423997,5.03E-06,6.49E-06,0.354419022
Kittitas,KRD,Vegetable,2024,790,2229,0.354419022,0.354419022,0.273423997,5.03E-06,6.49E-06,0.354419022
Kittitas,KRD,Vegetable,2024,790,2229,0.354419022,0.354419022,0.273423997,5.03E-06,6.49E-06,0.354419022
Kittitas,KRD,Vegetable,2024,790,2229,0.354419022,0.354419022,0.273423997,5.03E-06,6.49E-06,0.354419022
Kittitas,West Side,Vegetable,2024,81,2229,0.036339166,0.036339166,0.028034612,5.16E-07,6.65E-07,0.036339166
Kittitas,West Side,Vegetable,2024,81,2229,0.036339166,0.036339166,0.028034612,5.16E-07,6.65E-07,0.036339166
Kittitas,West Side,Vegetable,2024,81,2229,0.036339166,0.036339166,0.028034612,5.16E-07,6.65E-07,0.036339166
Kittitas,West Side,Vegetable,2024,81,2229,0.036339166,0.036339166,0.028034612,5.16E-07,6.65E-07,0.036339166
Kittitas,West Side,Vegetable,2024,81,2229,0.036339166,0.036339166,0.028034612,5.16E-07,6.65E-07,0.036339166
Kittitas,West Side,Vegetable,2024,81,2229,0.036339166,0.036339166,0.028034612,5.16E-07,6.65E-07,0.036339166
Kittitas,West Side,Vegetable,2024,81,2229,0.036339166,0.036339166,0.028034612,5.16E-07,6.65E-07,0.036339166
Kittitas,West Side,Vegetable,2024,81,2229,0.036339166,0.036339166,0.028034612,5.16E-07,6.65E-07,0.036339166
Kittitas,West Side,Vegetable,2024,81,2229,0.036339166,0.036339166,0.028034612,5.16E-07,6.65E-07,0.036339166
Kittitas,West Side,Vegetable,2024,81,2229,0.036339166,0.036339166,0.028034612,5.16E-07,6.65E-07,0.036339166
Kittitas,Cascade,Vineyard,2024,2,21,0.095238095,0.095238095,0.08024781,1.44E-06,1.89E-06,0.095238095
Kittitas,Cascade,Vineyard,2024,2,21,0.095238095,0.095238095,0.08024781,1.44E-06,1.89E-06,0.095238095
Kittitas,Cascade,Vineyard,2024,2,21,0.095238095,0.095238095,0.08024781,1.44E-06,1.89E-06,0.095238095
Kittitas,Cascade,Vineyard,2024,2,21,0.095238095,0.095238095,0.08024781,1.44E-06,1.89E-06,0.095238095
Kittitas,Cascade,Vineyard,2024,2,21,0.095238095,0.095238095,0.08024781,1.44E-06,1.89E-06,0.095238095
Kittitas,Cascade,Vineyard,2024,2,21,0.095238095,0.095238095,0.08024781,1.44E-06,1.89E-06,0.095238095
Kittitas,Cascade,Vineyard,2024,2,21,0.095238095,0.095238095,0.08024781,1.44E-06,1.89E-06,0.095238095
Kittitas,Cascade,Vineyard,2024,2,21,0.095238095,0.095238095,0.08024781,1.44E-06,1.89E-06,0.095238095
Kittitas,Cascade,Vineyard,2024,2,21,0.095238095,0.095238095,0.08024781,1.44E-06,1.89E-06,0.095238095
Kittitas,Cascade,Vineyard,2024,2,21,0.095238095,0.095238095,0.08024781,1.44E-06,1.89E-06,0.095238095
Kittitas,Ellensburg Wat,Vineyard,2024,2,21,0.095238095,0.095238095,0.08024781,1.44E-06,1.89E-06,0.095238095
Kittitas,Ellensburg Wat,Vineyard,2024,2,21,0.095238095,0.095238095,0.08024781,1.44E-06,1.89E-06,0.095238095
Kittitas,Ellensburg Wat,Vineyard,2024,2,21,0.095238095,0.095238095,0.08024781,1.44E-06,1.89E-06,0.095238095
Kittitas,Ellensburg Wat,Vineyard,2024,2,21,0.095238095,0.095238095,0.08024781,1.44E-06,1.89E-06,0.095238095
Kittitas,Ellensburg Wat,Vineyard,2024,2,21,0.095238095,0.095238095,0.08024781,1.44E-06,1.89E-06,0.095238095
Kittitas,Ellensburg Wat,Vineyard,2024,2,21,0.095238095,0.095238095,0.08024781,1.44E-06,1.89E-06,0.095238095
Kittitas,Ellensburg Wat,Vineyard,2024,2,21,0.095238095,0.095238095,0.08024781,1.44E-06,1.89E-06,0.095238095
Kittitas,Ellensburg Wat,Vineyard,2024,2,21,0.095238095,0.095238095,0.08024781,1.44E-06,1.89E-06,0.095238095
Kittitas,Ellensburg Wat,Vineyard,2024,2,21,0.095238095,0.095238095,0.08024781,1.44E-06,1.89E-06,0.095238095
Kittitas,Ellensburg Wat,Vineyard,2024,2,21,0.095238095,0.095238095,0.08024781,1.44E-06,1.89E-06,0.095238095
Kittitas,KRD,Vineyard,2024,17,21,0.80952381,0.80952381,0.682106381,1.22E-05,1.60E-05,0.80952381
Kittitas,KRD,Vineyard,2024,17,21,0.80952381,0.80952381,0.682106381,1.22E-05,1.60E-05,0.80952381
Kittitas,KRD,Vineyard,2024,17,21,0.80952381,0.80952381,0.682106381,1.22E-05,1.60E-05,0.80952381
Kittitas,KRD,Vineyard,2024,17,21,0.80952381,0.80952381,0.682106381,1.22E-05,1.60E-05,0.80952381
Kittitas,KRD,Vineyard,2024,17,21,0.80952381,0.80952381,0.682106381,1.22E-05,1.60E-05,0.80952381
Kittitas,KRD,Vineyard,2024,17,21,0.80952381,0.80952381,0.682106381,1.22E-05,1.60E-05,0.80952381
Kittitas,KRD,Vineyard,2024,17,21,0.80952381,0.80952381,0.682106381,1.22E-05,1.60E-05,0.80952381
Kittitas,KRD,Vineyard,2024,17,21,0.80952381,0.80952381,0.682106381,1.22E-05,1.60E-05,0.80952381
Kittitas,KRD,Vineyard,2024,17,21,0.80952381,0.80952381,0.682106381,1.22E-05,1.60E-05,0.80952381
Kittitas,KRD,Vineyard,2024,17,21,0.80952381,0.80952381,0.682106381,1.22E-05,1.60E-05,0.80952381
Okanogan,Okanogan,Berry,2024,3,3,1,1,1.91252,1.97E-05,5.23E-06,1
Okanogan,Okanogan,Cereal Grain,2024,8,8,1,1,2.74046,5.71E-06,6.92E-06,1
Okanogan,Okanogan,Hay/Silage,2024,3595,3595,1,1,2.74046,5.71E-06,6.92E-06,1
Okanogan,Okanogan,Herb,2024,36,36,1,1,1.35679,6.49E-05,3.59E-06,1
Okanogan,Okanogan,Orchard,2024,10736,10736,1,1,1.912526,1.97E-05,5.23E-06,1
Okanogan,Okanogan,Vegetable,2024,41,41,1,1,1.67231,1.79E-05,4.23E-06,1
Okanogan,Okanogan,Vineyard,2024,55,55,1,1,1.91252,1.97E-05,5.23E-06,1
Yakima,Ahtanum,Berry,2024,3,1580,0.001898734,0.001898734,0.00189424,1.96E-08,3.30E-08,0.001898734
Yakima,Ahtanum,Berry,2024,3,1580,0.001898734,0.001898734,0.00189424,1.96E-08,3.30E-08,0.001898734
Yakima,Ahtanum,Berry,2024,3,1580,0.001898734,0.001898734,0.00189424,1.96E-08,3.30E-08,0.001898734
Yakima,Ahtanum,Berry,2024,3,1580,0.001898734,0.001898734,0.00189424,1.96E-08,3.30E-08,0.001898734
Yakima,Ahtanum,Berry,2024,3,1580,0.001898734,0.001898734,0.00189424,1.96E-08,3.30E-08,0.001898734
Yakima,Ahtanum,Berry,2024,3,1580,0.001898734,0.001898734,0.00189424,1.96E-08,3.30E-08,0.001898734
Yakima,Ahtanum,Berry,2024,3,1580,0.001898734,0.001898734,0.00189424,1.96E-08,3.30E-08,0.001898734
Yakima,Ahtanum,Berry,2024,3,1580,0.001898734,0.001898734,0.00189424,1.96E-08,3.30E-08,0.001898734
Yakima,Ahtanum,Berry,2024,3,1580,0.001898734,0.001898734,0.00189424,1.96E-08,3.30E-08,0.001898734
Yakima,Ahtanum,Berry,2024,3,1580,0.001898734,0.001898734,0.00189424,1.96E-08,3.30E-08,0.001898734
Yakima,Naches-Selah,Berry,2024,20,1580,0.012658228,0.012658228,0.012628266,1.30E-07,2.20E-07,0.012658228
Yakima,Naches-Selah,Berry,2024,20,1580,0.012658228,0.012658228,0.012628266,1.30E-07,2.20E-07,0.012658228
Yakima,Naches-Selah,Berry,2024,20,1580,0.012658228,0.012658228,0.012628266,1.30E-07,2.20E-07,0.012658228
Yakima,Naches-Selah,Berry,2024,20,1580,0.012658228,0.012658228,0.012628266,1.30E-07,2.20E-07,0.012658228
Yakima,Naches-Selah,Berry,2024,20,1580,0.012658228,0.012658228,0.012628266,1.30E-07,2.20E-07,0.012658228
Yakima,Naches-Selah,Berry,2024,20,1580,0.012658228,0.012658228,0.012628266,1.30E-07,2.20E-07,0.012658228
Yakima,Naches-Selah,Berry,2024,20,1580,0.012658228,0.012658228,0.012628266,1.30E-07,2.20E-07,0.012658228
Yakima,Naches-Selah,Berry,2024,20,1580,0.012658228,0.012658228,0.012628266,1.30E-07,2.20E-07,0.012658228
Yakima,Naches-Selah,Berry,2024,20,1580,0.012658228,0.012658228,0.012628266,1.30E-07,2.20E-07,0.012658228
Yakima,Naches-Selah,Berry,2024,20,1580,0.012658228,0.012658228,0.012628266,1.30E-07,2.20E-07,0.012658228
Yakima,Not In I.D.,Berry,2024,1,1580,0.000632911,0.000632911,0.000631413,6.52E-09,1.10E-08,0.000632911
Yakima,Not In I.D.,Berry,2024,1,1580,0.000632911,0.000632911,0.000631413,6.52E-09,1.10E-08,0.000632911
Yakima,Not In I.D.,Berry,2024,1,1580,0.000632911,0.000632911,0.000631413,6.52E-09,1.10E-08,0.000632911
Yakima,Not In I.D.,Berry,2024,1,1580,0.000632911,0.000632911,0.000631413,6.52E-09,1.10E-08,0.000632911
Yakima,Not In I.D.,Berry,2024,1,1580,0.000632911,0.000632911,0.000631413,6.52E-09,1.10E-08,0.000632911
Yakima,Not In I.D.,Berry,2024,1,1580,0.000632911,0.000632911,0.000631413,6.52E-09,1.10E-08,0.000632911
Yakima,Not In I.D.,Berry,2024,1,1580,0.000632911,0.000632911,0.000631413,6.52E-09,1.10E-08,0.000632911
Yakima,Not In I.D.,Berry,2024,1,1580,0.000632911,0.000632911,0.000631413,6.52E-09,1.10E-08,0.000632911
Yakima,Not In I.D.,Berry,2024,1,1580,0.000632911,0.000632911,0.000631413,6.52E-09,1.10E-08,0.000632911
Yakima,Not In I.D.,Berry,2024,1,1580,0.000632911,0.000632911,0.000631413,6.52E-09,1.10E-08,0.000632911
Yakima,Roza,Berry,2024,1285,1580,0.813291139,0.813291139,0.811366079,8.38E-06,1.42E-05,0.813291139
Yakima,Roza,Berry,2024,1285,1580,0.813291139,0.813291139,0.811366079,8.38E-06,1.42E-05,0.813291139
Yakima,Roza,Berry,2024,1285,1580,0.813291139,0.813291139,0.811366079,8.38E-06,1.42E-05,0.813291139
Yakima,Roza,Berry,2024,1285,1580,0.813291139,0.813291139,0.811366079,8.38E-06,1.42E-05,0.813291139
Yakima,Roza,Berry,2024,1285,1580,0.813291139,0.813291139,0.811366079,8.38E-06,1.42E-05,0.813291139
Yakima,Roza,Berry,2024,1285,1580,0.813291139,0.813291139,0.811366079,8.38E-06,1.42E-05,0.813291139
Yakima,Roza,Berry,2024,1285,1580,0.813291139,0.813291139,0.811366079,8.38E-06,1.42E-05,0.813291139
Yakima,Roza,Berry,2024,1285,1580,0.813291139,0.813291139,0.811366079,8.38E-06,1.42E-05,0.813291139
Yakima,Roza,Berry,2024,1285,1580,0.813291139,0.813291139,0.811366079,8.38E-06,1.42E-05,0.813291139
Yakima,Roza,Berry,2024,1285,1580,0.813291139,0.813291139,0.811366079,8.38E-06,1.42E-05,0.813291139
Yakima,SVID,Berry,2024,56,1580,0.035443038,0.035443038,0.035359144,3.65E-07,6.17E-07,0.035443038
Yakima,SVID,Berry,2024,56,1580,0.035443038,0.035443038,0.035359144,3.65E-07,6.17E-07,0.035443038
Yakima,SVID,Berry,2024,56,1580,0.035443038,0.035443038,0.035359144,3.65E-07,6.17E-07,0.035443038
Yakima,SVID,Berry,2024,56,1580,0.035443038,0.035443038,0.035359144,3.65E-07,6.17E-07,0.035443038
Yakima,SVID,Berry,2024,56,1580,0.035443038,0.035443038,0.035359144,3.65E-07,6.17E-07,0.035443038
Yakima,SVID,Berry,2024,56,1580,0.035443038,0.035443038,0.035359144,3.65E-07,6.17E-07,0.035443038
Yakima,SVID,Berry,2024,56,1580,0.035443038,0.035443038,0.035359144,3.65E-07,6.17E-07,0.035443038
Yakima,SVID,Berry,2024,56,1580,0.035443038,0.035443038,0.035359144,3.65E-07,6.17E-07,0.035443038
Yakima,SVID,Berry,2024,56,1580,0.035443038,0.035443038,0.035359144,3.65E-07,6.17E-07,0.035443038
Yakima,SVID,Berry,2024,56,1580,0.035443038,0.035443038,0.035359144,3.65E-07,6.17E-07,0.035443038
Yakima,Yakima-Tieton,Berry,2024,12,1580,0.007594937,0.007594937,0.007576959,7.82E-08,1.32E-07,0.007594937
Yakima,Yakima-Tieton,Berry,2024,12,1580,0.007594937,0.007594937,0.007576959,7.82E-08,1.32E-07,0.007594937
Yakima,Yakima-Tieton,Berry,2024,12,1580,0.007594937,0.007594937,0.007576959,7.82E-08,1.32E-07,0.007594937
Yakima,Yakima-Tieton,Berry,2024,12,1580,0.007594937,0.007594937,0.007576959,7.82E-08,1.32E-07,0.007594937
Yakima,Yakima-Tieton,Berry,2024,12,1580,0.007594937,0.007594937,0.007576959,7.82E-08,1.32E-07,0.007594937
Yakima,Yakima-Tieton,Berry,2024,12,1580,0.007594937,0.007594937,0.007576959,7.82E-08,1.32E-07,0.007594937
Yakima,Yakima-Tieton,Berry,2024,12,1580,0.007594937,0.007594937,0.007576959,7.82E-08,1.32E-07,0.007594937
Yakima,Yakima-Tieton,Berry,2024,12,1580,0.007594937,0.007594937,0.007576959,7.82E-08,1.32E-07,0.007594937
Yakima,Yakima-Tieton,Berry,2024,12,1580,0.007594937,0.007594937,0.007576959,7.82E-08,1.32E-07,0.007594937
Yakima,Yakima-Tieton,Berry,2024,12,1580,0.007594937,0.007594937,0.007576959,7.82E-08,1.32E-07,0.007594937
Yakima,Yakima-Wapato,Berry,2024,29,1580,0.01835443,0.01835443,0.018310985,1.89E-07,3.19E-07,0.01835443
Yakima,Yakima-Wapato,Berry,2024,29,1580,0.01835443,0.01835443,0.018310985,1.89E-07,3.19E-07,0.01835443
Yakima,Yakima-Wapato,Berry,2024,29,1580,0.01835443,0.01835443,0.018310985,1.89E-07,3.19E-07,0.01835443
Yakima,Yakima-Wapato,Berry,2024,29,1580,0.01835443,0.01835443,0.018310985,1.89E-07,3.19E-07,0.01835443
Yakima,Yakima-Wapato,Berry,2024,29,1580,0.01835443,0.01835443,0.018310985,1.89E-07,3.19E-07,0.01835443
Yakima,Yakima-Wapato,Berry,2024,29,1580,0.01835443,0.01835443,0.018310985,1.89E-07,3.19E-07,0.01835443
Yakima,Yakima-Wapato,Berry,2024,29,1580,0.01835443,0.01835443,0.018310985,1.89E-07,3.19E-07,0.01835443
Yakima,Yakima-Wapato,Berry,2024,29,1580,0.01835443,0.01835443,0.018310985,1.89E-07,3.19E-07,0.01835443
Yakima,Yakima-Wapato,Berry,2024,29,1580,0.01835443,0.01835443,0.018310985,1.89E-07,3.19E-07,0.01835443
Yakima,Yakima-Wapato,Berry,2024,29,1580,0.01835443,0.01835443,0.018310985,1.89E-07,3.19E-07,0.01835443
Yakima,Ahtanum,Cereal Grain,2024,44,78622,0.00055964,0.00055964,0.000410758,1.65E-09,6.49E-09,0.00055964
Yakima,Ahtanum,Cereal Grain,2024,44,78622,0.00055964,0.00055964,0.000410758,1.65E-09,6.49E-09,0.00055964
Yakima,Ahtanum,Cereal Grain,2024,44,78622,0.00055964,0.00055964,0.000410758,1.65E-09,6.49E-09,0.00055964
Yakima,Ahtanum,Cereal Grain,2024,44,78622,0.00055964,0.00055964,0.000410758,1.65E-09,6.49E-09,0.00055964
Yakima,Ahtanum,Cereal Grain,2024,44,78622,0.00055964,0.00055964,0.000410758,1.65E-09,6.49E-09,0.00055964
Yakima,Ahtanum,Cereal Grain,2024,44,78622,0.00055964,0.00055964,0.000410758,1.65E-09,6.49E-09,0.00055964
Yakima,Ahtanum,Cereal Grain,2024,44,78622,0.00055964,0.00055964,0.000410758,1.65E-09,6.49E-09,0.00055964
Yakima,Ahtanum,Cereal Grain,2024,44,78622,0.00055964,0.00055964,0.000410758,1.65E-09,6.49E-09,0.00055964
Yakima,Ahtanum,Cereal Grain,2024,44,78622,0.00055964,0.00055964,0.000410758,1.65E-09,6.49E-09,0.00055964
Yakima,Ahtanum,Cereal Grain,2024,44,78622,0.00055964,0.00055964,0.000410758,1.65E-09,6.49E-09,0.00055964
Yakima,Moxee-Selah,Cereal Grain,2024,13,78622,0.000165348,0.000165348,0.00012136,4.86E-10,1.92E-09,0.000165348
Yakima,Moxee-Selah,Cereal Grain,2024,13,78622,0.000165348,0.000165348,0.00012136,4.86E-10,1.92E-09,0.000165348
Yakima,Moxee-Selah,Cereal Grain,2024,13,78622,0.000165348,0.000165348,0.00012136,4.86E-10,1.92E-09,0.000165348
Yakima,Moxee-Selah,Cereal Grain,2024,13,78622,0.000165348,0.000165348,0.00012136,4.86E-10,1.92E-09,0.000165348
Yakima,Moxee-Selah,Cereal Grain,2024,13,78622,0.000165348,0.000165348,0.00012136,4.86E-10,1.92E-09,0.000165348
Yakima,Moxee-Selah,Cereal Grain,2024,13,78622,0.000165348,0.000165348,0.00012136,4.86E-10,1.92E-09,0.000165348
Yakima,Moxee-Selah,Cereal Grain,2024,13,78622,0.000165348,0.000165348,0.00012136,4.86E-10,1.92E-09,0.000165348
Yakima,Moxee-Selah,Cereal Grain,2024,13,78622,0.000165348,0.000165348,0.00012136,4.86E-10,1.92E-09,0.000165348
Yakima,Moxee-Selah,Cereal Grain,2024,13,78622,0.000165348,0.000165348,0.00012136,4.86E-10,1.92E-09,0.000165348
Yakima,Moxee-Selah,Cereal Grain,2024,13,78622,0.000165348,0.000165348,0.00012136,4.86E-10,1.92E-09,0.000165348
Yakima,Naches-Selah,Cereal Grain,2024,1,78622,1.27E-05,1.27E-05,9.34E-06,3.74E-11,1.48E-10,1.27E-05
Yakima,Naches-Selah,Cereal Grain,2024,1,78622,1.27E-05,1.27E-05,9.34E-06,3.74E-11,1.48E-10,1.27E-05
Yakima,Naches-Selah,Cereal Grain,2024,1,78622,1.27E-05,1.27E-05,9.34E-06,3.74E-11,1.48E-10,1.27E-05
Yakima,Naches-Selah,Cereal Grain,2024,1,78622,1.27E-05,1.27E-05,9.34E-06,3.74E-11,1.48E-10,1.27E-05
Yakima,Naches-Selah,Cereal Grain,2024,1,78622,1.27E-05,1.27E-05,9.34E-06,3.74E-11,1.48E-10,1.27E-05
Yakima,Naches-Selah,Cereal Grain,2024,1,78622,1.27E-05,1.27E-05,9.34E-06,3.74E-11,1.48E-10,1.27E-05
Yakima,Naches-Selah,Cereal Grain,2024,1,78622,1.27E-05,1.27E-05,9.34E-06,3.74E-11,1.48E-10,1.27E-05
Yakima,Naches-Selah,Cereal Grain,2024,1,78622,1.27E-05,1.27E-05,9.34E-06,3.74E-11,1.48E-10,1.27E-05
Yakima,Naches-Selah,Cereal Grain,2024,1,78622,1.27E-05,1.27E-05,9.34E-06,3.74E-11,1.48E-10,1.27E-05
Yakima,Naches-Selah,Cereal Grain,2024,1,78622,1.27E-05,1.27E-05,9.34E-06,3.74E-11,1.48E-10,1.27E-05
Yakima,Not In I.D.,Cereal Grain,2024,35,78622,0.000445168,0.000445168,0.00032674,1.31E-09,5.16E-09,0.000445168
Yakima,Not In I.D.,Cereal Grain,2024,35,78622,0.000445168,0.000445168,0.00032674,1.31E-09,5.16E-09,0.000445168
Yakima,Not In I.D.,Cereal Grain,2024,35,78622,0.000445168,0.000445168,0.00032674,1.31E-09,5.16E-09,0.000445168
Yakima,Not In I.D.,Cereal Grain,2024,35,78622,0.000445168,0.000445168,0.00032674,1.31E-09,5.16E-09,0.000445168
Yakima,Not In I.D.,Cereal Grain,2024,35,78622,0.000445168,0.000445168,0.00032674,1.31E-09,5.16E-09,0.000445168
Yakima,Not In I.D.,Cereal Grain,2024,35,78622,0.000445168,0.000445168,0.00032674,1.31E-09,5.16E-09,0.000445168
Yakima,Not In I.D.,Cereal Grain,2024,35,78622,0.000445168,0.000445168,0.00032674,1.31E-09,5.16E-09,0.000445168
Yakima,Not In I.D.,Cereal Grain,2024,35,78622,0.000445168,0.000445168,0.00032674,1.31E-09,5.16E-09,0.000445168
Yakima,Not In I.D.,Cereal Grain,2024,35,78622,0.000445168,0.000445168,0.00032674,1.31E-09,5.16E-09,0.000445168
Yakima,Not In I.D.,Cereal Grain,2024,35,78622,0.000445168,0.000445168,0.00032674,1.31E-09,5.16E-09,0.000445168
Yakima,Roza,Cereal Grain,2024,6683,78622,0.085001653,0.085001653,0.062388579,2.50E-07,9.86E-07,0.085001653
Yakima,Roza,Cereal Grain,2024,6683,78622,0.085001653,0.085001653,0.062388579,2.50E-07,9.86E-07,0.085001653
Yakima,Roza,Cereal Grain,2024,6683,78622,0.085001653,0.085001653,0.062388579,2.50E-07,9.86E-07,0.085001653
Yakima,Roza,Cereal Grain,2024,6683,78622,0.085001653,0.085001653,0.062388579,2.50E-07,9.86E-07,0.085001653
Yakima,Roza,Cereal Grain,2024,6683,78622,0.085001653,0.085001653,0.062388579,2.50E-07,9.86E-07,0.085001653
Yakima,Roza,Cereal Grain,2024,6683,78622,0.085001653,0.085001653,0.062388579,2.50E-07,9.86E-07,0.085001653
Yakima,Roza,Cereal Grain,2024,6683,78622,0.085001653,0.085001653,0.062388579,2.50E-07,9.86E-07,0.085001653
Yakima,Roza,Cereal Grain,2024,6683,78622,0.085001653,0.085001653,0.062388579,2.50E-07,9.86E-07,0.085001653
Yakima,Roza,Cereal Grain,2024,6683,78622,0.085001653,0.085001653,0.062388579,2.50E-07,9.86E-07,0.085001653
Yakima,Roza,Cereal Grain,2024,6683,78622,0.085001653,0.085001653,0.062388579,2.50E-07,9.86E-07,0.085001653
Yakima,SVID,Cereal Grain,2024,16312,78622,0.207473735,0.207473735,0.15227929,6.10E-07,2.41E-06,0.207473735
Yakima,SVID,Cereal Grain,2024,16312,78622,0.207473735,0.207473735,0.15227929,6.10E-07,2.41E-06,0.207473735
Yakima,SVID,Cereal Grain,2024,16312,78622,0.207473735,0.207473735,0.15227929,6.10E-07,2.41E-06,0.207473735
Yakima,SVID,Cereal Grain,2024,16312,78622,0.207473735,0.207473735,0.15227929,6.10E-07,2.41E-06,0.207473735
Yakima,SVID,Cereal Grain,2024,16312,78622,0.207473735,0.207473735,0.15227929,6.10E-07,2.41E-06,0.207473735
Yakima,SVID,Cereal Grain,2024,16312,78622,0.207473735,0.207473735,0.15227929,6.10E-07,2.41E-06,0.207473735
Yakima,SVID,Cereal Grain,2024,16312,78622,0.207473735,0.207473735,0.15227929,6.10E-07,2.41E-06,0.207473735
Yakima,SVID,Cereal Grain,2024,16312,78622,0.207473735,0.207473735,0.15227929,6.10E-07,2.41E-06,0.207473735
Yakima,SVID,Cereal Grain,2024,16312,78622,0.207473735,0.207473735,0.15227929,6.10E-07,2.41E-06,0.207473735
Yakima,SVID,Cereal Grain,2024,16312,78622,0.207473735,0.207473735,0.15227929,6.10E-07,2.41E-06,0.207473735
Yakima,Union Gap,Cereal Grain,2024,15,78622,0.000190786,0.000190786,0.000140031,5.61E-10,2.21E-09,0.000190786
Yakima,Union Gap,Cereal Grain,2024,15,78622,0.000190786,0.000190786,0.000140031,5.61E-10,2.21E-09,0.000190786
Yakima,Union Gap,Cereal Grain,2024,15,78622,0.000190786,0.000190786,0.000140031,5.61E-10,2.21E-09,0.000190786
Yakima,Union Gap,Cereal Grain,2024,15,78622,0.000190786,0.000190786,0.000140031,5.61E-10,2.21E-09,0.000190786
Yakima,Union Gap,Cereal Grain,2024,15,78622,0.000190786,0.000190786,0.000140031,5.61E-10,2.21E-09,0.000190786
Yakima,Union Gap,Cereal Grain,2024,15,78622,0.000190786,0.000190786,0.000140031,5.61E-10,2.21E-09,0.000190786
Yakima,Union Gap,Cereal Grain,2024,15,78622,0.000190786,0.000190786,0.000140031,5.61E-10,2.21E-09,0.000190786
Yakima,Union Gap,Cereal Grain,2024,15,78622,0.000190786,0.000190786,0.000140031,5.61E-10,2.21E-09,0.000190786
Yakima,Union Gap,Cereal Grain,2024,15,78622,0.000190786,0.000190786,0.000140031,5.61E-10,2.21E-09,0.000190786
Yakima,Union Gap,Cereal Grain,2024,15,78622,0.000190786,0.000190786,0.000140031,5.61E-10,2.21E-09,0.000190786
Yakima,Yakima-Wapato,Cereal Grain,2024,31999,78622,0.406998041,0.406998041,0.298723945,1.20E-06,4.72E-06,0.406998041
Yakima,Yakima-Wapato,Cereal Grain,2024,31999,78622,0.406998041,0.406998041,0.298723945,1.20E-06,4.72E-06,0.406998041
Yakima,Yakima-Wapato,Cereal Grain,2024,31999,78622,0.406998041,0.406998041,0.298723945,1.20E-06,4.72E-06,0.406998041
Yakima,Yakima-Wapato,Cereal Grain,2024,31999,78622,0.406998041,0.406998041,0.298723945,1.20E-06,4.72E-06,0.406998041
Yakima,Yakima-Wapato,Cereal Grain,2024,31999,78622,0.406998041,0.406998041,0.298723945,1.20E-06,4.72E-06,0.406998041
Yakima,Yakima-Wapato,Cereal Grain,2024,31999,78622,0.406998041,0.406998041,0.298723945,1.20E-06,4.72E-06,0.406998041
Yakima,Yakima-Wapato,Cereal Grain,2024,31999,78622,0.406998041,0.406998041,0.298723945,1.20E-06,4.72E-06,0.406998041
Yakima,Yakima-Wapato,Cereal Grain,2024,31999,78622,0.406998041,0.406998041,0.298723945,1.20E-06,4.72E-06,0.406998041
Yakima,Yakima-Wapato,Cereal Grain,2024,31999,78622,0.406998041,0.406998041,0.298723945,1.20E-06,4.72E-06,0.406998041
Yakima,Yakima-Wapato,Cereal Grain,2024,31999,78622,0.406998041,0.406998041,0.298723945,1.20E-06,4.72E-06,0.406998041
Yakima,Ahtanum,Hay/Silage,2024,1519,49892,0.030445763,0.030445763,0.022346246,8.95E-08,3.53E-07,0.030445763
Yakima,Ahtanum,Hay/Silage,2024,1519,49892,0.030445763,0.030445763,0.022346246,8.95E-08,3.53E-07,0.030445763
Yakima,Ahtanum,Hay/Silage,2024,1519,49892,0.030445763,0.030445763,0.022346246,8.95E-08,3.53E-07,0.030445763
Yakima,Ahtanum,Hay/Silage,2024,1519,49892,0.030445763,0.030445763,0.022346246,8.95E-08,3.53E-07,0.030445763
Yakima,Ahtanum,Hay/Silage,2024,1519,49892,0.030445763,0.030445763,0.022346246,8.95E-08,3.53E-07,0.030445763
Yakima,Ahtanum,Hay/Silage,2024,1519,49892,0.030445763,0.030445763,0.022346246,8.95E-08,3.53E-07,0.030445763
Yakima,Ahtanum,Hay/Silage,2024,1519,49892,0.030445763,0.030445763,0.022346246,8.95E-08,3.53E-07,0.030445763
Yakima,Ahtanum,Hay/Silage,2024,1519,49892,0.030445763,0.030445763,0.022346246,8.95E-08,3.53E-07,0.030445763
Yakima,Ahtanum,Hay/Silage,2024,1519,49892,0.030445763,0.030445763,0.022346246,8.95E-08,3.53E-07,0.030445763
Yakima,Ahtanum,Hay/Silage,2024,1519,49892,0.030445763,0.030445763,0.022346246,8.95E-08,3.53E-07,0.030445763
Yakima,Buena,Hay/Silage,2024,5,49892,0.000100216,0.000100216,7.36E-05,2.95E-10,1.16E-09,0.000100216
Yakima,Buena,Hay/Silage,2024,5,49892,0.000100216,0.000100216,7.36E-05,2.95E-10,1.16E-09,0.000100216
Yakima,Buena,Hay/Silage,2024,5,49892,0.000100216,0.000100216,7.36E-05,2.95E-10,1.16E-09,0.000100216
Yakima,Buena,Hay/Silage,2024,5,49892,0.000100216,0.000100216,7.36E-05,2.95E-10,1.16E-09,0.000100216
Yakima,Buena,Hay/Silage,2024,5,49892,0.000100216,0.000100216,7.36E-05,2.95E-10,1.16E-09,0.000100216
Yakima,Buena,Hay/Silage,2024,5,49892,0.000100216,0.000100216,7.36E-05,2.95E-10,1.16E-09,0.000100216
Yakima,Buena,Hay/Silage,2024,5,49892,0.000100216,0.000100216,7.36E-05,2.95E-10,1.16E-09,0.000100216
Yakima,Buena,Hay/Silage,2024,5,49892,0.000100216,0.000100216,7.36E-05,2.95E-10,1.16E-09,0.000100216
Yakima,Buena,Hay/Silage,2024,5,49892,0.000100216,0.000100216,7.36E-05,2.95E-10,1.16E-09,0.000100216
Yakima,Buena,Hay/Silage,2024,5,49892,0.000100216,0.000100216,7.36E-05,2.95E-10,1.16E-09,0.000100216
Yakima,Fowler Ditch,Hay/Silage,2024,25,49892,0.000501082,0.000501082,0.000367779,1.47E-09,5.81E-09,0.000501082
Yakima,Fowler Ditch,Hay/Silage,2024,25,49892,0.000501082,0.000501082,0.000367779,1.47E-09,5.81E-09,0.000501082
Yakima,Fowler Ditch,Hay/Silage,2024,25,49892,0.000501082,0.000501082,0.000367779,1.47E-09,5.81E-09,0.000501082
Yakima,Fowler Ditch,Hay/Silage,2024,25,49892,0.000501082,0.000501082,0.000367779,1.47E-09,5.81E-09,0.000501082
Yakima,Fowler Ditch,Hay/Silage,2024,25,49892,0.000501082,0.000501082,0.000367779,1.47E-09,5.81E-09,0.000501082
Yakima,Fowler Ditch,Hay/Silage,2024,25,49892,0.000501082,0.000501082,0.000367779,1.47E-09,5.81E-09,0.000501082
Yakima,Fowler Ditch,Hay/Silage,2024,25,49892,0.000501082,0.000501082,0.000367779,1.47E-09,5.81E-09,0.000501082
Yakima,Fowler Ditch,Hay/Silage,2024,25,49892,0.000501082,0.000501082,0.000367779,1.47E-09,5.81E-09,0.000501082
Yakima,Fowler Ditch,Hay/Silage,2024,25,49892,0.000501082,0.000501082,0.000367779,1.47E-09,5.81E-09,0.000501082
Yakima,Fowler Ditch,Hay/Silage,2024,25,49892,0.000501082,0.000501082,0.000367779,1.47E-09,5.81E-09,0.000501082
Yakima,Moxee-Selah,Hay/Silage,2024,204,49892,0.004088832,0.004088832,0.003001076,1.20E-08,4.74E-08,0.004088832
Yakima,Moxee-Selah,Hay/Silage,2024,204,49892,0.004088832,0.004088832,0.003001076,1.20E-08,4.74E-08,0.004088832
Yakima,Moxee-Selah,Hay/Silage,2024,204,49892,0.004088832,0.004088832,0.003001076,1.20E-08,4.74E-08,0.004088832
Yakima,Moxee-Selah,Hay/Silage,2024,204,49892,0.004088832,0.004088832,0.003001076,1.20E-08,4.74E-08,0.004088832
Yakima,Moxee-Selah,Hay/Silage,2024,204,49892,0.004088832,0.004088832,0.003001076,1.20E-08,4.74E-08,0.004088832
Yakima,Moxee-Selah,Hay/Silage,2024,204,49892,0.004088832,0.004088832,0.003001076,1.20E-08,4.74E-08,0.004088832
Yakima,Moxee-Selah,Hay/Silage,2024,204,49892,0.004088832,0.004088832,0.003001076,1.20E-08,4.74E-08,0.004088832
Yakima,Moxee-Selah,Hay/Silage,2024,204,49892,0.004088832,0.004088832,0.003001076,1.20E-08,4.74E-08,0.004088832
Yakima,Moxee-Selah,Hay/Silage,2024,204,49892,0.004088832,0.004088832,0.003001076,1.20E-08,4.74E-08,0.004088832
Yakima,Moxee-Selah,Hay/Silage,2024,204,49892,0.004088832,0.004088832,0.003001076,1.20E-08,4.74E-08,0.004088832
Yakima,Naches-Selah,Hay/Silage,2024,645,49892,0.012927924,0.012927924,0.009488696,3.80E-08,1.50E-07,0.012927924
Yakima,Naches-Selah,Hay/Silage,2024,645,49892,0.012927924,0.012927924,0.009488696,3.80E-08,1.50E-07,0.012927924
Yakima,Naches-Selah,Hay/Silage,2024,645,49892,0.012927924,0.012927924,0.009488696,3.80E-08,1.50E-07,0.012927924
Yakima,Naches-Selah,Hay/Silage,2024,645,49892,0.012927924,0.012927924,0.009488696,3.80E-08,1.50E-07,0.012927924
Yakima,Naches-Selah,Hay/Silage,2024,645,49892,0.012927924,0.012927924,0.009488696,3.80E-08,1.50E-07,0.012927924
Yakima,Naches-Selah,Hay/Silage,2024,645,49892,0.012927924,0.012927924,0.009488696,3.80E-08,1.50E-07,0.012927924
Yakima,Naches-Selah,Hay/Silage,2024,645,49892,0.012927924,0.012927924,0.009488696,3.80E-08,1.50E-07,0.012927924
Yakima,Naches-Selah,Hay/Silage,2024,645,49892,0.012927924,0.012927924,0.009488696,3.80E-08,1.50E-07,0.012927924
Yakima,Naches-Selah,Hay/Silage,2024,645,49892,0.012927924,0.012927924,0.009488696,3.80E-08,1.50E-07,0.012927924
Yakima,Naches-Selah,Hay/Silage,2024,645,49892,0.012927924,0.012927924,0.009488696,3.80E-08,1.50E-07,0.012927924
Yakima,Not In I.D.,Hay/Silage,2024,1037,49892,0.020784895,0.020784895,0.015255469,6.11E-08,2.41E-07,0.020784895
Yakima,Not In I.D.,Hay/Silage,2024,1037,49892,0.020784895,0.020784895,0.015255469,6.11E-08,2.41E-07,0.020784895
Yakima,Not In I.D.,Hay/Silage,2024,1037,49892,0.020784895,0.020784895,0.015255469,6.11E-08,2.41E-07,0.020784895
Yakima,Not In I.D.,Hay/Silage,2024,1037,49892,0.020784895,0.020784895,0.015255469,6.11E-08,2.41E-07,0.020784895
Yakima,Not In I.D.,Hay/Silage,2024,1037,49892,0.020784895,0.020784895,0.015255469,6.11E-08,2.41E-07,0.020784895
Yakima,Not In I.D.,Hay/Silage,2024,1037,49892,0.020784895,0.020784895,0.015255469,6.11E-08,2.41E-07,0.020784895
Yakima,Not In I.D.,Hay/Silage,2024,1037,49892,0.020784895,0.020784895,0.015255469,6.11E-08,2.41E-07,0.020784895
Yakima,Not In I.D.,Hay/Silage,2024,1037,49892,0.020784895,0.020784895,0.015255469,6.11E-08,2.41E-07,0.020784895
Yakima,Not In I.D.,Hay/Silage,2024,1037,49892,0.020784895,0.020784895,0.015255469,6.11E-08,2.41E-07,0.020784895
Yakima,Not In I.D.,Hay/Silage,2024,1037,49892,0.020784895,0.020784895,0.015255469,6.11E-08,2.41E-07,0.020784895
Yakima,Roza,Hay/Silage,2024,3510,49892,0.07035196,0.07035196,0.051636158,2.07E-07,8.16E-07,0.07035196
Yakima,Roza,Hay/Silage,2024,3510,49892,0.07035196,0.07035196,0.051636158,2.07E-07,8.16E-07,0.07035196
Yakima,Roza,Hay/Silage,2024,3510,49892,0.07035196,0.07035196,0.051636158,2.07E-07,8.16E-07,0.07035196
Yakima,Roza,Hay/Silage,2024,3510,49892,0.07035196,0.07035196,0.051636158,2.07E-07,8.16E-07,0.07035196
Yakima,Roza,Hay/Silage,2024,3510,49892,0.07035196,0.07035196,0.051636158,2.07E-07,8.16E-07,0.07035196
Yakima,Roza,Hay/Silage,2024,3510,49892,0.07035196,0.07035196,0.051636158,2.07E-07,8.16E-07,0.07035196
Yakima,Roza,Hay/Silage,2024,3510,49892,0.07035196,0.07035196,0.051636158,2.07E-07,8.16E-07,0.07035196
Yakima,Roza,Hay/Silage,2024,3510,49892,0.07035196,0.07035196,0.051636158,2.07E-07,8.16E-07,0.07035196
Yakima,Roza,Hay/Silage,2024,3510,49892,0.07035196,0.07035196,0.051636158,2.07E-07,8.16E-07,0.07035196
Yakima,Roza,Hay/Silage,2024,3510,49892,0.07035196,0.07035196,0.051636158,2.07E-07,8.16E-07,0.07035196
Yakima,SVID,Hay/Silage,2024,9274,49892,0.185881504,0.185881504,0.136431262,5.46E-07,2.16E-06,0.185881504
Yakima,SVID,Hay/Silage,2024,9274,49892,0.185881504,0.185881504,0.136431262,5.46E-07,2.16E-06,0.185881504
Yakima,SVID,Hay/Silage,2024,9274,49892,0.185881504,0.185881504,0.136431262,5.46E-07,2.16E-06,0.185881504
Yakima,SVID,Hay/Silage,2024,9274,49892,0.185881504,0.185881504,0.136431262,5.46E-07,2.16E-06,0.185881504
Yakima,SVID,Hay/Silage,2024,9274,49892,0.185881504,0.185881504,0.136431262,5.46E-07,2.16E-06,0.185881504
Yakima,SVID,Hay/Silage,2024,9274,49892,0.185881504,0.185881504,0.136431262,5.46E-07,2.16E-06,0.185881504
Yakima,SVID,Hay/Silage,2024,9274,49892,0.185881504,0.185881504,0.136431262,5.46E-07,2.16E-06,0.185881504
Yakima,SVID,Hay/Silage,2024,9274,49892,0.185881504,0.185881504,0.136431262,5.46E-07,2.16E-06,0.185881504
Yakima,SVID,Hay/Silage,2024,9274,49892,0.185881504,0.185881504,0.136431262,5.46E-07,2.16E-06,0.185881504
Yakima,SVID,Hay/Silage,2024,9274,49892,0.185881504,0.185881504,0.136431262,5.46E-07,2.16E-06,0.185881504
Yakima,Terrace Heights,Hay/Silage,2024,20,49892,0.000400866,0.000400866,0.000294223,1.18E-09,4.65E-09,0.000400866
Yakima,Terrace Heights,Hay/Silage,2024,20,49892,0.000400866,0.000400866,0.000294223,1.18E-09,4.65E-09,0.000400866
Yakima,Terrace Heights,Hay/Silage,2024,20,49892,0.000400866,0.000400866,0.000294223,1.18E-09,4.65E-09,0.000400866
Yakima,Terrace Heights,Hay/Silage,2024,20,49892,0.000400866,0.000400866,0.000294223,1.18E-09,4.65E-09,0.000400866
Yakima,Terrace Heights,Hay/Silage,2024,20,49892,0.000400866,0.000400866,0.000294223,1.18E-09,4.65E-09,0.000400866
Yakima,Terrace Heights,Hay/Silage,2024,20,49892,0.000400866,0.000400866,0.000294223,1.18E-09,4.65E-09,0.000400866
Yakima,Terrace Heights,Hay/Silage,2024,20,49892,0.000400866,0.000400866,0.000294223,1.18E-09,4.65E-09,0.000400866
Yakima,Terrace Heights,Hay/Silage,2024,20,49892,0.000400866,0.000400866,0.000294223,1.18E-09,4.65E-09,0.000400866
Yakima,Terrace Heights,Hay/Silage,2024,20,49892,0.000400866,0.000400866,0.000294223,1.18E-09,4.65E-09,0.000400866
Yakima,Terrace Heights,Hay/Silage,2024,20,49892,0.000400866,0.000400866,0.000294223,1.18E-09,4.65E-09,0.000400866
Yakima,Union Gap,Hay/Silage,2024,37,49892,0.000741602,0.000741602,0.000544313,2.18E-09,8.60E-09,0.000741602
Yakima,Union Gap,Hay/Silage,2024,37,49892,0.000741602,0.000741602,0.000544313,2.18E-09,8.60E-09,0.000741602
Yakima,Union Gap,Hay/Silage,2024,37,49892,0.000741602,0.000741602,0.000544313,2.18E-09,8.60E-09,0.000741602
Yakima,Union Gap,Hay/Silage,2024,37,49892,0.000741602,0.000741602,0.000544313,2.18E-09,8.60E-09,0.000741602
Yakima,Union Gap,Hay/Silage,2024,37,49892,0.000741602,0.000741602,0.000544313,2.18E-09,8.60E-09,0.000741602
Yakima,Union Gap,Hay/Silage,2024,37,49892,0.000741602,0.000741602,0.000544313,2.18E-09,8.60E-09,0.000741602
Yakima,Union Gap,Hay/Silage,2024,37,49892,0.000741602,0.000741602,0.000544313,2.18E-09,8.60E-09,0.000741602
Yakima,Union Gap,Hay/Silage,2024,37,49892,0.000741602,0.000741602,0.000544313,2.18E-09,8.60E-09,0.000741602
Yakima,Union Gap,Hay/Silage,2024,37,49892,0.000741602,0.000741602,0.000544313,2.18E-09,8.60E-09,0.000741602
Yakima,Union Gap,Hay/Silage,2024,37,49892,0.000741602,0.000741602,0.000544313,2.18E-09,8.60E-09,0.000741602
Yakima,Wenas,Hay/Silage,2024,788,49892,0.015794115,0.015794115,0.011592391,4.64E-08,1.83E-07,0.015794115
Yakima,Wenas,Hay/Silage,2024,788,49892,0.015794115,0.015794115,0.011592391,4.64E-08,1.83E-07,0.015794115
Yakima,Wenas,Hay/Silage,2024,788,49892,0.015794115,0.015794115,0.011592391,4.64E-08,1.83E-07,0.015794115
Yakima,Wenas,Hay/Silage,2024,788,49892,0.015794115,0.015794115,0.011592391,4.64E-08,1.83E-07,0.015794115
Yakima,Wenas,Hay/Silage,2024,788,49892,0.015794115,0.015794115,0.011592391,4.64E-08,1.83E-07,0.015794115
Yakima,Wenas,Hay/Silage,2024,788,49892,0.015794115,0.015794115,0.011592391,4.64E-08,1.83E-07,0.015794115
Yakima,Wenas,Hay/Silage,2024,788,49892,0.015794115,0.015794115,0.011592391,4.64E-08,1.83E-07,0.015794115
Yakima,Wenas,Hay/Silage,2024,788,49892,0.015794115,0.015794115,0.011592391,4.64E-08,1.83E-07,0.015794115
Yakima,Wenas,Hay/Silage,2024,788,49892,0.015794115,0.015794115,0.011592391,4.64E-08,1.83E-07,0.015794115
Yakima,Wenas,Hay/Silage,2024,788,49892,0.015794115,0.015794115,0.011592391,4.64E-08,1.83E-07,0.015794115
Yakima,Yakima-Tieton,Hay/Silage,2024,1729,49892,0.034654854,0.034654854,0.025435589,1.02E-07,4.02E-07,0.034654854
Yakima,Yakima-Tieton,Hay/Silage,2024,1729,49892,0.034654854,0.034654854,0.025435589,1.02E-07,4.02E-07,0.034654854
Yakima,Yakima-Tieton,Hay/Silage,2024,1729,49892,0.034654854,0.034654854,0.025435589,1.02E-07,4.02E-07,0.034654854
Yakima,Yakima-Tieton,Hay/Silage,2024,1729,49892,0.034654854,0.034654854,0.025435589,1.02E-07,4.02E-07,0.034654854
Yakima,Yakima-Tieton,Hay/Silage,2024,1729,49892,0.034654854,0.034654854,0.025435589,1.02E-07,4.02E-07,0.034654854
Yakima,Yakima-Tieton,Hay/Silage,2024,1729,49892,0.034654854,0.034654854,0.025435589,1.02E-07,4.02E-07,0.034654854
Yakima,Yakima-Tieton,Hay/Silage,2024,1729,49892,0.034654854,0.034654854,0.025435589,1.02E-07,4.02E-07,0.034654854
Yakima,Yakima-Tieton,Hay/Silage,2024,1729,49892,0.034654854,0.034654854,0.025435589,1.02E-07,4.02E-07,0.034654854
Yakima,Yakima-Tieton,Hay/Silage,2024,1729,49892,0.034654854,0.034654854,0.025435589,1.02E-07,4.02E-07,0.034654854
Yakima,Yakima-Tieton,Hay/Silage,2024,1729,49892,0.034654854,0.034654854,0.025435589,1.02E-07,4.02E-07,0.034654854
Yakima,Yakima-Wapato,Hay/Silage,2024,17317,49892,0.347089714,0.347089714,0.25475309,1.02E-06,4.03E-06,0.347089714
Yakima,Yakima-Wapato,Hay/Silage,2024,17317,49892,0.347089714,0.347089714,0.25475309,1.02E-06,4.03E-06,0.347089714
Yakima,Yakima-Wapato,Hay/Silage,2024,17317,49892,0.347089714,0.347089714,0.25475309,1.02E-06,4.03E-06,0.347089714
Yakima,Yakima-Wapato,Hay/Silage,2024,17317,49892,0.347089714,0.347089714,0.25475309,1.02E-06,4.03E-06,0.347089714
Yakima,Yakima-Wapato,Hay/Silage,2024,17317,49892,0.347089714,0.347089714,0.25475309,1.02E-06,4.03E-06,0.347089714
Yakima,Yakima-Wapato,Hay/Silage,2024,17317,49892,0.347089714,0.347089714,0.25475309,1.02E-06,4.03E-06,0.347089714
Yakima,Yakima-Wapato,Hay/Silage,2024,17317,49892,0.347089714,0.347089714,0.25475309,1.02E-06,4.03E-06,0.347089714
Yakima,Yakima-Wapato,Hay/Silage,2024,17317,49892,0.347089714,0.347089714,0.25475309,1.02E-06,4.03E-06,0.347089714
Yakima,Yakima-Wapato,Hay/Silage,2024,17317,49892,0.347089714,0.347089714,0.25475309,1.02E-06,4.03E-06,0.347089714
Yakima,Yakima-Wapato,Hay/Silage,2024,17317,49892,0.347089714,0.347089714,0.25475309,1.02E-06,4.03E-06,0.347089714
Yakima,Buena,Herb,2024,72,40946,0.001758414,0.001758414,0.001841201,3.20E-08,4.27E-08,0.001758414
Yakima,Buena,Herb,2024,72,40946,0.001758414,0.001758414,0.001841201,3.20E-08,4.27E-08,0.001758414
Yakima,Buena,Herb,2024,72,40946,0.001758414,0.001758414,0.001841201,3.20E-08,4.27E-08,0.001758414
Yakima,Buena,Herb,2024,72,40946,0.001758414,0.001758414,0.001841201,3.20E-08,4.27E-08,0.001758414
Yakima,Buena,Herb,2024,72,40946,0.001758414,0.001758414,0.001841201,3.20E-08,4.27E-08,0.001758414
Yakima,Buena,Herb,2024,72,40946,0.001758414,0.001758414,0.001841201,3.20E-08,4.27E-08,0.001758414
Yakima,Buena,Herb,2024,72,40946,0.001758414,0.001758414,0.001841201,3.20E-08,4.27E-08,0.001758414
Yakima,Buena,Herb,2024,72,40946,0.001758414,0.001758414,0.001841201,3.20E-08,4.27E-08,0.001758414
Yakima,Buena,Herb,2024,72,40946,0.001758414,0.001758414,0.001841201,3.20E-08,4.27E-08,0.001758414
Yakima,Buena,Herb,2024,72,40946,0.001758414,0.001758414,0.001841201,3.20E-08,4.27E-08,0.001758414
Yakima,Fowler Ditch,Herb,2024,576,40946,0.014067308,0.014067308,0.014729611,2.56E-07,3.42E-07,0.014067308
Yakima,Fowler Ditch,Herb,2024,576,40946,0.014067308,0.014067308,0.014729611,2.56E-07,3.42E-07,0.014067308
Yakima,Fowler Ditch,Herb,2024,576,40946,0.014067308,0.014067308,0.014729611,2.56E-07,3.42E-07,0.014067308
Yakima,Fowler Ditch,Herb,2024,576,40946,0.014067308,0.014067308,0.014729611,2.56E-07,3.42E-07,0.014067308
Yakima,Fowler Ditch,Herb,2024,576,40946,0.014067308,0.014067308,0.014729611,2.56E-07,3.42E-07,0.014067308
Yakima,Fowler Ditch,Herb,2024,576,40946,0.014067308,0.014067308,0.014729611,2.56E-07,3.42E-07,0.014067308
Yakima,Fowler Ditch,Herb,2024,576,40946,0.014067308,0.014067308,0.014729611,2.56E-07,3.42E-07,0.014067308
Yakima,Fowler Ditch,Herb,2024,576,40946,0.014067308,0.014067308,0.014729611,2.56E-07,3.42E-07,0.014067308
Yakima,Fowler Ditch,Herb,2024,576,40946,0.014067308,0.014067308,0.014729611,2.56E-07,3.42E-07,0.014067308
Yakima,Fowler Ditch,Herb,2024,576,40946,0.014067308,0.014067308,0.014729611,2.56E-07,3.42E-07,0.014067308
Yakima,Moxee-Selah,Herb,2024,2725,40946,0.066551067,0.066551067,0.069684358,1.21E-06,1.62E-06,0.066551067
Yakima,Moxee-Selah,Herb,2024,2725,40946,0.066551067,0.066551067,0.069684358,1.21E-06,1.62E-06,0.066551067
Yakima,Moxee-Selah,Herb,2024,2725,40946,0.066551067,0.066551067,0.069684358,1.21E-06,1.62E-06,0.066551067
Yakima,Moxee-Selah,Herb,2024,2725,40946,0.066551067,0.066551067,0.069684358,1.21E-06,1.62E-06,0.066551067
Yakima,Moxee-Selah,Herb,2024,2725,40946,0.066551067,0.066551067,0.069684358,1.21E-06,1.62E-06,0.066551067
Yakima,Moxee-Selah,Herb,2024,2725,40946,0.066551067,0.066551067,0.069684358,1.21E-06,1.62E-06,0.066551067
Yakima,Moxee-Selah,Herb,2024,2725,40946,0.066551067,0.066551067,0.069684358,1.21E-06,1.62E-06,0.066551067
Yakima,Moxee-Selah,Herb,2024,2725,40946,0.066551067,0.066551067,0.069684358,1.21E-06,1.62E-06,0.066551067
Yakima,Moxee-Selah,Herb,2024,2725,40946,0.066551067,0.066551067,0.069684358,1.21E-06,1.62E-06,0.066551067
Yakima,Moxee-Selah,Herb,2024,2725,40946,0.066551067,0.066551067,0.069684358,1.21E-06,1.62E-06,0.066551067
Yakima,Not In I.D.,Herb,2024,236,40946,0.005763689,0.005763689,0.006035049,1.05E-07,1.40E-07,0.005763689
Yakima,Not In I.D.,Herb,2024,236,40946,0.005763689,0.005763689,0.006035049,1.05E-07,1.40E-07,0.005763689
Yakima,Not In I.D.,Herb,2024,236,40946,0.005763689,0.005763689,0.006035049,1.05E-07,1.40E-07,0.005763689
Yakima,Not In I.D.,Herb,2024,236,40946,0.005763689,0.005763689,0.006035049,1.05E-07,1.40E-07,0.005763689
Yakima,Not In I.D.,Herb,2024,236,40946,0.005763689,0.005763689,0.006035049,1.05E-07,1.40E-07,0.005763689
Yakima,Not In I.D.,Herb,2024,236,40946,0.005763689,0.005763689,0.006035049,1.05E-07,1.40E-07,0.005763689
Yakima,Not In I.D.,Herb,2024,236,40946,0.005763689,0.005763689,0.006035049,1.05E-07,1.40E-07,0.005763689
Yakima,Not In I.D.,Herb,2024,236,40946,0.005763689,0.005763689,0.006035049,1.05E-07,1.40E-07,0.005763689
Yakima,Not In I.D.,Herb,2024,236,40946,0.005763689,0.005763689,0.006035049,1.05E-07,1.40E-07,0.005763689
Yakima,Not In I.D.,Herb,2024,236,40946,0.005763689,0.005763689,0.006035049,1.05E-07,1.40E-07,0.005763689
Yakima,Roza,Herb,2024,8077,40946,0.197259806,0.197259806,0.206546995,3.59E-06,4.79E-06,0.197259806
Yakima,Roza,Herb,2024,8077,40946,0.197259806,0.197259806,0.206546995,3.59E-06,4.79E-06,0.197259806
Yakima,Roza,Herb,2024,8077,40946,0.197259806,0.197259806,0.206546995,3.59E-06,4.79E-06,0.197259806
Yakima,Roza,Herb,2024,8077,40946,0.197259806,0.197259806,0.206546995,3.59E-06,4.79E-06,0.197259806
Yakima,Roza,Herb,2024,8077,40946,0.197259806,0.197259806,0.206546995,3.59E-06,4.79E-06,0.197259806
Yakima,Roza,Herb,2024,8077,40946,0.197259806,0.197259806,0.206546995,3.59E-06,4.79E-06,0.197259806
Yakima,Roza,Herb,2024,8077,40946,0.197259806,0.197259806,0.206546995,3.59E-06,4.79E-06,0.197259806
Yakima,Roza,Herb,2024,8077,40946,0.197259806,0.197259806,0.206546995,3.59E-06,4.79E-06,0.197259806
Yakima,Roza,Herb,2024,8077,40946,0.197259806,0.197259806,0.206546995,3.59E-06,4.79E-06,0.197259806
Yakima,Roza,Herb,2024,8077,40946,0.197259806,0.197259806,0.206546995,3.59E-06,4.79E-06,0.197259806
Yakima,SVID,Herb,2024,7613,40946,0.185927807,0.185927807,0.194681474,3.38E-06,4.52E-06,0.185927807
Yakima,SVID,Herb,2024,7613,40946,0.185927807,0.185927807,0.194681474,3.38E-06,4.52E-06,0.185927807
Yakima,SVID,Herb,2024,7613,40946,0.185927807,0.185927807,0.194681474,3.38E-06,4.52E-06,0.185927807
Yakima,SVID,Herb,2024,7613,40946,0.185927807,0.185927807,0.194681474,3.38E-06,4.52E-06,0.185927807
Yakima,SVID,Herb,2024,7613,40946,0.185927807,0.185927807,0.194681474,3.38E-06,4.52E-06,0.185927807
Yakima,SVID,Herb,2024,7613,40946,0.185927807,0.185927807,0.194681474,3.38E-06,4.52E-06,0.185927807
Yakima,SVID,Herb,2024,7613,40946,0.185927807,0.185927807,0.194681474,3.38E-06,4.52E-06,0.185927807
Yakima,SVID,Herb,2024,7613,40946,0.185927807,0.185927807,0.194681474,3.38E-06,4.52E-06,0.185927807
Yakima,SVID,Herb,2024,7613,40946,0.185927807,0.185927807,0.194681474,3.38E-06,4.52E-06,0.185927807
Yakima,SVID,Herb,2024,7613,40946,0.185927807,0.185927807,0.194681474,3.38E-06,4.52E-06,0.185927807
Yakima,Wenas,Herb,2024,194,40946,0.004737948,0.004737948,0.004961015,8.62E-08,1.15E-07,0.004737948
Yakima,Wenas,Herb,2024,194,40946,0.004737948,0.004737948,0.004961015,8.62E-08,1.15E-07,0.004737948
Yakima,Wenas,Herb,2024,194,40946,0.004737948,0.004737948,0.004961015,8.62E-08,1.15E-07,0.004737948
Yakima,Wenas,Herb,2024,194,40946,0.004737948,0.004737948,0.004961015,8.62E-08,1.15E-07,0.004737948
Yakima,Wenas,Herb,2024,194,40946,0.004737948,0.004737948,0.004961015,8.62E-08,1.15E-07,0.004737948
Yakima,Wenas,Herb,2024,194,40946,0.004737948,0.004737948,0.004961015,8.62E-08,1.15E-07,0.004737948
Yakima,Wenas,Herb,2024,194,40946,0.004737948,0.004737948,0.004961015,8.62E-08,1.15E-07,0.004737948
Yakima,Wenas,Herb,2024,194,40946,0.004737948,0.004737948,0.004961015,8.62E-08,1.15E-07,0.004737948
Yakima,Wenas,Herb,2024,194,40946,0.004737948,0.004737948,0.004961015,8.62E-08,1.15E-07,0.004737948
Yakima,Wenas,Herb,2024,194,40946,0.004737948,0.004737948,0.004961015,8.62E-08,1.15E-07,0.004737948
Yakima,Yakima-Wapato,Herb,2024,18107,40946,0.442216578,0.442216578,0.463036577,8.05E-06,1.07E-05,0.442216578
Yakima,Yakima-Wapato,Herb,2024,18107,40946,0.442216578,0.442216578,0.463036577,8.05E-06,1.07E-05,0.442216578
Yakima,Yakima-Wapato,Herb,2024,18107,40946,0.442216578,0.442216578,0.463036577,8.05E-06,1.07E-05,0.442216578
Yakima,Yakima-Wapato,Herb,2024,18107,40946,0.442216578,0.442216578,0.463036577,8.05E-06,1.07E-05,0.442216578
Yakima,Yakima-Wapato,Herb,2024,18107,40946,0.442216578,0.442216578,0.463036577,8.05E-06,1.07E-05,0.442216578
Yakima,Yakima-Wapato,Herb,2024,18107,40946,0.442216578,0.442216578,0.463036577,8.05E-06,1.07E-05,0.442216578
Yakima,Yakima-Wapato,Herb,2024,18107,40946,0.442216578,0.442216578,0.463036577,8.05E-06,1.07E-05,0.442216578
Yakima,Yakima-Wapato,Herb,2024,18107,40946,0.442216578,0.442216578,0.463036577,8.05E-06,1.07E-05,0.442216578
Yakima,Yakima-Wapato,Herb,2024,18107,40946,0.442216578,0.442216578,0.463036577,8.05E-06,1.07E-05,0.442216578
Yakima,Yakima-Wapato,Herb,2024,18107,40946,0.442216578,0.442216578,0.463036577,8.05E-06,1.07E-05,0.442216578
Yakima,Ahtanum,Orchard,2024,74,76901,0.000962276,0.000962276,0.000959998,9.91E-09,1.67E-08,0.000962276
Yakima,Ahtanum,Orchard,2024,74,76901,0.000962276,0.000962276,0.000959998,9.91E-09,1.67E-08,0.000962276
Yakima,Ahtanum,Orchard,2024,74,76901,0.000962276,0.000962276,0.000959998,9.91E-09,1.67E-08,0.000962276
Yakima,Ahtanum,Orchard,2024,74,76901,0.000962276,0.000962276,0.000959998,9.91E-09,1.67E-08,0.000962276
Yakima,Ahtanum,Orchard,2024,74,76901,0.000962276,0.000962276,0.000959998,9.91E-09,1.67E-08,0.000962276
Yakima,Ahtanum,Orchard,2024,74,76901,0.000962276,0.000962276,0.000959998,9.91E-09,1.67E-08,0.000962276
Yakima,Ahtanum,Orchard,2024,74,76901,0.000962276,0.000962276,0.000959998,9.91E-09,1.67E-08,0.000962276
Yakima,Ahtanum,Orchard,2024,74,76901,0.000962276,0.000962276,0.000959998,9.91E-09,1.67E-08,0.000962276
Yakima,Ahtanum,Orchard,2024,74,76901,0.000962276,0.000962276,0.000959998,9.91E-09,1.67E-08,0.000962276
Yakima,Ahtanum,Orchard,2024,74,76901,0.000962276,0.000962276,0.000959998,9.91E-09,1.67E-08,0.000962276
Yakima,Buena,Orchard,2024,32,76901,0.000416119,0.000416119,0.000415134,4.29E-09,7.24E-09,0.000416119
Yakima,Buena,Orchard,2024,32,76901,0.000416119,0.000416119,0.000415134,4.29E-09,7.24E-09,0.000416119
Yakima,Buena,Orchard,2024,32,76901,0.000416119,0.000416119,0.000415134,4.29E-09,7.24E-09,0.000416119
Yakima,Buena,Orchard,2024,32,76901,0.000416119,0.000416119,0.000415134,4.29E-09,7.24E-09,0.000416119
Yakima,Buena,Orchard,2024,32,76901,0.000416119,0.000416119,0.000415134,4.29E-09,7.24E-09,0.000416119
Yakima,Buena,Orchard,2024,32,76901,0.000416119,0.000416119,0.000415134,4.29E-09,7.24E-09,0.000416119
Yakima,Buena,Orchard,2024,32,76901,0.000416119,0.000416119,0.000415134,4.29E-09,7.24E-09,0.000416119
Yakima,Buena,Orchard,2024,32,76901,0.000416119,0.000416119,0.000415134,4.29E-09,7.24E-09,0.000416119
Yakima,Buena,Orchard,2024,32,76901,0.000416119,0.000416119,0.000415134,4.29E-09,7.24E-09,0.000416119
Yakima,Buena,Orchard,2024,32,76901,0.000416119,0.000416119,0.000415134,4.29E-09,7.24E-09,0.000416119
Yakima,Moxee-Selah,Orchard,2024,68,76901,0.000884254,0.000884254,0.000882161,9.11E-09,1.54E-08,0.000884254
Yakima,Moxee-Selah,Orchard,2024,68,76901,0.000884254,0.000884254,0.000882161,9.11E-09,1.54E-08,0.000884254
Yakima,Moxee-Selah,Orchard,2024,68,76901,0.000884254,0.000884254,0.000882161,9.11E-09,1.54E-08,0.000884254
Yakima,Moxee-Selah,Orchard,2024,68,76901,0.000884254,0.000884254,0.000882161,9.11E-09,1.54E-08,0.000884254
Yakima,Moxee-Selah,Orchard,2024,68,76901,0.000884254,0.000884254,0.000882161,9.11E-09,1.54E-08,0.000884254
Yakima,Moxee-Selah,Orchard,2024,68,76901,0.000884254,0.000884254,0.000882161,9.11E-09,1.54E-08,0.000884254
Yakima,Moxee-Selah,Orchard,2024,68,76901,0.000884254,0.000884254,0.000882161,9.11E-09,1.54E-08,0.000884254
Yakima,Moxee-Selah,Orchard,2024,68,76901,0.000884254,0.000884254,0.000882161,9.11E-09,1.54E-08,0.000884254
Yakima,Moxee-Selah,Orchard,2024,68,76901,0.000884254,0.000884254,0.000882161,9.11E-09,1.54E-08,0.000884254
Yakima,Moxee-Selah,Orchard,2024,68,76901,0.000884254,0.000884254,0.000882161,9.11E-09,1.54E-08,0.000884254
Yakima,Naches-Selah,Orchard,2024,4178,76901,0.054329593,0.054329593,0.054200994,5.60E-07,9.45E-07,0.054329593
Yakima,Naches-Selah,Orchard,2024,4178,76901,0.054329593,0.054329593,0.054200994,5.60E-07,9.45E-07,0.054329593
Yakima,Naches-Selah,Orchard,2024,4178,76901,0.054329593,0.054329593,0.054200994,5.60E-07,9.45E-07,0.054329593
Yakima,Naches-Selah,Orchard,2024,4178,76901,0.054329593,0.054329593,0.054200994,5.60E-07,9.45E-07,0.054329593
Yakima,Naches-Selah,Orchard,2024,4178,76901,0.054329593,0.054329593,0.054200994,5.60E-07,9.45E-07,0.054329593
Yakima,Naches-Selah,Orchard,2024,4178,76901,0.054329593,0.054329593,0.054200994,5.60E-07,9.45E-07,0.054329593
Yakima,Naches-Selah,Orchard,2024,4178,76901,0.054329593,0.054329593,0.054200994,5.60E-07,9.45E-07,0.054329593
Yakima,Naches-Selah,Orchard,2024,4178,76901,0.054329593,0.054329593,0.054200994,5.60E-07,9.45E-07,0.054329593
Yakima,Naches-Selah,Orchard,2024,4178,76901,0.054329593,0.054329593,0.054200994,5.60E-07,9.45E-07,0.054329593
Yakima,Naches-Selah,Orchard,2024,4178,76901,0.054329593,0.054329593,0.054200994,5.60E-07,9.45E-07,0.054329593
Yakima,Not In I.D.,Orchard,2024,2340,76901,0.030428733,0.030428733,0.030356708,3.13E-07,5.29E-07,0.030428733
Yakima,Not In I.D.,Orchard,2024,2340,76901,0.030428733,0.030428733,0.030356708,3.13E-07,5.29E-07,0.030428733
Yakima,Not In I.D.,Orchard,2024,2340,76901,0.030428733,0.030428733,0.030356708,3.13E-07,5.29E-07,0.030428733
Yakima,Not In I.D.,Orchard,2024,2340,76901,0.030428733,0.030428733,0.030356708,3.13E-07,5.29E-07,0.030428733
Yakima,Not In I.D.,Orchard,2024,2340,76901,0.030428733,0.030428733,0.030356708,3.13E-07,5.29E-07,0.030428733
Yakima,Not In I.D.,Orchard,2024,2340,76901,0.030428733,0.030428733,0.030356708,3.13E-07,5.29E-07,0.030428733
Yakima,Not In I.D.,Orchard,2024,2340,76901,0.030428733,0.030428733,0.030356708,3.13E-07,5.29E-07,0.030428733
Yakima,Not In I.D.,Orchard,2024,2340,76901,0.030428733,0.030428733,0.030356708,3.13E-07,5.29E-07,0.030428733
Yakima,Not In I.D.,Orchard,2024,2340,76901,0.030428733,0.030428733,0.030356708,3.13E-07,5.29E-07,0.030428733
Yakima,Not In I.D.,Orchard,2024,2340,76901,0.030428733,0.030428733,0.030356708,3.13E-07,5.29E-07,0.030428733
Yakima,Roza,Orchard,2024,27533,76901,0.358031755,0.358031755,0.357184294,3.69E-06,6.23E-06,0.358031755
Yakima,Roza,Orchard,2024,27533,76901,0.358031755,0.358031755,0.357184294,3.69E-06,6.23E-06,0.358031755
Yakima,Roza,Orchard,2024,27533,76901,0.358031755,0.358031755,0.357184294,3.69E-06,6.23E-06,0.358031755
Yakima,Roza,Orchard,2024,27533,76901,0.358031755,0.358031755,0.357184294,3.69E-06,6.23E-06,0.358031755
Yakima,Roza,Orchard,2024,27533,76901,0.358031755,0.358031755,0.357184294,3.69E-06,6.23E-06,0.358031755
Yakima,Roza,Orchard,2024,27533,76901,0.358031755,0.358031755,0.357184294,3.69E-06,6.23E-06,0.358031755
Yakima,Roza,Orchard,2024,27533,76901,0.358031755,0.358031755,0.357184294,3.69E-06,6.23E-06,0.358031755
Yakima,Roza,Orchard,2024,27533,76901,0.358031755,0.358031755,0.357184294,3.69E-06,6.23E-06,0.358031755
Yakima,Roza,Orchard,2024,27533,76901,0.358031755,0.358031755,0.357184294,3.69E-06,6.23E-06,0.358031755
Yakima,Roza,Orchard,2024,27533,76901,0.358031755,0.358031755,0.357184294,3.69E-06,6.23E-06,0.358031755
Yakima,SVID,Orchard,2024,7043,76901,0.091585285,0.091585285,0.091368503,9.43E-07,1.59E-06,0.091585285
Yakima,SVID,Orchard,2024,7043,76901,0.091585285,0.091585285,0.091368503,9.43E-07,1.59E-06,0.091585285
Yakima,SVID,Orchard,2024,7043,76901,0.091585285,0.091585285,0.091368503,9.43E-07,1.59E-06,0.091585285
Yakima,SVID,Orchard,2024,7043,76901,0.091585285,0.091585285,0.091368503,9.43E-07,1.59E-06,0.091585285
Yakima,SVID,Orchard,2024,7043,76901,0.091585285,0.091585285,0.091368503,9.43E-07,1.59E-06,0.091585285
Yakima,SVID,Orchard,2024,7043,76901,0.091585285,0.091585285,0.091368503,9.43E-07,1.59E-06,0.091585285
Yakima,SVID,Orchard,2024,7043,76901,0.091585285,0.091585285,0.091368503,9.43E-07,1.59E-06,0.091585285
Yakima,SVID,Orchard,2024,7043,76901,0.091585285,0.091585285,0.091368503,9.43E-07,1.59E-06,0.091585285
Yakima,SVID,Orchard,2024,7043,76901,0.091585285,0.091585285,0.091368503,9.43E-07,1.59E-06,0.091585285
Yakima,SVID,Orchard,2024,7043,76901,0.091585285,0.091585285,0.091368503,9.43E-07,1.59E-06,0.091585285
Yakima,Terrace Heights,Orchard,2024,31,76901,0.000403116,0.000403116,0.000402162,4.15E-09,7.01E-09,0.000403116
Yakima,Terrace Heights,Orchard,2024,31,76901,0.000403116,0.000403116,0.000402162,4.15E-09,7.01E-09,0.000403116
Yakima,Terrace Heights,Orchard,2024,31,76901,0.000403116,0.000403116,0.000402162,4.15E-09,7.01E-09,0.000403116
Yakima,Terrace Heights,Orchard,2024,31,76901,0.000403116,0.000403116,0.000402162,4.15E-09,7.01E-09,0.000403116
Yakima,Terrace Heights,Orchard,2024,31,76901,0.000403116,0.000403116,0.000402162,4.15E-09,7.01E-09,0.000403116
Yakima,Terrace Heights,Orchard,2024,31,76901,0.000403116,0.000403116,0.000402162,4.15E-09,7.01E-09,0.000403116
Yakima,Terrace Heights,Orchard,2024,31,76901,0.000403116,0.000403116,0.000402162,4.15E-09,7.01E-09,0.000403116
Yakima,Terrace Heights,Orchard,2024,31,76901,0.000403116,0.000403116,0.000402162,4.15E-09,7.01E-09,0.000403116
Yakima,Terrace Heights,Orchard,2024,31,76901,0.000403116,0.000403116,0.000402162,4.15E-09,7.01E-09,0.000403116
Yakima,Terrace Heights,Orchard,2024,31,76901,0.000403116,0.000403116,0.000402162,4.15E-09,7.01E-09,0.000403116
Yakima,Union Gap,Orchard,2024,1654,76901,0.021508173,0.021508173,0.021457263,2.22E-07,3.74E-07,0.021508173
Yakima,Union Gap,Orchard,2024,1654,76901,0.021508173,0.021508173,0.021457263,2.22E-07,3.74E-07,0.021508173
Yakima,Union Gap,Orchard,2024,1654,76901,0.021508173,0.021508173,0.021457263,2.22E-07,3.74E-07,0.021508173
Yakima,Union Gap,Orchard,2024,1654,76901,0.021508173,0.021508173,0.021457263,2.22E-07,3.74E-07,0.021508173
Yakima,Union Gap,Orchard,2024,1654,76901,0.021508173,0.021508173,0.021457263,2.22E-07,3.74E-07,0.021508173
Yakima,Union Gap,Orchard,2024,1654,76901,0.021508173,0.021508173,0.021457263,2.22E-07,3.74E-07,0.021508173
Yakima,Union Gap,Orchard,2024,1654,76901,0.021508173,0.021508173,0.021457263,2.22E-07,3.74E-07,0.021508173
Yakima,Union Gap,Orchard,2024,1654,76901,0.021508173,0.021508173,0.021457263,2.22E-07,3.74E-07,0.021508173
Yakima,Union Gap,Orchard,2024,1654,76901,0.021508173,0.021508173,0.021457263,2.22E-07,3.74E-07,0.021508173
Yakima,Union Gap,Orchard,2024,1654,76901,0.021508173,0.021508173,0.021457263,2.22E-07,3.74E-07,0.021508173
Yakima,Yakima-Tieton,Orchard,2024,14428,76901,0.187617846,0.187617846,0.187173755,1.93E-06,3.26E-06,0.187617846
Yakima,Yakima-Tieton,Orchard,2024,14428,76901,0.187617846,0.187617846,0.187173755,1.93E-06,3.26E-06,0.187617846
Yakima,Yakima-Tieton,Orchard,2024,14428,76901,0.187617846,0.187617846,0.187173755,1.93E-06,3.26E-06,0.187617846
Yakima,Yakima-Tieton,Orchard,2024,14428,76901,0.187617846,0.187617846,0.187173755,1.93E-06,3.26E-06,0.187617846
Yakima,Yakima-Tieton,Orchard,2024,14428,76901,0.187617846,0.187617846,0.187173755,1.93E-06,3.26E-06,0.187617846
Yakima,Yakima-Tieton,Orchard,2024,14428,76901,0.187617846,0.187617846,0.187173755,1.93E-06,3.26E-06,0.187617846
Yakima,Yakima-Tieton,Orchard,2024,14428,76901,0.187617846,0.187617846,0.187173755,1.93E-06,3.26E-06,0.187617846
Yakima,Yakima-Tieton,Orchard,2024,14428,76901,0.187617846,0.187617846,0.187173755,1.93E-06,3.26E-06,0.187617846
Yakima,Yakima-Tieton,Orchard,2024,14428,76901,0.187617846,0.187617846,0.187173755,1.93E-06,3.26E-06,0.187617846
Yakima,Yakima-Tieton,Orchard,2024,14428,76901,0.187617846,0.187617846,0.187173755,1.93E-06,3.26E-06,0.187617846
Yakima,Yakima-Wapato,Orchard,2024,9468,76901,0.123119335,0.123119335,0.122827912,1.27E-06,2.14E-06,0.123119335
Yakima,Yakima-Wapato,Orchard,2024,9468,76901,0.123119335,0.123119335,0.122827912,1.27E-06,2.14E-06,0.123119335
Yakima,Yakima-Wapato,Orchard,2024,9468,76901,0.123119335,0.123119335,0.122827912,1.27E-06,2.14E-06,0.123119335
Yakima,Yakima-Wapato,Orchard,2024,9468,76901,0.123119335,0.123119335,0.122827912,1.27E-06,2.14E-06,0.123119335
Yakima,Yakima-Wapato,Orchard,2024,9468,76901,0.123119335,0.123119335,0.122827912,1.27E-06,2.14E-06,0.123119335
Yakima,Yakima-Wapato,Orchard,2024,9468,76901,0.123119335,0.123119335,0.122827912,1.27E-06,2.14E-06,0.123119335
Yakima,Yakima-Wapato,Orchard,2024,9468,76901,0.123119335,0.123119335,0.122827912,1.27E-06,2.14E-06,0.123119335
Yakima,Yakima-Wapato,Orchard,2024,9468,76901,0.123119335,0.123119335,0.122827912,1.27E-06,2.14E-06,0.123119335
Yakima,Yakima-Wapato,Orchard,2024,9468,76901,0.123119335,0.123119335,0.122827912,1.27E-06,2.14E-06,0.123119335
Yakima,Yakima-Wapato,Orchard,2024,9468,76901,0.123119335,0.123119335,0.122827912,1.27E-06,2.14E-06,0.123119335
Yakima,Buena,Seed,2024,8,9852,0.000812018,0.000812018,0.000850248,1.48E-08,1.97E-08,0.000812018
Yakima,Buena,Seed,2024,8,9852,0.000812018,0.000812018,0.000850248,1.48E-08,1.97E-08,0.000812018
Yakima,Buena,Seed,2024,8,9852,0.000812018,0.000812018,0.000850248,1.48E-08,1.97E-08,0.000812018
Yakima,Buena,Seed,2024,8,9852,0.000812018,0.000812018,0.000850248,1.48E-08,1.97E-08,0.000812018
Yakima,Buena,Seed,2024,8,9852,0.000812018,0.000812018,0.000850248,1.48E-08,1.97E-08,0.000812018
Yakima,Buena,Seed,2024,8,9852,0.000812018,0.000812018,0.000850248,1.48E-08,1.97E-08,0.000812018
Yakima,Buena,Seed,2024,8,9852,0.000812018,0.000812018,0.000850248,1.48E-08,1.97E-08,0.000812018
Yakima,Buena,Seed,2024,8,9852,0.000812018,0.000812018,0.000850248,1.48E-08,1.97E-08,0.000812018
Yakima,Buena,Seed,2024,8,9852,0.000812018,0.000812018,0.000850248,1.48E-08,1.97E-08,0.000812018
Yakima,Buena,Seed,2024,8,9852,0.000812018,0.000812018,0.000850248,1.48E-08,1.97E-08,0.000812018
Yakima,SVID,Seed,2024,9,9852,0.00091352,0.00091352,0.00095653,1.66E-08,2.22E-08,0.00091352
Yakima,SVID,Seed,2024,9,9852,0.00091352,0.00091352,0.00095653,1.66E-08,2.22E-08,0.00091352
Yakima,SVID,Seed,2024,9,9852,0.00091352,0.00091352,0.00095653,1.66E-08,2.22E-08,0.00091352
Yakima,SVID,Seed,2024,9,9852,0.00091352,0.00091352,0.00095653,1.66E-08,2.22E-08,0.00091352
Yakima,SVID,Seed,2024,9,9852,0.00091352,0.00091352,0.00095653,1.66E-08,2.22E-08,0.00091352
Yakima,SVID,Seed,2024,9,9852,0.00091352,0.00091352,0.00095653,1.66E-08,2.22E-08,0.00091352
Yakima,SVID,Seed,2024,9,9852,0.00091352,0.00091352,0.00095653,1.66E-08,2.22E-08,0.00091352
Yakima,SVID,Seed,2024,9,9852,0.00091352,0.00091352,0.00095653,1.66E-08,2.22E-08,0.00091352
Yakima,SVID,Seed,2024,9,9852,0.00091352,0.00091352,0.00095653,1.66E-08,2.22E-08,0.00091352
Yakima,SVID,Seed,2024,9,9852,0.00091352,0.00091352,0.00095653,1.66E-08,2.22E-08,0.00091352
Yakima,Yakima-Wapato,Seed,2024,434,9852,0.044051969,0.044051969,0.04612598,8.02E-07,1.07E-06,0.044051969
Yakima,Yakima-Wapato,Seed,2024,434,9852,0.044051969,0.044051969,0.04612598,8.02E-07,1.07E-06,0.044051969
Yakima,Yakima-Wapato,Seed,2024,434,9852,0.044051969,0.044051969,0.04612598,8.02E-07,1.07E-06,0.044051969
Yakima,Yakima-Wapato,Seed,2024,434,9852,0.044051969,0.044051969,0.04612598,8.02E-07,1.07E-06,0.044051969
Yakima,Yakima-Wapato,Seed,2024,434,9852,0.044051969,0.044051969,0.04612598,8.02E-07,1.07E-06,0.044051969
Yakima,Yakima-Wapato,Seed,2024,434,9852,0.044051969,0.044051969,0.04612598,8.02E-07,1.07E-06,0.044051969
Yakima,Yakima-Wapato,Seed,2024,434,9852,0.044051969,0.044051969,0.04612598,8.02E-07,1.07E-06,0.044051969
Yakima,Yakima-Wapato,Seed,2024,434,9852,0.044051969,0.044051969,0.04612598,8.02E-07,1.07E-06,0.044051969
Yakima,Yakima-Wapato,Seed,2024,434,9852,0.044051969,0.044051969,0.04612598,8.02E-07,1.07E-06,0.044051969
Yakima,Yakima-Wapato,Seed,2024,434,9852,0.044051969,0.044051969,0.04612598,8.02E-07,1.07E-06,0.044051969
Yakima,Moxee-Selah,Vegetable,2024,2,16189,0.000123541,0.000123541,0.00011328,1.35E-09,2.10E-09,0.000123541
Yakima,Moxee-Selah,Vegetable,2024,2,16189,0.000123541,0.000123541,0.00011328,1.35E-09,2.10E-09,0.000123541
Yakima,Moxee-Selah,Vegetable,2024,2,16189,0.000123541,0.000123541,0.00011328,1.35E-09,2.10E-09,0.000123541
Yakima,Moxee-Selah,Vegetable,2024,2,16189,0.000123541,0.000123541,0.00011328,1.35E-09,2.10E-09,0.000123541
Yakima,Moxee-Selah,Vegetable,2024,2,16189,0.000123541,0.000123541,0.00011328,1.35E-09,2.10E-09,0.000123541
Yakima,Moxee-Selah,Vegetable,2024,2,16189,0.000123541,0.000123541,0.00011328,1.35E-09,2.10E-09,0.000123541
Yakima,Moxee-Selah,Vegetable,2024,2,16189,0.000123541,0.000123541,0.00011328,1.35E-09,2.10E-09,0.000123541
Yakima,Moxee-Selah,Vegetable,2024,2,16189,0.000123541,0.000123541,0.00011328,1.35E-09,2.10E-09,0.000123541
Yakima,Moxee-Selah,Vegetable,2024,2,16189,0.000123541,0.000123541,0.00011328,1.35E-09,2.10E-09,0.000123541
Yakima,Moxee-Selah,Vegetable,2024,2,16189,0.000123541,0.000123541,0.00011328,1.35E-09,2.10E-09,0.000123541
Yakima,Naches-Selah,Vegetable,2024,1,16189,6.18E-05,6.18E-05,5.66E-05,6.73E-10,1.05E-09,6.18E-05
Yakima,Naches-Selah,Vegetable,2024,1,16189,6.18E-05,6.18E-05,5.66E-05,6.73E-10,1.05E-09,6.18E-05
Yakima,Naches-Selah,Vegetable,2024,1,16189,6.18E-05,6.18E-05,5.66E-05,6.73E-10,1.05E-09,6.18E-05
Yakima,Naches-Selah,Vegetable,2024,1,16189,6.18E-05,6.18E-05,5.66E-05,6.73E-10,1.05E-09,6.18E-05
Yakima,Naches-Selah,Vegetable,2024,1,16189,6.18E-05,6.18E-05,5.66E-05,6.73E-10,1.05E-09,6.18E-05
Yakima,Naches-Selah,Vegetable,2024,1,16189,6.18E-05,6.18E-05,5.66E-05,6.73E-10,1.05E-09,6.18E-05
Yakima,Naches-Selah,Vegetable,2024,1,16189,6.18E-05,6.18E-05,5.66E-05,6.73E-10,1.05E-09,6.18E-05
Yakima,Naches-Selah,Vegetable,2024,1,16189,6.18E-05,6.18E-05,5.66E-05,6.73E-10,1.05E-09,6.18E-05
Yakima,Naches-Selah,Vegetable,2024,1,16189,6.18E-05,6.18E-05,5.66E-05,6.73E-10,1.05E-09,6.18E-05
Yakima,Naches-Selah,Vegetable,2024,1,16189,6.18E-05,6.18E-05,5.66E-05,6.73E-10,1.05E-09,6.18E-05
Yakima,Not In I.D.,Vegetable,2024,16,16189,0.000988325,0.000988325,0.000906237,1.08E-08,1.68E-08,0.000988325
Yakima,Not In I.D.,Vegetable,2024,16,16189,0.000988325,0.000988325,0.000906237,1.08E-08,1.68E-08,0.000988325
Yakima,Not In I.D.,Vegetable,2024,16,16189,0.000988325,0.000988325,0.000906237,1.08E-08,1.68E-08,0.000988325
Yakima,Not In I.D.,Vegetable,2024,16,16189,0.000988325,0.000988325,0.000906237,1.08E-08,1.68E-08,0.000988325
Yakima,Not In I.D.,Vegetable,2024,16,16189,0.000988325,0.000988325,0.000906237,1.08E-08,1.68E-08,0.000988325
Yakima,Not In I.D.,Vegetable,2024,16,16189,0.000988325,0.000988325,0.000906237,1.08E-08,1.68E-08,0.000988325
Yakima,Not In I.D.,Vegetable,2024,16,16189,0.000988325,0.000988325,0.000906237,1.08E-08,1.68E-08,0.000988325
Yakima,Not In I.D.,Vegetable,2024,16,16189,0.000988325,0.000988325,0.000906237,1.08E-08,1.68E-08,0.000988325
Yakima,Not In I.D.,Vegetable,2024,16,16189,0.000988325,0.000988325,0.000906237,1.08E-08,1.68E-08,0.000988325
Yakima,Not In I.D.,Vegetable,2024,16,16189,0.000988325,0.000988325,0.000906237,1.08E-08,1.68E-08,0.000988325
Yakima,Roza,Vegetable,2024,335,16189,0.020693063,0.020693063,0.018974339,2.26E-07,3.52E-07,0.020693063
Yakima,Roza,Vegetable,2024,335,16189,0.020693063,0.020693063,0.018974339,2.26E-07,3.52E-07,0.020693063
Yakima,Roza,Vegetable,2024,335,16189,0.020693063,0.020693063,0.018974339,2.26E-07,3.52E-07,0.020693063
Yakima,Roza,Vegetable,2024,335,16189,0.020693063,0.020693063,0.018974339,2.26E-07,3.52E-07,0.020693063
Yakima,Roza,Vegetable,2024,335,16189,0.020693063,0.020693063,0.018974339,2.26E-07,3.52E-07,0.020693063
Yakima,Roza,Vegetable,2024,335,16189,0.020693063,0.020693063,0.018974339,2.26E-07,3.52E-07,0.020693063
Yakima,Roza,Vegetable,2024,335,16189,0.020693063,0.020693063,0.018974339,2.26E-07,3.52E-07,0.020693063
Yakima,Roza,Vegetable,2024,335,16189,0.020693063,0.020693063,0.018974339,2.26E-07,3.52E-07,0.020693063
Yakima,Roza,Vegetable,2024,335,16189,0.020693063,0.020693063,0.018974339,2.26E-07,3.52E-07,0.020693063
Yakima,Roza,Vegetable,2024,335,16189,0.020693063,0.020693063,0.018974339,2.26E-07,3.52E-07,0.020693063
Yakima,SVID,Vegetable,2024,640,16189,0.039533016,0.039533016,0.036249483,4.31E-07,6.72E-07,0.039533016
Yakima,SVID,Vegetable,2024,640,16189,0.039533016,0.039533016,0.036249483,4.31E-07,6.72E-07,0.039533016
Yakima,SVID,Vegetable,2024,640,16189,0.039533016,0.039533016,0.036249483,4.31E-07,6.72E-07,0.039533016
Yakima,SVID,Vegetable,2024,640,16189,0.039533016,0.039533016,0.036249483,4.31E-07,6.72E-07,0.039533016
Yakima,SVID,Vegetable,2024,640,16189,0.039533016,0.039533016,0.036249483,4.31E-07,6.72E-07,0.039533016
Yakima,SVID,Vegetable,2024,640,16189,0.039533016,0.039533016,0.036249483,4.31E-07,6.72E-07,0.039533016
Yakima,SVID,Vegetable,2024,640,16189,0.039533016,0.039533016,0.036249483,4.31E-07,6.72E-07,0.039533016
Yakima,SVID,Vegetable,2024,640,16189,0.039533016,0.039533016,0.036249483,4.31E-07,6.72E-07,0.039533016
Yakima,SVID,Vegetable,2024,640,16189,0.039533016,0.039533016,0.036249483,4.31E-07,6.72E-07,0.039533016
Yakima,SVID,Vegetable,2024,640,16189,0.039533016,0.039533016,0.036249483,4.31E-07,6.72E-07,0.039533016
Yakima,Yakima-Tieton,Vegetable,2024,23,16189,0.001420718,0.001420718,0.001302716,1.55E-08,2.42E-08,0.001420718
Yakima,Yakima-Tieton,Vegetable,2024,23,16189,0.001420718,0.001420718,0.001302716,1.55E-08,2.42E-08,0.001420718
Yakima,Yakima-Tieton,Vegetable,2024,23,16189,0.001420718,0.001420718,0.001302716,1.55E-08,2.42E-08,0.001420718
Yakima,Yakima-Tieton,Vegetable,2024,23,16189,0.001420718,0.001420718,0.001302716,1.55E-08,2.42E-08,0.001420718
Yakima,Yakima-Tieton,Vegetable,2024,23,16189,0.001420718,0.001420718,0.001302716,1.55E-08,2.42E-08,0.001420718
Yakima,Yakima-Tieton,Vegetable,2024,23,16189,0.001420718,0.001420718,0.001302716,1.55E-08,2.42E-08,0.001420718
Yakima,Yakima-Tieton,Vegetable,2024,23,16189,0.001420718,0.001420718,0.001302716,1.55E-08,2.42E-08,0.001420718
Yakima,Yakima-Tieton,Vegetable,2024,23,16189,0.001420718,0.001420718,0.001302716,1.55E-08,2.42E-08,0.001420718
Yakima,Yakima-Tieton,Vegetable,2024,23,16189,0.001420718,0.001420718,0.001302716,1.55E-08,2.42E-08,0.001420718
Yakima,Yakima-Tieton,Vegetable,2024,23,16189,0.001420718,0.001420718,0.001302716,1.55E-08,2.42E-08,0.001420718
Yakima,Yakima-Wapato,Vegetable,2024,3845,16189,0.237506949,0.237506949,0.217780097,2.59E-06,4.04E-06,0.237506949
Yakima,Yakima-Wapato,Vegetable,2024,3845,16189,0.237506949,0.237506949,0.217780097,2.59E-06,4.04E-06,0.237506949
Yakima,Yakima-Wapato,Vegetable,2024,3845,16189,0.237506949,0.237506949,0.217780097,2.59E-06,4.04E-06,0.237506949
Yakima,Yakima-Wapato,Vegetable,2024,3845,16189,0.237506949,0.237506949,0.217780097,2.59E-06,4.04E-06,0.237506949
Yakima,Yakima-Wapato,Vegetable,2024,3845,16189,0.237506949,0.237506949,0.217780097,2.59E-06,4.04E-06,0.237506949
Yakima,Yakima-Wapato,Vegetable,2024,3845,16189,0.237506949,0.237506949,0.217780097,2.59E-06,4.04E-06,0.237506949
Yakima,Yakima-Wapato,Vegetable,2024,3845,16189,0.237506949,0.237506949,0.217780097,2.59E-06,4.04E-06,0.237506949
Yakima,Yakima-Wapato,Vegetable,2024,3845,16189,0.237506949,0.237506949,0.217780097,2.59E-06,4.04E-06,0.237506949
Yakima,Yakima-Wapato,Vegetable,2024,3845,16189,0.237506949,0.237506949,0.217780097,2.59E-06,4.04E-06,0.237506949
Yakima,Yakima-Wapato,Vegetable,2024,3845,16189,0.237506949,0.237506949,0.217780097,2.59E-06,4.04E-06,0.237506949
Yakima,Fowler Ditch,Vineyard,2024,18,32509,0.000553693,0.000553693,0.000552382,5.70E-09,9.63E-09,0.000553693
Yakima,Fowler Ditch,Vineyard,2024,18,32509,0.000553693,0.000553693,0.000552382,5.70E-09,9.63E-09,0.000553693
Yakima,Fowler Ditch,Vineyard,2024,18,32509,0.000553693,0.000553693,0.000552382,5.70E-09,9.63E-09,0.000553693
Yakima,Fowler Ditch,Vineyard,2024,18,32509,0.000553693,0.000553693,0.000552382,5.70E-09,9.63E-09,0.000553693
Yakima,Fowler Ditch,Vineyard,2024,18,32509,0.000553693,0.000553693,0.000552382,5.70E-09,9.63E-09,0.000553693
Yakima,Fowler Ditch,Vineyard,2024,18,32509,0.000553693,0.000553693,0.000552382,5.70E-09,9.63E-09,0.000553693
Yakima,Fowler Ditch,Vineyard,2024,18,32509,0.000553693,0.000553693,0.000552382,5.70E-09,9.63E-09,0.000553693
Yakima,Fowler Ditch,Vineyard,2024,18,32509,0.000553693,0.000553693,0.000552382,5.70E-09,9.63E-09,0.000553693
Yakima,Fowler Ditch,Vineyard,2024,18,32509,0.000553693,0.000553693,0.000552382,5.70E-09,9.63E-09,0.000553693
Yakima,Fowler Ditch,Vineyard,2024,18,32509,0.000553693,0.000553693,0.000552382,5.70E-09,9.63E-09,0.000553693
Yakima,Moxee-Selah,Vineyard,2024,5,32509,0.000153804,0.000153804,0.00015344,1.58E-09,2.68E-09,0.000153804
Yakima,Moxee-Selah,Vineyard,2024,5,32509,0.000153804,0.000153804,0.00015344,1.58E-09,2.68E-09,0.000153804
Yakima,Moxee-Selah,Vineyard,2024,5,32509,0.000153804,0.000153804,0.00015344,1.58E-09,2.68E-09,0.000153804
Yakima,Moxee-Selah,Vineyard,2024,5,32509,0.000153804,0.000153804,0.00015344,1.58E-09,2.68E-09,0.000153804
Yakima,Moxee-Selah,Vineyard,2024,5,32509,0.000153804,0.000153804,0.00015344,1.58E-09,2.68E-09,0.000153804
Yakima,Moxee-Selah,Vineyard,2024,5,32509,0.000153804,0.000153804,0.00015344,1.58E-09,2.68E-09,0.000153804
Yakima,Moxee-Selah,Vineyard,2024,5,32509,0.000153804,0.000153804,0.00015344,1.58E-09,2.68E-09,0.000153804
Yakima,Moxee-Selah,Vineyard,2024,5,32509,0.000153804,0.000153804,0.00015344,1.58E-09,2.68E-09,0.000153804
Yakima,Moxee-Selah,Vineyard,2024,5,32509,0.000153804,0.000153804,0.00015344,1.58E-09,2.68E-09,0.000153804
Yakima,Moxee-Selah,Vineyard,2024,5,32509,0.000153804,0.000153804,0.00015344,1.58E-09,2.68E-09,0.000153804
Yakima,Naches-Selah,Vineyard,2024,23,32509,0.000707496,0.000707496,0.000705822,7.29E-09,1.23E-08,0.000707496
Yakima,Naches-Selah,Vineyard,2024,23,32509,0.000707496,0.000707496,0.000705822,7.29E-09,1.23E-08,0.000707496
Yakima,Naches-Selah,Vineyard,2024,23,32509,0.000707496,0.000707496,0.000705822,7.29E-09,1.23E-08,0.000707496
Yakima,Naches-Selah,Vineyard,2024,23,32509,0.000707496,0.000707496,0.000705822,7.29E-09,1.23E-08,0.000707496
Yakima,Naches-Selah,Vineyard,2024,23,32509,0.000707496,0.000707496,0.000705822,7.29E-09,1.23E-08,0.000707496
Yakima,Naches-Selah,Vineyard,2024,23,32509,0.000707496,0.000707496,0.000705822,7.29E-09,1.23E-08,0.000707496
Yakima,Naches-Selah,Vineyard,2024,23,32509,0.000707496,0.000707496,0.000705822,7.29E-09,1.23E-08,0.000707496
Yakima,Naches-Selah,Vineyard,2024,23,32509,0.000707496,0.000707496,0.000705822,7.29E-09,1.23E-08,0.000707496
Yakima,Naches-Selah,Vineyard,2024,23,32509,0.000707496,0.000707496,0.000705822,7.29E-09,1.23E-08,0.000707496
Yakima,Naches-Selah,Vineyard,2024,23,32509,0.000707496,0.000707496,0.000705822,7.29E-09,1.23E-08,0.000707496
Yakima,Not In I.D.,Vineyard,2024,1,32509,3.08E-05,3.08E-05,3.07E-05,3.17E-10,5.35E-10,3.08E-05
Yakima,Not In I.D.,Vineyard,2024,1,32509,3.08E-05,3.08E-05,3.07E-05,3.17E-10,5.35E-10,3.08E-05
Yakima,Not In I.D.,Vineyard,2024,1,32509,3.08E-05,3.08E-05,3.07E-05,3.17E-10,5.35E-10,3.08E-05
Yakima,Not In I.D.,Vineyard,2024,1,32509,3.08E-05,3.08E-05,3.07E-05,3.17E-10,5.35E-10,3.08E-05
Yakima,Not In I.D.,Vineyard,2024,1,32509,3.08E-05,3.08E-05,3.07E-05,3.17E-10,5.35E-10,3.08E-05
Yakima,Not In I.D.,Vineyard,2024,1,32509,3.08E-05,3.08E-05,3.07E-05,3.17E-10,5.35E-10,3.08E-05
Yakima,Not In I.D.,Vineyard,2024,1,32509,3.08E-05,3.08E-05,3.07E-05,3.17E-10,5.35E-10,3.08E-05
Yakima,Not In I.D.,Vineyard,2024,1,32509,3.08E-05,3.08E-05,3.07E-05,3.17E-10,5.35E-10,3.08E-05
Yakima,Not In I.D.,Vineyard,2024,1,32509,3.08E-05,3.08E-05,3.07E-05,3.17E-10,5.35E-10,3.08E-05
Yakima,Not In I.D.,Vineyard,2024,1,32509,3.08E-05,3.08E-05,3.07E-05,3.17E-10,5.35E-10,3.08E-05
Yakima,Roza,Vineyard,2024,14913,32509,0.458734504,0.458734504,0.45764868,4.72E-06,7.98E-06,0.458734504
Yakima,Roza,Vineyard,2024,14913,32509,0.458734504,0.458734504,0.45764868,4.72E-06,7.98E-06,0.458734504
Yakima,Roza,Vineyard,2024,14913,32509,0.458734504,0.458734504,0.45764868,4.72E-06,7.98E-06,0.458734504
Yakima,Roza,Vineyard,2024,14913,32509,0.458734504,0.458734504,0.45764868,4.72E-06,7.98E-06,0.458734504
Yakima,Roza,Vineyard,2024,14913,32509,0.458734504,0.458734504,0.45764868,4.72E-06,7.98E-06,0.458734504
Yakima,Roza,Vineyard,2024,14913,32509,0.458734504,0.458734504,0.45764868,4.72E-06,7.98E-06,0.458734504
Yakima,Roza,Vineyard,2024,14913,32509,0.458734504,0.458734504,0.45764868,4.72E-06,7.98E-06,0.458734504
Yakima,Roza,Vineyard,2024,14913,32509,0.458734504,0.458734504,0.45764868,4.72E-06,7.98E-06,0.458734504
Yakima,Roza,Vineyard,2024,14913,32509,0.458734504,0.458734504,0.45764868,4.72E-06,7.98E-06,0.458734504
Yakima,Roza,Vineyard,2024,14913,32509,0.458734504,0.458734504,0.45764868,4.72E-06,7.98E-06,0.458734504
Yakima,SVID,Vineyard,2024,8016,32509,0.246577871,0.246577871,0.245994221,2.54E-06,4.29E-06,0.246577871
Yakima,SVID,Vineyard,2024,8016,32509,0.246577871,0.246577871,0.245994221,2.54E-06,4.29E-06,0.246577871
Yakima,SVID,Vineyard,2024,8016,32509,0.246577871,0.246577871,0.245994221,2.54E-06,4.29E-06,0.246577871
Yakima,SVID,Vineyard,2024,8016,32509,0.246577871,0.246577871,0.245994221,2.54E-06,4.29E-06,0.246577871
Yakima,SVID,Vineyard,2024,8016,32509,0.246577871,0.246577871,0.245994221,2.54E-06,4.29E-06,0.246577871
Yakima,SVID,Vineyard,2024,8016,32509,0.246577871,0.246577871,0.245994221,2.54E-06,4.29E-06,0.246577871
Yakima,SVID,Vineyard,2024,8016,32509,0.246577871,0.246577871,0.245994221,2.54E-06,4.29E-06,0.246577871
Yakima,SVID,Vineyard,2024,8016,32509,0.246577871,0.246577871,0.245994221,2.54E-06,4.29E-06,0.246577871
Yakima,SVID,Vineyard,2024,8016,32509,0.246577871,0.246577871,0.245994221,2.54E-06,4.29E-06,0.246577871
Yakima,SVID,Vineyard,2024,8016,32509,0.246577871,0.246577871,0.245994221,2.54E-06,4.29E-06,0.246577871
Yakima,Terrace Heights,Vineyard,2024,10,32509,0.000307607,0.000307607,0.000306879,3.17E-09,5.35E-09,0.000307607
Yakima,Terrace Heights,Vineyard,2024,10,32509,0.000307607,0.000307607,0.000306879,3.17E-09,5.35E-09,0.000307607
Yakima,Terrace Heights,Vineyard,2024,10,32509,0.000307607,0.000307607,0.000306879,3.17E-09,5.35E-09,0.000307607
Yakima,Terrace Heights,Vineyard,2024,10,32509,0.000307607,0.000307607,0.000306879,3.17E-09,5.35E-09,0.000307607
Yakima,Terrace Heights,Vineyard,2024,10,32509,0.000307607,0.000307607,0.000306879,3.17E-09,5.35E-09,0.000307607
Yakima,Terrace Heights,Vineyard,2024,10,32509,0.000307607,0.000307607,0.000306879,3.17E-09,5.35E-09,0.000307607
Yakima,Terrace Heights,Vineyard,2024,10,32509,0.000307607,0.000307607,0.000306879,3.17E-09,5.35E-09,0.000307607
Yakima,Terrace Heights,Vineyard,2024,10,32509,0.000307607,0.000307607,0.000306879,3.17E-09,5.35E-09,0.000307607
Yakima,Terrace Heights,Vineyard,2024,10,32509,0.000307607,0.000307607,0.000306879,3.17E-09,5.35E-09,0.000307607
Yakima,Terrace Heights,Vineyard,2024,10,32509,0.000307607,0.000307607,0.000306879,3.17E-09,5.35E-09,0.000307607
Yakima,Union Gap,Vineyard,2024,62,32509,0.001907164,0.001907164,0.00190265,1.96E-08,3.32E-08,0.001907164
Yakima,Union Gap,Vineyard,2024,62,32509,0.001907164,0.001907164,0.00190265,1.96E-08,3.32E-08,0.001907164
Yakima,Union Gap,Vineyard,2024,62,32509,0.001907164,0.001907164,0.00190265,1.96E-08,3.32E-08,0.001907164
Yakima,Union Gap,Vineyard,2024,62,32509,0.001907164,0.001907164,0.00190265,1.96E-08,3.32E-08,0.001907164
Yakima,Union Gap,Vineyard,2024,62,32509,0.001907164,0.001907164,0.00190265,1.96E-08,3.32E-08,0.001907164
Yakima,Union Gap,Vineyard,2024,62,32509,0.001907164,0.001907164,0.00190265,1.96E-08,3.32E-08,0.001907164
Yakima,Union Gap,Vineyard,2024,62,32509,0.001907164,0.001907164,0.00190265,1.96E-08,3.32E-08,0.001907164
Yakima,Union Gap,Vineyard,2024,62,32509,0.001907164,0.001907164,0.00190265,1.96E-08,3.32E-08,0.001907164
Yakima,Union Gap,Vineyard,2024,62,32509,0.001907164,0.001907164,0.00190265,1.96E-08,3.32E-08,0.001907164
Yakima,Union Gap,Vineyard,2024,62,32509,0.001907164,0.001907164,0.00190265,1.96E-08,3.32E-08,0.001907164
Yakima,Yakima-Tieton,Vineyard,2024,93,32509,0.002860746,0.002860746,0.002853975,2.95E-08,4.98E-08,0.002860746
Yakima,Yakima-Tieton,Vineyard,2024,93,32509,0.002860746,0.002860746,0.002853975,2.95E-08,4.98E-08,0.002860746
Yakima,Yakima-Tieton,Vineyard,2024,93,32509,0.002860746,0.002860746,0.002853975,2.95E-08,4.98E-08,0.002860746
Yakima,Yakima-Tieton,Vineyard,2024,93,32509,0.002860746,0.002860746,0.002853975,2.95E-08,4.98E-08,0.002860746
Yakima,Yakima-Tieton,Vineyard,2024,93,32509,0.002860746,0.002860746,0.002853975,2.95E-08,4.98E-08,0.002860746
Yakima,Yakima-Tieton,Vineyard,2024,93,32509,0.002860746,0.002860746,0.002853975,2.95E-08,4.98E-08,0.002860746
Yakima,Yakima-Tieton,Vineyard,2024,93,32509,0.002860746,0.002860746,0.002853975,2.95E-08,4.98E-08,0.002860746
Yakima,Yakima-Tieton,Vineyard,2024,93,32509,0.002860746,0.002860746,0.002853975,2.95E-08,4.98E-08,0.002860746
Yakima,Yakima-Tieton,Vineyard,2024,93,32509,0.002860746,0.002860746,0.002853975,2.95E-08,4.98E-08,0.002860746
Yakima,Yakima-Tieton,Vineyard,2024,93,32509,0.002860746,0.002860746,0.002853975,2.95E-08,4.98E-08,0.002860746
Yakima,Yakima-Wapato,Vineyard,2024,2181,32509,0.067089114,0.067089114,0.066930314,6.91E-07,1.17E-06,0.067089114
Yakima,Yakima-Wapato,Vineyard,2024,2181,32509,0.067089114,0.067089114,0.066930314,6.91E-07,1.17E-06,0.067089114
Yakima,Yakima-Wapato,Vineyard,2024,2181,32509,0.067089114,0.067089114,0.066930314,6.91E-07,1.17E-06,0.067089114
Yakima,Yakima-Wapato,Vineyard,2024,2181,32509,0.067089114,0.067089114,0.066930314,6.91E-07,1.17E-06,0.067089114
Yakima,Yakima-Wapato,Vineyard,2024,2181,32509,0.067089114,0.067089114,0.066930314,6.91E-07,1.17E-06,0.067089114
Yakima,Yakima-Wapato,Vineyard,2024,2181,32509,0.067089114,0.067089114,0.066930314,6.91E-07,1.17E-06,0.067089114
Yakima,Yakima-Wapato,Vineyard,2024,2181,32509,0.067089114,0.067089114,0.066930314,6.91E-07,1.17E-06,0.067089114
Yakima,Yakima-Wapato,Vineyard,2024,2181,32509,0.067089114,0.067089114,0.066930314,6.91E-07,1.17E-06,0.067089114
Yakima,Yakima-Wapato,Vineyard,2024,2181,32509,0.067089114,0.067089114,0.066930314,6.91E-07,1.17E-06,0.067089114
Yakima,Yakima-Wapato,Vineyard,2024,2181,32509,0.067089114,0.067089114,0.066930314,6.91E-07,1.17E-06,0.067089114