g,i,hr,xland,p,y,xwater,omegaland,omegawater_x,omegasupply,omegalabor,theta,omegawater,CS_land,CS_labor,CS_supply,mprof_init,f_adjustment,mprof,sigma,xland_lp,lambdacrop,lambdaland,lambdawater,rho,betaland,betawater,betasupply,betalabor,tau,gamma,delta,omega_suppl_unit,omega_labor_unit,xsupply_base,xlabor_base,xlandcalib,xwatercalib,xsuppcalib,xlaborcalib,diffland,diffwater,percdiffland,percdiffwater,status,pc,pimarginal
02,Alfalfa,Sacramento River,218.8354054,280.6469987369378,5.962401488126662,3.537610105,471.66622240670006,35.37610105,252.5143028603122,311.8836592959672,1.86,10,0.281872792,0.186385019,0.150905255,601.8897972944199,1.4873882561689458,601.8897972944199,0.17,219.05424303593335,524.0373443891147,6.149592469490665e-09,22.007075565160413,-4.882352941,0.017898835,0.9719555083817147,0.004539214,0.005606442,2.908994326015663,0.002456798,236738.52537772013,252.5143028603122,311.8836592959672,218.8354054,218.8354054,218.6165678486784,773.3801795419027,218.6165678486256,218.61656784862527,0.21883759132160208,0.7741620744131978,0.00100001,0.00100001,GOOD,280.6469987369378,601.8897973
02,Field and Grain,Sacramento River,1178.429613,209.66138474146223,3.033618669654281,2.845649619,120.41792024340968,71.14124048,72.10238441858326,309.7467197151693,0.74,25,0.189326621,0.486998112,0.113362702,62.62442620510684,1.0563946444174763,62.62442620510684,0.17,1164.2819134215633,1.5373981173726663e-09,6.149592469490665e-09,22.007075565160413,-4.882352941,0.005334577,0.9777493086541242,0.003194173,0.013721941360217288,1.4603879028587592,0.001146739,27185.796048061486,72.10238441858326,309.7467197151693,1178.429613,1178.429613,1177.2511718443607,3350.0443486262084,1177.2511718444628,1177.251171844458,1.1784413856394167,3.353431280058885,0.00100001,0.00100001,GOOD,209.66138474146223,62.62442621
02,Orchards,Sacramento River,245.68998684704127,2309.3340940204384,2.070881679913447,3.327741402,681.4685360114679,166.3870701,1653.2903473698298,1740.896726707907,0.13,50,0.142496355,0.364024786,0.345706127,540.3149879172385,1.0736870639817369,540.3149879172385,0.17,245.93567929319008,467.0811314176036,6.149592469490665e-09,22.007075565160413,-4.882352941,0.012842982340632856,0.9492035134364919,0.018486949,0.019466556,1.1367306222349207,0.031309,16.73993648684977,1653.2903473698298,1740.896726707907,245.68998684704127,245.68998684704127,245.4442944062366,816.7751403803105,245.4442944061882,245.44429440618816,0.24569244080467456,0.8176009074242074,0.00100001,0.00100001,GOOD,2309.3340940204384,540.3149879
02,Pasture,Sacramento River,7130.98767,231.3889921571432,4.999999999999999,3.965593094,219.0404801085371,39.65593094,131.15440681995278,563.4300115905577,0.51,10,0.189326621,0.486998112,0.113362702,203.6641313266683,1.1558528290458805,203.6641313266683,0.17,7138.118729040954,116.39302444172318,6.149592469490665e-09,22.007075565160413,-4.882352941,0.003138306,0.9903631839188052,0.001227077,0.005271434,1.9786889931806195,0.000274967,171699.28775320473,131.15440681995278,563.4300115905577,7130.98767,7130.98767,7131.623233560698,28281.11584401825,7131.623233556663,7131.623233556661,-0.635563571,-2.520386507,8.912700457656825e-05,8.912700457653745e-05,GOOD,231.3889921571432,203.6641313
02,Subtropical,Sacramento River,683.3797810902229,1426.1226571367167,2.926176067700632,2.972946835,843.5231850739846,148.6473418,1803.596751636908,668.3511361167175,0.13,50,0.202134149,0.160157528,0.432197361,708.9675743,1.1472955404092273,708.9675743,0.17,684.0631677119047,643.5417086878597,6.149592469490665e-09,22.007075565160413,-4.882352941,0.031179289827998058,0.9169913784764058,0.037816013,0.014013318361011683,1.7766437583909287,0.011256270532376373,60.28490971203247,1803.596751636908,668.3511361167175,683.3797810902229,683.3797810902229,682.6963944824098,2029.6200852423917,682.6963944823029,682.6963944823034,0.6833866078130768,2.031672052779413,0.00100001,0.00100001,GOOD,1426.1226571367167,708.9675743
02,Walnuts,Sacramento River,1690.8775294864529,1941.7018487746973,1.7189362872815137,4.942462794,854.2534686026536,247.1231397,299.3270611283979,911.6708834858882,0.13,50,0.25594369,0.273146576,0.089681664,1025.2872140234897,1.3746585683164616,1025.2872140234897,0.17,1692.5684239415953,916.5180618333407,6.149592469490665e-09,22.007075565160413,-4.882352941,0.002028995,0.9965834129173512,0.000342977,0.001044616,0.5496947902622166,0.004549299,177.61974905908468,299.3270611283979,911.6708834858882,1690.8775294864529,1690.8775294864529,1692.5684239413054,8365.456461629119,1692.568423941097,1692.5684239410962,-1.690894455,-8.357182932,0.00100001,0.00100001,GOOD,1941.7018487746973,1025.287214
03,Berries,Sacramento River,220.6292491,5808.756199769439,4.15,3.453441036,1090.5308695984825,172.6720518,10044.696800300811,9336.946256832116,0.25,50,0.045238346,0.387323291,0.416682812,3461.4922505117665,1.1120653254021837,3461.4922505117665,0.17,220.84988052754315,3385.4921126992713,4.9270299148802146e-08,22.007075546876287,-4.882352941,0.034581697,0.815675973,0.077605201,0.072137129,2.9413552677686776,0.018129962445418573,4521.863784784467,10044.696800300811,9336.946256832116,220.6292491,220.6292491,220.49496935195572,761.4663753916061,220.4949694,220.49496935185502,0.13427971804426875,0.463727089,0.000608622,0.000608622,GOOD,5808.756199769439,3461.492251
03,Field and Grain,Sacramento River,2102.013205,209.66138474146223,3.033618669654281,2.845649619,120.41792024340968,71.14124048,72.10238441858326,309.7467197151693,0.74,25,0.189326621,0.486998112,0.113362702,62.62442620510684,1.0563946444174763,62.62442620510684,0.17,2095.9361264421486,2.292192391870833e-08,4.9270299148802146e-08,22.007075546876287,-4.882352941,0.005334577,0.9777493086428679,0.003194173,0.013721941365396688,1.4603879029775284,0.000642884,48492.418763284164,72.10238441858326,309.7467197151693,2102.013205,2102.013205,2099.911170656132,5975.611422711466,2099.9111706387853,2099.9111706387803,2.102034203867788,5.981652831361316,0.00100001,0.00100001,GOOD,209.66138474146223,62.62442621
03,Orchards,Sacramento River,224.82462744798056,2309.3340940204384,2.070881679913447,3.327741402,681.4685360114679,166.3870701,1653.2903473698298,1740.896726707907,0.13,50,0.142496355,0.364024786,0.345706127,540.3149879172385,1.0736870639817369,540.3149879172385,0.17,225.04945432573734,467.0811314463883,4.9270299148802146e-08,22.007075546876287,-4.882352941,0.012842982344522028,0.9492035134234856,0.018486948664331634,0.019466556,1.1367306222913882,0.034214702,15.318288028548107,1653.2903473698298,1740.896726707907,224.82462744798056,224.82462744798056,224.59980057505288,747.4100552545469,224.59980057470452,224.5998005747045,0.22482687292767878,0.7481656933235854,0.00100001,0.00100001,GOOD,2309.3340940204384,540.3149879
03,Pasture,Sacramento River,3426.575932,231.3889921571432,4.999999999999999,3.965593094,219.0404801085371,39.65593094,131.15440681995278,563.4300115905577,0.51,10,0.189326621,0.486998112,0.113362702,203.6641313266683,1.1558528290458805,203.6641313266683,0.17,3430.0025421511996,116.39302448191116,4.9270299148802146e-08,22.007075546876287,-4.882352941,0.003138306,0.9903631839125813,0.001227077,0.005271434,1.9786889934133702,0.000572228,82504.79095475022,131.15440681995278,563.4300115905577,3426.575932,3426.575932,3428.5930889253623,13596.405075578547,3428.593088909807,3428.5930889098054,-2.017157005,-7.99922389,0.00058868,0.00058868,GOOD,231.3889921571432,203.6641313
03,Walnuts,Sacramento River,444.04352574376105,1941.7018487746973,1.7189362872815137,4.942462794,854.2534686026536,247.1231397,299.3270611283979,911.6708834858882,0.13,50,0.25594369,0.273146576,0.089681664,1025.2872140234897,1.3746585683164616,1025.2872140234897,0.17,444.4875737142858,916.5180618915482,4.9270299148802146e-08,22.007075546876287,-4.882352941,0.002028995,0.996583413,0.000342977,0.001044616,0.5496947902910642,0.017323319103511942,46.644951063052446,299.3270611283979,911.6708834858882,444.04352574376105,444.04352574376105,444.48757371407504,2196.8632954771483,444.48757371363206,444.4875737136312,-0.44404797,-2.194690572,0.00100001,0.00100001,GOOD,1941.7018487746973,1025.287214
04,Alfalfa,Sacramento River,882.7550569,280.6469987369378,5.962401488126662,3.537610105,471.66622240670006,35.37610105,252.5143028603122,311.8836592959672,1.86,10,0.281872792,0.186385019,0.150905255,601.8897972944199,1.4873882561689458,601.8897972944199,0.17,883.6378208031709,524.0373443859862,2.4945999546201747e-09,22.007075566806034,-4.882352941,0.017898835308839376,0.9719555083832347,0.004539214,0.005606442,2.908994325985619,0.000609041,954974.0364,252.5143028603122,311.8836592959672,882.7550569,882.7550569,881.8722930346681,3119.7203351589633,881.8722930345768,881.8722930345765,0.8827638753318752,3.122874405702987,0.00100001,0.00100001,GOOD,280.6469987369378,601.8897973
04,Almonds,Sacramento River,16766.218386953595,4683.240485829528,0.7387210677403597,3.971676207,752.6390797453652,198.5838104,323.8653982273295,1042.3323135081037,0.4,50,0.217550367,0.301286212,0.093613311,1142.1878103460713,1.4217812475867206,1142.1878103460713,0.17,16782.98470534049,1054.782831929869,2.4945999546201747e-09,22.007075566806034,-4.882352941,0.007423534,0.9869651506334404,0.001330196,0.004281119,0.30909562959285813,0.000149109,994989.3867794623,323.8653982273295,1042.3323135081037,16766.218386953595,16766.218386953595,16768.806625223584,66600.27029318447,16768.806625222733,16768.806625222733,-2.58823827,-10.27964435,0.000154372,0.000154372,GOOD,4683.240485829528,1142.18781
04,Corn,Sacramento River,972.6080049,229.08722102241552,6.113531917599918,2.826875063,123.44536013404992,141.3437532,122.52875673244314,782.4343077137593,0.3,50,0.088141761,0.558669339,0.087487293,230.77985990455204,1.1402757449281344,230.77985990455204,0.17,973.5806226003019,168.56860677338295,2.4945999546201747e-09,22.007075566806034,-4.882352941,0.008661328,0.9644968675708996,0.003634284,0.023207520375191023,3.186610681177881,0.003427211,3039.586069096049,122.52875673244314,782.4343077137593,972.6080049,972.6080049,971.6353871388926,2746.6918462312865,971.6353871386693,971.6353871386661,0.972617721,2.7494687816306396,0.00100001,0.00100001,GOOD,229.08722102241552,230.7798599
04,Field and Grain,Sacramento River,12348.45231,209.66138474146223,3.033618669654281,2.845649619,120.41792024340968,71.14124048,72.10238441858326,309.7467197151693,0.74,25,0.189326621,0.486998112,0.113362702,62.62442620510684,1.0563946444174763,62.62442620510684,0.17,12263.592410833975,6.236499886550437e-10,2.4945999546201747e-09,22.007075566806034,-4.882352941,0.005334577,0.9777493086550838,0.003194173,0.013721941359750377,1.4603879028486348,0.000109435,284872.7680912292,72.10238441858326,309.7467197151693,12348.45231,12348.45231,12336.103754573227,35104.22894914577,12336.103754573256,12336.103754573252,12.348552306773854,35.13965316697431,0.001000008,0.001000008,GOOD,209.66138474146223,62.62442621
04,Grapes,Sacramento River,50.40147872275895,1768.0889120560998,10.326529587090809,2.661751325,5707.511085000792,133.0875663,6066.297444181566,4560.422483661467,0.13,50,0.312599493,0.249773629,0.332250166,1790.9038838606887,1.0559571805532408,1790.9038838606887,0.17,50.451880705965074,1732.3265213107127,2.4945999546201747e-09,22.007075566806034,-4.882352941,0.18195247138767107,0.5581550341881641,0.14836047109479925,0.11153202332936564,8.754624791359618,0.1526206747746511,22.244533522173786,6066.297444181566,4560.422483661467,50.40147872275895,50.40147872275895,50.37665800495063,134.0901361937492,50.37665800494874,50.376658004948766,0.024820717808324844,0.066066579,0.00049246,0.00049246,GOOD,1768.0889120560998,1790.903884
04,Orchards,Sacramento River,3579.400457104967,2309.3340940204384,2.070881679913447,3.327741402,681.4685360114679,166.3870701,1653.2903473698298,1740.896726707907,0.13,50,0.142496355,0.364024786,0.345706127,540.3149879172385,1.0736870639817369,540.3149879172385,0.17,3582.979893391738,467.0811314,2.4945999546201747e-09,22.007075566806034,-4.882352941,0.012842982340282768,0.9492035134376625,0.018486948659491038,0.019466555562563728,1.1367306222298386,0.002149049,243.88025365516668,1653.2903473698298,1740.896726707907,3579.400457104967,3579.400457104967,3575.8210208901874,11899.407657358184,3575.821020889911,3575.821020889911,3.5794362147794345,11.911438087738134,0.00100001,0.00100001,GOOD,2309.3340940204384,540.3149879
04,Pasture,Sacramento River,10054.71518,231.3889921571432,4.999999999999999,3.965593094,219.0404801085371,39.65593094,131.15440681995278,563.4300115905577,0.51,10,0.189326621,0.486998112,0.113362702,203.6641313266683,1.1558528290458805,203.6641313266683,0.17,10064.76999689118,116.39302443794067,2.4945999546201747e-09,22.007075566806034,-4.882352941,0.003138306,0.9903631839193647,0.001227077,0.005271434,1.9786889931596925,0.000195011,242096.53909609048,131.15440681995278,563.4300115905577,10054.71518,10054.71518,10063.327016694024,39907.06012006544,10063.327016691703,10063.327016691701,-8.611834984,-34.15103334,0.000856497,0.000856497,GOOD,231.3889921571432,203.6641313
04,Pistachios,Sacramento River,226.6972048268194,4908.224613268352,1.2498253980439933,3.663925668,1599.315875,183.1962834,319.3169032470521,1583.0678593976154,0.4,50,0.260711671,0.258063009,0.052053284,2449.526860364615,1.585474027824466,2449.526860364615,0.17,226.92390430085928,2368.8945713161775,2.4945999546201747e-09,22.007075566806034,-4.882352941,0.025536488,0.9622211611541847,0.002054889,0.010187461989435048,0.6446927249271734,0.011027926003365692,29536.881992998846,319.3169032470521,1583.0678593976154,226.6972048268194,226.6972048268194,226.55827628016138,830.0926837607188,226.55827628015481,226.5582762801537,0.1389285466580077,0.509023868,0.000612837,0.000612837,GOOD,4908.224613268352,2449.52686
04,Rice,Sacramento River,153.94758625999998,774.5349774121528,3.9116254159600112,4.534377778,378.0637021256366,226.71888889999997,216.55052111602456,1737.9885645152126,0.2,50,0.124786237,0.573652143,0.071476115,470.3690265385166,1.1274158085114319,470.3690265385166,0.17,154.10153538710966,370.5806321281513,2.4945999546201747e-09,22.007075566806034,-4.882352941,0.001421662,0.994866703,0.000411226,0.003300409,1.3600207282897383,0.032478587,155.31235764065664,216.55052111602456,1737.9885645152126,153.94758625999998,153.94758625999998,154.10153538700644,698.7545776145224,154.10153538698407,154.1015353869825,-0.153949127,-0.6980635,0.00100001,0.00100001,GOOD,774.5349774121528,470.3690265
04,Safflower,Sacramento River,72.86401229,566.2726740179453,1.0344460085918803,2.357007476,114.57375794026017,23.57007476,66.16231051897915,248.51209391178716,0.74,10,0.195592287,0.424242424,0.112947658,132.9602703,1.2320269967669062,132.9602703,0.17,72.93687703090178,81.08942864459925,2.4945999546201747e-09,22.007075566806034,-4.882352941,0.035758850623183715,0.9067321451576938,0.012091636755985362,0.045417367463137015,0.6545650488358994,0.018546211,2731.300530796632,66.16231051897915,248.51209391178716,72.86401229,72.86401229,72.79114754987103,171.5692789616651,72.79114755,72.79114754980945,0.07286474,0.17174273722079647,0.00100001,0.00100001,GOOD,566.2726740179453,132.9602703
04,Subtropical,Sacramento River,10416.64704,1426.1226571367167,2.926176067700632,2.972946835,843.5231850739846,148.6473418,1803.596751636908,668.3511361167175,0.13,50,0.202134149,0.160157528,0.432197361,708.9675743,1.1472955404092273,708.9675743,0.17,10427.063785329494,643.5417086856766,2.4945999546201747e-09,22.007075566806034,-4.882352941,0.03117929,0.9169913784782576,0.037816013,0.014013318360719739,1.776643758383265,0.000738463,918.9130899,1803.596751636908,668.3511361167175,10416.64704,10416.64704,10406.230291253261,30937.169408662518,10406.230291252607,10406.230291252607,10.416747038038011,30.968435137725464,0.00100001,0.00100001,GOOD,1426.1226571367167,708.9675743
04,Walnuts,Sacramento River,17082.708779880562,1941.7018487746973,1.7189362872815137,4.942462794,854.2534686026536,247.1231397,299.3270611283979,911.6708834858882,0.13,50,0.25594369,0.273146576,0.089681664,1025.2872140234897,1.3746585683164616,1025.2872140234897,0.17,17099.791588660377,916.5180618279364,2.4945999546201747e-09,22.007075566806034,-4.882352941,0.002028995,0.9965834129174395,0.000342977,0.001044616,0.5496947902596222,0.000450298,1794.468489769389,299.3270611283979,911.6708834858882,17082.708779880562,17082.708779880562,17099.791588660144,84515.08371,17099.791588659285,17099.791588659282,-17.08280878,-84.43114681,0.001000006,0.001000006,GOOD,1941.7018487746973,1025.287214
05,Almonds,Sacramento River,11072.005337332896,4683.240485829528,0.7387210677403597,3.971676207,752.6390797453652,198.5838104,323.8653982273295,1042.3323135081037,0.4,50,0.217550367,0.301286212,0.093613311,1142.1878103460713,1.4217812475867206,1142.1878103460713,0.17,11083.077442670075,1054.7828319329149,4.938382587795751e-09,22.007075565580045,-4.882352941,0.007423534,0.986965151,0.001330196,0.004281119,0.30909563,0.000225795,657066.9394,323.8653982273295,1042.3323135081037,11072.005337332896,11072.005337332896,11060.933231995976,43930.44534473402,11060.933231994859,11060.933231994859,11.072105336919776,43.97481733,0.001000009,0.001000009,GOOD,4683.240485829528,1142.18781
05,Field and Grain,Sacramento River,1938.143942,209.66138474146223,3.033618669654281,2.845649619,120.41792024340968,71.14124048,72.10238441858326,309.7467197151693,0.74,25,0.189326621,0.486998112,0.113362702,62.62442620510684,1.0563946444174763,62.62442620510684,0.17,1849.183547668939,1.2345956469489378e-09,4.938382587795751e-09,22.007075565580045,-4.882352941,0.005334577,0.9777493086543839,0.003194173,0.013721941360098437,1.460387902856018,0.00069724,44712.034829608245,72.10238441858326,309.7467197151693,1938.143942,1938.143942,1936.2057784063031,5509.763235627494,1936.2057784068782,1936.2057784068734,1.9381633036969106,5.5153336667253825,0.00100001,0.00100001,GOOD,209.66138474146223,62.62442621
05,Orchards,Sacramento River,4227.977916302843,2309.3340940204384,2.070881679913447,3.327741402,681.4685360114679,166.3870701,1653.2903473698298,1740.896726707907,0.13,50,0.142496355,0.364024786,0.345706127,540.3149879172385,1.0736870639817369,540.3149879172385,0.17,4232.205936540863,467.0811314170475,4.938382587795751e-09,22.007075565580045,-4.882352941,0.012842982340542309,0.9492035134367917,0.018486949,0.019466556,1.1367306222336195,0.001819382,288.0706808403297,1653.2903473698298,1740.896726707907,4227.977916302843,4227.977916302843,4223.749896149198,14055.547401108886,4223.749896148544,4223.749896148544,4.228020153645048,14.069757713776198,0.00100001,0.00100001,GOOD,2309.3340940204384,540.3149879
05,Pasture,Sacramento River,7595.620824,231.3889921571432,4.999999999999999,3.965593094,219.0404801085371,39.65593094,131.15440681995278,563.4300115905577,0.51,10,0.189326621,0.486998112,0.113362702,203.6641313266683,1.1558528290458805,203.6641313266683,0.17,7603.216520494431,116.39302444098355,4.938382587795751e-09,22.007075565580045,-4.882352941,0.003138306,0.9903631839189483,0.001227077,0.005271434,1.9786889931752643,0.000258147,182886.68355828902,131.15440681995278,563.4300115905577,7595.620824,7595.620824,7588.025126936357,30091.02004047729,7588.025126932863,7588.025127,7.595696703642716,30.121442392082827,0.00100001,0.00100001,GOOD,231.3889921571432,203.6641313
05,Pistachios,Sacramento River,525.8518135027211,4908.224613268352,1.2498253980439933,3.663925668,1599.315875,183.1962834,319.3169032470521,1583.0678593976154,0.4,50,0.260711671,0.258063009,0.052053284,2449.526860364615,1.585474027824466,2449.526860364615,0.17,526.3776706,2368.8945713188687,4.938382587795751e-09,22.007075565580045,-4.882352941,0.025536488,0.9622211611535341,0.002054889,0.010187462,0.6446927249293465,0.004754191,68514.39995967402,319.3169032470521,1583.0678593976154,525.8518135027211,525.8518135027211,525.3259564362951,1924.7552558535915,525.3259564362644,525.3259564362633,0.525857066,1.9267012033774336,0.00100001,0.00100001,GOOD,4908.224613268352,2449.52686
05,Subtropical,Sacramento River,121.0230407262593,1426.1226571367167,2.926176067700632,2.972946835,843.5231850739846,148.6473418,1803.596751636908,668.3511361167175,0.13,50,0.202134149,0.160157528,0.432197361,708.9675743,1.1472955404092273,708.9675743,0.17,121.14406497817788,643.5417086888007,4.938382587795751e-09,22.007075565580045,-4.882352941,0.031179289827825977,0.9169913784768543,0.037816013,0.014013318360936888,1.776643758389072,0.063560688,10.676147122209859,1803.596751636908,668.3511361167175,121.0230407262593,121.0230407262593,120.90201647663126,359.43526722931875,120.90201647660123,120.90201647660167,0.12102424962803582,0.3597986598899183,0.00100001,0.00100001,GOOD,1426.1226571367167,708.9675743
05,Tomatoes,Sacramento River,141.3933554,98.36808723,45.12697658913721,2.666779844,378.0837202857285,133.3389922,916.1768531,2411.9869769892075,0.74,50,0.085172131,0.543356034,0.206390095,599.4678270921155,1.1010744988770471,599.4678270921155,0.17,141.53475016044203,540.7798015458653,4.938382587795751e-09,22.007075565580045,-4.882352941,0.033628233,0.8445688388453959,0.033529907,0.088273021,31.101496867222394,0.009557389,24890.137526304163,916.1768531,2411.9869769892075,141.3933554,141.3933554,141.25196062215622,376.68788151264795,141.2519606221065,141.2519606221062,0.14139476784379212,0.37706871693285393,0.00100001,0.00100001,GOOD,98.36808723,599.4678271
05,Truck,Sacramento River,191.7191003,742.5153484316094,22.835,2.662234731,945.7732119,133.1117366,5245.145436,4255.029216878539,0.41,50,0.055780263,0.25095514,0.309350686,6376.278380229864,1.5264060836617286,6376.278380229864,0.17,191.91082133940287,6317.690379328561,4.938382587795751e-09,22.007075565580045,-4.882352941,0.1833727348300823,0.5767867282724161,0.13241846002124286,0.10742207687625885,19.192192452339704,0.012721864363920476,49812.48053687633,5245.145436,4255.029216878539,191.7191003,191.7191003,191.52737930452165,509.8908411219081,191.52737930451286,191.5273793045129,0.1917210154783504,0.5104063460690327,0.00100001,0.00100001,GOOD,742.5153484316094,6376.27838
05,Walnuts,Sacramento River,32738.683242930565,1941.7018487746973,1.7189362872815137,4.942462794,854.2534686026536,247.1231397,299.3270611283979,911.6708834858882,0.13,50,0.25594369,0.273146576,0.089681664,1025.2872140234897,1.3746585683164616,1025.2872140234897,0.17,32771.42202617331,916.5180618321634,4.938382587795751e-09,22.007075565580045,-4.882352941,0.002028995,0.9965834129173738,0.000342977,0.001044616,0.5496947902615524,0.000234961,3439.064391550844,299.3270611283979,911.6708834858882,32738.683242930565,32738.683242930565,32764.497325527813,161937.3089955337,32764.497325524575,32764.497325524575,-25.8140826,-127.5851428,0.000788489,0.000788489,GOOD,1941.7018487746973,1025.287214
06,Alfalfa,Sacramento River,696.7860775,280.6469987369378,5.962401488126662,3.537610105,471.66622240670006,35.37610105,252.5143028603122,311.8836592959672,1.86,10,0.281872792,0.186385019,0.150905255,601.8897972944199,1.4873882561689458,601.8897972944199,0.17,697.4828706,524.0373443967949,1.606530934023513e-08,22.007075560888993,-4.882352941,0.017898835,0.9719555083777697,0.004539214,0.005606442,2.9089943260936435,0.000771592,753790.7687317795,252.5143028603122,311.8836592959672,696.7860775,696.7860775,696.0892844619003,2462.492486694638,696.0892844614611,696.0892844614608,0.6967930380997132,2.464982093,0.00100001,0.00100001,GOOD,280.6469987369378,601.8897973
06,Almonds,Sacramento River,3298.396606016633,4683.240485829528,0.7387210677403597,3.971676207,752.6390797453652,198.5838104,323.8653982273295,1042.3323135081037,0.4,50,0.217550367,0.301286212,0.093613311,1142.1878103460713,1.4217812475867206,1142.1878103460713,0.17,3301.6950356395173,1054.7828319432138,1.606530934023513e-08,22.007075560888993,-4.882352941,0.007423534,0.9869651506322741,0.001330196,0.004281119,0.3090956295980482,0.000757944,195742.98393690994,323.8653982273295,1042.3323135081037,3298.396606016633,3298.396606016633,3298.7385583163414,13101.521445178496,3298.7385583152613,3298.7385583152604,-0.3419523,-1.358123813,0.000103672,0.000103672,GOOD,4683.240485829528,1142.18781
06,Berries,Sacramento River,85.99700287,5808.756199769439,4.15,3.453441036,1090.5308695984825,172.6720518,10044.696800300811,9336.946256832116,0.25,50,0.045238346,0.387323291,0.416682812,3461.4922505117665,1.1120653254021837,3461.4922505117665,0.17,86.08300073367437,3385.492112676398,1.606530934023513e-08,22.007075560888993,-4.882352941,0.034581697115838035,0.8156759730389286,0.077605201,0.072137129,2.9413552676731194,0.046513249,1762.5348158280426,10044.696800300811,9336.946256832116,85.99700287,85.99700287,85.94440916581456,296.8039494279985,85.94440916579929,85.94440916579929,0.052593704185440515,0.18162925626933202,0.000611576,0.000611576,GOOD,5808.756199769439,3461.492251
06,Corn,Sacramento River,609.8042188,229.08722102241552,6.113531917599918,2.826875063,123.44536013404992,141.3437532,122.52875673244314,782.4343077137593,0.3,50,0.088141761,0.558669339,0.087487293,230.77985990455204,1.1402757449281344,230.77985990455204,0.17,610.4140290823856,168.56860678001047,1.606530934023513e-08,22.007075560888993,-4.882352941,0.008661328,0.964496868,0.003634284,0.023207520377016472,3.1866106812308366,0.005466235,1905.754835451689,122.52875673244314,782.4343077137593,609.8042188,609.8042188,609.1944084494014,1722.1164817646493,609.1944084485382,609.1944084485349,0.6098103105986183,1.7238575601916182,0.00100001,0.00100001,GOOD,229.08722102241552,230.7798599
06,Field and Grain,Sacramento River,1030.586367,209.66138474146223,3.033618669654281,2.845649619,120.41792024340968,71.14124048,72.10238441858326,309.7467197151693,0.74,25,0.189326621,0.486998112,0.113362702,62.62442620510684,1.0563946444174763,62.62442620510684,0.17,1009.8202388918066,4.0163273350587825e-09,1.606530934023513e-08,22.007075560888993,-4.882352941,0.005334577,0.9777493086516105,0.003194173,0.013721941,1.4603879028852829,0.001311245,23775.124515722044,72.10238441858326,309.7467197151693,1030.586367,1030.586367,1029.555770477406,2929.7549859982823,1029.5557704773316,1029.5557704773266,1.0305966625940073,2.9327170002529783,0.00100001,0.00100001,GOOD,209.66138474146223,62.62442621
06,Orchards,Sacramento River,631.6613738253527,2309.3340940204384,2.070881679913447,3.327741402,681.4685360114679,166.3870701,1653.2903473698298,1740.896726707907,0.13,50,0.142496355,0.364024786,0.345706127,540.3149879172385,1.0736870639817369,540.3149879172385,0.17,632.2930415219226,467.0811314244132,1.606530934023513e-08,22.007075560888993,-4.882352941,0.012842982341540618,0.9492035134334542,0.018486949,0.019466555564077035,1.136730622248109,0.012177897859612562,43.03786008860985,1653.2903473698298,1740.896726707907,631.6613738253527,631.6613738253527,631.0297061417418,2099.9036790197683,631.0297061414221,631.0297061414221,0.6316676836108854,2.102026703057163,0.00100001,0.00100001,GOOD,2309.3340940204384,540.3149879
06,Pasture,Sacramento River,6287.946026,231.3889921571432,4.999999999999999,3.965593094,219.0404801085371,39.65593094,131.15440681995278,563.4300115905577,0.51,10,0.189326621,0.486998112,0.113362702,203.6641313266683,1.1558528290458805,203.6641313266683,0.17,6294.234034627253,116.3930244512347,1.606530934023513e-08,22.007075560888993,-4.882352941,0.003138306,0.9903631839173515,0.001227077,0.005271434,1.9786889932349814,0.000311832,151400.60592315454,131.15440681995278,563.4300115905577,6287.946026,6287.946026,6291.143678700149,24948.115925615068,6291.143678690833,6291.143678690831,-3.19765304,-12.68059081,0.000508537,0.000508537,GOOD,231.3889921571432,203.6641313
06,Pistachios,Sacramento River,343.9111792485836,4908.224613268352,1.2498253980439933,3.663925668,1599.315875,183.1962834,319.3169032470521,1583.0678593976154,0.4,50,0.260711671,0.258063009,0.052053284,2449.526860364615,1.585474027824466,2449.526860364615,0.17,344.25509387034646,2368.894571327661,1.606530934023513e-08,22.007075560888993,-4.882352941,0.025536488,0.9622211611510424,0.002054889,0.010187461990238926,0.6446927249376657,0.007269319,44808.95088815906,319.3169032470521,1583.0678593976154,343.9111792485836,343.9111792485836,343.6924608180605,1259.2636290893763,343.6924608180033,343.6924608180022,0.21871843052309714,0.8013680716580893,0.000635974,0.000635974,GOOD,4908.224613268352,2449.52686
06,Subtropical,Sacramento River,1855.6931274918743,1426.1226571367167,2.926176067700632,2.972946835,843.5231850739846,148.6473418,1803.596751636908,668.3511361167175,0.13,50,0.202134149,0.160157528,0.432197361,708.9675743,1.1472955404092273,708.9675743,0.17,1857.5488391947192,643.5417086931302,1.606530934023513e-08,22.007075560888993,-4.882352941,0.031179289830002576,0.9169913784715984,0.037816013,0.014013318361769491,1.7766437584108241,0.004145248,163.70149621051476,1803.596751636908,668.3511361167175,1855.6931274918743,1855.6931274918743,1853.837415826256,5511.360077985246,1853.837415825504,1853.8374158255046,1.8557116656184007,5.516932123,0.00100001,0.00100001,GOOD,1426.1226571367167,708.9675743
06,Walnuts,Sacramento River,1556.3705763852472,1941.7018487746973,1.7189362872815137,4.942462794,854.2534686026536,247.1231397,299.3270611283979,911.6708834858882,0.13,50,0.25594369,0.273146576,0.089681664,1025.2872140234897,1.3746585683164616,1025.2872140234897,0.17,1557.9269625408072,916.5180618,1.606530934023513e-08,22.007075560888993,-4.882352941,0.002028995,0.9965834129171224,0.000342977,0.001044616,0.5496947902689543,0.004942465,163.49034533955387,299.3270611283979,911.6708834858882,1556.3705763852472,1556.3705763852472,1557.9269625405946,7699.996048,1557.9269625400889,1557.926962540088,-1.556386155,-7.692380666,0.00100001,0.00100001,GOOD,1941.7018487746973,1025.287214
07N,Alfalfa,Sacramento River,4481.911856,280.6469987369378,5.962401488126662,3.537610105,471.66622240670006,35.37610105,252.5143028603122,311.8836592959672,1.86,10,0.281872792,0.186385019,0.150905255,601.8897972944199,1.4873882561689458,601.8897972944199,0.17,4486.393813120032,524.0373443874977,4.510348630244535e-09,22.007075565941555,-4.882352941,0.017898835,0.9719555083824369,0.004539214,0.005606442,2.9089943260013893,0.000119956,4848581.067683987,252.5143028603122,311.8836592959672,4481.911856,4481.911856,4477.429899769637,15839.401257854206,4477.429899768842,4477.429899768841,4.481956630363129,15.855415065743728,0.00100001,0.00100001,GOOD,280.6469987369378,601.8897973
07N,Almonds,Sacramento River,51728.38724529767,4683.240485829528,0.7387210677403597,3.971676207,752.6390797453652,198.5838104,323.8653982273295,1042.3323135081037,0.4,50,0.217550367,0.301286212,0.093613311,1142.1878103460713,1.4217812475867206,1142.1878103460713,0.17,51780.11573254281,1054.782831931789,4.510348630244535e-09,22.007075565941555,-4.882352941,0.007423534,0.986965151,0.001330196,0.004281119,0.30909562959361647,4.832936291141109e-05,3069815.4536978966,323.8653982273295,1042.3323135081037,51728.38724529767,51728.38724529767,51746.35967470074,205519.7855188732,51746.35967,51746.35967469601,-17.9724294,-71.38067024,0.000347438,0.000347438,GOOD,4683.240485829528,1142.18781
07N,Beans Dry,Sacramento River,359.1816557,1370.7557480622177,1.280845402248742,2.293810917,149.5303492,114.6905459,124.74349656171437,884.8939850771033,1.68,50,0.085167237,0.504004546,0.071049516,481.86782085213576,1.3126421419712608,481.86782085213576,0.17,359.54084094072795,431.38775066479513,4.510348630244535e-09,22.007075565941555,-4.882352941,0.052319771417255884,0.8567483015723841,0.011234890473712369,0.079697037,0.8778858595451291,0.001657206,193299.04915499737,124.74349656171437,884.8939850771033,359.1816557,359.1816557,358.82247044615684,823.0708999743044,358.8224704460334,358.82247044603025,0.3591852438431715,0.8239030335528241,0.00100001,0.00100001,GOOD,1370.7557480622177,481.8678209
07N,Corn,Sacramento River,6747.738889,229.08722102241552,6.113531917599918,2.826875063,123.44536013404992,141.3437532,122.52875673244314,782.4343077137593,0.3,50,0.088141761,0.558669339,0.087487293,230.77985990455204,1.1402757449281344,230.77985990455204,0.17,6754.486695843329,168.56860677427454,4.510348630244535e-09,22.007075565941555,-4.882352941,0.008661328,0.9644968675704053,0.003634284,0.023207520375457764,3.1866106811855985,0.000493993,21087.97483027423,122.52875673244314,782.4343077137593,6747.738889,6747.738889,6740.991083110789,19055.939592751252,6740.991083108136,6740.991083108133,6.747806299211334,19.075205357192317,0.00100001,0.00100001,GOOD,229.08722102241552,230.7798599
07N,Cotton,Sacramento River,1682.380172,1698.847365671268,0.768,2.633766816,193.80117697385796,131.6883408,102.06534107247572,580.9116495365624,0.68,50,0.148539114,0.445240339,0.078228087,296.24826845263783,1.2321534641151817,296.24826845263783,0.17,1684.0625689418846,238.2867631,4.510348630244535e-09,22.007075565941555,-4.882352941,0.019151380375962763,0.9505771148636569,0.00452383,0.025747675260077367,0.4283752296644456,0.000874112,113589.14829741644,102.06534107247572,580.9116495365624,1682.380172,1682.380172,1680.697774951184,4426.566027391465,1680.6977749506295,1680.697774950626,1.6823969788158593,4.431041334144538,0.00100001,0.00100001,GOOD,1698.847365671268,296.2482685
07N,Cucurbits,Sacramento River,1242.399262,202.62833470000004,12.01,1.97136542,111.99248627534328,96.81195394892592,1562.231794724549,546.6459552864201,0.05,50,0.046854775,0.228702604,0.653597591,73.83780651256517,0.9821817200073026,115.88410951176212,0.17,1243.641673886348,70.74380469140803,4.510348630244535e-09,22.007075565941555,-4.882352941,0.029503461,0.6300103011647277,0.25222819414794495,0.088258044,9.918501266135893,0.016097884640357586,2.3397333034232786e-05,1562.231794724549,546.6459552864201,1242.399262,1242.399262,1241.156850516306,2446.7736959039544,1241.156850515495,1241.1568505154955,1.2424116736940505,2.449247410924727,0.00100001,0.00100001,GOOD,202.62833470000004,115.8841095
07N,Field and Grain,Sacramento River,11193.57097,209.66138474146223,3.033618669654281,2.845649619,120.41792024340968,71.14124048,72.10238441858326,309.7467197151693,0.74,25,0.189326621,0.486998112,0.113362702,62.62442620510684,1.0563946444174763,62.62442620510684,0.17,11057.522843811154,1.1275871575611339e-09,4.510348630244535e-09,22.007075565941555,-4.882352941,0.005334577,0.9777493086545743,0.003194173,0.013721941359995583,1.460387902854008,0.000120726,258230.21931163076,72.10238441858326,309.7467197151693,11193.57097,11193.57097,11182.37730008905,31821.127703512655,11182.37730008863,11182.377300088627,11.193670970949825,31.853265533696685,0.001000009,0.001000009,GOOD,209.66138474146223,62.62442621
07N,Orchards,Sacramento River,2484.285897597377,2309.3340940204384,2.070881679913447,3.327741402,681.4685360114679,166.3870701,1653.2903473698298,1740.896726707907,0.13,50,0.142496355,0.364024786,0.345706127,540.3149879172385,1.0736870639817369,540.3149879172385,0.17,2486.770208362334,467.0811314161921,4.510348630244535e-09,22.007075565941555,-4.882352941,0.012842982340466949,0.9492035134370472,0.018486949,0.019466555562784812,1.1367306222325095,0.003096386,169.2652951574952,1653.2903473698298,1740.896726707907,2484.285897597377,2484.285897597377,2481.8015868824227,8258.793892217938,2481.8015868820617,2481.8015868820617,2.484310714954063,8.267143621584182,0.00100001,0.00100001,GOOD,2309.3340940204384,540.3149879
07N,Pasture,Sacramento River,4656.781041,231.3889921571432,4.999999999999999,3.965593094,219.0404801085371,39.65593094,131.15440681995278,563.4300115905577,0.51,10,0.189326621,0.486998112,0.113362702,203.6641313266683,1.1558528290458805,203.6641313266683,0.17,4661.437869014366,116.39302443988427,4.510348630244535e-09,22.007075565941555,-4.882352941,0.003138306,0.9903631839190704,0.001227077,0.005271434,1.9786889931707041,0.00042106,112125.56030416988,131.15440681995278,563.4300115905577,4656.781041,4656.781041,4661.437869012517,18485.365821466115,4661.437869010532,4661.437869,-4.656827653,-18.46708358,0.00100001,0.00100001,GOOD,231.3889921571432,203.6641313
07N,Pistachios,Sacramento River,1779.7748281801214,4908.224613268352,1.2498253980439933,3.663925668,1599.315875,183.1962834,319.3169032470521,1583.0678593976154,0.4,50,0.260711671,0.258063009,0.052053284,2449.526860364615,1.585474027824466,2449.526860364615,0.17,1781.5546208237797,2368.8945713176518,4.510348630244535e-09,22.007075565941555,-4.882352941,0.025536487803709058,0.9622211611537266,0.002054889,0.010187461989552515,0.644692725,0.001404672,231890.8127440061,319.3169032470521,1583.0678593976154,1779.7748281801214,1779.7748281801214,1778.8409443497933,6517.5409952925675,1778.8409443497078,1778.840944349707,0.9338838303281136,3.421680936869052,0.00052472,0.00052472,GOOD,4908.224613268352,2449.52686
07N,Rice,Sacramento River,1708.926686,774.5349774121528,3.9116254159600112,4.534377778,378.0637021256366,226.71888889999997,216.55052111602456,1737.9885645152126,0.2,50,0.124786237,0.573652143,0.071476115,470.3690265385166,1.1274158085114319,470.3690265385166,0.17,1710.6356298619949,370.5806321302535,4.510348630244535e-09,22.007075565941555,-4.882352941,0.001421662,0.9948667027561349,0.000411226,0.003300409,1.3600207282930812,0.002925813,1724.0766100811202,216.55052111602456,1737.9885645152126,1708.926686,1708.926686,1710.6356298621804,7756.668186302103,1710.635629861852,1710.6356298618505,-1.708943792,-7.748996755,0.00100001,0.00100001,GOOD,774.5349774121528,470.3690265
07N,Safflower,Sacramento River,323.8607653,566.2726740179453,1.0344460085918803,2.357007476,114.57375794026017,23.57007476,66.16231051897915,248.51209391178716,0.74,10,0.195592287,0.424242424,0.112947658,132.9602703,1.2320269967669062,132.9602703,0.17,324.18462927514577,81.08942864477534,4.510348630244535e-09,22.007075565941555,-4.882352941,0.035758850624445726,0.9067321451550464,0.012091636756276652,0.045417367,0.6545650488391643,0.004172631,12139.889806869029,66.16231051897915,248.51209391178716,323.8607653,323.8607653,323.5369012694353,762.5788951,323.5369012691173,323.5369012691122,0.3238640005646971,0.7633498705381498,0.00100001,0.00100001,GOOD,566.2726740179453,132.9602703
07N,Subtropical,Sacramento River,6423.115487078269,1426.1226571367167,2.926176067700632,2.972946835,843.5231850739846,148.6473418,1803.596751636908,668.3511361167175,0.13,50,0.202134149,0.160157528,0.432197361,708.9675743,1.1472955404092273,708.9675743,0.17,6429.538666860485,643.5417086867527,4.510348630244535e-09,22.007075565941555,-4.882352941,0.03117929,0.9169913784772843,0.037816013334210564,0.014013318,1.7766437583872934,0.001197598,566.6204179913553,1803.596751636908,668.3511361167175,6423.115487078269,6423.115487078269,6416.692307424545,19076.48508652665,6416.692307423808,6416.692307423808,6.423179653724219,19.095771622174652,0.00100001,0.00100001,GOOD,1426.1226571367167,708.9675743
07N,Sunflowers,Sacramento River,1658.448341,3637.0574901200007,0.601701512,2.873453662,453.0267168133007,143.6726831,387.8950796863669,849.6060147832587,0.74,50,0.207010582,0.388227513,0.177248677,354.2224955746626,1.1363056425788198,354.2224955746626,0.17,1660.1068060215987,290.98618369650904,4.510348630244535e-09,22.007075565941555,-4.882352941,0.019693052,0.947551907,0.010267077149375822,0.022487964,0.3357312482605549,0.000814829,236390.32561146535,387.8950796863669,849.6060147832587,1658.448341,1658.448341,1656.7898761711372,4760.708936848481,1656.7898761707777,1656.7898761707772,1.6584649088629249,4.765522065670666,0.00100001,0.00100001,GOOD,3637.0574901200007,354.2224956
07N,Tomatoes,Sacramento River,709.1456579,98.36808723,45.12697658913721,2.666779844,378.0837202857285,133.3389922,916.1768531,2411.9869769892075,0.74,50,0.085172131,0.543356034,0.206390095,599.4678270921155,1.1010744988770471,599.4678270921155,0.17,709.8548106261226,540.7798015443184,4.510348630244535e-09,22.007075565941555,-4.882352941,0.033628233,0.8445688388461161,0.033529907,0.088273021,31.10149686719439,0.001905605,124834.24629007968,916.1768531,2411.9869769892075,709.1456579,709.1456579,708.4365051278617,1889.244192628784,708.4365051277163,708.4365051277159,0.7091527421383717,1.8911542390521845,0.00100001,0.00100001,GOOD,98.36808723,599.4678271
07N,Truck,Sacramento River,372.2286722,742.5153484316094,22.835,2.662234731,945.7732119,133.1117366,5245.145436,4255.029216878539,0.41,50,0.055780263,0.25095514,0.309350686,6376.278380229864,1.5264060836617286,6376.278380229864,0.17,372.6009045781637,6317.690379327517,4.510348630244535e-09,22.007075565941555,-4.882352941,0.18337273482952093,0.5767867282736631,0.13241846002086435,0.10742207687595176,19.192192452328353,0.006552489,96712.49999234773,5245.145436,4255.029216878539,372.2286722,372.2286722,371.85643978951816,989.9691289536656,371.85643978950526,371.85643978950526,0.37223239048182677,0.9909699979438074,0.00100001,0.00100001,GOOD,742.5153484316094,6376.27838
07N,Walnuts,Sacramento River,14274.31519,1941.7018487746973,1.7189362872815137,4.942462794,854.2534686026536,247.1231397,299.3270611283979,911.6708834858882,0.13,50,0.25594369,0.273146576,0.089681664,1025.2872140234897,1.3746585683164616,1025.2872140234897,0.17,14288.589605610243,916.5180618,4.510348630244535e-09,22.007075565941555,-4.882352941,0.002028995,0.9965834129173932,0.000342977,0.001044616,0.5496947902609859,0.000538892,1499.4582622899663,299.3270611283979,911.6708834858882,14274.31519,14274.31519,14288.589605610146,70620.82250446329,14288.58960560885,14288.58960560885,-14.27441519,-70.55076598,0.001000007,0.001000007,GOOD,1941.7018487746973,1025.287214
07S,Alfalfa,Sacramento River,3091.816902,280.6469987369378,5.962401488126662,3.537610105,471.66622240670006,35.37610105,252.5143028603122,311.8836592959672,1.86,10,0.281872792,0.186385019,0.150905255,601.8897972944199,1.4873882561689458,601.8897972944199,0.17,3094.9087498607914,524.0373443874321,4.616092339114892e-09,22.00707556594223,-4.882352941,0.017898835309371863,0.9719555083824368,0.004539214,0.005606442,2.908994326001392,0.000173889,3344761.203731301,252.5143028603122,311.8836592959672,3091.816902,3091.816902,3088.725054221102,10926.704963379243,3088.7250542205343,3088.725054220534,3.0918477888981215,10.937751981127803,0.00100001,0.00100001,GOOD,280.6469987369378,601.8897973
07S,Almonds,Sacramento River,71689.81950770505,4683.240485829528,0.7387210677403597,3.971676207,752.6390797453652,198.5838104,323.8653982273295,1042.3323135081037,0.4,50,0.217550367,0.301286212,0.093613311,1142.1878103460713,1.4217812475867206,1142.1878103460713,0.17,71761.50943,1054.782831931706,4.616092339114892e-09,22.00707556594223,-4.882352941,0.007423534,0.986965151,0.001330196,0.004281119,0.30909562959361636,3.4872454933873926e-05,4254424.4566132575,323.8653982273295,1042.3323135081037,71689.81950770505,71689.81950770505,71723.23448089673,284861.4638768595,71723.23448089001,71723.23448089002,-33.41497319,-132.713454,0.000466105,0.000466105,GOOD,4683.240485829528,1142.18781
07S,Beans Dry,Sacramento River,279.2906361,1370.7557480622177,1.280845402248742,2.293810917,149.5303492,114.6905459,124.74349656171437,884.8939850771033,1.68,50,0.085167237,0.504004546,0.071049516,481.86782085213576,1.3126421419712608,481.86782085213576,0.17,279.56992954143885,431.38775066484135,4.616092339114892e-09,22.00707556594223,-4.882352941,0.052319771417268436,0.8567483015723735,0.011234890473712124,0.079697037,0.8778858595451409,0.00213125,150304.48672065826,124.74349656171437,884.8939850771033,279.2906361,279.2906361,279.01134268384925,639.9992638150416,279.01134268374466,279.0113426837414,0.27929342615072983,0.6406463099508528,0.00100001,0.00100001,GOOD,1370.7557480622177,481.8678209
07S,Corn,Sacramento River,640.6622403599999,229.08722102241552,6.113531917599918,2.826875063,123.44536013404992,141.3437532,122.52875673244314,782.4343077137593,0.3,50,0.088141761,0.558669339,0.087487293,230.77985990455204,1.1402757449281344,230.77985990455204,0.17,641.302909,168.56860677441884,4.616092339114892e-09,22.00707556594223,-4.882352941,0.008661328,0.9644968675703987,0.003634284,0.02320752,3.1866106811857056,0.00520295,2002.1920558646195,122.52875673244314,782.4343077137593,640.6622403599999,640.6622403599999,640.0215717195375,1809.2610208760266,640.0215717192352,640.0215717192322,0.6406686404624224,1.811090203369531,0.00100001,0.00100001,GOOD,229.08722102241552,230.7798599
07S,Cotton,Sacramento River,72.18324545,1698.847365671268,0.768,2.633766816,193.80117697385796,131.6883408,102.06534107247572,580.9116495365624,0.68,50,0.148539114,0.445240339,0.078228087,296.24826845263783,1.2321534641151817,296.24826845263783,0.17,72.25542941733373,238.28676310860246,4.616092339114892e-09,22.00707556594223,-4.882352941,0.01915138,0.9505771148635671,0.00452383,0.025747675260074723,0.4283752296645807,0.020372985810298137,4873.591301686261,102.06534107247572,580.9116495365624,72.18324545,72.18324545,72.11106148353326,189.9237208018656,72.11106148347298,72.11106148346924,0.072183966,0.19011573552737104,0.00100001,0.00100001,GOOD,1698.847365671268,296.2482685
07S,Cucurbits,Sacramento River,1878.654756,202.62833470000004,12.01,1.97136542,111.99248627534328,96.81195394892592,1562.231794724549,546.6459552864201,0.05,50,0.046854775,0.228702604,0.653597591,73.83780651256517,0.9821817200073026,115.88410951176212,0.17,1880.5334292587752,70.74380469128388,4.616092339114892e-09,22.00707556594223,-4.882352941,0.029503461,0.6300103011647317,0.25222819414794423,0.088258044,9.918501266135873,0.010645915615585184,3.5379537249520806e-05,1562.231794724549,546.6459552864201,1878.654756,1878.654756,1876.7760821766044,3699.811469486036,1876.7760821753932,1876.7760821753936,1.8786735233954914,3.703552019491326,0.00100001,0.00100001,GOOD,202.62833470000004,115.8841095
07S,Field and Grain,Sacramento River,10576.66081,209.66138474146223,3.033618669654281,2.845649619,120.41792024340968,71.14124048,72.10238441858326,309.7467197151693,0.74,25,0.189326621,0.486998112,0.113362702,62.62442620510684,1.0563946444174763,62.62442620510684,0.17,10423.924106606395,1.154023084778723e-09,4.616092339114892e-09,22.00707556594223,-4.882352941,0.005334577,0.977749309,0.003194173,0.013721941359995311,1.4603879028540654,0.000127767,243998.40308502788,72.10238441858326,309.7467197151693,10576.66081,10576.66081,10566.084053855442,30067.373062175717,10566.084053854105,10566.084053854102,10.576760814557929,30.097755382197647,0.001000009,0.001000009,GOOD,209.66138474146223,62.62442621
07S,Grapes,Sacramento River,5631.995876460525,1768.0889120560998,10.326529587090809,2.661751325,5707.511085000792,133.0875663,6066.297444181566,4560.422483661467,0.13,50,0.312599493,0.249773629,0.332250166,1790.9038838606887,1.0559571805532408,1790.9038838606887,0.17,5637.627928713172,1732.3265213102316,4.616092339114892e-09,22.00707556594223,-4.882352941,0.18195247138892218,0.5581550341851833,0.14836047109578668,0.11153202333010795,8.754624791371487,0.001365823,2485.6636004628026,6066.297444181566,4560.422483661467,5631.995876460525,5631.995876460525,5629.361583,14983.96065348314,5629.361583386362,5629.361583386362,2.634293074015659,7.011833080199722,0.000467737,0.000467737,GOOD,1768.0889120560998,1790.903884
07S,Orchards,Sacramento River,331.7302046607731,2309.3340940204384,2.070881679913447,3.327741402,681.4685360114679,166.3870701,1653.2903473698298,1740.896726707907,0.13,50,0.142496355,0.364024786,0.345706127,540.3149879172385,1.0736870639817369,540.3149879172385,0.17,332.0619381857111,467.08113141652746,4.616092339114892e-09,22.00707556594223,-4.882352941,0.012842982,0.949203513,0.018486948659700728,0.019466555562784527,1.1367306222325277,0.023188445261334692,22.60223392922817,1653.2903473698298,1740.896726707907,331.7302046607731,331.7302046607731,331.3984711429468,1102.8084129818862,331.3984711428814,331.3984711428814,0.3317335178263079,1.1039233617018454,0.00100001,0.00100001,GOOD,2309.3340940204384,540.3149879
07S,Pasture,Sacramento River,1504.761497,231.3889921571432,4.999999999999999,3.965593094,219.0404801085371,39.65593094,131.15440681995278,563.4300115905577,0.51,10,0.189326621,0.486998112,0.113362702,203.6641313266683,1.1558528290458805,203.6641313266683,0.17,1506.2662730978298,116.39302443987405,4.616092339114892e-09,22.00707556594223,-4.882352941,0.003138306,0.9903631839190696,0.001227077,0.005271434,1.9786889931707299,0.001303053,36231.51366258111,131.15440681995278,563.4300115905577,1504.761497,1504.761497,1506.2662730972959,5973.239130319755,1506.266273096603,1506.266273096601,-1.504776557,-5.967331524,0.00100001,0.00100001,GOOD,231.3889921571432,203.6641313
07S,Pistachios,Sacramento River,4166.215605494888,4908.224613268352,1.2498253980439933,3.663925668,1599.315875,183.1962834,319.3169032470521,1583.0678593976154,0.4,50,0.260711671,0.258063009,0.052053284,2449.526860364615,1.585474027824466,2449.526860364615,0.17,4170.381862804134,2368.894571317518,4.616092339114892e-09,22.00707556594223,-4.882352941,0.025536488,0.9622211611537271,0.002054889,0.010187461989552414,0.6446927249287013,0.000600065,542825.4786,319.3169032470521,1583.0678593976154,4166.215605494888,4166.215605494888,4164.255200081891,15257.521515682518,4164.255200081694,4164.255200081693,1.9604054129968063,7.1827797123660275,0.000470548,0.000470548,GOOD,4908.224613268352,2449.52686
07S,Rice,Sacramento River,2202.561358,774.5349774121528,3.9116254159600112,4.534377778,378.0637021256366,226.71888889999997,216.55052111602456,1737.9885645152126,0.2,50,0.124786237,0.573652143,0.071476115,470.3690265385166,1.1274158085114319,470.3690265385166,0.17,2204.7639410748775,370.5806321301502,4.616092339114892e-09,22.00707556594223,-4.882352941,0.001421662,0.9948667027561348,0.000411226,0.003300409,1.360020728293079,0.002270084,2222.087437,216.55052111602456,1737.9885645152126,2202.561358,2202.561358,2204.7639410750753,9997.23262,2204.763941,2204.7639410746483,-2.202583405,-9.987345246,0.00100001,0.00100001,GOOD,774.5349774121528,470.3690265
07S,Safflower,Sacramento River,515.2055952,566.2726740179453,1.0344460085918803,2.357007476,114.57375794026017,23.57007476,66.16231051897915,248.51209391178716,0.74,10,0.195592287,0.424242424,0.112947658,132.9602703,1.2320269967669062,132.9602703,0.17,515.7208059204075,81.08942864451137,4.616092339114892e-09,22.00707556594223,-4.882352941,0.035758851,0.9067321451550745,0.012091636756276761,0.045417367464231535,0.6545650488391297,0.002622936,19312.432452332967,66.16231051897915,248.51209391178716,515.2055952,515.2055952,514.6903844280018,1213.1290839221144,514.6903844275402,514.6903844,0.515210742,1.2143555706052211,0.00100001,0.00100001,GOOD,566.2726740179453,132.9602703
07S,Subtropical,Sacramento River,1603.8244921580535,1426.1226571367167,2.926176067700632,2.972946835,843.5231850739846,148.6473418,1803.596751636908,668.3511361167175,0.13,50,0.202134149,0.160157528,0.432197361,708.9675743,1.1472955404092273,708.9675743,0.17,1605.4283327042463,643.5417086867461,4.616092339114892e-09,22.00707556594223,-4.882352941,0.031179289827633887,0.9169913784772831,0.037816013334210155,0.014013318360872952,1.7766437583872983,0.004796228,141.4826972922355,1803.596751636908,668.3511361167175,1603.8244921580535,1603.8244921580535,1602.2206516439844,4763.316815276622,1602.2206516437855,1602.2206516437857,1.6038405140691339,4.7681325801459025,0.00100001,0.00100001,GOOD,1426.1226571367167,708.9675743
07S,Sunflowers,Sacramento River,6914.976372,3637.0574901200007,0.601701512,2.873453662,453.0267168133007,143.6726831,387.8950796863669,849.6060147832587,0.74,50,0.207010582,0.388227513,0.177248677,354.2224955746626,1.1363056425788198,354.2224955746626,0.17,6921.891417270043,290.9861836963546,4.616092339114892e-09,22.00707556594223,-4.882352941,0.019693051677498047,0.9475519073984727,0.010267077149375744,0.022487964,0.3357312482605529,0.000195424,985640.2973831514,387.8950796863669,849.6060147832587,6914.976372,6914.976372,6908.061326227826,19849.994115169924,6908.061326226376,6908.061326226375,6.915045452174127,19.870062677444366,0.00100001,0.00100001,GOOD,3637.0574901200007,354.2224956
07S,Tomatoes,Sacramento River,11195.38433,98.36808723,45.12697658913721,2.666779844,378.0837202857285,133.3389922,916.1768531,2411.9869769892075,0.74,50,0.085172131,0.543356034,0.206390095,599.4678270921155,1.1010744988770471,599.4678270921155,0.17,11206.579811056434,540.7798015440264,4.616092339114892e-09,22.00707556594223,-4.882352941,0.033628233,0.844568839,0.033529907,0.088273021,31.10149686719412,0.000120706,1970776.1710794636,916.1768531,2411.9869769892075,11195.38433,11195.38433,11184.18884240337,29825.76938,11184.188842401361,11184.188842401361,11.195484326630321,29.855891946073825,0.001000009,0.001000009,GOOD,98.36808723,599.4678271
07S,Truck,Sacramento River,920.0822594,742.5153484316094,22.835,2.662234731,945.7732119,133.1117366,5245.145436,4255.029216878539,0.41,50,0.055780263,0.25095514,0.309350686,6376.278380229864,1.5264060836617286,6376.278380229864,0.17,921.0023508193481,6317.690379,4.616092339114892e-09,22.00707556594223,-4.882352941,0.1833727348295152,0.5767867282736686,0.1324184600208644,0.10742207687595182,19.192192452328296,0.002650876,239055.88728348142,5245.145436,4255.029216878539,920.0822594,920.0822594,919.1621678993063,2447.0254468027865,919.1621678992785,919.1621678992786,0.9200914506936897,2.449499415732589,0.00100001,0.00100001,GOOD,742.5153484316094,6376.27838
07S,Walnuts,Sacramento River,5493.244509160701,1941.7018487746973,1.7189362872815137,4.942462794,854.2534686026536,247.1231397,299.3270611283979,911.6708834858882,0.13,50,0.25594369,0.273146576,0.089681664,1025.2872140234897,1.3746585683164616,1025.2872140234897,0.17,5498.737808657064,916.5180618306392,4.616092339114892e-09,22.00707556594223,-4.882352941,0.002028995,0.9965834129173932,0.000342977,0.001044616,0.5496947902609864,0.001400321,577.0428042367845,299.3270611283979,911.6708834858882,5493.244509160701,5493.244509160701,5498.737808656983,27177.30703324823,5498.737808656465,5498.737808656464,-5.493299496,-27.15042838,0.00100001,0.00100001,GOOD,1941.7018487746973,1025.287214
08N,Alfalfa,Sacramento River,672.2311081,280.6469987369378,5.962401488126662,3.537610105,471.66622240670006,35.37610105,252.5143028603122,311.8836592959672,1.86,10,0.281872792,0.186385019,0.150905255,601.8897972944199,1.4873882561689458,601.8897972944199,0.17,672.9033459268185,524.0373444,2.2740739338684757e-09,22.007075566876576,-4.882352941,0.017898835308798603,0.9719555083832973,0.004539214,0.005606442,2.908994325984384,0.000799776,727226.9353388717,252.5143028603122,311.8836592959672,672.2311081,672.2311081,671.5588702664388,2375.713445556938,671.5588702663587,671.5588702663583,0.6722378235612041,2.378115317593256,0.00100001,0.00100001,GOOD,280.6469987369378,601.8897973
08N,Almonds,Sacramento River,6093.226786334995,4683.240485829528,0.7387210677403597,3.971676207,752.6390797453652,198.5838104,323.8653982273295,1042.3323135081037,0.4,50,0.217550367,0.301286212,0.093613311,1142.1878103460713,1.4217812475867206,1142.1878103460713,0.17,6099.320074114378,1054.7828319297755,2.2740739338684757e-09,22.007075566876576,-4.882352941,0.007423534,0.9869651506334541,0.001330196,0.004281119,0.30909562959279635,0.000410292,361601.87370343105,323.8653982273295,1042.3323135081037,6093.226786334995,6093.226786334995,6087.1334986776465,24176.123285530673,6087.133498677355,6087.1334986773545,6.093287657,24.20056561109959,0.00100001,0.00100001,GOOD,4683.240485829528,1142.18781
08N,Beans Dry,Sacramento River,361.2115337,1370.7557480622177,1.280845402248742,2.293810917,149.5303492,114.6905459,124.74349656171437,884.8939850771033,1.68,50,0.085167237,0.504004546,0.071049516,481.86782085213576,1.3126421419712608,481.86782085213576,0.17,361.57274882903704,431.38775066432504,2.2740739338684757e-09,22.007075566876576,-4.882352941,0.052319771,0.8567483015741868,0.011234890473590123,0.079697037,0.87788586,0.001647893,194391.4587452293,124.74349656171437,884.8939850771033,361.2115337,361.2115337,360.8503185378681,827.7224000650893,360.85031853779014,360.85031853778696,0.3612151421319254,0.8285592364078411,0.00100001,0.00100001,GOOD,1370.7557480622177,481.8678209
08N,Corn,Sacramento River,1405.797625,229.08722102241552,6.113531917599918,2.826875063,123.44536013404992,141.3437532,122.52875673244314,782.4343077137593,0.3,50,0.088141761,0.558669339,0.087487293,230.77985990455204,1.1402757449281344,230.77985990455204,0.17,1407.2034364658562,168.56860677339847,2.2740739338684757e-09,22.007075566876576,-4.882352941,0.008661328,0.9644968675709391,0.003634284,0.02320752,3.186610681177266,0.002371133,4393.386498,122.52875673244314,782.4343077137593,1405.797625,1405.797625,1404.3918131013804,3970.0401951376493,1404.3918131010576,1404.3918131010544,1.4058116686196627,3.974053949295012,0.00100001,0.00100001,GOOD,229.08722102241552,230.7798599
08N,Cotton,Sacramento River,52.3190082,1698.847365671268,0.768,2.633766816,193.80117697385796,131.6883408,102.06534107247572,580.9116495365624,0.68,50,0.148539114,0.445240339,0.078228087,296.24826845263783,1.2321534641151817,296.24826845263783,0.17,52.371327731242715,238.28676310873772,2.2740739338684757e-09,22.007075566876576,-4.882352941,0.019151380375723538,0.9505771148642697,0.00452383,0.025747675259759652,0.4283752296635241,0.028108106133673184,3532.4189385897444,102.06534107247572,580.9116495365624,52.3190082,52.3190082,52.266688669194096,137.65827019912663,52.26668866914844,52.26668866914469,0.052319530805903014,0.1377974440652565,0.00100001,0.00100001,GOOD,1698.847365671268,296.2482685
08N,Cucurbits,Sacramento River,419.664197,202.62833470000004,12.01,1.97136542,111.99248627534328,96.81195394892592,1562.231794724549,546.6459552864201,0.05,50,0.046854775,0.228702604,0.653597591,73.83780651256517,0.9821817200073026,115.88410951176212,0.17,420.08386535553996,70.74380469149386,2.2740739338684757e-09,22.007075566876576,-4.882352941,0.029503460902354797,0.6300103011679732,0.25222819414596914,0.088258044,9.918501266119723,0.047657150990905915,7.903274959704489e-06,1562.231794724549,546.6459552864201,419.664197,419.664197,419.2445285706423,826.4841661483662,419.24452857043775,419.24452857043826,0.41966838935775286,0.8273197506470069,0.00100001,0.00100001,GOOD,202.62833470000004,115.8841095
08N,Field and Grain,Sacramento River,1066.832615,209.66138474146223,3.033618669654281,2.845649619,120.41792024340968,71.14124048,72.10238441858326,309.7467197151693,0.74,25,0.189326621,0.486998112,0.113362702,62.62442620510684,1.0563946444174763,62.62442620510684,0.17,875.1190318073593,5.685184834671189e-10,2.2740739338684757e-09,22.007075566876576,-4.882352941,0.005334577,0.9777493086551283,0.003194173,0.013721941,1.4603879028481648,0.001266695,24611.30775544502,72.10238441858326,309.7467197151693,1066.832615,1066.832615,1065.7657713877502,3032.7959612927925,1065.7657713878157,1065.7657713878107,1.0668432722497982,3.0358621512104946,0.00100001,0.00100001,GOOD,209.66138474146223,62.62442621
08N,Orchards,Sacramento River,1153.0656283612834,2309.3340940204384,2.070881679913447,3.327741402,681.4685360114679,166.3870701,1653.2903473698298,1740.896726707907,0.13,50,0.142496355,0.364024786,0.345706127,540.3149879172385,1.0736870639817369,540.3149879172385,0.17,1154.2187055314894,467.08113141483193,2.2740739338684757e-09,22.007075566876576,-4.882352941,0.012842982,0.9492035134377115,0.018486948659473864,0.019466555562545642,1.1367306222296256,0.006671179,78.56341901,1653.2903473698298,1740.896726707907,1153.0656283612834,1153.0656283612834,1151.9125512139385,3833.267088158069,1151.9125512138403,1151.9125512138403,1.1530771473449022,3.8371425629193254,0.00100001,0.00100001,GOOD,2309.3340940204384,540.3149879
08N,Pasture,Sacramento River,1542.005512,231.3889921571432,4.999999999999999,3.965593094,219.0404801085371,39.65593094,131.15440681995278,563.4300115905577,0.51,10,0.189326621,0.486998112,0.113362702,203.6641313266683,1.1558528290458805,203.6641313266683,0.17,1543.547533246402,116.39302443792278,2.2740739338684757e-09,22.007075566876576,-4.882352941,0.003138306,0.9903631839193879,0.001227077,0.005271434,1.9786889931588232,0.001271581,37128.271765865655,131.15440681995278,563.4300115905577,1542.005512,1542.005512,1540.4634913832779,6108.851382988655,1540.463491382904,1540.4634913829013,1.5420209167220946,6.115027498156451,0.00100001,0.00100001,GOOD,231.3889921571432,203.6641313
08N,Rice,Sacramento River,92069.09731,774.5349774121528,3.9116254159600112,4.534377778,378.0637021256366,226.71888889999997,216.55052111602456,1737.9885645152126,0.2,50,0.124786237,0.573652143,0.071476115,470.3690265385166,1.1274158085114319,470.3690265385166,0.17,92161.16650569795,370.58063212759924,2.2740739338684757e-09,22.007075566876576,-4.882352941,0.001421662,0.9948667027562103,0.000411226,0.003300409,1.3600207282894257,5.430703836763221e-05,92885.30542240774,216.55052111602456,1737.9885645152126,92069.09731,92069.09731,92071.45061011049,417486.73963470955,92071.45061010221,92071.45061010221,-2.35330172,-10.67075903,2.556016936505286e-05,2.556016936517186e-05,GOOD,774.5349774121528,470.3690265
08N,Safflower,Sacramento River,196.069497,566.2726740179453,1.0344460085918803,2.357007476,114.57375794026017,23.57007476,66.16231051897915,248.51209391178716,0.74,10,0.195592287,0.424242424,0.112947658,132.9602703,1.2320269967669062,132.9602703,0.17,196.26556842765515,81.08942864456992,2.2740739338684757e-09,22.007075566876576,-4.882352941,0.035758850623068224,0.9067321451579218,0.012091637,0.045417367,0.6545650488356184,0.006892206,7349.646338657718,66.16231051897915,248.51209391178716,196.069497,196.069497,195.87342551434838,461.6751282870483,195.87342551418914,195.87342551418402,0.19607145565160522,0.462141887,0.00100001,0.00100001,GOOD,566.2726740179453,132.9602703
08N,Subtropical,Sacramento River,264.3465824591904,1426.1226571367167,2.926176067700632,2.972946835,843.5231850739846,148.6473418,1803.596751636908,668.3511361167175,0.13,50,0.202134149,0.160157528,0.432197361,708.9675743,1.1472955404092273,708.9675743,0.17,264.6109316875106,643.5417086862292,2.2740739338684757e-09,22.007075566876576,-4.882352941,0.03117929,0.9169913784783256,0.037816013333762465,0.014013318,1.776643758382983,0.029099327,23.31955129078542,1803.596751636908,668.3511361167175,264.3465824591904,264.3465824591904,264.08223323601845,785.1024394787529,264.08223323598844,264.08223323598884,0.26434922317196197,0.7858961863637433,0.00100001,0.00100001,GOOD,1426.1226571367167,708.9675743
08N,Tomatoes,Sacramento River,276.9352356,98.36808723,45.12697658913721,2.666779844,378.0837202857285,133.3389922,916.1768531,2411.9869769892075,0.74,50,0.085172131,0.543356034,0.206390095,599.4678270921155,1.1010744988770471,599.4678270921155,0.17,277.2121736074262,540.7798015438535,2.2740739338684757e-09,22.007075566876576,-4.882352941,0.033628232715637925,0.8445688388479042,0.033529907,0.088273021,31.101496867124865,0.004879666,48750.21234863384,916.1768531,2411.9869769892075,276.9352356,276.9352356,276.65829759788005,737.7867717093801,276.6582976,276.65829759783264,0.2769380021199481,0.7385326820912042,0.00100001,0.00100001,GOOD,98.36808723,599.4678271
08N,Truck,Sacramento River,85.95003061999999,742.5153484316094,22.835,2.662234731,945.7732119,133.1117366,5245.145436,4255.029216878539,0.41,50,0.055780263,0.25095514,0.309350686,6376.278380229864,1.5264060836617286,6376.278380229864,0.17,86.03598151,6317.6903793281335,2.2740739338684757e-09,22.007075566876576,-4.882352941,0.18337273482811411,0.5767867282768563,0.13241846001987798,0.1074220768751516,19.19219245229927,0.028377237013762713,22331.547666645263,5245.145436,4255.029216878539,85.95003061999999,85.95003061999999,85.86407973084633,228.5903352048122,85.86407973,85.86407973084181,0.085950889,0.22882144226522882,0.00100001,0.00100001,GOOD,742.5153484316094,6376.27838
08N,Walnuts,Sacramento River,16906.30693280453,1941.7018487746973,1.7189362872815137,4.942462794,854.2534686026536,247.1231397,299.3270611283979,911.6708834858882,0.13,50,0.25594369,0.273146576,0.089681664,1025.2872140234897,1.3746585683164616,1025.2872140234897,0.17,16923.21333973716,916.5180618277581,2.2740739338684757e-09,22.007075566876576,-4.882352941,0.002028995,0.996583413,0.000342977,0.001044616,0.5496947902595107,0.000454996,1775.9381992752412,299.3270611283979,911.6708834858882,16906.30693280453,16906.30693280453,16917.54352220225,83614.32942436033,16917.54352220147,16917.54352220147,-11.2365894,-55.53642503,0.000664639,0.000664639,GOOD,1941.7018487746973,1025.287214
08S,Alfalfa,Sacramento River,5805.487597,280.6469987369378,5.962401488126662,3.537610105,471.66622240670006,35.37610105,252.5143028603122,311.8836592959672,1.86,10,0.281872792,0.186385019,0.150905255,601.8897972944199,1.4873882561689458,601.8897972944199,0.17,5811.293142859775,524.0373443857443,2.1316400582534815e-09,22.00707556693921,-4.882352941,0.017898835308756314,0.9719555083833588,0.004539214,0.005606442,2.908994325983168,9.260796782445685e-05,6280439.721716371,252.5143028603122,311.8836592959672,5805.487597,5805.487597,5799.682051556158,20517.01383137219,5799.682051555662,5799.682051555662,5.805545593841998,20.537756757817988,0.00100001,0.00100001,GOOD,280.6469987369378,601.8897973
08S,Almonds,Sacramento River,12344.575884150629,4683.240485829528,0.7387210677403597,3.971676207,752.6390797453652,198.5838104,323.8653982273295,1042.3323135081037,0.4,50,0.217550367,0.301286212,0.093613311,1142.1878103460713,1.4217812475867206,1142.1878103460713,0.17,12356.920560034627,1054.7828319296204,2.1316400582534815e-09,22.00707556693921,-4.882352941,0.007423534,0.9869651506334666,0.001330196,0.004281119,0.3090956295927413,0.000202518,732587.4985965543,323.8653982273295,1042.3323135081037,12344.575884150629,12344.575884150629,12332.231208266903,48979.62926909651,12332.231208266357,12332.231208266357,12.344675883725358,49.029055490522296,0.001000008,0.001000008,GOOD,4683.240485829528,1142.18781
08S,Beans Dry,Sacramento River,1774.897639,1370.7557480622177,1.280845402248742,2.293810917,149.5303492,114.6905459,124.74349656171437,884.8939850771033,1.68,50,0.085167237,0.504004546,0.071049516,481.86782085213576,1.3126421419712608,481.86782085213576,0.17,1776.6725540449947,431.3877506639362,2.1316400582534815e-09,22.00707556693921,-4.882352941,0.052319771,0.8567483015743343,0.011234890473582285,0.079697037,0.8778858595429498,0.000335365,955188.0516753425,124.74349656171437,884.8939850771033,1774.897639,1774.897639,1773.1227232701858,4067.208259817922,1773.1227232699396,1773.1227232699366,1.7749153698141527,4.071320252031001,0.00100001,0.00100001,GOOD,1370.7557480622177,481.8678209
08S,Corn,Sacramento River,2804.575461,229.08722102241552,6.113531917599918,2.826875063,123.44536013404992,141.3437532,122.52875673244314,782.4343077137593,0.3,50,0.088141761,0.558669339,0.087487293,230.77985990455204,1.1402757449281344,230.77985990455204,0.17,2807.3800647540725,168.56860677327157,2.1316400582534815e-09,22.00707556693921,-4.882352941,0.008661328,0.9644968675709766,0.003634284,0.023207520375149976,3.186610681176681,0.001188534,8764.834814285508,122.52875673244314,782.4343077137593,2804.575461,2804.575461,2801.7708577411436,7920.25617,2801.770857740584,2801.770857740581,2.8046034788562793,7.928263635981239,0.00100001,0.00100001,GOOD,229.08722102241552,230.7798599
08S,Cotton,Sacramento River,366.178596,1698.847365671268,0.768,2.633766816,193.80117697385796,131.6883408,102.06534107247572,580.9116495365624,0.68,50,0.148539114,0.445240339,0.078228087,296.24826845263783,1.2321534641151817,296.24826845263783,0.17,366.54477827078716,238.28676310606454,2.1316400582534815e-09,22.00707556693921,-4.882352941,0.01915138,0.9505771148644292,0.00452383,0.025747675,0.42837522966328423,0.004016041,24723.25550398956,102.06534107247572,580.9116495365624,366.178596,366.178596,365.81241375592964,963.4645962312295,365.8124138,365.8124137558352,0.36618225407033833,0.9644386693784099,0.00100001,0.00100001,GOOD,1698.847365671268,296.2482685
08S,Cucurbits,Sacramento River,4469.374006,202.62833470000004,12.01,1.97136542,111.99248627534328,96.81195394892592,1562.231794724549,546.6459552864201,0.05,50,0.046854775,0.228702604,0.653597591,73.83780651256517,0.9821817200073026,115.88410951176212,0.17,4473.843425082515,70.74380469113257,2.1316400582534815e-09,22.00707556693921,-4.882352941,0.029503461,0.6300103011682272,0.25222819414585146,0.088258044,9.918501266118458,0.0044749,8.416894251562273e-05,1562.231794724549,546.6459552864201,4469.374006,4469.374006,4464.904587684662,8801.958508,4464.904587683332,4464.9045876833325,4.469418655337904,8.810857385,0.00100001,0.00100001,GOOD,202.62833470000004,115.8841095
08S,Field and Grain,Sacramento River,7161.600783,209.66138474146223,3.033618669654281,2.845649619,120.41792024340968,71.14124048,72.10238441858326,309.7467197151693,0.74,25,0.189326621,0.486998112,0.113362702,62.62442620510684,1.0563946444174763,62.62442620510684,0.17,6916.554332,5.329100145633704e-10,2.1316400582534815e-09,22.00707556693921,-4.882352941,0.005334577,0.9777493086551649,0.003194173,0.013721941359712641,1.4603879028477773,0.000188694,165214.63485517603,72.10238441858326,309.7467197151693,7161.600783,7161.600783,7154.43911,20359.026928364143,7154.439110293443,7154.439110293439,7.161672326939879,20.37961012856249,0.00100001,0.00100001,GOOD,209.66138474146223,62.62442621
08S,Orchards,Sacramento River,632.6316769843363,2309.3340940204384,2.070881679913447,3.327741402,681.4685360114679,166.3870701,1653.2903473698298,1740.896726707907,0.13,50,0.142496355,0.364024786,0.345706127,540.3149879172385,1.0736870639817369,540.3149879172385,0.17,633.2643149936216,467.0811314148441,2.1316400582534815e-09,22.00707556693921,-4.882352941,0.012842982,0.9492035134377548,0.018486949,0.019466556,1.1367306222294373,0.01215922,43.10397109856469,1653.2903473698298,1740.896726707907,632.6316769843363,632.6316769843363,631.9990389875201,2103.129368062983,631.9990389874607,631.9990389874607,0.6326379968162428,2.105255654483699,0.00100001,0.00100001,GOOD,2309.3340940204384,540.3149879
08S,Pasture,Sacramento River,4245.65481,231.3889921571432,4.999999999999999,3.965593094,219.0404801085371,39.65593094,131.15440681995278,563.4300115905577,0.51,10,0.189326621,0.486998112,0.113362702,203.6641313266683,1.1558528290458805,203.6641313266683,0.17,4249.900507557882,116.3930244377153,2.1316400582534815e-09,22.00707556693921,-4.882352941,0.003138306,0.9903631839194098,0.001227077,0.005271434,1.9786889931580036,0.000461833,102226.49942658009,131.15440681995278,563.4300115905577,4245.65481,4245.65481,4241.409113025911,16819.70268744422,4241.409113025027,4241.409113025024,4.245697224088872,16.836707591060986,0.00100001,0.00100001,GOOD,231.3889921571432,203.6641313
08S,Rice,Sacramento River,102863.8503,774.5349774121528,3.9116254159600112,4.534377778,378.0637021256366,226.71888889999997,216.55052111602456,1737.9885645152126,0.2,50,0.124786237,0.573652143,0.071476115,470.3690265385166,1.1274158085114319,470.3690265385166,0.17,102966.71429280202,370.58063212742184,2.1316400582534815e-09,22.00707556693921,-4.882352941,0.001421662,0.9948667027562154,0.000411226,0.003300409,1.3600207282891814,4.860794130643296e-05,103775.75576719904,216.55052111602456,1737.9885645152126,102863.8503,102863.8503,102917.36482399363,466666.21202823555,102917.36482398494,102917.36482398494,-53.51448153,-242.6548759,0.000520246,0.000520246,GOOD,774.5349774121528,470.3690265
08S,Safflower,Sacramento River,1366.248524,566.2726740179453,1.0344460085918803,2.357007476,114.57375794026017,23.57007476,66.16231051897915,248.51209391178716,0.74,10,0.195592287,0.424242424,0.112947658,132.9602703,1.2320269967669062,132.9602703,0.17,1367.614785737717,81.08942864383182,2.1316400582534815e-09,22.00707556693921,-4.882352941,0.035758851,0.9067321451582331,0.012091636755942242,0.045417367,0.6545650488352343,0.000989096,51213.695214563646,66.16231051897915,248.51209391178716,1366.248524,1366.248524,1364.882261367692,3217.0376939034363,1364.882261367147,1364.882261367142,1.366262172,3.220290154305985,0.00100001,0.00100001,GOOD,566.2726740179453,132.9602703
08S,Sunflowers,Sacramento River,8111.20981,3637.0574901200007,0.601701512,2.873453662,453.0267168133007,143.6726831,387.8950796863669,849.6060147832587,0.74,50,0.207010582,0.388227513,0.177248677,354.2224955746626,1.1363056425788198,354.2224955746626,0.17,8119.321101,290.9861836953498,2.1316400582534815e-09,22.00707556693921,-4.882352941,0.019693052,0.9475519073992482,0.010267077149241995,0.022487964,0.3357312482596375,0.000166603,1156147.876691726,387.8950796863669,849.6060147832587,8111.20981,8111.20981,8103.098519398848,23283.878114113402,8103.098519398055,8103.098519398054,8.111290841151458,23.307418371052336,0.00100001,0.00100001,GOOD,3637.0574901200007,354.2224956
08S,Tomatoes,Sacramento River,13618.82433,98.36808723,45.12697658913721,2.666779844,378.0837202857285,133.3389922,916.1768531,2411.9869769892075,0.74,50,0.085172131,0.543356034,0.206390095,599.4678270921155,1.1010744988770471,599.4678270921155,0.17,13632.443258824193,540.7798015432286,2.1316400582534815e-09,22.00707556693921,-4.882352941,0.033628233,0.8445688388480419,0.033529907,0.088273021,31.10149687,9.922672604925387e-05,2397385.717,916.1768531,2411.9869769892075,13618.82433,13618.82433,13605.205410155577,36282.08756128265,13605.20541015444,13605.205410154438,13.618924334423355,36.318672911998874,0.001000007,0.001000007,GOOD,98.36808723,599.4678271
08S,Truck,Sacramento River,113.2662686,742.5153484316094,22.835,2.662234731,945.7732119,133.1117366,5245.145436,4255.029216878539,0.41,50,0.055780263,0.25095514,0.309350686,6376.278380229864,1.5264060836617286,6376.278380229864,0.17,113.37953603240004,6317.690379327625,2.1316400582534815e-09,22.00707556693921,-4.882352941,0.1833727348280087,0.576786728,0.13241846001981372,0.10742207687509946,19.19219245229725,0.021533545862725597,29428.856030507774,5245.145436,4255.029216878539,113.2662686,113.2662686,113.15300122995632,301.2398497912754,113.1530012299515,113.15300122995151,0.11326740004368219,0.3015444062863821,0.00100001,0.00100001,GOOD,742.5153484316094,6376.27838
08S,Walnuts,Sacramento River,11625.853818425028,1941.7018487746973,1.7189362872815137,4.942462794,854.2534686026536,247.1231397,299.3270611283979,911.6708834858882,0.13,50,0.25594369,0.273146576,0.089681664,1025.2872140234897,1.3746585683164616,1025.2872140234897,0.17,11637.479772243276,916.5180618275596,2.1316400582534815e-09,22.00707556693921,-4.882352941,0.002028995,0.9965834129174467,0.000342977,0.001044616,0.5496947902594121,0.000661655,1221.248258261899,299.3270611283979,911.6708834858882,11625.853818425028,11625.853818425028,11635.15453042281,57506.318369055276,11635.154530422305,11635.154530422305,-9.300711998,-45.96842301,0.000800002,0.000800002,GOOD,1941.7018487746973,1025.287214
09,Alfalfa,Sacramento River,1206.453316,280.6469987369378,5.962401488126662,3.537610105,471.66622240670006,35.37610105,252.5143028603122,311.8836592959672,1.86,10,0.281872792,0.186385019,0.150905255,601.8897972944199,1.4873882561689458,601.8897972944199,0.17,1207.6597810319327,524.0373443891884,5.905717070084713e-09,22.007075565195134,-4.882352941,0.017898835309831704,0.9719555083817473,0.004539214,0.005606442,2.908994326,0.000445632,1305154.3387480103,252.5143028603122,311.8836592959672,1206.453316,1206.453316,1205.2468502720135,4263.693436541697,1205.2468502717193,1205.2468502717188,1.2064653679865387,4.268004077121077,0.00100001,0.00100001,GOOD,280.6469987369378,601.8897973
09,Almonds,Sacramento River,2524.0023466964944,4683.240485829528,0.7387210677403597,3.971676207,752.6390797453652,198.5838104,323.8653982273295,1042.3323135081037,0.4,50,0.217550367,0.301286212,0.093613311,1142.1878103460713,1.4217812475867206,1142.1878103460713,0.17,2526.526374308303,1054.7828319337668,5.905717070084713e-09,22.007075565195134,-4.882352941,0.007423534,0.9869651506331231,0.001330196,0.004281119,0.3090956295942708,0.00099049,149786.64175870817,323.8653982273295,1042.3323135081037,2524.0023466964944,2524.0023466964944,2521.4783191353736,10014.495446576315,2521.4783191350607,2521.478319,2.5240275611208745,10.024620210317153,0.00100001,0.00100001,GOOD,4683.240485829528,1142.18781
09,Beans Dry,Sacramento River,1253.085981,1370.7557480622177,1.280845402248742,2.293810917,149.5303492,114.6905459,124.74349656171437,884.8939850771033,1.68,50,0.085167237,0.504004546,0.071049516,481.86782085213576,1.3126421419712608,481.86782085213576,0.17,1254.3390799244203,431.3877506651437,5.905717070084713e-09,22.007075565195134,-4.882352941,0.052319771,0.8567483015709774,0.011234890473810384,0.079697037,0.87788586,0.000475018,674367.2035502724,124.74349656171437,884.8939850771033,1253.085981,1253.085981,1251.832882900323,2871.467933056344,1251.8328828998713,1251.832882899868,1.2530984996769803,2.8743710186349745,0.00100001,0.00100001,GOOD,1370.7557480622177,481.8678209
09,Corn,Sacramento River,3300.15879,229.08722102241552,6.113531917599918,2.826875063,123.44536013404992,141.3437532,122.52875673244314,782.4343077137593,0.3,50,0.088141761,0.558669339,0.087487293,230.77985990455204,1.1402757449281344,230.77985990455204,0.17,3303.4589822841017,168.56860677536278,5.905717070084713e-09,22.007075565195134,-4.882352941,0.008661328,0.9644968675699794,0.003634284,0.023207520375688066,3.186610681,0.001010052,10313.627520265996,122.52875673244314,782.4343077137593,3300.15879,3300.15879,3296.8585987010238,9319.807359,3296.858598699307,3296.858598699304,3.300191758976325,9.329229786568249,0.00100001,0.00100001,GOOD,229.08722102241552,230.7798599
09,Cotton,Sacramento River,891.4312215,1698.847365671268,0.768,2.633766816,193.80117697385796,131.6883408,102.06534107247572,580.9116495365624,0.68,50,0.148539114,0.445240339,0.078228087,296.24826845263783,1.2321534641151817,296.24826845263783,0.17,892.3226616,238.2867631075706,5.905717070084713e-09,22.007075565195134,-4.882352941,0.01915138,0.950577115,0.00452383,0.025747675,0.42837522966532987,0.001649693,60186.70149718762,102.06534107247572,580.9116495365624,891.4312215,891.4312215,890.5397813431942,2345.474124429601,890.5397813427975,890.5397813427937,0.891440127,2.3478454244318527,0.00100001,0.00100001,GOOD,1698.847365671268,296.2482685
09,Cucurbits,Sacramento River,370.1404134,202.62833470000004,12.01,1.97136542,111.99248627534328,96.81195394892592,1562.231794724549,546.6459552864201,0.05,50,0.046854775,0.228702604,0.653597591,73.83780651256517,0.9821817200073026,115.88410951176212,0.17,370.51055749622685,70.74380469213575,5.905717070084713e-09,22.007075565195134,-4.882352941,0.029503460903458453,0.6300103011620954,0.25222819414950576,0.088258044,9.918501266149008,0.054033549,6.970624327359341e-06,1562.231794724549,546.6459552864201,370.1404134,370.1404134,369.77026926896554,728.9523221809274,369.77026926859975,369.7702692686003,0.370144111,0.729689301,0.00100001,0.00100001,GOOD,202.62833470000004,115.8841095
09,Field and Grain,Sacramento River,1632.818358,209.66138474146223,3.033618669654281,2.845649619,120.41792024340968,71.14124048,72.10238441858326,309.7467197151693,0.74,25,0.189326621,0.486998112,0.113362702,62.62442620510684,1.0563946444174763,62.62442620510684,0.17,1550.4666869342807,1.4764292675211782e-09,5.905717070084713e-09,22.007075565195134,-4.882352941,0.005334577,0.9777493086541535,0.003194173,0.013721941360207575,1.4603879028584505,0.000827619,37668.32262,72.10238441858326,309.7467197151693,1632.818358,1632.818358,1631.185523150394,4641.782462471234,1631.1855231507557,1631.185523150751,1.6328346696061544,4.6464753554546405,0.00100001,0.00100001,GOOD,209.66138474146223,62.62442621
09,Orchards,Sacramento River,1798.075619,2309.3340940204384,2.070881679913447,3.327741402,681.4685360114679,166.3870701,1653.2903473698298,1740.896726707907,0.13,50,0.142496355,0.364024786,0.345706127,540.3149879172385,1.0736870639817369,540.3149879172385,0.17,1799.8737123064338,467.0811314176539,5.905717070084713e-09,22.007075565195134,-4.882352941,0.012842982340624845,0.9492035134365172,0.018486948659882294,0.019466555562975718,1.136730622234811,0.004278078,122.51077889532893,1653.2903473698298,1740.896726707907,1798.075619,1798.075619,1796.2775251080338,5977.547089784099,1796.2775251076912,1796.2775251076912,1.7980935813161523,5.983590455216472,0.00100001,0.00100001,GOOD,2309.3340940204384,540.3149879
09,Pasture,Sacramento River,1528.570993,231.3889921571432,4.999999999999999,3.965593094,219.0404801085371,39.65593094,131.15440681995278,563.4300115905577,0.51,10,0.189326621,0.486998112,0.113362702,203.6641313266683,1.1558528290458805,203.6641313266683,0.17,1530.0995794828125,116.39302444186787,5.905717070084713e-09,22.007075565195134,-4.882352941,0.003138306,0.9903631839188163,0.001227077,0.005271434,1.9786889931801983,0.001282756,36804.79660840768,131.15440681995278,563.4300115905577,1528.570993,1528.570993,1527.0424069266144,6055.628823153319,1527.0424069257322,1527.0424069257294,1.528586263385705,6.061751129665936,0.00100001,0.00100001,GOOD,231.3889921571432,203.6641313
09,Rice,Sacramento River,17718.82902,774.5349774121528,3.9116254159600112,4.534377778,378.0637021256366,226.71888889999997,216.55052111602456,1737.9885645152126,0.2,50,0.124786237,0.573652143,0.071476115,470.3690265385166,1.1274158085114319,470.3690265385166,0.17,17736.547950881428,370.5806321325071,5.905717070084713e-09,22.007075565195134,-4.882352941,0.001421662,0.9948667027560748,0.000411226,0.003300409,1.3600207282959762,0.000282186,17875.90943702776,216.55052111602456,1737.9885645152126,17718.82902,17718.82902,17723.036339693033,80362.94213739054,17723.03633968888,17723.03633968888,-4.207317833,-19.07756849,0.000237449,0.000237449,GOOD,774.5349774121528,470.3690265
09,Safflower,Sacramento River,695.0868856,566.2726740179453,1.0344460085918803,2.357007476,114.57375794026017,23.57007476,66.16231051897915,248.51209391178716,0.74,10,0.195592287,0.424242424,0.112947658,132.9602703,1.2320269967669062,132.9602703,0.17,695.7819794314393,81.08942864522488,5.905717070084713e-09,22.007075565195134,-4.882352941,0.035758851,0.9067321451527687,0.012091637,0.045417367,0.6545650488419734,0.001944147,26055.26541705923,66.16231051897915,248.51209391178716,695.0868856,695.0868856,694.3917917605455,1636.686644452641,694.3917917598137,694.3917917598085,0.6950938294544358,1.6383413525456945,0.00100001,0.00100001,GOOD,566.2726740179453,132.9602703
09,Subtropical,Sacramento River,168.4267627475483,1426.1226571367167,2.926176067700632,2.972946835,843.5231850739846,148.6473418,1803.596751636908,668.3511361167175,0.13,50,0.202134149,0.160157528,0.432197361,708.9675743,1.1472955404092273,708.9675743,0.17,168.59519119599946,643.5417086888482,5.905717070084713e-09,22.007075565195134,-4.882352941,0.03117929,0.916991378,0.037816013,0.014013318361005264,1.776643758390836,0.045671528,14.857905466758458,1803.596751636908,668.3511361167175,168.4267627475483,168.4267627475483,168.25833430233095,500.22308242648677,168.25833430229102,168.25833430229144,0.16842844521735856,0.5007288131329233,0.00100001,0.00100001,GOOD,1426.1226571367167,708.9675743
09,Sunflowers,Sacramento River,1919.232529,3637.0574901200007,0.601701512,2.873453662,453.0267168133007,143.6726831,387.8950796863669,849.6060147832587,0.74,50,0.207010582,0.388227513,0.177248677,354.2224955746626,1.1363056425788198,354.2224955746626,0.17,1921.1517802995284,290.98618369759424,5.905717070084713e-09,22.007075565195134,-4.882352941,0.019693051677757277,0.9475519073978936,0.010267077149475995,0.022487964,0.33573124826123635,0.00070411,273561.73304477456,387.8950796863669,849.6060147832587,1919.232529,1919.232529,1917.3132768583791,5509.310856589929,1917.3132768578478,1917.313276857847,1.9192517016208512,5.514880830322909,0.00100001,0.00100001,GOOD,3637.0574901200007,354.2224956
09,Tomatoes,Sacramento River,1545.32749,98.36808723,45.12697658913721,2.666779844,378.0837202857285,133.3389922,916.1768531,2411.9869769892075,0.74,50,0.085172131,0.543356034,0.206390095,599.4678270921155,1.1010744988770471,599.4678270921155,0.17,1546.8728326781525,540.7798015451407,5.905717070084713e-09,22.007075565195134,-4.882352941,0.033628233,0.8445688388446866,0.033529906990383426,0.088273021,31.101496867249963,0.000874476,272031.26792052307,916.1768531,2411.9869769892075,1545.32749,1545.32749,1543.7821467925226,4116.927112593348,1543.7821467921508,1543.7821467921503,1.5453429274773498,4.121089371064954,0.00100001,0.00100001,GOOD,98.36808723,599.4678271
09,Truck,Sacramento River,59.63173378,742.5153484316094,22.835,2.662234731,945.7732119,133.1117366,5245.145436,4255.029216878539,0.41,50,0.055780263,0.25095514,0.309350686,6376.278380229864,1.5264060836617286,6376.278380229864,0.17,59.69136611066836,6317.690379330705,5.905717070084713e-09,22.007075565195134,-4.882352941,0.18337273483071176,0.5767867282710658,0.13241846002164073,0.10742207687658159,19.19219245,0.040901450211765125,15493.524501937425,5245.145436,4255.029216878539,59.63173378,59.63173378,59.57210145060994,158.59491748046926,59.572101450604514,59.572101450604535,0.059632329,0.15875525839263105,0.00100001,0.00100001,GOOD,742.5153484316094,6376.27838
09,Walnuts,Sacramento River,20323.14551077661,1941.7018487746973,1.7189362872815137,4.942462794,854.2534686026536,247.1231397,299.3270611283979,911.6708834858882,0.13,50,0.25594369,0.273146576,0.089681664,1025.2872140234897,1.3746585683164616,1025.2872140234897,0.17,20343.46875628721,916.5180618333434,5.905717070084713e-09,22.007075565195134,-4.882352941,0.002028995,0.9965834129173532,0.000342977,0.001044616,0.5496947902621602,0.0003785,2134.8630771690264,299.3270611283979,911.6708834858882,20323.14551077661,20323.14551077661,20337.830924116624,100518.97265310906,20337.83092411422,20337.830924114216,-14.68541334,-72.58210905,0.000722595,0.000722595,GOOD,1941.7018487746973,1025.287214
10,Almonds,Sacramento River,21661.885253018587,4683.240485829528,0.7387210677403597,3.971676207,752.6390797453652,198.5838104,323.8653982273295,1042.3323135081037,0.4,50,0.217550367,0.301286212,0.093613311,1142.1878103460713,1.4217812475867206,1142.1878103460713,0.17,21683.54723827145,1054.7828319370446,9.08535509905742e-09,22.007075563755382,-4.882352941,0.007423534,0.9869651506328395,0.001330196,0.004281119,0.30909562959553194,0.00011541,1285522.198687633,323.8653982273295,1042.3323135081037,21661.885253018587,21661.885253018587,21653.266805343108,85999.76457460411,21653.266805339103,21653.266805339103,8.618447675,34.22968357398349,0.000397862,0.000397862,GOOD,4683.240485829528,1142.18781
10,Beans Dry,Sacramento River,226.1919423,1370.7557480622177,1.280845402248742,2.293810917,149.5303492,114.6905459,124.74349656171437,884.8939850771033,1.68,50,0.085167237,0.504004546,0.071049516,481.86782085213576,1.3126421419712608,481.86782085213576,0.17,226.41813651612094,431.3877506666398,9.08535509905742e-09,22.007075563755382,-4.882352941,0.052319771,0.8567483015681625,0.011234890473998109,0.079697037,0.8778858595498461,0.002631562,121728.62027486096,124.74349656171437,884.8939850771033,226.1919423,226.1919423,225.9657481080978,518.3226998784269,225.96574810794954,225.96574810794635,0.22619420190218875,0.5188467296853787,0.00100001,0.00100001,GOOD,1370.7557480622177,481.8678209
10,Field and Grain,Sacramento River,1425.810658,209.66138474146223,3.033618669654281,2.845649619,120.41792024340968,71.14124048,72.10238441858326,309.7467197151693,0.74,25,0.189326621,0.486998112,0.113362702,62.62442620510684,1.0563946444174763,62.62442620510684,0.17,1370.8442639473253,2.271338774764355e-09,9.08535509905742e-09,22.007075563755382,-4.882352941,0.005334577,0.9777493086533149,0.003194173,0.013721941360616077,1.4603879028672975,0.000947778,32892.756027655094,72.10238441858326,309.7467197151693,1425.810658,1425.810658,1424.3848335378063,4053.3001588662373,1424.384834,1424.384833538235,1.4258249021936535,4.057398089687922,0.00100001,0.00100001,GOOD,209.66138474146223,62.62442621
10,Orchards,Sacramento River,661.5409062335615,2309.3340940204384,2.070881679913447,3.327741402,681.4685360114679,166.3870701,1653.2903473698298,1740.896726707907,0.13,50,0.142496355,0.364024786,0.345706127,540.3149879172385,1.0736870639817369,540.3149879172385,0.17,662.2024537614774,467.0811314202129,9.08535509905742e-09,22.007075563755382,-4.882352941,0.012842982340931937,0.9492035134354923,0.018486948660231973,0.019466555563343924,1.1367306222392608,0.011627864006329293,45.073683693598966,1653.2903473698298,1740.896726707907,661.5409062335615,661.5409062335615,660.8793587188842,2199.2356037360405,660.8793587186819,660.8793587186819,0.6615475146772951,2.2014590539820347,0.00100001,0.00100001,GOOD,2309.3340940204384,540.3149879
10,Pasture,Sacramento River,494.315358,231.3889921571432,4.999999999999999,3.965593094,219.0404801085371,39.65593094,131.15440681995278,563.4300115905577,0.51,10,0.189326621,0.486998112,0.113362702,203.6641313266683,1.1558528290458805,203.6641313266683,0.17,494.8096782546739,116.39302444541109,9.08535509905742e-09,22.007075563755382,-4.882352941,0.003138306,0.9903631839183249,0.001227077,0.005271434,1.978688993198582,0.003966667,11902.081284420115,131.15440681995278,563.4300115905577,494.315358,494.315358,493.8210376558136,1958.2932965998084,493.82103765534833,493.82103765534566,0.49432029418642287,1.9602731448496797,0.00100001,0.00100001,GOOD,231.3889921571432,203.6641313
10,Pistachios,Sacramento River,345.9980708219288,4908.224613268352,1.2498253980439933,3.663925668,1599.315875,183.1962834,319.3169032470521,1583.0678593976154,0.4,50,0.260711671,0.258063009,0.052053284,2449.526860364615,1.585474027824466,2449.526860364615,0.17,346.34407235612395,2368.8945713226017,9.08535509905742e-09,22.007075563755382,-4.882352941,0.025536487804514802,0.962221161,0.002054889,0.010187461989849501,0.6446927249325851,0.007225474,45080.856623248816,319.3169032470521,1583.0678593976154,345.9980708219288,345.9980708219288,345.6988672552449,1266.6149531350168,345.69886725520865,345.6988672552075,0.29920356668390014,1.096259627930067,0.000864755,0.000864755,GOOD,4908.224613268352,2449.52686
10,Rice,Sacramento River,5897.2811,774.5349774121528,3.9116254159600112,4.534377778,378.0637021256366,226.71888889999997,216.55052111602456,1737.9885645152126,0.2,50,0.124786237,0.573652143,0.071476115,470.3690265385166,1.1274158085114319,470.3690265385166,0.17,5903.178440621843,370.58063213666884,9.08535509905742e-09,22.007075563755382,-4.882352941,0.001421662,0.9948667027559589,0.000411226,0.003300409,1.3600207283015886,0.000847848,5949.561494587664,216.55052111602456,1737.9885645152126,5897.2811,5897.2811,5903.178440621908,26767.241140724665,5903.178440619768,5903.178440619766,-5.897340132,-26.74076804,0.00100001,0.00100001,GOOD,774.5349774121528,470.3690265
10,Safflower,Sacramento River,75.22159057,566.2726740179453,1.0344460085918803,2.357007476,114.57375794026017,23.57007476,66.16231051897915,248.51209391178716,0.74,10,0.195592287,0.424242424,0.112947658,132.9602703,1.2320269967669062,132.9602703,0.17,75.29681291156763,81.08942864812605,9.08535509905742e-09,22.007075563755382,-4.882352941,0.035758850628057046,0.9067321451479567,0.012091636757008003,0.045417367,0.6545650488479079,0.01796494,2819.674127156293,66.16231051897915,248.51209391178716,75.22159057,75.22159057,75.14636822803395,177.1205517077249,75.14636822783741,75.14636822783227,0.075222342,0.17729962237621066,0.00100001,0.00100001,GOOD,566.2726740179453,132.9602703
10,Subtropical,Sacramento River,894.7495251721962,1426.1226571367167,2.926176067700632,2.972946835,843.5231850739846,148.6473418,1803.596751636908,668.3511361167175,0.13,50,0.202134149,0.160157528,0.432197361,708.9675743,1.1472955404092273,708.9675743,0.17,895.6442836535628,643.5417086899744,9.08535509905742e-09,22.007075563755382,-4.882352941,0.031179289828658537,0.9169913784748235,0.037816013335257165,0.014013318361260936,1.7766437583974777,0.008597163,78.93106561319976,1803.596751636908,668.3511361167175,894.7495251721962,894.7495251721962,893.8547667086787,2657.3826996362295,893.8547667084608,893.8547667084613,0.894758464,2.660069342204224,0.00100001,0.00100001,GOOD,1426.1226571367167,708.9675743
10,Sunflowers,Sacramento River,68.88652002,3637.0574901200007,0.601701512,2.873453662,453.0267168133007,143.6726831,387.8950796863669,849.6060147832587,0.74,50,0.207010582,0.388227513,0.177248677,354.2224955746626,1.1363056425788198,354.2224955746626,0.17,68.95540722902494,290.9861837015806,9.08535509905742e-09,22.007075563755382,-4.882352941,0.019693052,0.9475519073967201,0.010267077149668567,0.022487963775294956,0.3357312482626213,0.019617065,9818.880995,387.8950796863669,849.6060147832587,68.88652002,68.88652002,68.81763281190412,197.74427901353724,68.81763281184985,68.81763281184921,0.068887208,0.1979442003681129,0.00100001,0.00100001,GOOD,3637.0574901200007,354.2224956
10,Truck,Sacramento River,94.11342529,742.5153484316094,22.835,2.662234731,945.7732119,133.1117366,5245.145436,4255.029216878539,0.41,50,0.055780263,0.25095514,0.309350686,6376.278380229864,1.5264060836617286,6376.278380229864,0.17,94.20753965734008,6317.690379331173,9.08535509905742e-09,22.007075563755382,-4.882352941,0.18337273483290176,0.576786728,0.1324184600231557,0.10742207687781058,19.192192452396927,0.025915797,24452.561887124215,5245.145436,4255.029216878539,94.11342529,94.11342529,94.01931092471128,250.30147492845407,94.01931092470299,94.01931092470302,0.094114365,0.250554532,0.00100001,0.00100001,GOOD,742.5153484316094,6376.27838
10,Walnuts,Sacramento River,6961.2107207612535,1941.7018487746973,1.7189362872815137,4.942462794,854.2534686026536,247.1231397,299.3270611283979,911.6708834858882,0.13,50,0.25594369,0.273146576,0.089681664,1025.2872140234897,1.3746585683164616,1025.2872140234897,0.17,6968.172001163559,916.5180618380895,9.08535509905742e-09,22.007075563755382,-4.882352941,0.002028995,0.996583413,0.000342977,0.001044616,0.5496947902644299,0.001105024,731.2466336623861,299.3270611283979,911.6708834858882,6961.2107207612535,6961.2107207612535,6968.172001163309,34439.93085794218,6968.172001162031,6968.172001,-6.961280402,-34.40586939,0.00100001,0.00100001,GOOD,1941.7018487746973,1025.287214
11,Alfalfa,Sacramento River,541.5050006,280.6469987369378,5.962401488126662,3.537610105,471.66622240670006,35.37610105,252.5143028603122,311.8836592959672,1.86,10,0.281872792,0.186385019,0.150905255,601.8897972944199,1.4873882561689458,601.8897972944199,0.17,542.0465109907301,524.0373443856754,1.8256872396110208e-09,22.00707556709914,-4.882352941,0.017898835,0.9719555083835014,0.004539214,0.005606442,2.908994325980347,0.000992852,585806.0082252499,252.5143028603122,311.8836592959672,541.5050006,541.5050006,540.9634901599131,1913.717909225777,540.9634901598537,540.9634901598533,0.5415104100868575,1.9156526986857898,0.00100001,0.00100001,GOOD,280.6469987369378,601.8897973
11,Almonds,Sacramento River,2654.7793483188143,4683.240485829528,0.7387210677403597,3.971676207,752.6390797453652,198.5838104,323.8653982273295,1042.3323135081037,0.4,50,0.217550367,0.301286212,0.093613311,1142.1878103460713,1.4217812475867206,1142.1878103460713,0.17,2657.4341542413226,1054.7828319292616,1.8256872396110208e-09,22.00707556709914,-4.882352941,0.007423534,0.9869651506334981,0.001330196,0.004281119,0.30909562959260206,0.000941698,157547.58854107858,323.8653982273295,1042.3323135081037,2654.7793483188143,2654.7793483188143,2652.124542449576,10533.379943247743,2652.1245424494673,2652.1245424494664,2.6548058692383165,10.544029305057848,0.00100001,0.00100001,GOOD,4683.240485829528,1142.18781
11,Corn,Sacramento River,148.63445776999998,229.08722102241552,6.113531917599918,2.826875063,123.44536013404992,141.3437532,122.52875673244314,782.4343077137593,0.3,50,0.088141761,0.558669339,0.087487293,230.77985990455204,1.1402757449281344,230.77985990455204,0.17,148.7830937,168.56860677406598,1.8256872396110208e-09,22.00707556709914,-4.882352941,0.008661328,0.9644968675710387,0.003634284,0.02320752,3.186610681175712,0.022426383379360135,464.51111338676003,122.52875673244314,782.4343077137593,148.63445776999998,148.63445776999998,148.48582182744056,419.75086693305286,148.48582182736834,148.48582182736516,0.14863594255942303,0.4201752394866958,0.00100001,0.00100001,GOOD,229.08722102241552,230.7798599
11,Field and Grain,Sacramento River,1052.248054,209.66138474146223,3.033618669654281,2.845649619,120.41792024340968,71.14124048,72.10238441858326,309.7467197151693,0.74,25,0.189326621,0.486998112,0.113362702,62.62442620510684,1.0563946444174763,62.62442620510684,0.17,810.6192162,4.564218099027552e-10,1.8256872396110208e-09,22.00707556709914,-4.882352941,0.005334577,0.9777493086552557,0.003194173,0.013721941,1.4603879028468214,0.001284252,24274.84905641381,72.10238441858326,309.7467197151693,1052.248054,1052.248054,1051.195795,2991.3349144587687,1051.1957953242331,1051.1957953242284,1.0522585657799937,2.9943591868009207,0.00100001,0.00100001,GOOD,209.66138474146223,62.62442621
11,Orchards,Sacramento River,12186.846878578286,2309.3340940204384,2.070881679913447,3.327741402,681.4685360114679,166.3870701,1653.2903473698298,1740.896726707907,0.13,50,0.142496355,0.364024786,0.345706127,540.3149879172385,1.0736870639817369,540.3149879172385,0.17,12199.033825456521,467.0811314143022,1.8256872396110208e-09,22.00707556709914,-4.882352941,0.012842982340220471,0.9492035134378711,0.018486948659419838,0.019466555562488753,1.1367306222289335,0.000631198,830.3433336450368,1653.2903473698298,1740.896726707907,12186.846878578286,12186.846878578286,12174.65993169985,40514.11990998809,12174.659931699152,12174.659931699152,12.186946878435265,40.555007691342325,0.001000008,0.001000008,GOOD,2309.3340940204384,540.3149879
11,Pasture,Sacramento River,2384.689024,231.3889921571432,4.999999999999999,3.965593094,219.0404801085371,39.65593094,131.15440681995278,563.4300115905577,0.51,10,0.189326621,0.486998112,0.113362702,203.6641313266683,1.1558528290458805,203.6641313266683,0.17,2387.073736883354,116.39302443733992,1.8256872396110208e-09,22.00707556709914,-4.882352941,0.003138306,0.9903631839194639,0.001227077,0.005271434,1.9786889931559837,0.000822239,57418.33051398217,131.15440681995278,563.4300115905577,2384.689024,2384.689024,2382.304311143181,9447.249524075827,2382.3043111427296,2382.304311142727,2.3847128468187293,9.456800797,0.00100001,0.00100001,GOOD,231.3889921571432,203.6641313
11,Rice,Sacramento River,113476.1874,774.5349774121528,3.9116254159600112,4.534377778,378.0637021256366,226.71888889999997,216.55052111602456,1737.9885645152126,0.2,50,0.124786237,0.573652143,0.071476115,470.3690265385166,1.1274158085114319,470.3690265385166,0.17,113589.66371107321,370.58063212692605,1.8256872396110208e-09,22.00707556709914,-4.882352941,0.001421662,0.9948667027562281,0.000411226,0.003300409,1.3600207282885595,4.4062107773616745e-05,114482.17301079295,216.55052111602456,1737.9885645152126,113476.1874,113476.1874,113481.92564219961,514569.92183663824,113481.92564219139,113481.92564219139,-5.73821855,-26.01925068,5.056760083229549e-05,5.056760083232994e-05,GOOD,774.5349774121528,470.3690265
11,Subtropical,Sacramento River,1075.026849779309,1426.1226571367167,2.926176067700632,2.972946835,843.5231850739846,148.6473418,1803.596751636908,668.3511361167175,0.13,50,0.202134149,0.160157528,0.432197361,708.9675743,1.1472955404092273,708.9675743,0.17,1076.1018873898586,643.5417086854484,1.8256872396110208e-09,22.00707556709914,-4.882352941,0.03117929,0.9169913784785847,0.037816013333656265,0.014013318,1.7766437583819117,0.007155456,94.83437815,1803.596751636908,668.3511361167175,1075.026849779309,1075.026849779309,1073.9518121901215,3192.801640993136,1073.9518121900576,1073.9518121900578,1.0750375891875592,3.1960295982812568,0.00100001,0.00100001,GOOD,1426.1226571367167,708.9675743
11,Tomatoes,Sacramento River,64.22923791,98.36808723,45.12697658913721,2.666779844,378.0837202857285,133.3389922,916.1768531,2411.9869769892075,0.74,50,0.085172131,0.543356034,0.206390095,599.4678270921155,1.1010744988770471,599.4678270921155,0.17,64.29346779054919,540.7798015,1.8256872396110208e-09,22.00707556709914,-4.882352941,0.033628233,0.8445688388482725,0.033529906989639195,0.088273021,31.10149686711053,0.021039504676124397,11306.574912091291,916.1768531,2411.9869769892075,64.22923791,64.22923791,64.16500803050309,171.1139501058438,64.16500803047556,64.16500803047525,0.064229879,0.17128694802488553,0.00100001,0.00100001,GOOD,98.36808723,599.4678271
11,Truck,Sacramento River,101.3249427,742.5153484316094,22.835,2.662234731,945.7732119,133.1117366,5245.145436,4255.029216878539,0.41,50,0.055780263,0.25095514,0.309350686,6376.278380229864,1.5264060836617286,6376.278380229864,0.17,101.42626867695736,6317.690379327595,1.8256872396110208e-09,22.00707556709914,-4.882352941,0.1833727348277668,0.5767867282776252,0.13241846001964516,0.10742207687496273,19.19219245229227,0.024071313,26326.259244462537,5245.145436,4255.029216878539,101.3249427,101.3249427,101.22361676515136,269.4810281496199,101.22361676514687,101.22361676514689,0.10132595484863316,0.2697534761497309,0.00100001,0.00100001,GOOD,742.5153484316094,6376.27838
11,Walnuts,Sacramento River,21551.507353091587,1941.7018487746973,1.7189362872815137,4.942462794,854.2534686026536,247.1231397,299.3270611283979,911.6708834858882,0.13,50,0.25594369,0.273146576,0.089681664,1025.2872140234897,1.3746585683164616,1025.2872140234897,0.17,21573.05896,916.5180618269924,1.8256872396110208e-09,22.00707556709914,-4.882352941,0.002028995,0.9965834129174551,0.000342977,0.001044616,0.5496947902591602,0.000356927,2263.8974503671143,299.3270611283979,911.6708834858882,21551.507353091587,21551.507353091587,21565.978698478426,106589.04733342616,21565.978698477633,21565.978698477633,-14.47134539,-71.52408615,0.000671477,0.000671477,GOOD,1941.7018487746973,1025.287214
12,Almonds,Sacramento River,952.7583551690504,4683.240485829528,0.7387210677403597,3.971676207,752.6390797453652,198.5838104,323.8653982273295,1042.3323135081037,0.4,50,0.217550367,0.301286212,0.093613311,1142.1878103460713,1.4217812475867206,1142.1878103460713,0.17,953.7111230613034,1054.7828319333232,5.43610065932021e-09,22.00707556538755,-4.882352941,0.007423534,0.9869651506331611,0.001330196,0.004281119,0.3090956295941013,0.00262396,56541.33983,323.8653982273295,1042.3323135081037,952.7583551690504,952.7583551690504,951.8055872963256,3780.263604754478,951.8055873,951.8055872962191,0.9527678727248485,3.784085490894995,0.00100001,0.00100001,GOOD,4683.240485829528,1142.18781
12,Field and Grain,Sacramento River,1089.881477,209.66138474146223,3.033618669654281,2.845649619,120.41792024340968,71.14124048,72.10238441858326,309.7467197151693,0.74,25,0.189326621,0.486998112,0.113362702,62.62442620510684,1.0563946444174763,62.62442620510684,0.17,1074.598004243179,1.3590251648300525e-09,5.43610065932021e-09,22.00707556538755,-4.882352941,0.005334577,0.977749309,0.003194173,0.013721941360153003,1.4603879028572426,0.001239907,25143.033749324422,72.10238441858326,309.7467197151693,1089.881477,1089.881477,1088.7915841356573,3098.319357,1088.791584135931,1088.791584135926,1.0898923643426315,3.1014517913422424,0.00100001,0.00100001,GOOD,209.66138474146223,62.62442621
12,Orchards,Sacramento River,1087.9877586188577,2309.3340940204384,2.070881679913447,3.327741402,681.4685360114679,166.3870701,1653.2903473698298,1740.896726707907,0.13,50,0.142496355,0.364024786,0.345706127,540.3149879172385,1.0736870639817369,540.3149879172385,0.17,1089.0757572681725,467.0811314173047,5.43610065932021e-09,22.00707556538755,-4.882352941,0.012842982340583231,0.9492035134366549,0.018486948659835575,0.019466556,1.1367306222342137,0.007070215,74.12937829283092,1653.2903473698298,1740.896726707907,1087.9877586188577,1087.9877586188577,1086.8997599914094,3616.9213311472763,1086.899759991226,1086.899759991226,1.0879986274483144,3.6205780778786902,0.00100001,0.00100001,GOOD,2309.3340940204384,540.3149879
12,Pasture,Sacramento River,1084.788474,231.3889921571432,4.999999999999999,3.965593094,219.0404801085371,39.65593094,131.15440681995278,563.4300115905577,0.51,10,0.189326621,0.486998112,0.113362702,203.6641313266683,1.1558528290458805,203.6641313266683,0.17,1085.8732729821365,116.39302444138028,5.43610065932021e-09,22.00707556538755,-4.882352941,0.003138306,0.9903631839188826,0.001227077,0.005271434,1.978688993177721,0.001807527,26119.440519052507,131.15440681995278,563.4300115905577,1084.788474,1084.788474,1083.7036743395918,4297.527806903509,1083.7036743390452,1083.7036743390427,1.0847993104082434,4.301872653731152,0.00100001,0.00100001,GOOD,231.3889921571432,203.6641313
12,Rice,Sacramento River,1435.216618,774.5349774121528,3.9116254159600112,4.534377778,378.0637021256366,226.71888889999997,216.55052111602456,1737.9885645152126,0.2,50,0.124786237,0.573652143,0.071476115,470.3690265385166,1.1274158085114319,470.3690265385166,0.17,1436.6518492847408,370.58063213199904,5.43610065932021e-09,22.00707556538755,-4.882352941,0.001421662,0.9948667027560905,0.000411226,0.003300409,1.3600207282952268,0.003483795,1447.9400562858104,216.55052111602456,1737.9885645152126,1435.216618,1435.216618,1436.3117366930203,6512.780021141418,1436.311737,1436.3117366927083,-1.095118393,-4.965680506,0.000763034,0.000763034,GOOD,774.5349774121528,470.3690265
12,Subtropical,Sacramento River,861.8556288057799,1426.1226571367167,2.926176067700632,2.972946835,843.5231850739846,148.6473418,1803.596751636908,668.3511361167175,0.13,50,0.202134149,0.160157528,0.432197361,708.9675743,1.1472955404092273,708.9675743,0.17,862.7174930617159,643.5417086877151,5.43610065932021e-09,22.00707556538755,-4.882352941,0.031179289827890467,0.9169913784766622,0.037816013,0.014013318360971413,1.7766437583898669,0.008925286,76.02930347817647,1803.596751636908,668.3511361167175,861.8556288057799,861.8556288057799,860.9937645671611,2559.6886873246767,860.9937645670423,860.9937645670427,0.861864239,2.562276560401642,0.00100001,0.00100001,GOOD,1426.1226571367167,708.9675743
12,Walnuts,Sacramento River,4595.803352052036,1941.7018487746973,1.7189362872815137,4.942462794,854.2534686026536,247.1231397,299.3270611283979,911.6708834858882,0.13,50,0.25594369,0.273146576,0.089681664,1025.2872140234897,1.3746585683164616,1025.2872140234897,0.17,4600.399201408049,916.5180618,5.43610065932021e-09,22.00707556538755,-4.882352941,0.002028995,0.9965834129173635,0.000342977,0.001044616,0.5496947902618565,0.001673768,482.77029168637245,299.3270611283979,911.6708834858882,4595.803352052036,4595.803352052036,4599.785656,22734.26946551336,4599.785656072031,4599.785656,-3.98230402,-19.68238946,0.000866509,0.000866509,GOOD,1941.7018487746973,1025.287214
13,Alfalfa,Sacramento River,76.29571922,280.6469987369378,5.962401488126662,3.537610105,471.66622240670006,35.37610105,252.5143028603122,311.8836592959672,1.86,10,0.281872792,0.186385019,0.150905255,601.8897972944199,1.4873882561689458,601.8897972944199,0.17,76.37201570290622,524.0373444101751,4.127820426499026e-08,22.007075551792212,-4.882352941,0.017898835,0.9719555083693483,0.004539214,0.005606442,2.9089943262601023,0.007046718,82537.54014274292,252.5143028603122,311.8836592959672,76.29571922,76.29571922,76.37201570266407,270.1744144889631,76.37201570254278,76.37201570254248,-0.076296483,-0.269907208,0.00100001,0.00100001,GOOD,280.6469987369378,601.8897973
13,Field and Grain,Sacramento River,402.4416956,209.66138474146223,3.033618669654281,2.845649619,120.41792024340968,71.14124048,72.10238441858326,309.7467197151693,0.74,25,0.189326621,0.486998112,0.113362702,62.62442620510684,1.0563946444174763,62.62442620510684,0.17,398.99156826647436,1.0319551066247565e-08,4.127820426499026e-08,22.007075551792212,-4.882352941,0.005334577,0.9777493086460352,0.003194173,0.013721941364006108,1.4603879029441098,0.003357881,9284.133508589654,72.10238441858326,309.7467197151693,402.4416956,402.4416956,402.0392499,1144.0628383704943,402.0392499228913,402.0392499228864,0.4024457155719574,1.1452194971855079,0.00100001,0.00100001,GOOD,209.66138474146223,62.62442621
13,Orchards,Sacramento River,129.88781641438538,2309.3340940204384,2.070881679913447,3.327741402,681.4685360114679,166.3870701,1653.2903473698298,1740.896726707907,0.13,50,0.142496355,0.364024786,0.345706127,540.3149879172385,1.0736870639817369,540.3149879172385,0.17,130.01770553093877,467.0811314357753,4.127820426499026e-08,22.007075551792212,-4.882352941,0.012842982343484403,0.9492035134269747,0.018486948663137482,0.019466555566403393,1.1367306222762397,0.059222703904472984,8.849826666238846,1653.2903473698298,1740.896726707907,129.88781641438538,129.88781641438538,129.9612407,432.4774015,129.96124074623236,129.96124074623236,-0.073424332,-0.24433719,0.00056529,0.00056529,GOOD,2309.3340940204384,540.3149879
13,Pasture,Sacramento River,757.077496,231.3889921571432,4.999999999999999,3.965593094,219.0404801085371,39.65593094,131.15440681995278,563.4300115905577,0.51,10,0.189326621,0.486998112,0.113362702,203.6641313266683,1.1558528290458805,203.6641313266683,0.17,757.8345810942129,116.3930244684095,4.127820426499026e-08,22.007075551792212,-4.882352941,0.003138306,0.9903631839142463,0.001227077,0.005271434,1.9786889933511052,0.002589939,18228.84471,131.15440681995278,563.4300115905577,757.077496,757.077496,757.8345810942293,3005.2635811816585,757.8345811,757.8345810913498,-0.757085074,-3.002291342,0.00100001,0.00100001,GOOD,231.3889921571432,203.6641313
13,Subtropical,Sacramento River,2056.362541,1426.1226571367167,2.926176067700632,2.972946835,843.5231850739846,148.6473418,1803.596751636908,668.3511361167175,0.13,50,0.202134149,0.160157528,0.432197361,708.9675743,1.1472955404092273,708.9675743,0.17,2058.418924150076,643.5417087012273,4.127820426499026e-08,22.007075551792212,-4.882352941,0.031179289834291184,0.9169913784613419,0.037816013,0.014013318363383083,1.7766437584532715,0.003740735,181.40371364841255,1803.596751636908,668.3511361167175,2056.362541,2056.362541,2055.8582150721722,6111.957173707564,2055.8582150700513,2055.8582150700513,0.5043259527178634,1.4993342449406555,0.000245251,0.000245251,GOOD,1426.1226571367167,708.9675743
14,Grapes,Sacramento River,134.6776453322743,1768.0889120560998,10.326529587090809,2.661751325,5707.511085000792,133.0875663,6066.297444181566,4560.422483661467,0.13,50,0.312599493,0.249773629,0.332250166,1790.9038838606887,1.0559571805532408,1790.9038838606887,0.17,134.81232432570263,1654.202195468287,1.0640920533953047e-07,51.35779853999968,-4.882352941,0.14690116938859327,0.6410452603801068,0.12105146647868945,0.091002104,8.397347657862795,0.05711644,58.81539010787938,6066.297444181566,4560.422483661467,134.6776453322743,134.6776453322743,134.54296634157936,358.11991892912926,134.54296634149884,134.54296634149887,0.13467899069493683,0.3584819819319023,0.00100001,0.00100001,GOOD,1768.0889120560998,1790.903884
14,Pasture,Sacramento River,2265.070293,231.3889921571432,4.999999999999999,3.965593094,219.0404801085371,39.65593094,131.15440681995278,563.4300115905577,0.51,10,0.189326621,0.486998112,0.113362702,203.6641313266683,1.1558528290458805,203.6641313266683,0.17,2260.936094316656,2.6602301334882617e-08,1.0640920533953047e-07,51.35779853999968,-4.882352941,0.001074593,0.995517839,0.000643432,0.002764137,1.733614449,0.000865662,35613.80983693745,131.15440681995278,563.4300115905577,2265.070293,2265.070293,2262.8052000091125,8973.364674223425,2262.805199992804,2262.805199992801,2.2650929208875823,8.982436844340555,0.00100001,0.00100001,GOOD,231.3889921571432,203.6641313
14,Rice,Sacramento River,2911.011509,774.5349774121528,3.9116254159600112,4.534377778,378.0637021256366,226.71888889999997,216.55052111602456,1737.9885645152126,0.2,50,0.124786237,0.573652143,0.071476115,470.3690265385166,1.1274158085114319,470.3690265385166,0.17,2913.922549758146,237.49336603194925,1.0640920533953047e-07,51.35779853999968,-4.882352941,0.000831824,0.996526939,0.000292632,0.002348605,1.2684748821000746,0.001717616,2414.736969088119,216.55052111602456,1737.9885645152126,2911.011509,2911.011509,2913.210374606102,13209.596385252964,2913.210374593843,2913.2103745938416,-2.198865496,-9.970486842,0.000755361,0.000755361,GOOD,774.5349774121528,470.3690265
14,Subtropical,Sacramento River,232.85252412653605,1426.1226571367167,2.926176067700632,2.972946835,843.5231850739846,148.6473418,1803.596751636908,668.3511361167175,0.13,50,0.202134149,0.160157528,0.432197361,708.9675743,1.1472955404092273,708.9675743,0.17,233.08537898143567,556.2835696398095,1.0640920533953047e-07,51.35779853999968,-4.882352941,0.021392813695071195,0.9408291712721105,0.027563811330343132,0.010214203702475052,1.665218385338382,0.033035105464983325,19.335953961090084,1803.596751636908,668.3511361167175,232.85252412653605,232.85252412653605,232.6196692762501,691.5659095335747,232.61966927562807,232.6196692756285,0.2328548502859462,0.6922650901718725,0.00100001,0.00100001,GOOD,1426.1226571367167,708.9675743
14,Walnuts,Sacramento River,433.8166977704369,1941.7018487746973,1.7189362872815137,4.942462794,854.2534686026536,247.1231397,299.3270611283979,911.6708834858882,0.13,50,0.25594369,0.273146576,0.089681664,1025.2872140234897,1.3746585683164616,1025.2872140234897,0.17,434.2505188106543,771.4532054780897,1.0640920533953047e-07,51.35779853999968,-4.882352941,0.001324829,0.9976882983983505,0.000243929,0.000742943,0.5126349476316401,0.017731700351419473,41.837432170330636,299.3270611283979,911.6708834858882,433.8166977704369,433.8166977704369,434.2505188104788,2146.2670324959886,434.2505188095534,434.25051880955255,-0.43382104,-2.14414435,0.00100001,0.00100001,GOOD,1941.7018487746973,1025.287214
15N,Almonds,Sacramento River,728.5905782876464,4683.240485829528,0.7387210677403597,3.971676207,752.6390797453652,198.5838104,323.8653982273295,1042.3323135081037,0.4,50,0.217550367,0.301286212,0.093613311,1142.1878103460713,1.4217812475867206,1142.1878103460713,0.17,729.3191761590986,1054.782831929234,1.6695381078196818e-09,22.007075567130812,-4.882352941,0.007423534,0.9869651506335044,0.001330196,0.004281119,0.30909562959257364,0.003431282,43238.127762165306,323.8653982273295,1042.3323135081037,728.5905782876464,728.5905782876464,727.8619804,2890.8321096580403,727.8619804310601,727.8619804310591,0.7285978565613505,2.893754771,0.00100001,0.00100001,GOOD,4683.240485829528,1142.18781
15N,Field and Grain,Sacramento River,656.2053789,209.66138474146223,3.033618669654281,2.845649619,120.41792024340968,71.14124048,72.10238441858326,309.7467197151693,0.74,25,0.189326621,0.486998112,0.113362702,62.62442620510684,1.0563946444174763,62.62442620510684,0.17,607.0367699808077,4.1738452695492046e-10,1.6695381078196818e-09,22.007075567130812,-4.882352941,0.005334577,0.9777493086552788,0.003194173,0.013721941,1.4603879028465778,0.002059342,15138.337832642479,72.10238441858326,309.7467197151693,656.2053789,656.2053789,655.5491669956472,1865.4632372969309,655.5491669957055,655.5491669957006,0.656211934,1.867349240974363,0.00100001,0.00100001,GOOD,209.66138474146223,62.62442621
15N,Orchards,Sacramento River,5932.499450378462,2309.3340940204384,2.070881679913447,3.327741402,681.4685360114679,166.3870701,1653.2903473698298,1740.896726707907,0.13,50,0.142496355,0.364024786,0.345706127,540.3149879172385,1.0736870639817369,540.3149879172385,0.17,5938.432009213098,467.08113141430704,1.6695381078196818e-09,22.007075567130812,-4.882352941,0.012842982340213435,0.9492035134378937,0.018486948659412143,0.019466555562480652,1.1367306222288343,0.001296639,404.2072095886785,1653.2903473698298,1740.896726707907,5932.499450378462,5932.499450378462,5926.566892,19722.08201710795,5926.566891662255,5926.566891662254,5.932558715901905,19.742021258702152,0.00100001,0.00100001,GOOD,2309.3340940204384,540.3149879
15N,Pasture,Sacramento River,392.4489331,231.3889921571432,4.999999999999999,3.965593094,219.0404801085371,39.65593094,131.15440681995278,563.4300115905577,0.51,10,0.189326621,0.486998112,0.113362702,203.6641313266683,1.1558528290458805,203.6641313266683,0.17,392.8413859512579,116.39302443733862,1.6695381078196818e-09,22.007075567130812,-4.882352941,0.003138306,0.9903631839194748,0.001227077,0.005271434,1.9786889931555767,0.004996279,9449.350554026663,131.15440681995278,563.4300115905577,392.4489331,392.4489331,392.05648023656835,1554.736470484083,392.0564802365034,392.0564802365007,0.3924528534316778,1.5563083252891374,0.00100001,0.00100001,GOOD,231.3889921571432,203.6641313
15N,Rice,Sacramento River,17504.9709,774.5349774121528,3.9116254159600112,4.534377778,378.0637021256366,226.71888889999997,216.55052111602456,1737.9885645152126,0.2,50,0.124786237,0.573652143,0.071476115,470.3690265385166,1.1274158085114319,470.3690265385166,0.17,17522.475968927953,370.5806321269011,1.6695381078196818e-09,22.007075567130812,-4.882352941,0.001421662,0.9948667027562309,0.000411226,0.003300409,1.3600207282884336,0.000285633,17660.155424638757,216.55052111602456,1737.9885645152126,17504.9709,17504.9709,17507.91458849076,79387.49885,17507.91458848961,17507.914588489606,-2.943690461,-13.34780461,0.000168163,0.000168163,GOOD,774.5349774121528,470.3690265
15N,Subtropical,Sacramento River,287.1858863488748,1426.1226571367167,2.926176067700632,2.972946835,843.5231850739846,148.6473418,1803.596751636908,668.3511361167175,0.13,50,0.202134149,0.160157528,0.432197361,708.9675743,1.1472955404092273,708.9675743,0.17,287.4730751099099,643.5417086854237,1.6695381078196818e-09,22.007075567130812,-4.882352941,0.031179289827075234,0.9169913784786216,0.037816013,0.014013318360662098,1.776643758381759,0.026785117437710844,25.33433927685644,1803.596751636908,668.3511361167175,287.1858863488748,287.1858863488748,286.89869759365115,852.9345749766672,286.89869759363717,286.89869759363756,0.28718875522366716,0.8537969008898472,0.00100001,0.00100001,GOOD,1426.1226571367167,708.9675743
15N,Walnuts,Sacramento River,7181.822756515219,1941.7018487746973,1.7189362872815137,4.942462794,854.2534686026536,247.1231397,299.3270611283979,911.6708834858882,0.13,50,0.25594369,0.273146576,0.089681664,1025.2872140234897,1.3746585683164616,1025.2872140234897,0.17,7189.004651161748,916.5180618269508,1.6695381078196818e-09,22.007075567130812,-4.882352941,0.002028995,0.9965834129174568,0.000342977,0.001044616,0.5496947902591095,0.00107108,754.4210231,299.3270611283979,911.6708834858882,7181.822756515219,7181.822756515219,7186.876176,35520.86810580472,7186.876176,7186.876176169659,-5.053419655,-24.97633863,0.00070364,0.00070364,GOOD,1941.7018487746973,1025.287214
15S,Alfalfa,Sacramento River,218.8260325,280.6469987369378,5.962401488126662,3.537610105,471.66622240670006,35.37610105,252.5143028603122,311.8836592959672,1.86,10,0.281872792,0.186385019,0.150905255,601.8897972944199,1.4873882561689458,601.8897972944199,0.17,219.04486069286392,524.0373443852818,1.4157780534300112e-09,22.007075567251213,-4.882352941,0.017898835308565928,0.9719555083836451,0.004539214,0.005606442,2.9089943259775097,0.002456903,236728.38559576322,252.5143028603122,311.8836592959672,218.8260325,218.8260325,218.60720425158726,773.3470547862141,218.60720425157376,218.6072042515734,0.2188282184127388,0.7741289167159948,0.00100001,0.00100001,GOOD,280.6469987369378,601.8897973
15S,Almonds,Sacramento River,1510.3098661707568,4683.240485829528,0.7387210677403597,3.971676207,752.6390797453652,198.5838104,323.8653982273295,1042.3323135081037,0.4,50,0.217550367,0.301286212,0.093613311,1142.1878103460713,1.4217812475867206,1142.1878103460713,0.17,1511.8201911551023,1054.7828319289256,1.4157780534300112e-09,22.007075567251213,-4.882352941,0.007423534,0.986965151,0.001330196,0.004281119,0.3090956295924677,0.001655289,89629.17295391829,323.8653982273295,1042.3323135081037,1510.3098661707568,1510.3098661707568,1508.799541217019,5992.463239,1508.7995412169755,1508.7995412169744,1.510324953737836,5.998521683598483,0.00100001,0.00100001,GOOD,4683.240485829528,1142.18781
15S,Corn,Sacramento River,769.4810613,229.08722102241552,6.113531917599918,2.826875063,123.44536013404992,141.3437532,122.52875673244314,782.4343077137593,0.3,50,0.088141761,0.558669339,0.087487293,230.77985990455204,1.1402757449281344,230.77985990455204,0.17,770.2505500235956,168.56860677290803,1.4157780534300112e-09,22.007075567251213,-4.882352941,0.008661328,0.9644968675711557,0.003634284,0.023207520375053716,3.1866106811738812,0.004331924,2404.775513411494,122.52875673244314,782.4343077137593,769.4810613,769.4810613,768.7115725116967,2173.0515749728315,768.7115725115993,768.7115725115962,0.7694887483033881,2.1752485538381734,0.00100001,0.00100001,GOOD,229.08722102241552,230.7798599
15S,Cucurbits,Sacramento River,448.8481273,202.62833470000004,12.01,1.97136542,111.99248627534328,96.81195394892592,1562.231794724549,546.6459552864201,0.05,50,0.046854775,0.228702604,0.653597591,73.83780651256517,0.9821817200073026,115.88410951176212,0.17,449.2969799498951,70.74380469,1.4157780534300112e-09,22.007075567251213,-4.882352941,0.029503460902059336,0.6300103011693149,0.2522281941451941,0.088258044,9.918501266113038,0.044558502,8.452877779725379e-06,1562.231794724549,546.6459552864201,448.8481273,448.8481273,448.3992747187266,883.9588245335779,448.3992747186318,448.39927471863234,0.44885261127342346,0.8848525165410592,0.00100001,0.00100001,GOOD,202.62833470000004,115.8841095
15S,Field and Grain,Sacramento River,1685.298275,209.66138474146223,3.033618669654281,2.845649619,120.41792024340968,71.14124048,72.10238441858326,309.7467197151693,0.74,25,0.189326621,0.486998112,0.113362702,62.62442620510684,1.0563946444174763,62.62442620510684,0.17,1624.2257527790139,3.539445133575028e-10,1.4157780534300112e-09,22.007075567251213,-4.882352941,0.005334577,0.9777493086553483,0.003194173,0.013721941,1.4603879028458446,0.000801847,38879.00869962521,72.10238441858326,309.7467197151693,1685.298275,1685.298275,1683.6129599189119,4790.9725779367145,1683.6129599190165,1683.6129599190117,1.685315111,4.795816303761967,0.00100001,0.00100001,GOOD,209.66138474146223,62.62442621
15S,Orchards,Sacramento River,6062.571881336614,2309.3340940204384,2.070881679913447,3.327741402,681.4685360114679,166.3870701,1653.2903473698298,1740.896726707907,0.13,50,0.142496355,0.364024786,0.345706127,540.3149879172385,1.0736870639817369,540.3149879172385,0.17,6068.634513904233,467.0811314140966,1.4157780534300112e-09,22.007075567251213,-4.882352941,0.012842982340187941,0.9492035134379792,0.018486948659382916,0.019466555562449875,1.1367306222284632,0.001268819,413.0696148533276,1653.2903473698298,1740.896726707907,6062.571881336614,6062.571881336614,6056.509248890344,20154.496579128318,6056.509249,6056.509248890079,6.062632446270072,20.174872996562044,0.00100001,0.00100001,GOOD,2309.3340940204384,540.3149879
15S,Pasture,Sacramento River,4597.613849,231.3889921571432,4.999999999999999,3.965593094,219.0404801085371,39.65593094,131.15440681995278,563.4300115905577,0.51,10,0.189326621,0.486998112,0.113362702,203.6641313266683,1.1558528290458805,203.6641313266683,0.17,4602.2115093513485,116.39302443698485,1.4157780534300112e-09,22.007075567251213,-4.882352941,0.003138306,0.9903631839195165,0.001227077,0.005271434,1.9786889931540235,0.000426479,110700.93791228523,131.15440681995278,563.4300115905577,4597.613849,4597.613849,4593.016189700612,18214.03328250694,4593.016189700009,4593.016189700006,4.597659779387868,18.23244786970099,0.00100001,0.00100001,GOOD,231.3889921571432,203.6641313
15S,Rice,Sacramento River,15987.04624,774.5349774121528,3.9116254159600112,4.534377778,378.0637021256366,226.71888889999997,216.55052111602456,1737.9885645152126,0.2,50,0.124786237,0.573652143,0.071476115,470.3690265385166,1.1274158085114319,470.3690265385166,0.17,16003.033384358041,370.58063212654565,1.4157780534300112e-09,22.007075567251213,-4.882352941,0.001421662,0.9948667027562403,0.000411226,0.003300409,1.3600207282879648,0.000312753,16128.774105972676,216.55052111602456,1737.9885645152126,15987.04624,15987.04624,15995.66259373314,72530.37700940938,15995.662593732231,15995.66259373223,-8.616355613,-39.06981142,0.000538959,0.000538959,GOOD,774.5349774121528,470.3690265
15S,Subtropical,Sacramento River,1255.3365705683148,1426.1226571367167,2.926176067700632,2.972946835,843.5231850739846,148.6473418,1803.596751636908,668.3511361167175,0.13,50,0.202134149,0.160157528,0.432197361,708.9675743,1.1472955404092273,708.9675743,0.17,1256.5919197047576,643.5417086851793,1.4157780534300112e-09,22.007075567251213,-4.882352941,0.03117929,0.9169913784787584,0.037816013,0.014013318360640745,1.776643758381192,0.006127685,110.74054853372323,1803.596751636908,668.3511361167175,1255.3365705683148,1255.3365705683148,1254.0812214570537,3728.3167981636825,1254.0812214570076,1254.0812214570078,1.2553491112610118,3.7320861671432795,0.00100001,0.00100001,GOOD,1426.1226571367167,708.9675743
15S,Sunflowers,Sacramento River,70.23910314,3637.0574901200007,0.601701512,2.873453662,453.0267168133007,143.6726831,387.8950796863669,849.6060147832587,0.74,50,0.207010582,0.388227513,0.177248677,354.2224955746626,1.1363056425788198,354.2224955746626,0.17,70.30934294613505,290.9861836953789,1.4157780534300112e-09,22.007075567251213,-4.882352941,0.019693052,0.9475519073994807,0.010267077149200027,0.022487963774268715,0.335731248,0.019239302481665364,10011.674196064538,387.8950796863669,849.6060147832587,70.23910314,70.23910314,70.16886333524613,201.62697730904054,70.16886333523875,70.16886334,0.070239805,0.20183082418816412,0.00100001,0.00100001,GOOD,3637.0574901200007,354.2224956
15S,Walnuts,Sacramento River,9939.347805509964,1941.7018487746973,1.7189362872815137,4.942462794,854.2534686026536,247.1231397,299.3270611283979,911.6708834858882,0.13,50,0.25594369,0.273146576,0.089681664,1025.2872140234897,1.3746585683164616,1025.2872140234897,0.17,9949.287252808313,916.5180618265447,1.4157780534300112e-09,22.007075567251213,-4.882352941,0.002028995,0.9965834129174632,0.000342977,0.001044616,0.5496947902589198,0.000773925,1044.0877190881224,299.3270611283979,911.6708834858882,9939.347805509964,9939.347805509964,9947.350240681282,49164.40846345419,9947.350240680998,9947.350240680997,-8.002435171,-39.5517381,0.000805127,0.000805127,GOOD,1941.7018487746973,1025.287214
16,Alfalfa,Sacramento River,55.44131943000001,280.6469987369378,5.962401488126662,3.537610105,471.66622240670006,35.37610105,252.5143028603122,311.8836592959672,1.86,10,0.281872792,0.186385019,0.150905255,601.8897972944199,1.4873882561689458,601.8897972944199,0.17,55.496761304280476,524.0373443880314,3.6462570657834098e-09,22.00707556627673,-4.882352941,0.017898835309183514,0.9719555083827282,0.004539214,0.005606442,2.9089943259956335,0.00969736,59977.02328126099,252.5143028603122,311.8836592959672,55.44131943000001,55.44131943000001,55.38587755695159,195.93364011976468,55.38587755693713,55.385877556936784,0.055441873,0.1961317303361909,0.00100001,0.00100001,GOOD,280.6469987369378,601.8897973
16,Almonds,Sacramento River,2780.538252,4683.240485829528,0.7387210677403597,3.971676207,752.6390797453652,198.5838104,323.8653982273295,1042.3323135081037,0.4,50,0.217550367,0.301286212,0.093613311,1142.1878103460713,1.4217812475867206,1142.1878103460713,0.17,2783.318817908923,1054.7828319311257,3.6462570657834098e-09,22.00707556627673,-4.882352941,0.007423534,0.9869651506333361,0.001330196,0.004281119,0.30909562959332243,0.000899106,165010.73684295392,323.8653982273295,1042.3323135081037,2780.538252,2780.538252,2779.6604414961357,11039.911239029316,2779.660441495927,2779.660441495926,0.8778103278341405,3.486378393319683,0.000315698,0.000315698,GOOD,4683.240485829528,1142.18781
16,Beans Dry,Sacramento River,423.9428561,1370.7557480622177,1.280845402248742,2.293810917,149.5303492,114.6905459,124.74349656171437,884.8939850771033,1.68,50,0.085167237,0.504004546,0.071049516,481.86782085213576,1.3126421419712608,481.86782085213576,0.17,424.36680321964565,431.3877506643755,3.6462570657834098e-09,22.00707556627673,-4.882352941,0.052319771,0.8567483015730545,0.011234890473668865,0.079697037,0.87788586,0.001404053,228151.27021608682,124.74349656171437,884.8939850771033,423.9428561,423.9428561,423.5189090287568,971.4722970860923,423.518909,423.5189090286568,0.4239470912431784,0.9724544661239634,0.00100001,0.00100001,GOOD,1370.7557480622177,481.8678209
16,Corn,Sacramento River,104.6242449,229.08722102241552,6.113531917599918,2.826875063,123.44536013404992,141.3437532,122.52875673244314,782.4343077137593,0.3,50,0.088141761,0.558669339,0.087487293,230.77985990455204,1.1402757449281344,230.77985990455204,0.17,104.72887015178455,168.56860677453858,3.6462570657834098e-09,22.00707556627673,-4.882352941,0.008661328,0.964496868,0.003634284,0.023207520375353993,3.1866106811828425,0.031860047,326.97077916111175,122.52875673244314,782.4343077137593,104.6242449,104.6242449,104.51961957004154,295.46390615679724,104.51961956999354,104.51961956999034,0.10462528995846299,0.29576262314270707,0.00100001,0.00100001,GOOD,229.08722102241552,230.7798599
16,Field and Grain,Sacramento River,640.7046052,209.66138474146223,3.033618669654281,2.845649619,120.41792024340968,71.14124048,72.10238441858326,309.7467197151693,0.74,25,0.189326621,0.486998112,0.113362702,62.62442620510684,1.0563946444174763,62.62442620510684,0.17,584.8222078,9.115642664458524e-10,3.6462570657834098e-09,22.00707556627673,-4.882352941,0.005334577,0.9777493086547763,0.003194173,0.013721941359900574,1.4603879028518778,0.002109164,14780.742548093727,72.10238441858326,309.7467197151693,640.7046052,640.7046052,640.0638942042473,1821.3975766779724,640.0638942042871,640.0638942042822,0.6407110057526779,1.823239029409251,0.00100001,0.00100001,GOOD,209.66138474146223,62.62442621
16,Grapes,Sacramento River,67.23631169785706,1768.0889120560998,10.326529587090809,2.661751325,5707.511085000792,133.0875663,6066.297444181566,4560.422483661467,0.13,50,0.312599493,0.249773629,0.332250166,1790.9038838606887,1.0559571805532408,1790.9038838606887,0.17,67.30354868255498,1732.3265213109532,3.6462570657834098e-09,22.00707556627673,-4.882352941,0.18195247138844545,0.5581550341863324,0.14836047109540287,0.11153202332981944,8.754624791366913,0.11440704431966722,29.674533909954363,6066.297444181566,4560.422483661467,67.23631169785706,67.23631169785706,67.20069573760206,178.87154092048414,67.20069574,67.20069573759953,0.03561596,0.094800829,0.000529713,0.000529713,GOOD,1768.0889120560998,1790.903884
16,Orchards,Sacramento River,15335.547300295868,2309.3340940204384,2.070881679913447,3.327741402,681.4685360114679,166.3870701,1653.2903473698298,1740.896726707907,0.13,50,0.142496355,0.364024786,0.345706127,540.3149879172385,1.0736870639817369,540.3149879172385,0.17,15350.88294759603,467.0811314156654,3.6462570657834098e-09,22.00707556627673,-4.882352941,0.012842982340394838,0.9492035134372864,0.018486948659619588,0.019466555562699092,1.1367306222314708,0.0005016,1044.8781046881788,1653.2903473698298,1740.896726707907,15335.547300295868,15335.547300295868,15320.211652995942,50981.70260507746,15320.211652994236,15320.211652994238,15.335647299925768,51.03306844642793,0.001000007,0.001000007,GOOD,2309.3340940204384,540.3149879
16,Pasture,Sacramento River,99.02798423,231.3889921571432,4.999999999999999,3.965593094,219.0404801085371,39.65593094,131.15440681995278,563.4300115905577,0.51,10,0.189326621,0.486998112,0.113362702,203.6641313266683,1.1558528290458805,203.6641313266683,0.17,99.12701320497274,116.3930244397891,3.6462570657834098e-09,22.00707556627673,-4.882352941,0.003138306,0.9903631839191791,0.001227077,0.005271434,1.9786889931666343,0.019800305,2384.387008742702,131.15440681995278,563.4300115905577,99.02798423,99.02798423,98.92895526,392.3119817730019,98.92895525927179,98.92895525926907,0.099028971,0.3927086022270032,0.00100001,0.00100001,GOOD,231.3889921571432,203.6641313
16,Pistachios,Sacramento River,79.11598229294661,4908.224613268352,1.2498253980439933,3.663925668,1599.315875,183.1962834,319.3169032470521,1583.0678593976154,0.4,50,0.260711671,0.258063009,0.052053284,2449.526860364615,1.585474027824466,2449.526860364615,0.17,79.19509906716462,2368.8945713177577,3.6462570657834098e-09,22.00707556627673,-4.882352941,0.025536487803589934,0.9622211611539007,0.002054889,0.010187461989506938,0.6446927249281224,0.031599178,10308.196938436276,319.3169032470521,1583.0678593976154,79.11598229294661,79.11598229294661,79.05053079734674,289.6352688574232,79.05053079734303,79.05053079734189,0.065451496,0.2398094147373513,0.000827285,0.000827285,GOOD,4908.224613268352,2449.52686
16,Rice,Sacramento River,5074.2273,774.5349774121528,3.9116254159600112,4.534377778,378.0637021256366,226.71888889999997,216.55052111602456,1737.9885645152126,0.2,50,0.124786237,0.573652143,0.071476115,470.3690265385166,1.1274158085114319,470.3690265385166,0.17,5079.3015782229795,370.58063212930136,3.6462570657834098e-09,22.00707556627673,-4.882352941,0.001421662,0.9948667027561617,0.000411226,0.003300409,1.3600207282917653,0.000985372,5119.211183071036,216.55052111602456,1737.9885645152126,5074.2273,5074.2273,5079.301578222798,23031.472204053778,5079.301578,5079.301578222059,-5.074278093,-23.00869382,0.00100001,0.00100001,GOOD,774.5349774121528,470.3690265
16,Subtropical,Sacramento River,89.93626485968576,1426.1226571367167,2.926176067700632,2.972946835,843.5231850739846,148.6473418,1803.596751636908,668.3511361167175,0.13,50,0.202134149,0.160157528,0.432197361,708.9675743,1.1472955404092273,708.9675743,0.17,90.02620202471206,643.5417086870623,3.6462570657834098e-09,22.00707556627673,-4.882352941,0.031179289827487792,0.9169913784776493,0.037816013334049596,0.014013318360813454,1.7766437583857828,0.085530656,7.933801609188787,1803.596751636908,668.3511361167175,89.93626485968576,89.93626485968576,89.8463277,267.1083555618963,89.8463277,89.84632769655884,0.089937163,0.26737840442820016,0.00100001,0.00100001,GOOD,1426.1226571367167,708.9675743
16,Sunflowers,Sacramento River,489.4606041,3637.0574901200007,0.601701512,2.873453662,453.0267168133007,143.6726831,387.8950796863669,849.6060147832587,0.74,50,0.207010582,0.388227513,0.177248677,354.2224955746626,1.1363056425788198,354.2224955746626,0.17,489.95006958336967,290.9861837,3.6462570657834098e-09,22.00707556627673,-4.882352941,0.019693052,0.9475519073987311,0.010267077149330851,0.022487964,0.33573124826024786,0.002760899,69766.26808711076,387.8950796863669,849.6060147832587,489.4606041,489.4606041,488.9711385863105,1405.0359087831434,488.9711385862222,488.9711385862215,0.4894654936895222,1.4064564152647563,0.00100001,0.00100001,GOOD,3637.0574901200007,354.2224956
16,Tomatoes,Sacramento River,653.8739394,98.36808723,45.12697658913721,2.666779844,378.0837202857285,133.3389922,916.1768531,2411.9869769892075,0.74,50,0.085172131,0.543356034,0.206390095,599.4678270921155,1.1010744988770471,599.4678270921155,0.17,654.5278199045846,540.7798015439423,3.6462570657834098e-09,22.00707556627673,-4.882352941,0.033628232715926194,0.8445688388467654,0.033529907,0.088273021,31.10149686716914,0.002066685,115104.5056686381,916.1768531,2411.9869769892075,653.8739394,653.8739394,653.2200589484661,1741.9940869002612,653.2200589483667,653.2200589483665,0.6538804715339666,1.7437552618721384,0.00100001,0.00100001,GOOD,98.36808723,599.4678271
16,Walnuts,Sacramento River,13797.284350199674,1941.7018487746973,1.7189362872815137,4.942462794,854.2534686026536,247.1231397,299.3270611283979,911.6708834858882,0.13,50,0.25594369,0.273146576,0.089681664,1025.2872140234897,1.3746585683164616,1025.2872140234897,0.17,13811.081734549804,916.5180618296895,3.6462570657834098e-09,22.00707556627673,-4.882352941,0.002028995,0.996583413,0.000342977,0.001044616,0.5496947902604564,0.000557523,1449.3481291448456,299.3270611283979,911.6708834858882,13797.284350199674,13797.284350199674,13811.08173454947,68260.75761790374,13811.081734548461,13811.081734548461,-13.79738435,-68.1930588,0.001000007,0.001000007,GOOD,1941.7018487746973,1025.287214
17N,Almonds,Sacramento River,4115.942436049906,4683.240485829528,0.7387210677403597,3.971676207,752.6390797453652,198.5838104,323.8653982273295,1042.3323135081037,0.4,50,0.217550367,0.301286212,0.093613311,1142.1878103460713,1.4217812475867206,1142.1878103460713,0.17,4120.058419686512,1054.782831935971,8.60868327172286e-09,22.00707556411594,-4.882352941,0.007423534,0.9869651506329102,0.001330196,0.004281119,0.30909562959521736,0.000607394,244260.1513329568,323.8653982273295,1042.3323135081037,4115.942436049906,4115.942436049906,4114.266285317409,16340.533514657423,4114.266285,4114.266285316689,1.6761507324972627,6.657127983606188,0.000407234,0.000407234,GOOD,4683.240485829528,1142.18781
17N,Field and Grain,Sacramento River,69.03589016,209.66138474146223,3.033618669654281,2.845649619,120.41792024340968,71.14124048,72.10238441858326,309.7467197151693,0.74,25,0.189326621,0.486998112,0.113362702,62.62442620510684,1.0563946444174763,62.62442620510684,0.17,58.337013589172884,2.152170817930715e-09,8.60868327172286e-09,22.00707556411594,-4.882352941,0.005334577,0.9777493086535076,0.003194173,0.013721941360513532,1.4603879028652644,0.019574621,1592.6242932333816,72.10238441858326,309.7467197151693,69.03589016,69.03589016,68.96685358026622,196.25550061431335,68.96685358027699,68.96685358027206,0.06903658,0.1964539168164947,0.00100001,0.00100001,GOOD,209.66138474146223,62.62442621
17N,Orchards,Sacramento River,148.01177183004904,2309.3340940204384,2.070881679913447,3.327741402,681.4685360114679,166.3870701,1653.2903473698298,1740.896726707907,0.13,50,0.142496355,0.364024786,0.345706127,540.3149879172385,1.0736870639817369,540.3149879172385,0.17,148.15978508341564,467.0811314193237,8.60868327172286e-09,22.00707556411594,-4.882352941,0.012842982340855815,0.9492035134357482,0.018486948660144387,0.019466556,1.1367306222381497,0.051970918,10.084691246645606,1653.2903473698298,1740.896726707907,148.01177183004904,148.01177183004904,147.86375857992985,492.05235128176525,147.86375857988827,147.86375857988827,0.14801325011919175,0.49254982046625173,0.00100001,0.00100001,GOOD,2309.3340940204384,540.3149879
17N,Pasture,Sacramento River,149.3605147,231.3889921571432,4.999999999999999,3.965593094,219.0404801085371,39.65593094,131.15440681995278,563.4300115905577,0.51,10,0.189326621,0.486998112,0.113362702,203.6641313266683,1.1558528290458805,203.6641313266683,0.17,149.50987672957282,116.3930244442086,8.60868327172286e-09,22.00707556411594,-4.882352941,0.003138306,0.990363184,0.001227077,0.005271434,1.9786889931939793,0.013127862590734183,3596.289207453086,131.15440681995278,563.4300115905577,149.3605147,149.3605147,149.21115271509132,591.7107167547455,149.21115271496828,149.21115271496558,0.14936200490868146,0.592308935,0.00100001,0.00100001,GOOD,231.3889921571432,203.6641313
17N,Rice,Sacramento River,1754.957335,774.5349774121528,3.9116254159600112,4.534377778,378.0637021256366,226.71888889999997,216.55052111602456,1737.9885645152126,0.2,50,0.124786237,0.573652143,0.071476115,470.3690265385166,1.1274158085114319,470.3690265385166,0.17,1756.7123099120554,370.58063213538196,8.60868327172286e-09,22.00707556411594,-4.882352941,0.001421662,0.9948667027559879,0.000411226,0.003300409,1.360020728,0.002849072,1770.5153285187948,216.55052111602456,1737.9885645152126,1754.957335,1754.957335,1756.7123099117637,7965.59726,1756.7123099111634,1756.7123099111618,-1.754974902,-7.957719196,0.00100001,0.00100001,GOOD,774.5349774121528,470.3690265
17N,Subtropical,Sacramento River,459.0572580146353,1426.1226571367167,2.926176067700632,2.972946835,843.5231850739846,148.6473418,1803.596751636908,668.3511361167175,0.13,50,0.202134149,0.160157528,0.432197361,708.9675743,1.1472955404092273,708.9675743,0.17,459.5163198677686,643.5417086891453,8.60868327172286e-09,22.00707556411594,-4.882352941,0.031179289828488846,0.9169913784752297,0.037816013,0.014013318361196975,1.7766437583957961,0.01675675,40.49611375381873,1803.596751636908,668.3511361167175,459.0572580146353,459.0572580146353,458.5981961708404,1363.3880558428093,458.59819617073987,458.5981961707403,0.4590618437948706,1.364766455579229,0.00100001,0.00100001,GOOD,1426.1226571367167,708.9675743
17N,Walnuts,Sacramento River,746.7164658739003,1941.7018487746973,1.7189362872815137,4.942462794,854.2534686026536,247.1231397,299.3270611283979,911.6708834858882,0.13,50,0.25594369,0.273146576,0.089681664,1025.2872140234897,1.3746585683164616,1025.2872140234897,0.17,747.4631898143748,916.5180618366816,8.60868327172286e-09,22.00707556411594,-4.882352941,0.002028995,0.9965834129172952,0.000342977,0.001044616,0.5496947902638649,0.010301510739160141,78.43950195928234,299.3270611283979,911.6708834858882,746.7164658739003,746.7164658739003,747.4631898139775,3694.3090055401435,747.4631898138484,747.4631898138475,-0.74672394,-3.690655291,0.00100001,0.00100001,GOOD,1941.7018487746973,1025.287214
17S,Alfalfa,Sacramento River,96.53765625,280.6469987369378,5.962401488126662,3.537610105,471.66622240670006,35.37610105,252.5143028603122,311.8836592959672,1.86,10,0.281872792,0.186385019,0.150905255,601.8897972944199,1.4873882561689458,601.8897972944199,0.17,96.63419487253732,524.0373443904349,7.562614650170178e-09,22.007075564538166,-4.882352941,0.017898835310240044,0.9719555083811371,0.004539214,0.005606442,2.908994326027082,0.005569168,104435.48811548542,252.5143028603122,311.8836592959672,96.53765625,96.53765625,96.44111762954913,341.1710722637867,96.44111762951948,96.44111762951914,0.09653862,0.34151599922972764,0.00100001,0.00100001,GOOD,280.6469987369378,601.8897973
17S,Almonds,Sacramento River,1998.4007315704837,4683.240485829528,0.7387210677403597,3.971676207,752.6390797453652,198.5838104,323.8653982273295,1042.3323135081037,0.4,50,0.217550367,0.301286212,0.093613311,1142.1878103460713,1.4217812475867206,1142.1878103460713,0.17,2000.399152306018,1054.782831935086,7.562614650170178e-09,22.007075564538166,-4.882352941,0.007423534,0.9869651506329934,0.001330196,0.004281119,0.30909562959484677,0.001251,118594.87169736023,323.8653982273295,1042.3323135081037,1998.4007315704837,1998.4007315704837,1997.1137745526196,7931.889261062602,1997.113774552313,1997.1137745523122,1.286957017864097,5.111376567281695,0.000643993,0.000643993,GOOD,4683.240485829528,1142.18781
17S,Beans Dry,Sacramento River,836.2339179,1370.7557480622177,1.280845402248742,2.293810917,149.5303492,114.6905459,124.74349656171437,884.8939850771033,1.68,50,0.085167237,0.504004546,0.071049516,481.86782085213576,1.3126421419712608,481.86782085213576,0.17,837.0701601,431.38775066531616,7.562614650170178e-09,22.007075564538166,-4.882352941,0.052319771,0.8567483015697164,0.01123489,0.079697037,0.8778858595481097,0.000711808,450031.9508,124.74349656171437,884.8939850771033,836.2339179,836.2339179,835.3976755882267,1916.2443083006988,835.3976755878655,835.3976755878623,0.836242272,1.918181652250496,0.00100001,0.00100001,GOOD,1370.7557480622177,481.8678209
17S,Field and Grain,Sacramento River,718.8436025,209.66138474146223,3.033618669654281,2.845649619,120.41792024340968,71.14124048,72.10238441858326,309.7467197151693,0.74,25,0.189326621,0.486998112,0.113362702,62.62442620510684,1.0563946444174763,62.62442620510684,0.17,705.6181563542077,1.8906536625425444e-09,7.562614650170178e-09,22.007075564538166,-4.882352941,0.005334577,0.9777493086537598,0.003194173,0.013721941360393813,1.4603879028626052,0.001879896,16583.371080188506,72.10238441858326,309.7467197151693,718.8436025,718.8436025,718.1247517163434,2043.5314261160822,718.1247517164118,718.1247517164069,0.718850784,2.0455974586302546,0.00100001,0.00100001,GOOD,209.66138474146223,62.62442621
17S,Orchards,Sacramento River,110.92144805867298,2309.3340940204384,2.070881679913447,3.327741402,681.4685360114679,166.3870701,1653.2903473698298,1740.896726707907,0.13,50,0.142496355,0.364024786,0.345706127,540.3149879172385,1.0736870639817369,540.3149879172385,0.17,111.03237061699406,467.0811314187679,7.562614650170178e-09,22.007075564538166,-4.882352941,0.012842982,0.9492035134360478,0.018486948660041816,0.019466555563143695,1.1367306222368485,0.069349146,7.557564796848921,1653.2903473698298,1740.896726707907,110.92144805867298,110.92144805867298,110.81052550281261,368.7487734930864,110.81052550278442,110.8105255027844,0.1109225558603697,0.3691215815522355,0.00100001,0.00100001,GOOD,2309.3340940204384,540.3149879
17S,Pasture,Sacramento River,498.0581122,231.3889921571432,4.999999999999999,3.965593094,219.0404801085371,39.65593094,131.15440681995278,563.4300115905577,0.51,10,0.189326621,0.486998112,0.113362702,203.6641313266683,1.1558528290458805,203.6641313266683,0.17,498.55617525747573,116.39302444318473,7.562614650170178e-09,22.007075564538166,-4.882352941,0.003138306,0.9903631839185929,0.001227077,0.005271434,1.9786889931885545,0.003936859,11992.198987783453,131.15440681995278,563.4300115905577,498.0581122,498.0581122,497.56004907329276,1973.120694455351,497.5600490729419,497.56004907293925,0.49806308670724775,1.975115537022475,0.00100001,0.00100001,GOOD,231.3889921571432,203.6641313
17S,Rice,Sacramento River,3297.539442,774.5349774121528,3.9116254159600112,4.534377778,378.0637021256366,226.71888889999997,216.55052111602456,1737.9885645152126,0.2,50,0.124786237,0.573652143,0.071476115,470.3690265385166,1.1274158085114319,470.3690265385166,0.17,3300.8370147606024,370.5806321342444,7.562614650170178e-09,22.007075564538166,-4.882352941,0.001421662,0.9948667027560218,0.000411226,0.003300409,1.3600207282985413,0.001516282,3326.7726870197903,216.55052111602456,1737.9885645152126,3297.539442,3297.539442,3300.8370147602423,14967.24201,3300.837014759254,3300.8370147592523,-3.29757245,-14.95243924,0.00100001,0.00100001,GOOD,774.5349774121528,470.3690265
17S,Safflower,Sacramento River,417.4255806,566.2726740179453,1.0344460085918803,2.357007476,114.57375794026017,23.57007476,66.16231051897915,248.51209391178716,0.74,10,0.195592287,0.424242424,0.112947658,132.9602703,1.2320269967669062,132.9602703,0.17,417.8430103,81.08942864537086,7.562614650170178e-09,22.007075564538166,-4.882352941,0.035758851,0.9067321451507341,0.012091636756749307,0.045417367,0.6545650488444826,0.003237347,15647.157959135977,66.16231051897915,248.51209391178716,417.4255806,417.4255806,417.0081508393941,982.8913290813875,417.00815083889216,417.00815083888705,0.4174297506058906,0.9838850428830028,0.00100001,0.00100001,GOOD,566.2726740179453,132.9602703
17S,Subtropical,Sacramento River,203.7491510064056,1426.1226571367167,2.926176067700632,2.972946835,843.5231850739846,148.6473418,1803.596751636908,668.3511361167175,0.13,50,0.202134149,0.160157528,0.432197361,708.9675743,1.1472955404092273,708.9675743,0.17,203.9529021968965,643.5417086887525,7.562614650170178e-09,22.007075564538166,-4.882352941,0.031179289828291993,0.9169913784757036,0.037816013334882395,0.014013318361122061,1.7766437583938348,0.037753814699654165,17.973899012253842,1803.596751636908,668.3511361167175,203.7491510064056,203.7491510064056,203.54539982013108,605.1296521740683,203.54539982009058,203.5453998,0.20375118627453048,0.6057414443623657,0.00100001,0.00100001,GOOD,1426.1226571367167,708.9675743
17S,Sunflowers,Sacramento River,98.25557583,3637.0574901200007,0.601701512,2.873453662,453.0267168133007,143.6726831,387.8950796863669,849.6060147832587,0.74,50,0.207010582,0.388227513,0.177248677,354.2224955746626,1.1363056425788198,354.2224955746626,0.17,98.35383238926994,290.9861836984485,7.562614650170178e-09,22.007075564538166,-4.882352941,0.019693051677992682,0.947551907,0.010267077149564072,0.022487963775066084,0.33573124826184586,0.013753431700297952,14005.059421103713,387.8950796863669,849.6060147832587,98.25557583,98.25557583,98.15731927269294,282.05050851622275,98.15731927265685,98.15731927,0.098256557,0.2823356644094588,0.00100001,0.00100001,GOOD,3637.0574901200007,354.2224956
17S,Tomatoes,Sacramento River,457.0392197,98.36808723,45.12697658913721,2.666779844,378.0837202857285,133.3389922,916.1768531,2411.9869769892075,0.74,50,0.085172131,0.543356034,0.206390095,599.4678270921155,1.1010744988770471,599.4678270921155,0.17,457.49626352463963,540.7798015456104,7.562614650170178e-09,22.007075564538166,-4.882352941,0.033628233,0.8445688388434234,0.033529907,0.088273021,31.10149686729909,0.002956751,80454.76396407686,916.1768531,2411.9869769892075,457.0392197,457.0392197,456.58217594453066,1217.6041439385363,456.5821759443954,456.58217594439503,0.4570437854693523,1.2188351549150411,0.00100001,0.00100001,GOOD,98.36808723,599.4678271
17S,Walnuts,Sacramento River,1426.568886267007,1941.7018487746973,1.7189362872815137,4.942462794,854.2534686026536,247.1231397,299.3270611283979,911.6708834858882,0.13,50,0.25594369,0.273146576,0.089681664,1025.2872140234897,1.3746585683164616,1025.2872140234897,0.17,1427.995469433197,916.5180618,7.562614650170178e-09,22.007075564538166,-4.882352941,0.002028995,0.9965834129173178,0.000342977,0.001044616,0.5496947902631978,0.005392174,149.85521019460865,299.3270611283979,911.6708834858882,1426.568886267007,1426.568886267007,1427.995469432704,7057.814477671705,1427.9954694324879,1427.995469432487,-1.426583166,-7.050834219,0.00100001,0.00100001,GOOD,1941.7018487746973,1025.287214
18,Alfalfa,Sacramento River,522.7569835,280.6469987369378,5.962401488126662,3.537610105,471.66622240670006,35.37610105,252.5143028603122,311.8836592959672,1.86,10,0.281872792,0.186385019,0.150905255,601.8897972944199,1.4873882561689458,601.8897972944199,0.17,523.2797457362627,524.0373443866107,3.372722396711761e-09,22.007075566439237,-4.882352941,0.017898835309065268,0.9719555083828961,0.004539214,0.005606442,2.9089943259923126,0.00102846,565524.1991591265,252.5143028603122,311.8836592959672,522.7569835,522.7569835,522.2342213142771,1847.461058498193,522.2342213,522.2342213142075,0.522762206,1.849328861477261,0.00100001,0.00100001,GOOD,280.6469987369378,601.8897973
18,Almonds,Sacramento River,89.22251027617749,4683.240485829528,0.7387210677403597,3.971676207,752.6390797453652,198.5838104,323.8653982273295,1042.3323135081037,0.4,50,0.217550367,0.301286212,0.093613311,1142.1878103460713,1.4217812475867206,1142.1878103460713,0.17,89.31173367954386,1054.7828319309842,3.372722396711761e-09,22.007075566439237,-4.882352941,0.007423534,0.9869651506333667,0.001330196,0.004281119,0.3090956295931857,0.028019835,5294.900062601614,323.8653982273295,1042.3323135081037,89.22251027617749,89.22251027617749,89.13328687513412,354.0085547336755,89.13328687512758,89.13328687512659,0.089223401,0.3543664590316098,0.00100001,0.00100001,GOOD,4683.240485829528,1142.18781
18,Beans Dry,Sacramento River,2426.114275,1370.7557480622177,1.280845402248742,2.293810917,149.5303492,114.6905459,124.74349656171437,884.8939850771033,1.68,50,0.085167237,0.504004546,0.071049516,481.86782085213576,1.3126421419712608,481.86782085213576,0.17,2428.5404136804573,431.3877506640754,3.372722396711761e-09,22.007075566439237,-4.882352941,0.052319771,0.8567483015733757,0.011234890473647723,0.079697037,0.8778858595440211,0.000245346,1305650.1497009418,124.74349656171437,884.8939850771033,2426.114275,2426.114275,2423.6881366080534,5559.482307,2423.6881366075863,2423.688136607583,2.4261385119466468,5.565103004857519,0.00100001,0.00100001,GOOD,1370.7557480622177,481.8678209
18,Corn,Sacramento River,855.1689081,229.08722102241552,6.113531917599918,2.826875063,123.44536013404992,141.3437532,122.52875673244314,782.4343077137593,0.3,50,0.088141761,0.558669339,0.087487293,230.77985990455204,1.1402757449281344,230.77985990455204,0.17,856.0240855781808,168.5686068,3.372722396711761e-09,22.007075566439237,-4.882352941,0.008661328,0.964496868,0.003634284,0.023207520375304217,3.186610681181153,0.003897865,2672.566426381102,122.52875673244314,782.4343077137593,855.1689081,855.1689081,854.3137307,2415.038181,854.3137306585768,854.3137306585736,0.8551774511719259,2.417479811157591,0.00100001,0.00100001,GOOD,229.08722102241552,230.7798599
18,Cotton,Sacramento River,154.9996515,1698.847365671268,0.768,2.633766816,193.80117697385796,131.6883408,102.06534107247572,580.9116495365624,0.68,50,0.148539114,0.445240339,0.078228087,296.24826845263783,1.2321534641151817,296.24826845263783,0.17,155.1546527129364,238.2867631062004,3.372722396711761e-09,22.007075566439237,-4.882352941,0.019151380375771566,0.9505771148640451,0.00452383,0.025747675259909945,0.42837522966386204,0.009487687,10465.100989156737,102.06534107247572,580.9116495365624,154.9996515,154.9996515,154.84465031010984,407.82470162189145,154.84465031007235,154.8446503100686,0.15500119989016525,0.40823701671087065,0.00100001,0.00100001,GOOD,1698.847365671268,296.2482685
18,Cucurbits,Sacramento River,509.0280591,202.62833470000004,12.01,1.97136542,111.99248627534328,96.81195394892592,1562.231794724549,546.6459552864201,0.05,50,0.046854775,0.228702604,0.653597591,73.83780651256517,0.9821817200073026,115.88410951176212,0.17,509.5370922640762,70.74380469120918,3.372722396711761e-09,22.007075566439237,-4.882352941,0.029503460902595226,0.6300103011664747,0.2522281941469011,0.088258044,9.918501266127189,0.039290565,9.586209027329106e-06,1562.231794724549,546.6459552864201,509.0280591,509.0280591,508.5190259657505,1002.4768232009626,508.5190259655139,508.51902596551446,0.5090331442495426,1.0034903382073708,0.00100001,0.00100001,GOOD,202.62833470000004,115.8841095
18,Field and Grain,Sacramento River,2502.085566,209.66138474146223,3.033618669654281,2.845649619,120.41792024340968,71.14124048,72.10238441858326,309.7467197151693,0.74,25,0.189326621,0.486998112,0.113362702,62.62442620510684,1.0563946444174763,62.62442620510684,0.17,2468.9752052332146,8.431805991779402e-10,3.372722396711761e-09,22.007075566439237,-4.882352941,0.005334577,0.9777493086548664,0.003194173,0.013721941359854401,1.460387902850928,0.00054009,57721.892868685216,72.10238441858326,309.7467197151693,2502.085566,2502.085566,2499.583455,7112.938707256967,2499.583455308293,2499.583455308288,2.502110561630161,7.1201299663980535,0.00100001,0.00100001,GOOD,209.66138474146223,62.62442621
18,Orchards,Sacramento River,344.06772140109985,2309.3340940204384,2.070881679913447,3.327741402,681.4685360114679,166.3870701,1653.2903473698298,1740.896726707907,0.13,50,0.142496355,0.364024786,0.345706127,540.3149879172385,1.0736870639817369,540.3149879172385,0.17,344.41179256655755,467.0811314154093,3.372722396711761e-09,22.007075566439237,-4.882352941,0.012842982340361481,0.949203513,0.018486948659580095,0.019466555562657504,1.136730622230974,0.022356958278397523,23.442843061424078,1653.2903473698298,1740.896726707907,344.06772140109985,344.06772140109985,343.72365024263706,1143.8234217589907,343.7236502425989,343.7236502425989,0.344071158,1.1449798392507091,0.00100001,0.00100001,GOOD,2309.3340940204384,540.3149879
18,Pasture,Sacramento River,57.69234791,231.3889921571432,4.999999999999999,3.965593094,219.0404801085371,39.65593094,131.15440681995278,563.4300115905577,0.51,10,0.189326621,0.486998112,0.113362702,203.6641313266683,1.1558528290458805,203.6641313266683,0.17,57.750040835164484,116.39302443922654,3.372722396711761e-09,22.007075566439237,-4.882352941,0.003138306,0.9903631839192354,0.001227077,0.005271434,1.9786889931645326,0.033986904412077516,1389.1112288092415,131.15440681995278,563.4300115905577,57.69234791,57.69234791,57.634654986040665,228.55558978771552,57.63465498601785,57.634654986015136,0.057692923959336895,0.22878666082581844,0.00100001,0.00100001,GOOD,231.3889921571432,203.6641313
18,Rice,Sacramento River,9479.980023,774.5349774121528,3.9116254159600112,4.534377778,378.0637021256366,226.71888889999997,216.55052111602456,1737.9885645152126,0.2,50,0.124786237,0.573652143,0.071476115,470.3690265385166,1.1274158085114319,470.3690265385166,0.17,9489.460097947553,370.5806321287609,3.372722396711761e-09,22.007075566439237,-4.882352941,0.001421662,0.994866703,0.000411226,0.003300409,1.3600207282911332,0.000527427,9564.021648755634,216.55052111602456,1737.9885645152126,9479.980023,9479.980023,9488.613880377203,43024.95992320473,9488.613880375937,9488.613880375935,-8.633857347,-39.14917089,0.000910746,0.000910746,GOOD,774.5349774121528,470.3690265
18,Safflower,Sacramento River,333.0285431,566.2726740179453,1.0344460085918803,2.357007476,114.57375794026017,23.57007476,66.16231051897915,248.51209391178716,0.74,10,0.195592287,0.424242424,0.112947658,132.9602703,1.2320269967669062,132.9602703,0.17,333.3615749663527,81.08942864404982,3.372722396711761e-09,22.007075566439237,-4.882352941,0.035758850623613204,0.9067321451566702,0.012091636756110281,0.045417367,0.6545650488371616,0.004057764,12483.543081451027,66.16231051897915,248.51209391178716,333.0285431,333.0285431,332.69551122001155,784.1658071772091,332.6955112198281,332.6955112,0.3330318699884742,0.7849586073091359,0.00100001,0.00100001,GOOD,566.2726740179453,132.9602703
18,Sunflowers,Sacramento River,2168.253742,3637.0574901200007,0.601701512,2.873453662,453.0267168133007,143.6726831,387.8950796863669,849.6060147832587,0.74,50,0.207010582,0.388227513,0.177248677,354.2224955746626,1.1363056425788198,354.2224955746626,0.17,2170.422017165841,290.9861836958504,3.372722396711761e-09,22.007075566439237,-4.882352941,0.019693052,0.9475519073988594,0.010267077149309072,0.022487964,0.33573124826009637,0.000623244,309056.48087852664,387.8950796863669,849.6060147832587,2168.253742,2168.253742,2166.085466317503,6224.146215395007,2166.0854663171735,2166.0854663171726,2.168275402497329,6.230438895529915,0.00100001,0.00100001,GOOD,3637.0574901200007,354.2224956
18,Tomatoes,Sacramento River,2957.8302119600003,98.36808723,45.12697658913721,2.666779844,378.0837202857285,133.3389922,916.1768531,2411.9869769892075,0.74,50,0.085172131,0.543356034,0.206390095,599.4678270921155,1.1010744988770471,599.4678270921155,0.17,2960.788071779788,540.7798015436304,3.372722396711761e-09,22.007075566439237,-4.882352941,0.033628233,0.8445688388470798,0.033529907,0.088273021,31.101496867156918,0.000456873,520680.7671541369,916.1768531,2411.9869769892075,2957.8302119600003,2957.8302119600003,2954.872352199385,7879.99403,2954.8723521990028,2954.8723521990028,2.957859760615065,7.887960790986654,0.00100001,0.00100001,GOOD,98.36808723,599.4678271
18,Walnuts,Sacramento River,4726.182147681973,1941.7018487746973,1.7189362872815137,4.942462794,854.2534686026536,247.1231397,299.3270611283979,911.6708834858882,0.13,50,0.25594369,0.273146576,0.089681664,1025.2872140234897,1.3746585683164616,1025.2872140234897,0.17,4730.908377138707,916.5180618290934,3.372722396711761e-09,22.007075566439237,-4.882352941,0.002028995,0.9965834129174197,0.000342977,0.001044616,0.54969479,0.001627594,496.4660493961045,299.3270611283979,911.6708834858882,4726.182147681973,4726.182147681973,4730.468767925923,23380.165883652895,4730.468767925602,4730.468767925601,-4.286620244,-21.18646107,0.000906994,0.000906994,GOOD,1941.7018487746973,1025.287214
19,Alfalfa,Sacramento River,885.5912872,280.6469987369378,5.962401488126662,3.537610105,471.66622240670006,35.37610105,252.5143028603122,311.8836592959672,1.86,10,0.281872792,0.186385019,0.150905255,601.8897972944199,1.4873882561689458,601.8897972944199,0.17,886.4768873619241,524.0373443851258,1.4767421608969085e-09,22.007075567254596,-4.882352941,0.017898835308562414,0.9719555083836495,0.004539214,0.005606442,2.9089943259774196,0.000607091,958042.3012403958,252.5143028603122,311.8836592959672,885.5912872,885.5912872,884.7056870758655,3129.7437785505504,884.7056870758137,884.7056870758133,0.8856001341345063,3.1329079835031735,0.00100001,0.00100001,GOOD,280.6469987369378,601.8897973
19,Almonds,Sacramento River,85.38099587340282,4683.240485829528,0.7387210677403597,3.971676207,752.6390797453652,198.5838104,323.8653982273295,1042.3323135081037,0.4,50,0.217550367,0.301286212,0.093613311,1142.1878103460713,1.4217812475867206,1142.1878103460713,0.17,85.46637772391286,1054.7828319291823,1.4767421608969085e-09,22.007075567254596,-4.882352941,0.007423534,0.9869651506335274,0.001330196,0.004281119,0.3090956295924707,0.029280521,5066.925812726486,323.8653982273295,1042.3323135081037,85.38099587340282,85.38099587340282,85.29561402504028,338.76656078470796,85.29561402503727,85.29561402503629,0.085381848,0.33910905565119265,0.00100001,0.00100001,GOOD,4683.240485829528,1142.18781
19,Beans Dry,Sacramento River,2373.365245,1370.7557480622177,1.280845402248742,2.293810917,149.5303492,114.6905459,124.74349656171437,884.8939850771033,1.68,50,0.085167237,0.504004546,0.071049516,481.86782085213576,1.3126421419712608,481.86782085213576,0.17,2375.7386335018195,431.3877506636274,1.4767421608969085e-09,22.007075567254596,-4.882352941,0.052319771,0.8567483015749462,0.011234890473541101,0.079697037,0.8778858595422662,0.000250799,1277262.4597910894,124.74349656171437,884.8939850771033,2373.365245,2373.365245,2370.991855545635,5438.607002368664,2370.9918555454333,2370.991856,2.373388954,5.4441054938097295,0.00100001,0.00100001,GOOD,1370.7557480622177,481.8678209
19,Corn,Sacramento River,2919.752874,229.08722102241552,6.113531917599918,2.826875063,123.44536013404992,141.3437532,122.52875673244314,782.4343077137593,0.3,50,0.088141761,0.558669339,0.087487293,230.77985990455204,1.1402757449281344,230.77985990455204,0.17,2922.6726559804365,168.56860677282543,1.4767421608969085e-09,22.007075567254596,-4.882352941,0.008661328,0.964496868,0.003634284,0.023207520375052696,3.186610681173848,0.001141649,9124.786261562114,122.52875673244314,782.4343077137593,2919.752874,2919.752874,2916.833091837862,8245.522730249642,2916.8330918374895,2916.833091837487,2.919782042138195,8.253859044314595,0.00100001,0.00100001,GOOD,229.08722102241552,230.7798599
19,Cucurbits,Sacramento River,820.3561021,202.62833470000004,12.01,1.97136542,111.99248627534328,96.81195394892592,1562.231794724549,546.6459552864201,0.05,50,0.046854775,0.228702604,0.653597591,73.83780651256517,0.9821817200073026,115.88410951176212,0.17,821.1764663634099,70.74380469100247,1.4767421608969085e-09,22.007075567254596,-4.882352941,0.029503460902055263,0.6300103011693283,0.25222819414518727,0.088258044,9.918501266,0.024379657,1.5449256539683096e-05,1562.231794724549,546.6459552864201,820.3561021,820.3561021,819.5357377526423,1615.6044138597474,819.5357377524715,819.5357377524721,0.8203642973577416,1.6172378076137193,0.00100001,0.00100001,GOOD,202.62833470000004,115.8841095
19,Field and Grain,Sacramento River,2332.390659,209.66138474146223,3.033618669654281,2.845649619,120.41792024340968,71.14124048,72.10238441858326,309.7467197151693,0.74,25,0.189326621,0.486998112,0.113362702,62.62442620510684,1.0563946444174763,62.62442620510684,0.17,2259.5053634504184,3.6918554022422714e-10,1.4767421608969085e-09,22.007075567254596,-4.882352941,0.005334577,0.9777493086553464,0.003194173,0.013721941359623124,1.4603879028458628,0.000579385,53807.11417711504,72.10238441858326,309.7467197151693,2332.390659,2332.390659,2330.058245,6630.529356138585,2330.0582446508874,2330.0582446508824,2.3324139591200037,6.637232894120643,0.00100001,0.00100001,GOOD,209.66138474146223,62.62442621
19,Orchards,Sacramento River,147.4132482111252,2309.3340940204384,2.070881679913447,3.327741402,681.4685360114679,166.3870701,1653.2903473698298,1740.896726707907,0.13,50,0.142496355,0.364024786,0.345706127,540.3149879172385,1.0736870639817369,540.3149879172385,0.17,147.56066293488163,467.0811314142289,1.4767421608969085e-09,22.007075567254596,-4.882352941,0.012842982340189485,0.9492035134379794,0.018486949,0.019466555562448945,1.1367306222284619,0.052181929,10.04391120710796,1653.2903473698298,1740.896726707907,147.4132482111252,147.4132482111252,147.2658334904199,490.06261120610856,147.26583349041076,147.26583349041073,0.14741472070528516,0.4905580693551883,0.00100001,0.00100001,GOOD,2309.3340940204384,540.3149879
19,Pasture,Sacramento River,143.6248932,231.3889921571432,4.999999999999999,3.965593094,219.0404801085371,39.65593094,131.15440681995278,563.4300115905577,0.51,10,0.189326621,0.486998112,0.113362702,203.6641313266683,1.1558528290458805,203.6641313266683,0.17,143.76851954064927,116.39302443711856,1.4767421608969085e-09,22.007075567254596,-4.882352941,0.003138306,0.9903631839195157,0.001227077,0.005271434,1.9786889931540532,0.013652120255076847,3458.1874220914397,131.15440681995278,563.4300115905577,143.6248932,143.6248932,143.4812668822447,568.9883210666005,143.48126688222027,143.48126688221757,0.1436263277552996,0.5695635734630287,0.00100001,0.00100001,GOOD,231.3889921571432,203.6641313
19,Rice,Sacramento River,30066.38798,774.5349774121528,3.9116254159600112,4.534377778,378.0637021256366,226.71888889999997,216.55052111602456,1737.9885645152126,0.2,50,0.124786237,0.573652143,0.071476115,470.3690265385166,1.1274158085114319,470.3690265385166,0.17,30096.45446372567,370.5806321264837,1.4767421608969085e-09,22.007075567254596,-4.882352941,0.001421662,0.9948667027562407,0.000411226,0.003300409,1.3600207282879537,0.000166299,30332.931588517822,216.55052111602456,1737.9885645152126,30066.38798,30066.38798,30086.29349722173,136422.6206561881,30086.293497219984,30086.293497219984,-19.90552147,-90.25915422,0.000662052,0.000662052,GOOD,774.5349774121528,470.3690265
19,Safflower,Sacramento River,299.7055416,566.2726740179453,1.0344460085918803,2.357007476,114.57375794026017,23.57007476,66.16231051897915,248.51209391178716,0.74,10,0.195592287,0.424242424,0.112947658,132.9602703,1.2320269967669062,132.9602703,0.17,300.0052500912494,81.08942864355951,1.4767421608969085e-09,22.007075567254596,-4.882352941,0.035758851,0.9067321451592201,0.012091636755836258,0.045417367,0.6545650488340171,0.00450893,11234.433556250942,66.16231051897915,248.51209391178716,299.7055416,299.7055416,299.4058330144471,705.7017867730594,299.4058330143704,299.40583301436527,0.2997085355528952,0.7064152589192645,0.00100001,0.00100001,GOOD,566.2726740179453,132.9602703
19,Sunflowers,Sacramento River,5882.627224,3637.0574901200007,0.601701512,2.873453662,453.0267168133007,143.6726831,387.8950796863669,849.6060147832587,0.74,50,0.207010582,0.388227513,0.177248677,354.2224955746626,1.1363056425788198,354.2224955746626,0.17,5888.50991,290.9861836949212,1.4767421608969085e-09,22.007075567254596,-4.882352941,0.019693051677039306,0.9475519073994931,0.010267077149199682,0.022487964,0.3357312482593485,0.000229719,838492.3005232082,387.8950796863669,849.6060147832587,5882.627224,5882.627224,5876.744537509129,16886.553111944104,5876.744537508736,5876.744537508736,5.882685990870414,16.90362560286303,0.00100001,0.00100001,GOOD,3637.0574901200007,354.2224956
19,Tomatoes,Sacramento River,6691.591683,98.36808723,45.12697658913721,2.666779844,378.0837202857285,133.3389922,916.1768531,2411.9869769892075,0.74,50,0.085172131,0.543356034,0.206390095,599.4678270921155,1.1010744988770471,599.4678270921155,0.17,6698.2833420261395,540.7798015428725,1.4767421608969085e-09,22.007075567254596,-4.882352941,0.033628232715425914,0.8445688388486483,0.033529906989581706,0.088273021,31.101496867095925,0.000201948,1177952.3642306926,916.1768531,2411.9869769892075,6691.591683,6691.591683,6684.900024827706,17827.156645365627,6684.900024827322,6684.900024827322,6.691658532294241,17.845180096854165,0.00100001,0.00100001,GOOD,98.36808723,599.4678271
19,Walnuts,Sacramento River,3190.8336312754723,1941.7018487746973,1.7189362872815137,4.942462794,854.2534686026536,247.1231397,299.3270611283979,911.6708834858882,0.13,50,0.25594369,0.273146576,0.089681664,1025.2872140234897,1.3746585683164616,1025.2872140234897,0.17,3194.0244968469606,916.5180618264883,1.4767421608969085e-09,22.007075567254596,-4.882352941,0.002028995,0.9965834129174636,0.000342977,0.001044616,0.5496947902589153,0.002410752,335.1839852330271,299.3270611283979,911.6708834858882,3190.8336312754723,3190.8336312754723,3193.510235146358,15783.805519469064,3193.510235146263,3193.510235146262,-2.676603871,-13.22901505,0.000838842,0.000838842,GOOD,1941.7018487746973,1025.287214
20,Alfalfa,Sacramento River,13377.93122,280.6469987369378,5.962401488126662,3.537610105,471.66622240670006,35.37610105,252.5143028603122,311.8836592959672,1.86,10,0.281872792,0.186385019,0.150905255,601.8897972944199,1.4873882561689458,601.8897972944199,0.17,13391.309253031503,524.0373443881429,6.028702557773474e-09,22.007075565430554,-4.882352941,0.017898835,0.971955508,0.004539214,0.005606442,2.908994326010738,4.01881576222822e-05,14472391.721462615,252.5143028603122,311.8836592959672,13377.93122,13377.93122,13391.309253029463,47373.230932697035,13391.309253026353,13391.309253026353,-13.37803122,-47.32625843,0.001000007,0.001000007,GOOD,280.6469987369378,601.8897973
20,Almonds,Sacramento River,23025.52736840409,4683.240485829528,0.7387210677403597,3.971676207,752.6390797453652,198.5838104,323.8653982273295,1042.3323135081037,0.4,50,0.217550367,0.301286212,0.093613311,1142.1878103460713,1.4217812475867206,1142.1878103460713,0.17,23048.55299577234,1054.7828319326836,6.028702557773474e-09,22.007075565430554,-4.882352941,0.007423534,0.9869651506331688,0.001330196,0.004281119,0.3090956295940662,0.000108575,1366447.3900939412,323.8653982273295,1042.3323135081037,23025.52736840409,23025.52736840409,23048.552995772116,91541.38953908668,23048.552995769285,23048.552995769285,-23.02562737,-91.45033637,0.001000004,0.001000004,GOOD,4683.240485829528,1142.18781
20,Beans Dry,Sacramento River,817.7688658,1370.7557480622177,1.280845402248742,2.293810917,149.5303492,114.6905459,124.74349656171437,884.8939850771033,1.68,50,0.085167237,0.504004546,0.071049516,481.86782085213576,1.3126421419712608,481.86782085213576,0.17,818.5866428,431.3877506645793,6.028702557773474e-09,22.007075565430554,-4.882352941,0.052319771417685186,0.8567483015714128,0.011234890473779362,0.079697037,0.8778858595462146,0.000727881,440094.7032779573,124.74349656171437,884.8939850771033,817.7688658,817.7688658,816.9510887448077,1873.931326017876,816.9510887444961,816.9510887444931,0.8177770351923073,1.875825890995884,0.00100001,0.00100001,GOOD,1370.7557480622177,481.8678209
20,Corn,Sacramento River,3586.941024,229.08722102241552,6.113531917599918,2.826875063,123.44536013404992,141.3437532,122.52875673244314,782.4343077137593,0.3,50,0.088141761,0.558669339,0.087487293,230.77985990455204,1.1402757449281344,230.77985990455204,0.17,3590.5280009683715,168.5686067746012,6.028702557773474e-09,22.007075565430554,-4.882352941,0.008661328,0.9644968675701094,0.003634284,0.023207520375615326,3.1866106811902166,0.000929297,11209.876859851645,122.52875673244314,782.4343077137593,3586.941024,3586.941024,3583.354047182611,10129.694197880648,3583.3540471807087,3583.3540471807055,3.5869768573888905,10.13993542971184,0.00100001,0.00100001,GOOD,229.08722102241552,230.7798599
20,Cucurbits,Sacramento River,2155.909705,202.62833470000004,12.01,1.97136542,111.99248627534328,96.81195394892592,1562.231794724549,546.6459552864201,0.05,50,0.046854775,0.228702604,0.653597591,73.83780651256517,0.9821817200073026,115.88410951176212,0.17,2158.0656363734875,70.74380469122221,6.028702557773474e-09,22.007075565430554,-4.882352941,0.029503460903273788,0.6300103011629382,0.25222819414901826,0.088258044,9.918501266144808,0.009276826,4.0600907370757656e-05,1562.231794724549,546.6459552864201,2155.909705,2155.909705,2153.7537738474575,4245.835712957378,2153.7537738456795,2153.753774,2.155931242542465,4.250128299,0.00100001,0.00100001,GOOD,202.62833470000004,115.8841095
20,Field and Grain,Sacramento River,19853.93101,209.66138474146223,3.033618669654281,2.845649619,120.41792024340968,71.14124048,72.10238441858326,309.7467197151693,0.74,25,0.189326621,0.486998112,0.113362702,62.62442620510684,1.0563946444174763,62.62442620510684,0.17,19716.301801571524,1.5071756394433684e-09,6.028702557773474e-09,22.007075565430554,-4.882352941,0.005334577,0.9777493086542557,0.003194173,0.013721941360140277,1.460387902857371,6.80646744722096e-05,458020.49880204874,72.10238441858326,309.7467197151693,19853.93101,19853.93101,19834.07698,56440.833605245956,19834.07698136117,19834.076981361162,19.854031012197083,56.49761578546895,0.001000005,0.001000005,GOOD,209.66138474146223,62.62442621
20,Grapes,Sacramento River,4729.348829892302,1768.0889120560998,10.326529587090809,2.661751325,5707.511085000792,133.0875663,6066.297444181566,4560.422483661467,0.13,50,0.312599493,0.249773629,0.332250166,1790.9038838606887,1.0559571805532408,1790.9038838606887,0.17,4734.078226062884,1732.3265213105396,6.028702557773474e-09,22.007075565430554,-4.882352941,0.18195247138967827,0.5581550341834073,0.14836047109636882,0.11153202333054561,8.754624791378559,0.001626505,2087.283176,6066.297444181566,4560.422483661467,4729.348829892302,4729.348829892302,4727.886828822058,12584.459031067161,4727.886828821896,4727.886828821897,1.4620010702437867,3.891483285873619,0.000309134,0.000309134,GOOD,1768.0889120560998,1790.903884
20,Onions and Garlic,Sacramento River,237.0066782,237.8260314266701,20.657682299126733,2.113494575,788.8094009671698,105.67472874999999,1375.299473093079,2049.3896255984805,0.41,50,0.160557684,0.417141646,0.279934415,593.7613712655523,1.0833057822843928,593.7613712655523,0.17,237.24368720029486,547.2495364,6.028702557773474e-09,22.007075565430554,-4.882352941,0.1255974887732645,0.5524613613424263,0.1292863325818492,0.19265481730245998,17.63453341321487,0.010290952176040626,11327.008402474108,1375.299473093079,2049.3896255984805,237.0066782,237.0066782,236.7696691042479,500.4114112,236.76966910418997,236.76966910418986,0.23700904575210302,0.5009173324230005,0.00100001,0.00100001,GOOD,237.8260314266701,593.7613713
20,Orchards,Sacramento River,2480.2952873491545,2309.3340940204384,2.070881679913447,3.327741402,681.4685360114679,166.3870701,1653.2903473698298,1740.896726707907,0.13,50,0.142496355,0.364024786,0.345706127,540.3149879172385,1.0736870639817369,540.3149879172385,0.17,2482.775607463917,467.0811314167538,6.028702557773474e-09,22.007075565430554,-4.882352941,0.012842982340576407,0.9492035134366829,0.018486949,0.019466555562915468,1.136730622234091,0.003101368,168.99339737714251,1653.2903473698298,1740.896726707907,2480.2952873491545,2480.2952873491545,2479.4480220279625,8250.961837009458,2479.448022027486,2479.448022027486,0.847265321,2.819479887810303,0.000341599,0.000341599,GOOD,2309.3340940204384,540.3149879
20,Pasture,Sacramento River,6532.777146,231.3889921571432,4.999999999999999,3.965593094,219.0404801085371,39.65593094,131.15440681995278,563.4300115905577,0.51,10,0.189326621,0.486998112,0.113362702,203.6641313266683,1.1558528290458805,203.6641313266683,0.17,6539.309988838026,116.39302444076205,6.028702557773474e-09,22.007075565430554,-4.882352941,0.003138306,0.9903631839188958,0.001227077,0.005271434,1.978688993177232,0.000300146,157295.6278956071,131.15440681995278,563.4300115905577,6532.777146,6532.777146,6539.309988839156,25932.242531265772,6539.309988835484,6539.309988835481,-6.532842539,-25.90659526,0.00100001,0.00100001,GOOD,231.3889921571432,203.6641313
20,Pistachios,Sacramento River,2428.649109745126,4908.224613268352,1.2498253980439933,3.663925668,1599.315875,183.1962834,319.3169032470521,1583.0678593976154,0.4,50,0.260711671,0.258063009,0.052053284,2449.526860364615,1.585474027824466,2449.526860364615,0.17,2431.0777831655814,2368.8945713183607,6.028702557773474e-09,22.007075565430554,-4.882352941,0.025536487803897397,0.9622211611534548,0.002054889,0.010187461989621931,0.6446927249296105,0.001029379,316434.08312768233,319.3169032470521,1583.0678593976154,2428.649109745126,2428.649109745126,2429.721857545519,8902.320279961667,2429.7218575453667,2429.7218575453658,-1.0727478,-3.930468201,0.000441706,0.000441706,GOOD,4908.224613268352,2449.52686
20,Rice,Sacramento River,4557.633767,774.5349774121528,3.9116254159600112,4.534377778,378.0637021256366,226.71888889999997,216.55052111602456,1737.9885645152126,0.2,50,0.124786237,0.573652143,0.071476115,470.3690265385166,1.1274158085114319,470.3690265385166,0.17,4562.191446528622,370.5806321313734,6.028702557773474e-09,22.007075565430554,-4.882352941,0.001421662,0.9948667027560937,0.000411226,0.003300409,1.360020728295076,0.001097061,4598.037961080713,216.55052111602456,1737.9885645152126,4557.633767,4557.633767,4562.1914465289265,20686.699514122436,4562.191446527817,4562.191446527816,-4.557679389,-20.66624014,0.00100001,0.00100001,GOOD,774.5349774121528,470.3690265
20,Safflower,Sacramento River,2131.617303,566.2726740179453,1.0344460085918803,2.357007476,114.57375794026017,23.57007476,66.16231051897915,248.51209391178716,0.74,10,0.195592287,0.424242424,0.112947658,132.9602703,1.2320269967669062,132.9602703,0.17,2133.7489416485287,81.08942864442301,6.028702557773474e-09,22.007075565430554,-4.882352941,0.035758851,0.9067321451535033,0.012091637,0.045417367,0.6545650488410677,0.000633956,79903.47070086184,66.16231051897915,248.51209391178716,2131.617303,2131.617303,2129.4856644122374,5019.213631,2129.4856644101374,2129.4856644101324,2.131638597762503,5.024288111057103,0.00100001,0.00100001,GOOD,566.2726740179453,132.9602703
20,Subtropical,Sacramento River,3201.1188067919984,1426.1226571367167,2.926176067700632,2.972946835,843.5231850739846,148.6473418,1803.596751636908,668.3511361167175,0.13,50,0.202134149,0.160157528,0.432197361,708.9675743,1.1472955404092273,708.9675743,0.17,3204.319957641741,643.5417086871581,6.028702557773474e-09,22.007075565430554,-4.882352941,0.031179289827874122,0.9169913784767071,0.037816013334455126,0.014013318360963731,1.776643758389682,0.002403006,282.38932960086487,1803.596751636908,668.3511361167175,3201.1188067919984,3201.1188067919984,3198.079252418923,9507.719591558001,3198.0792524184258,3198.079252418426,3.039554373075589,9.036433553246752,0.000949529,0.000949529,GOOD,1426.1226571367167,708.9675743
20,Sunflowers,Sacramento River,11583.59052,3637.0574901200007,0.601701512,2.873453662,453.0267168133007,143.6726831,387.8950796863669,849.6060147832587,0.74,50,0.207010582,0.388227513,0.177248677,354.2224955746626,1.1363056425788198,354.2224955746626,0.17,11595.17421022916,290.9861836967561,6.028702557773474e-09,22.007075565430554,-4.882352941,0.019693051677677695,0.947551907,0.010267077149444371,0.022487963774803905,0.3357312482610234,0.000116661,1651090.7616946702,387.8950796863669,849.6060147832587,11583.59052,11583.59052,11572.00683,33251.62540002646,11572.006829187356,11572.006829187356,11.583690519499214,33.28519794,0.001000009,0.001000009,GOOD,3637.0574901200007,354.2224956
20,Tomatoes,Sacramento River,14273.56348,98.36808723,45.12697658913721,2.666779844,378.0837202857285,133.3389922,916.1768531,2411.9869769892075,0.74,50,0.085172131,0.543356034,0.206390095,599.4678270921155,1.1010744988770471,599.4678270921155,0.17,14287.837145862082,540.7798015443285,6.028702557773474e-09,22.007075565430554,-4.882352941,0.033628233,0.8445688388451373,0.033529907,0.088273021,31.10149686723245,9.467512110900177e-05,2512642.5289671225,916.1768531,2411.9869769892075,14273.56348,14273.56348,14259.289818897772,38026.386678790994,14259.289818894462,14259.289818894462,14.273663482226766,38.06471807444177,0.001000007,0.001000007,GOOD,98.36808723,599.4678271
20,Truck,Sacramento River,2296.228173,742.5153484316094,22.835,2.662234731,945.7732119,133.1117366,5245.145436,4255.029216878539,0.41,50,0.055780263,0.25095514,0.309350686,6376.278380229864,1.5264060836617286,6376.278380229864,0.17,2298.524423657718,6317.690379327379,6.028702557773474e-09,22.007075565430554,-4.882352941,0.18337273483029998,0.5767867282719106,0.13241846002140176,0.10742207687638772,19.192192452344308,0.001062187,596606.2899312105,5245.145436,4255.029216878539,2296.228173,2296.228173,2293.936396217879,6106.997144716214,2293.9363962177968,2293.9363962177968,2.291776282120736,6.101246413943954,0.000998061,0.000998061,GOOD,742.5153484316094,6376.27838
20,Walnuts,Sacramento River,13714.386523347324,1941.7018487746973,1.7189362872815137,4.942462794,854.2534686026536,247.1231397,299.3270611283979,911.6708834858882,0.13,50,0.25594369,0.273146576,0.089681664,1025.2872140234897,1.3746585683164616,1025.2872140234897,0.17,13728.101009870496,916.5180618320912,6.028702557773474e-09,22.007075565430554,-4.882352941,0.002028995,0.9965834129173656,0.000342977,0.001044616,0.5496947902617947,0.000560893,1440.6400524551073,299.3270611283979,911.6708834858882,13714.386523347324,13714.386523347324,13728.101009870537,67850.62847355894,13728.101009868877,13728.101009868875,-13.71448652,-67.78333938,0.001000007,0.001000007,GOOD,1941.7018487746973,1025.287214
21,Alfalfa,Sacramento River,2820.117856,280.6469987369378,5.962401488126662,3.537610105,471.66622240670006,35.37610105,252.5143028603122,311.8836592959672,1.86,10,0.281872792,0.186385019,0.150905255,601.8897972944199,1.4873882561689458,601.8897972944199,0.17,2822.938002465642,524.0373443896762,7.69453388614802e-09,22.007075564647042,-4.882352941,0.017898835310169805,0.9719555083812408,0.004539214,0.005606442,2.9089943260250326,0.000190643,3050834.2165601035,252.5143028603122,311.8836592959672,2820.117856,2820.117856,2821.359491898879,9980.869848,2821.359491898039,2821.3594918980384,-1.241635519,-4.392422358,0.000440278,0.000440278,GOOD,280.6469987369378,601.8897973
21,Beans Dry,Sacramento River,766.5284989,1370.7557480622177,1.280845402248742,2.293810917,149.5303492,114.6905459,124.74349656171437,884.8939850771033,1.68,50,0.085167237,0.504004546,0.071049516,481.86782085213576,1.3126421419712608,481.86782085213576,0.17,767.2950350917278,431.3877506650129,7.69453388614802e-09,22.007075564647042,-4.882352941,0.052319771,0.8567483015699151,0.011234890473881971,0.079697037,0.8778858595478877,0.000776537,412518.9236261549,124.74349656171437,884.8939850771033,766.5284989,766.5284989,765.7619627635538,1756.5131500103873,765.7619627632092,765.7619628,0.7665361564461364,1.7582890039313952,0.00100001,0.00100001,GOOD,1370.7557480622177,481.8678209
21,Corn,Sacramento River,1242.029787,229.08722102241552,6.113531917599918,2.826875063,123.44536013404992,141.3437532,122.52875673244314,782.4343077137593,0.3,50,0.088141761,0.558669339,0.087487293,230.77985990455204,1.1402757449281344,230.77985990455204,0.17,1243.2718292994339,168.56860677557253,7.69453388614802e-09,22.007075564647042,-4.882352941,0.008661328,0.9644968675696616,0.003634284,0.023207520375857087,3.1866106811972124,0.002683779,3881.5806772867663,122.52875673244314,782.4343077137593,1242.029787,1242.029787,1240.7877448852162,3507.551934492023,1240.7877448843824,1240.7877448843792,1.242042194783835,3.5110981076286407,0.00100001,0.00100001,GOOD,229.08722102241552,230.7798599
21,Cucurbits,Sacramento River,316.512091,202.62833470000004,12.01,1.97136542,111.99248627534328,96.81195394892592,1562.231794724549,546.6459552864201,0.05,50,0.046854775,0.228702604,0.653597591,73.83780651256517,0.9821817200073026,115.88410951176212,0.17,316.8286062283883,70.74380469163812,7.69453388614802e-09,22.007075564647042,-4.882352941,0.029503460903802257,0.6300103011601899,0.2522281941506628,0.088258044,9.918501266158502,0.063188739,5.960675466550014e-06,1562.231794724549,546.6459552864201,316.512091,316.512091,316.19557571715603,623.3370239,316.19557571680855,316.1955757168091,0.3165152528439421,0.6239672243591485,0.00100001,0.00100001,GOOD,202.62833470000004,115.8841095
21,Field and Grain,Sacramento River,4325.597595,209.66138474146223,3.033618669654281,2.845649619,120.41792024340968,71.14124048,72.10238441858326,309.7467197151693,0.74,25,0.189326621,0.486998112,0.113362702,62.62442620510684,1.0563946444174763,62.62442620510684,0.17,4291.186395655473,1.923633471537005e-09,7.69453388614802e-09,22.007075564647042,-4.882352941,0.005334577,0.977749309,0.003194173,0.013721941360362642,1.460387902862149,0.000312408,99789.42541884219,72.10238441858326,309.7467197151693,4325.597595,4325.597595,4321.271954072569,12296.825889701993,4321.271954071558,4321.271954071553,4.325640807430318,12.309258115594275,0.00100001,0.00100001,GOOD,209.66138474146223,62.62442621
21,Orchards,Sacramento River,58.57811847460718,2309.3340940204384,2.070881679913447,3.327741402,681.4685360114679,166.3870701,1653.2903473698298,1740.896726707907,0.13,50,0.142496355,0.364024786,0.345706127,540.3149879172385,1.0736870639817369,540.3149879172385,0.17,58.63669717931732,467.08113141909524,7.69453388614802e-09,22.007075564647042,-4.882352941,0.012842982340753293,0.949203513,0.018486949,0.019466556,1.1367306222365534,0.1313170837954142,3.991184155973949,1653.2903473698298,1740.896726707907,58.57811847460718,58.57811847460718,58.54900337900653,194.83594259015794,58.54900337898614,58.54900337898613,0.029115096,0.096887509,0.00049703,0.00049703,GOOD,2309.3340940204384,540.3149879
21,Pasture,Sacramento River,446.9982829,231.3889921571432,4.999999999999999,3.965593094,219.0404801085371,39.65593094,131.15440681995278,563.4300115905577,0.51,10,0.189326621,0.486998112,0.113362702,203.6641313266683,1.1558528290458805,203.6641313266683,0.17,447.4452856167854,116.39302444273353,7.69453388614802e-09,22.007075564647042,-4.882352941,0.003138306,0.9903631839186283,0.001227077,0.005271434,1.9786889931872296,0.004386559,10762.784952944161,131.15440681995278,563.4300115905577,446.9982829,446.9982829,447.44528561703413,1774.3859345857682,447.4452856166996,447.4452856166974,-0.447002757,-1.772631046,0.00100001,0.00100001,GOOD,231.3889921571432,203.6641313
21,Pistachios,Sacramento River,1664.057984,4908.224613268352,1.2498253980439933,3.663925668,1599.315875,183.1962834,319.3169032470521,1583.0678593976154,0.4,50,0.260711671,0.258063009,0.052053284,2449.526860364615,1.585474027824466,2449.526860364615,0.17,1665.7220582299433,2368.894571319954,7.69453388614802e-09,22.007075564647042,-4.882352941,0.025536488,0.9622211611530392,0.002054889,0.010187462,0.6446927249309984,0.001502351,216813.8082177738,319.3169032470521,1583.0678593976154,1664.057984,1664.057984,1664.5636174186893,6098.837363879267,1664.5636174185597,1664.5636174185586,-0.50563383,-1.852604767,0.000303856,0.000303856,GOOD,4908.224613268352,2449.52686
21,Rice,Sacramento River,9187.880948,774.5349774121528,3.9116254159600112,4.534377778,378.0637021256366,226.71888889999997,216.55052111602456,1737.9885645152126,0.2,50,0.124786237,0.573652143,0.071476115,470.3690265385166,1.1274158085114319,470.3690265385166,0.17,9197.068920768374,370.58063213364943,7.69453388614802e-09,22.007075564647042,-4.882352941,0.001421662,0.9948667027560304,0.000411226,0.003300409,1.3600207282981251,0.000544195,9269.333065948236,216.55052111602456,1737.9885645152126,9187.880948,9187.880948,9197.068920768403,41702.984937066685,9197.068921,9197.068921,-9.187972918,-41.66174023,0.00100001,0.00100001,GOOD,774.5349774121528,470.3690265
21,Safflower,Sacramento River,1844.857356,566.2726740179453,1.0344460085918803,2.357007476,114.57375794026017,23.57007476,66.16231051897915,248.51209391178716,0.74,10,0.195592287,0.424242424,0.112947658,132.9602703,1.2320269967669062,132.9602703,0.17,1846.702232192635,81.08942864497973,7.69453388614802e-09,22.007075564647042,-4.882352941,0.035758850626354206,0.9067321451510647,0.012091636756712588,0.045417367465868545,0.654565049,0.000732496,69154.30153,66.16231051897915,248.51209391178716,1844.857356,1844.857356,1843.0124805836033,4343.994195096858,1843.0124805813525,1843.0124805813475,1.844875786396642,4.348386020828912,0.00100001,0.00100001,GOOD,566.2726740179453,132.9602703
21,Sunflowers,Sacramento River,2245.125663,3637.0574901200007,0.601701512,2.873453662,453.0267168133007,143.6726831,387.8950796863669,849.6060147832587,0.74,50,0.207010582,0.388227513,0.177248677,354.2224955746626,1.1363056425788198,354.2224955746626,0.17,2247.3708110464063,290.9861836977726,7.69453388614802e-09,22.007075564647042,-4.882352941,0.019693052,0.947551907,0.010267077149549511,0.022487963775034193,0.3357312482617411,0.000601905,320013.57735944825,387.8950796863669,849.6060147832587,2245.125663,2245.125663,2242.8805148184715,6444.813228733582,2242.880514817692,2242.8805148176916,2.2451480915283355,6.451329005334628,0.00100001,0.00100001,GOOD,3637.0574901200007,354.2224956
21,Tomatoes,Sacramento River,3226.628805,98.36808723,45.12697658913721,2.666779844,378.0837202857285,133.3389922,916.1768531,2411.9869769892075,0.74,50,0.085172131,0.543356034,0.206390095,599.4678270921155,1.1010744988770471,599.4678270921155,0.17,3229.8554664137505,540.7798015451773,7.69453388614802e-09,22.007075564647042,-4.882352941,0.033628232716755836,0.8445688388436311,0.033529907,0.088273021,31.101496867291022,0.000418812,567998.6480900801,916.1768531,2411.9869769892075,3226.628805,3226.628805,3223.4021442708104,8596.103867447779,3223.4021442698563,3223.402144269856,3.226661039189821,8.604794622729969,0.00100001,0.00100001,GOOD,98.36808723,599.4678271
21,Walnuts,Sacramento River,2614.363230716233,1941.7018487746973,1.7189362872815137,4.942462794,854.2534686026536,247.1231397,299.3270611283979,911.6708834858882,0.13,50,0.25594369,0.273146576,0.089681664,1025.2872140234897,1.3746585683164616,1025.2872140234897,0.17,2616.977620116658,916.5180618,7.69453388614802e-09,22.007075564647042,-4.882352941,0.002028995,0.9965834129173236,0.000342977,0.001044616,0.5496947902630294,0.002942326,274.6281341443535,299.3270611283979,911.6708834858882,2614.363230716233,2614.363230716233,2616.9776201165814,12934.31452015687,2616.9776201161762,2616.9776201161753,-2.6143894,-12.92152234,0.00100001,0.00100001,GOOD,1941.7018487746973,1025.287214
22,Alfalfa,Sacramento River,1791.120916,280.6469987369378,5.962401488126662,3.537610105,471.66622240670006,35.37610105,252.5143028603122,311.8836592959672,1.86,10,0.281872792,0.186385019,0.150905255,601.8897972944199,1.4873882561689458,601.8897972944199,0.17,1792.9120548748451,524.0373443932024,1.0841878956657858e-08,22.007075563001795,-4.882352941,0.017898835311181867,0.971955508,0.004539214,0.005606442,2.908994326055033,0.000300166,1937654.1176383526,252.5143028603122,311.8836592959672,1791.120916,1791.120916,1789.3297772208023,6329.951101,1789.3297772200378,1789.3297772200374,1.7911388091977187,6.336350750874772,0.00100001,0.00100001,GOOD,280.6469987369378,601.8897973
22,Almonds,Sacramento River,193.38982120928543,4683.240485829528,0.7387210677403597,3.971676207,752.6390797453652,198.5838104,323.8653982273295,1042.3323135081037,0.4,50,0.217550367,0.301286212,0.093613311,1142.1878103460713,1.4217812475867206,1142.1878103460713,0.17,193.5832129661753,1054.7828319395383,1.0841878956657858e-08,22.007075563001795,-4.882352941,0.007423534,0.9869651506326875,0.001330196,0.004281119,0.3090956295962079,0.012927257413897256,11476.697677108621,323.8653982273295,1042.3323135081037,193.38982120928543,193.38982120928543,193.1964294565524,767.3136621499431,193.19642945649883,193.19642945649784,0.1933917527330209,0.768089423,0.00100001,0.00100001,GOOD,4683.240485829528,1142.18781
22,Beans Dry,Sacramento River,431.3635937,1370.7557480622177,1.280845402248742,2.293810917,149.5303492,114.6905459,124.74349656171437,884.8939850771033,1.68,50,0.085167237,0.504004546,0.071049516,481.86782085213576,1.3126421419712608,481.86782085213576,0.17,431.7949616312991,431.38775066671536,1.0841878956657858e-08,22.007075563001795,-4.882352941,0.052319771,0.8567483015667368,0.01123489,0.079697037,0.8778858595514392,0.001379899,232144.85257119898,124.74349656171437,884.8939850771033,431.3635937,431.3635937,430.9322258170112,988.4770440661697,430.9322258167137,430.93222581671057,0.43136790298876804,0.9894764051189213,0.00100001,0.00100001,GOOD,1370.7557480622177,481.8678209
22,Corn,Sacramento River,536.598066,229.08722102241552,6.113531917599918,2.826875063,123.44536013404992,141.3437532,122.52875673244314,782.4343077137593,0.3,50,0.088141761,0.558669339,0.087487293,230.77985990455204,1.1402757449281344,230.77985990455204,0.17,537.1346693863487,168.56860677811005,1.0841878956657858e-08,22.007075563001795,-4.882352941,0.008661328,0.9644968675687166,0.003634284,0.02320752,3.186610681211967,0.006211974,1676.9716040191156,122.52875673244314,782.4343077137593,536.598066,536.598066,536.0614625235081,1515.3787806430141,536.0614625229608,536.0614625229576,0.5366034264918653,1.5169108450702424,0.00100001,0.00100001,GOOD,229.08722102241552,230.7798599
22,Cucurbits,Sacramento River,224.1489594,202.62833470000004,12.01,1.97136542,111.99248627534328,96.81195394892592,1562.231794724549,546.6459552864201,0.05,50,0.046854775,0.228702604,0.653597591,73.83780651256517,0.9821817200073026,115.88410951176212,0.17,224.37311062089245,70.74380469303837,1.0841878956657858e-08,22.007075563001795,-4.882352941,0.029503460904939514,0.6300103011544014,0.2522281941541083,0.088258044,9.918501266187342,0.089226379,4.221258022665505e-06,1562.231794724549,546.6459552864201,224.1489594,224.1489594,223.9248082213814,441.43762360776293,223.92480822098335,223.9248082209839,0.224151199,0.44188392180831215,0.00100001,0.00100001,GOOD,202.62833470000004,115.8841095
22,Field and Grain,Sacramento River,7914.665737,209.66138474146223,3.033618669654281,2.845649619,120.41792024340968,71.14124048,72.10238441858326,309.7467197151693,0.74,25,0.189326621,0.486998112,0.113362702,62.62442620510684,1.0563946444174763,62.62442620510684,0.17,7871.453271856254,2.7104697391644646e-09,1.0841878956657858e-08,22.007075563001795,-4.882352941,0.005334577,0.977749309,0.003194173,0.013721941360829831,1.4603879028719813,0.00017074,182587.4758353248,72.10238441858326,309.7467197151693,7914.665737,7914.665737,7906.750992655101,22499.842949776863,7906.750992657194,7906.750992657189,7.9147448048988736,22.522590538541408,0.00100001,0.00100001,GOOD,209.66138474146223,62.62442621
22,Orchards,Sacramento River,805.1334436176987,2309.3340940204384,2.070881679913447,3.327741402,681.4685360114679,166.3870701,1653.2903473698298,1740.896726707907,0.13,50,0.142496355,0.364024786,0.345706127,540.3149879172385,1.0736870639817369,540.3149879172385,0.17,805.9385851,467.0811314213601,1.0841878956657858e-08,22.007075563001795,-4.882352941,0.012842982341091567,0.9492035134349567,0.018486948660415017,0.019466555563536665,1.1367306222415854,0.009554078,54.85727311318511,1653.2903473698298,1740.896726707907,805.1334436176987,805.1334436176987,804.3283021309588,2676.5965918015563,804.3283021306737,804.3283021306736,0.8051414867398989,2.679302659892528,0.00100001,0.00100001,GOOD,2309.3340940204384,540.3149879
22,Pasture,Sacramento River,891.86252,231.3889921571432,4.999999999999999,3.965593094,219.0404801085371,39.65593094,131.15440681995278,563.4300115905577,0.51,10,0.189326621,0.486998112,0.113362702,203.6641313266683,1.1558528290458805,203.6641313266683,0.17,892.7543914061308,116.39302444693818,1.0841878956657858e-08,22.007075563001795,-4.882352941,0.003138306,0.9903631839180698,0.001227077,0.005271434,1.9786889932081233,0.002198528,21474.186541891155,131.15440681995278,563.4300115905577,891.86252,891.86252,890.9706485305921,3533.227050769617,890.9706485296514,890.9706485296487,0.8918714294078427,3.5367991811958746,0.00100001,0.00100001,GOOD,231.3889921571432,203.6641313
22,Pistachios,Sacramento River,335.9852045803878,4908.224613268352,1.2498253980439933,3.663925668,1599.315875,183.1962834,319.3169032470521,1583.0678593976154,0.4,50,0.260711671,0.258063009,0.052053284,2449.526860364615,1.585474027824466,2449.526860364615,0.17,336.32119314811257,2368.8945713240587,1.0841878956657858e-08,22.007075563001795,-4.882352941,0.025536487804792115,0.9622211611521637,0.002054889,0.010187461989951881,0.6446927249339218,0.007440804,43776.258056138824,319.3169032470521,1583.0678593976154,335.9852045803878,335.9852045803878,335.64921601966984,1229.7937780185453,335.6492160196286,335.6492160196275,0.3359885607179649,1.2310371117687282,0.00100001,0.00100001,GOOD,4908.224613268352,2449.52686
22,Rice,Sacramento River,19353.51941,774.5349774121528,3.9116254159600112,4.534377778,378.0637021256366,226.71888889999997,216.55052111602456,1737.9885645152126,0.2,50,0.124786237,0.573652143,0.071476115,470.3690265385166,1.1274158085114319,470.3690265385166,0.17,19372.873030810966,370.58063213874965,1.0841878956657858e-08,22.007075563001795,-4.882352941,0.001421662,0.9948667027558982,0.000411226,0.003300409,1.3600207283045251,0.000258351,19525.09163342633,216.55052111602456,1737.9885645152126,19353.51941,19353.51941,19364.73765,87807.03609928947,19364.73765491618,19364.73765491618,-11.21824352,-50.86775415,0.000579649,0.000579649,GOOD,774.5349774121528,470.3690265
22,Safflower,Sacramento River,206.5091157,566.2726740179453,1.0344460085918803,2.357007476,114.57375794026017,23.57007476,66.16231051897915,248.51209391178716,0.74,10,0.195592287,0.424242424,0.112947658,132.9602703,1.2320269967669062,132.9602703,0.17,206.71562686086577,81.08942864723578,1.0841878956657858e-08,22.007075563001795,-4.882352941,0.035758851,0.9067321451458221,0.012091636757264216,0.045417367,0.6545650488505403,0.006543785,7740.974447493296,66.16231051897915,248.51209391178716,206.5091157,206.5091157,206.30260450134904,486.25678112795094,206.3026045,206.3026045009039,0.20651117865097035,0.4867483919579172,0.00100001,0.00100001,GOOD,566.2726740179453,132.9602703
22,Sunflowers,Sacramento River,247.4237138,3637.0574901200007,0.601701512,2.873453662,453.0267168133007,143.6726831,387.8950796863669,849.6060147832587,0.74,50,0.207010582,0.388227513,0.177248677,354.2224955746626,1.1363056425788198,354.2224955746626,0.17,247.67113994992226,290.98618370075644,1.0841878956657858e-08,22.007075563001795,-4.882352941,0.019693052,0.9475519073961768,0.010267077149770128,0.022487964,0.3357312482632628,0.005461689,35267.04499096419,387.8950796863669,849.6060147832587,247.4237138,247.4237138,247.17628757455216,710.2496086906621,247.17628757440613,247.1762875744055,0.24742618544783568,0.7109676786498085,0.00100001,0.00100001,GOOD,3637.0574901200007,354.2224956
22,Tomatoes,Sacramento River,188.6409119,98.36808723,45.12697658913721,2.666779844,378.0837202857285,133.3389922,916.1768531,2411.9869769892075,0.74,50,0.085172131,0.543356034,0.206390095,599.4678270921155,1.1010744988770471,599.4678270921155,0.17,188.8295547,540.7798015480306,1.0841878956657858e-08,22.007075563001795,-4.882352941,0.033628233,0.8445688388404462,0.033529906991236404,0.088273021,31.10149686741486,0.007163618,33207.347174041715,916.1768531,2411.9869769892075,188.6409119,188.6409119,188.4522691136338,502.5607128283024,188.45226911353257,188.45226911353225,0.18864279636619585,0.5030688070651195,0.00100001,0.00100001,GOOD,98.36808723,599.4678271
22,Truck,Sacramento River,66.21197393,742.5153484316094,22.835,2.662234731,945.7732119,133.1117366,5245.145436,4255.029216878539,0.41,50,0.055780263,0.25095514,0.309350686,6376.278380229864,1.5264060836617286,6376.278380229864,0.17,66.27818656668656,6317.690379332576,1.0841878956657858e-08,22.007075563001795,-4.882352941,0.18337273483407385,0.5767867282635314,0.13241846002394445,0.10742207687845046,19.192192452420613,0.036836605910925795,17203.20331773458,5245.145436,4255.029216878539,66.21197393,66.21197393,66.14576129473001,176.09554302726573,66.14576129,66.14576129472253,0.066212635,0.17627357724680337,0.00100001,0.00100001,GOOD,742.5153484316094,6376.27838
22,Walnuts,Sacramento River,3203.655249,1941.7018487746973,1.7189362872815137,4.942462794,854.2534686026536,247.1231397,299.3270611283979,911.6708834858882,0.13,50,0.25594369,0.273146576,0.089681664,1025.2872140234897,1.3746585683164616,1025.2872140234897,0.17,3206.858936179016,916.5180618405236,1.0841878956657858e-08,22.007075563001795,-4.882352941,0.002028995,0.9965834129172357,0.000342977,0.001044616,0.5496947902656194,0.002401103,336.5308435731442,299.3270611283979,911.6708834858882,3203.655249,3203.655249,3206.270297504749,15846.871652924532,3206.2702975040434,3206.270297504043,-2.615048643,-12.92478062,0.00081627,0.00081627,GOOD,1941.7018487746973,1025.287214
23,Alfalfa,Sacramento River,1157.374577,280.6469987369378,5.962401488126662,3.537610105,471.66622240670006,35.37610105,252.5143028603122,311.8836592959672,1.86,10,0.281872792,0.186385019,0.150905255,601.8897972944199,1.4873882561689458,601.8897972944199,0.17,1158.5319634125146,524.0373443849204,1.0741166884878466e-09,22.00707556739588,-4.882352941,0.017898835308474883,0.9719555083837806,0.004539214,0.005606442,2.908994325974831,0.000464529,1252060.4249379416,252.5143028603122,311.8836592959672,1157.374577,1157.374577,1156.2171911106975,4090.245619,1156.217191110648,1156.2171911106475,1.157386139302389,4.094380901783097,0.00100001,0.00100001,GOOD,280.6469987369378,601.8897973
23,Almonds,Sacramento River,3030.331666330684,4683.240485829528,0.7387210677403597,3.971676207,752.6390797453652,198.5838104,323.8653982273295,1042.3323135081037,0.4,50,0.217550367,0.301286212,0.093613311,1142.1878103460713,1.4217812475867206,1142.1878103460713,0.17,3033.3620283306072,1054.7828319285977,1.0741166884878466e-09,22.00707556739588,-4.882352941,0.007423534,0.9869651506335567,0.001330196,0.004281119,0.3090956295923407,0.000824992,179834.69956259363,323.8653982273295,1042.3323135081037,3030.331666330684,3030.331666330684,3027.301304391678,12023.46056207249,3027.301304391613,3027.301304391612,3.0303619390060703,12.035616411749288,0.00100001,0.00100001,GOOD,4683.240485829528,1142.18781
23,Corn,Sacramento River,610.6808939,229.08722102241552,6.113531917599918,2.826875063,123.44536013404992,141.3437532,122.52875673244314,782.4343077137593,0.3,50,0.088141761,0.558669339,0.087487293,230.77985990455204,1.1402757449281344,230.77985990455204,0.17,611.2915809066459,168.56860677276498,1.0741166884878466e-09,22.00707556739588,-4.882352941,0.008661328,0.9644968675712385,0.003634284,0.023207520375009102,3.1866106811725916,0.005458388,1908.4946129194418,122.52875673244314,782.4343077137593,610.6808939,610.6808939,610.0702069054672,1724.5922545803157,610.0702069054071,610.0702069054039,0.6106869945327844,1.7263358361431074,0.00100001,0.00100001,GOOD,229.08722102241552,230.7798599
23,Field and Grain,Sacramento River,2943.27657,209.66138474146223,3.033618669654281,2.845649619,120.41792024340968,71.14124048,72.10238441858326,309.7467197151693,0.74,25,0.189326621,0.486998112,0.113362702,62.62442620510684,1.0563946444174763,62.62442620510684,0.17,2870.5807145599515,2.6852917212196164e-10,1.0741166884878466e-09,22.00707556739588,-4.882352941,0.005334577,0.9777493086554336,0.003194173,0.013721941359583106,1.460387902844943,0.000459132,67899.95400074904,72.10238441858326,309.7467197151693,2943.27657,2943.27657,2940.3332635572056,8367.158231174588,2940.3332635574116,2940.333263557407,2.9433059727944055,8.375617520083324,0.00100001,0.00100001,GOOD,209.66138474146223,62.62442621
23,Orchards,Sacramento River,877.4102931512841,2309.3340940204384,2.070881679913447,3.327741402,681.4685360114679,166.3870701,1653.2903473698298,1740.896726707907,0.13,50,0.142496355,0.364024786,0.345706127,540.3149879172385,1.0736870639817369,540.3149879172385,0.17,878.2877122272511,467.08113141389924,1.0741166884878466e-09,22.00707556739588,-4.882352941,0.012842982340157487,0.949203513,0.018486948659347753,0.019466555562412852,1.1367306222280176,0.008767059,59.78181190329712,1653.2903473698298,1740.896726707907,877.4102931512841,877.4102931512841,876.5328740929489,2916.874735333159,876.5328740929177,876.5328740929177,0.8774190583352492,2.919823727326275,0.00100001,0.00100001,GOOD,2309.3340940204384,540.3149879
23,Pasture,Sacramento River,1782.492655,231.3889921571432,4.999999999999999,3.965593094,219.0404801085371,39.65593094,131.15440681995278,563.4300115905577,0.51,10,0.189326621,0.486998112,0.113362702,203.6641313266683,1.1558528290458805,203.6641313266683,0.17,1784.275165957965,116.39302443667722,1.0741166884878466e-09,22.00707556739588,-4.882352941,0.003138306,0.9903631839195655,0.001227077,0.005271434,1.9786889931521854,0.001100024,42918.69983889984,131.15440681995278,563.4300115905577,1782.492655,1782.492655,1780.710144997658,7061.571853418452,1780.7101449974773,1780.7101449974746,1.782510462341861,7.0687111794450175,0.00100001,0.00100001,GOOD,231.3889921571432,203.6641313
23,Rice,Sacramento River,28269.07077,774.5349774121528,3.9116254159600112,4.534377778,378.0637021256366,226.71888889999997,216.55052111602456,1737.9885645152126,0.2,50,0.124786237,0.573652143,0.071476115,470.3690265385166,1.1274158085114319,470.3690265385166,0.17,28297.339938767924,370.5806321261452,1.0741166884878466e-09,22.00707556739588,-4.882352941,0.001421662,0.9948667027562521,0.000411226,0.003300409,1.3600207282874008,0.000176872,28519.680859833472,216.55052111602456,1737.9885645152126,28269.07077,28269.07077,28272.514670425582,128198.26224975675,28272.514670424374,28272.514670424374,-3.443902426,-15.61595463,0.000121826,0.000121826,GOOD,774.5349774121528,470.3690265
23,Subtropical,Sacramento River,105.57625043227254,1426.1226571367167,2.926176067700632,2.972946835,843.5231850739846,148.6473418,1803.596751636908,668.3511361167175,0.13,50,0.202134149,0.160157528,0.432197361,708.9675743,1.1472955404092273,708.9675743,0.17,105.68182773947859,643.5417086852535,1.0741166884878466e-09,22.00707556739588,-4.882352941,0.031179289826954434,0.9169913784789163,0.037816013,0.014013318360615019,1.7766437583805386,0.072860209,9.313495805918546,1803.596751636908,668.3511361167175,105.57625043227254,105.57625043227254,105.47067312724491,313.5587038589623,105.47067312724003,105.47067312724047,0.10557730502763718,0.31387571482974863,0.00100001,0.00100001,GOOD,1426.1226571367167,708.9675743
23,Walnuts,Sacramento River,10222.574410425756,1941.7018487746973,1.7189362872815137,4.942462794,854.2534686026536,247.1231397,299.3270611283979,911.6708834858882,0.13,50,0.25594369,0.273146576,0.089681664,1025.2872140234897,1.3746585683164616,1025.2872140234897,0.17,10232.79708483615,916.5180618,1.0741166884878466e-09,22.00707556739588,-4.882352941,0.002028995,0.996583413,0.000342977,0.001044616,0.5496947902586916,0.000752482,1073.8395122334337,299.3270611283979,911.6708834858882,10222.574410425756,10222.574410425756,10229.637855871477,50559.604498738714,10229.637855871262,10229.63785587126,-7.063445446,-34.91081631,0.000690965,0.000690965,GOOD,1941.7018487746973,1025.287214
24,Alfalfa,Sacramento River,495.6875991,280.6469987369378,5.962401488126662,3.537610105,471.66622240670006,35.37610105,252.5143028603122,311.8836592959672,1.86,10,0.281872792,0.186385019,0.150905255,601.8897972944199,1.4873882561689458,601.8897972944199,0.17,496.18329161057795,524.0373444,2.1745964164195173e-08,22.007075558291884,-4.882352941,0.017898835,0.971955508,0.004539214,0.005606442,2.908994326141093,0.001084623,536240.2441811597,252.5143028603122,311.8836592959672,495.6875991,495.6875991,495.1919064993139,1751.7958923461883,495.1919064988796,495.19190649887923,0.4956925506861012,1.7535669762801263,0.00100001,0.00100001,GOOD,280.6469987369378,601.8897973
24,Almonds,Sacramento River,644.9580462381277,4683.240485829528,0.7387210677403597,3.971676207,752.6390797453652,198.5838104,323.8653982273295,1042.3323135081037,0.4,50,0.217550367,0.301286212,0.093613311,1142.1878103460713,1.4217812475867206,1142.1878103460713,0.17,645.6030107402444,1054.7828319494886,2.1745964164195173e-08,22.007075558291884,-4.882352941,0.007423534,0.9869651506317616,0.001330196,0.004281119,0.3090956296003286,0.003876221,38274.96434325772,323.8653982273295,1042.3323135081037,644.9580462381277,644.9580462381277,644.9809732246694,2561.655585324123,644.9809732243733,644.9809732243724,-0.022926987,-0.091058567,3.554802777536786e-05,3.554802777527418e-05,GOOD,4683.240485829528,1142.18781
24,Corn,Sacramento River,164.259068,229.08722102241552,6.113531917599918,2.826875063,123.44536013404992,141.3437532,122.52875673244314,782.4343077137593,0.3,50,0.088141761,0.558669339,0.087487293,230.77985990455204,1.1402757449281344,230.77985990455204,0.17,164.42332875132533,168.56860678392061,2.1745964164195173e-08,22.007075558291884,-4.882352941,0.008661328,0.9644968675659985,0.003634284,0.023207520377817183,3.186610681254404,0.020293146510009467,513.3410093894603,122.52875673244314,782.4343077137593,164.259068,164.259068,164.09480733111607,463.8755188121216,164.09480733076109,164.0948073307579,0.16426070888391564,0.4643445017746899,0.00100001,0.00100001,GOOD,229.08722102241552,230.7798599
24,Field and Grain,Sacramento River,4036.027478,209.66138474146223,3.033618669654281,2.845649619,120.41792024340968,71.14124048,72.10238441858326,309.7467197151693,0.74,25,0.189326621,0.486998112,0.113362702,62.62442620510684,1.0563946444174763,62.62442620510684,0.17,4011.7506080294684,5.436491041048793e-09,2.1745964164195173e-08,22.007075558291884,-4.882352941,0.005334577,0.977749309,0.003194173,0.013721941362165833,1.4603879029012108,0.000334822,93109.18414897099,72.10238441858326,309.7467197151693,4036.027478,4036.027478,4031.9914102021876,11473.634820253128,4031.9914102026482,4031.9914102026437,4.036067797812393,11.485234791103721,0.00100001,0.00100001,GOOD,209.66138474146223,62.62442621
24,Grapes,Sacramento River,226.1822723432248,1768.0889120560998,10.326529587090809,2.661751325,5707.511085000792,133.0875663,6066.297444181566,4560.422483661467,0.13,50,0.312599493,0.249773629,0.332250166,1790.9038838606887,1.0559571805532408,1790.9038838606887,0.17,226.40845687956033,1732.3265213184247,2.1745964164195173e-08,22.007075558291884,-4.882352941,0.18195247140021875,0.5581550341586359,0.14836047110449269,0.11153202333665281,8.754624791477198,0.034009331,99.82483186537169,6066.297444181566,4560.422483661467,226.1822723432248,226.1822723432248,226.0687559718217,601.7388107,226.068756,226.06875597179103,0.113516371,0.3021523519914808,0.00050188,0.00050188,GOOD,1768.0889120560998,1790.903884
24,Orchards,Sacramento River,323.51743693617294,2309.3340940204384,2.070881679913447,3.327741402,681.4685360114679,166.3870701,1653.2903473698298,1740.896726707907,0.13,50,0.142496355,0.364024786,0.345706127,540.3149879172385,1.0736870639817369,540.3149879172385,0.17,323.8409576111765,467.08113142915056,2.1745964164195173e-08,22.007075558291884,-4.882352941,0.012842982342095311,0.9492035134316045,0.018486948661558956,0.019466555564741223,1.1367306222561393,0.023777104,22.042662040297273,1653.2903473698298,1740.896726707907,323.51743693617294,323.51743693617294,323.19391626777946,1075.505776038811,323.1939162675458,323.1939162675457,0.3235206683934848,1.0765931226155772,0.00100001,0.00100001,GOOD,2309.3340940204384,540.3149879
24,Pasture,Sacramento River,9681.6253,231.3889921571432,4.999999999999999,3.965593094,219.0404801085371,39.65593094,131.15440681995278,563.4300115905577,0.51,10,0.189326621,0.486998112,0.113362702,203.6641313266683,1.1558528290458805,203.6641313266683,0.17,9691.307022592073,116.3930244572752,2.1745964164195173e-08,22.007075558291884,-4.882352941,0.003138306,0.9903631839164686,0.001227077,0.005271434,1.978688993268003,0.000202526,233113.31408431046,131.15440681995278,563.4300115905577,9681.6253,9681.6253,9682.019215,38394.94853547734,9682.019215106196,9682.019215106195,-0.393914746,-1.562105595,4.068684062538396e-05,4.0686840625380946e-05,GOOD,231.3889921571432,203.6641313
24,Rice,Sacramento River,4231.392205,774.5349774121528,3.9116254159600112,4.534377778,378.0637021256366,226.71888889999997,216.55052111602456,1737.9885645152126,0.2,50,0.124786237,0.573652143,0.071476115,470.3690265385166,1.1274158085114319,470.3690265385166,0.17,4235.623639720965,370.5806321519576,2.1745964164195173e-08,22.007075558291884,-4.882352941,0.001421662,0.9948667027555187,0.000411226,0.003300409,1.3600207283228927,0.001181644,4268.904212610906,216.55052111602456,1737.9885645152126,4231.392205,4231.392205,4235.623639721111,19205.917707922883,4235.623639717445,4235.623639717443,-4.231434561,-19.18692284,0.00100001,0.00100001,GOOD,774.5349774121528,470.3690265
24,Subtropical,Sacramento River,246.2446387734648,1426.1226571367167,2.926176067700632,2.972946835,843.5231850739846,148.6473418,1803.596751636908,668.3511361167175,0.13,50,0.202134149,0.160157528,0.432197361,708.9675743,1.1472955404092273,708.9675743,0.17,246.4908858768988,643.5417086971916,2.1745964164195173e-08,22.007075558291884,-4.882352941,0.03117929,0.9169913784686657,0.037816013337872524,0.014013318362230099,1.7766437584229613,0.031238477843102633,21.722673433417928,1803.596751636908,668.3511361167175,246.2446387734648,246.2446387734648,245.9983917,731.3401399,245.99839167479928,245.9983916747997,0.24624709851678972,0.732079532,0.00100001,0.00100001,GOOD,1426.1226571367167,708.9675743
24,Truck,Sacramento River,91.92560705,742.5153484316094,22.835,2.662234731,945.7732119,133.1117366,5245.145436,4255.029216878539,0.41,50,0.055780263,0.25095514,0.309350686,6376.278380229864,1.5264060836617286,6376.278380229864,0.17,92.01753357720001,6317.690379336263,2.1745964164195173e-08,22.007075558291884,-4.882352941,0.1833727348412927,0.5767867282473522,0.1324184600288914,0.10742207688246358,19.19219245256794,0.026532589433075737,23884.12267938148,5245.145436,4255.029216878539,91.92560705,91.92560705,91.83368052484249,244.48281376879396,91.83368052,91.83368052482773,0.091926525,0.2447299879744662,0.00100001,0.00100001,GOOD,742.5153484316094,6376.27838
24,Walnuts,Sacramento River,823.0471891964589,1941.7018487746973,1.7189362872815137,4.942462794,854.2534686026536,247.1231397,299.3270611283979,911.6708834858882,0.13,50,0.25594369,0.273146576,0.089681664,1025.2872140234897,1.3746585683164616,1025.2872140234897,0.17,823.8702446241832,916.5180618557681,2.1745964164195173e-08,22.007075558291884,-4.882352941,0.002028995,0.996583413,0.000342977,0.001044616,0.5496947902730519,0.009346132,86.45773136219485,299.3270611283979,911.6708834858882,823.0471891964589,823.0471891964589,823.8702446240383,4071.9480311379875,823.8702446,823.8702446236682,-0.823055428,-4.067920828,0.00100001,0.00100001,GOOD,1941.7018487746973,1025.287214
25,Alfalfa,Sacramento River,15408.39466,280.6469987369378,5.962401488126662,3.537610105,471.66622240670006,35.37610105,252.5143028603122,311.8836592959672,1.86,10,0.281872792,0.186385019,0.150905255,601.8897972944199,1.4873882561689458,601.8897972944199,0.17,15423.803153838871,524.0373443883096,6.123067393449268e-09,22.007075565363014,-4.882352941,0.017898835309728783,0.9719555083819019,0.004539214,0.005606442,2.9089943260119657,3.489230516832843e-05,16668969.18583589,252.5143028603122,311.8836592959672,15408.39466,15408.39466,15410.969793140102,54518.00246806219,15410.969793136464,15410.969793136464,-2.57513396,-9.109819919,0.000167125,0.000167125,GOOD,280.6469987369378,601.8897973
25,Almonds,Sacramento River,19848.46568229091,4683.240485829528,0.7387210677403597,3.971676207,752.6390797453652,198.5838104,323.8653982273295,1042.3323135081037,0.4,50,0.217550367,0.301286212,0.093613311,1142.1878103460713,1.4217812475867206,1142.1878103460713,0.17,19868.314247973045,1054.7828319328821,6.123067393449268e-09,22.007075565363014,-4.882352941,0.007423534,0.9869651506331557,0.001330196,0.004281119,0.3090956295941253,0.000125954,1177905.013639581,323.8653982273295,1042.3323135081037,19848.46568229091,19848.46568229091,19868.314247972707,78910.51097,19868.31424797023,19868.31424797023,-19.84856568,-78.83207606,0.001000005,0.001000005,GOOD,4683.240485829528,1142.18781
25,Beans Dry,Sacramento River,1431.97473,1370.7557480622177,1.280845402248742,2.293810917,149.5303492,114.6905459,124.74349656171437,884.8939850771033,1.68,50,0.085167237,0.504004546,0.071049516,481.86782085213576,1.3126421419712608,481.86782085213576,0.17,1433.4067192638968,431.38775066457976,6.123067393449268e-09,22.007075565363014,-4.882352941,0.052319771,0.8567483015712902,0.011234890473788292,0.079697037,0.8778858595463512,0.000415676,770638.8936534089,124.74349656171437,884.8939850771033,1431.97473,1431.97473,1430.5427411644655,3281.394556918156,1430.5427411639355,1430.5427411639323,1.4319890355345706,3.2847120827336767,0.00100001,0.00100001,GOOD,1370.7557480622177,481.8678209
25,Corn,Sacramento River,3487.119628,229.08722102241552,6.113531917599918,2.826875063,123.44536013404992,141.3437532,122.52875673244314,782.4343077137593,0.3,50,0.088141761,0.558669339,0.087487293,230.77985990455204,1.1402757449281344,230.77985990455204,0.17,3490.6067821627494,168.56860677472258,6.123067393449268e-09,22.007075565363014,-4.882352941,0.008661328,0.9644968675700714,0.003634284,0.023207520375636195,3.1866106811908153,0.000955899,10897.915900856568,122.52875673244314,782.4343077137593,3487.119628,3487.119628,3483.632473166217,9847.793767050596,3483.6324731643413,3483.6324731643385,3.4871544637830993,9.857749994496771,0.00100001,0.00100001,GOOD,229.08722102241552,230.7798599
25,Cucurbits,Sacramento River,914.7858162,202.62833470000004,12.01,1.97136542,111.99248627534328,96.81195394892592,1562.231794724549,546.6459552864201,0.05,50,0.046854775,0.228702604,0.653597591,73.83780651256517,0.9821817200073026,115.88410951176212,0.17,915.7006111509273,70.74380469138502,6.123067393449268e-09,22.007075565363014,-4.882352941,0.029503460903331537,0.6300103011626931,0.252228194,0.088258044,9.918501266146029,0.021863041212769146,1.7227592648779196e-05,1562.231794724549,546.6459552864201,914.7858162,914.7858162,913.8710212251912,1801.5737295834278,913.8710212243791,913.8710212243795,0.9147949548088263,1.8033951403006085,0.00100001,0.00100001,GOOD,202.62833470000004,115.8841095
25,Field and Grain,Sacramento River,24368.96604,209.66138474146223,3.033618669654281,2.845649619,120.41792024340968,71.14124048,72.10238441858326,309.7467197151693,0.74,25,0.189326621,0.486998112,0.113362702,62.62442620510684,1.0563946444174763,62.62442620510684,0.17,24249.505110248618,1.530766848362317e-09,6.123067393449268e-09,22.007075565363014,-4.882352941,0.005334577,0.9777493086542194,0.003194173,0.013721941360159485,1.4603879028577549,5.545378287267077e-05,562180.1532304585,72.10238441858326,309.7467197151693,24368.96604,24368.96604,24344.59697,69276.19309021185,24344.596969227958,24344.59696922795,24.36906603510215,69.34582347817195,0.001000004,0.001000004,GOOD,209.66138474146223,62.62442621
25,Grapes,Sacramento River,332.1568558033712,1768.0889120560998,10.326529587090809,2.661751325,5707.511085000792,133.0875663,6066.297444181566,4560.422483661467,0.13,50,0.312599493,0.249773629,0.332250166,1790.9038838606887,1.0559571805532408,1790.9038838606887,0.17,332.4890159839724,1732.3265213110953,6.123067393449268e-09,22.007075565363014,-4.882352941,0.1819524713897865,0.5581550341831671,0.14836047109644415,0.11153202333060223,8.754624791379515,0.023158660006287368,146.59637972490546,6066.297444181566,4560.422483661467,332.1568558033712,332.1568558033712,332.0453597407592,883.8221762500674,332.0453597407445,332.0453597407445,0.11149606261199096,0.2967747923897832,0.000335673,0.000335673,GOOD,1768.0889120560998,1790.903884
25,Orchards,Sacramento River,1728.1956592834683,2309.3340940204384,2.070881679913447,3.327741402,681.4685360114679,166.3870701,1653.2903473698298,1740.896726707907,0.13,50,0.142496355,0.364024786,0.345706127,540.3149879172385,1.0736870639817369,540.3149879172385,0.17,1729.923872241648,467.0811314169359,6.123067393449268e-09,22.007075565363014,-4.882352941,0.012842982340590909,0.9492035134366348,0.018486949,0.019466555562932763,1.136730622,0.004451063,117.74955074277703,1653.2903473698298,1740.896726707907,1728.1956592834683,1728.1956592834683,1727.3079748832126,5748.034262023642,1727.3079748828693,1727.3079748828695,0.8876844002556936,2.9539841306404924,0.000513648,0.000513648,GOOD,2309.3340940204384,540.3149879
25,Pasture,Sacramento River,16527.13759,231.3889921571432,4.999999999999999,3.965593094,219.0404801085371,39.65593094,131.15440681995278,563.4300115905577,0.51,10,0.189326621,0.486998112,0.113362702,203.6641313266683,1.1558528290458805,203.6641313266683,0.17,16543.66482796901,116.39302444094433,6.123067393449268e-09,22.007075565363014,-4.882352941,0.003138306,0.9903631839188729,0.001227077,0.005271434,1.9786889931780811,0.00011864,397938.9509819264,131.15440681995278,563.4300115905577,16527.13759,16527.13759,16543.664827970097,65605.44299124891,16543.664827960743,16543.664827960743,-16.52723759,-65.54029925,0.001000006,0.001000006,GOOD,231.3889921571432,203.6641313
25,Pistachios,Sacramento River,203.31387177656612,4908.224613268352,1.2498253980439933,3.663925668,1599.315875,183.1962834,319.3169032470521,1583.0678593976154,0.4,50,0.260711671,0.258063009,0.052053284,2449.526860364615,1.585474027824466,2449.526860364615,0.17,203.51718768344708,2368.8945713192566,6.123067393449268e-09,22.007075565363014,-4.882352941,0.025536487803926634,0.9622211611534146,0.002054889,0.010187462,0.6446927249297446,0.012296258873803754,26490.215628359365,319.3169032470521,1583.0678593976154,203.31387177656612,203.31387177656612,203.37265484838514,745.1422903,203.37265484836772,203.3726548483667,-0.058783072,-0.215376806,0.000289125,0.000289125,GOOD,4908.224613268352,2449.52686
25,Rice,Sacramento River,658.5642053,774.5349774121528,3.9116254159600112,4.534377778,378.0637021256366,226.71888889999997,216.55052111602456,1737.9885645152126,0.2,50,0.124786237,0.573652143,0.071476115,470.3690265385166,1.1274158085114319,470.3690265385166,0.17,659.2227760570564,370.5806321318163,6.123067393449268e-09,22.007075565363014,-4.882352941,0.001421662,0.9948667027560875,0.000411226,0.003300409,1.360020728295357,0.007592274,664.4024882886572,216.55052111602456,1737.9885645152126,658.5642053,658.5642053,659.2227760573505,2989.1651065059204,659.2227760571682,659.2227760571666,-0.658570797,-2.986208789,0.00100001,0.00100001,GOOD,774.5349774121528,470.3690265
25,Safflower,Sacramento River,3047.924023,566.2726740179453,1.0344460085918803,2.357007476,114.57375794026017,23.57007476,66.16231051897915,248.51209391178716,0.74,10,0.195592287,0.424242424,0.112947658,132.9602703,1.2320269967669062,132.9602703,0.17,3050.9719773305487,81.08942864448889,6.123067393449268e-09,22.007075565363014,-4.882352941,0.035758851,0.9067321451532981,0.012091637,0.045417367,0.6545650488413205,0.000443368,114251.14044178517,66.16231051897915,248.51209391178716,3047.924023,3047.924023,3044.8760683285363,7176.795656543848,3044.876068325527,3044.876068325522,3.0479544714635267,7.184051475746855,0.00100001,0.00100001,GOOD,566.2726740179453,132.9602703
25,Subtropical,Sacramento River,101.4581045,1426.1226571367167,2.926176067700632,2.972946835,843.5231850739846,148.6473418,1803.596751636908,668.3511361167175,0.13,50,0.202134149,0.160157528,0.432197361,708.9675743,1.1472955404092273,708.9675743,0.17,101.55956362245993,643.5417086888117,6.123067393449268e-09,22.007075565363014,-4.882352941,0.031179289827936444,0.9169913784766021,0.037816013,0.014013318360975269,1.7766437583901165,0.075817577,8.950210174114304,1803.596751636908,668.3511361167175,101.4581045,101.4581045,101.35664539134848,301.3279181224268,101.35664539131788,101.35664539131831,0.1014591112615193,0.30163254370683035,0.00100001,0.00100001,GOOD,1426.1226571367167,708.9675743
25,Sunflowers,Sacramento River,6732.297569,3637.0574901200007,0.601701512,2.873453662,453.0267168133007,143.6726831,387.8950796863669,849.6060147832587,0.74,50,0.207010582,0.388227513,0.177248677,354.2224955746626,1.1363056425788198,354.2224955746626,0.17,6739.029933878669,290.9861836968893,6.123067393449268e-09,22.007075565363014,-4.882352941,0.019693051677701124,0.9475519073980216,0.010267077149453447,0.022487964,0.3357312482610852,0.000200727,959601.8007,387.8950796863669,849.6060147832587,6732.297569,6732.297569,6725.565204095613,19325.599964728317,6725.565204093747,6725.565204093746,6.732364824387332,19.34513835855614,0.00100001,0.00100001,GOOD,3637.0574901200007,354.2224956
25,Tomatoes,Sacramento River,10047.28057,98.36808723,45.12697658913721,2.666779844,378.0837202857285,133.3389922,916.1768531,2411.9869769892075,0.74,50,0.085172131,0.543356034,0.206390095,599.4678270921155,1.1010744988770471,599.4678270921155,0.17,10057.327953382513,540.7798015444425,6.123067393449268e-09,22.007075565363014,-4.882352941,0.033628233,0.8445688388450077,0.033529906990318006,0.088273021,31.101496867237493,0.000134499,1768670.0660892895,916.1768531,2411.9869769892075,10047.28057,10047.28057,10037.23319223733,26767.09116658629,10037.233192234953,10037.233192234953,10.047380572668771,26.794151996189612,0.00100001,0.00100001,GOOD,98.36808723,599.4678271
25,Truck,Sacramento River,719.1612545,742.5153484316094,22.835,2.662234731,945.7732119,133.1117366,5245.145436,4255.029216878539,0.41,50,0.055780263,0.25095514,0.309350686,6376.278380229864,1.5264060836617286,6376.278380229864,0.17,719.8804229032288,6317.690379,6.123067393449268e-09,22.007075565363014,-4.882352941,0.1833727348304065,0.5767867282716764,0.1324184600214722,0.1074220768764449,19.19219245234644,0.003391485,186852.56675192417,5245.145436,4255.029216878539,719.1612545,719.1612545,718.4420860128484,1912.6614735954943,718.4420860128199,718.4420860128199,0.7191684371515521,1.9145951908240022,0.00100001,0.00100001,GOOD,742.5153484316094,6376.27838
25,Walnuts,Sacramento River,12182.221267963074,1941.7018487746973,1.7189362872815137,4.942462794,854.2534686026536,247.1231397,299.3270611283979,911.6708834858882,0.13,50,0.25594369,0.273146576,0.089681664,1025.2872140234897,1.3746585683164616,1025.2872140234897,0.17,12194.40358923086,916.5180618323558,6.123067393449268e-09,22.007075565363014,-4.882352941,0.002028995,0.9965834129173619,0.000342977,0.001044616,0.5496947902619008,0.000631437,1279.6923768061583,299.3270611283979,911.6708834858882,12182.221267963074,12182.221267963074,12194.403589230891,60270.38603479374,12194.403589229389,12194.403589229387,-12.18232127,-60.21066961,0.001000008,0.001000008,GOOD,1941.7018487746973,1025.287214
26N,Almonds,Sacramento River,339.3935694,4683.240485829528,0.7387210677403597,3.971676207,752.6390797453652,198.5838104,323.8653982273295,1042.3323135081037,0.4,50,0.217550367,0.301286212,0.093613311,1142.1878103460713,1.4217812475867206,1142.1878103460713,0.17,339.7329664066181,1054.7828322933858,4.1777151394781097e-07,22.007075396976223,-4.882352941,0.007423534,0.9869651505999412,0.001330196,0.004281119,0.3090956297419324,0.007366079,20141.274067185477,323.8653982273295,1042.3323135081037,339.3935694,339.3935694,339.73296640640774,1349.3093394098598,339.73296640351504,339.7329664035142,-0.339396966,-1.347974856,0.00100001,0.00100001,GOOD,4683.240485829528,1142.18781
26N,Field and Grain,Sacramento River,778.8479557,209.66138474146223,3.033618669654281,2.845649619,120.41792024340968,71.14124048,72.10238441858326,309.7467197151693,0.74,25,0.189326621,0.486998112,0.113362702,62.62442620510684,1.0563946444174763,62.62442620510684,0.17,777.3055852182512,1.732725002949259e-07,4.1777151394781097e-07,22.007075396976223,-4.882352941,0.005334577,0.9777493085510182,0.003194173,0.013721941407865304,1.4603879039466756,0.001735064,17967.64224959943,72.10238441858326,309.7467197151693,778.8479557,778.8479557,778.0690999837792,2214.1120379245144,778.0690999293333,778.0690999293284,0.7788557362207484,2.2163505290322973,0.00100001,0.00100001,GOOD,209.66138474146223,62.62442621
26N,Orchards,Sacramento River,99.92391968,2309.3340940204384,2.070881679913447,3.327741402,681.4685360114679,166.3870701,1653.2903473698298,1740.896726707907,0.13,50,0.142496355,0.364024786,0.345706127,540.3149879172385,1.0736870639817369,540.3149879172385,0.17,100.02384459957628,467.08113167005234,4.1777151394781097e-07,22.007075396976223,-4.882352941,0.012842982376436204,0.9492035133168267,0.018486948700739348,0.019466556,1.1367306227544502,0.076981645,6.808254950859354,1653.2903473698298,1740.896726707907,99.92391968,99.92391968,99.89310118763753,332.4184085962768,99.89310118634124,99.89310118634123,0.030818492362470806,0.10255597298180419,0.00030842,0.00030842,GOOD,2309.3340940204384,540.3149879
26N,Pasture,Sacramento River,591.7509974,231.3889921571432,4.999999999999999,3.965593094,219.0404801085371,39.65593094,131.15440681995278,563.4300115905577,0.51,10,0.189326621,0.486998112,0.113362702,203.6641313266683,1.1558528290458805,203.6641313266683,0.17,592.3427543094429,116.39302480022158,4.1777151394781097e-07,22.007075396976223,-4.882352941,0.003138306,0.9903631838615198,0.001227077,0.005271434,1.9786889953228666,0.003313529,14248.127971849874,131.15440681995278,563.4300115905577,591.7509974,591.7509974,592.3427543105822,2348.990335774983,592.3427542877816,592.3427542877794,-0.591756921,-2.346667158,0.00100001,0.00100001,GOOD,231.3889921571432,203.6641313
26N,Subtropical,Sacramento River,69.54052537999999,1426.1226571367167,2.926176067700632,2.972946835,843.5231850739846,148.6473418,1803.596751636908,668.3511361167175,0.13,50,0.202134149,0.160157528,0.432197361,708.9675743,1.1472955404092273,708.9675743,0.17,69.61006660123233,643.5417088814024,4.1777151394781097e-07,22.007075396976223,-4.882352941,0.031179289907070203,0.9169913782869842,0.037816013,0.014013318390847362,1.7766437591748572,0.11061618603359037,6.134574669034217,1803.596751636908,668.3511361167175,69.54052537999999,69.54052537999999,69.47628511335994,206.54930193532107,69.47628511261968,69.47628511,0.064240267,0.19098289738707308,0.000923782,0.000923782,GOOD,1426.1226571367167,708.9675743
26N,Truck,Sacramento River,58.29758978,742.5153484316094,22.835,2.662234731,945.7732119,133.1117366,5245.145436,4255.029216878539,0.41,50,0.055780263,0.25095514,0.309350686,6376.278380229864,1.5264060836617286,6376.278380229864,0.17,58.355887953313584,6317.6903794697055,4.1777151394781097e-07,22.007075396976223,-4.882352941,0.1833727350891556,0.5767867276927827,0.13241846019822737,0.10742207701983429,19.19219245761798,0.041837482,15146.887041888254,5245.145436,4255.029216878539,58.29758978,58.29758978,58.240369765746024,155.0495351366514,58.240369765603894,58.240369765603916,0.057220014,0.15233310925523824,0.000981516,0.000981516,GOOD,742.5153484316094,6376.27838
26S,Alfalfa,Sacramento River,1492.471963,280.6469987369378,5.962401488126662,3.537610105,471.66622240670006,35.37610105,252.5143028603122,311.8836592959672,1.86,10,0.281872792,0.186385019,0.150905255,601.8897972944199,1.4873882561689458,601.8897972944199,0.17,1493.9644499924293,524.0373444277457,6.599106888223559e-08,22.00707554155019,-4.882352941,0.017898835324424957,0.9719555083598872,0.004539214,0.005606442,2.9089943264471145,0.000360231,1614572.4272213364,252.5143028603122,311.8836592959672,1492.471963,1492.471963,1493.9644499925587,5285.063734804444,1493.9644499887586,1493.9644499887584,-1.492486903,-5.279836748,0.00100001,0.00100001,GOOD,280.6469987369378,601.8897973
26S,Almonds,Sacramento River,190.9422209227088,4683.240485829528,0.7387210677403597,3.971676207,752.6390797453652,198.5838104,323.8653982273295,1042.3323135081037,0.4,50,0.217550367,0.301286212,0.093613311,1142.1878103460713,1.4217812475867206,1142.1878103460713,0.17,191.13316505481163,1054.782831983386,6.599106888223559e-08,22.00707554155019,-4.882352941,0.007423534,0.9869651506284538,0.001330196,0.004281119,0.30909562961504894,0.013092965965929406,11331.445107481999,323.8653982273295,1042.3323135081037,190.9422209227088,190.9422209227088,191.13316505483684,759.1190440168992,191.13316505456933,191.1331650545685,-0.190944132,-0.758368266,0.00100001,0.00100001,GOOD,4683.240485829528,1142.18781
26S,Berries,Sacramento River,81.53106737,5808.756199769439,4.15,3.453441036,1090.5308695984825,172.6720518,10044.696800300811,9336.946256832116,0.25,50,0.045238346,0.387323291,0.416682812,3461.4922505117665,1.1120653254021837,3461.4922505117665,0.17,81.61259925344879,3385.492112706688,6.599106888223559e-08,22.00707554155019,-4.882352941,0.034581697,0.8156759729980442,0.077605201,0.072137129,2.941355267805056,0.049061052786754406,1671.0041049854922,10044.696800300811,9336.946256832116,81.53106737,81.53106737,81.59000412177136,281.76626836153434,81.59000412,81.59000412,-0.058936752,-0.203534597,0.000722875,0.000722875,GOOD,5808.756199769439,3461.492251
26S,Corn,Sacramento River,1986.031747,229.08722102241552,6.113531917599918,2.826875063,123.44536013404992,141.3437532,122.52875673244314,782.4343077137593,0.3,50,0.088141761,0.558669339,0.087487293,230.77985990455204,1.1402757449281344,230.77985990455204,0.17,1988.0177982058096,168.56860679717207,6.599106888223559e-08,22.00707554155019,-4.882352941,0.008661328,0.9644968675563923,0.003634284,0.02320752,3.186610681404391,0.001678389,6206.729124183789,122.52875673244314,782.4343077137593,1986.031747,1986.031747,1984.3404751372345,5609.482606,1984.3404751259557,1984.3404751259527,1.6912714427653555,4.781013066317428,0.000851583,0.000851583,GOOD,229.08722102241552,230.7798599
26S,Cucurbits,Sacramento River,94.18463991,202.62833470000004,12.01,1.97136542,111.99248627534328,96.81195394892592,1562.231794724549,546.6459552864201,0.05,50,0.046854775,0.228702604,0.653597591,73.83780651256517,0.9821817200073026,115.88410951176212,0.17,94.27882549043983,70.74380469,6.599106888223559e-08,22.00707554155019,-4.882352941,0.029503461,0.6300103010791556,0.2522281941991244,0.088258044,9.918501266562242,0.21234885029142112,1.773720778650339e-06,1562.231794724549,546.6459552864201,94.18463991,94.18463991,94.09045432934188,185.48666801695387,94.09045432844887,94.09045432844941,0.094185581,0.1856741967720268,0.00100001,0.00100001,GOOD,202.62833470000004,115.8841095
26S,Field and Grain,Sacramento River,4762.887879,209.66138474146223,3.033618669654281,2.845649619,120.41792024340968,71.14124048,72.10238441858326,309.7467197151693,0.74,25,0.189326621,0.486998112,0.113362702,62.62442620510684,1.0563946444174763,62.62442620510684,0.17,4749.963368087781,1.6497767220558898e-08,6.599106888223559e-08,22.00707554155019,-4.882352941,0.005334577,0.9777493086399572,0.003194173,0.013721941366910578,1.4603879030082432,0.000283725,109877.49886556758,72.10238441858326,309.7467197151693,4762.887879,4762.887879,4758.124943420169,13539.956432398001,4758.124943396315,4758.124943,4.762935449831275,13.553645448133466,0.00100001,0.00100001,GOOD,209.66138474146223,62.62442621
26S,Grapes,Sacramento River,1552.8573268788973,1768.0889120560998,10.326529587090809,2.661751325,5707.511085000792,133.0875663,6066.297444181566,4560.422483661467,0.13,50,0.312599493,0.249773629,0.332250166,1790.9038838606887,1.0559571805532408,1790.9038838606887,0.17,1554.4101997497855,1732.3265213292004,6.599106888223559e-08,22.00707554155019,-4.882352941,0.18195247142493182,0.5581550341005456,0.14836047112354603,0.11153202335097645,8.754624791708508,0.004953647,685.3486790140312,6066.297444181566,4560.422483661467,1552.8573268788973,1552.8573268788973,1552.7362293765243,4132.997715918467,1552.7362293759502,1552.7362293759502,0.12109750237300432,0.3223314373954054,7.798366293985252e-05,7.798366293982119e-05,GOOD,1768.0889120560998,1790.903884
26S,Pasture,Sacramento River,4482.188312,231.3889921571432,4.999999999999999,3.965593094,219.0404801085371,39.65593094,131.15440681995278,563.4300115905577,0.51,10,0.189326621,0.486998112,0.113362702,203.6641313266683,1.1558528290458805,203.6641313266683,0.17,4486.670544947101,116.39302449050126,6.599106888223559e-08,22.00707554155019,-4.882352941,0.003138306,0.9903631839107585,0.001227077,0.005271434,1.9786889934815308,0.000437461,107921.73208450367,131.15440681995278,563.4300115905577,4482.188312,4482.188312,4486.670544948368,17792.309728100467,4486.670544921101,4486.670544921099,-4.482233178,-17.77471294,0.00100001,0.00100001,GOOD,231.3889921571432,203.6641313
26S,Truck,Sacramento River,141.2630123,742.5153484316094,22.835,2.662234731,945.7732119,133.1117366,5245.145436,4255.029216878539,0.41,50,0.055780263,0.25095514,0.309350686,6376.278380229864,1.5264060836617286,6376.278380229864,0.17,141.40427671630744,6317.690379347043,6.599106888223559e-08,22.00707554155019,-4.882352941,0.18337273486701802,0.5767867281897967,0.1324184600464652,0.10742207689672001,19.19219245309206,0.017265839,36702.97346,5245.145436,4255.029216878539,141.2630123,141.2630123,141.22750983693234,375.98078166052534,141.22750983687578,141.2275098368758,0.035502453,0.094515864,0.000251322,0.000251322,GOOD,742.5153484316094,6376.27838
26S,Walnuts,Sacramento River,480.4866542360863,1941.7018487746973,1.7189362872815137,4.942462794,854.2534686026536,247.1231397,299.3270611283979,911.6708834858882,0.13,50,0.25594369,0.273146576,0.089681664,1025.2872140234897,1.3746585683164616,1025.2872140234897,0.17,480.96714569981935,916.5180619054678,6.599106888223559e-08,22.00707554155019,-4.882352941,0.002028995,0.9965834129160841,0.000342977,0.001044616,0.54969479,0.01600941,50.47315223418304,299.3270611283979,911.6708834858882,480.4866542360863,480.4866542360863,480.96714569991553,2377.1622227582093,480.9671456992703,480.96714569926945,-0.480491464,-2.374811183,0.00100001,0.00100001,GOOD,1941.7018487746973,1025.287214
50,Alfalfa,San Joaquin River,7195.277057,290.4258220911552,6.981811446972129,4.134965358,571.5529893775365,41.349653579999995,305.99033342682264,377.93259160905086,1.86,10,0.281872792,0.186385019,0.150905255,730.8727611789086,1.4891295433559897,730.8727611789086,0.17,7202.472406401806,633.6142025558806,1.5020522855433154e-08,23.521009293007417,-4.882352941,0.008388355,0.9868513197000105,0.002129792,0.002630533,2.9172741952476393,7.472045959025258e-05,9421414.452,305.99033342682264,377.93259160905086,7195.277057,7195.277057,7202.4724064010325,29781.973892419166,7202.472406397593,7202.472406397593,-7.195349081,-29.75251919,0.00100001,0.00100001,GOOD,290.4258220911552,730.8727612
50,Almonds,San Joaquin River,11492.84071489428,4775.7622921787415,1.0186167813109468,4.125499535,1058.311099904325,206.2749768,455.39801674845086,1465.6584833160457,0.4,50,0.217550368,0.301286212,0.093613311,1679.029037646478,1.4543441310612353,1679.029037646478,0.17,11504.333655609078,1581.993124734191,1.5020522855433154e-08,23.521009293007417,-4.882352941,0.008479749,0.9853504784758992,0.001462582,0.004707191,0.4345729342169784,0.000217527,996334.4448358149,455.39801674845086,1465.6584833160457,11492.84071489428,11492.84071489428,11497.902614584636,47434.591889944204,11497.902614582137,11497.902614582137,-5.06189969,-20.88286482,0.000440439,0.000440439,GOOD,4775.7622921787415,1679.029038
50,Beans Dry,San Joaquin River,1948.127172,1593.7733607003554,1.2854776269307526,2.212101358,174.48723031865123,110.6050679,145.56340622811666,1032.5843524425347,1.68,50,0.085167238,0.504004546,0.071049516,585.5199406892407,1.3334790750889507,585.5199406892407,0.17,1950.0753182820836,533.4890840794578,1.5020522855433154e-08,23.521009293007417,-4.882352941,0.07274255,0.8062061225384818,0.014956225474250542,0.10609510176006376,0.9342332176468161,0.000305544,1277722.9447986498,145.56340622811666,1032.5843524425347,1948.127172,1948.127172,1946.1790249766595,4305.145264061985,1946.179024975209,1946.1790249752062,1.948146633340457,4.309497813195776,0.00100001,0.00100001,GOOD,1593.7733607003554,585.5199407
50,Corn,San Joaquin River,5389.576162,77.55530093169975,25.228612548349723,2.415829265,172.4592835325484,120.7914633,171.17874317240083,1093.0994893049892,0.3,50,0.088141761,0.558669339,0.087487293,399.0836590165808,1.196408306,399.0836590165808,0.17,5394.965791971082,342.2609164129572,1.5020522855433154e-08,23.521009293007417,-4.882352941,0.034420822,0.8810332511976259,0.011447215561280609,0.073098711,16.633656953931645,0.000618478,29689.221335818725,171.17874317240083,1093.0994893049892,5389.576162,5389.576162,5384.186531856344,13007.275391877412,5384.186531851348,5384.186531851346,5.389630003655839,13.02042589035409,0.00100001,0.00100001,GOOD,77.55530093169975,399.083659
50,Cucurbits,San Joaquin River,142.4015593,384.0603913568815,14.869476863717953,2.299627126,267.5771762620625,114.98135629999999,3732.550157619291,1306.0695944458312,0.05,50,0.046854775,0.228702604,0.653597591,289.59881892442695,1.0032570506191811,289.59881892442695,0.17,142.54396227409688,235.50926791310755,1.5020522855433154e-08,23.521009293007417,-4.882352941,0.032667647160390195,0.6401522943492849,0.2423711331634869,0.084808925,12.135383143203994,0.14044790028787613,7.383082585684599e-06,3732.550157619291,1306.0695944458312,142.4015593,142.4015593,142.25915630820177,327.1430147682148,142.25915630803055,142.25915630803078,0.1424029817982273,0.32747375976646254,0.00100001,0.00100001,GOOD,384.0603913568815,289.5988189
50,Field and Grain,San Joaquin River,5028.981628,194.80875619730872,3.454627791702094,2.917058441,127.41525270590476,72.92646103,76.29216243580545,327.74570834271907,0.74,25,0.189326621,0.486998112,0.113362702,68.61215871671094,1.0604999470299432,68.61215871671094,0.17,4979.100278321126,3.7551307138582885e-09,1.5020522855433154e-08,23.521009293007417,-4.882352941,0.004738605,0.9802351261769657,0.002837324,0.012188944395950632,1.6231948608714066,0.000268713,122757.7030770552,76.29216243580545,327.74570834271907,5028.981628,5028.981628,5023.952596602102,14655.163329102028,5023.952596598709,5023.952596598704,5.029031867898084,14.669979860311287,0.00100001,0.00100001,GOOD,194.80875619730872,68.61215872
50,Grapes,San Joaquin River,1127.3471493664265,1686.1999136569252,10.801358853855447,3.098484515,5693.452830527652,154.9242258,6051.355457751757,4549.189639988359,0.13,50,0.312599493,0.249773629,0.332250166,1764.3282127307548,1.0545343073436464,1764.3282127307548,0.17,1128.4745078004498,1691.4487296480654,1.5020522855433154e-08,23.521009293007417,-4.882352941,0.098544756,0.7600006670799446,0.080749803,0.060704774,8.084497879743555,0.006823371,493.8771690183372,6051.355457751757,4549.189639988359,1127.3471493664265,1127.3471493664265,1126.9248780463884,3491.7592841949977,1126.9248780462904,1126.9248780462904,0.42227132003813495,1.3084011462669878,0.000374571,0.000374571,GOOD,1686.1999136569252,1764.328213
50,Onions and Garlic,San Joaquin River,162.4040681,1579.2163949117394,6.547714820960318,1.480822037,1660.207971888736,74.04110185,2894.594240590875,4313.35249,0.41,50,0.160557684,0.417141646,0.279934415,1398.0627899758474,1.1012804397682472,1398.0627899758474,0.17,162.56647383369537,1363.232361,1.5020522855433154e-08,23.521009293007417,-4.882352941,0.2755691331752648,0.067468131,0.2638255556340612,0.39313718012862714,6.468712120404191,0.015018246883700894,17564.157750359802,2894.594240590875,4313.35249,162.4040681,162.4040681,162.2416624494916,240.25102907472257,162.24166244945096,162.2416624494509,0.16240569050839326,0.2404939254390399,0.00100001,0.00100001,GOOD,1579.2163949117394,1398.06279
50,Orchards,San Joaquin River,1526.698158810574,4762.917744049696,3.2473886711517097,3.445837194,2203.997552741282,172.2918597,5347.052265832813,5630.387791190651,0.13,50,0.142496355,0.364024786,0.345706127,2113.315654189695,1.1031015117588436,2113.315654189695,0.17,1528.2248722515596,2032.266085516261,1.5020522855433154e-08,23.521009293007417,-4.882352941,0.034831859,0.874908261,0.043965104212845905,0.046294776,2.1286209770485396,0.005038526,383.6654840984094,5347.052265832813,5630.387791190651,1526.698158810574,1526.698158810574,1526.0845243238232,5258.638815102829,1526.0845243236001,1526.0845243236001,0.6136344867506978,2.1144845379658364,0.000401936,0.000401936,GOOD,4762.917744049696,2113.315654
50,Pasture,San Joaquin River,2824.663193,226.93434170957272,4.999999999999999,4.600187047,214.8235605236638,46.00187047,128.6294507639423,552.5829798026236,0.51,10,0.189326621,0.486998112,0.113362702,192.63384698763363,1.14712982,192.63384698763363,0.17,2827.487884055703,84.43280469,1.5020522855433154e-08,23.521009293007417,-4.882352941,0.001123171,0.9963200982486966,0.000482773,0.002073958,1.634554280061564,0.000694166,60676.76747687444,128.6294507639423,552.5829798026236,2824.663193,2824.663193,2827.487884057282,13006.973139789747,2827.487884053251,2827.4878840532488,-2.824691467,-12.9941091,0.00100001,0.00100001,GOOD,226.93434170957272,192.633847
50,Pistachios,San Joaquin River,168.60890764541028,4897.401316014931,1.4148193706249117,3.805829794,1806.4550687933065,190.2914897,360.67399042192295,1788.1026602854222,0.4,50,0.260711671,0.25806301,0.052053284,2783.4150384212066,1.591834968530147,2783.4150384212066,0.17,168.77751824077552,2693.8980804585444,1.5020522855433154e-08,23.521009293007417,-4.882352941,0.022780244854341155,0.9663429069035653,0.001825688,0.00905116,0.7123354240070008,0.014827211888814182,24914.426584952573,360.67399042192295,1788.1026602854222,168.60890764541028,168.60890764541028,168.53978369152514,641.4337302475217,168.53978369149877,168.53978369149777,0.069123954,0.2630740031752339,0.000409966,0.000409966,GOOD,4897.401316014931,2783.415038
50,Potatoes,San Joaquin River,187.4428383,919.9316484476204,16.13648405085267,3.305132031,1515.9901260691986,165.2566016,1581.9027454094116,9194.809715114436,0.41,50,0.10212496,0.619410086,0.106565176,2386.503184906585,1.1348233686528502,2386.503184906585,0.17,187.63028298450826,2308.7631436803445,1.5020522855433154e-08,23.521009293007417,-4.882352941,0.039081284,0.8508023939024747,0.016163863755445415,0.093952458,10.965982843131984,0.013012096982497865,25644.917078535862,1581.9027454094116,9194.809715114436,187.4428383,187.4428383,187.2553935595312,618.9037992311177,187.25539355949613,187.2553935594959,0.18744471046881017,0.6195295166119195,0.00100001,0.00100001,GOOD,919.9316484476204,2386.503185
50,Safflower,San Joaquin River,412.5960156,575.1459791234267,1.2452915891971017,2.40565496,140.08797825180446,24.0565496,80.89587427083077,303.8527969500393,0.74,10,0.195592287,0.424242424,0.112947658,167.33125129026067,1.2427162976469353,167.33125129026067,0.17,413.0086157743705,110.74781860942521,1.5020522855433154e-08,23.521009293007417,-4.882352941,0.038618881,0.9021449039996497,0.012454794,0.046781421,0.7927719287561983,0.003275241,19827.220177267733,80.89587427083077,303.8527969500393,412.5960156,412.5960156,412.18341549260316,991.5710779095217,412.1834154917419,412.1834154917377,0.41260013739685064,0.9925735670253744,0.00100001,0.00100001,GOOD,575.1459791234267,167.3312513
50,Subtropical,San Joaquin River,180.7109280703919,950.3385633291216,4.405405823456747,3.247465856,846.2602941423601,162.3732928,1809.449159,670.5198375678385,0.13,50,0.202134149,0.160157528,0.432197361,698.0244579610521,1.142940118180599,698.0244579610521,0.17,180.89164080713894,621.6407833729086,1.5020522855433154e-08,23.521009293007417,-4.882352941,0.018575568936490663,0.9500416384794454,0.022897692561532592,0.0084851,2.4135648593560983,0.04256692,15.736124176101722,1809.449159,670.5198375678385,180.7109280703919,180.7109280703919,180.53021533740622,586.2657102845542,180.53021533732468,180.5302153373251,0.18071273298568258,0.5868584301153987,0.00100001,0.00100001,GOOD,950.3385633291216,698.024458
50,Sunflowers,San Joaquin River,104.5527892,3639.7132270760326,0.60825,2.945560199,458.2915301,147.27801,392.40297091698505,859.4796422255522,0.74,50,0.207010582,0.388227513,0.177248677,356.4034171904314,1.1351215012100548,356.4034171904314,0.17,104.65734306528441,287.1208683667965,1.5020522855433154e-08,23.521009293007417,-4.882352941,0.016831848,0.9548999092939028,0.008860689,0.019407553515673574,0.32929760940652747,0.012925062653073626,14930.677680262332,392.40297091698505,859.4796422255522,104.5527892,104.5527892,104.4482353963928,307.6585650393976,104.44823539629941,104.44823539629876,0.1045538336071985,0.30796961092624997,0.00100001,0.00100001,GOOD,3639.7132270760326,356.4034172
50,Tomatoes,San Joaquin River,3531.751046,99.69467136276712,46.73447582150074,2.379660861,396.8321367127137,118.9830431,961.6082330403352,2531.592592980513,0.74,50,0.085172131,0.543356034,0.206390095,650.1622025521402,1.1068333408911055,650.1622025521402,0.17,3535.282832688867,594.1901773151284,1.5020522855433154e-08,23.521009293007417,-4.882352941,0.059915622,0.7288910491664046,0.058137294,0.1530560345423169,36.05278662565037,0.000382629,670533.9945141394,961.6082330403352,2531.592592980513,3531.751046,3531.751046,3528.219259961585,8395.965281956967,3528.219259959637,3528.2192599596365,3.531786328,8.404453695144184,0.00100001,0.00100001,GOOD,99.69467136276712,650.1622026
50,Truck,San Joaquin River,226.8938786,690.3355797,21.209271392611992,2.667732673,775.1695467939655,133.38663365000002,4298.9979178004605,3487.4841784080063,0.41,50,0.052943262,0.238191489,0.293617021,5946.476384721578,1.6037076817639468,5946.476384721578,0.17,227.12077476980238,5883.728619718075,1.5020522855433154e-08,23.521009293007417,-4.882352941,0.17497042044249403,0.6204305585077357,0.11296125189901508,0.091637769,17.44038700019499,0.010749626235306068,54044.83252082728,4298.9979178004605,3487.4841784080063,226.8938786,226.8938786,226.6669824748756,604.6869150385442,226.6669824748511,226.66698247485112,0.2268961451244138,0.6052982597260552,0.00100001,0.00100001,GOOD,690.3355797,5946.476385
50,Walnuts,San Joaquin River,3338.7671663429182,1802.4977894073568,1.658526763188251,4.952669773,765.1413127975416,247.6334887,268.1025116377279,816.5691826463604,0.13,50,0.25594369,0.273146576,0.089681664,892.0443286,1.3574287230657758,892.0443286,0.17,3342.105966930128,775.5525368209786,1.5020522855433154e-08,23.521009293007417,-4.882352941,0.001709023,0.9970877993049542,0.000297394,0.000905784,0.5151093770328754,0.002303937,305.15398887794777,268.1025116377279,816.5691826463604,3338.7671663429182,3338.7671663429182,3342.105966930081,16552.347200577547,3342.1059669289502,3342.1059669289493,-3.338800587,-16.53597675,0.00100001,0.00100001,GOOD,1802.4977894073568,892.0443286
60N,Alfalfa,San Joaquin River,6548.964197,290.4258220911552,6.981811446972129,4.134965358,571.5529893775365,41.349653579999995,305.99033342682264,377.93259160905086,1.86,10,0.281872792,0.186385019,0.150905255,730.8727611789086,1.4891295433559897,730.8727611789086,0.17,6555.513226421565,633.6142025468389,5.5145036313532544e-09,23.52100929691879,-4.882352941,0.008388355,0.98685132,0.002129792,0.002630533,2.9172741951782126,8.209457136374717e-05,8575139.697345426,305.99033342682264,377.93259160905086,6548.964197,6548.964197,6555.513226421643,27106.8201,6555.513226420484,6555.513226420484,-6.549029752,-27.08001115,0.00100001,0.00100001,GOOD,290.4258220911552,730.8727612
60N,Almonds,San Joaquin River,3499.191779674783,4775.7622921787415,1.0186167813109468,4.125499535,1058.311099904325,206.2749768,455.39801674845086,1465.6584833160457,0.4,50,0.217550368,0.301286212,0.093613311,1679.029037646478,1.4543441310612353,1679.029037646478,0.17,3502.691006481273,1581.9931247252136,5.5145036313532544e-09,23.52100929691879,-4.882352941,0.008479749,0.9853504784767256,0.001462582,0.004707191,0.4345729342122748,0.000714451,303351.05007122154,455.39801674845086,1465.6584833160457,3499.191779674783,3499.191779674783,3502.691006481107,14450.350118486489,3502.6910064808217,3502.691006480821,-3.499226806,-14.43605856,0.00100001,0.00100001,GOOD,4775.7622921787415,1679.029038
60N,Beans Dry,San Joaquin River,475.7001625,1593.7733607003554,1.2854776269307526,2.212101358,174.48723031865123,110.6050679,145.56340622811666,1032.5843524425347,1.68,50,0.085167238,0.504004546,0.071049516,585.5199406892407,1.3334790750889507,585.5199406892407,0.17,476.1758674640193,533.4890840781716,5.5145036313532544e-09,23.52100929691879,-4.882352941,0.07274255,0.8062061225476878,0.014956225,0.1060951017556309,0.9342332176386211,0.001251288,311998.63200839347,145.56340622811666,1032.5843524425347,475.7001625,475.7001625,475.2244576253037,1051.244668067748,475.2244576251511,475.2244576251484,0.47570491469627996,1.0523074878067291,0.00100001,0.00100001,GOOD,1593.7733607003554,585.5199407
60N,Berries,San Joaquin River,51.39563042,6918.471451184428,4.491164089766624,3.460572945,1405.6454588502618,173.0286473,12947.164391659178,12034.90563295768,0.25,50,0.045238346,0.387323291,0.416682812,4511.246406917965,1.1141394154835327,4511.246406917965,0.17,51.44702656485662,4429.850238504713,5.5145036313532544e-09,23.52100929691879,-4.882352941,0.041703257,0.7797628653604047,0.092526659,0.086007219,3.299906215964447,0.077827628,1373.301934207882,12947.164391659178,12034.90563295768,51.39563042,51.39563042,51.396954291011994,177.86290947487777,51.39695429100605,51.39695429100605,-0.001323871,-0.004581352,2.5758435127114414e-05,2.57584351271454e-05,GOOD,6918.471451184428,4511.246407
60N,Corn,San Joaquin River,8954.168831,77.55530093169975,25.228612548349723,2.415829265,172.4592835325484,120.7914633,171.17874317240083,1093.0994893049892,0.3,50,0.088141761,0.558669339,0.087487293,399.0836590165808,1.196408306,399.0836590165808,0.17,8963.123089181514,342.2609164106265,5.5145036313532544e-09,23.52100929691879,-4.882352941,0.034420822194917135,0.8810332512038994,0.011447215560753118,0.073098711,16.633656953770497,0.000372266,49325.27017126085,171.17874317240083,1093.0994893049892,8954.168831,8954.168831,8945.214572437246,21610.11114579836,8945.214572434192,8945.214572,8.954258282754381,21.631959205849853,0.00100001,0.00100001,GOOD,77.55530093169975,399.083659
60N,Cucurbits,San Joaquin River,661.1481659,384.0603913568815,14.869476863717953,2.299627126,267.5771762620625,114.98135629999999,3732.550157619291,1306.0695944458312,0.05,50,0.046854775,0.228702604,0.653597591,289.59881892442695,1.0032570506191811,289.59881892442695,0.17,661.8093206333103,235.5092679104221,5.5145036313532544e-09,23.52100929691879,-4.882352941,0.032667647158511864,0.6401522943620467,0.24237113315542452,0.084808925,12.13538314311992,0.030250405329775288,3.42784976102519e-05,3732.550157619291,1306.0695944458312,661.1481659,661.1481659,660.4870110794296,1518.8738470489186,660.4870110791629,660.4870110791632,0.6611547705704197,1.5204094448881733,0.00100001,0.00100001,GOOD,384.0603913568815,289.5988189
60N,Field and Grain,San Joaquin River,14910.63711,194.80875619730872,3.454627791702094,2.917058441,127.41525270590476,72.92646103,76.29216243580545,327.74570834271907,0.74,25,0.189326621,0.486998112,0.113362702,68.61215871671094,1.0604999470299432,68.61215871671094,0.17,14736.95171790105,1.3786259078383136e-09,5.5145036313532544e-09,23.52100929691879,-4.882352941,0.004738605,0.9802351261789607,0.002837324,0.012188944394992862,1.6231948608450493,9.063002081681507e-05,363969.42717177887,76.29216243580545,327.74570834271907,14910.63711,14910.63711,14895.72636936374,43451.70434057878,14895.726369358119,14895.726369358115,14.910737106260058,43.49549153735279,0.001000007,0.001000007,GOOD,194.80875619730872,68.61215872
60N,Grapes,San Joaquin River,88402.47593445018,1686.1999136569252,10.801358853855447,3.098484515,5693.452830527652,154.9242258,6051.355457751757,4549.189639988359,0.13,50,0.312599493,0.249773629,0.332250166,1764.3282127307548,1.0545343073436464,1764.3282127307548,0.17,88490.87851038454,1691.4487296429452,5.5145036313532544e-09,23.52100929691879,-4.882352941,0.098544756,0.7600006670897967,0.080749803,0.060704774,8.08449788,8.701461821059723e-05,38728.05690174916,6051.355457751757,4549.189639988359,88402.47593445018,88402.47593445018,88390.15144708687,273875.5155373035,88390.15144708416,88390.15144708416,12.324487363308435,38.18723325052997,0.000139413,0.000139413,GOOD,1686.1999136569252,1764.328213
60N,Orchards,San Joaquin River,5797.608636849405,4762.917744049696,3.2473886711517097,3.445837194,2203.997552741282,172.2918597,5347.052265832813,5630.387791190651,0.13,50,0.142496355,0.364024786,0.345706127,2113.315654189695,1.1031015117588436,2113.315654189695,0.17,5803.406303520243,2032.266085509841,5.5145036313532544e-09,23.52100929691879,-4.882352941,0.034831859323781966,0.8749082606374853,0.043965104210805274,0.046294776,2.128620977028235,0.001326807,1456.962734532625,5347.052265832813,5630.387791190651,5797.608636849405,5797.608636849405,5797.653947,19977.771609484338,5797.653947281428,5797.653947281428,-0.045310432,-0.156132373,7.815365812571121e-06,7.815365812575228e-06,GOOD,4762.917744049696,2113.315654
60N,Pasture,San Joaquin River,19136.66545,226.93434170957272,4.999999999999999,4.600187047,214.8235605236638,46.00187047,128.6294507639423,552.5829798026236,0.51,10,0.189326621,0.486998112,0.113362702,192.63384698763363,1.14712982,192.63384698763363,0.17,19155.802211073864,84.43280468345162,5.5145036313532544e-09,23.52100929691879,-4.882352941,0.001123171,0.9963200982492009,0.000482773,0.002073958,1.6345542800219546,0.000102462,411075.9125303774,128.6294507639423,552.5829798026236,19136.66545,19136.66545,19155.802211075534,88120.27320628364,19155.802211065606,19155.802211065602,-19.13676545,-88.03270052,0.001000005,0.001000005,GOOD,226.93434170957272,192.633847
60N,Pistachios,San Joaquin River,96.85360057737094,4897.401316014931,1.4148193706249117,3.805829794,1806.4550687933065,190.2914897,360.67399042192295,1788.1026602854222,0.4,50,0.260711671,0.25806301,0.052053284,2783.4150384212066,1.591834968530147,2783.4150384212066,0.17,96.95045514739753,2693.898080451442,5.5145036313532544e-09,23.52100929691879,-4.882352941,0.022780244853087862,0.9663429069053766,0.001825688,0.00905116,0.712335424,0.025812153,14311.53285296256,360.67399042192295,1788.1026602854222,96.85360057737094,96.85360057737094,96.92861217058184,368.89380008987143,96.92861217057307,96.92861217,-0.075011593,-0.285481356,0.000774484,0.000774484,GOOD,4897.401316014931,2783.415038
60N,Potatoes,San Joaquin River,276.4039181,919.9316484476204,16.13648405085267,3.305132031,1515.9901260691986,165.2566016,1581.9027454094116,9194.809715114436,0.41,50,0.10212496,0.619410086,0.106565176,2386.503184906585,1.1348233686528502,2386.503184906585,0.17,276.68032482487865,2308.763143674291,5.5145036313532544e-09,23.52100929691879,-4.882352941,0.039081284,0.8508023939093631,0.016163864,0.093952458,10.965982843030279,0.008824131,37816.091701840036,1581.9027454094116,9194.809715114436,276.4039181,276.4039181,276.31336843258407,913.2521646000379,276.3133684325624,276.3133684325622,0.090549707,0.2992787383778932,0.000327599,0.000327599,GOOD,919.9316484476204,2386.503185
60N,Safflower,San Joaquin River,150.1450882,575.1459791234267,1.2452915891971017,2.40565496,140.08797825180446,24.0565496,80.89587427083077,303.8527969500393,0.74,10,0.195592287,0.424242424,0.112947658,167.33125129026067,1.2427162976469353,167.33125129026067,0.17,150.2952348298468,110.74781860777594,5.5145036313532544e-09,23.52100929691879,-4.882352941,0.038618881064705096,0.902144904,0.012454793877648836,0.046781421,0.7927719287389888,0.009000303,7215.192610390642,80.89587427083077,303.8527969500393,150.1450882,150.1450882,149.99494165191555,360.8360753598413,149.99494165174187,149.99494165173766,0.15014658808445347,0.3612008843523995,0.00100001,0.00100001,GOOD,575.1459791234267,167.3312513
60N,Subtropical,San Joaquin River,1295.8061080269883,950.3385633291216,4.405405823456747,3.247465856,846.2602941423601,162.3732928,1809.449159,670.5198375678385,0.13,50,0.202134149,0.160157528,0.432197361,698.0244579610521,1.142940118180599,698.0244579610521,0.17,1297.1019271057946,621.6407833666273,5.5145036313532544e-09,23.52100929691879,-4.882352941,0.018575568935355728,0.9500416384821605,0.022897692560379847,0.0084851,2.413564859330847,0.005936311,112.83748050938938,1809.449159,670.5198375678385,1295.8061080269883,1295.8061080269883,1295.2991200282927,4206.439665598727,1295.2991200281015,1295.299120028102,0.5069879986956494,1.6464262151648654,0.000391253,0.000391253,GOOD,950.3385633291216,698.024458
60N,Tomatoes,San Joaquin River,637.6915464,99.69467136276712,46.73447582150074,2.379660861,396.8321367127137,118.9830431,961.6082330403352,2531.592592980513,0.74,50,0.085172131,0.543356034,0.206390095,650.1622025521402,1.1068333408911055,650.1622025521402,0.17,638.3292443494615,594.1901773131416,5.5145036313532544e-09,23.52100929691879,-4.882352941,0.059915622262204635,0.7288910491774243,0.058137294,0.153056035,36.05278662536568,0.00211913,121071.34797545226,961.6082330403352,2531.592592980513,637.6915464,637.6915464,637.0538485031482,1515.9721096323651,637.0538485029995,637.0538485029991,0.6376979168518346,1.5175047738737248,0.00100001,0.00100001,GOOD,99.69467136276712,650.1622026
60N,Truck,San Joaquin River,640.0846943,690.3355797,21.209271392611992,2.667732673,775.1695467939655,133.38663365000002,4298.9979178004605,3487.4841784080063,0.41,50,0.052943262,0.238191489,0.293617021,5946.476384721578,1.6037076817639468,5946.476384721578,0.17,640.7247853514724,5883.728619714347,5.5145036313532544e-09,23.52100929691879,-4.882352941,0.1749704204364319,0.6204305585204798,0.11296125189532587,0.091637769,17.440387000077646,0.003810471,152464.53677052847,4298.9979178004605,3487.4841784080063,640.0846943,640.0846943,639.4446032,1705.8672604306728,639.4446031626819,639.4446031626819,0.6400910872929444,1.7075919072674424,0.00100001,0.00100001,GOOD,690.3355797,5946.476385
60N,Walnuts,San Joaquin River,10045.147835991273,1802.4977894073568,1.658526763188251,4.952669773,765.1413127975416,247.6334887,268.1025116377279,816.5691826463604,0.13,50,0.25594369,0.273146576,0.089681664,892.0443286,1.3574287230657758,892.0443286,0.17,10055.19308382707,775.5525368087068,5.5145036313532544e-09,23.52100929691879,-4.882352941,0.001709023,0.9970877993051326,0.000297394,0.000905784,0.5151093770271965,0.000765773,918.0984412,268.1025116377279,816.5691826463604,10045.147835991273,10045.147835991273,10055.193083827156,49800.05084794942,10055.19308382591,10055.193083825909,-10.04524784,-49.75079532,0.00100001,0.00100001,GOOD,1802.4977894073568,892.0443286
60S,Alfalfa,San Joaquin River,3344.391065,290.4258220911552,6.981811446972129,4.134965358,571.5529893775365,41.349653579999995,305.99033342682264,377.93259160905086,1.86,10,0.281872792,0.186385019,0.150905255,730.8727611789086,1.4891295433559897,730.8727611789086,0.17,3347.735489091669,633.6142025454078,3.2632613117642786e-09,23.52100929767848,-4.882352941,0.008388355,0.9868513197019714,0.002129792,0.002630533,2.9172741951647057,0.000160757,4379107.858860858,305.99033342682264,377.93259160905086,3344.391065,3344.391065,3341.0466400754462,13815.112116174265,3341.046640075083,3341.046640075083,3.3444244745537617,13.82907934472496,0.00100001,0.00100001,GOOD,290.4258220911552,730.8727612
60S,Almonds,San Joaquin River,15556.597473890964,4775.7622921787415,1.0186167813109468,4.125499535,1058.311099904325,206.2749768,455.39801674845086,1465.6584833160457,0.4,50,0.217550368,0.301286212,0.093613311,1679.029037646478,1.4543441310612353,1679.029037646478,0.17,15572.154171364758,1581.993124723735,3.2632613117642786e-09,23.52100929767848,-4.882352941,0.008479749,0.9853504784768866,0.001462582,0.004707191,0.43457293421135873,0.000160704,1348628.619513987,455.39801674845086,1465.6584833160457,15556.597473890964,15556.597473890964,15549.91599287276,64151.17119788564,15549.915992872016,15549.915992872015,6.681481018204067,27.56444683371228,0.000429495,0.000429495,GOOD,4775.7622921787415,1679.029038
60S,Beans Dry,San Joaquin River,895.2593838,1593.7733607003554,1.2854776269307526,2.212101358,174.48723031865123,110.6050679,145.56340622811666,1032.5843524425347,1.68,50,0.085167238,0.504004546,0.071049516,585.5199406892407,1.3334790750889507,585.5199406892407,0.17,896.1546521,533.4890840780329,3.2632613117642786e-09,23.52100929767848,-4.882352941,0.07274255,0.8062061225495002,0.014956225473504725,0.10609510175477316,0.934233218,0.000664878,587175.9671771304,145.56340622811666,1032.5843524425347,895.2593838,895.2593838,894.3641154,1978.4240742949628,894.3641154324482,894.3641154324472,0.8952683273820412,1.9804242827763119,0.00100001,0.00100001,GOOD,1593.7733607003554,585.5199407
60S,Corn,San Joaquin River,13913.64397,77.55530093169975,25.228612548349723,2.415829265,172.4592835325484,120.7914633,171.17874317240083,1093.0994893049892,0.3,50,0.088141761,0.558669339,0.087487293,399.0836590165808,1.196408306,399.0836590165808,0.17,13927.557718193782,342.2609164104738,3.2632613117642786e-09,23.52100929767848,-4.882352941,0.034420822,0.8810332512051241,0.011447215560650757,0.073098711,16.63365695373904,0.000239573,76645.22090988417,171.17874317240083,1093.0994893049892,13913.64397,13913.64397,13899.730230245803,33579.375065832995,13899.73023024299,13899.73023024299,13.913743974197132,33.613229878588754,0.001000007,0.001000007,GOOD,77.55530093169975,399.083659
60S,Cucurbits,San Joaquin River,3158.661224,384.0603913568815,14.869476863717953,2.299627126,267.5771762620625,114.98135629999999,3732.550157619291,1306.0695944458312,0.05,50,0.046854775,0.228702604,0.653597591,289.59881892442695,1.0032570506191811,289.59881892442695,0.17,3161.819917241966,235.50926791018554,3.2632613117642786e-09,23.52100929767848,-4.882352941,0.032667647,0.6401522943645305,0.24237113315386036,0.084808925,12.135383143103558,0.006331796,0.000163767,3732.550157619291,1306.0695944458312,3158.661224,3158.661224,3155.5025316205997,7256.479217876403,3155.502531619911,3155.5025316199117,3.1586927794000985,7.263815598209476,0.00100001,0.00100001,GOOD,384.0603913568815,289.5988189
60S,Field and Grain,San Joaquin River,7460.650723,194.80875619730872,3.454627791702094,2.917058441,127.41525270590476,72.92646103,76.29216243580545,327.74570834271907,0.74,25,0.189326621,0.486998112,0.113362702,68.61215871671094,1.0604999470299432,68.61215871671094,0.17,7289.788581502632,8.158153279410697e-10,3.2632613117642786e-09,23.52100929767848,-4.882352941,0.004738605,0.9802351261793666,0.002837324,0.012188944,1.623194860839686,0.00018113,182114.8721151106,76.29216243580545,327.74570834271907,7460.650723,7460.650723,7453.189997285589,21741.390793958697,7453.189997285593,7453.189997285591,7.460725254411045,21.763371579359955,0.00100001,0.00100001,GOOD,194.80875619730872,68.61215872
60S,Grapes,San Joaquin River,13503.146761649336,1686.1999136569252,10.801358853855447,3.098484515,5693.452830527652,154.9242258,6051.355457751757,4549.189639988359,0.13,50,0.312599493,0.249773629,0.332250166,1764.3282127307548,1.0545343073436464,1764.3282127307548,0.17,13516.650008410896,1691.448729642289,3.2632613117642786e-09,23.52100929767848,-4.882352941,0.098544756,0.7600006670917109,0.080749803,0.060704774,8.08449788,0.000569668,5915.565493047318,6051.355457751757,4549.189639988359,13503.146761649336,13503.146761649336,13496.71944,41819.37620040266,13496.719443957552,13496.719443957552,6.427317691535791,19.914944340205693,0.000475987,0.000475987,GOOD,1686.1999136569252,1764.328213
60S,Lettuce,San Joaquin River,170.9219319,1008,18.9,3.326092372,1600.000001,216.19600418000002,12499.999996377595,928.9999906,0.25,65,0.083984211,0.048763332,0.656126648,3806.004008240803,1.190145407760435,3806.004008240803,0.17,171.09285552276853,3727.770958632476,3.2632613117642786e-09,23.52100929767848,-4.882352941,0.043382850851303265,0.8472677968634111,0.1017847125248051,0.00756464,12.903291663115445,0.023402497011374174,4169.705862,12499.999996377595,928.9999906,170.9219319,170.9219319,170.75100824308313,567.933626,170.75100824307452,170.7510082430747,0.17092363691685364,0.5685078049435788,0.00100001,0.00100001,GOOD,1008,3806.004008
60S,Onions and Garlic,San Joaquin River,793.4878651,1579.2163949117394,6.547714820960318,1.480822037,1660.207971888736,74.04110185,2894.594240590875,4313.35249,0.41,50,0.160557684,0.417141646,0.279934415,1398.0627899758474,1.1012804397682472,1398.0627899758474,0.17,794.2813608777742,1363.232361073102,3.2632613117642786e-09,23.52100929767848,-4.882352941,0.2755691331733847,0.067468131,0.2638255556331848,0.39313718012732124,6.468712120399319,0.003073802,85816.48350752391,2894.594240590875,4313.35249,793.4878651,793.4878651,792.6943693,1173.8392906326812,792.6943692779591,792.6943692779591,0.7934957919979979,1.1750260550572875,0.00100001,0.00100001,GOOD,1579.2163949117394,1398.06279
60S,Orchards,San Joaquin River,15193.524545737013,4762.917744049696,3.2473886711517097,3.445837194,2203.997552741282,172.2918597,5347.052265832813,5630.387791190651,0.13,50,0.142496355,0.364024786,0.345706127,2113.315654189695,1.1031015117588436,2113.315654189695,0.17,15208.718170282675,2032.266085508896,3.2632613117642786e-09,23.52100929767848,-4.882352941,0.034831859,0.874908261,0.043965104210408966,0.046294775827510355,2.1286209770242883,0.000506289,3818.194786147242,5347.052265832813,5630.387791190651,15193.524545737013,15193.524545737013,15184.730256059089,52324.10829718556,15184.730256058612,15184.730256058614,8.794289677924098,30.303690467000706,0.000578818,0.000578818,GOOD,4762.917744049696,2113.315654
60S,Pasture,San Joaquin River,2819.794122,226.93434170957272,4.999999999999999,4.600187047,214.8235605236638,46.00187047,128.6294507639423,552.5829798026236,0.51,10,0.189326621,0.486998112,0.113362702,192.63384698763363,1.14712982,192.63384698763363,0.17,2822.613944486514,84.43280468169037,3.2632613117642786e-09,23.52100929767848,-4.882352941,0.001123171,0.996320098,0.000482773,0.002073958,1.6345542800142472,0.000695364,60572.17466611317,128.6294507639423,552.5829798026236,2819.794122,2819.794122,2822.6139444881615,12984.552106116018,2822.6139444872447,2822.6139444872438,-2.819822348,-12.97171024,0.00100001,0.00100001,GOOD,226.93434170957272,192.633847
60S,Potatoes,San Joaquin River,298.4673723,919.9316484476204,16.13648405085267,3.305132031,1515.9901260691986,165.2566016,1581.9027454094116,9194.809715114436,0.41,50,0.10212496,0.619410086,0.106565176,2386.503184906585,1.1348233686528502,2386.503184906585,0.17,298.76584268992383,2308.763143673428,3.2632613117642786e-09,23.52100929767848,-4.882352941,0.039081284185417224,0.850802394,0.016163864,0.093952458,10.965982843010515,0.008171829,40834.69437766475,1581.9027454094116,9194.809715114436,298.4673723,298.4673723,298.1689019760519,985.4875885691484,298.16890197603584,298.1689019760358,0.298470354,0.9864839271375558,0.00100001,0.00100001,GOOD,919.9316484476204,2386.503185
60S,Subtropical,San Joaquin River,602.6026142658371,950.3385633291216,4.405405823456747,3.247465856,846.2602941423601,162.3732928,1809.449159,670.5198375678385,0.13,50,0.202134149,0.160157528,0.432197361,698.0244579610521,1.142940118180599,698.0244579610521,0.17,603.2052229119153,621.6407833659808,3.2632613117642786e-09,23.52100929767848,-4.882352941,0.018575569,0.9500416384826857,0.022897692560155888,0.0084851,2.413564859325961,0.012765141587842904,52.47402394609051,1809.449159,670.5198375678385,602.6026142658371,602.6026142658371,602.0000056316454,1954.9744636005762,602.0000056315821,602.0000056315822,0.6026086341917107,1.9569509640682554,0.00100001,0.00100001,GOOD,950.3385633291216,698.024458
60S,Tomatoes,San Joaquin River,1898.465157,99.69467136276712,46.73447582150074,2.379660861,396.8321367127137,118.9830431,961.6082330403352,2531.592592980513,0.74,50,0.085172131,0.543356034,0.206390095,650.1622025521402,1.1068333408911055,650.1622025521402,0.17,1900.363641130355,594.1901773128671,3.2632613117642786e-09,23.52100929767848,-4.882352941,0.059915622,0.7288910491795777,0.058137294,0.15305603453535854,36.05278662531005,0.000711813,360440.3052370681,961.6082330403352,2531.592592980513,1898.465157,1898.465157,1896.5666728473846,4513.185481651913,1896.5666728471379,1896.5666728471379,1.8984841226154003,4.517748361818121,0.00100001,0.00100001,GOOD,99.69467136276712,650.1622026
60S,Truck,San Joaquin River,724.4488389,690.3355797,21.209271392611992,2.667732673,775.1695467939655,133.38663365000002,4298.9979178004605,3487.4841784080063,0.41,50,0.052943262,0.238191489,0.293617021,5946.476384721578,1.6037076817639468,5946.476384721578,0.17,725.1732950306474,5883.728619713981,3.2632613117642786e-09,23.52100929767848,-4.882352941,0.17497042043525343,0.6204305585229557,0.11296125189460943,0.091637769,17.440387000054844,0.003366731,172559.5966208003,4298.9979178004605,3487.4841784080063,724.4488389,724.4488389,723.7243828638595,1930.7031824126793,723.7243828638411,723.7243828638411,0.7244560761404273,1.9326551444733013,0.00100001,0.00100001,GOOD,690.3355797,5946.476385
60S,Walnuts,San Joaquin River,52344.55947,1802.4977894073568,1.658526763188251,4.952669773,765.1413127975416,247.6334887,268.1025116377279,816.5691826463604,0.13,50,0.25594369,0.273146576,0.089681664,892.0443286,1.3574287230657758,892.0443286,0.17,52396.90412491775,775.5525368066208,3.2632613117642786e-09,23.52100929767848,-4.882352941,0.001709023,0.9970877993051676,0.000297394,0.000905784,0.5151093770260896,0.000146955,4784.146459152144,268.1025116377279,816.5691826463604,52344.55947,52344.55947,52396.90412491775,259504.56325825918,52396.90412491392,52396.90412491392,-52.34465947,-259.2458127,0.001000002,0.001000002,GOOD,1802.4977894073568,892.0443286
61,Alfalfa,San Joaquin River,5040.231671,290.4258220911552,6.981811446972129,4.134965358,571.5529893775365,41.349653579999995,305.99033342682264,377.93259160905086,1.86,10,0.281872792,0.186385019,0.150905255,730.8727611789086,1.4891295433559897,730.8727611789086,0.17,5045.271952793153,633.6142025439922,1.882408906723788e-09,23.521009298267636,-4.882352941,0.008388355,0.9868513197022186,0.002129792,0.002630533,2.9172741951542474,0.000106669,6599622.380720088,305.99033342682264,377.93259160905086,5040.231671,5040.231671,5037.797391504152,20831.11769449243,5037.7973915038365,5037.797391503836,2.4342791658482383,10.065660022482916,0.00048297,0.00048297,GOOD,290.4258220911552,730.8727612
61,Almonds,San Joaquin River,117699.89718863394,4775.7622921787415,1.0186167813109468,4.125499535,1058.311099904325,206.2749768,455.39801674845086,1465.6584833160457,0.4,50,0.217550368,0.301286212,0.093613311,1679.029037646478,1.4543441310612353,1679.029037646478,0.17,117817.59718582248,1581.9931247223321,1.882408906723788e-09,23.521009298267636,-4.882352941,0.008479749,0.9853504784770111,0.001462582,0.004707191,0.4345729342106502,2.1240460354806667e-05,10203609.762916837,455.39801674845086,1465.6584833160457,117699.89718863394,117699.89718863394,117690.34686265884,485531.4712558878,117690.34686265567,117690.34686265567,9.550325975,39.39986536937067,8.114132809982427e-05,8.114132809983098e-05,GOOD,4775.7622921787415,1679.029038
61,Beans Dry,San Joaquin River,422.2532085,1593.7733607003554,1.2854776269307526,2.212101358,174.48723031865123,110.6050679,145.56340622811666,1032.5843524425347,1.68,50,0.085167238,0.504004546,0.071049516,585.5199406892407,1.3334790750889507,585.5199406892407,0.17,422.6754659549953,533.4890840779515,1.882408906723788e-09,23.521009298267636,-4.882352941,0.07274255,0.8062061225508733,0.014956225473410346,0.10609510175410365,0.9342332176357857,0.001409671,276944.24722479715,145.56340622811666,1032.5843524425347,422.2532085,422.2532085,421.8309511,933.1328197597569,421.83095109316247,421.83095109315974,0.4222574267739674,0.9340762271922358,0.00100001,0.00100001,GOOD,1593.7733607003554,585.5199407
61,Berries,San Joaquin River,76.88491972,6918.471451184428,4.491164089766624,3.460572945,1405.6454588502618,173.0286473,12947.164391659178,12034.90563295768,0.25,50,0.045238346,0.387323291,0.416682812,4511.246406917965,1.1141394154835327,4511.246406917965,0.17,76.96180540930439,4429.850238501809,1.882408906723788e-09,23.521009298267636,-4.882352941,0.041703256615497966,0.7797628653635919,0.092526659,0.086007219,3.299906215954769,0.052025807,2054.3810456258857,12947.164391659178,12034.90563295768,76.88491972,76.88491972,76.83156682953056,265.8812414922329,76.83156682952556,76.83156682952556,0.053352890469440695,0.18463156929607294,0.000693932,0.000693932,GOOD,6918.471451184428,4511.246407
61,Corn,San Joaquin River,21551.79045,77.55530093169975,25.228612548349723,2.415829265,172.4592835325484,120.7914633,171.17874317240083,1093.0994893049892,0.3,50,0.088141761,0.558669339,0.087487293,399.0836590165808,1.196408306,399.0836590165808,0.17,21573.34233729641,342.2609164100823,1.882408906723788e-09,23.521009298267636,-4.882352941,0.034420822194091115,0.8810332512060685,0.011447215560571293,0.073098711,16.633656953714784,0.000154666,118721.00097298158,171.17874317240083,1093.0994893049892,21551.79045,21551.79045,21530.238556403212,52013.38038699023,21530.23855640069,21530.23855640069,21.551890446786274,52.06568765742122,0.001000005,0.001000005,GOOD,77.55530093169975,399.083659
61,Cucurbits,San Joaquin River,1079.061999,384.0603913568815,14.869476863717953,2.299627126,267.5771762620625,114.98135629999999,3732.550157619291,1306.0695944458312,0.05,50,0.046854775,0.228702604,0.653597591,289.59881892442695,1.0032570506191811,289.59881892442695,0.17,1080.1410720400177,235.50926790995715,1.882408906723788e-09,23.521009298267636,-4.882352941,0.032667647,0.6401522943664437,0.24237113315264225,0.084808925,12.135383143090957,0.018534616188955137,5.594604367490534e-05,3732.550157619291,1306.0695944458312,1079.061999,1079.061999,1077.9829264610055,2478.958779054591,1077.9829264608413,1077.9829264608416,1.0790727789944867,2.4814650335042643,0.00100001,0.00100001,GOOD,384.0603913568815,289.5988189
61,Field and Grain,San Joaquin River,5250.614226,194.80875619730872,3.454627791702094,2.917058441,127.41525270590476,72.92646103,76.29216243580545,327.74570834271907,0.74,25,0.189326621,0.486998112,0.113362702,68.61215871671094,1.0604999470299432,68.61215871671094,0.17,4962.231731241513,4.70602226680947e-10,1.882408906723788e-09,23.521009298267636,-4.882352941,0.004738605,0.9802351261796648,0.002837324,0.012188944394662775,1.6231948608357467,0.00025737,128167.76630202025,76.29216243580545,327.74570834271907,5250.614226,5250.614226,5245.363559190581,15301.032046450688,5245.363559190611,5245.363559190607,5.250666679418828,15.316501558076197,0.00100001,0.00100001,GOOD,194.80875619730872,68.61215872
61,Grapes,San Joaquin River,8157.502926812029,1686.1999136569252,10.801358853855447,3.098484515,5693.452830527652,154.9242258,6051.355457751757,4549.189639988359,0.13,50,0.312599493,0.249773629,0.332250166,1764.3282127307548,1.0545343073436464,1764.3282127307548,0.17,8165.6605113953565,1691.4487296415064,1.882408906723788e-09,23.521009298267636,-4.882352941,0.098544756,0.7600006670931946,0.080749803,0.060704774,8.084497879653641,0.000942973,3573.7034985304704,6051.355457751757,4549.189639988359,8157.502926812029,8157.502926812029,8153.951207129079,25264.891551355013,8153.951207128994,8153.951207128994,3.5517196829496243,11.004948439236614,0.000435393,0.000435393,GOOD,1686.1999136569252,1764.328213
61,Onions and Garlic,San Joaquin River,171.63748320000002,1579.2163949117394,6.547714820960318,1.480822037,1660.207971888736,74.04110185,2894.594240590875,4313.35249,0.41,50,0.160557684,0.417141646,0.279934415,1398.0627899758474,1.1012804397682472,1398.0627899758474,0.17,171.8091224011819,1363.2323610739447,1.882408906723788e-09,23.521009298267636,-4.882352941,0.27556913317320014,0.067468131,0.2638255556330551,0.3931371801271279,6.468712120398711,0.014210325,18562.76056,2894.594240590875,4313.35249,171.63748320000002,171.63748320000002,171.46584400218683,253.91040039124255,171.46584400217486,171.4658440021748,0.17163919781319237,0.2541671065347657,0.00100001,0.00100001,GOOD,1579.2163949117394,1398.06279
61,Orchards,San Joaquin River,3807.610755346428,4762.917744049696,3.2473886711517097,3.445837194,2203.997552741282,172.2918597,5347.052265832813,5630.387791190651,0.13,50,0.142496355,0.364024786,0.345706127,2113.315654189695,1.1031015117588436,2113.315654189695,0.17,3811.4184042158845,2032.266085507931,1.882408906723788e-09,23.521009298267636,-4.882352941,0.034831859323178914,0.8749082606395328,0.043965104,0.046294775827186704,2.1286209770212317,0.002020245,956.8681374735859,5347.052265832813,5630.387791190651,3807.610755346428,3807.610755346428,3805.6764689679394,13113.741525100313,3805.6764689678666,3805.6764689678666,1.9342863784886504,6.665235946842586,0.000508005,0.000508005,GOOD,4762.917744049696,2113.315654
61,Pasture,San Joaquin River,22884.09053,226.93434170957272,4.999999999999999,4.600187047,214.8235605236638,46.00187047,128.6294507639423,552.5829798026236,0.51,10,0.189326621,0.486998112,0.113362702,192.63384698763363,1.14712982,192.63384698763363,0.17,22906.974720087794,84.43280467996951,1.882408906723788e-09,23.521009298267636,-4.882352941,0.001123171,0.9963200982493751,0.000482773,0.002073958,1.6345542800082729,8.568329648900366e-05,491574.5861515996,128.6294507639423,552.5829798026236,22884.09053,22884.09053,22906.974720089307,105376.3683933113,22906.97472008522,22906.97472008522,-22.88419053,-105.2715569,0.001000004,0.001000004,GOOD,226.93434170957272,192.633847
61,Pistachios,San Joaquin River,232.65185216565783,4897.401316014931,1.4148193706249117,3.805829794,1806.4550687933065,190.2914897,360.67399042192295,1788.1026602854222,0.4,50,0.260711671,0.25806301,0.052053284,2783.4150384212066,1.591834968530147,2783.4150384212066,0.17,232.8845063466132,2693.8980804481353,1.882408906723788e-09,23.521009298267636,-4.882352941,0.022780245,0.9663429069060074,0.001825688,0.00905116,0.7123354239968565,0.010745669878526888,34377.70620524447,360.67399042192295,1788.1026602854222,232.65185216565783,232.65185216565783,232.48514772828963,884.7989019,232.48514772828187,232.48514772828088,0.16670443736819607,0.6344487145280482,0.00071654,0.00071654,GOOD,4897.401316014931,2783.415038
61,Potatoes,San Joaquin River,389.0408964,919.9316484476204,16.13648405085267,3.305132031,1515.9901260691986,165.2566016,1581.9027454094116,9194.809715114436,0.41,50,0.10212496,0.619410086,0.106565176,2386.503184906585,1.1348233686528502,2386.503184906585,0.17,389.4299411505948,2308.763143672401,1.882408906723788e-09,23.521009298267636,-4.882352941,0.039081284185127116,0.850802394,0.016163864,0.093952458,10.965982842995187,0.006269326,53226.47490494993,1581.9027454094116,9194.809715114436,389.0408964,389.0408964,388.65185157735993,1284.545684,388.6518515773466,388.6518515773464,0.38904478264004183,1.2858443725972393,0.00100001,0.00100001,GOOD,919.9316484476204,2386.503185
61,Rice,San Joaquin River,351.5468328,573.2274458050736,4.688550561513142,4.833919598,335.3762221709432,241.69597989999997,192.09962573160925,1541.7508627943137,0.2,50,0.124786237,0.573652143,0.071476115,376.68317230725586,1.1076201907369552,376.68317230725586,0.17,351.8983831612272,262.9845044946299,1.882408906723788e-09,23.521009298267636,-4.882352941,0.000765532,0.997016212,0.000245769,0.001972487,1.4670293101087857,0.014222856,283.4678806234244,192.09962573160925,1541.7508627943137,351.5468328,351.5468328,351.89838316160285,1701.0484908693852,351.8983831615498,351.89838316154805,-0.351550352,-1.699366134,0.00100001,0.00100001,GOOD,573.2274458050736,376.6831723
61,Subtropical,San Joaquin River,277.0845992040286,950.3385633291216,4.405405823456747,3.247465856,846.2602941423601,162.3732928,1809.449159,670.5198375678385,0.13,50,0.202134149,0.160157528,0.432197361,698.0244579610521,1.142940118180599,698.0244579610521,0.17,277.3616865766097,621.6407833653933,1.882408906723788e-09,23.521009298267636,-4.882352941,0.018575569,0.9500416384830895,0.022897693,0.0084851,2.4135648593222037,0.027761585141884895,24.128245629059123,1809.449159,670.5198375678385,277.0845992040286,277.0845992040286,276.80751183700175,898.9229433749789,276.80751183697475,276.8075118369752,0.27708736702686565,0.8998317635487183,0.00100001,0.00100001,GOOD,950.3385633291216,698.024458
61,Truck,San Joaquin River,1772.752929,690.3355797,21.209271392611992,2.667732673,775.1695467939655,133.38663365000002,4298.9979178004605,3487.4841784080063,0.41,50,0.052943262,0.238191489,0.293617021,5946.476384721578,1.6037076817639468,5946.476384721578,0.17,1774.5256995841414,5883.728619713323,1.882408906723788e-09,23.521009298267636,-4.882352941,0.1749704204343393,0.6204305585248762,0.11296125189405386,0.091637769,17.440387000037163,0.00137584,422259.6736694571,4298.9979178004605,3487.4841784080063,1772.752929,1772.752929,1770.980158271423,4724.501631455387,1770.9801582713983,1770.9801582713985,1.772770638576958,4.729278154266467,0.00100001,0.00100001,GOOD,690.3355797,5946.476385
61,Walnuts,San Joaquin River,25369.35696765791,1802.4977894073568,1.658526763188251,4.952669773,765.1413127975416,247.6334887,268.1025116377279,816.5691826463604,0.13,50,0.25594369,0.273146576,0.089681664,892.0443286,1.3574287230657758,892.0443286,0.17,25394.726424625373,775.5525368047414,1.882408906723788e-09,23.521009298267636,-4.882352941,0.001709023,0.9970877993051944,0.000297394,0.000905784,0.5151093770252348,0.000303213,2318.688333,268.1025116377279,816.5691826463604,25369.35696765791,25369.35696765791,25394.72642462521,125771.69395684564,25394.72642462413,25394.72642462413,-25.36945697,-125.6465427,0.001000004,0.001000004,GOOD,1802.4977894073568,892.0443286
62,Alfalfa,San Joaquin River,10092.25907,290.4258220911552,6.981811446972129,4.134965358,571.5529893775365,41.349653579999995,305.99033342682264,377.93259160905086,1.86,10,0.281872792,0.186385019,0.150905255,730.8727611789086,1.4891295433559897,730.8727611789086,0.17,10102.351424985683,633.6142025444835,2.6060604435392373e-09,23.521009298014018,-4.882352941,0.008388355,0.9868513197021122,0.002129792,0.002630533,2.917274195158752,5.327195874486207e-05,13214689.94988561,305.99033342682264,377.93259160905086,10092.25907,10092.25907,10102.351424984528,41772.87317665296,10102.351424983679,10102.351424983679,-10.09235906,-41.73155511,0.00100001,0.00100001,GOOD,290.4258220911552,730.8727612
62,Almonds,San Joaquin River,117053.01205313524,4775.7622921787415,1.0186167813109468,4.125499535,1058.311099904325,206.2749768,455.39801674845086,1465.6584833160457,0.4,50,0.217550368,0.301286212,0.093613311,1679.029037646478,1.4543441310612353,1679.029037646478,0.17,117170.06516518828,1581.9931247228355,2.6060604435392373e-09,23.521009298014018,-4.882352941,0.008479749,0.9853504784769573,0.001462582,0.004707191,0.4345729342109557,2.13578442463757e-05,10147530.160117745,455.39801674845086,1465.6584833160457,117053.01205313524,117053.01205313524,117092.53161663034,483065.18473638134,117092.53161662591,117092.53161662591,-39.5195635,-163.0379408,0.000337621,0.000337621,GOOD,4775.7622921787415,1679.029038
62,Beans Dry,San Joaquin River,393.2915124,1593.7733607003554,1.2854776269307526,2.212101358,174.48723031865123,110.6050679,145.56340622811666,1032.5843524425347,1.68,50,0.085167238,0.504004546,0.071049516,585.5199406892407,1.3334790750889507,585.5199406892407,0.17,393.6848078789987,533.4890840779958,2.6060604435392373e-09,23.521009298014018,-4.882352941,0.07274255,0.8062061225502706,0.014956225473450765,0.10609510175439038,0.934233218,0.001513478,257949.06859701496,145.56340622811666,1032.5843524425347,393.2915124,393.2915124,392.898217,869.1306793563647,392.89821698857236,392.89821698856963,0.3932954413530183,0.87000938,0.00100001,0.00100001,GOOD,1593.7733607003554,585.5199407
62,Berries,San Joaquin River,197.6429401,6918.471451184428,4.491164089766624,3.460572945,1405.6454588502618,173.0286473,12947.164391659178,12034.90563295768,0.25,50,0.045238346,0.387323291,0.416682812,4511.246406917965,1.1141394154835327,4511.246406917965,0.17,197.84058504850216,4429.8502385009615,2.6060604435392373e-09,23.521009298014018,-4.882352941,0.041703257,0.7797628653630005,0.092526659,0.086007219,3.299906215956565,0.020238516981021394,5281.060466519077,12947.164391659178,12034.90563295768,197.6429401,197.6429401,197.52926123089966,683.5644172614888,197.52926123089205,197.52926123089205,0.11367889910033568,0.3933941226440538,0.000575173,0.000575173,GOOD,6918.471451184428,4511.246407
62,Corn,San Joaquin River,52613.31545,77.55530093169975,25.228612548349723,2.415829265,172.4592835325484,120.7914633,171.17874317240083,1093.0994893049892,0.3,50,0.088141761,0.558669339,0.087487293,399.0836590165808,1.196408306,399.0836590165808,0.17,52665.928861805914,342.26091641014824,2.6060604435392373e-09,23.521009298014018,-4.882352941,0.034420822194246706,0.8810332512056603,0.011447215560605477,0.073098711,16.633656953725264,6.335531804171726e-05,289827.6822848772,171.17874317240083,1093.0994893049892,52613.31545,52613.31545,52560.70203091371,126977.68215522628,52560.70203090529,52560.70203090529,52.61341544629249,127.10502876674582,0.001000002,0.001000002,GOOD,77.55530093169975,399.083659
62,Cucurbits,San Joaquin River,485.2556058,384.0603913568815,14.869476863717953,2.299627126,267.5771762620625,114.98135629999999,3732.550157619291,1306.0695944458312,0.05,50,0.046854775,0.228702604,0.653597591,289.59881892442695,1.0032570506191811,289.59881892442695,0.17,485.74086623254584,235.50926791016647,2.6060604435392373e-09,23.521009298014018,-4.882352941,0.032667647,0.6401522943656097,0.24237113315316297,0.084808925,12.135383143096448,0.041215391975254256,2.5159009707535998e-05,3732.550157619291,1306.0695944458312,485.2556058,485.2556058,484.7703453,1114.7910359704586,484.77034531649224,484.7703453164924,0.48526045339201573,1.115918101795387,0.00100001,0.00100001,GOOD,384.0603913568815,289.5988189
62,Field and Grain,San Joaquin River,3977.340139,194.80875619730872,3.454627791702094,2.917058441,127.41525270590476,72.92646103,76.29216243580545,327.74570834271907,0.74,25,0.189326621,0.486998112,0.113362702,68.61215871671094,1.0604999470299432,68.61215871671094,0.17,3702.1875552741867,6.515151108848093e-10,2.6060604435392373e-09,23.521009298014018,-4.882352941,0.004738605,0.9802351261795307,0.002837324,0.012188944394724817,1.6231948608375202,0.000339763,97087.07962006185,76.29216243580545,327.74570834271907,3977.340139,3977.340139,3973.362758827768,11590.531374793589,3973.3627588273775,3973.3627588273725,3.9773798722317224,11.602249529356413,0.00100001,0.00100001,GOOD,194.80875619730872,68.61215872
62,Grapes,San Joaquin River,8646.868311320062,1686.1999136569252,10.801358853855447,3.098484515,5693.452830527652,154.9242258,6051.355457751757,4549.189639988359,0.13,50,0.312599493,0.249773629,0.332250166,1764.3282127307548,1.0545343073436464,1764.3282127307548,0.17,8655.515266186447,1691.4487296417483,2.6060604435392373e-09,23.521009298014018,-4.882352941,0.098544756,0.7600006670925556,0.080749803,0.060704774,8.08449788,0.000889606,3788.088562485394,6051.355457751757,4549.189639988359,8646.868311320062,8646.868311320062,8643.525738145689,26781.83065464836,8643.525738,8643.525738,3.3425731743736833,10.356911221049813,0.000386565,0.000386565,GOOD,1686.1999136569252,1764.328213
62,Orchards,San Joaquin River,5421.522264740341,4762.917744049696,3.2473886711517097,3.445837194,2203.997552741282,172.2918597,5347.052265832813,5630.387791190651,0.13,50,0.142496355,0.364024786,0.345706127,2113.315654189695,1.1031015117588436,2113.315654189695,0.17,5426.943841274445,2032.2660855082497,2.6060604435392373e-09,23.521009298014018,-4.882352941,0.034831859323292316,0.8749082606391477,0.043965104210233925,0.046294776,2.1286209770225484,0.001418846,1362.450692852416,5347.052265832813,5630.387791190651,5421.522264740341,5421.522264740341,5419.229778886386,18673.78353491911,5419.229778886252,5419.229778886252,2.292485853954531,7.899533022271498,0.000422849,0.000422849,GOOD,4762.917744049696,2113.315654
62,Pasture,San Joaquin River,9735.744411,226.93434170957272,4.999999999999999,4.600187047,214.8235605236638,46.00187047,128.6294507639423,552.5829798026236,0.51,10,0.189326621,0.486998112,0.113362702,192.63384698763363,1.14712982,192.63384698763363,0.17,9745.480252924097,84.43280468060222,2.6060604435392373e-09,23.521009298014018,-4.882352941,0.001123171,0.9963200982493423,0.000482773,0.002073958,1.6345542800108508,0.000201401,209134.13725455606,128.6294507639423,552.5829798026236,9735.744411,9735.744411,9745.480252925665,44831.032026302935,9745.480252923238,9745.480252923237,-9.735841866,-44.78669364,0.00100001,0.00100001,GOOD,226.93434170957272,192.633847
62,Pistachios,San Joaquin River,318.68746716208113,4897.401316014931,1.4148193706249117,3.805829794,1806.4550687933065,190.2914897,360.67399042192295,1788.1026602854222,0.4,50,0.260711671,0.25806301,0.052053284,2783.4150384212066,1.591834968530147,2783.4150384212066,0.17,319.0061578192494,2693.8980804483854,2.6060604435392373e-09,23.521009298014018,-4.882352941,0.022780245,0.9663429069058904,0.001825688,0.00905116,0.7123354239973423,0.007844676,47090.72382364349,360.67399042192295,1788.1026602854222,318.68746716208113,318.68746716208113,318.5375522181189,1212.2997067395477,318.53755221810763,318.53755221810667,0.14991494396224425,0.5705507602974649,0.000470414,0.000470414,GOOD,4897.401316014931,2783.415038
62,Potatoes,San Joaquin River,3763.01473,919.9316484476204,16.13648405085267,3.305132031,1515.9901260691986,165.2566016,1581.9027454094116,9194.809715114436,0.41,50,0.10212496,0.619410086,0.106565176,2386.503184906585,1.1348233686528502,2386.503184906585,0.17,3766.7777823076226,2308.7631436723536,2.6060604435392373e-09,23.521009298014018,-4.882352941,0.039081284,0.8508023939112963,0.016163864,0.093952458,10.965982843001738,0.000648157,514835.35783129657,1581.9027454094116,9194.809715114436,3763.01473,3763.01473,3759.251677587896,12424.82313218624,3759.251677587789,3759.2516775877884,3.7630523221037038,12.437384764112721,0.00100001,0.00100001,GOOD,919.9316484476204,2386.503185
62,Safflower,San Joaquin River,293.06580753000003,575.1459791234267,1.2452915891971017,2.40565496,140.08797825180446,24.0565496,80.89587427083077,303.8527969500393,0.74,10,0.195592287,0.424242424,0.112947658,167.33125129026067,1.2427162976469353,167.33125129026067,0.17,293.3588762697732,110.74781860683903,2.6060604435392373e-09,23.521009298014018,-4.882352941,0.038618881062997615,0.9021449040149185,0.012454793877289094,0.046781421,0.7927719287340242,0.004611085,14083.21959530738,80.89587427083077,303.8527969500393,293.06580753000003,293.06580753000003,292.7727387948088,704.3101912345162,292.7727387946434,292.77273879463917,0.2930687351912411,0.7050222564337219,0.00100001,0.00100001,GOOD,575.1459791234267,167.3312513
62,Subtropical,San Joaquin River,218.0015077,950.3385633291216,4.405405823456747,3.247465856,846.2602941423601,162.3732928,1809.449159,670.5198375678385,0.13,50,0.202134149,0.160157528,0.432197361,698.0244579610521,1.142940118180599,698.0244579610521,0.17,218.2195114,621.6407833658199,2.6060604435392373e-09,23.521009298014018,-4.882352941,0.018575568935046666,0.950041638,0.022897693,0.0084851,2.413564859323855,0.035285571,18.983349998511112,1809.449159,670.5198375678385,218.0015077,218.0015077,217.7835040394462,707.2444933681395,217.78350403941812,217.78350403941852,0.21800368520979418,0.707959524,0.00100001,0.00100001,GOOD,950.3385633291216,698.024458
62,Truck,San Joaquin River,239.2525348,690.3355797,21.209271392611992,2.667732673,775.1695467939655,133.38663365000002,4298.9979178004605,3487.4841784080063,0.41,50,0.052943262,0.238191489,0.293617021,5946.476384721578,1.6037076817639468,5946.476384721578,0.17,239.49178971968254,5883.728619713995,2.6060604435392373e-09,23.521009298014018,-4.882352941,0.17497042043474395,0.6204305585240413,0.11296125189429145,0.091637769,17.44038700004485,0.010194351,56988.594190135474,4298.9979178004605,3487.4841784080063,239.2525348,239.2525348,239.01327986523546,637.6235359773818,239.0132798652282,239.01327986522824,0.2392549247645377,0.63826818,0.00100001,0.00100001,GOOD,690.3355797,5946.476385
62,Walnuts,San Joaquin River,8533.633905,1802.4977894073568,1.658526763188251,4.952669773,765.1413127975416,247.6334887,268.1025116377279,816.5691826463604,0.13,50,0.25594369,0.273146576,0.089681664,892.0443286,1.3574287230657758,892.0443286,0.17,8542.167624544341,775.5525368054665,2.6060604435392373e-09,23.521009298014018,-4.882352941,0.001709023,0.9970877993051827,0.000297394,0.000905784,0.5151093770256044,0.000901411,779.9502918400215,268.1025116377279,816.5691826463604,8533.633905,8533.633905,8542.167624544278,42306.53538997966,8542.167624543772,8542.167625,-8.533719327,-42.26469376,0.00100001,0.00100001,GOOD,1802.4977894073568,892.0443286
63,Alfalfa,San Joaquin River,24050.42306,290.4258220911552,6.981811446972129,4.134965358,571.5529893775365,41.349653579999995,305.99033342682264,377.93259160905086,1.86,10,0.281872792,0.186385019,0.150905255,730.8727611789086,1.4891295433559897,730.8727611789086,0.17,24074.47357945616,633.6142025443853,2.5324095265775093e-09,23.521009298049044,-4.882352941,0.008388355,0.9868513197021269,0.002129792,0.002630533,2.9172741951581287,2.235446783374074e-05,31491352.112343766,305.99033342682264,377.93259160905086,24050.42306,24050.42306,24074.47357945578,99547.11426,24074.473579453832,24074.473579453832,-24.05052306,-99.44807968,0.001000004,0.001000004,GOOD,290.4258220911552,730.8727612
63,Almonds,San Joaquin River,87802.95003961239,4775.7622921787415,1.0186167813109468,4.125499535,1058.311099904325,206.2749768,455.39801674845086,1465.6584833160457,0.4,50,0.217550368,0.301286212,0.093613311,1679.029037646478,1.4543441310612353,1679.029037646478,0.17,87890.75308965192,1581.9931247227466,2.5324095265775093e-09,23.521009298049044,-4.882352941,0.008479749,0.9853504784769648,0.001462582,0.004707191,0.43457293421091364,2.8472847425651672e-05,7611791.170908048,455.39801674845086,1465.6584833160457,87802.95003961239,87802.95003961239,87862.52875032925,362476.82150340744,87862.52875032603,87862.52875032603,-59.57871072,-245.7919434,0.00067855,0.00067855,GOOD,4775.7622921787415,1679.029038
63,Beans Dry,San Joaquin River,454.4272786,1593.7733607003554,1.2854776269307526,2.212101358,174.48723031865123,110.6050679,145.56340622811666,1032.5843524425347,1.68,50,0.085167238,0.504004546,0.071049516,585.5199406892407,1.3334790750889507,585.5199406892407,0.17,454.8817104471577,533.4890840779226,2.5324095265775093e-09,23.521009298049044,-4.882352941,0.07274255,0.8062061225503573,0.014956225473445236,0.10609510175435118,0.934233218,0.001309864,298046.33347117127,145.56340622811666,1032.5843524425347,454.4272786,454.4272786,453.9728468017139,1004.2339509051973,453.97284680163324,453.9728468016305,0.45443181828608203,1.0052492423490094,0.00100001,0.00100001,GOOD,1593.7733607003554,585.5199407
63,Berries,San Joaquin River,184.7282424,6918.471451184428,4.491164089766624,3.460572945,1405.6454588502618,173.0286473,12947.164391659178,12034.90563295768,0.25,50,0.045238346,0.387323291,0.416682812,4511.246406917965,1.1141394154835327,4511.246406917965,0.17,184.91297245145603,4429.850238500948,2.5324095265775093e-09,23.521009298049044,-4.882352941,0.041703257,0.7797628653630828,0.092526659,0.086007219,3.2999062159563155,0.02165343,4935.9770560753195,12947.164391659178,12034.90563295768,184.7282424,184.7282424,184.63986147947497,638.9597092044188,184.63986147946778,184.6398614794678,0.088380881,0.3058484840001938,0.000478437,0.000478437,GOOD,6918.471451184428,4511.246407
63,Corn,San Joaquin River,45701.03482,77.55530093169975,25.228612548349723,2.415829265,172.4592835325484,120.7914633,171.17874317240083,1093.0994893049892,0.3,50,0.088141761,0.558669339,0.087487293,399.0836590165808,1.196408306,399.0836590165808,0.17,45746.73595209684,342.26091641011925,2.5324095265775093e-09,23.521009298049044,-4.882352941,0.034420822194225605,0.8810332512057162,0.011447215560600741,0.073098711,16.633656953723825,7.293780866583285e-05,251750.4340249358,171.17874317240083,1093.0994893049892,45701.03482,45701.03482,45655.33368,110295.49121343385,45655.33368245571,45655.333682455705,45.70113481720182,110.40613893511181,0.001000002,0.001000002,GOOD,77.55530093169975,399.083659
63,Cotton,San Joaquin River,8986.380391,3399.2084145759286,0.7297198443095851,3.634047537,368.4467916,181.70237684999998,194.04241005796328,1104.405230241468,0.68,50,0.148539114,0.445240339,0.078228087,631.8730263071822,1.2779164243285712,631.8730263071822,0.17,8995.366861704755,546.3965603979686,2.5324095265775093e-09,23.521009298049044,-4.882352941,0.006193881,0.9850150735775869,0.00131375,0.007477296,0.31596041291572974,0.000163646,1284612.3463483595,194.04241005796328,1104.405230241468,8986.380391,8986.380391,8977.393921195136,32624.27626799796,8977.393921194302,8977.393921,8.986470164863931,32.65725976894464,0.00100001,0.00100001,GOOD,3399.2084145759286,631.8730263
63,Cucurbits,San Joaquin River,376.1663891,384.0603913568815,14.869476863717953,2.299627126,267.5771762620625,114.98135629999999,3732.550157619291,1306.0695944458312,0.05,50,0.046854775,0.228702604,0.653597591,289.59881892442695,1.0032570506191811,289.59881892442695,0.17,376.5425592038428,235.5092679102301,2.5324095265775093e-09,23.521009298049044,-4.882352941,0.032667647157990996,0.6401522943657203,0.24237113315308917,0.084808925,12.135383143095723,0.053167961,1.950306956009616e-05,3732.550157619291,1306.0695944458312,376.1663891,376.1663891,375.7902189031357,864.1773810751288,375.79021890303966,375.79021890303994,0.37617014686429684,0.865051074,0.00100001,0.00100001,GOOD,384.0603913568815,289.5988189
63,Field and Grain,San Joaquin River,18481.88868,194.80875619730872,3.454627791702094,2.917058441,127.41525270590476,72.92646103,76.29216243580545,327.74570834271907,0.74,25,0.189326621,0.486998112,0.113362702,68.61215871671094,1.0604999470299432,68.61215871671094,0.17,18185.52387482156,6.331023816443773e-10,2.5324095265775093e-09,23.521009298049044,-4.882352941,0.004738605,0.9802351261795478,0.002837324,0.012188944394716232,1.623194860837291,7.31176004083069e-05,451143.8638147917,76.29216243580545,327.74570834271907,18481.88868,18481.88868,18463.406692089335,53858.83634077509,18463.406692087377,18463.406692087374,18.48198868066538,53.91304109,0.001000005,0.001000005,GOOD,194.80875619730872,68.61215872
63,Grapes,San Joaquin River,9703.616182008598,1686.1999136569252,10.801358853855447,3.098484515,5693.452830527652,154.9242258,6051.355457751757,4549.189639988359,0.13,50,0.312599493,0.249773629,0.332250166,1764.3282127307548,1.0545343073436464,1764.3282127307548,0.17,9713.319895323715,1691.4487296416933,2.5324095265775093e-09,23.521009298049044,-4.882352941,0.098544756,0.7600006670926439,0.080749803,0.060704774,8.08449788,0.000792726,4251.037040276495,6051.355457751757,4549.189639988359,9703.616182008598,9703.616182008598,9700.251089,30056.077792288448,9700.251089454938,9700.251089454938,3.3650925535184797,10.42668717,0.000346787,0.000346787,GOOD,1686.1999136569252,1764.328213
63,Onions and Garlic,San Joaquin River,448.2143662,1579.2163949117394,6.547714820960318,1.480822037,1660.207971888736,74.04110185,2894.594240590875,4313.35249,0.41,50,0.160557684,0.417141646,0.279934415,1398.0627899758474,1.1012804397682472,1398.0627899758474,0.17,448.6625850727364,1363.2323610732458,2.5324095265775093e-09,23.521009298049044,-4.882352941,0.2755691331732522,0.067468131,0.2638255556331092,0.39313718012720855,6.468712120398935,0.005441647,48474.81916205799,2894.594240590875,4313.35249,448.2143662,448.2143662,447.76614737616825,663.0619784572197,447.7661473761453,447.7661473761452,0.4482188438317394,0.663732341,0.00100001,0.00100001,GOOD,1579.2163949117394,1398.06279
63,Orchards,San Joaquin River,4573.115800097559,4762.917744049696,3.2473886711517097,3.445837194,2203.997552741282,172.2918597,5347.052265832813,5630.387791190651,0.13,50,0.142496355,0.364024786,0.345706127,2113.315654189695,1.1031015117588436,2113.315654189695,0.17,4577.688961674472,2032.2660855081895,2.5324095265775093e-09,23.521009298049044,-4.882352941,0.034831859,0.8749082606392009,0.043965104,0.046294776,2.1286209770223663,0.001682071,1149.2426824213326,5347.052265832813,5630.387791190651,4573.115800097559,4573.115800097559,4571.499222672675,15752.642053827592,4571.499223,4571.499223,1.6165774248838716,5.570462617646626,0.000353496,0.000353496,GOOD,4762.917744049696,2113.315654
63,Pasture,San Joaquin River,14756.32061,226.93434170957272,4.999999999999999,4.600187047,214.8235605236638,46.00187047,128.6294507639423,552.5829798026236,0.51,10,0.189326621,0.486998112,0.113362702,192.63384698763363,1.14712982,192.63384698763363,0.17,14771.077026043673,84.43280468049116,2.5324095265775093e-09,23.521009298049044,-4.882352941,0.001123171,0.9963200982493468,0.000482773,0.002073958,1.6345542800104957,0.000132878,316981.4498584579,128.6294507639423,552.5829798026236,14756.32061,14756.32061,14771.077026045272,67949.71720545273,14771.077026041721,14771.07702604172,-14.75642061,-67.88229493,0.001000007,0.001000007,GOOD,226.93434170957272,192.633847
63,Pistachios,San Joaquin River,12979.01948294059,4897.401316014931,1.4148193706249117,3.805829794,1806.4550687933065,190.2914897,360.67399042192295,1788.1026602854222,0.4,50,0.260711671,0.25806301,0.052053284,2783.4150384212066,1.591834968530147,2783.4150384212066,0.17,12991.998602423473,2693.898080447851,2.5324095265775093e-09,23.521009298049044,-4.882352941,0.022780245,0.966342907,0.001825688,0.00905116,0.7123354239972656,0.000192619,1917839.5291645583,360.67399042192295,1788.1026602854222,12979.01948294059,12979.01948294059,12975.515733021939,49382.60436925065,12975.515733021646,12975.515733021644,3.5037499186510104,13.334675831123604,0.000269955,0.000269955,GOOD,4897.401316014931,2783.415038
63,Potatoes,San Joaquin River,12881.83801,919.9316484476204,16.13648405085267,3.305132031,1515.9901260691986,165.2566016,1581.9027454094116,9194.809715114436,0.41,50,0.10212496,0.619410086,0.106565176,2386.503184906585,1.1348233686528502,2386.503184906585,0.17,12894.719952444366,2308.763143672265,2.5324095265775093e-09,23.521009298049044,-4.882352941,0.039081284,0.8508023939113581,0.016163863754505764,0.093952458,10.965982843000823,0.000189338,1762423.524672819,1581.9027454094116,9194.809715114436,12881.83801,12881.83801,12868.956076416029,42533.59893,12868.956076415681,12868.956076415681,12.881938013972103,42.57650595132873,0.001000008,0.001000008,GOOD,919.9316484476204,2386.503185
63,Rice,San Joaquin River,1085.172573,573.2274458050736,4.688550561513142,4.833919598,335.3762221709432,241.69597989999997,192.09962573160925,1541.7508627943137,0.2,50,0.124786237,0.573652143,0.071476115,376.68317230725586,1.1076201907369552,376.68317230725586,0.17,1086.2577563749508,262.98450449491276,2.5324095265775093e-09,23.521009298049044,-4.882352941,0.000765532,0.9970162123062141,0.000245769,0.001972487,1.467029310109662,0.004607562,875.0230144396435,192.09962573160925,1541.7508627943137,1085.172573,1085.172573,1086.2577563753794,5250.882657022455,1086.2577563752336,1086.2577563752318,-1.085183435,-5.245689476,0.00100001,0.00100001,GOOD,573.2274458050736,376.6831723
63,Safflower,San Joaquin River,55.109421870000006,575.1459791234267,1.2452915891971017,2.40565496,140.08797825180446,24.0565496,80.89587427083077,303.8527969500393,0.74,10,0.195592287,0.424242424,0.112947658,167.33125129026067,1.2427162976469353,167.33125129026067,0.17,55.16453184216978,110.74781860900329,2.5324095265775093e-09,23.521009298049044,-4.882352941,0.038618881,0.9021449040147203,0.012454793877273336,0.046781421044735594,0.792771929,0.02452124,2648.2724017297505,80.89587427083077,303.8527969500393,55.109421870000006,55.109421870000006,55.05431189765723,132.44167848598613,55.05431189757166,55.05431189756746,0.055109972342776814,0.13257557831187228,0.00100001,0.00100001,GOOD,575.1459791234267,167.3312513
63,Subtropical,San Joaquin River,178.19604301802315,950.3385633291216,4.405405823456747,3.247465856,846.2602941423601,162.3732928,1809.449159,670.5198375678385,0.13,50,0.202134149,0.160157528,0.432197361,698.0244579610521,1.142940118180599,698.0244579610521,0.17,178.37424084454383,621.6407833659139,2.5324095265775093e-09,23.521009298049044,-4.882352941,0.018575569,0.9500416384829344,0.022897692560046465,0.0084851,2.4135648593236465,0.043167668,15.517130538535758,1809.449159,670.5198375678385,178.19604301802315,178.19604301802315,178.0178451953447,578.1068740305756,178.01784519531944,178.0178451953199,0.17819782267844175,0.5786913447617508,0.00100001,0.00100001,GOOD,950.3385633291216,698.024458
63,Tomatoes,San Joaquin River,7137.711007,99.69467136276712,46.73447582150074,2.379660861,396.8321367127137,118.9830431,961.6082330403352,2531.592592980513,0.74,50,0.085172131,0.543356034,0.206390095,650.1622025521402,1.1068333408911055,650.1622025521402,0.17,7144.8487890848655,594.1901773,2.5324095265775093e-09,23.521009298049044,-4.882352941,0.059915622,0.7288910491806229,0.058137294023244475,0.15305603453480668,36.05278662528305,0.000189326,1355157.2039535393,961.6082330403352,2531.592592980513,7137.711007,7137.711007,7130.573224317708,16968.346018403427,7130.573224317025,7130.573224317026,7.1377823122920745,16.985501202896558,0.00100001,0.00100001,GOOD,99.69467136276712,650.1622026
63,Truck,San Joaquin River,1198.365564,690.3355797,21.209271392611992,2.667732673,775.1695467939655,133.38663365000002,4298.9979178004605,3487.4841784080063,0.41,50,0.052943262,0.238191489,0.293617021,5946.476384721578,1.6037076817639468,5946.476384721578,0.17,1199.5639411892441,5883.728619713458,2.5324095265775093e-09,23.521009298049044,-4.882352941,0.17497042,0.6204305585241634,0.11296125189425986,0.091637769,17.440387000043728,0.002035292,285443.86732237006,4298.9979178004605,3487.4841784080063,1198.365564,1198.365564,1197.1671860948825,3193.7220173887895,1197.1671860948604,1197.1671860948604,1.1983775351175154,3.196950905022277,0.00100001,0.00100001,GOOD,690.3355797,5946.476385
63,Walnuts,San Joaquin River,5002.833014292837,1802.4977894073568,1.658526763188251,4.952669773,765.1413127975416,247.6334887,268.1025116377279,816.5691826463604,0.13,50,0.25594369,0.273146576,0.089681664,892.0443286,1.3574287230657758,892.0443286,0.17,5007.8358973852955,775.5525368053604,2.5324095265775093e-09,23.521009298049044,-4.882352941,0.001709023,0.9970877993051843,0.000297394,0.000905784,0.5151093770255541,0.00153759,457.24495717335475,268.1025116377279,816.5691826463604,5002.833014292837,5002.833014292837,5007.835897385279,24802.157477124405,5007.8358973849845,5007.835897384984,-5.002883092,-24.77762787,0.00100001,0.00100001,GOOD,1802.4977894073568,892.0443286
64,Alfalfa,San Joaquin River,12731.22989,290.4258220911552,6.981811446972129,4.134965358,571.5529893775365,41.349653579999995,305.99033342682264,377.93259160905086,1.86,10,0.281872792,0.186385019,0.150905255,730.8727611789086,1.4891295433559897,730.8727611789086,0.17,12743.961217677552,633.6142025435303,1.5636357534798542e-09,23.521009298432887,-4.882352941,0.008388355,0.9868513197022879,0.002129792,0.002630533,2.9172741951513146,4.222957352437517e-05,16670128.51620572,305.99033342682264,377.93259160905086,12731.22989,12731.22989,12743.961217676893,52695.83815878945,12743.961217676246,12743.961217676244,-12.73132989,-52.64360804,0.001000008,0.001000008,GOOD,290.4258220911552,730.8727612
64,Almonds,San Joaquin River,161206.47588101993,4775.7622921787415,1.0186167813109468,4.125499535,1058.311099904325,206.2749768,455.39801674845086,1465.6584833160457,0.4,50,0.217550368,0.301286212,0.093613311,1679.029037646478,1.4543441310612353,1679.029037646478,0.17,161367.68245690086,1581.993124721889,1.5636357534798542e-09,23.521009298432887,-4.882352941,0.008479749,0.9853504784770458,0.001462582,0.004707191,0.43457293421045184,1.5508061858787547e-05,13975271.095679097,455.39801674845086,1465.6584833160457,161206.47588101993,161206.47588101993,161285.31155978213,665382.4778422113,161285.31155977843,161285.31155977843,-78.83567876,-325.2365561,0.000489035,0.000489035,GOOD,4775.7622921787415,1679.029038
64,Corn,San Joaquin River,22563.53682,77.55530093169975,25.228612548349723,2.415829265,172.4592835325484,120.7914633,171.17874317240083,1093.0994893049892,0.3,50,0.088141761,0.558669339,0.087487293,399.0836590165808,1.196408306,399.0836590165808,0.17,22586.10045189464,342.2609164099219,1.5636357534798542e-09,23.521009298432887,-4.882352941,0.034420822,0.8810332512063322,0.011447215560548982,0.073098711,16.633656953708005,0.000147731,124294.34495395771,171.17874317240083,1093.0994893049892,22563.53682,22563.53682,22540.97317826499,54455.14266563262,22540.973178262804,22540.973178262804,22.563636815008067,54.50989414253854,0.001000004,0.001000004,GOOD,77.55530093169975,399.083659
64,Cotton,San Joaquin River,994.1798468,3399.2084145759286,0.7297198443095851,3.634047537,368.4467916,181.70237684999998,194.04241005796328,1104.405230241468,0.68,50,0.148539114,0.445240339,0.078228087,631.8730263071822,1.2779164243285712,631.8730263071822,0.17,995.1740365482175,546.3965603974334,1.5636357534798542e-09,23.521009298432887,-4.882352941,0.006193881,0.985015074,0.00131375,0.007477296,0.31596041291539484,0.001479197,142119.03458403907,194.04241005796328,1104.405230241468,994.1798468,994.1798468,993.1856569717521,3609.283890501922,993.1856569716787,993.1856569716767,0.9941897782479145,3.612932915,0.00100001,0.00100001,GOOD,3399.2084145759286,631.8730263
64,Field and Grain,San Joaquin River,11240.11806,194.80875619730872,3.454627791702094,2.917058441,127.41525270590476,72.92646103,76.29216243580545,327.74570834271907,0.74,25,0.189326621,0.486998112,0.113362702,68.61215871671094,1.0604999470299432,68.61215871671094,0.17,10797.00275069604,3.9090893836996355e-10,1.5636357534798542e-09,23.521009298432887,-4.882352941,0.004738605,0.9802351261797452,0.002837324,0.012188944394622264,1.623194860834683,0.000120226,274371.86631678196,76.29216243580545,327.74570834271907,11240.11806,11240.11806,11228.877839922121,32755.29288590267,11228.877839921583,11228.877839921579,11.240218057879247,32.78837296441998,0.001000009,0.001000009,GOOD,194.80875619730872,68.61215872
64,Grapes,San Joaquin River,63546.859015735405,1686.1999136569252,10.801358853855447,3.098484515,5693.452830527652,154.9242258,6051.355457751757,4549.189639988359,0.13,50,0.312599493,0.249773629,0.332250166,1764.3282127307548,1.0545343073436464,1764.3282127307548,0.17,63610.40597475104,1691.4487296412174,1.5636357534798542e-09,23.521009298432887,-4.882352941,0.098544756,0.7600006670936107,0.080749803,0.060704774,8.084497879650817,0.000121049,27839.111358296177,6051.355457751757,4549.189639988359,63546.859015735405,63546.859015735405,63523.41649310374,196826.32234377752,63523.41649310316,63523.41649310317,23.44252263166709,72.63629336678423,0.000368901,0.000368901,GOOD,1686.1999136569252,1764.328213
64,Onions and Garlic,San Joaquin River,236.9606716,1579.2163949117394,6.547714820960318,1.480822037,1660.207971888736,74.04110185,2894.594240590875,4313.35249,0.41,50,0.160557684,0.417141646,0.279934415,1398.0627899758474,1.1012804397682472,1398.0627899758474,0.17,237.1976347,1363.232361,1.5636357534798542e-09,23.521009298432887,-4.882352941,0.2755691331731212,0.067468131,0.2638255556330287,0.3931371801270886,6.468712120398538,0.010292950191140678,25627.526850986706,2894.594240590875,4313.35249,236.9606716,236.9606716,236.72370858119143,350.54568434739434,236.72370858117884,236.7237085811788,0.23696303880856817,0.3509000898221757,0.00100001,0.00100001,GOOD,1579.2163949117394,1398.06279
64,Orchards,San Joaquin River,11414.27410523455,4762.917744049696,3.2473886711517097,3.445837194,2203.997552741282,172.2918597,5347.052265832813,5630.387791190651,0.13,50,0.142496355,0.364024786,0.345706127,2113.315654189695,1.1031015117588436,2113.315654189695,0.17,11425.68847933971,2032.2660855075744,1.5636357534798542e-09,23.521009298432887,-4.882352941,0.034831859,0.8749082606397838,0.043965104210015364,0.046294776,2.1286209770203732,0.00067392,2868.4537116489296,5347.052265832813,5630.387791190651,11414.27410523455,11414.27410523455,11409.799133586474,39316.31023058124,11409.799133586303,11409.799133586303,4.474971648076462,15.42002374704316,0.00039205,0.00039205,GOOD,4762.917744049696,2113.315654
64,Pasture,San Joaquin River,2379.752788,226.93434170957272,4.999999999999999,4.600187047,214.8235605236638,46.00187047,128.6294507639423,552.5829798026236,0.51,10,0.189326621,0.486998112,0.113362702,192.63384698763363,1.14712982,192.63384698763363,0.17,2382.1325645475004,84.43280467950444,1.5636357534798542e-09,23.521009298432887,-4.882352941,0.001123171,0.996320098,0.000482773,0.002073958,1.634554280006623,0.000823945,51119.61912411623,128.6294507639423,552.5829798026236,2379.752788,2379.752788,2382.132564549084,10958.255367675589,2382.1325645486845,2382.1325645486822,-2.379776609,-10.94741753,0.00100001,0.00100001,GOOD,226.93434170957272,192.633847
64,Pistachios,San Joaquin River,56075.54974716954,4897.401316014931,1.4148193706249117,3.805829794,1806.4550687933065,190.2914897,360.67399042192295,1788.1026602854222,0.4,50,0.260711671,0.25806301,0.052053284,2783.4150384212066,1.591834968530147,2783.4150384212066,0.17,56131.62539691664,2693.898080447108,1.5636357534798542e-09,23.521009298432887,-4.882352941,0.022780244852593553,0.9663429069060868,0.001825688,0.00905116,0.7123354239965256,4.458271049096919e-05,8285980.775827598,360.67399042192295,1788.1026602854222,56075.54974716954,56075.54974716954,56054.16286434594,213332.60310685617,56054.16286434516,56054.16286434516,21.38688282,81.39483585083508,0.000381394,0.000381394,GOOD,4897.401316014931,2783.415038
64,Potatoes,San Joaquin River,56.90603807,919.9316484476204,16.13648405085267,3.305132031,1515.9901260691986,165.2566016,1581.9027454094116,9194.809715114436,0.41,50,0.10212496,0.619410086,0.106565176,2386.503184906585,1.1348233686528502,2386.503184906585,0.17,56.962944677634894,2308.7631436743272,1.5636357534798542e-09,23.521009298432887,-4.882352941,0.039081284,0.8508023939120113,0.016163863754433787,0.093952458,10.96598284299118,0.042860555,7785.576877942667,1581.9027454094116,9194.809715114436,56.90603807,56.90603807,56.849131463812896,187.89388533557792,56.84913146380628,56.84913146380604,0.056906606187105524,0.18808384688449564,0.00100001,0.00100001,GOOD,919.9316484476204,2386.503185
64,Subtropical,San Joaquin River,7591.683379220325,950.3385633291216,4.405405823456747,3.247465856,846.2602941423601,162.3732928,1809.449159,670.5198375678385,0.13,50,0.202134149,0.160157528,0.432197361,698.0244579610521,1.142940118180599,698.0244579610521,0.17,7599.275138592056,621.6407834,1.5636357534798542e-09,23.521009298432887,-4.882352941,0.018575568934917776,0.9500416384832099,0.022897692559933586,0.0084851,2.413564859321085,0.001013255,661.0760823155438,1809.449159,670.5198375678385,7591.683379220325,7591.683379220325,7584.091620000593,24629.078584727653,7584.091620000284,7584.091620000284,7.591759219732012,24.65397885304992,0.00100001,0.00100001,GOOD,950.3385633291216,698.024458
64,Tomatoes,San Joaquin River,5152.720134,99.69467136276712,46.73447582150074,2.379660861,396.8321367127137,118.9830431,961.6082330403352,2531.592592980513,0.74,50,0.085172131,0.543356034,0.206390095,650.1622025521402,1.1068333408911055,650.1622025521402,0.17,5157.872905992757,594.1901773122971,1.5636357534798542e-09,23.521009298432887,-4.882352941,0.059915622,0.7288910491817051,0.058137294023027274,0.15305603453423483,36.05278662525509,0.00026226,978289.2307405935,961.6082330403352,2531.592592980513,5152.720134,5152.720134,5147.567362670115,12249.464582307064,5147.567362669805,5147.567362669805,5.152771609885349,12.26184892571655,0.00100001,0.00100001,GOOD,99.69467136276712,650.1622026
64,Truck,San Joaquin River,380.7898571,690.3355797,21.209271392611992,2.667732673,775.1695467939655,133.38663365000002,4298.9979178004605,3487.4841784080063,0.41,50,0.052943262,0.238191489,0.293617021,5946.476384721578,1.6037076817639468,5946.476384721578,0.17,381.1706507888011,5883.728619713429,1.5636357534798542e-09,23.521009298432887,-4.882352941,0.17497042043409058,0.6204305585254091,0.1129612518938969,0.091637769,17.440387000032253,0.006405172,90701.98005708455,4298.9979178004605,3487.4841784080063,380.7898571,380.7898571,380.40906345895826,1014.8296876947935,380.4090634589512,380.40906345895127,0.38079366104176415,1.015855691232332,0.00100001,0.00100001,GOOD,690.3355797,5946.476385
64,Walnuts,San Joaquin River,3574.8948473702603,1802.4977894073568,1.658526763188251,4.952669773,765.1413127975416,247.6334887,268.1025116377279,816.5691826463604,0.13,50,0.25594369,0.273146576,0.089681664,892.0443286,1.3574287230657758,892.0443286,0.17,3578.469778002135,775.5525368041979,1.5636357534798542e-09,23.521009298432887,-4.882352941,0.001709023,0.9970877993052017,0.000297394,0.000905784,0.5151093770249969,0.002151758,326.7353990656601,268.1025116377279,816.5691826463604,3574.8948473702603,3574.8948473702603,3578.469778002095,17722.9791,3578.4697780019596,3578.4697780019587,-3.574930632,-17.70545088,0.00100001,0.00100001,GOOD,1802.4977894073568,892.0443286
71,Alfalfa,San Joaquin River,4652.718545,290.4258220911552,6.981811446972129,4.134965358,571.5529893775365,41.349653579999995,305.99033342682264,377.93259160905086,1.86,10,0.281872792,0.186385019,0.150905255,730.8727611789086,1.4891295433559897,730.8727611789086,0.17,4657.371310548907,633.6142025480068,6.220495092261807e-09,23.52100929651052,-4.882352941,0.008388355,0.9868513197014811,0.002129792,0.002630533,2.9172741951854415,0.000115553,6092217.074544064,305.99033342682264,377.93259160905086,4652.718545,4652.718545,4657.371310547972,19258.069028458922,4657.371310547038,4657.371310547038,-4.652765118,-19.23902258,0.00100001,0.00100001,GOOD,290.4258220911552,730.8727612
71,Almonds,San Joaquin River,44800.313470376015,4775.7622921787415,1.0186167813109468,4.125499535,1058.311099904325,206.2749768,455.39801674845086,1465.6584833160457,0.4,50,0.217550368,0.301286212,0.093613311,1679.029037646478,1.4543441310612353,1679.029037646478,0.17,44845.11388384629,1581.9931247263296,6.220495092261807e-09,23.52100929651052,-4.882352941,0.008479749,0.9853504784766395,0.001462582,0.004707191,0.4345729342127637,5.580318096776516e-05,3883817.461421701,455.39801674845086,1465.6584833160457,44800.313470376015,44800.313470376015,44817.72179081175,184895.49040775327,44817.72179080773,44817.72179080772,-17.40832044,-71.81801786,0.000388576,0.000388576,GOOD,4775.7622921787415,1679.029038
71,Beans Dry,San Joaquin River,4924.527716,1593.7733607003554,1.2854776269307526,2.212101358,174.48723031865123,110.6050679,145.56340622811666,1032.5843524425347,1.68,50,0.085167238,0.504004546,0.071049516,585.5199406892407,1.3334790750889507,585.5199406892407,0.17,4929.452292800033,533.4890840782625,6.220495092261807e-09,23.52100929651052,-4.882352941,0.07274255,0.8062061225467543,0.014956225473691376,0.10609510175609722,0.9342332176394523,0.000120872,3229862.067757652,145.56340622811666,1032.5843524425347,4924.527716,4924.527716,4919.6031388782385,10882.660784333613,4919.6031388767215,4919.603138876719,4.9245769117615055,10.893663274084247,0.00100001,0.00100001,GOOD,1593.7733607003554,585.5199407
71,Corn,San Joaquin River,3307.988043,77.55530093169975,25.228612548349723,2.415829265,172.4592835325484,120.7914633,171.17874317240083,1093.0994893049892,0.3,50,0.088141761,0.558669339,0.087487293,399.0836590165808,1.196408306,399.0836590165808,0.17,3311.296064405775,342.26091641111174,6.220495092261807e-09,23.52100929651052,-4.882352941,0.034420822,0.881033251,0.011447215560808218,0.073098711,16.633656953787252,0.001007662,18222.50697317268,171.17874317240083,1093.0994893049892,3307.988043,3307.988043,3304.680022160019,7983.542708995023,3304.680022158726,3304.6800221587237,3.308021089981139,7.991614158,0.00100001,0.00100001,GOOD,77.55530093169975,399.083659
71,Cotton,San Joaquin River,65.21285831,3399.2084145759286,0.7297198443095851,3.634047537,368.4467916,181.70237684999998,194.04241005796328,1104.405230241468,0.68,50,0.148539114,0.445240339,0.078228087,631.8730263071822,1.2779164243285712,631.8730263071822,0.17,65.27807182081798,546.3965604030598,6.220495092261807e-09,23.52100929651052,-4.882352941,0.006193881,0.9850150735772195,0.00131375,0.007477296,0.3159604129171431,0.022550587006989257,9322.245362181935,194.04241005796328,1104.405230241468,65.21285831,65.21285831,65.14764480054177,236.74963812875964,65.1476448,65.14764480050704,0.065213509,0.23698899342582536,0.00100001,0.00100001,GOOD,3399.2084145759286,631.8730263
71,Cucurbits,San Joaquin River,863.6005973,384.0603913568815,14.869476863717953,2.299627126,267.5771762620625,114.98135629999999,3732.550157619291,1306.0695944458312,0.05,50,0.046854775,0.228702604,0.653597591,289.59881892442695,1.0032570506191811,289.59881892442695,0.17,864.4642065,235.5092679107787,6.220495092261807e-09,23.52100929651052,-4.882352941,0.032667647,0.6401522943607236,0.2423711331562693,0.084808925,12.135383143128639,0.023158853829838115,4.477503310075658e-05,3732.550157619291,1306.0695944458312,863.6005973,863.6005973,862.7369880654225,1983.9733803587835,862.7369880650483,862.7369880650486,0.8636092245775444,1.9859791991025304,0.00100001,0.00100001,GOOD,384.0603913568815,289.5988189
71,Field and Grain,San Joaquin River,7135.423495,194.80875619730872,3.454627791702094,2.917058441,127.41525270590476,72.92646103,76.29216243580545,327.74570834271907,0.74,25,0.189326621,0.486998112,0.113362702,68.61215871671094,1.0604999470299432,68.61215871671094,0.17,7026.704095590734,1.5551237730654517e-09,6.220495092261807e-09,23.52100929651052,-4.882352941,0.004738605,0.9802351261787656,0.002837324,0.012188944395092998,1.6231948608476279,0.000189386,174176.0585677761,76.29216243580545,327.74570834271907,7135.423495,7135.423495,7128.287999762677,20793.632679586724,7128.2879997613745,7128.288,7.135494777323402,20.814655270900403,0.00100001,0.00100001,GOOD,194.80875619730872,68.61215872
71,Grapes,San Joaquin River,1757.6546933196316,1686.1999136569252,10.801358853855447,3.098484515,5693.452830527652,154.9242258,6051.355457751757,4549.189639988359,0.13,50,0.312599493,0.249773629,0.332250166,1764.3282127307548,1.0545343073436464,1764.3282127307548,0.17,1759.4123656069864,1691.448729643764,6.220495092261807e-09,23.52100929651052,-4.882352941,0.098544756,0.7600006670887685,0.080749803,0.060704774234964384,8.084497879683676,0.004376461,770.0072905988584,6051.355457751757,4549.189639988359,1757.6546933196316,1757.6546933196316,1756.9856931264787,5443.992963228937,1756.9856931264144,1756.9856931264144,0.6690001931528968,2.0728867390162122,0.000380621,0.000380621,GOOD,1686.1999136569252,1764.328213
71,Lettuce,San Joaquin River,303.1641662,1008,18.9,3.326092372,1600.000001,216.19600418000002,12499.999996377595,928.9999906,0.25,65,0.083984211,0.048763332,0.656126648,3806.004008240803,1.190145407760435,3806.004008240803,0.17,303.4673334208533,3727.7709586337633,6.220495092261807e-09,23.52100929651052,-4.882352941,0.043382850851821295,0.8472677968616745,0.10178471252593942,0.00756464,12.903291663144948,0.013194171,7395.805717261896,12499.999996377595,928.9999906,303.1641662,303.1641662,302.9328355239148,1007.5825934644236,302.9328355238962,302.9328355238967,0.23133069608525147,0.769427264,0.000763054,0.000763054,GOOD,1008,3806.004008
71,Onions and Garlic,San Joaquin River,491.3793497,1579.2163949117394,6.547714820960318,1.480822037,1660.207971888736,74.04110185,2894.594240590875,4313.35249,0.41,50,0.160557684,0.417141646,0.279934415,1398.0627899758474,1.1012804397682472,1398.0627899758474,0.17,491.87073396829794,1363.232361072729,6.220495092261807e-09,23.52100929651052,-4.882352941,0.2755691331738507,0.067468131,0.26382555563340543,0.3931371801276499,6.468712120400538,0.004963628,53143.15406164737,2894.594240590875,4313.35249,491.3793497,491.3793497,490.88796544146817,726.9177169238205,490.8879654414192,490.88796544141917,0.49138425853180934,0.7276526386688147,0.00100001,0.00100001,GOOD,1579.2163949117394,1398.06279
71,Orchards,San Joaquin River,7481.733019477242,4762.917744049696,3.2473886711517097,3.445837194,2203.997552741282,172.2918597,5347.052265832813,5630.387791190651,0.13,50,0.142496355,0.364024786,0.345706127,2113.315654189695,1.1031015117588436,2113.315654189695,0.17,7489.214827388792,2032.2660855107126,6.220495092261807e-09,23.52100929651052,-4.882352941,0.034831859,0.8749082606368659,0.043965104,0.046294776,2.128620977030352,0.001028145,1880.1900717856245,5347.052265832813,5630.387791190651,7481.733019477242,7481.733019477242,7478.646916,25770.199704953484,7478.646916291876,7478.646916291876,3.0861031849217397,10.634209139123413,0.000412485,0.000412485,GOOD,4762.917744049696,2113.315654
71,Pasture,San Joaquin River,1658.150726,226.93434170957272,4.999999999999999,4.600187047,214.8235605236638,46.00187047,128.6294507639423,552.5829798026236,0.51,10,0.189326621,0.486998112,0.113362702,192.63384698763363,1.14712982,192.63384698763363,0.17,1659.8088932622636,84.43280468488226,6.220495092261807e-09,23.52100929651052,-4.882352941,0.001123171,0.9963200982491484,0.000482773,0.002073958,1.6345542800260908,0.001182513,35618.8399,128.6294507639423,552.5829798026236,1658.150726,1658.150726,1659.8088932638377,7635.431371287713,1659.8088932628198,1659.8088932628175,-1.658167324,-7.627879845,0.00100001,0.00100001,GOOD,226.93434170957272,192.633847
71,Pistachios,San Joaquin River,474.8459427159322,4897.401316014931,1.4148193706249117,3.805829794,1806.4550687933065,190.2914897,360.67399042192295,1788.1026602854222,0.4,50,0.260711671,0.25806301,0.052053284,2783.4150384212066,1.591834968530147,2783.4150384212066,0.17,475.32079341180065,2693.8980804512425,6.220495092261807e-09,23.52100929651052,-4.882352941,0.022780244853212606,0.9663429069051935,0.001825688,0.00905116,0.7123354240002365,0.005264865,70165.41738,360.67399042192295,1788.1026602854222,474.8459427159322,474.8459427159322,474.63679308472354,1806.3868484504542,474.6367930846934,474.63679308469244,0.2091496312086747,0.7959878978579127,0.000440458,0.000440458,GOOD,4897.401316014931,2783.415038
71,Potatoes,San Joaquin River,450.9151006,919.9316484476204,16.13648405085267,3.305132031,1515.9901260691986,165.2566016,1581.9027454094116,9194.809715114436,0.41,50,0.10212496,0.619410086,0.106565176,2386.503184906585,1.1348233686528502,2386.503184906585,0.17,451.3660202041856,2308.7631436749025,6.220495092261807e-09,23.52100929651052,-4.882352941,0.039081284185988954,0.850802394,0.016163863754792507,0.093952458,10.965982843040857,0.005409055,61691.76945,1581.9027454094116,9194.809715114436,450.9151006,450.9151006,450.46418098510645,1488.8435933920564,450.46418098507144,450.4641809850712,0.4509196048935564,1.490348829539471,0.00100001,0.00100001,GOOD,919.9316484476204,2386.503185
71,Safflower,San Joaquin River,53.77176265,575.1459791234267,1.2452915891971017,2.40565496,140.08797825180446,24.0565496,80.89587427083077,303.8527969500393,0.74,10,0.195592287,0.424242424,0.112947658,167.33125129026067,1.2427162976469353,167.33125129026067,0.17,53.82553495,110.74781861000558,6.220495092261807e-09,23.52100929651052,-4.882352941,0.038618881,0.9021449040100172,0.012454793877780049,0.046781421,0.7927719287411423,0.025131245,2583.9914516767294,80.89587427083077,303.8527969500393,53.77176265,53.77176265,53.71799035023685,129.2269499272794,53.71799035,53.71799035012209,0.053772299763146236,0.1293575996358527,0.00100001,0.00100001,GOOD,575.1459791234267,167.3312513
71,Subtropical,San Joaquin River,1502.3825120145614,950.3385633291216,4.405405823456747,3.247465856,846.2602941423601,162.3732928,1809.449159,670.5198375678385,0.13,50,0.202134149,0.160157528,0.432197361,698.0244579610521,1.142940118180599,698.0244579610521,0.17,1503.8849095651851,621.6407833674077,6.220495092261807e-09,23.52100929651052,-4.882352941,0.018575568935472166,0.950041638,0.022897692560500196,0.0084851,2.4135648593334644,0.005120073,130.8259440722205,1809.449159,670.5198375678385,1502.3825120145614,1502.3825120145614,1500.8801144941121,4874.056926,1500.8801144938654,1500.8801144938657,1.5023975204492217,4.87898465,0.00100001,0.00100001,GOOD,950.3385633291216,698.024458
71,Tomatoes,San Joaquin River,6054.011547,99.69467136276712,46.73447582150074,2.379660861,396.8321367127137,118.9830431,961.6082330403352,2531.592592980513,0.74,50,0.085172131,0.543356034,0.206390095,650.1622025521402,1.1068333408911055,650.1622025521402,0.17,6060.065619287544,594.1901773133748,6.220495092261807e-09,23.52100929651052,-4.882352941,0.059915622,0.7288910491762856,0.058137294024115126,0.1530560345370988,36.05278663,0.000223216,1149407.3314696478,961.6082330403352,2531.592592980513,6054.011547,6054.011547,6047.957475113352,14392.087692519626,6047.957475111961,6047.957475,6.054072027,14.406638251490222,0.00100001,0.00100001,GOOD,99.69467136276712,650.1622026
71,Truck,San Joaquin River,300.31770226000003,690.3355797,21.209271392611992,2.667732673,775.1695467939655,133.38663365000002,4298.9979178004605,3487.4841784080063,0.41,50,0.052943262,0.238191489,0.293617021,5946.476384721578,1.6037076817639468,5946.476384721578,0.17,300.61802296841483,5883.728619715169,6.220495092261807e-09,23.52100929651052,-4.882352941,0.17497042043706776,0.6204305585191473,0.11296125189571044,0.091637769,17.440387000089913,0.008121481,71533.97006737765,4298.9979178004605,3487.4841784080063,300.31770226000003,300.31770226000003,300.01738155772796,800.3661712494586,300.01738155771295,300.01738155771295,0.3003207022720744,0.8011753498294638,0.00100001,0.00100001,GOOD,690.3355797,5946.476385
71,Walnuts,San Joaquin River,5626.156435886624,1802.4977894073568,1.658526763188251,4.952669773,765.1413127975416,247.6334887,268.1025116377279,816.5691826463604,0.13,50,0.25594369,0.273146576,0.089681664,892.0443286,1.3574287230657758,892.0443286,0.17,5631.782648640144,775.5525368,6.220495092261807e-09,23.52100929651052,-4.882352941,0.001709023,0.9970877993051143,0.000297394,0.000905784,0.515109377,0.00136724,514.2149760417916,268.1025116377279,816.5691826463604,5626.156435886624,5626.156435886624,5631.782648640088,27892.359692025646,5631.782648639296,5631.782648639295,-5.626212753,-27.86477384,0.00100001,0.00100001,GOOD,1802.4977894073568,892.0443286
72,Alfalfa,San Joaquin River,29651.83321,290.4258220911552,6.981811446972129,4.134965358,571.5529893775365,41.349653579999995,305.99033342682264,377.93259160905086,1.86,10,0.281872792,0.186385019,0.150905255,730.8727611789086,1.4891295433559897,730.8727611789086,0.17,29681.48514773428,633.6142025457125,4.136391691099341e-09,23.521009297436866,-4.882352941,0.008388355,0.9868513197018697,0.002129792,0.002630533,2.917274195169003,1.813157401475198e-05,38825775.26167394,305.99033342682264,377.93259160905086,29651.83321,29651.83321,29681.48514773429,122731.91285987278,29681.485147730393,29681.485147730393,-29.65193321,-122.6097166,0.001000003,0.001000003,GOOD,290.4258220911552,730.8727612
72,Almonds,San Joaquin River,27638.306265572686,4775.7622921787415,1.0186167813109468,4.125499535,1058.311099904325,206.2749768,455.39801674845086,1465.6584833160457,0.4,50,0.217550368,0.301286212,0.093613311,1679.029037646478,1.4543441310612353,1679.029037646478,0.17,27665.944671838162,1581.9931247240731,4.136391691099341e-09,23.521009297436866,-4.882352941,0.008479749,0.9853504784768351,0.001462582,0.004707191,0.43457293421165055,9.045416806579403e-05,2396013.066945161,455.39801674845086,1465.6584833160457,27638.306265572686,27638.306265572686,27665.944671837722,114135.84187900227,27665.944671836078,27665.944671836074,-27.63840627,-114.0222322,0.001000004,0.001000004,GOOD,4775.7622921787415,1679.029038
72,Beans Dry,San Joaquin River,2345.645511,1593.7733607003554,1.2854776269307526,2.212101358,174.48723031865123,110.6050679,145.56340622811666,1032.5843524425347,1.68,50,0.085167238,0.504004546,0.071049516,585.5199406892407,1.3334790750889507,585.5199406892407,0.17,2347.991180080722,533.4890840778097,4.136391691099341e-09,23.521009297436866,-4.882352941,0.07274255,0.8062061225489328,0.014956225473543347,0.10609510175504715,0.934233218,0.000253763,1538444.2728139642,145.56340622811666,1032.5843524425347,2345.645511,2345.645511,2343.299842145987,5183.616763012324,2343.299842145488,2343.299842145486,2.3456689440131413,5.188857456470032,0.00100001,0.00100001,GOOD,1593.7733607003554,585.5199407
72,Corn,San Joaquin River,28860.63857,77.55530093169975,25.228612548349723,2.415829265,172.4592835325484,120.7914633,171.17874317240083,1093.0994893049892,0.3,50,0.088141761,0.558669339,0.087487293,399.0836590165808,1.196408306,399.0836590165808,0.17,28889.49930612712,342.2609164,4.136391691099341e-09,23.521009297436866,-4.882352941,0.034420822,0.8810332512047327,0.011447216,0.073098711,16.633656953749092,0.000115498,158982.79578730089,171.17874317240083,1093.0994893049892,28860.63857,28860.63857,28831.77782899253,69652.65264125832,28831.777828985185,28831.77782898518,28.860738567469525,69.72261684080877,0.001000003,0.001000003,GOOD,77.55530093169975,399.083659
72,Cotton,San Joaquin River,45015.74979,3399.2084145759286,0.7297198443095851,3.634047537,368.4467916,181.70237684999998,194.04241005796328,1104.405230241468,0.68,50,0.148539114,0.445240339,0.078228087,631.8730263071822,1.2779164243285712,631.8730263071822,0.17,45060.76564,546.3965603989772,4.136391691099341e-09,23.521009297436866,-4.882352941,0.006193881,0.9850150735774464,0.00131375,0.007477296,0.31596041291626953,3.2668304807802784e-05,6435047.866,194.04241005796328,1104.405230241468,45015.74979,45015.74979,45007.23088188009,163558.41653348666,45007.23088187338,45007.23088187338,8.518908199912403,30.95811736182077,0.000189243,0.000189243,GOOD,3399.2084145759286,631.8730263
72,Cucurbits,San Joaquin River,2623.538839,384.0603913568815,14.869476863717953,2.299627126,267.5771762620625,114.98135629999999,3732.550157619291,1306.0695944458312,0.05,50,0.046854775,0.228702604,0.653597591,289.59881892442695,1.0032570506191811,289.59881892442695,0.17,2626.1624039398307,235.50926791009593,4.136391691099341e-09,23.521009297436866,-4.882352941,0.032667647,0.6401522943637411,0.24237113315435793,0.084808925,12.13538314310876,0.007623291,0.000136022,3732.550157619291,1306.0695944458312,2623.538839,2623.538839,2620.9152737921227,6027.127858560082,2620.915273791403,2620.915273791403,2.6235650478774915,6.033221350924578,0.00100001,0.00100001,GOOD,384.0603913568815,289.5988189
72,Field and Grain,San Joaquin River,9967.145361,194.80875619730872,3.454627791702094,2.917058441,127.41525270590476,72.92646103,76.29216243580545,327.74570834271907,0.74,25,0.189326621,0.486998112,0.113362702,68.61215871671094,1.0604999470299432,68.61215871671094,0.17,9752.070204782018,1.0340979227748353e-09,4.136391691099341e-09,23.521009297436866,-4.882352941,0.004738605,0.9802351261792304,0.002837324,0.012188944394866072,1.6231948608414861,0.000135581,243298.53659053816,76.29216243580545,327.74570834271907,9967.145361,9967.145361,9957.178116247185,29045.670472539332,9957.178116244762,9957.178116244759,9.967244932815447,29.075035964782728,0.00100001,0.00100001,GOOD,194.80875619730872,68.61215872
72,Grapes,San Joaquin River,196.8938156703179,1686.1999136569252,10.801358853855447,3.098484515,5693.452830527652,154.9242258,6051.355457751757,4549.189639988359,0.13,50,0.312599493,0.249773629,0.332250166,1764.3282127307548,1.0545343073436464,1764.3282127307548,0.17,197.0907114568072,1691.4487296431278,4.136391691099341e-09,23.521009297436866,-4.882352941,0.098544756,0.7600006670910942,0.080749803,0.060704774,8.084497879667897,0.039068305,86.25680238341849,6051.355457751757,4549.189639988359,196.8938156703179,196.8938156703179,196.84923318442702,609.9343008115712,196.84923318441932,196.84923318441938,0.044582486,0.13813814217314757,0.000226429,0.000226429,GOOD,1686.1999136569252,1764.328213
72,Lettuce,San Joaquin River,317.2011145,1008,18.9,3.326092372,1600.000001,216.19600418000002,12499.999996377595,928.9999906,0.25,65,0.083984211,0.048763332,0.656126648,3806.004008240803,1.190145407760435,3806.004008240803,0.17,317.5183187596132,3727.770958632223,4.136391691099341e-09,23.521009297436866,-4.882352941,0.043382850851408444,0.8472677968630533,0.10178471252504002,0.00756464,12.90329166312152,0.012610296173402345,7738.242435341053,12499.999996377595,928.9999906,317.2011145,317.2011145,317.08943348494705,1054.6687459560837,317.08943348493284,317.0894334849333,0.1116809850529421,0.3714612724820654,0.000352083,0.000352083,GOOD,1008,3806.004008
72,Onions and Garlic,San Joaquin River,1165.733615,1579.2163949117394,6.547714820960318,1.480822037,1660.207971888736,74.04110185,2894.594240590875,4313.35249,0.41,50,0.160557684,0.417141646,0.279934415,1398.0627899758474,1.1012804397682472,1398.0627899758474,0.17,1166.899360293894,1363.2323610727449,4.136391691099341e-09,23.521009297436866,-4.882352941,0.27556913317347986,0.067468131,0.26382555563323096,0.3931371801273899,6.468712120399571,0.002092266,126075.2230128116,2894.594240590875,4313.35249,1165.733615,1165.733615,1164.5678697493688,1724.517765107011,1164.5678697492958,1164.5678697492958,1.1657452606311836,1.726261271471003,0.00100001,0.00100001,GOOD,1579.2163949117394,1398.06279
72,Orchards,San Joaquin River,1138.5175157424558,4762.917744049696,3.2473886711517097,3.445837194,2203.997552741282,172.2918597,5347.052265832813,5630.387791190651,0.13,50,0.142496355,0.364024786,0.345706127,2113.315654189695,1.1031015117588436,2113.315654189695,0.17,1139.656044654685,2032.2660855091945,4.136391691099341e-09,23.521009297436866,-4.882352941,0.034831859323551165,0.8749082606382709,0.043965104210534955,0.046294776,2.1286209770255473,0.006756425,286.1141027,5347.052265832813,5630.387791190651,1138.5175157424558,1138.5175157424558,1138.353863639638,3922.582083263069,1138.3538636395879,1138.3538636395879,0.16365210281787768,0.5639185027657732,0.000143741,0.000143741,GOOD,4762.917744049696,2113.315654
72,Pasture,San Joaquin River,8248.603517,226.93434170957272,4.999999999999999,4.600187047,214.8235605236638,46.00187047,128.6294507639423,552.5829798026236,0.51,10,0.189326621,0.486998112,0.113362702,192.63384698763363,1.14712982,192.63384698763363,0.17,8256.852203273947,84.43280468211228,4.136391691099341e-09,23.521009297436866,-4.882352941,0.001123171,0.9963200982492678,0.000482773,0.002073958,1.6345542800167037,0.000237711,177188.77029797787,128.6294507639423,552.5829798026236,8248.603517,8248.603517,8256.852203275597,37983.06455450181,8256.852203272345,8256.852203272343,-8.248686086,-37.94549889,0.00100001,0.00100001,GOOD,226.93434170957272,192.633847
72,Pistachios,San Joaquin River,3420.184764048714,4897.401316014931,1.4148193706249117,3.805829794,1806.4550687933065,190.2914897,360.67399042192295,1788.1026602854222,0.4,50,0.260711671,0.25806301,0.052053284,2783.4150384212066,1.591834968530147,2783.4150384212066,0.17,3423.6049830487564,2693.8980804490097,4.136391691099341e-09,23.521009297436866,-4.882352941,0.022780244852913894,0.9663429069056246,0.001825688,0.00905116,0.7123354239984466,0.000730955,505382.2090460831,360.67399042192295,1788.1026602854222,3420.184764048714,3420.184764048714,3421.3351742398872,13021.019341382345,3421.3351742397567,3421.335174239756,-1.150410191,-4.378265381,0.000336359,0.000336359,GOOD,4897.401316014931,2783.415038
72,Potatoes,San Joaquin River,201.6358654,919.9316484476204,16.13648405085267,3.305132031,1515.9901260691986,165.2566016,1581.9027454094116,9194.809715114436,0.41,50,0.10212496,0.619410086,0.106565176,2386.503184906585,1.1348233686528502,2386.503184906585,0.17,201.83750332375044,2308.763143673812,4.136391691099341e-09,23.521009297436866,-4.882352941,0.039081284185538835,0.8508023939102739,0.016163863754619756,0.093952458,10.965982843016835,0.012096183310055391,27586.730423972574,1581.9027454094116,9194.809715114436,201.6358654,201.6358654,201.46296233232178,665.8616898647032,201.46296233230748,201.46296233230723,0.17290310767822348,0.5714675994466916,0.000857502,0.000857502,GOOD,919.9316484476204,2386.503185
72,Rice,San Joaquin River,1892.744493,573.2274458050736,4.688550561513142,4.833919598,335.3762221709432,241.69597989999997,192.09962573160925,1541.7508627943137,0.2,50,0.124786237,0.573652143,0.071476115,376.68317230725586,1.1076201907369552,376.68317230725586,0.17,1894.6372568892555,262.98450449661055,4.136391691099341e-09,23.521009297436866,-4.882352941,0.000765532,0.997016212,0.000245769,0.001972487,1.4670293101121934,0.002641667,1526.204249468187,192.09962573160925,1541.7508627943137,1892.744493,1892.744493,1894.6372568897218,9158.524167180185,1894.6372568893487,1894.6372568893469,-1.89276344,-9.149466286,0.00100001,0.00100001,GOOD,573.2274458050736,376.6831723
72,Subtropical,San Joaquin River,120.10095243423712,950.3385633291216,4.405405823456747,3.247465856,846.2602941423601,162.3732928,1809.449159,670.5198375678385,0.13,50,0.202134149,0.160157528,0.432197361,698.0244579610521,1.142940118180599,698.0244579610521,0.17,120.22105458864218,621.6407834,4.136391691099341e-09,23.521009297436866,-4.882352941,0.018575568935220166,0.9500416384825058,0.022897693,0.0084851,2.4135648593276353,0.064048682,10.458269023053155,1809.449159,670.5198375678385,120.10095243423712,120.10095243423712,120.00121270200005,389.6998409283386,120.00121270197367,120.0012127019741,0.099739732,0.32390137492649274,0.000830466,0.000830466,GOOD,950.3385633291216,698.024458
72,Tomatoes,San Joaquin River,19475.22211,99.69467136276712,46.73447582150074,2.379660861,396.8321367127137,118.9830431,961.6082330403352,2531.592592980513,0.74,50,0.085172131,0.543356034,0.206390095,650.1622025521402,1.1068333408911055,650.1622025521402,0.17,19494.697431649285,594.1901773127165,4.136391691099341e-09,23.521009297436866,-4.882352941,0.059915622,0.7288910491788962,0.058137294023590864,0.1530560345357186,36.052786625327656,6.938823823166503e-05,3697542.1834577033,961.6082330403352,2531.592592980513,19475.22211,19475.22211,19455.746787430544,46298.07915157496,19455.74679,19455.74679,19.475322109454282,46.34466177922877,0.001000005,0.001000005,GOOD,99.69467136276712,650.1622026
72,Truck,San Joaquin River,891.0115782,690.3355797,21.209271392611992,2.667732673,775.1695467939655,133.38663365000002,4298.9979178004605,3487.4841784080063,0.41,50,0.052943262,0.238191489,0.293617021,5946.476384721578,1.6037076817639468,5946.476384721578,0.17,891.9025986571604,5883.728619713932,4.136391691099341e-09,23.521009297436866,-4.882352941,0.17497042043562797,0.6204305585221686,0.11296125189483726,0.091637769,17.440387000062092,0.002737366,212233.89457938683,4298.9979178004605,3487.4841784080063,891.0115782,891.0115782,890.1205576810052,2374.603694634599,890.1205576809787,890.1205576809787,0.8910204789948466,2.377004444126669,0.00100001,0.00100001,GOOD,690.3355797,5946.476385
72,Walnuts,San Joaquin River,5858.614114401589,1802.4977894073568,1.658526763188251,4.952669773,765.1413127975416,247.6334887,268.1025116377279,816.5691826463604,0.13,50,0.25594369,0.273146576,0.089681664,892.0443286,1.3574287230657758,892.0443286,0.17,5864.4727871605255,775.5525368071851,4.136391691099341e-09,23.521009297436866,-4.882352941,0.001709023,0.9970877993051562,0.000297394,0.000905784,0.5151093770264435,0.001312991,535.4609583,268.1025116377279,816.5691826463604,5858.614114401589,5858.614114401589,5864.472787160585,29044.79710755129,5864.472787160032,5864.472787160031,-5.858672759,-29.01607148,0.00100001,0.00100001,GOOD,1802.4977894073568,892.0443286
73,Alfalfa,San Joaquin River,3121.021527,290.4258220911552,6.981811446972129,4.134965358,571.5529893775365,41.349653579999995,305.99033342682264,377.93259160905086,1.86,10,0.281872792,0.186385019,0.150905255,730.8727611789086,1.4891295433559897,730.8727611789086,0.17,3124.142579,633.6142025478607,6.39460805078701e-09,23.521009296518066,-4.882352941,0.008388355,0.9868513197014839,0.002129792,0.002630533,2.917274195185326,0.000172262,4086630.3105838406,305.99033342682264,377.93259160905086,3121.021527,3121.021527,3124.142579367785,12918.221339138556,3124.142579367137,3124.1425793671365,-3.121052768,-12.90544508,0.00100001,0.00100001,GOOD,290.4258220911552,730.8727612
73,Almonds,San Joaquin River,32160.89735,4775.7622921787415,1.0186167813109468,4.125499535,1058.311099904325,206.2749768,455.39801674845086,1465.6584833160457,0.4,50,0.217550368,0.301286212,0.093613311,1679.029037646478,1.4543441310612353,1679.029037646478,0.17,32193.05834289345,1581.9931247261688,6.39460805078701e-09,23.521009296518066,-4.882352941,0.008479749,0.9853504784766411,0.001462582,0.004707191,0.43457293421275567,7.773414942808094e-05,2788084.390708934,455.39801674845086,1465.6584833160457,32160.89735,32160.89735,32193.058342892957,132812.44722383277,32193.058342889974,32193.058342889977,-32.16099734,-132.6801796,0.001000003,0.001000003,GOOD,4775.7622921787415,1679.029038
73,Beans Dry,San Joaquin River,236.5335873,1593.7733607003554,1.2854776269307526,2.212101358,174.48723031865123,110.6050679,145.56340622811666,1032.5843524425347,1.68,50,0.085167238,0.504004546,0.071049516,585.5199406892407,1.3334790750889507,585.5199406892407,0.17,236.77012327474185,533.4890840787144,6.39460805078701e-09,23.521009296518066,-4.882352941,0.07274255,0.8062061225467182,0.014956225473689182,0.10609510175608164,0.9342332176394843,0.002516506,155135.86388932343,145.56340622811666,1032.5843524425347,236.5335873,236.5335873,236.2970513697838,522.7130282264944,236.2970513696853,236.29705136968255,0.2365359502162221,0.5232414966891383,0.00100001,0.00100001,GOOD,1593.7733607003554,585.5199407
73,Corn,San Joaquin River,1415.555322,77.55530093169975,25.228612548349723,2.415829265,172.4592835325484,120.7914633,171.17874317240083,1093.0994893049892,0.3,50,0.088141761,0.558669339,0.087487293,399.0836590165808,1.196408306,399.0836590165808,0.17,1416.970891621403,342.26091641102306,6.39460805078701e-09,23.521009296518066,-4.882352941,0.034420822,0.8810332512032528,0.011447216,0.073098711,16.633656953787106,0.002354788,7797.781125919182,171.17874317240083,1093.0994893049892,1415.555322,1415.555322,1414.1397526665628,3416.3201992917443,1414.1397526659762,1414.139752665974,1.415569463437123,3.4197741364118883,0.00100001,0.00100001,GOOD,77.55530093169975,399.083659
73,Cotton,San Joaquin River,11170.26862,3399.2084145759286,0.7297198443095851,3.634047537,368.4467916,181.70237684999998,194.04241005796328,1104.405230241468,0.68,50,0.148539114,0.445240339,0.078228087,631.8730263071822,1.2779164243285712,631.8730263071822,0.17,11181.438992033136,546.3965604006324,6.39460805078701e-09,23.521009296518066,-4.882352941,0.006193881,0.985015074,0.00131375,0.007477296,0.3159604129170794,0.000131652,1596801.4217936208,194.04241005796328,1104.405230241468,11170.26862,11170.26862,11164.486311180915,40572.27398101721,11164.486311178336,11164.486311178334,5.7823122290847095,21.013197514279454,0.000517652,0.000517652,GOOD,3399.2084145759286,631.8730263
73,Cucurbits,San Joaquin River,3900.345156,384.0603913568815,14.869476863717953,2.299627126,267.5771762620625,114.98135629999999,3732.550157619291,1306.0695944458312,0.05,50,0.046854775,0.228702604,0.653597591,289.59881892442695,1.0032570506191811,289.59881892442695,0.17,3904.245540247872,235.50926791049656,6.39460805078701e-09,23.521009296518066,-4.882352941,0.032667647158685795,0.6401522943607516,0.24237113315625508,0.084808925,12.135383143128454,0.005127751,0.000202221,3732.550157619291,1306.0695944458312,3900.345156,3900.345156,3896.4447719296145,8960.370092490224,3896.444772,3896.444772,3.900384120385297,8.969429125058014,0.00100001,0.00100001,GOOD,384.0603913568815,289.5988189
73,Field and Grain,San Joaquin River,20776.6154,194.80875619730872,3.454627791702094,2.917058441,127.41525270590476,72.92646103,76.29216243580545,327.74570834271907,0.74,25,0.189326621,0.486998112,0.113362702,68.61215871671094,1.0604999470299432,68.61215871671094,0.17,20658.912,1.5986520126967524e-09,6.39460805078701e-09,23.521009296518066,-4.882352941,0.004738605,0.9802351261787606,0.002837324,0.012188944,1.6231948608476932,6.504193899694986e-05,507158.26234618324,76.29216243580545,327.74570834271907,20776.6154,20776.6154,20755.838683701044,60545.994432324456,20755.83868,20755.838683694095,20.776715398955275,60.606893030781066,0.001000005,0.001000005,GOOD,194.80875619730872,68.61215872
73,Grapes,San Joaquin River,3530.3799344026384,1686.1999136569252,10.801358853855447,3.098484515,5693.452830527652,154.9242258,6051.355457751757,4549.189639988359,0.13,50,0.312599493,0.249773629,0.332250166,1764.3282127307548,1.0545343073436464,1764.3282127307548,0.17,3533.910349676056,1691.4487296435673,6.39460805078701e-09,23.521009296518066,-4.882352941,0.098544756,0.7600006670887874,0.080749803,0.060704774,8.08449788,0.002178889,1546.6168061370906,6051.355457751757,4549.189639988359,3530.3799344026384,3530.3799344026384,3529.553061044679,10936.265504517787,3529.5530610445476,3529.5530610445476,0.8268733579593572,2.5620542955039127,0.000234217,0.000234217,GOOD,1686.1999136569252,1764.328213
73,Lettuce,San Joaquin River,158.4493398,1008,18.9,3.326092372,1600.000001,216.19600418000002,12499.999996377595,928.9999906,0.25,65,0.083984211,0.048763332,0.656126648,3806.004008240803,1.190145407760435,3806.004008240803,0.17,158.6077906857979,3727.770958634055,6.39460805078701e-09,23.521009296518066,-4.882352941,0.043382851,0.847267797,0.10178471252593174,0.00756464,12.903291663144817,0.025244661833610158,3865.4322095674383,12499.999996377595,928.9999906,158.4493398,158.4493398,158.39026443179324,526.8206503256505,158.39026443178125,158.3902644317817,0.059075328206745326,0.19648999852176985,0.000372834,0.000372834,GOOD,1008,3806.004008
73,Onions and Garlic,San Joaquin River,416.8768796,1579.2163949117394,6.547714820960318,1.480822037,1660.207971888736,74.04110185,2894.594240590875,4313.35249,0.41,50,0.160557684,0.417141646,0.279934415,1398.0627899758474,1.1012804397682472,1398.0627899758474,0.17,417.2937606123882,1363.2323610726412,6.39460805078701e-09,23.521009296518066,-4.882352941,0.27556913317385445,0.067468131,0.26382555563340154,0.3931371801276442,6.46871212,0.005850707,45085.63953,2894.594240590875,4313.35249,416.8768796,416.8768796,416.45999851589704,616.7031433313276,416.4599985158532,416.4599985158532,0.4168810441029791,0.6173266369153225,0.00100001,0.00100001,GOOD,1579.2163949117394,1398.06279
73,Orchards,San Joaquin River,1942.6423191713145,4762.917744049696,3.2473886711517097,3.445837194,2203.997552741282,172.2918597,5347.052265832813,5630.387791190651,0.13,50,0.142496355,0.364024786,0.345706127,2113.315654189695,1.1031015117588436,2113.315654189695,0.17,1944.584980936262,2032.2660855106128,6.39460805078701e-09,23.521009296518066,-4.882352941,0.034831859323961184,0.8749082606368767,0.043965104,0.046294776,2.1286209770303155,0.003959714,488.1939508,5347.052265832813,5630.387791190651,1942.6423191713145,1942.6423191713145,1942.3367248011239,6692.976129591855,1942.3367248010006,1942.3367248010006,0.30559437019064717,1.0530284470796687,0.000157309,0.000157309,GOOD,4762.917744049696,2113.315654
73,Pasture,San Joaquin River,6353.873142,226.93434170957272,4.999999999999999,4.600187047,214.8235605236638,46.00187047,128.6294507639423,552.5829798026236,0.51,10,0.189326621,0.486998112,0.113362702,192.63384698763363,1.14712982,192.63384698763363,0.17,6360.227078832595,84.43280468465059,6.39460805078701e-09,23.521009296518066,-4.882352941,0.001123171,0.9963200982491494,0.000482773,0.002073958,1.6345542800260089,0.000308597,136487.94809201304,128.6294507639423,552.5829798026236,6353.873142,6353.873142,6360.227078834243,29258.234224031938,6360.227078830385,6360.227078830382,-6.353936744,-29.22929751,0.00100001,0.00100001,GOOD,226.93434170957272,192.633847
73,Pistachios,San Joaquin River,16787.976921812184,4897.401316014931,1.4148193706249117,3.805829794,1806.4550687933065,190.2914897,360.67399042192295,1788.1026602854222,0.4,50,0.260711671,0.25806301,0.052053284,2783.4150384212066,1.591834968530147,2783.4150384212066,0.17,16804.76499873394,2693.8980804507783,6.39460805078701e-09,23.521009296518066,-4.882352941,0.022780245,0.9663429069051984,0.001825688,0.00905116,0.7123354240002167,0.000148916,2480668.574208817,360.67399042192295,1788.1026602854222,16787.976921812184,16787.976921812184,16792.965302007353,63911.167675987796,16792.965302006392,16792.965302006392,-4.988380195,-18.98492597,0.00029714,0.00029714,GOOD,4897.401316014931,2783.415038
73,Potatoes,San Joaquin River,62.0000565,919.9316484476204,16.13648405085267,3.305132031,1515.9901260691986,165.2566016,1581.9027454094116,9194.809715114436,0.41,50,0.10212496,0.619410086,0.106565176,2386.503184906585,1.1348233686528502,2386.503184906585,0.17,62.06205717705601,2308.7631436768174,6.39460805078701e-09,23.521009296518066,-4.882352941,0.039081284186006045,0.8508023939086417,0.016163863754790744,0.093952458,10.96598284304093,0.039339067,8482.512976,1581.9027454094116,9194.809715114436,62.0000565,62.0000565,61.94395008629707,204.73293355688565,61.94395008628724,61.94395009,0.056106414,0.18543910507409578,0.000904941,0.000904941,GOOD,919.9316484476204,2386.503185
73,Subtropical,San Joaquin River,267.17141687438294,950.3385633291216,4.405405823456747,3.247465856,846.2602941423601,162.3732928,1809.449159,670.5198375678385,0.13,50,0.202134149,0.160157528,0.432197361,698.0244579610521,1.142940118180599,698.0244579610521,0.17,267.4385909654035,621.6407833677108,6.39460805078701e-09,23.521009296518066,-4.882352941,0.018575568935476284,0.9500416384818781,0.022897692560497823,0.0084851,2.413564859333472,0.028791657,23.265015774739275,1809.449159,670.5198375678385,267.17141687438294,267.17141687438294,266.93902285646993,866.8753623603897,266.9390228564135,266.93902285641394,0.23239401791300907,0.7546916383111011,0.000869831,0.000869831,GOOD,950.3385633291216,698.024458
73,Tomatoes,San Joaquin River,11737.97747,99.69467136276712,46.73447582150074,2.379660861,396.8321367127137,118.9830431,961.6082330403352,2531.592592980513,0.74,50,0.085172131,0.543356034,0.206390095,650.1622025521402,1.1068333408911055,650.1622025521402,0.17,11749.715544326607,594.1901773132143,6.39460805078701e-09,23.521009296518066,-4.882352941,0.059915622,0.7288910491763052,0.058137294,0.15305603453708724,36.052786625394596,0.000115126,2228558.2463756455,961.6082330403352,2531.592592980513,11737.97747,11737.97747,11726.239389393228,27904.47292,11726.239389390474,11726.239389390474,11.738077466772666,27.932643531068607,0.001000009,0.001000009,GOOD,99.69467136276712,650.1622026
73,Truck,San Joaquin River,1010.280937,690.3355797,21.209271392611992,2.667732673,775.1695467939655,133.38663365000002,4298.9979178004605,3487.4841784080063,0.41,50,0.052943262,0.238191489,0.293617021,5946.476384721578,1.6037076817639468,5946.476384721578,0.17,1011.2912278196567,5883.72862,6.39460805078701e-09,23.521009296518066,-4.882352941,0.17497042043704966,0.6204305585191765,0.11296125189570429,0.091637769,17.440387000089643,0.002414204,240643.1780300941,4298.9979178004605,3487.4841784080063,1010.280937,1010.280937,1009.2706457408716,2692.4642775427315,1009.2706457408285,1009.2706457408286,1.0102910291284388,2.6951863876447533,0.00100001,0.00100001,GOOD,690.3355797,5946.476385
73,Walnuts,San Joaquin River,132.54181125147855,1802.4977894073568,1.658526763188251,4.952669773,765.1413127975416,247.6334887,268.1025116377279,816.5691826463604,0.13,50,0.25594369,0.273146576,0.089681664,892.0443286,1.3574287230657758,892.0443286,0.17,132.6743543892814,775.5525368111397,6.39460805078701e-09,23.521009296518066,-4.882352941,0.001709023,0.9970877993051133,0.000297394,0.000905784,0.5151093770278163,0.058036838486480856,12.113951162560461,268.1025116377279,816.5691826463604,132.54181125147855,132.54181125147855,132.67435438933742,657.0922646363613,132.67435438930707,132.6743543893061,-0.132543138,-0.656442392,0.00100001,0.00100001,GOOD,1802.4977894073568,892.0443286
90,Alfalfa,Tulare Lake,3757.985726,279.6205739656666,8.447932226974805,4.524530937,665.8443228631493,45.24530937,356.4707562550623,440.2816103226105,1.86,10,0.281872792,0.186385019,0.150905255,854.3736593189252,1.492019190334984,854.3736593189252,0.17,3761.7437491228507,743.6029995115722,4.509138600616315e-08,24.48224165465667,-4.882352941,0.005640104,0.9911715777477972,0.001426468,0.00176185,3.2516638108382208,0.000143065,5754734.108915916,356.4707562550623,440.2816103226105,3757.985726,3757.985726,3761.743749123104,17020.125969973848,3761.743749118473,3761.743749118472,-3.758023343,-17.00329288,0.00100001,0.00100001,GOOD,279.6205739656666,854.3736593
90,Almonds,Tulare Lake,100357.99211316674,4875.001977725648,1.1314538025660024,4.141037405,1199.9729185393523,207.05187024999998,516.3560008999942,1661.846396551745,0.4,50,0.217550368,0.301286212,0.093613311,1930.6123389733743,1.465229461710045,1930.6123389733743,0.17,100458.35020527976,1829.2304604893736,4.509138600616315e-08,24.48224165465667,-4.882352941,0.009379129,0.9838766423215565,0.00159876,0.005145469,0.4915951962517183,2.491082122469054e-05,9981692.412156582,516.3560008999942,1661.846396551745,100357.99211316674,100357.99211316674,100458.35020527948,416001.78584465175,100458.35020522182,100458.35020522182,-100.3580921,-415.5866133,0.001000001,0.001000001,GOOD,4875.001977725648,1930.612339
90,Beans Dry,Tulare Lake,8765.374646,1326.5192154083986,1.4323123500555488,1.919782133,161.81688816265256,95.98910665,134.9933595895477,957.6035242,1.68,50,0.085167238,0.504004546,0.071049516,549.5869762323812,1.3399809613424016,549.5869762323812,0.17,8774.140108607076,502.58640609419274,4.509138600616315e-08,24.48224165465667,-4.882352941,0.12751604288552854,0.6627865755958491,0.025908690065675012,0.18378869145294738,1.1649390464777545,6.79078897665586e-05,5395142.523491712,134.9933595895477,957.6035242,8765.374646,8765.374646,8756.609184007748,16810.781857121783,8756.609183986915,8756.609183986911,8.765462212251805,16.827777742568287,0.00100001,0.00100001,GOOD,1326.5192154083986,549.5869762
90,Berries,Tulare Lake,164.466173,7027.336360394616,10.360581712667598,2.39378705,3293.681493250374,119.68935249999998,30337.54740811976,28199.960172538784,0.25,50,0.045238346,0.387323291,0.416682812,10856.414157859615,1.1192783768845702,10856.414157859615,0.17,164.6306408292912,10797.80888479956,4.509138600616315e-08,24.48224165465667,-4.882352941,0.1652468096209693,0.14830086267465584,0.35575959578481503,0.3306927319195597,10.030521410068626,0.024321110698896052,10611.959805772765,30337.54740811976,28199.960172538784,164.466173,164.466173,164.3809469327972,393.49298203446716,164.38094693277205,164.38094693277205,0.085226077,0.20401307993034834,0.000518198,0.000518198,GOOD,7027.336360394616,10856.41416
90,Corn,Tulare Lake,5551.099301,161.43866174280768,22.014522335371804,2.280437339,313.25538006490314,114.021867,310.9294040490584,1985.508047720964,0.3,50,0.088141761,0.558669338,0.087487293,830.2803259446478,1.242698865604055,830.2803259446478,0.17,5556.650455827112,774.4501078991752,4.509138600616315e-08,24.48224165465667,-4.882352941,0.084376427,0.737482348,0.024119684,0.15402154093062517,16.90821856516109,0.000600482,64619.45602447196,310.9294040490584,1985.508047720964,5551.099301,5551.099301,5545.548146203646,12646.275057825027,5545.548146195167,5545.548146195165,5.551154756353753,12.659060580956066,0.00100001,0.00100001,GOOD,161.43866174280768,830.2803259
90,Cotton,Tulare Lake,42710.8364,3710.758752428401,0.8138140558741307,3.749301711,448.5684622591082,187.4650856,236.2384677416464,1344.5668876209538,0.68,50,0.148539114,0.445240339,0.078228087,803.0287275124782,1.297371859570188,803.0287275124782,0.17,42753.54733194516,711.2374169537436,4.509138600616315e-08,24.48224165465667,-4.882352941,0.006448887,0.9847613351247109,0.001313561,0.007476217,0.3523618399958345,3.4431267551747985e-05,7740409.531863744,236.2384677416464,1344.5668876209538,42710.8364,42710.8364,42753.54733194446,160295.94816297886,42753.547331887516,42753.547331887516,-42.71093639,-160.1361869,0.001000002,0.001000002,GOOD,3710.758752428401,803.0287275
90,Cucurbits,Tulare Lake,14628.32249,654.3961753717459,16.06524008,2.442132231,492.5857331589774,122.1066116,6871.292169339763,2404.3577173662084,0.05,50,0.046854775,0.228702604,0.653597591,622.6894320382937,1.0123422298015157,622.6894320382937,0.17,14642.950907964992,562.9005605725232,4.509138600616315e-08,24.48224165465667,-4.882352941,0.04298284,0.5792824835186007,0.2798213987309651,0.097913278,13.50285960452407,0.001367211,0.00159121,6871.292169339763,2404.3577173662084,14628.32249,14628.32249,14613.694062994873,35688.573285213126,14613.694062972214,14613.694062972212,14.628422485126066,35.724542039606604,0.001000007,0.001000007,GOOD,654.3961753717459,622.689432
90,Field and Grain,Tulare Lake,63586.86044,289.3151210331974,2.6522554614432283,3.261387025,145.27743683692182,81.53467562499999,86.98746479750352,373.6919672578965,0.74,25,0.189326621,0.486998112,0.113362702,79.84606532108454,1.0629915807454882,79.84606532108454,0.17,63185.94134854246,1.1272846501540788e-08,4.509138600616315e-08,24.48224165465667,-4.882352941,0.002771314,0.9884407612445809,0.001659374,0.007128551,1.116526575278214,2.1252053364093742e-05,1769753.729279673,86.98746479750352,373.6919672578965,63586.86044,63586.86044,63523.273480749136,207173.9799156418,63523.273480372634,63523.273480372634,63.58696044086537,207.38168774102814,0.001000002,0.001000002,GOOD,289.3151210331974,79.84606532
90,Grapes,Tulare Lake,19033.24173829439,1422.0022444607916,11.721962412044912,4.00891598,2204.4215019916123,200.44579900000002,7245.758440714229,5033.018762221407,0.13,50,0.132249498,0.30194507,0.434693599,1985.012355,1.0811288226457054,1985.012355,0.17,19052.275080032538,1886.865105656268,4.509138600616315e-08,24.48224165465667,-4.882352941,0.014666465446105689,0.9413165103667683,0.025974632430233992,0.018042391756891898,6.582282643487648,0.000404151,4619.438996377937,7245.758440714229,5033.018762221407,19033.24173829439,19033.24173829439,19039.50143,76327.76151712843,19039.501425793173,19039.501425793173,-6.259687507,-25.09456128,0.000328882,0.000328882,GOOD,1422.0022444607916,1985.012355
90,Lettuce,Tulare Lake,8282.261381,1008,18.9,2.300762612,1600.000001,149.5495698,12499.999996377595,928.9999906,0.25,65,0.083984211,0.048763332,0.656126648,3872.650442640803,1.1953711342071565,3872.650442640803,0.17,8290.543725656737,3816.322616350031,4.509138600616315e-08,24.48224165465667,-4.882352941,0.17540532606632786,0.38970216696449833,0.40480723365935867,0.030085273,17.119975128226393,0.00048296,205407.14114031516,12499.999996377595,928.9999906,8282.261381,8282.261381,8273.979037249095,19036.461621374478,8273.979037246268,8273.979037246268,8.282344120905691,19.055707693096338,0.00100001,0.00100001,GOOD,1008,3872.650443
90,Onions and Garlic,Tulare Lake,25454.12453,2408.610949058665,10.634340947002425,1.253629891,4112.522918977679,62.681494550000004,7170.2373179355845,10684.661966319056,0.41,50,0.160557684,0.417141646,0.279934415,3583.886343190613,1.107315543,3583.886343190613,0.17,25479.57875900439,3553.194673219839,4.509138600616315e-08,24.48224165465667,-4.882352941,0.2970961540025529,0.010910977,0.27789308760864967,0.4140997811115661,10.618411503257455,9.582039983111474e-05,6979752.179935286,7170.2373179355845,10684.661966319056,25454.12453,25454.12453,25428.670309935595,31878.14119,25428.67030992931,25428.67030992931,25.454224534405512,31.91017672855378,0.001000004,0.001000004,GOOD,2408.610949058665,3583.886343
90,Orchards,Tulare Lake,6281.279240894878,2277.681024845598,7.763328773815568,3.502172688,2519.6756435811576,175.1086344,6112.909400655718,6436.827011778955,0.13,50,0.142496355,0.364024786,0.345706127,2437.8659473417306,1.104683352689681,2437.8659473417306,0.17,6287.560583011262,2352.124909243998,4.509138600616315e-08,24.48224165465667,-4.882352941,0.035819722018991036,0.8719088344301892,0.044944926025299176,0.047326518,5.111786310910984,0.00122464,1815.3240846259762,6112.909400655718,6436.827011778955,6281.279240894878,6281.279240894878,6280.936786415335,21996.925268438277,6280.936786412981,6280.936786,0.34245447954344854,1.1993347251373052,5.451986234171304e-05,5.4519862341575986e-05,GOOD,2277.681024845598,2437.865947
90,Pasture,Tulare Lake,1021.397942,242.42069037906683,4.903405500569892,4.768194291,225.050083,47.681942910000004,134.75276410512964,578.8882987808415,0.51,10,0.189326621,0.486998112,0.113362702,202.31385782338188,1.147722721915242,202.31385782338188,0.17,1022.4193497325838,85.57777290121037,4.509138600616315e-08,24.48224165465667,-4.882352941,0.000918355,0.9969718034192677,0.000398389,0.001711452,1.541125597084231,0.001919707,22774.44203683714,134.75276410512964,578.8882987808415,1021.397942,1021.397942,1022.4193497356748,4875.094106417578,1022.4193497314583,1022.419349731456,-1.021408166,-4.870272584,0.00100001,0.00100001,GOOD,242.42069037906683,202.3138578
90,Pistachios,Tulare Lake,85851.73772,5088.640658283246,1.4603335670456026,3.820163692,1937.377826072069,191.0081846,386.8138231365638,1917.6953200765488,0.4,50,0.260711671,0.258063009,0.052053284,2998.217610038874,1.5965300341365922,2998.217610038874,0.17,85937.58956190429,2904.6914393371667,4.509138600616315e-08,24.48224165465667,-4.882352941,0.023634511061168418,0.9651170032501983,0.001888068,0.009360418,0.7403279218703842,2.911996968578393e-05,13649095.561455075,386.8138231365638,1917.6953200765488,85851.73772,85851.73772,85892.43963,328123.17928579164,85892.43963,85892.43963,-40.70190424,-155.4879368,0.000474095,0.000474095,GOOD,5088.640658283246,2998.21761
90,Potatoes,Tulare Lake,251.7669447,697.8686048143064,20.75531564957644,1.233512156,1479.227264852275,61.6756078,1543.5414987969768,8971.834969,0.41,50,0.10212496,0.619410086,0.106565176,2428.2038344015273,1.1441959406604374,2428.2038344015273,0.17,252.0187141747836,2398.0046916816373,4.509138600616315e-08,24.48224165465667,-4.882352941,0.26468313905736596,0.017474110486684603,0.10537141283839271,0.6124713376175566,20.70748061966515,0.009687628,34918.01249016822,1543.5414987969768,8971.834969,251.7669447,251.7669447,251.51517525019028,310.24702608958006,251.51517525005767,251.5151752500574,0.25176946,0.31056068918479696,0.00100001,0.00100001,GOOD,697.8686048143064,2428.203834
90,Subtropical,Tulare Lake,4489.844114126029,1157.7206070435082,15.10914154563492,3.608433712,3535.7637898464645,180.4216856,7560.067344637549,2801.501829,0.13,50,0.202134149,0.160157528,0.432197361,3414.4098728028944,1.183370837308161,3414.4098728028944,0.17,4494.334003183412,3326.0673266371396,4.509138600616315e-08,24.48224165465667,-4.882352941,0.043263176338083506,0.8914081400065342,0.047665487696278715,0.017663196,9.618997761603232,0.001713268,1827.6282235801891,7560.067344637549,2801.501829,4489.844114126029,4489.844114126029,4489.891643314822,16201.476368964286,4489.891643313608,4489.891643313608,-0.047529189,-0.171505927,1.0585932960070521e-05,1.0585932960110721e-05,GOOD,1157.7206070435082,3414.409873
90,Tomatoes,Tulare Lake,63463.86603,97.39228239914222,54.70338715879599,2.220206136,453.7705172972353,111.0103068,1099.5819767991427,2894.831275558365,0.74,50,0.085172131,0.543356034,0.206390095,768.4936539043259,1.1129134293342582,768.4936539043259,0.17,63527.330000103684,714.1380307258054,4.509138600616315e-08,24.48224165465667,-4.882352941,0.087916632,0.6113959878308899,0.082773214,0.21791416570386032,45.36721580143665,2.1293240323964675e-05,14199813.694008527,1099.5819767991427,2894.831275558365,63463.86603,63463.86603,63400.40206803601,140761.96169632062,63400.40206794492,63400.40206794492,63.46396603398898,140.90308680356247,0.001000002,0.001000002,GOOD,97.39228239914222,768.4936539
90,Truck,Tulare Lake,4306.35191,1282.0879362849555,19.71342086,1.84535452,1338.1059552538406,92.26772600000001,7420.976145444004,6020.132456547156,0.41,50,0.052943262,0.238191489,0.293617021,10402.856786641567,1.6185877544498115,10402.856786641567,0.17,4310.658305036576,10357.678371310654,4.509138600616315e-08,24.48224165465667,-4.882352941,0.41960080037811887,0.098182721,0.26623674336493897,0.2159797348008843,19.32210614,0.000566378,1801639.4834371572,7420.976145444004,6020.132456547156,4306.35191,4306.35191,4302.045515089702,7938.799136516512,4302.045515089002,4302.045515089002,4.306394930297756,7.946825349529718,0.00100001,0.00100001,GOOD,1282.0879362849555,10402.85679
90,Walnuts,Tulare Lake,511.87774681777495,1793.1529736017606,1.862011474749827,3.425917313,854.5630698347761,171.2958657,299.43554418446854,912.0012941183194,0.13,50,0.25594369,0.273146576,0.089681664,1101.5756390406877,1.421304046287821,1101.5756390406877,0.17,512.3896296882216,1017.7015034616594,4.509138600616315e-08,24.48224165465667,-4.882352941,0.017454208,0.9712521583621602,0.002791491,0.008502142,0.9148436229966036,0.015027626694321021,56.85256164429306,299.43554418446854,912.0012941183194,511.87774681777495,511.87774681777495,511.73864539701174,1753.1742849967902,511.7386454,511.7386453965301,0.13910142076321108,0.4765499656555221,0.000271747,0.000271747,GOOD,1793.1529736017606,1101.575639
DETAW,Alfalfa,San Joaquin River,49010.21742,290.4258220911552,6.981811446972129,4.134965358,571.5529893775365,41.349653579999995,305.99033342682264,377.93259160905086,1.86,10,0.281872792,0.186385019,0.150905255,730.8727611789086,1.4891295433559897,730.8727611789086,0.17,49059.22773283518,633.6142025446944,3.1717040507974937e-09,23.521009297857606,-4.882352941,0.008388355,0.9868513197020464,0.002129792,0.002630533,2.917274195161539,1.0969843370517177e-05,64173424.72989053,305.99033342682264,377.93259160905086,49010.21742,49010.21742,49059.22773283532,202858.20716550693,49059.22773283039,49059.22773283039,-49.01031742,-202.6559647,0.001000002,0.001000002,GOOD,290.4258220911552,730.8727612
DETAW,Almonds,San Joaquin River,10924.167639039597,4775.7622921787415,1.0186167813109468,4.125499535,1058.311099904325,206.2749768,455.39801674845086,1465.6584833160457,0.4,50,0.217550368,0.301286212,0.093613311,1679.029037646478,1.4543441310612353,1679.029037646478,0.17,10935.09190667854,1581.9931247230688,3.1717040507974937e-09,23.521009297857606,-4.882352941,0.008479749,0.9853504784769241,0.001462582,0.004707191,0.43457293421114496,0.00022885,947035.1821534111,455.39801674845086,1465.6584833160457,10924.167639039597,10924.167639039597,10935.09190667852,45112.71658,10935.091906678015,10935.091906678013,-10.92426764,-45.06806106,0.001000009,0.001000009,GOOD,4775.7622921787415,1679.029038
DETAW,Beans Dry,San Joaquin River,2771.96593,1593.7733607003554,1.2854776269307526,2.212101358,174.48723031865123,110.6050679,145.56340622811666,1032.5843524425347,1.68,50,0.085167238,0.504004546,0.071049516,585.5199406892407,1.3334790750889507,585.5199406892407,0.17,2774.7379232867097,533.4890840775927,3.1717040507974937e-09,23.521009297857606,-4.882352941,0.07274255,0.8062061225499249,0.014956225473476161,0.10609510175457054,0.934233218,0.000214735,1818056.0910335307,145.56340622811666,1032.5843524425347,2771.96593,2771.96593,2769.1939359886046,6125.737666365757,2769.1939359881526,2769.1939359881494,2.771993621395268,6.1319308542560975,0.00100001,0.00100001,GOOD,1593.7733607003554,585.5199407
DETAW,Berries,San Joaquin River,2002.13792,6918.471451184428,4.491164089766624,3.460572945,1405.6454588502618,173.0286473,12947.164391659178,12034.90563295768,0.25,50,0.045238346,0.387323291,0.416682812,4511.246406917965,1.1141394154835327,4511.246406917965,0.17,2004.140078221627,4429.850239,3.1717040507974937e-09,23.521009297857606,-4.882352941,0.041703257,0.7797628653626347,0.092526659,0.086007219,3.2999062159576757,0.001997864,53497.54163871529,12947.164391659178,12034.90563295768,2002.13792,2002.13792,2003.2259415993283,6932.309496220785,2003.2259415992812,2003.2259415992814,-1.088021339,-3.76517721,0.00054343,0.00054343,GOOD,6918.471451184428,4511.246407
DETAW,Corn,San Joaquin River,72592.01463,77.55530093169975,25.228612548349723,2.415829265,172.4592835325484,120.7914633,171.17874317240083,1093.0994893049892,0.3,50,0.088141761,0.558669339,0.087487293,399.0836590165808,1.196408306,399.0836590165808,0.17,72664.60675,342.2609164,3.1717040507974937e-09,23.521009297857606,-4.882352941,0.034420822,0.8810332512054069,0.011447215560626538,0.073098711,16.63365695373178,4.591873293818955e-05,399883.0937510286,171.17874317240083,1093.0994893049892,72592.01463,72592.01463,72519.42251739821,175194.5431984306,72519.42251738414,72519.42251738414,72.59211463178508,175.37015493569197,0.001000001,0.001000001,GOOD,77.55530093169975,399.083659
DETAW,Cotton,San Joaquin River,233.8499336,3399.2084145759286,0.7297198443095851,3.634047537,368.4467916,181.70237684999998,194.04241005796328,1104.405230241468,0.68,50,0.148539114,0.445240339,0.078228087,631.8730263071822,1.2779164243285712,631.8730263071822,0.17,234.0837858241151,546.3965603988049,3.1717040507974937e-09,23.521009297857606,-4.882352941,0.006193881,0.9850150735775386,0.00131375,0.007477296,0.3159604129159155,0.006288598,33429.08921596234,194.04241005796328,1104.405230241468,233.8499336,233.8499336,234.0837858242254,850.6716053261617,234.08378582417998,234.08378582417834,-0.233852274,-0.849830281,0.00100001,0.00100001,GOOD,3399.2084145759286,631.8730263
DETAW,Cucurbits,San Joaquin River,5799.498809,384.0603913568815,14.869476863717953,2.299627126,267.5771762620625,114.98135629999999,3732.550157619291,1306.0695944458312,0.05,50,0.046854775,0.228702604,0.653597591,289.59881892442695,1.0032570506191811,289.59881892442695,0.17,5805.298365581069,235.50926790982078,3.1717040507974937e-09,23.521009297857606,-4.882352941,0.032667647158059886,0.6401522943651108,0.2423711331534895,0.084808925,12.135383143099736,0.003448574,0.000300686,3732.550157619291,1306.0695944458312,5799.498809,5799.498809,5793.6992519748255,13323.347959727216,5793.699251973629,5793.6992519736295,5.799556745174414,13.336818009980561,0.00100001,0.00100001,GOOD,384.0603913568815,289.5988189
DETAW,Field and Grain,San Joaquin River,40599.78176,194.80875619730872,3.454627791702094,2.917058441,127.41525270590476,72.92646103,76.29216243580545,327.74570834271907,0.74,25,0.189326621,0.486998112,0.113362702,68.61215871671094,1.0604999470299432,68.61215871671094,0.17,40256.25259904239,7.929260126993734e-10,3.1717040507974937e-09,23.521009297857606,-4.882352941,0.004738605,0.9802351261794423,0.002837324,0.012188944,1.623194860838686,3.328469496198936e-05,991042.7840417682,76.29216243580545,327.74570834271907,40599.78176,40599.78176,40579.61809321229,118373.11749136122,40579.61809,40579.61809,20.163665177715302,58.81858970815665,0.000496645,0.000496645,GOOD,194.80875619730872,68.61215872
DETAW,Grapes,San Joaquin River,39577.59696,1686.1999136569252,10.801358853855447,3.098484515,5693.452830527652,154.9242258,6051.355457751757,4549.189639988359,0.13,50,0.312599493,0.249773629,0.332250166,1764.3282127307548,1.0545343073436464,1764.3282127307548,0.17,39617.17465717923,1691.4487296417954,3.1717040507974937e-09,23.521009297857606,-4.882352941,0.098544756,0.7600006670921613,0.080749803,0.060704774,8.084497879660654,0.00019436,17338.467174224337,6051.355457751757,4549.189639988359,39577.59696,39577.59696,39580.50963824395,122639.59620990715,39580.509638243246,39580.509638243246,-2.912678025,-9.024887757,7.359411001571499e-05,7.35941100158322e-05,GOOD,1686.1999136569252,1764.328213
DETAW,Onions and Garlic,San Joaquin River,1193.235382,1579.2163949117394,6.547714820960318,1.480822037,1660.207971888736,74.04110185,2894.594240590875,4313.35249,0.41,50,0.160557684,0.417141646,0.279934415,1398.0627899758474,1.1012804397682472,1398.0627899758474,0.17,1194.4286290759267,1363.2323610728422,3.1717040507974937e-09,23.521009297857606,-4.882352941,0.2755691331733162,0.067468131,0.2638255556331499,0.3931371801272692,6.468712120399133,0.002044043,129049.56580463966,2894.594240590875,4313.35249,1193.235382,1193.235382,1192.0421344479232,1765.2022617230016,1192.042134447864,1192.042134447864,1.1932473020767702,1.7669869005060264,0.00100001,0.00100001,GOOD,1579.2163949117394,1398.06279
DETAW,Orchards,San Joaquin River,8681.928627675814,4762.917744049696,3.2473886711517097,3.445837194,2203.997552741282,172.2918597,5347.052265832813,5630.387791190651,0.13,50,0.142496355,0.364024786,0.345706127,2113.315654189695,1.1031015117588436,2113.315654189695,0.17,8690.610643209522,2032.2660855083545,3.1717040507974937e-09,23.521009297857606,-4.882352941,0.034831859323362434,0.8749082606389101,0.043965104,0.046294776,2.1286209770233606,0.000886014,2181.8041311020916,5347.052265832813,5630.387791190651,8681.928627675814,8681.928627675814,8685.214713094088,29927.835896255645,8685.214713093823,8685.214713093823,-3.286085418,-11.32331536,0.000378497,0.000378497,GOOD,4762.917744049696,2113.315654
DETAW,Pasture,San Joaquin River,52906.38178,226.93434170957272,4.999999999999999,4.600187047,214.8235605236638,46.00187047,128.6294507639423,552.5829798026236,0.51,10,0.189326621,0.486998112,0.113362702,192.63384698763363,1.14712982,192.63384698763363,0.17,52959.288264540985,84.43280468088503,3.1717040507974937e-09,23.521009297857606,-4.882352941,0.001123171,0.9963200982493219,0.000482773,0.002073958,1.6345542800124444,3.7061395008577744e-05,1136485.3104441203,128.6294507639423,552.5829798026236,52906.38178,52906.38178,52959.28826454269,243622.63189288843,52959.28826,52959.28826452689,-52.90648178,-243.3797122,0.001000002,0.001000002,GOOD,226.93434170957272,192.633847
DETAW,Potatoes,San Joaquin River,1575.419811,919.9316484476204,16.13648405085267,3.305132031,1515.9901260691986,165.2566016,1581.9027454094116,9194.809715114436,0.41,50,0.10212496,0.619410086,0.106565176,2386.503184906585,1.1348233686528502,2386.503184906585,0.17,1576.9952469212276,2308.763143672501,3.1717040507974937e-09,23.521009297857606,-4.882352941,0.039081284,0.8508023939110201,0.016163864,0.093952458,10.965982843005818,0.001548174,215540.43247797026,1581.9027454094116,9194.809715114436,1575.419811,1575.419811,1576.9450838981613,5212.011707919795,1576.9450838981043,1576.945083898104,-1.525272558,-5.041227188,0.000968169,0.000968169,GOOD,919.9316484476204,2386.503185
DETAW,Rice,San Joaquin River,8026.946995,573.2274458050736,4.688550561513142,4.833919598,335.3762221709432,241.69597989999997,192.09962573160925,1541.7508627943137,0.2,50,0.124786237,0.573652143,0.071476115,376.68317230725586,1.1076201907369552,376.68317230725586,0.17,8034.974022224052,262.98450449524006,3.1717040507974937e-09,23.521009297857606,-4.882352941,0.000765532,0.9970162123062051,0.000245769,0.001972487,1.4670293101104466,0.000622902,6472.485143244886,192.09962573160925,1541.7508627943137,8026.946995,8026.946995,8034.974022224558,38840.41839545217,8034.9740222233995,8034.974022223399,-8.027027345,-38.80200479,0.00100001,0.00100001,GOOD,573.2274458050736,376.6831723
DETAW,Safflower,San Joaquin River,12805.54645,575.1459791234267,1.2452915891971017,2.40565496,140.08797825180446,24.0565496,80.89587427083077,303.8527969500393,0.74,10,0.195592287,0.424242424,0.112947658,167.33125129026067,1.2427162976469353,167.33125129026067,0.17,12818.352099441641,110.74781860629474,3.1717040507974937e-09,23.521009297857606,-4.882352941,0.038618881,0.9021449040145038,0.012454793877341486,0.046781421,0.7927719287346269,0.000105529,615368.0098505364,80.89587427083077,303.8527969500393,12805.54645,12805.54645,12792.740806537224,30774.920373240675,12792.740806531961,12792.740806531956,12.805646452776273,30.805966905125388,0.001000008,0.001000008,GOOD,575.1459791234267,167.3312513
DETAW,Subtropical,San Joaquin River,2218.9662807368004,950.3385633291216,4.405405823456747,3.247465856,846.2602941423601,162.3732928,1809.449159,670.5198375678385,0.13,50,0.202134149,0.160157528,0.432197361,698.0244579610521,1.142940118180599,698.0244579610521,0.17,2221.1852692291495,621.6407833652878,3.1717040507974937e-09,23.521009297857606,-4.882352941,0.018575569,0.9500416384828108,0.022897693,0.0084851,2.4135648593247976,0.003466618,193.22533124545814,1809.449159,670.5198375678385,2218.9662807368004,2218.9662807368004,2220.4727659297655,7210.909491534794,2220.4727659295763,2220.472765929577,-1.506485193,-4.892259227,0.000678913,0.000678913,GOOD,950.3385633291216,698.024458
DETAW,Sunflowers,San Joaquin River,1510.331675,3639.7132270760326,0.60825,2.945560199,458.2915301,147.27801,392.40297091698505,859.4796422255522,0.74,50,0.207010582,0.388227513,0.177248677,356.4034171904314,1.1351215012100548,356.4034171904314,0.17,1511.842021732841,287.12086836007137,3.1717040507974937e-09,23.521009297857606,-4.882352941,0.016831848367909474,0.9548999092971444,0.008860689,0.019407553514459153,0.32929760940217645,0.000894738,215683.15484161128,392.40297091698505,859.4796422255522,1510.331675,1510.331675,1511.208317487604,4451.355072389242,1511.2083174873683,1511.2083174873678,-0.876642548,-2.582203397,0.00058043,0.00058043,GOOD,3639.7132270760326,356.4034172
DETAW,Tomatoes,San Joaquin River,19207.03946,99.69467136276712,46.73447582150074,2.379660861,396.8321367127137,118.9830431,961.6082330403352,2531.592592980513,0.74,50,0.085172131,0.543356034,0.206390095,650.1622025521402,1.1068333408911055,650.1622025521402,0.17,19226.246594755048,594.1901773124389,3.1717040507974937e-09,23.521009297857606,-4.882352941,0.059915622,0.7288910491800817,0.058137294,0.15305603453509162,36.052786625297024,7.035708728022937e-05,3646625.348139139,961.6082330403352,2531.592592980513,19207.03946,19207.03946,19187.832315844917,45660.53356944714,19187.83231584269,19187.832315842694,19.20713945508396,45.70647801,0.001000005,0.001000005,GOOD,99.69467136276712,650.1622026
DETAW,Truck,San Joaquin River,2410.637465,690.3355797,21.209271392611992,2.667732673,775.1695467939655,133.38663365000002,4298.9979178004605,3487.4841784080063,0.41,50,0.052943262,0.238191489,0.293617021,5946.476384721578,1.6037076817639468,5946.476384721578,0.17,2413.0481270358955,5883.728619713427,3.1717040507974937e-09,23.521009297857606,-4.882352941,0.17497042043497496,0.620430559,0.1129612518944406,0.091637769,17.440387000049466,0.001011776,574200.1453738712,4298.9979178004605,3487.4841784080063,2410.637465,2410.637465,2409.7539470498095,6428.579338435489,2409.7539470497586,2409.7539470497586,0.8835183901906021,2.3569908767076413,0.000366508,0.000366508,GOOD,690.3355797,5946.476385
DETAW,Walnuts,San Joaquin River,3119.819009953612,1802.4977894073568,1.658526763188251,4.952669773,765.1413127975416,247.6334887,268.1025116377279,816.5691826463604,0.13,50,0.25594369,0.273146576,0.089681664,892.0443286,1.3574287230657758,892.0443286,0.17,3122.938860192761,775.5525368058471,3.1717040507974937e-09,23.521009297857606,-4.882352941,0.001709023,0.9970877993051754,0.000297394,0.000905784,0.5151093770258343,0.002465626,285.14273922791557,268.1025116377279,816.5691826463604,3119.819009953612,3119.819009953612,3122.938860192883,15466.884895804367,3122.938860192652,3122.938860192651,-3.119850239,-15.45158798,0.00100001,0.00100001,GOOD,1802.4977894073568,892.0443286